onset	duration	nwb_table	Block	sound	sound_puretone	sound_bluenoise	sound_freq	sound_amp	optogenetics	opto_freq	opto_power	opto_pulse_duration	opto_pulse_ts	airpuff	airpuff_duration	airpuff_amp
299.032730972848	2.0	trials	1.0	1.0	1.0	0.0	10000.0	1.0	False	0.0	0.0	0.0	"[nan nan nan nan nan nan nan nan nan nan nan nan nan nan nan nan nan nan
 nan nan]"	0.0	0.0	0.0
304.2231943674383	2.0	trials	1.0	1.0	1.0	0.0	10000.0	1.0	False	0.0	0.0	0.0	"[nan nan nan nan nan nan nan nan nan nan nan nan nan nan nan nan nan nan
 nan nan]"	0.0	0.0	0.0
309.3657923151604	2.0	trials	1.0	1.0	1.0	0.0	10000.0	1.0	False	0.0	0.0	0.0	"[nan nan nan nan nan nan nan nan nan nan nan nan nan nan nan nan nan nan
 nan nan]"	0.0	0.0	0.0
314.94565926396484	2.0	trials	1.0	1.0	1.0	0.0	10000.0	1.0	False	0.0	0.0	0.0	"[nan nan nan nan nan nan nan nan nan nan nan nan nan nan nan nan nan nan
 nan nan]"	0.0	0.0	0.0
320.1234218991876	2.0	trials	1.0	1.0	1.0	0.0	10000.0	1.0	False	0.0	0.0	0.0	"[nan nan nan nan nan nan nan nan nan nan nan nan nan nan nan nan nan nan
 nan nan]"	0.0	0.0	0.0
325.9554032414238	2.0	trials	1.0	1.0	1.0	0.0	10000.0	1.0	False	0.0	0.0	0.0	"[nan nan nan nan nan nan nan nan nan nan nan nan nan nan nan nan nan nan
 nan nan]"	0.0	0.0	0.0
331.2235399875203	2.0	trials	1.0	1.0	1.0	0.0	10000.0	1.0	False	0.0	0.0	0.0	"[nan nan nan nan nan nan nan nan nan nan nan nan nan nan nan nan nan nan
 nan nan]"	0.0	0.0	0.0
336.58412443785664	2.0	trials	1.0	1.0	1.0	0.0	10000.0	1.0	False	0.0	0.0	0.0	"[nan nan nan nan nan nan nan nan nan nan nan nan nan nan nan nan nan nan
 nan nan]"	0.0	0.0	0.0
342.545273366858	2.0	trials	1.0	1.0	1.0	0.0	10000.0	1.0	False	0.0	0.0	0.0	"[nan nan nan nan nan nan nan nan nan nan nan nan nan nan nan nan nan nan
 nan nan]"	0.0	0.0	0.0
347.8223092844841	2.0	trials	1.0	1.0	1.0	0.0	10000.0	1.0	False	0.0	0.0	0.0	"[nan nan nan nan nan nan nan nan nan nan nan nan nan nan nan nan nan nan
 nan nan]"	0.0	0.0	0.0
353.8613043644388	2.0	trials	1.0	1.0	1.0	0.0	10000.0	1.0	False	0.0	0.0	0.0	"[nan nan nan nan nan nan nan nan nan nan nan nan nan nan nan nan nan nan
 nan nan]"	0.0	0.0	0.0
359.08641404818815	2.0	trials	1.0	1.0	1.0	0.0	10000.0	1.0	False	0.0	0.0	0.0	"[nan nan nan nan nan nan nan nan nan nan nan nan nan nan nan nan nan nan
 nan nan]"	0.0	0.0	0.0
364.9796527944487	2.0	trials	1.0	1.0	1.0	0.0	10000.0	1.0	False	0.0	0.0	0.0	"[nan nan nan nan nan nan nan nan nan nan nan nan nan nan nan nan nan nan
 nan nan]"	0.0	0.0	0.0
370.39190427949114	2.0	trials	1.0	1.0	1.0	0.0	10000.0	1.0	False	0.0	0.0	0.0	"[nan nan nan nan nan nan nan nan nan nan nan nan nan nan nan nan nan nan
 nan nan]"	0.0	0.0	0.0
376.1100971857611	2.0	trials	1.0	1.0	1.0	0.0	10000.0	1.0	False	0.0	0.0	0.0	"[nan nan nan nan nan nan nan nan nan nan nan nan nan nan nan nan nan nan
 nan nan]"	0.0	0.0	0.0
381.63527310953395	2.0	trials	1.0	1.0	1.0	0.0	10000.0	1.0	False	0.0	0.0	0.0	"[nan nan nan nan nan nan nan nan nan nan nan nan nan nan nan nan nan nan
 nan nan]"	0.0	0.0	0.0
386.9457457201888	2.0	trials	1.0	1.0	1.0	0.0	10000.0	1.0	False	0.0	0.0	0.0	"[nan nan nan nan nan nan nan nan nan nan nan nan nan nan nan nan nan nan
 nan nan]"	0.0	0.0	0.0
392.1354315172668	2.0	trials	1.0	1.0	1.0	0.0	10000.0	1.0	False	0.0	0.0	0.0	"[nan nan nan nan nan nan nan nan nan nan nan nan nan nan nan nan nan nan
 nan nan]"	0.0	0.0	0.0
397.7517591494257	2.0	trials	1.0	1.0	1.0	0.0	10000.0	1.0	False	0.0	0.0	0.0	"[nan nan nan nan nan nan nan nan nan nan nan nan nan nan nan nan nan nan
 nan nan]"	0.0	0.0	0.0
403.1240939621701	2.0	trials	1.0	1.0	1.0	0.0	10000.0	1.0	False	0.0	0.0	0.0	"[nan nan nan nan nan nan nan nan nan nan nan nan nan nan nan nan nan nan
 nan nan]"	0.0	0.0	0.0
408.3714947746053	2.0	trials	1.0	1.0	1.0	0.0	10000.0	1.0	False	0.0	0.0	0.0	"[nan nan nan nan nan nan nan nan nan nan nan nan nan nan nan nan nan nan
 nan nan]"	0.0	0.0	0.0
413.8797363525548	2.0	trials	1.0	1.0	1.0	0.0	10000.0	1.0	False	0.0	0.0	0.0	"[nan nan nan nan nan nan nan nan nan nan nan nan nan nan nan nan nan nan
 nan nan]"	0.0	0.0	0.0
419.7709015054492	2.0	trials	1.0	1.0	1.0	0.0	10000.0	1.0	False	0.0	0.0	0.0	"[nan nan nan nan nan nan nan nan nan nan nan nan nan nan nan nan nan nan
 nan nan]"	0.0	0.0	0.0
425.0155375267296	2.0	trials	1.0	1.0	1.0	0.0	10000.0	1.0	False	0.0	0.0	0.0	"[nan nan nan nan nan nan nan nan nan nan nan nan nan nan nan nan nan nan
 nan nan]"	0.0	0.0	0.0
430.8502836601207	2.0	trials	1.0	1.0	1.0	0.0	10000.0	1.0	False	0.0	0.0	0.0	"[nan nan nan nan nan nan nan nan nan nan nan nan nan nan nan nan nan nan
 nan nan]"	0.0	0.0	0.0
436.145549919424	2.0	trials	1.0	1.0	1.0	0.0	10000.0	1.0	False	0.0	0.0	0.0	"[nan nan nan nan nan nan nan nan nan nan nan nan nan nan nan nan nan nan
 nan nan]"	0.0	0.0	0.0
442.13348276273774	2.0	trials	1.0	1.0	1.0	0.0	10000.0	1.0	False	0.0	0.0	0.0	"[nan nan nan nan nan nan nan nan nan nan nan nan nan nan nan nan nan nan
 nan nan]"	0.0	0.0	0.0
447.4915616210901	2.0	trials	1.0	1.0	1.0	0.0	10000.0	1.0	False	0.0	0.0	0.0	"[nan nan nan nan nan nan nan nan nan nan nan nan nan nan nan nan nan nan
 nan nan]"	0.0	0.0	0.0
453.02710551169355	2.0	trials	1.0	1.0	1.0	0.0	10000.0	1.0	False	0.0	0.0	0.0	"[nan nan nan nan nan nan nan nan nan nan nan nan nan nan nan nan nan nan
 nan nan]"	0.0	0.0	0.0
458.6995929641851	2.0	trials	1.0	1.0	1.0	0.0	10000.0	1.0	False	0.0	0.0	0.0	"[nan nan nan nan nan nan nan nan nan nan nan nan nan nan nan nan nan nan
 nan nan]"	0.0	0.0	0.0
464.41407068234076	2.0	trials	1.0	1.0	1.0	0.0	10000.0	1.0	False	0.0	0.0	0.0	"[nan nan nan nan nan nan nan nan nan nan nan nan nan nan nan nan nan nan
 nan nan]"	0.0	0.0	0.0
469.5817245499035	2.0	trials	1.0	1.0	1.0	0.0	10000.0	1.0	False	0.0	0.0	0.0	"[nan nan nan nan nan nan nan nan nan nan nan nan nan nan nan nan nan nan
 nan nan]"	0.0	0.0	0.0
475.11484924824657	2.0	trials	1.0	1.0	1.0	0.0	10000.0	1.0	False	0.0	0.0	0.0	"[nan nan nan nan nan nan nan nan nan nan nan nan nan nan nan nan nan nan
 nan nan]"	0.0	0.0	0.0
480.85637007988544	2.0	trials	1.0	1.0	1.0	0.0	10000.0	1.0	False	0.0	0.0	0.0	"[nan nan nan nan nan nan nan nan nan nan nan nan nan nan nan nan nan nan
 nan nan]"	0.0	0.0	0.0
486.0838989558952	2.0	trials	1.0	1.0	1.0	0.0	10000.0	1.0	False	0.0	0.0	0.0	"[nan nan nan nan nan nan nan nan nan nan nan nan nan nan nan nan nan nan
 nan nan]"	0.0	0.0	0.0
491.35186290254455	2.0	trials	1.0	1.0	1.0	0.0	10000.0	1.0	False	0.0	0.0	0.0	"[nan nan nan nan nan nan nan nan nan nan nan nan nan nan nan nan nan nan
 nan nan]"	0.0	0.0	0.0
496.96162415571064	2.0	trials	1.0	1.0	1.0	0.0	10000.0	1.0	False	0.0	0.0	0.0	"[nan nan nan nan nan nan nan nan nan nan nan nan nan nan nan nan nan nan
 nan nan]"	0.0	0.0	0.0
502.2120489584715	2.0	trials	1.0	1.0	1.0	0.0	10000.0	1.0	False	0.0	0.0	0.0	"[nan nan nan nan nan nan nan nan nan nan nan nan nan nan nan nan nan nan
 nan nan]"	0.0	0.0	0.0
508.12792443231234	2.0	trials	1.0	1.0	1.0	0.0	10000.0	1.0	False	0.0	0.0	0.0	"[nan nan nan nan nan nan nan nan nan nan nan nan nan nan nan nan nan nan
 nan nan]"	0.0	0.0	0.0
513.3596868947781	2.0	trials	1.0	1.0	1.0	0.0	10000.0	1.0	False	0.0	0.0	0.0	"[nan nan nan nan nan nan nan nan nan nan nan nan nan nan nan nan nan nan
 nan nan]"	0.0	0.0	0.0
519.3598020991177	2.0	trials	1.0	1.0	1.0	0.0	10000.0	1.0	False	0.0	0.0	0.0	"[nan nan nan nan nan nan nan nan nan nan nan nan nan nan nan nan nan nan
 nan nan]"	0.0	0.0	0.0
525.3657924846617	2.0	trials	1.0	1.0	1.0	0.0	10000.0	1.0	False	0.0	0.0	0.0	"[nan nan nan nan nan nan nan nan nan nan nan nan nan nan nan nan nan nan
 nan nan]"	0.0	0.0	0.0
531.4738209437637	2.0	trials	1.0	1.0	1.0	0.0	10000.0	1.0	False	0.0	0.0	0.0	"[nan nan nan nan nan nan nan nan nan nan nan nan nan nan nan nan nan nan
 nan nan]"	0.0	0.0	0.0
537.2397928971782	2.0	trials	1.0	1.0	1.0	0.0	10000.0	1.0	False	0.0	0.0	0.0	"[nan nan nan nan nan nan nan nan nan nan nan nan nan nan nan nan nan nan
 nan nan]"	0.0	0.0	0.0
543.0959661620193	2.0	trials	1.0	1.0	1.0	0.0	10000.0	1.0	False	0.0	0.0	0.0	"[nan nan nan nan nan nan nan nan nan nan nan nan nan nan nan nan nan nan
 nan nan]"	0.0	0.0	0.0
548.3125222731334	2.0	trials	1.0	1.0	1.0	0.0	10000.0	1.0	False	0.0	0.0	0.0	"[nan nan nan nan nan nan nan nan nan nan nan nan nan nan nan nan nan nan
 nan nan]"	0.0	0.0	0.0
554.3098726863183	2.0	trials	1.0	1.0	1.0	0.0	10000.0	1.0	False	0.0	0.0	0.0	"[nan nan nan nan nan nan nan nan nan nan nan nan nan nan nan nan nan nan
 nan nan]"	0.0	0.0	0.0
559.6257020798358	2.0	trials	1.0	1.0	1.0	0.0	10000.0	1.0	False	0.0	0.0	0.0	"[nan nan nan nan nan nan nan nan nan nan nan nan nan nan nan nan nan nan
 nan nan]"	0.0	0.0	0.0
564.8218678561828	2.0	trials	1.0	1.0	1.0	0.0	10000.0	1.0	False	0.0	0.0	0.0	"[nan nan nan nan nan nan nan nan nan nan nan nan nan nan nan nan nan nan
 nan nan]"	0.0	0.0	0.0
570.215888999548	2.0	trials	1.0	1.0	1.0	0.0	10000.0	1.0	False	0.0	0.0	0.0	"[nan nan nan nan nan nan nan nan nan nan nan nan nan nan nan nan nan nan
 nan nan]"	0.0	0.0	0.0
633.7744632619867	2.0	trials	2.0	1.0	1.0	0.0	10000.0	1.0	True	40.0	0.0	0.005	"[7343463.55805502 7343753.55712725 7344043.55619948 7344332.55527491
 7344621.55435034 7344911.55342256 7345201.55249479 7345491.55156702
 7345781.55063925 7346070.54971468 7346359.54879011 7346649.54786234
 7346939.54693456 7347228.54600999 7347518.54508222 7347807.54415765
 7348097.54322988 7348387.54230211 7348676.54137753 7348966.54044976]"	0.0	0.0	0.0
639.2762248606671	2.0	trials	2.0	1.0	1.0	0.0	10000.0	1.0	True	40.0	0.0	0.005	"[7407141.35433564 7407431.35340787 7407721.35248009 7408010.35155552
 7408300.35062775 7408590.34969998 7408879.34877541 7409168.34785083
 7409458.34692306 7409747.34599849 7410038.34506752 7410327.34414295
 7410616.34321838 7410906.3422906  7411196.34136283 7411486.34043506
 7411774.33951369 7412065.33858272 7412354.33765815 7412644.33673038]"	0.0	0.0	0.0
644.8081399628797	2.0	trials	2.0	1.0	1.0	0.0	10000.0	1.0	True	40.0	0.0	0.005	"[7471168.14949973 7471458.14857195 7471748.14764418 7472038.14671641
 7472326.14579504 7472616.14486727 7472906.1439395  7473196.14301172
 7473486.14208395 7473775.14115938 7474065.14023161 7474355.13930384
 7474644.13837927 7474934.1374515  7475223.13652692 7475512.13560235
 7475802.13467458 7476092.13374681 7476382.13281904 7476672.13189127]"	0.0	0.0	0.0
650.928091583837	2.0	trials	2.0	1.0	1.0	0.0	10000.0	1.0	True	40.0	0.0	0.005	"[7542001.92288678 7542290.92196221 7542580.92103444 7542870.92010667
 7543159.9191821  7543448.91825752 7543739.91732655 7544028.91640198
 7544317.91547741 7544607.91454964 7544897.91362187 7545187.9126941
 7545475.91177272 7545766.91084175 7546056.90991398 7546344.90899261
 7546635.90806164 7546925.90713387 7547214.90620929 7547503.90528472]"	0.0	0.0	0.0
656.9581874922621	2.0	trials	2.0	1.0	1.0	0.0	10000.0	1.0	True	40.0	0.0	0.005	"[7611794.69960422 7612083.69867965 7612372.69775508 7612663.6968241
 7612952.69589953 7613242.69497176 7613531.69404719 7613820.69312262
 7614111.69219165 7614401.69126388 7614689.6903425  7614979.68941473
 7615269.68848696 7615559.68755919 7615848.68663462 7616138.68570684
 7616427.68478227 7616717.6838545  7617007.68292673 7617296.68200216]"	0.0	0.0	0.0
662.7660633116171	2.0	trials	2.0	1.0	1.0	0.0	10000.0	1.0	True	40.0	0.0	0.005	"[7679014.48455323 7679304.48362546 7679593.48270088 7679883.48177311
 7680173.48084534 7680462.47992077 7680753.4789898  7681042.47806523
 7681331.47714065 7681621.47621288 7681911.47528511 7682200.47436054
 7682490.47343277 7682780.472505   7683070.47157723 7683360.47064945
 7683648.46972808 7683938.46880031 7684227.46787574 7684518.46694477]"	0.0	0.0	0.0
668.1124782072851	2.0	trials	2.0	1.0	1.0	0.0	10000.0	1.0	True	40.0	0.0	0.005	"[7740895.28658282 7741184.28565825 7741474.28473048 7741763.28380591
 7742053.28287814 7742343.28195037 7742632.28102579 7742921.28010122
 7743212.27917025 7743501.27824568 7743791.27731791 7744081.27639014
 7744370.27546556 7744659.27454099 7744949.27361322 7745239.27268545
 7745528.27176088 7745819.27082991 7746108.26990534 7746397.26898076]"	0.0	0.0	0.0
674.1420557173686	2.0	trials	2.0	1.0	1.0	0.0	10000.0	1.0	True	40.0	0.0	0.005	"[7810681.06332265 7810971.06239488 7811260.06147031 7811549.06054574
 7811840.05961477 7812129.0586902  7812419.05776243 7812709.05683465
 7812999.05590688 7813288.05498231 7813578.05405454 7813868.05312677
 7814157.0522022  7814446.05127762 7814736.05034985 7815027.04941888
 7815316.04849431 7815606.04756654 7815895.04664197 7816185.04571419]"	0.0	0.0	0.0
679.7701337119355	2.0	trials	2.0	1.0	1.0	0.0	10000.0	1.0	True	40.0	0.0	0.005	"[7875820.85492602 7876110.85399825 7876400.85307048 7876689.85214591
 7876978.85122134 7877268.85029356 7877557.84936899 7877848.84843802
 7878137.84751345 7878427.84658568 7878718.84565471 7879006.84473334
 7879295.84380876 7879585.84288099 7879875.84195322 7880165.84102545
 7880455.84009768 7880744.83917311 7881034.83824533 7881324.83731756]"	0.0	0.0	0.0
685.4368323829466	2.0	trials	2.0	1.0	1.0	0.0	10000.0	1.0	True	40.0	0.0	0.005	"[7941407.64509934 7941698.64416837 7941987.6432438  7942276.64231923
 7942566.64139146 7942857.64046048 7943146.63953591 7943435.63861134
 7943725.63768357 7944015.6367558  7944304.63583123 7944594.63490346
 7944883.63397888 7945172.63305431 7945463.63212334 7945752.63119877
 7946042.630271   7946331.62934642 7946621.62841865 7946911.62749088]"	0.0	0.0	0.0
690.808130399008	2.0	trials	2.0	1.0	1.0	0.0	10000.0	1.0	True	40.0	0.0	0.005	"[8003576.44620757 8003865.44528299 8004155.44435522 8004445.44342745
 8004734.44250288 8005023.44157831 8005313.44065054 8005603.43972277
 8005892.43879819 8006182.43787042 8006472.43694265 8006762.43601488
 8007050.43509351 8007341.43416254 8007631.43323476 8007920.43231019
 8008209.43138562 8008499.43045785 8008789.42953008 8009079.42860231]"	0.0	0.0	0.0
696.1863403929564	2.0	trials	2.0	1.0	1.0	0.0	10000.0	1.0	True	40.0	0.0	0.005	"[8065823.24706625 8066112.24614168 8066403.24521071 8066692.24428614
 8066982.24335837 8067272.24243059 8067561.24150602 8067850.24058145
 8068140.23965368 8068430.23872591 8068719.23780133 8069009.23687356
 8069299.23594579 8069589.23501802 8069878.23409345 8070167.23316888
 8070457.23224111 8070747.23131334 8071037.23038556 8071326.22946099]"	0.0	0.0	0.0
701.7603321605568	2.0	trials	2.0	1.0	1.0	0.0	10000.0	1.0	True	40.0	0.0	0.005	"[8130337.04067233 8130628.03974135 8130918.03881358 8131206.03789221
 8131497.03696124 8131786.03603667 8132076.0351089  8132365.03418432
 8132654.03325975 8132945.03232878 8133234.03140421 8133524.03047644
 8133814.02954867 8134103.0286241  8134392.02769952 8134682.02677175
 8134972.02584398 8135261.02491941 8135551.02399164 8135841.02306387]"	0.0	0.0	0.0
707.1955659720738	2.0	trials	2.0	1.0	1.0	0.0	10000.0	1.0	True	40.0	0.0	0.005	"[8193244.83941633 8193533.83849176 8193823.83756399 8194113.83663622
 8194403.83570845 8194693.83478068 8194982.8338561  8195271.83293153
 8195561.83200376 8195850.83107919 8196140.83015142 8196430.82922364
 8196720.82829587 8197010.8273681  8197299.82644353 8197589.82551576
 8197878.82459119 8198168.82366342 8198458.82273565 8198747.82181107]"	0.0	0.0	0.0
712.675295641239	2.0	trials	2.0	1.0	1.0	0.0	10000.0	1.0	True	40.0	0.0	0.005	"[8256668.63650955 8256958.63558177 8257247.6346572  8257536.63373263
 8257827.63280166 8258116.63187709 8258406.63094932 8258696.63002155
 8258985.62909697 8259275.6281692  8259564.62724463 8259854.62631686
 8260144.62538909 8260434.62446132 8260723.62353675 8261012.62261217
 8261303.6216812  8261592.62075663 8261881.61983206 8262171.61890429]"	0.0	0.0	0.0
718.1221934154405	2.0	trials	2.0	1.0	1.0	0.0	10000.0	1.0	True	40.0	0.0	0.005	"[8319710.43482486 8319999.43390029 8320288.43297572 8320579.43204474
 8320869.43111697 8321158.4301924  8321449.42926143 8321738.42833686
 8322027.42741229 8322316.42648771 8322606.42555994 8322895.42463537
 8323186.4237044  8323476.42277663 8323765.42185206 8324054.42092749
 8324345.41999651 8324634.41907194 8324923.41814737 8325213.4172196 ]"	0.0	0.0	0.0
723.6302621939428	2.0	trials	2.0	1.0	1.0	0.0	10000.0	1.0	True	40.0	0.0	0.005	"[8383461.23087193 8383752.22994096 8384041.22901639 8384330.22809182
 8384620.22716404 8384910.22623627 8385200.2253085  8385489.22438393
 8385779.22345616 8386069.22252839 8386358.22160382 8386648.22067604
 8386937.21975147 8387227.2188237  8387516.21789913 8387806.21697136
 8388096.21604359 8388386.21511581 8388675.21419124 8388965.21326347]"	0.0	0.0	0.0
729.1202734302151	2.0	trials	2.0	1.0	1.0	0.0	10000.0	1.0	True	40.0	0.0	0.005	"[8447003.02758764 8447293.02665987 8447582.0257353  8447872.02480752
 8448162.02387975 8448452.02295198 8448741.02202741 8449031.02109964
 8449321.02017187 8449610.0192473  8449899.01832272 8450190.01739175
 8450480.01646398 8450769.01553941 8451059.01461164 8451348.01368706
 8451638.01275929 8451927.01183472 8452217.01090695 8452506.00998238]"	0.0	0.0	0.0
734.7983768647398	2.0	trials	2.0	1.0	1.0	0.0	10000.0	1.0	True	40.0	0.0	0.005	"[8512722.81733546 8513011.81641089 8513301.81548312 8513590.81455855
 8513880.81363078 8514169.8127062  8514459.81177843 8514749.81085066
 8515039.80992289 8515328.80899832 8515618.80807055 8515907.80714597
 8516197.8062182  8516486.80529363 8516777.80436266 8517066.80343809
 8517355.80251352 8517645.80158574 8517935.80065797 8518224.7997334 ]"	0.0	0.0	0.0
739.9408884127383	2.0	trials	2.0	1.0	1.0	0.0	10000.0	1.0	True	40.0	0.0	0.005	"[8572241.6269216  8572531.62599383 8572821.62506605 8573110.62414148
 8573400.62321371 8573690.62228594 8573979.62136137 8574269.6204336
 8574559.61950582 8574848.61858125 8575138.61765348 8575428.61672571
 8575717.61580114 8576007.61487337 8576296.6139488  8576587.61301783
 8576876.61209325 8577165.61116868 8577455.61024091 8577745.60931314]"	0.0	0.0	0.0
745.8302391714374	2.0	trials	2.0	1.0	1.0	0.0	10000.0	1.0	True	40.0	0.0	0.005	"[8640406.40884735 8640695.40792278 8640986.40699181 8641275.40606723
 8641565.40513946 8641854.40421489 8642144.40328712 8642433.40236255
 8642722.40143798 8643012.4005102  8643302.39958243 8643592.39865466
 8643882.39772689 8644172.39679912 8644461.39587455 8644750.39494997
 8645040.3940222  8645330.39309443 8645619.39216986 8645909.39124209]"	0.0	0.0	0.0
751.6265374278316	2.0	trials	2.0	1.0	1.0	0.0	10000.0	1.0	True	40.0	0.0	0.005	"[8707493.19422185 8707782.19329728 8708071.19237271 8708362.19144174
 8708651.19051716 8708940.18959259 8709230.18866482 8709519.18774025
 8709809.18681248 8710100.18588151 8710389.18495693 8710678.18403236
 8710968.18310459 8711258.18217682 8711547.18125225 8711838.18032128
 8712126.17939991 8712416.17847214 8712706.17754436 8712996.17661659]"	0.0	0.0	0.0
757.7103739643288	2.0	trials	2.0	1.0	1.0	0.0	10000.0	1.0	True	40.0	0.0	0.005	"[8777907.96894938 8778196.96802481 8778486.96709704 8778775.96617246
 8779065.96524469 8779354.96432012 8779644.96339235 8779934.96246458
 8780224.96153681 8780513.96061223 8780803.95968446 8781093.95875669
 8781383.95782892 8781672.95690435 8781962.95597658 8782252.95504881
 8782541.95412423 8782830.95319966 8783120.95227189 8783410.95134412]"	0.0	0.0	0.0
763.4582883755133	2.0	trials	2.0	1.0	1.0	0.0	10000.0	1.0	True	40.0	0.0	0.005	"[8844435.75611224 8844724.75518767 8845014.7542599  8845303.75333533
 8845592.75241075 8845882.75148298 8846172.75055521 8846462.74962744
 8846751.74870287 8847041.74777509 8847331.74684732 8847620.74592275
 8847909.74499818 8848199.74407041 8848489.74314264 8848779.74221487
 8849069.74128709 8849357.74036572 8849647.73943795 8849936.73851338]"	0.0	0.0	0.0
769.5202657819425	2.0	trials	2.0	1.0	1.0	0.0	10000.0	1.0	True	40.0	0.0	0.005	"[8914596.53165237 8914886.53072459 8915175.52980002 8915464.52887545
 8915754.52794768 8916044.52701991 8916333.52609534 8916623.52516757
 8916913.5242398  8917202.52331522 8917492.52238745 8917782.52145968
 8918071.52053511 8918360.51961054 8918650.51868276 8918940.51775499
 8919230.51682722 8919519.51590265 8919809.51497488 8920099.51404711]"	0.0	0.0	0.0
775.6203454664745	2.0	trials	2.0	1.0	1.0	0.0	10000.0	1.0	True	40.0	0.0	0.005	"[8985198.30578164 8985488.30485387 8985778.3039261  8986069.30299513
 8986358.30207056 8986647.30114598 8986936.30022141 8987226.29929364
 8987516.29836587 8987806.2974381  8988095.29651353 8988385.29558576
 8988675.29465798 8988964.29373341 8989253.29280884 8989544.29187787
 8989833.2909533  8990123.29002552 8990412.28910095 8990702.28817318]"	0.0	0.0	0.0
781.7106619822409	2.0	trials	2.0	1.0	1.0	0.0	10000.0	1.0	True	40.0	0.0	0.005	"[9055689.08026603 9055978.07934146 9056268.07841369 9056558.07748591
 9056847.07656134 9057136.07563677 9057426.074709   9057716.07378123
 9058006.07285346 9058295.07192888 9058584.07100431 9058874.07007654
 9059164.06914877 9059454.068221   9059743.06729643 9060033.06636865
 9060322.06544408 9060612.06451631 9060901.06359174 9061192.06266077]"	0.0	0.0	0.0
787.0745296220736	2.0	trials	2.0	1.0	1.0	0.0	10000.0	1.0	True	40.0	0.0	0.005	"[9117770.88165258 9118059.88072801 9118350.87979704 9118638.87887567
 9118929.8779447  9119219.87701693 9119508.87609235 9119797.87516778
 9120087.87424001 9120377.87331224 9120666.87238767 9120956.8714599
 9121246.87053213 9121535.86960755 9121825.86867978 9122115.86775201
 9122404.86682744 9122694.86589967 9122984.8649719  9123274.86404413]"	0.0	0.0	0.0
792.9904914956381	2.0	trials	2.0	1.0	1.0	0.0	10000.0	1.0	True	40.0	0.0	0.005	"[9186241.66259938 9186530.66167481 9186820.66074703 9187110.65981926
 9187400.65889149 9187689.65796692 9187979.65703915 9188269.65611138
 9188558.65518681 9188847.65426223 9189138.65333126 9189426.65240989
 9189717.65147892 9190007.65055115 9190296.64962658 9190586.6486988
 9190875.64777423 9191165.64684646 9191454.64592189 9191744.64499412]"	0.0	0.0	0.0
798.7270011433087	2.0	trials	2.0	1.0	1.0	0.0	10000.0	1.0	True	40.0	0.0	0.005	"[9252636.45018774 9252926.44925996 9253216.44833219 9253506.44740442
 9253794.44648305 9254084.44555528 9254374.4446275  9254664.44369973
 9254953.44277516 9255243.44184739 9255533.44091962 9255823.43999185
 9256112.43906728 9256402.43813951 9256691.43721493 9256981.43628716
 9257270.43536259 9257560.43443482 9257850.43350705 9258140.43257928]"	0.0	0.0	0.0
804.8464343659246	2.0	trials	2.0	1.0	1.0	0.0	10000.0	1.0	True	40.0	0.0	0.005	"[9323464.22359399 9323753.22266942 9324042.22174484 9324333.22081387
 9324623.2198861  9324912.21896153 9325202.21803376 9325491.21710919
 9325782.21617822 9326070.21525684 9326360.21432907 9326650.2134013
 9326940.21247353 9327229.21154896 9327519.21062119 9327809.20969341
 9328098.20876884 9328387.20784427 9328678.2069133  9328967.20598873]"	0.0	0.0	0.0
810.6786749073315	2.0	trials	2.0	1.0	1.0	0.0	10000.0	1.0	True	40.0	0.0	0.005	"[9390967.00763762 9391256.00671305 9391546.00578527 9391836.0048575
 9392125.00393293 9392414.00300836 9392705.00207739 9392993.00115602
 9393283.00022824 9393572.99930047 9393861.9983759  9394151.99744813
 9394441.99652036 9394730.99559579 9395021.99466482 9395309.99374344
 9395600.99281247 9395889.9918879  9396178.99096333 9396469.99003236]"	0.0	0.0	0.0
816.6905404740795	2.0	trials	2.0	1.0	1.0	0.0	10000.0	1.0	True	40.0	0.0	0.005	"[9460547.78503329 9460837.78410552 9461127.78317774 9461417.78224997
 9461705.7813286  9461995.78040083 9462285.77947306 9462575.77854529
 9462864.77762071 9463154.77669294 9463443.77576837 9463733.7748406
 9464023.77391283 9464313.77298506 9464602.77206049 9464892.77113271
 9465182.77020494 9465471.76928037 9465760.7683558  9466050.76742803]"	0.0	0.0	0.0
822.8155896787285	2.0	trials	2.0	1.0	1.0	0.0	10000.0	1.0	True	40.0	0.0	0.005	"[9531440.55823159 9531730.55730382 9532019.55637925 9532309.55545148
 9532598.5545269  9532888.55359913 9533177.55267456 9533468.55174359
 9533757.55081902 9534047.54989125 9534336.54896667 9534626.5480389
 9534916.54711113 9535205.54618656 9535495.54525879 9535784.54433422
 9536074.54340645 9536364.54247868 9536653.5415541  9536942.54062953]"	0.0	0.0	0.0
828.8972662221361	2.0	trials	2.0	1.0	1.0	0.0	10000.0	1.0	True	40.0	0.0	0.005	"[9601829.3330423  9602119.33211453 9602409.33118675 9602698.33026218
 9602988.32933441 9603277.32840984 9603567.32748207 9603858.3265511
 9604147.32562652 9604436.32470195 9604726.32377418 9605016.32284641
 9605305.32192184 9605595.32099407 9605884.3200695  9606174.31914172
 9606464.31821395 9606753.31728938 9607043.31636161 9607332.31543704]"	0.0	0.0	0.0
834.5151490493196	2.0	trials	2.0	1.0	1.0	0.0	10000.0	1.0	True	40.0	0.0	0.005	"[9666851.12502317 9667141.1240954  9667431.12316763 9667720.12224306
 9668010.12131529 9668299.12039071 9668589.11946294 9668878.11853837
 9669169.1176074  9669458.11668283 9669748.11575506 9670038.11482728
 9670327.11390271 9670616.11297814 9670906.11205037 9671195.1111258
 9671485.11019803 9671775.10927025 9672064.10834568 9672354.10741791]"	0.0	0.0	0.0
840.3187912822187	2.0	trials	2.0	1.0	1.0	0.0	10000.0	1.0	True	40.0	0.0	0.005	"[9734022.91012574 9734312.90919797 9734601.9082734  9734891.90734563
 9735181.90641785 9735470.90549328 9735761.90456231 9736049.90364094
 9736339.90271317 9736628.9017886  9736918.90086083 9737208.89993305
 9737497.89900848 9737788.89807751 9738077.89715294 9738367.89622517
 9738657.8952974  9738945.89437602 9739236.89344505 9739525.89252048]"	0.0	0.0	0.0
846.3366184298942	2.0	trials	2.0	1.0	1.0	0.0	10000.0	1.0	True	40.0	0.0	0.005	"[9803674.68729427 9803964.68636649 9804253.68544192 9804543.68451415
 9804832.68358958 9805122.68266181 9805412.68173404 9805702.68080627
 9805991.67988169 9806281.67895392 9806571.67802615 9806860.67710158
 9807150.67617381 9807439.67524924 9807729.67432146 9808018.67339689
 9808309.67246592 9808596.67154775 9808887.67061678 9809177.66968901]"	0.0	0.0	0.0
851.664975783332	2.0	trials	2.0	1.0	1.0	0.0	10000.0	1.0	True	40.0	0.0	0.005	"[9865345.4899957  9865634.48907113 9865924.48814335 9866213.48721878
 9866503.48629101 9866793.48536324 9867083.48443547 9867372.48351089
 9867662.48258312 9867951.48165855 9868242.48072758 9868531.47980301
 9868821.47887524 9869110.47795067 9869400.47702289 9869689.47609832
 9869980.47516735 9870269.47424278 9870559.47331501 9870848.47239044]"	0.0	0.0	0.0
857.1968908855447	2.0	trials	2.0	1.0	1.0	0.0	10000.0	1.0	True	40.0	0.0	0.005	"[9929371.28516299 9929661.28423521 9929951.28330744 9930240.28238287
 9930529.2814583  9930819.28053053 9931109.27960276 9931399.27867499
 9931689.27774721 9931978.27682264 9932267.27589807 9932558.2749671
 9932847.27404253 9933136.27311795 9933427.27218699 9933716.27126241
 9934006.27033464 9934295.26941007 9934585.2684823  9934875.26755453]"	0.0	0.0	0.0
862.8563319797744	2.0	trials	2.0	1.0	1.0	0.0	10000.0	1.0	True	40.0	0.0	0.005	"[ 9994874.07560504  9995164.07467727  9995454.0737495   9995744.07282173
  9996033.07189715  9996323.07096938  9996613.07004161  9996901.06912024
  9997192.06818927  9997481.06726469  9997771.06633692  9998060.06541235
  9998350.06448458  9998639.06356001  9998930.06262904  9999218.06170767
  9999508.06077989  9999798.05985212 10000088.05892435 10000377.05799978]"	0.0	0.0	0.0
868.9437109049387	2.0	trials	2.0	1.0	1.0	0.0	10000.0	1.0	True	40.0	0.0	0.005	"[10065329.8502014  10065619.84927363 10065908.84834906 10066198.84742128
 10066488.84649351 10066777.84556894 10067067.84464117 10067357.8437134
 10067647.84278563 10067936.84186105 10068226.84093328 10068515.84000871
 10068805.83908094 10069095.83815317 10069384.8372286  10069673.83630402
 10069963.83537625 10070253.83444848 10070542.83352391 10070832.83259614]"	0.0	0.0	0.0
874.5846624583204	2.0	trials	2.0	1.0	1.0	0.0	10000.0	1.0	True	40.0	0.0	0.005	"[10130619.64132488 10130907.64040351 10131198.63947254 10131487.63854797
 10131776.6376234  10132066.63669563 10132356.63576785 10132646.63484008
 10132936.63391231 10133224.63299094 10133515.63205997 10133805.6311322
 10134094.63020762 10134383.62928305 10134673.62835528 10134963.62742751
 10135251.62650614 10135542.62557517 10135831.6246506  10136121.62372282]"	0.0	0.0	0.0
879.7748666537399	2.0	trials	2.0	1.0	1.0	0.0	10000.0	1.0	True	40.0	0.0	0.005	"[10190690.44914505 10190980.44821728 10191270.44728951 10191560.44636174
 10191848.44544037 10192139.4445094  10192428.44358483 10192718.44265705
 10193008.44172928 10193298.44080151 10193588.43987374 10193877.43894917
 10194166.4380246  10194456.43709682 10194745.43617225 10195036.43524128
 10195325.43431671 10195614.43339214 10195904.43246436 10196194.4315366 ]"	0.0	0.0	0.0
885.0033459267091	2.0	trials	2.0	1.0	1.0	0.0	10000.0	1.0	True	40.0	0.0	0.005	"[10251205.25554477 10251495.254617   10251785.25368923 10252074.25276466
 10252363.25184009 10252653.25091232 10252943.24998455 10253232.24905997
 10253522.2481322  10253811.24720763 10254102.24627666 10254391.24535209
 10254680.24442751 10254971.24349654 10255260.24257197 10255550.2416442
 10255839.24071963 10256129.23979186 10256418.23886728 10256708.23793951]"	0.0	0.0	0.0
890.5628225407467	2.0	trials	2.0	1.0	1.0	0.0	10000.0	1.0	True	40.0	0.0	0.005	"[10315552.04968511 10315841.04876054 10316131.04783277 10316421.046905
 10316710.04598043 10317000.04505266 10317290.04412489 10317580.04319712
 10317869.04227254 10318158.04134797 10318449.040417   10318737.03949563
 10319028.03856466 10319317.03764009 10319607.03671231 10319897.03578454
 10320186.03485997 10320476.0339322  10320766.03300443 10321055.03207986]"	0.0	0.0	0.0
895.8694071638402	2.0	trials	2.0	1.0	1.0	0.0	10000.0	1.0	True	40.0	0.0	0.005	"[10376969.85319595 10377259.85226818 10377549.85134041 10377838.85041583
 10378129.84948486 10378418.84856029 10378708.84763252 10378997.84670795
 10379287.84578018 10379577.8448524  10379867.84392463 10380155.84300326
 10380445.84207549 10380735.84114772 10381024.84022315 10381314.83929537
 10381604.8383676  10381894.83743983 10382184.83651206 10382473.83558749]"	0.0	0.0	0.0
901.9049462548513	2.0	trials	2.0	1.0	1.0	0.0	10000.0	1.0	True	40.0	0.0	0.005	"[10446826.62970864 10447116.62878086 10447404.62785949 10447694.62693172
 10447984.62600395 10448273.62507937 10448563.6241516  10448853.62322383
 10449142.62229926 10449432.62137149 10449722.62044372 10450012.61951595
 10450301.61859138 10450590.6176668  10450880.61673903 10451169.61581446
 10451460.61488349 10451749.61395892 10452039.61303115 10452329.61210337]"	0.0	0.0	0.0
907.6627966342485	2.0	trials	2.0	1.0	1.0	0.0	10000.0	1.0	True	40.0	0.0	0.005	"[10513467.41650999 10513757.41558222 10514046.41465764 10514336.41372987
 10514626.4128021  10514916.41187433 10515205.41094976 10515496.41001879
 10515785.40909421 10516074.40816964 10516365.40723867 10516654.4063141
 10516944.40538633 10517233.40446175 10517522.40353718 10517812.40260941
 10518102.40168164 10518391.40075707 10518681.3998293  10518971.39890153]"	0.0	0.0	0.0
912.8047897839054	2.0	trials	2.0	1.0	1.0	0.0	10000.0	1.0	True	40.0	0.0	0.005	"[10572982.22610892 10573270.22518754 10573561.22425657 10573850.223332
 10574140.22240423 10574430.22147646 10574719.22055189 10575009.21962412
 10575298.21869954 10575588.21777177 10575878.216844   10576167.21591943
 10576457.21499166 10576747.21406389 10577036.21313931 10577326.21221154
 10577615.21128697 10577905.2103592  10578194.20943463 10578485.20850366]"	0.0	0.0	0.0
918.4750308435837	2.0	trials	2.0	1.0	1.0	0.0	10000.0	1.0	True	40.0	0.0	0.005	"[10638609.01615427 10638899.0152265  10639189.01429873 10639478.01337415
 10639769.01244318 10640058.01151861 10640347.01059404 10640637.00966627
 10640927.0087385  10641215.00781712 10641505.00688935 10641795.00596158
 10642085.00503381 10642375.00410604 10642665.00317827 10642954.00225369
 10643243.00132912 10643533.00040135 10643822.99947358 10644112.99854581]"	0.0	0.0	0.0
923.6544350735546	2.0	trials	2.0	1.0	1.0	0.0	10000.0	1.0	True	40.0	0.0	0.005	"[10698557.82436474 10698845.82344337 10699135.8225156  10699424.82159103
 10699715.82066005 10700004.81973548 10700293.81881091 10700582.81788634
 10700873.81695537 10701163.8160276  10701452.81510302 10701743.81417205
 10702032.81324748 10702321.81232291 10702610.81139834 10702900.81047057
 10703189.809546   10703480.80861502 10703769.80769045 10704059.80676268]"	0.0	0.0	0.0
929.6049568365546	2.0	trials	2.0	1.0	1.0	0.0	10000.0	1.0	True	40.0	0.0	0.005	"[10767427.60403505 10767717.60310728 10768007.60217951 10768296.60125494
 10768586.60032716 10768876.59939939 10769165.59847482 10769455.59754705
 10769744.59662248 10770034.59569471 10770324.59476693 10770613.59384236
 10770903.59291459 10771192.59199002 10771482.59106225 10771772.59013448
 10772061.5892099  10772351.58828213 10772640.58735756 10772931.58642659]"	0.0	0.0	0.0
935.6252895762141	2.0	trials	2.0	1.0	1.0	0.0	10000.0	1.0	True	40.0	0.0	0.005	"[10837108.3811108  10837397.38018623 10837686.37926166 10837977.37833069
 10838267.37740291 10838556.37647834 10838846.37555057 10839135.374626
 10839424.37370143 10839715.37277045 10840005.37184268 10840294.37091811
 10840583.36999354 10840873.36906577 10841162.36814119 10841452.36721342
 10841742.36628565 10842031.36536108 10842321.36443331 10842611.36350554]"	0.0	0.0	0.0
941.4066406804274	2.0	trials	2.0	1.0	1.0	0.0	10000.0	1.0	True	40.0	0.0	0.005	"[10904021.16704196 10904311.16611419 10904601.16518642 10904891.16425865
 10905180.16333408 10905470.16240631 10905759.16148173 10906050.16055076
 10906339.15962619 10906628.15870162 10906918.15777385 10907208.15684608
 10907498.15591831 10907787.15499373 10908076.15406916 10908367.15313819
 10908655.15221682 10908946.15128585 10909235.15036128 10909526.1494303 ]"	0.0	0.0	0.0
946.8137081820545	2.0	trials	2.0	1.0	1.0	0.0	10000.0	1.0	True	40.0	0.0	0.005	"[10966602.96682891 10966892.96590114 10967181.96497657 10967471.9640488
 10967762.96311783 10968050.96219646 10968341.96126549 10968630.96034091
 10968920.95941314 10969209.95848857 10969499.9575608  10969788.95663623
 10970078.95570846 10970368.95478068 10970658.95385291 10970946.95293154
 10971236.95200377 10971526.951076   10971816.95014823 10972106.94922045]"	0.0	0.0	0.0
952.4531045404116	2.0	trials	2.0	1.0	1.0	0.0	10000.0	1.0	True	40.0	0.0	0.005	"[11031874.75800999 11032164.75708221 11032454.75615444 11032742.75523307
 11033033.7543021  11033323.75337433 11033611.75245295 11033902.75152198
 11034190.75060061 11034481.74966964 11034770.74874507 11035060.7478173
 11035350.74688953 11035640.74596176 11035929.74503718 11036219.74410941
 11036509.74318164 11036797.74226027 11037087.7413325  11037378.74040153]"	0.0	0.0	0.0
957.7392124290146	2.0	trials	2.0	1.0	1.0	0.0	10000.0	1.0	True	40.0	0.0	0.005	"[11093056.56227583 11093346.56134806 11093636.56042029 11093925.55949572
 11094215.55856795 11094505.55764017 11094793.5567188  11095083.55579103
 11095373.55486326 11095662.55393869 11095952.55301091 11096242.55208314
 11096532.55115537 11096821.5502308  11097111.54930303 11097400.54837846
 11097690.54745069 11097980.54652291 11098270.54559514 11098559.54467057]"	0.0	0.0	0.0
963.0667921849399	2.0	trials	2.0	1.0	1.0	0.0	10000.0	1.0	True	40.0	0.0	0.005	"[11154717.36500926 11155008.36407828 11155297.36315371 11155586.36222914
 11155876.36130137 11156166.3603736  11156455.35944903 11156744.35852445
 11157034.35759668 11157324.35666891 11157613.35574434 11157904.35481337
 11158193.3538888  11158483.35296102 11158772.35203645 11159062.35110868
 11159351.35018411 11159641.34925634 11159931.34832857 11160220.34740399]"	0.0	0.0	0.0
968.5209475359229	2.0	trials	2.0	1.0	1.0	0.0	10000.0	1.0	True	40.0	0.0	0.005	"[11217845.16304944 11218134.16212486 11218424.16119709 11218714.16026932
 11219003.15934475 11219292.15842018 11219582.1574924  11219872.15656463
 11220162.15563686 11220451.15471229 11220741.15378452 11221030.15285995
 11221320.15193218 11221610.1510044  11221899.15007983 11222189.14915206
 11222478.14822749 11222768.14729972 11223058.14637195 11223347.14544737]"	0.0	0.0	0.0
973.6809118280863	2.0	trials	2.0	1.0	1.0	0.0	10000.0	1.0	True	40.0	0.0	0.005	"[11277565.97198933 11277855.97106156 11278145.97013379 11278434.96920921
 11278724.96828144 11279013.96735687 11279303.9664291  11279593.96550133
 11279883.96457356 11280172.96364899 11280462.96272122 11280751.96179664
 11281041.96086887 11281331.9599411  11281620.95901653 11281910.95808876
 11282199.95716418 11282488.95623961 11282779.95530864 11283069.95438087]"	0.0	0.0	0.0
979.3031146414493	2.0	trials	2.0	1.0	1.0	0.0	10000.0	1.0	True	40.0	0.0	0.005	"[11342638.76380704 11342927.76288247 11343216.7619579  11343507.76102693
 11343796.76010236 11344085.75917779 11344376.75824681 11344665.75732224
 11344955.75639447 11345245.7554667  11345534.75454213 11345823.75361755
 11346113.75268978 11346402.75176521 11346692.75083744 11346982.74990967
 11347272.7489819  11347562.74805413 11347850.74713275 11348140.74620498]"	0.0	0.0	0.0
985.3150666079207	2.0	trials	2.0	1.0	1.0	0.0	10000.0	1.0	True	40.0	0.0	0.005	"[11412220.54119951 11412510.54027174 11412800.53934397 11413089.5384194
 11413379.53749163 11413669.53656386 11413958.53563928 11414249.53470831
 11414538.53378374 11414827.53285917 11415117.5319314  11415407.53100363
 11415696.53007905 11415987.52914808 11416275.52822671 11416566.52729574
 11416855.52637117 11417144.5254466  11417435.52451563 11417724.52359105]"	0.0	0.0	0.0
991.25522040409	2.0	trials	2.0	1.0	1.0	0.0	10000.0	1.0	True	40.0	0.0	0.005	"[11480973.32124413 11481262.32031956 11481551.31939499 11481841.31846721
 11482131.31753944 11482420.31661487 11482710.3156871  11483000.31475933
 11483290.31383156 11483579.31290698 11483869.31197921 11484159.31105144
 11484448.31012687 11484737.3092023  11485027.30827453 11485317.30734676
 11485607.30641899 11485897.30549121 11486186.30456664 11486476.30363887]"	0.0	0.0	0.0
996.5656066150214	2.0	trials	2.0	1.0	1.0	0.0	10000.0	1.0	True	40.0	0.0	0.005	"[11542436.124611   11542725.12368642 11543015.12275865 11543305.12183088
 11543594.12090631 11543884.11997854 11544173.11905397 11544464.118123
 11544753.11719842 11545042.11627385 11545332.11534608 11545622.11441831
 11545912.11349054 11546201.11256597 11546492.111635   11546780.11071362
 11547070.10978585 11547360.10885808 11547648.10793671 11547939.10700574]"	0.0	0.0	0.0
1001.8331385630524	2.0	trials	2.0	1.0	1.0	0.0	10000.0	1.0	True	40.0	0.0	0.005	"[11603402.92956467 11603690.9286433  11603981.92771233 11604270.92678776
 11604560.92585999 11604849.92493542 11605139.92400764 11605429.92307987
 11605719.9221521  11606007.92123073 11606298.92029976 11606587.91937518
 11606877.91844741 11607167.91751964 11607456.91659507 11607746.9156673
 11608036.91473953 11608325.91381496 11608614.91289038 11608904.91196261]"	0.0	0.0	0.0
1007.67116788594	2.0	trials	2.0	1.0	1.0	0.0	10000.0	1.0	True	40.0	0.0	0.005	"[11670971.71339716 11671261.71246939 11671551.71154161 11671840.71061704
 11672130.70968927 11672419.7087647  11672709.70783693 11672999.70690916
 11673289.70598138 11673578.70505681 11673868.70412904 11674157.70320447
 11674447.7022767  11674737.70134893 11675027.70042116 11675316.69949658
 11675606.69856881 11675895.69764424 11676185.69671647 11676475.6957887 ]"	0.0	0.0	0.0
1012.8008922748475	2.0	trials	2.0	1.0	1.0	0.0	10000.0	1.0	True	40.0	0.0	0.005	"[11730344.52345038 11730633.5225258  11730923.52159803 11731213.52067026
 11731502.51974569 11731791.51882112 11732081.51789335 11732371.51696558
 11732660.516041   11732951.51511003 11733240.51418546 11733530.51325769
 11733819.51233312 11734109.51140535 11734398.51048077 11734688.509553
 11734978.50862523 11735268.50769746 11735557.50677289 11735846.50584831]"	0.0	0.0	0.0
1018.257466818091	2.0	trials	2.0	1.0	1.0	0.0	10000.0	1.0	True	40.0	0.0	0.005	"[11793499.32140418 11793789.32047641 11794078.31955183 11794368.31862406
 11794658.31769629 11794947.31677172 11795237.31584395 11795526.31491938
 11795816.3139916  11796106.31306383 11796395.31213926 11796685.31121149
 11796975.31028372 11797265.30935595 11797553.30843457 11797844.3075036
 11798134.30657583 11798422.30565446 11798713.30472349 11799002.30379892]"	0.0	0.0	0.0
1024.0332019402708	2.0	trials	2.0	1.0	1.0	0.0	10000.0	1.0	True	40.0	0.0	0.005	"[11860348.10754009 11860638.10661232 11860927.10568775 11861217.10475998
 11861506.1038354  11861796.10290763 11862086.10197986 11862375.10105529
 11862665.10012752 11862954.09920295 11863245.09827198 11863534.0973474
 11863824.09641963 11864114.09549186 11864403.09456729 11864693.09363952
 11864982.09271494 11865272.09178717 11865561.0908626  11865851.08993483]"	0.0	0.0	0.0
1029.4605733769413	2.0	trials	2.0	1.0	1.0	0.0	10000.0	1.0	True	40.0	0.0	0.005	"[11923163.90657843 11923453.90565065 11923742.90472608 11924032.90379831
 11924322.90287054 11924612.90194277 11924901.9010182  11925191.90009043
 11925481.89916265 11925771.89823488 11926059.89731351 11926349.89638574
 11926640.89545477 11926928.89453339 11927218.89360562 11927508.89267785
 11927797.89175328 11928086.89082871 11928377.88989774 11928667.88896997]"	0.0	0.0	0.0
1034.8152826460737	2.0	trials	2.0	1.0	1.0	0.0	10000.0	1.0	True	40.0	0.0	0.005	"[11985140.7083009  11985429.70737633 11985720.70644535 11986010.70551758
 11986299.70459301 11986589.70366524 11986878.70274067 11987167.7018161
 11987457.70088833 11987747.69996056 11988036.69903598 11988326.69810821
 11988615.69718364 11988906.69625267 11989195.6953281  11989485.69440032
 11989774.69347575 11990063.69255118 11990354.69162021 11990643.69069564]"	0.0	0.0	0.0
1040.4492358218445	2.0	trials	2.0	1.0	1.0	0.0	10000.0	1.0	True	40.0	0.0	0.005	"[12050347.49968992 12050637.49876215 12050927.49783438 12051216.4969098
 12051506.49598203 12051796.49505426 12052085.49412969 12052375.49320192
 12052664.49227735 12052954.49134957 12053243.490425   12053534.48949403
 12053822.48857266 12054113.48764169 12054403.48671392 12054692.48578935
 12054982.48486158 12055272.4839338  12055560.48301243 12055850.48208466]"	0.0	0.0	0.0
1046.0888913793724	2.0	trials	2.0	1.0	1.0	0.0	10000.0	1.0	True	40.0	0.0	0.005	"[12115621.29086459 12115912.28993362 12116201.28900905 12116490.28808448
 12116781.28715351 12117070.28622893 12117359.28530436 12117649.28437659
 12117939.28344882 12118228.28252425 12118519.28159328 12118808.2806687
 12119097.27974413 12119387.27881636 12119677.27788859 12119966.27696402
 12120257.27603305 12120545.27511167 12120835.2741839  12121125.27325613]"	0.0	0.0	0.0
1051.951026225141	2.0	trials	2.0	1.0	1.0	0.0	10000.0	1.0	True	40.0	0.0	0.005	"[12183471.0737981  12183760.07287353 12184050.07194575 12184340.07101798
 12184630.07009021 12184919.06916564 12185209.06823787 12185498.06731329
 12185787.06638872 12186077.06546095 12186367.06453318 12186656.06360861
 12186947.06267764 12187236.06175306 12187526.06082529 12187815.05990072
 12188104.05897615 12188395.05804518 12188684.05712061 12188973.05619603]"	0.0	0.0	0.0
1057.320941845625	2.0	trials	2.0	1.0	1.0	0.0	10000.0	1.0	True	40.0	0.0	0.005	"[12245621.87496391 12245911.87403614 12246201.87310836 12246490.87218379
 12246780.87125602 12247070.87032825 12247359.86940368 12247649.8684759
 12247939.86754814 12248229.86662036 12248519.86569259 12248808.86476802
 12249098.86384025 12249387.86291568 12249677.8619879  12249966.86106333
 12250256.86013556 12250546.85920779 12250836.85828002 12251125.85735545]"	0.0	0.0	0.0
1063.2190189764065	2.0	trials	2.0	1.0	1.0	0.0	10000.0	1.0	True	40.0	0.0	0.005	"[12313887.65656654 12314175.65564517 12314466.6547142  12314756.65378642
 12315045.65286185 12315335.65193408 12315624.65100951 12315914.65008174
 12316203.64915716 12316493.64822939 12316782.64730482 12317073.64637385
 12317362.64544928 12317652.64452151 12317941.64359694 12318231.64266916
 12318521.64174139 12318810.64081682 12319100.63988905 12319390.63896128]"	0.0	0.0	0.0
1068.6118305236414	2.0	trials	2.0	1.0	1.0	0.0	10000.0	1.0	True	40.0	0.0	0.005	"[12376303.45688456 12376593.45595679 12376882.45503221 12377172.45410444
 12377462.45317667 12377751.4522521  12378042.45132113 12378330.45039976
 12378621.44946878 12378909.44854741 12379200.44761644 12379490.44668867
 12379779.4457641  12380069.44483633 12380359.44390856 12380648.44298398
 12380938.44205621 12381227.44113164 12381517.44020387 12381807.4392761 ]"	0.0	0.0	0.0
1074.3540425530691	2.0	trials	2.0	1.0	1.0	0.0	10000.0	1.0	True	40.0	0.0	0.005	"[12442765.24425857 12443055.2433308  12443343.24240942 12443634.24147845
 12443924.24055068 12444213.23962611 12444503.23869834 12444792.23777376
 12445082.23684599 12445372.23591822 12445662.23499045 12445951.23406588
 12446240.23314131 12446529.23221673 12446819.23128896 12447109.23036119
 12447399.22943342 12447688.22850885 12447978.22758108 12448267.22665651]"	0.0	0.0	0.0
1080.007349266924	2.0	trials	2.0	1.0	1.0	0.0	10000.0	1.0	True	40.0	0.0	0.005	"[12508196.03493096 12508486.03400319 12508776.03307542 12509065.03215085
 12509355.03122308 12509644.0302985  12509934.02937073 12510225.02843976
 12510513.02751839 12510803.02659062 12511093.02566285 12511382.02473828
 12511672.02381051 12511962.02288274 12512252.02195496 12512541.02103039
 12512830.02010582 12513121.01917485 12513410.01825027 12513699.0173257 ]"	0.0	0.0	0.0
1085.707052632346	2.0	trials	2.0	1.0	1.0	0.0	10000.0	1.0	True	40.0	0.0	0.005	"[12574165.82387898 12574455.82295121 12574743.82202984 12575034.82109887
 12575323.8201743  12575613.81924653 12575902.81832195 12576192.81739418
 12576482.81646641 12576772.81553864 12577061.81461407 12577350.8136895
 12577641.81275853 12577930.81183395 12578220.81090618 12578509.80998161
 12578799.80905384 12579088.80812927 12579379.8071983  12579668.80627373]"	0.0	0.0	0.0
1091.6289760868378	2.0	trials	2.0	1.0	1.0	0.0	10000.0	1.0	True	40.0	0.0	0.005	"[12642706.60460184 12642996.60367406 12643285.60274949 12643575.60182172
 12643865.60089395 12644153.59997258 12644444.59904161 12644733.59811703
 12645023.59718926 12645313.59626149 12645602.59533692 12645893.59440595
 12646182.59348137 12646471.5925568  12646761.59162903 12647050.59070446
 12647340.58977669 12647629.58885212 12647920.58792115 12648208.58699977]"	0.0	0.0	0.0
1096.8311034441126	2.0	trials	2.0	1.0	1.0	0.0	10000.0	1.0	True	40.0	0.0	0.005	"[12702915.41198051 12703204.41105594 12703495.41012497 12703783.4092036
 12704074.40827263 12704363.40734806 12704653.40642028 12704943.40549251
 12705232.40456794 12705521.40364337 12705812.4027124  12706100.40179102
 12706390.40086325 12706680.39993548 12706970.39900771 12707260.39807994
 12707550.39715217 12707839.39622759 12708128.39530302 12708418.39437525]"	0.0	0.0	0.0
1102.8373530288272	2.0	trials	2.0	1.0	1.0	0.0	10000.0	1.0	True	40.0	0.0	0.005	"[12772432.18958093 12772722.18865316 12773011.18772859 12773302.18679762
 12773590.18587625 12773880.18494847 12774169.1840239  12774459.18309613
 12774749.18216836 12775038.18124379 12775329.18031282 12775619.17938504
 12775908.17846047 12776198.1775327  12776487.17660813 12776776.17568355
 12777066.17475578 12777356.17382802 12777645.17290344 12777936.17197247]"	0.0	0.0	0.0
1108.7989339564465	2.0	trials	2.0	1.0	1.0	0.0	10000.0	1.0	True	40.0	0.0	0.005	"[12841432.96883214 12841721.96790757 12842010.966983   12842301.96605203
 12842591.96512426 12842879.96420288 12843169.96327511 12843459.96234734
 12843748.96142277 12844039.9604918  12844327.95957042 12844618.95863946
 12844907.95771488 12845197.95678711 12845487.95585934 12845776.95493477
 12846065.9540102  12846355.95308243 12846645.95215466 12846935.95122688]"	0.0	0.0	0.0
1114.3257514749675	2.0	trials	2.0	1.0	1.0	0.0	10000.0	1.0	True	40.0	0.0	0.005	"[12905398.76419138 12905690.76325721 12905979.76233264 12906268.76140807
 12906558.7604803  12906847.75955573 12907137.75862795 12907427.75770018
 12907717.75677241 12908006.75584784 12908296.75492007 12908585.7539955
 12908876.75306453 12909165.75213996 12909454.75121539 12909744.75028761
 12910034.74935984 12910323.74843527 12910613.7475075  12910903.74657973]"	0.0	0.0	0.0
1119.8051355452385	2.0	trials	2.0	1.0	1.0	0.0	10000.0	1.0	True	40.0	0.0	0.005	"[12968819.5612942  12969108.56036963 12969398.55944185 12969687.55851728
 12969977.55758951 12970266.55666494 12970557.55573397 12970845.55481259
 12971136.55388162 12971425.55295705 12971715.55202928 12972005.55110151
 12972294.55017693 12972584.54924917 12972874.54832139 12973164.54739362
 12973453.54646905 12973742.54554448 12974032.54461671 12974322.54368894]"	0.0	0.0	0.0
1125.3850888937666	2.0	trials	2.0	1.0	1.0	0.0	10000.0	1.0	True	40.0	0.0	0.005	"[13033402.35467952 13033691.35375495 13033981.35282718 13034270.35190261
 13034559.35097804 13034850.35004707 13035139.34912249 13035429.34819472
 13035720.34726375 13036008.34634238 13036298.34541461 13036588.34448684
 13036878.34355907 13037166.34263769 13037457.34170672 13037747.34077895
 13038036.33985438 13038326.33892661 13038615.33800204 13038905.33707426]"	0.0	0.0	0.0
1131.4631366487831	2.0	trials	2.0	1.0	1.0	0.0	10000.0	1.0	True	40.0	0.0	0.005	"[13103749.1296246  13104038.12870003 13104329.12776905 13104618.12684448
 13104909.12591351 13105198.12498894 13105487.12406437 13105777.1231366
 13106067.12220883 13106357.12128105 13106646.12035648 13106936.11942871
 13107225.11850414 13107515.11757637 13107804.1166518  13108094.11572402
 13108384.11479625 13108674.11386848 13108962.11294711 13109252.11201934]"	0.0	0.0	0.0
1137.4515014907151	2.0	trials	2.0	1.0	1.0	0.0	10000.0	1.0	True	40.0	0.0	0.005	"[13173058.90788725 13173348.90695948 13173639.90602851 13173927.90510714
 13174216.90418256 13174507.9032516  13174797.90232383 13175087.90139605
 13175376.90047148 13175665.89954691 13175955.89861914 13176244.89769457
 13176534.89676679 13176824.89583902 13177114.89491125 13177403.89398668
 13177692.89306211 13177983.89213114 13178273.89120337 13178561.89028199]"	0.0	0.0	0.0
1143.1093009901965	2.0	trials	2.0	1.0	1.0	0.0	10000.0	1.0	True	40.0	0.0	0.005	"[13238542.69839009 13238832.69746232 13239121.69653775 13239411.69560998
 13239701.69468221 13239991.69375443 13240280.69282986 13240569.69190529
 13240859.69097752 13241149.69004975 13241438.68912517 13241728.6881974
 13242019.68726643 13242307.68634506 13242597.68541729 13242887.68448952
 13243177.68356175 13243466.68263717 13243756.6817094  13244045.68078483]"	0.0	0.0	0.0
1149.1336945168648	2.0	trials	2.0	1.0	1.0	0.0	10000.0	1.0	True	40.0	0.0	0.005	"[13308269.47531868 13308558.4743941  13308849.47346313 13309138.47253856
 13309428.47161079 13309718.47068302 13310007.46975845 13310297.46883067
 13310586.4679061  13310876.46697833 13311166.46605056 13311455.46512599
 13311745.46419822 13312034.46327364 13312325.46234267 13312613.4614213
 13312904.46049033 13313193.45956576 13313483.45863799 13313773.45771022]"	0.0	0.0	0.0
1155.1032242190543	2.0	trials	2.0	1.0	1.0	0.0	10000.0	1.0	True	40.0	0.0	0.005	"[13377362.25427556 13377652.25334779 13377941.25242322 13378231.25149545
 13378521.25056767 13378810.2496431  13379100.24871533 13379390.24778756
 13379679.24686299 13379968.24593841 13380259.24500745 13380549.24407967
 13380838.2431551  13381127.24223053 13381417.24130276 13381706.24037819
 13381996.23945042 13382286.23852264 13382575.23759807 13382865.2366703 ]"	0.0	0.0	0.0
1160.5574659697606	2.0	trials	2.0	1.0	1.0	0.0	10000.0	1.0	True	40.0	0.0	0.005	"[13440489.05231894 13440779.05139117 13441069.0504634  13441358.04953882
 13441648.04861105 13441938.04768328 13442228.04675551 13442516.04583414
 13442806.04490637 13443097.0439754  13443386.04305083 13443676.04212306
 13443965.04119848 13444255.04027071 13444543.03934934 13444834.03841837
 13445123.0374938  13445413.03656602 13445702.03564145 13445992.03471368]"	0.0	0.0	0.0
1166.5813410980875	2.0	trials	2.0	1.0	1.0	0.0	10000.0	1.0	True	40.0	0.0	0.005	"[13510209.82926672 13510499.82833895 13510789.82741118 13511079.8264834
 13511367.82556203 13511657.82463426 13511947.82370649 13512237.82277872
 13512527.82185095 13512817.82092318 13513105.8200018  13513396.81907083
 13513685.81814626 13513975.81721849 13514264.81629392 13514553.81536935
 13514843.81444157 13515134.8135106  13515423.81258603 13515712.81166146]"	0.0	0.0	0.0
1172.4072744596724	2.0	trials	2.0	1.0	1.0	0.0	10000.0	1.0	True	40.0	0.0	0.005	"[13577639.61354389 13577928.61261932 13578219.61168835 13578508.61076378
 13578797.60983921 13579087.60891144 13579377.60798366 13579667.60705589
 13579956.60613132 13580245.60520675 13580536.60427578 13580825.6033512
 13581115.60242343 13581404.60149886 13581695.60056789 13581984.59964332
 13582273.59871875 13582563.59779098 13582853.5968632  13583142.59593863]"	0.0	0.0	0.0
1178.1792079940144	2.0	trials	2.0	1.0	1.0	0.0	10000.0	1.0	True	40.0	0.0	0.005	"[13644445.39981738 13644734.3988928  13645024.39796503 13645314.39703726
 13645603.39611268 13645892.39518812 13646183.39425714 13646471.39333577
 13646762.3924048  13647051.39148023 13647341.39055246 13647630.38962789
 13647920.38870011 13648210.38777234 13648500.38684457 13648789.38592
 13649078.38499543 13649368.38406766 13649658.38313988 13649948.38221211]"	0.0	0.0	0.0
1183.5254500902352	2.0	trials	2.0	1.0	1.0	0.0	10000.0	1.0	True	40.0	0.0	0.005	"[13706322.20185977 13706612.200932   13706902.20000422 13707191.19907966
 13707481.19815188 13707770.19722731 13708060.19629954 13708350.19537177
 13708640.194444   13708929.19351942 13709218.19259485 13709508.19166708
 13709798.19073931 13710088.18981154 13710377.18888697 13710667.1879592
 13710957.18703142 13711246.18610685 13711536.18517908 13711826.18425131]"	0.0	0.0	0.0
1189.435450382872	2.0	trials	2.0	1.0	1.0	0.0	10000.0	1.0	True	40.0	0.0	0.005	"[13774724.98302411 13775014.98209634 13775303.98117177 13775593.980244
 13775882.97931942 13776173.97838845 13776462.97746388 13776752.97653611
 13777042.97560834 13777331.97468376 13777620.97375919 13777910.97283142
 13778200.97190365 13778489.97097908 13778779.97005131 13779069.96912354
 13779359.96819576 13779648.96727119 13779938.96634342 13780227.96541885]"	0.0	0.0	0.0
1195.2854028676147	2.0	trials	2.0	1.0	1.0	0.0	10000.0	1.0	True	40.0	0.0	0.005	"[13842432.7664119  13842723.76548093 13843012.76455636 13843302.76362859
 13843591.76270401 13843881.76177624 13844170.76085167 13844461.7599207
 13844749.75899933 13845039.75807156 13845329.75714378 13845619.75621601
 13845909.75528824 13846198.75436367 13846488.7534359  13846777.75251133
 13847066.75158675 13847356.75065898 13847647.74972801 13847936.74880344]"	0.0	0.0	0.0
1263.2885517109025	2.0	trials	3.0	1.0	1.0	0.0	10000.0	1.0	False	0.0	0.0	0.0	"[nan nan nan nan nan nan nan nan nan nan nan nan nan nan nan nan nan nan
 nan nan]"	0.0	0.0	0.0
1268.8583098920471	2.0	trials	3.0	1.0	1.0	0.0	10000.0	1.0	False	0.0	0.0	0.0	"[nan nan nan nan nan nan nan nan nan nan nan nan nan nan nan nan nan nan
 nan nan]"	0.0	0.0	0.0
1274.3160076316972	2.0	trials	3.0	1.0	1.0	0.0	10000.0	1.0	False	0.0	0.0	0.0	"[nan nan nan nan nan nan nan nan nan nan nan nan nan nan nan nan nan nan
 nan nan]"	0.0	0.0	0.0
1280.1962864194193	2.0	trials	3.0	1.0	1.0	0.0	10000.0	1.0	False	0.0	0.0	0.0	"[nan nan nan nan nan nan nan nan nan nan nan nan nan nan nan nan nan nan
 nan nan]"	0.0	0.0	0.0
1285.5481444976733	2.0	trials	3.0	1.0	1.0	0.0	10000.0	1.0	False	0.0	0.0	0.0	"[nan nan nan nan nan nan nan nan nan nan nan nan nan nan nan nan nan nan
 nan nan]"	0.0	0.0	0.0
1291.361981897956	2.0	trials	3.0	1.0	1.0	0.0	10000.0	1.0	False	0.0	0.0	0.0	"[nan nan nan nan nan nan nan nan nan nan nan nan nan nan nan nan nan nan
 nan nan]"	0.0	0.0	0.0
1296.5232421859732	2.0	trials	3.0	1.0	1.0	0.0	10000.0	1.0	False	0.0	0.0	0.0	"[nan nan nan nan nan nan nan nan nan nan nan nan nan nan nan nan nan nan
 nan nan]"	0.0	0.0	0.0
1302.1443218029294	2.0	trials	3.0	1.0	1.0	0.0	10000.0	1.0	False	0.0	0.0	0.0	"[nan nan nan nan nan nan nan nan nan nan nan nan nan nan nan nan nan nan
 nan nan]"	0.0	0.0	0.0
1307.8383227865947	2.0	trials	3.0	1.0	1.0	0.0	10000.0	1.0	False	0.0	0.0	0.0	"[nan nan nan nan nan nan nan nan nan nan nan nan nan nan nan nan nan nan
 nan nan]"	0.0	0.0	0.0
1313.6574305700162	2.0	trials	3.0	1.0	1.0	0.0	10000.0	1.0	False	0.0	0.0	0.0	"[nan nan nan nan nan nan nan nan nan nan nan nan nan nan nan nan nan nan
 nan nan]"	0.0	0.0	0.0
1319.6582369721446	2.0	trials	3.0	1.0	1.0	0.0	10000.0	1.0	False	0.0	0.0	0.0	"[nan nan nan nan nan nan nan nan nan nan nan nan nan nan nan nan nan nan
 nan nan]"	0.0	0.0	0.0
1325.6883328805698	2.0	trials	3.0	1.0	1.0	0.0	10000.0	1.0	False	0.0	0.0	0.0	"[nan nan nan nan nan nan nan nan nan nan nan nan nan nan nan nan nan nan
 nan nan]"	0.0	0.0	0.0
1330.8969402171135	2.0	trials	3.0	1.0	1.0	0.0	10000.0	1.0	False	0.0	0.0	0.0	"[nan nan nan nan nan nan nan nan nan nan nan nan nan nan nan nan nan nan
 nan nan]"	0.0	0.0	0.0
1336.2545006771243	2.0	trials	3.0	1.0	1.0	0.0	10000.0	1.0	False	0.0	0.0	0.0	"[nan nan nan nan nan nan nan nan nan nan nan nan nan nan nan nan nan nan
 nan nan]"	0.0	0.0	0.0
1341.6004835741744	2.0	trials	3.0	1.0	1.0	0.0	10000.0	1.0	False	0.0	0.0	0.0	"[nan nan nan nan nan nan nan nan nan nan nan nan nan nan nan nan nan nan
 nan nan]"	0.0	0.0	0.0
1347.5523877327516	2.0	trials	3.0	1.0	1.0	0.0	10000.0	1.0	False	0.0	0.0	0.0	"[nan nan nan nan nan nan nan nan nan nan nan nan nan nan nan nan nan nan
 nan nan]"	0.0	0.0	0.0
1353.510167072533	2.0	trials	3.0	1.0	1.0	0.0	10000.0	1.0	False	0.0	0.0	0.0	"[nan nan nan nan nan nan nan nan nan nan nan nan nan nan nan nan nan nan
 nan nan]"	0.0	0.0	0.0
1359.5651461013515	2.0	trials	3.0	1.0	1.0	0.0	10000.0	1.0	False	0.0	0.0	0.0	"[nan nan nan nan nan nan nan nan nan nan nan nan nan nan nan nan nan nan
 nan nan]"	0.0	0.0	0.0
1365.528973421784	2.0	trials	3.0	1.0	1.0	0.0	10000.0	1.0	False	0.0	0.0	0.0	"[nan nan nan nan nan nan nan nan nan nan nan nan nan nan nan nan nan nan
 nan nan]"	0.0	0.0	0.0
1370.7903709894408	2.0	trials	3.0	1.0	1.0	0.0	10000.0	1.0	False	0.0	0.0	0.0	"[nan nan nan nan nan nan nan nan nan nan nan nan nan nan nan nan nan nan
 nan nan]"	0.0	0.0	0.0
1376.0486581670482	2.0	trials	3.0	1.0	1.0	0.0	10000.0	1.0	False	0.0	0.0	0.0	"[nan nan nan nan nan nan nan nan nan nan nan nan nan nan nan nan nan nan
 nan nan]"	0.0	0.0	0.0
1381.5842884573751	2.0	trials	3.0	1.0	1.0	0.0	10000.0	1.0	False	0.0	0.0	0.0	"[nan nan nan nan nan nan nan nan nan nan nan nan nan nan nan nan nan nan
 nan nan]"	0.0	0.0	0.0
1387.0685973118907	2.0	trials	3.0	1.0	1.0	0.0	10000.0	1.0	False	0.0	0.0	0.0	"[nan nan nan nan nan nan nan nan nan nan nan nan nan nan nan nan nan nan
 nan nan]"	0.0	0.0	0.0
1392.876386731522	2.0	trials	3.0	1.0	1.0	0.0	10000.0	1.0	False	0.0	0.0	0.0	"[nan nan nan nan nan nan nan nan nan nan nan nan nan nan nan nan nan nan
 nan nan]"	0.0	0.0	0.0
1398.3546476053862	2.0	trials	3.0	1.0	1.0	0.0	10000.0	1.0	False	0.0	0.0	0.0	"[nan nan nan nan nan nan nan nan nan nan nan nan nan nan nan nan nan nan
 nan nan]"	0.0	0.0	0.0
1403.8549404087655	2.0	trials	3.0	1.0	1.0	0.0	10000.0	1.0	False	0.0	0.0	0.0	"[nan nan nan nan nan nan nan nan nan nan nan nan nan nan nan nan nan nan
 nan nan]"	0.0	0.0	0.0
1409.9287545773263	2.0	trials	3.0	1.0	1.0	0.0	10000.0	1.0	False	0.0	0.0	0.0	"[nan nan nan nan nan nan nan nan nan nan nan nan nan nan nan nan nan nan
 nan nan]"	0.0	0.0	0.0
1415.6124739938844	2.0	trials	3.0	1.0	1.0	0.0	10000.0	1.0	False	0.0	0.0	0.0	"[nan nan nan nan nan nan nan nan nan nan nan nan nan nan nan nan nan nan
 nan nan]"	0.0	0.0	0.0
1420.776412673333	2.0	trials	3.0	1.0	1.0	0.0	10000.0	1.0	False	0.0	0.0	0.0	"[nan nan nan nan nan nan nan nan nan nan nan nan nan nan nan nan nan nan
 nan nan]"	0.0	0.0	0.0
1426.2000689218892	2.0	trials	3.0	1.0	1.0	0.0	10000.0	1.0	False	0.0	0.0	0.0	"[nan nan nan nan nan nan nan nan nan nan nan nan nan nan nan nan nan nan
 nan nan]"	0.0	0.0	0.0
1431.9604248932703	2.0	trials	3.0	1.0	1.0	0.0	10000.0	1.0	False	0.0	0.0	0.0	"[nan nan nan nan nan nan nan nan nan nan nan nan nan nan nan nan nan nan
 nan nan]"	0.0	0.0	0.0
1437.18674417315	2.0	trials	3.0	1.0	1.0	0.0	10000.0	1.0	False	0.0	0.0	0.0	"[nan nan nan nan nan nan nan nan nan nan nan nan nan nan nan nan nan nan
 nan nan]"	0.0	0.0	0.0
1442.6833217884148	2.0	trials	3.0	1.0	1.0	0.0	10000.0	1.0	False	0.0	0.0	0.0	"[nan nan nan nan nan nan nan nan nan nan nan nan nan nan nan nan nan nan
 nan nan]"	0.0	0.0	0.0
1448.0610133840216	2.0	trials	3.0	1.0	1.0	0.0	10000.0	1.0	False	0.0	0.0	0.0	"[nan nan nan nan nan nan nan nan nan nan nan nan nan nan nan nan nan nan
 nan nan]"	0.0	0.0	0.0
1453.734364833749	2.0	trials	3.0	1.0	1.0	0.0	10000.0	1.0	False	0.0	0.0	0.0	"[nan nan nan nan nan nan nan nan nan nan nan nan nan nan nan nan nan nan
 nan nan]"	0.0	0.0	0.0
1459.2609231530994	2.0	trials	3.0	1.0	1.0	0.0	10000.0	1.0	False	0.0	0.0	0.0	"[nan nan nan nan nan nan nan nan nan nan nan nan nan nan nan nan nan nan
 nan nan]"	0.0	0.0	0.0
1464.8824347686732	2.0	trials	3.0	1.0	1.0	0.0	10000.0	1.0	False	0.0	0.0	0.0	"[nan nan nan nan nan nan nan nan nan nan nan nan nan nan nan nan nan nan
 nan nan]"	0.0	0.0	0.0
1470.9546073424865	2.0	trials	3.0	1.0	1.0	0.0	10000.0	1.0	False	0.0	0.0	0.0	"[nan nan nan nan nan nan nan nan nan nan nan nan nan nan nan nan nan nan
 nan nan]"	0.0	0.0	0.0
1476.8889723571751	2.0	trials	3.0	1.0	1.0	0.0	10000.0	1.0	False	0.0	0.0	0.0	"[nan nan nan nan nan nan nan nan nan nan nan nan nan nan nan nan nan nan
 nan nan]"	0.0	0.0	0.0
1482.1808690272583	2.0	trials	3.0	1.0	1.0	0.0	10000.0	1.0	False	0.0	0.0	0.0	"[nan nan nan nan nan nan nan nan nan nan nan nan nan nan nan nan nan nan
 nan nan]"	0.0	0.0	0.0
1487.5991684929522	2.0	trials	3.0	1.0	1.0	0.0	10000.0	1.0	False	0.0	0.0	0.0	"[nan nan nan nan nan nan nan nan nan nan nan nan nan nan nan nan nan nan
 nan nan]"	0.0	0.0	0.0
1493.298699058927	2.0	trials	3.0	1.0	1.0	0.0	10000.0	1.0	False	0.0	0.0	0.0	"[nan nan nan nan nan nan nan nan nan nan nan nan nan nan nan nan nan nan
 nan nan]"	0.0	0.0	0.0
1499.4021483326787	2.0	trials	3.0	1.0	1.0	0.0	10000.0	1.0	False	0.0	0.0	0.0	"[nan nan nan nan nan nan nan nan nan nan nan nan nan nan nan nan nan nan
 nan nan]"	0.0	0.0	0.0
1504.5488070674096	2.0	trials	3.0	1.0	1.0	0.0	10000.0	1.0	False	0.0	0.0	0.0	"[nan nan nan nan nan nan nan nan nan nan nan nan nan nan nan nan nan nan
 nan nan]"	0.0	0.0	0.0
1510.5546246535062	2.0	trials	3.0	1.0	1.0	0.0	10000.0	1.0	False	0.0	0.0	0.0	"[nan nan nan nan nan nan nan nan nan nan nan nan nan nan nan nan nan nan
 nan nan]"	0.0	0.0	0.0
1516.2487984366187	2.0	trials	3.0	1.0	1.0	0.0	10000.0	1.0	False	0.0	0.0	0.0	"[nan nan nan nan nan nan nan nan nan nan nan nan nan nan nan nan nan nan
 nan nan]"	0.0	0.0	0.0
1521.9186074976787	2.0	trials	3.0	1.0	1.0	0.0	10000.0	1.0	False	0.0	0.0	0.0	"[nan nan nan nan nan nan nan nan nan nan nan nan nan nan nan nan nan nan
 nan nan]"	0.0	0.0	0.0
1527.8649820739465	2.0	trials	3.0	1.0	1.0	0.0	10000.0	1.0	False	0.0	0.0	0.0	"[nan nan nan nan nan nan nan nan nan nan nan nan nan nan nan nan nan nan
 nan nan]"	0.0	0.0	0.0
1533.6370020080121	2.0	trials	3.0	1.0	1.0	0.0	10000.0	1.0	False	0.0	0.0	0.0	"[nan nan nan nan nan nan nan nan nan nan nan nan nan nan nan nan nan nan
 nan nan]"	0.0	0.0	0.0
1539.6726274987468	2.0	trials	3.0	1.0	1.0	0.0	10000.0	1.0	False	0.0	0.0	0.0	"[nan nan nan nan nan nan nan nan nan nan nan nan nan nan nan nan nan nan
 nan nan]"	0.0	0.0	0.0
1607.425649142246	2.0	trials	4.0	1.0	1.0	1.0	0.0	1.0	False	0.0	0.0	0.0	"[nan nan nan nan nan nan nan nan nan nan nan nan nan nan nan nan nan nan
 nan nan]"	1.0	0.02	5.0
1613.4801097727227	2.0	trials	4.0	1.0	1.0	1.0	0.0	1.0	False	0.0	0.0	0.0	"[nan nan nan nan nan nan nan nan nan nan nan nan nan nan nan nan nan nan
 nan nan]"	1.0	0.02	5.0
1619.125986110349	2.0	trials	4.0	1.0	1.0	1.0	0.0	1.0	False	0.0	0.0	0.0	"[nan nan nan nan nan nan nan nan nan nan nan nan nan nan nan nan nan nan
 nan nan]"	1.0	0.02	5.0
1625.0127448773403	2.0	trials	4.0	1.0	1.0	1.0	0.0	1.0	False	0.0	0.0	0.0	"[nan nan nan nan nan nan nan nan nan nan nan nan nan nan nan nan nan nan
 nan nan]"	1.0	0.02	5.0
1631.0291032297148	2.0	trials	4.0	1.0	1.0	1.0	0.0	1.0	False	0.0	0.0	0.0	"[nan nan nan nan nan nan nan nan nan nan nan nan nan nan nan nan nan nan
 nan nan]"	1.0	0.02	5.0
1636.5077961021968	2.0	trials	4.0	1.0	1.0	1.0	0.0	1.0	False	0.0	0.0	0.0	"[nan nan nan nan nan nan nan nan nan nan nan nan nan nan nan nan nan nan
 nan nan]"	1.0	0.02	5.0
1642.6163429596409	2.0	trials	4.0	1.0	1.0	1.0	0.0	1.0	False	0.0	0.0	0.0	"[nan nan nan nan nan nan nan nan nan nan nan nan nan nan nan nan nan nan
 nan nan]"	1.0	0.02	5.0
1647.92042199075	2.0	trials	4.0	1.0	1.0	1.0	0.0	1.0	False	0.0	0.0	0.0	"[nan nan nan nan nan nan nan nan nan nan nan nan nan nan nan nan nan nan
 nan nan]"	1.0	0.02	5.0
1654.0403736117073	2.0	trials	4.0	1.0	1.0	1.0	0.0	1.0	False	0.0	0.0	0.0	"[nan nan nan nan nan nan nan nan nan nan nan nan nan nan nan nan nan nan
 nan nan]"	1.0	0.02	5.0
1660.0881814634681	2.0	trials	4.0	1.0	1.0	1.0	0.0	1.0	False	0.0	0.0	0.0	"[nan nan nan nan nan nan nan nan nan nan nan nan nan nan nan nan nan nan
 nan nan]"	1.0	0.02	5.0
1665.3260783063088	2.0	trials	4.0	1.0	1.0	1.0	0.0	1.0	False	0.0	0.0	0.0	"[nan nan nan nan nan nan nan nan nan nan nan nan nan nan nan nan nan nan
 nan nan]"	1.0	0.02	5.0
1671.2780688646094	2.0	trials	4.0	1.0	1.0	1.0	0.0	1.0	False	0.0	0.0	0.0	"[nan nan nan nan nan nan nan nan nan nan nan nan nan nan nan nan nan nan
 nan nan]"	1.0	0.02	5.0
1676.8409150678667	2.0	trials	4.0	1.0	1.0	1.0	0.0	1.0	False	0.0	0.0	0.0	"[nan nan nan nan nan nan nan nan nan nan nan nan nan nan nan nan nan nan
 nan nan]"	1.0	0.02	5.0
1682.1877619621523	2.0	trials	4.0	1.0	1.0	1.0	0.0	1.0	False	0.0	0.0	0.0	"[nan nan nan nan nan nan nan nan nan nan nan nan nan nan nan nan nan nan
 nan nan]"	1.0	0.02	5.0
1687.6940163464596	2.0	trials	4.0	1.0	1.0	1.0	0.0	1.0	False	0.0	0.0	0.0	"[nan nan nan nan nan nan nan nan nan nan nan nan nan nan nan nan nan nan
 nan nan]"	1.0	0.02	5.0
1693.7001795314504	2.0	trials	4.0	1.0	1.0	1.0	0.0	1.0	False	0.0	0.0	0.0	"[nan nan nan nan nan nan nan nan nan nan nan nan nan nan nan nan nan nan
 nan nan]"	1.0	0.02	5.0
1699.0183417175049	2.0	trials	4.0	1.0	1.0	1.0	0.0	1.0	False	0.0	0.0	0.0	"[nan nan nan nan nan nan nan nan nan nan nan nan nan nan nan nan nan nan
 nan nan]"	1.0	0.02	5.0
1704.7129474992348	2.0	trials	4.0	1.0	1.0	1.0	0.0	1.0	False	0.0	0.0	0.0	"[nan nan nan nan nan nan nan nan nan nan nan nan nan nan nan nan nan nan
 nan nan]"	1.0	0.02	5.0
1710.6620868666578	2.0	trials	4.0	1.0	1.0	1.0	0.0	1.0	False	0.0	0.0	0.0	"[nan nan nan nan nan nan nan nan nan nan nan nan nan nan nan nan nan nan
 nan nan]"	1.0	0.02	5.0
1716.734173040747	2.0	trials	4.0	1.0	1.0	1.0	0.0	1.0	False	0.0	0.0	0.0	"[nan nan nan nan nan nan nan nan nan nan nan nan nan nan nan nan nan nan
 nan nan]"	1.0	0.02	5.0
1721.991855420289	2.0	trials	4.0	1.0	1.0	1.0	0.0	1.0	False	0.0	0.0	0.0	"[nan nan nan nan nan nan nan nan nan nan nan nan nan nan nan nan nan nan
 nan nan]"	1.0	0.02	5.0
1727.774761719527	2.0	trials	4.0	1.0	1.0	1.0	0.0	1.0	False	0.0	0.0	0.0	"[nan nan nan nan nan nan nan nan nan nan nan nan nan nan nan nan nan nan
 nan nan]"	1.0	0.02	5.0
1733.096379894525	2.0	trials	4.0	1.0	1.0	1.0	0.0	1.0	False	0.0	0.0	0.0	"[nan nan nan nan nan nan nan nan nan nan nan nan nan nan nan nan nan nan
 nan nan]"	1.0	0.02	5.0
1738.6726180549388	2.0	trials	4.0	1.0	1.0	1.0	0.0	1.0	False	0.0	0.0	0.0	"[nan nan nan nan nan nan nan nan nan nan nan nan nan nan nan nan nan nan
 nan nan]"	1.0	0.02	5.0
1744.4914666391896	2.0	trials	4.0	1.0	1.0	1.0	0.0	1.0	False	0.0	0.0	0.0	"[nan nan nan nan nan nan nan nan nan nan nan nan nan nan nan nan nan nan
 nan nan]"	1.0	0.02	5.0
1750.0728887830182	2.0	trials	4.0	1.0	1.0	1.0	0.0	1.0	False	0.0	0.0	0.0	"[nan nan nan nan nan nan nan nan nan nan nan nan nan nan nan nan nan nan
 nan nan]"	1.0	0.02	5.0
1755.2373458608083	2.0	trials	4.0	1.0	1.0	1.0	0.0	1.0	False	0.0	0.0	0.0	"[nan nan nan nan nan nan nan nan nan nan nan nan nan nan nan nan nan nan
 nan nan]"	1.0	0.02	5.0
1760.6965123957598	2.0	trials	4.0	1.0	1.0	1.0	0.0	1.0	False	0.0	0.0	0.0	"[nan nan nan nan nan nan nan nan nan nan nan nan nan nan nan nan nan nan
 nan nan]"	1.0	0.02	5.0
1766.114379862835	2.0	trials	4.0	1.0	1.0	1.0	0.0	1.0	False	0.0	0.0	0.0	"[nan nan nan nan nan nan nan nan nan nan nan nan nan nan nan nan nan nan
 nan nan]"	1.0	0.02	5.0
1771.4619179549095	2.0	trials	4.0	1.0	1.0	1.0	0.0	1.0	False	0.0	0.0	0.0	"[nan nan nan nan nan nan nan nan nan nan nan nan nan nan nan nan nan nan
 nan nan]"	1.0	0.02	5.0
1776.8124800373096	2.0	trials	4.0	1.0	1.0	1.0	0.0	1.0	False	0.0	0.0	0.0	"[nan nan nan nan nan nan nan nan nan nan nan nan nan nan nan nan nan nan
 nan nan]"	1.0	0.02	5.0
1782.8730750481618	2.0	trials	4.0	1.0	1.0	1.0	0.0	1.0	False	0.0	0.0	0.0	"[nan nan nan nan nan nan nan nan nan nan nan nan nan nan nan nan nan nan
 nan nan]"	1.0	0.02	5.0
1788.4345388558415	2.0	trials	4.0	1.0	1.0	1.0	0.0	1.0	False	0.0	0.0	0.0	"[nan nan nan nan nan nan nan nan nan nan nan nan nan nan nan nan nan nan
 nan nan]"	1.0	0.02	5.0
1794.2930449132195	2.0	trials	4.0	1.0	1.0	1.0	0.0	1.0	False	0.0	0.0	0.0	"[nan nan nan nan nan nan nan nan nan nan nan nan nan nan nan nan nan nan
 nan nan]"	1.0	0.02	5.0
1799.528695363247	2.0	trials	4.0	1.0	1.0	1.0	0.0	1.0	False	0.0	0.0	0.0	"[nan nan nan nan nan nan nan nan nan nan nan nan nan nan nan nan nan nan
 nan nan]"	1.0	0.02	5.0
1804.7726401867383	2.0	trials	4.0	1.0	1.0	1.0	0.0	1.0	False	0.0	0.0	0.0	"[nan nan nan nan nan nan nan nan nan nan nan nan nan nan nan nan nan nan
 nan nan]"	1.0	0.02	5.0
1810.4481516295555	2.0	trials	4.0	1.0	1.0	1.0	0.0	1.0	False	0.0	0.0	0.0	"[nan nan nan nan nan nan nan nan nan nan nan nan nan nan nan nan nan nan
 nan nan]"	1.0	0.02	5.0
1816.1450902038227	2.0	trials	4.0	1.0	1.0	1.0	0.0	1.0	False	0.0	0.0	0.0	"[nan nan nan nan nan nan nan nan nan nan nan nan nan nan nan nan nan nan
 nan nan]"	1.0	0.02	5.0
1822.1370838341452	2.0	trials	4.0	1.0	1.0	1.0	0.0	1.0	False	0.0	0.0	0.0	"[nan nan nan nan nan nan nan nan nan nan nan nan nan nan nan nan nan nan
 nan nan]"	1.0	0.02	5.0
1828.096850367569	2.0	trials	4.0	1.0	1.0	1.0	0.0	1.0	False	0.0	0.0	0.0	"[nan nan nan nan nan nan nan nan nan nan nan nan nan nan nan nan nan nan
 nan nan]"	1.0	0.02	5.0
1833.3645551150476	2.0	trials	4.0	1.0	1.0	1.0	0.0	1.0	False	0.0	0.0	0.0	"[nan nan nan nan nan nan nan nan nan nan nan nan nan nan nan nan nan nan
 nan nan]"	1.0	0.02	5.0
1839.120245501355	2.0	trials	4.0	1.0	1.0	1.0	0.0	1.0	False	0.0	0.0	0.0	"[nan nan nan nan nan nan nan nan nan nan nan nan nan nan nan nan nan nan
 nan nan]"	1.0	0.02	5.0
1845.2211027833991	2.0	trials	4.0	1.0	1.0	1.0	0.0	1.0	False	0.0	0.0	0.0	"[nan nan nan nan nan nan nan nan nan nan nan nan nan nan nan nan nan nan
 nan nan]"	1.0	0.02	5.0
1851.1047511603415	2.0	trials	4.0	1.0	1.0	1.0	0.0	1.0	False	0.0	0.0	0.0	"[nan nan nan nan nan nan nan nan nan nan nan nan nan nan nan nan nan nan
 nan nan]"	1.0	0.02	5.0
1857.1284534892213	2.0	trials	4.0	1.0	1.0	1.0	0.0	1.0	False	0.0	0.0	0.0	"[nan nan nan nan nan nan nan nan nan nan nan nan nan nan nan nan nan nan
 nan nan]"	1.0	0.02	5.0
1862.5348297930593	2.0	trials	4.0	1.0	1.0	1.0	0.0	1.0	False	0.0	0.0	0.0	"[nan nan nan nan nan nan nan nan nan nan nan nan nan nan nan nan nan nan
 nan nan]"	1.0	0.02	5.0
1867.6826981239203	2.0	trials	4.0	1.0	1.0	1.0	0.0	1.0	False	0.0	0.0	0.0	"[nan nan nan nan nan nan nan nan nan nan nan nan nan nan nan nan nan nan
 nan nan]"	1.0	0.02	5.0
1873.3665039402022	2.0	trials	4.0	1.0	1.0	1.0	0.0	1.0	False	0.0	0.0	0.0	"[nan nan nan nan nan nan nan nan nan nan nan nan nan nan nan nan nan nan
 nan nan]"	1.0	0.02	5.0
1879.0592089280135	2.0	trials	4.0	1.0	1.0	1.0	0.0	1.0	False	0.0	0.0	0.0	"[nan nan nan nan nan nan nan nan nan nan nan nan nan nan nan nan nan nan
 nan nan]"	1.0	0.02	5.0
1884.5487881656677	2.0	trials	4.0	1.0	1.0	1.0	0.0	1.0	False	0.0	0.0	0.0	"[nan nan nan nan nan nan nan nan nan nan nan nan nan nan nan nan nan nan
 nan nan]"	1.0	0.02	5.0
1890.4225869741208	2.0	trials	4.0	1.0	1.0	1.0	0.0	1.0	False	0.0	0.0	0.0	"[nan nan nan nan nan nan nan nan nan nan nan nan nan nan nan nan nan nan
 nan nan]"	1.0	0.02	5.0
1940.1585014582236	2.0	trials	5.0	0.0	0.0	0.0	0.0	0.0	True	40.0	0.0	0.005	"[22463649.18522951 22463940.18429855 22464229.18337397 22464519.1824462
 22464808.18152163 22465098.18059386 22465389.17966289 22465678.17873831
 22465967.17781374 22466256.17688917 22466545.1759646  22466837.17503043
 22467126.17410586 22467415.17318128 22467704.17225671 22467995.17132574
 22468284.17040117 22468574.1694734  22468863.16854883 22469154.16761785]"	0.0	0.0	0.0
1945.4509165266486	2.0	trials	5.0	0.0	0.0	0.0	0.0	0.0	True	40.0	0.0	0.005	"[22524904.98925862 22525194.98833085 22525483.98740628 22525772.9864817
 22526062.98555393 22526351.98462936 22526642.98369839 22526930.98277702
 22527220.98184925 22527510.98092148 22527801.9799905  22528089.97906913
 22528380.97813816 22528669.97721359 22528958.97628902 22529248.97536124
 22529538.97443347 22529828.9735057  22530117.97258113 22530406.97165656]"	0.0	0.0	0.0
1951.1329943484584	2.0	trials	5.0	0.0	0.0	0.0	0.0	0.0	True	40.0	0.0	0.005	"[22590669.77886248 22590958.77793791 22591247.77701334 22591538.77608237
 22591828.77515459 22592117.77423002 22592406.77330545 22592696.77237768
 22592986.77144991 22593275.77052534 22593565.76959756 22593854.76867299
 22594144.76774522 22594434.76681745 22594723.76589287 22595014.76496191
 22595303.76403733 22595592.76311276 22595882.76218499 22596171.76126042]"	0.0	0.0	0.0
1956.3712367901933	2.0	trials	5.0	0.0	0.0	0.0	0.0	0.0	True	40.0	0.0	0.005	"[22651296.58490389 22651587.58397292 22651876.58304835 22652166.58212058
 22652455.581196   22652744.58027143 22653034.57934366 22653324.57841589
 22653613.57749132 22653904.57656034 22654193.57563577 22654483.574708
 22654773.57378023 22655061.57285886 22655351.57193109 22655640.57100651
 22655930.57007874 22656219.56915417 22656510.5682232  22656800.56729542]"	0.0	0.0	0.0
1962.043465043514	2.0	trials	5.0	0.0	0.0	0.0	0.0	0.0	True	40.0	0.0	0.005	"[22716948.37486926 22717237.37394469 22717527.37301692 22717817.37208915
 22718107.37116138 22718396.3702368  22718686.36930903 22718975.36838445
 22719264.36745989 22719554.36653211 22719845.36560114 22720133.36467977
 22720424.3637488  22720712.36282743 22721001.36190285 22721292.36097189
 22721582.36004411 22721872.35911634 22722161.35819177 22722450.3572672 ]"	0.0	0.0	0.0
1967.5824649230615	2.0	trials	5.0	0.0	0.0	0.0	0.0	0.0	True	40.0	0.0	0.005	"[22781057.16977102 22781347.16884324 22781636.16791867 22781926.1669909
 22782216.16606313 22782504.16514175 22782795.16421078 22782795.16421078
 22783084.16328621 22783375.16235524 22783663.16143387 22783954.1605029
 22784243.15957833 22784533.15865055 22784821.15772918 22785112.15679821
 22785400.15587684 22785690.15494907 22785980.1540213  22786271.15309032]"	0.0	0.0	0.0
1972.726790865255	2.0	trials	5.0	0.0	0.0	0.0	0.0	0.0	True	40.0	0.0	0.005	"[22786560.15216575 22840596.97928997 22840886.9783622  22841176.97743442
 22841465.97650985 22841755.97558208 22842046.97465111 22842334.97372973
 22842625.97279876 22842914.97187419 22843204.97094642 22843494.97001865
 22843782.96909728 22844072.96816951 22844361.96724493 22844651.96631716
 22844942.96538619 22845231.96446162 22845520.96353704 22845810.96260928]"	0.0	0.0	0.0
1980.3708336103166	2.0	trials	5.0	0.0	0.0	0.0	0.0	0.0	True	40.0	0.0	0.005	"[22846099.9616847  22929069.69624613 22929359.69531836 22929649.69439059
 22929938.69346602 22930228.69253824 22930518.69161047 22930807.6906859
 22931097.68975813 22931387.68883036 22931676.68790579 22931966.68697802
 22932256.68605024 22932544.68512887 22932834.6842011  22933123.68327653
 22933413.68234875 22933703.68142099 22933992.68049641 22934283.67956544]"	0.0	0.0	0.0
1986.1433719427241	2.0	trials	5.0	0.0	0.0	0.0	0.0	0.0	True	40.0	0.0	0.005	"[22934571.67864407 22995881.48250042 22996171.48157264 22996461.48064487
 22996751.4797171  22997040.47879253 22997329.47786796 22997620.47693698
 22997908.47601561 22998199.47508464 22998489.47415688 22998779.4732291
 22999068.47230453 22999357.47137995 22999646.47045539 22999936.46952761
 23000226.46859984 23000516.46767207 23000805.4667475  23001096.46581653]"	0.0	0.0	0.0
1992.040757875717	2.0	trials	5.0	0.0	0.0	0.0	0.0	0.0	True	40.0	0.0	0.005	"[23001385.46489196 23064138.26413184 23064428.26320407 23064717.2622795
 23065008.26134853 23065297.26042396 23065586.25949939 23065876.25857161
 23066166.25764384 23066455.25671927 23066744.2557947  23067034.25486692
 23067325.25393596 23067613.25301458 23067903.25208681 23068194.25115584
 23068483.25023127 23068772.2493067  23069063.24837573 23069351.24745435]"	0.0	0.0	0.0
2000.380836794009	2.0	trials	5.0	0.0	0.0	0.0	0.0	0.0	True	40.0	0.0	0.005	"[23069641.24652658 23160666.95531516 23160956.95438739 23161246.95345962
 23161537.95252865 23161826.95160408 23162114.9506827  23162406.94974853
 23162694.94882716 23162985.94789619 23163273.94697482 23163563.94604705
 23163853.94511928 23164142.9441947  23164432.94326693 23164722.94233916
 23165011.94141459 23165300.94049001 23165591.93955905 23165880.93863447]"	0.0	0.0	0.0
2007.6525831301271	2.0	trials	5.0	0.0	0.0	0.0	0.0	0.0	True	40.0	0.0	0.005	"[23166169.9377099  23244831.68605353 23245120.68512896 23245410.68420119
 23245699.68327662 23245988.68235204 23246278.68142427 23246567.6804997
 23246857.67957193 23247147.67864416 23247438.67771319 23247726.67679181
 23248016.67586404 23248305.67493947 23248595.6740117  23248886.67308073
 23249175.67215616 23249464.67123158 23249754.67030381 23250043.66937924]"	0.0	0.0	0.0
2014.9845500735864	2.0	trials	5.0	0.0	0.0	0.0	0.0	0.0	True	40.0	0.0	0.005	"[23250334.66844827 23329692.41456525 23329981.41364067 23330270.41271611
 23330560.41178833 23330850.41086056 23331139.40993599 23331429.40900822
 23331719.40808045 23332008.40715588 23332298.40622811 23332588.40530033
 23332877.40437576 23333168.40344479 23333457.40252022 23333746.40159565
 23334037.40066468 23334326.3997401  23334616.39881233 23334906.39788456]"	0.0	0.0	0.0
2020.792771491836	2.0	trials	5.0	0.0	0.0	0.0	0.0	0.0	True	40.0	0.0	0.005	"[23335194.39696319 23396916.19950146 23397205.19857689 23397495.19764912
 23397785.19672135 23398074.19579677 23398364.194869   23398653.19394443
 23398943.19301666 23399232.19209209 23399523.19116111 23399812.19023654
 23400103.18930557 23400391.1883842  23400681.18745643 23400972.18652546
 23401260.18560408 23401550.18467632 23401840.18374854 23402129.18282397]"	0.0	0.0	0.0
2028.328987381859	2.0	trials	5.0	0.0	0.0	0.0	0.0	0.0	True	40.0	0.0	0.005	"[23402418.1818994  23484141.92044704 23484431.91951927 23484719.9185979
 23485009.91767013 23485299.91674235 23485590.91581139 23485878.91489001
 23486168.91396224 23486457.91303767 23486747.9121099  23487038.91117893
 23487327.91025436 23487617.90932658 23487907.90839881 23488196.90747424
 23488485.90654967 23488776.9056187  23489065.90469413 23489354.90376955]"	0.0	0.0	0.0
2035.5768009945427	2.0	trials	5.0	0.0	0.0	0.0	0.0	0.0	True	40.0	0.0	0.005	"[23489644.90284178 23568027.65207799 23568317.65115022 23568605.65022885
 23568896.64929788 23569186.64837011 23569475.64744553 23569766.64651456
 23570055.64558999 23570344.64466542 23570634.64373765 23570923.64281308
 23571213.6418853  23571502.64096073 23571793.64002976 23572082.63910519
 23572371.63818062 23572662.63724965 23572952.63632188 23573240.6354005 ]"	0.0	0.0	0.0
2041.5166955915415	2.0	trials	5.0	0.0	0.0	0.0	0.0	0.0	True	40.0	0.0	0.005	"[23573531.63446953 23636776.43213541 23637066.43120763 23637355.43028306
 23637645.42935529 23637935.42842752 23638225.42749975 23638514.42657518
 23638803.4256506  23639094.42471964 23639384.42379186 23639673.42286729
 23639963.42193952 23640252.42101495 23640541.42009037 23640832.4191594
 23641121.41823483 23641411.41730706 23641701.41637929 23641989.41545792]"	0.0	0.0	0.0
2047.6909926386359	2.0000000000002274	trials	5.0	0.0	0.0	0.0	0.0	0.0	True	40.0	0.0	0.005	"[23642279.41453015 23708238.20351336 23708528.20258559 23708817.20166101
 23709107.20073324 23709396.19980867 23709687.1988777  23709976.19795313
 23710266.19702535 23710556.19609759 23710846.19516981 23711135.19424524
 23711424.19332067 23711715.1923897  23712004.19146513 23712292.19054375
 23712584.18960958 23712873.18868501 23713162.18776044 23713452.18683267]"	0.0	0.0	0.0
2056.588868172417	2.0	trials	5.0	0.0	0.0	0.0	0.0	0.0	True	40.0	0.0	0.005	"[23713742.1859049  23811223.87403937 23811512.87311479 23811802.87218702
 23812091.87126245 23812381.87033468 23812670.86941011 23812961.86847914
 23813250.86755457 23813539.86663    23813829.86570222 23814120.86477125
 23814408.86384988 23814699.86291891 23814988.86199434 23815277.86106976
 23815567.860142   23815857.85921422 23816147.85828645 23816435.85736508]"	0.0	0.0	0.0
2065.552839494743	2.0	trials	5.0	0.0	0.0	0.0	0.0	0.0	True	40.0	0.0	0.005	"[23816725.85643731 23914974.54211799 23915262.54119661 23915552.54026883
 23915841.53934427 23916132.5384133  23916421.53748873 23916711.53656095
 23917000.53563638 23917289.53471181 23917579.53378404 23917869.53285627
 23918159.5319285  23918448.53100393 23918739.53007295 23919027.52915158
 23919317.52822381 23919606.52729924 23919897.52636826 23920185.5254469 ]"	0.0	0.0	0.0
2070.916966333746	2.0	trials	5.0	0.0	0.0	0.0	0.0	0.0	True	40.0	0.0	0.005	"[23920477.52451273 23977058.34349814 23977347.34257357 23977637.3416458
 23977927.34071803 23978217.33979025 23978507.33886248 23978795.33794111
 23979086.33701014 23979375.33608557 23979664.335161   23979955.33423002
 23980243.33330865 23980532.33238408 23980821.33145951 23981113.33052534
 23981402.32960077 23981692.328673   23981982.32774523 23982271.32682065]"	0.0	0.0	0.0
2076.9112063568823	2.0	trials	5.0	0.0	0.0	0.0	0.0	0.0	True	40.0	0.0	0.005	"[23982560.32589608 24046435.12154645 24046726.12061547 24047015.11969091
 24047303.11876953 24047593.11784177 24047884.11691079 24048174.11598302
 24048462.11506165 24048753.11413068 24049043.1132029  24049331.11228153
 24049621.11135376 24049910.11042919 24050200.10950142 24050490.10857364
 24050780.10764588 24051069.1067213  24051359.10579354 24051649.10486576]"	0.0	0.0	0.0
2085.785062767505	2.0	trials	5.0	0.0	0.0	0.0	0.0	0.0	True	40.0	0.0	0.005	"[24051939.10393799 24149141.79296504 24149431.79203727 24149721.7911095
 24150009.79018813 24150299.78926036 24150589.78833258 24150879.78740481
 24151168.78648024 24151458.78555247 24151749.7846215  24152037.78370012
 24152327.78277235 24152616.78184778 24152906.78092001 24153195.77999544
 24153485.77906767 24153775.77813989 24154064.77721533 24154354.77628755]"	0.0	0.0	0.0
2092.1031289546513	2.0	trials	5.0	0.0	0.0	0.0	0.0	0.0	True	40.0	0.0	0.005	"[24154645.77535658 24222268.55901631 24222558.55808853 24222846.55716716
 24223137.55623619 24223427.55530842 24223715.55438705 24224005.55345928
 24224294.5525347  24224584.55160693 24224874.55067917 24225163.54975459
 24225453.54882681 24225743.54789905 24226033.54697127 24226323.5460435
 24226612.54511893 24226902.54419116 24227192.54326339 24227482.54233561]"	0.0	0.0	0.0
2099.938806286633	2.0	trials	5.0	0.0	0.0	0.0	0.0	0.0	True	40.0	0.0	0.005	"[24227771.54141105 24312958.26887982 24313248.26795205 24313539.26702108
 24313828.26609651 24314117.26517193 24314408.26424097 24314697.26331639
 24314986.26239182 24315276.26146404 24315565.26053948 24315854.25961491
 24316145.25868394 24316434.25775936 24316724.25683159 24317014.25590382
 24317302.25498245 24317593.25405148 24317883.2531237  24318172.25219914]"	0.0	0.0	0.0
2108.255557279556	2.0	trials	5.0	0.0	0.0	0.0	0.0	0.0	True	40.0	0.0	0.005	"[24318462.25127136 24409218.96092053 24409505.96000236 24409795.95907458
 24410086.95814361 24410375.95721905 24410664.95629447 24410954.9553667
 24411243.95444213 24411534.95351115 24411824.95258338 24412111.95166521
 24412404.95072784 24412692.94980647 24412982.9488787  24413271.94795412
 24413271.94795412 24413561.94702636 24413851.94609858 24414140.94517402]"	0.0	0.0	0.0
2116.774915624295	2.0	trials	5.0	0.0	0.0	0.0	0.0	0.0	True	40.0	0.0	0.005	"[24414429.94424944 24414718.94332486 24507820.64547188 24508111.64454091
 24508400.64361634 24508690.64268857 24508979.641764   24509268.64083943
 24509559.63990846 24509848.63898389 24510138.63805611 24510427.63713153
 24510717.63620377 24511008.6352728  24511296.63435142 24511586.63342365
 24511876.63249588 24512166.63156811 24512456.63064034 24512745.62971577]"	0.0	0.0	0.0
2124.5330924042173	2.0	trials	5.0	0.0	0.0	0.0	0.0	0.0	True	40.0	0.0	0.005	"[24513034.6287912  24513324.62786342 24597616.3581955  24597904.35727412
 24598194.35634635 24598483.35542178 24598774.35449081 24599063.35356624
 24599353.35263846 24599643.35171069 24599932.35078612 24600222.34985835
 24600511.34893378 24600801.348006   24601091.34707823 24601380.34615366
 24601669.34522909 24601959.34430132 24602250.34337035 24602539.34244577]"	0.0	0.0	0.0
2130.412939193321	2.0	trials	5.0	0.0	0.0	0.0	0.0	0.0	True	40.0	0.0	0.005	"[24602829.34151801 24603118.34059343 24665669.14047956 24665958.13955498
 24666249.13862402 24666537.13770264 24666827.13677487 24667116.1358503
 24667406.13492252 24667697.13399156 24667985.13307019 24668276.13213922
 24668565.13121464 24668854.13029007 24669145.1293591  24669434.12843453
 24669724.12750675 24670013.12658218 24670302.12565761 24670593.12472664]"	0.0	0.0	0.0
2137.169138378786	2.0	trials	5.0	0.0	0.0	0.0	0.0	0.0	True	40.0	0.0	0.005	"[24670882.12380207 24671172.12287429 24743865.89031082 24744155.88938305
 24744443.88846168 24744733.8875339  24745023.88660613 24745312.88568156
 24745602.88475379 24745892.88382602 24746181.88290145 24746472.88197048
 24746761.88104591 24747050.88012133 24747341.87919036 24747631.87826259
 24747920.87733802 24748209.87641345 24748499.87548568 24748789.8745579 ]"	0.0	0.0	0.0
2144.9571230633464	2.0	trials	5.0	0.0	0.0	0.0	0.0	0.0	True	40.0	0.0	0.005	"[24749079.87363013 24749368.87270556 24834004.6019371  24834293.60101253
 24834583.60008476 24834871.59916339 24835163.59822922 24835453.59730144
 24835741.59638007 24836032.5954491  24836320.59452773 24836611.59359676
 24836900.59267218 24837190.59174442 24837480.59081664 24837769.58989207
 24838058.5889675  24838349.58803653 24838638.58711196 24838927.58618738]"	0.0	0.0	0.0
2150.72283581759	2.0	trials	5.0	0.0	0.0	0.0	0.0	0.0	True	40.0	0.0	0.005	"[24839217.58525962 24839507.58433184 24900736.38844732 24901026.38751955
 24901316.38659178 24901606.38566401 24901895.38473944 24902185.38381167
 24902474.3828871  24902764.38195933 24903055.38102835 24903343.38010698
 24903633.37917921 24903922.37825464 24904212.37732686 24904501.3764023
 24904792.37547132 24905080.37454995 24905371.37361898 24905660.37269441]"	0.0	0.0	0.0
2159.42760796915	2.0	trials	5.0	0.0	0.0	0.0	0.0	0.0	True	40.0	0.0	0.005	"[24905951.37176344 24906240.37083886 25001486.06612677 25001776.065199
 25002065.06427443 25002356.06334346 25002644.06242209 25002934.06149431
 25003225.06056334 25003513.05964197 25003803.0587142  25004094.05778323
 25004384.05685546 25004672.05593408 25004962.05500631 25005252.05407854
 25005541.05315397 25005830.0522294  25006121.05129842 25006409.05037705]"	0.0	0.0	0.0
2168.2912692123896	2.0	trials	5.0	0.0	0.0	0.0	0.0	0.0	True	40.0	0.0	0.005	"[25006701.04944288 25006990.04851832 25104075.73791967 25104363.7369983
 25104653.73607052 25104943.73514276 25105233.73421498 25105522.73329041
 25105813.73235944 25106101.73143807 25106391.73051029 25106682.72957933
 25106971.72865475 25107259.72773338 25107549.72680561 25107839.72587784
 25108129.72495007 25108419.7240223  25108708.72309772 25108999.72216675]"	0.0	0.0	0.0
2174.2930260114777	2.0	trials	5.0	0.0	0.0	0.0	0.0	0.0	True	40.0	0.0	0.005	"[25109287.72124538 25109577.72031761 25173540.51568645 25173829.51476187
 25174119.51383411 25174408.51290953 25174697.51198496 25174988.51105399
 25175277.51012942 25175566.50920485 25175856.50827708 25176146.5073493
 25176435.50642473 25176726.50549376 25177015.50456918 25177304.50364462
 25177594.50271684 25177884.50178907 25178173.5008645  25178463.49993673]"	0.0	0.0	0.0
2180.177106387038	2.0	trials	5.0	0.0	0.0	0.0	0.0	0.0	True	40.0	0.0	0.005	"[25178751.49901536 25179042.49808439 25241642.29781375 25241932.29688598
 25242221.29596141 25242512.29503044 25242801.29410587 25243091.2931781
 25243379.29225672 25243671.29132256 25243960.29039798 25244248.28947661
 25244538.28854883 25244829.28761786 25245118.28669329 25245408.28576552
 25245698.28483775 25245987.28391318 25246277.28298541 25246566.28206084]"	0.0	0.0	0.0
2188.253579748661	2.0	trials	5.0	0.0	0.0	0.0	0.0	0.0	True	40.0	0.0	0.005	"[25246856.28113306 25247145.28020849 25335119.99875787 25335409.99783009
 25335699.99690232 25335988.99597775 25336277.99505318 25336568.9941222
 25336857.99319764 25337146.99227307 25337436.99134529 25337726.99041752
 25338016.98948975 25338306.98856198 25338595.9876374  25338884.98671284
 25339175.98578186 25339464.98485729 25339754.98392951 25340043.98300495]"	0.0	0.0	0.0
2196.5991018495397	2.0	trials	5.0	0.0	0.0	0.0	0.0	0.0	True	40.0	0.0	0.005	"[25340334.98207397 25340622.98115261 25431712.68973643 25432001.68881186
 25432291.68788409 25432581.68695632 25432871.68602855 25433161.68510078
 25433450.6841762  25433739.68325163 25434028.68232706 25434319.68139609
 25434607.68047471 25434899.67954055 25435187.67861917 25435477.6776914
 25435767.67676363 25436057.67583586 25436345.67491449 25436635.67398672]"	0.0	0.0	0.0
2202.5085837438346	2.0	trials	5.0	0.0	0.0	0.0	0.0	0.0	True	40.0	0.0	0.005	"[25436926.67305575 25437215.67213118 25500108.47092317 25500398.4699954
 25500689.46906443 25500978.46813986 25501267.46721528 25501556.46629071
 25501846.46536294 25502136.46443517 25502426.4635074  25502715.46258283
 25503006.46165185 25503295.46072729 25503584.45980271 25503874.45887494
 25504164.45794717 25504453.4570226  25504744.45609163 25505033.45516705]"	0.0	0.0	0.0
2209.5232045025527	2.0	trials	5.0	0.0	0.0	0.0	0.0	0.0	True	40.0	0.0	0.005	"[25505323.45423928 25505613.45331151 25581296.21118559 25581587.21025462
 25581875.20933325 25582165.20840548 25582455.2074777  25582744.20655313
 25583034.20562536 25583324.20469759 25583613.20377302 25583903.20284525
 25584193.20191748 25584483.2009897  25584773.20006193 25585062.19913736
 25585352.19820959 25585642.19728182 25585930.19636044 25586220.19543268]"	0.0	0.0	0.0
2218.4036272921685	2.0	trials	5.0	0.0	0.0	0.0	0.0	0.0	True	40.0	0.0	0.005	"[25586510.1945049  25586799.19358034 25684079.88235785 25684368.88143327
 25684659.88050231 25684948.87957773 25685238.87864995 25685526.87772859
 25685817.87679761 25686105.87587624 25686396.87494527 25686686.8740175
 25686977.87308653 25687264.87216835 25687554.87124059 25687845.87030962
 25688134.86938504 25688424.86845727 25688712.8675359  25689003.86660492]"	0.0	0.0	0.0
2226.714243904717	2.0	trials	5.0	0.0	0.0	0.0	0.0	0.0	True	40.0	0.0	0.005	"[25689293.86567716 25689582.86475258 25780267.57463209 25780556.57370752
 25780844.57278615 25781134.57185838 25781426.57092421 25781715.56999964
 25782005.56907187 25782294.56814729 25782584.56721953 25782872.56629815
 25783163.56536718 25783452.5644426  25783743.56351164 25784032.56258706
 25784321.5616625  25784610.56073792 25784900.55981014 25785190.55888238]"	0.0	0.0	0.0
2231.9811710546833	2.0	trials	5.0	0.0	0.0	0.0	0.0	0.0	True	40.0	0.0	0.005	"[25785479.5579578  25785770.55702684 25841227.37960817 25841515.37868679
 25841806.37775582 25842095.37683125 25842384.37590668 25842673.3749821
 25842963.37405434 25843254.37312336 25843544.37219559 25843833.37127102
 25844123.37034325 25844413.36941548 25844702.3684909  25844991.36756633
 25845280.36664176 25845570.36571399 25845861.36478302 25846150.36385845]"	0.0	0.0	0.0
2239.1988311638347	2.0	trials	5.0	0.0	0.0	0.0	0.0	0.0	True	40.0	0.0	0.005	"[25846441.36292748 25846730.36200291 25924764.11235564 25925054.11142787
 25925343.11050329 25925633.10957552 25925923.10864776 25926212.10772318
 25926503.10679222 25926792.10586764 25927081.10494306 25927372.1040121
 25927661.10308752 25927951.10215975 25928240.10123518 25928530.10030741
 25928820.09937964 25929109.09845507 25929398.0975305  25929689.09659953]"	0.0	0.0	0.0
2244.8811681848156	2.0	trials	5.0	0.0	0.0	0.0	0.0	0.0	True	40.0	0.0	0.005	"[25929978.09567495 25930268.09474718 25990532.9019467  25990821.90102213
 25991112.90009116 25991400.89916979 25991691.89823882 25991980.89731425
 25992269.89638967 25992559.89546191 25992848.89453733 25993138.89360956
 25993429.89267858 25993718.89175402 25994007.89082944 25994296.88990487
 25994587.8889739  25994877.88804613 25995166.88712156 25995456.88619378]"	0.0	0.0	0.0
2253.2535605997296	2.0	trials	5.0	0.0	0.0	0.0	0.0	0.0	True	40.0	0.0	0.005	"[25995745.88526922 25996036.88433824 26087435.59193351 26087724.59100895
 26088014.59008117 26088303.58915661 26088594.58822563 26088884.58729786
 26089172.58637648 26089462.58544872 26089752.58452094 26090041.58359637
 26090331.5826686  26090622.58173763 26090910.58081626 26091201.57988529
 26091490.57896071 26091779.57803614 26092069.57710837 26092358.5761838 ]"	0.0	0.0	0.0
2261.210283944459	2.0	trials	5.0	0.0	0.0	0.0	0.0	0.0	True	40.0	0.0	0.005	"[26092647.57525922 26092938.57432825 26179527.29731174 26179817.29638397
 26180106.29545939 26180396.29453162 26180685.29360705 26180975.29267928
 26181265.29175151 26181554.29082694 26181844.28989916 26182133.28897459
 26182423.28804682 26182713.28711905 26183002.28619448 26183292.2852667
 26183582.28433894 26183871.28341436 26184162.28248339 26184451.28155882]"	0.0	0.0	0.0
2269.1237210276704	2.0	trials	5.0	0.0	0.0	0.0	0.0	0.0	True	40.0	0.0	0.005	"[26184740.28063425 26185031.27970328 26271116.00429916 26271407.0033682
 26271697.00244042 26271987.00151265 26272276.00058808 26272564.9996635
 26272855.99873254 26273143.99781116 26273434.99688019 26273723.99595562
 26274014.99502465 26274302.99410328 26274592.9931755  26274882.99224773
 26275171.99132316 26275460.99039859 26275751.98946762 26276040.98854304]"	0.0	0.0	0.0
2276.15933691922	2.0	trials	5.0	0.0	0.0	0.0	0.0	0.0	True	40.0	0.0	0.005	"[26276329.98761847 26276620.9866875  26352548.74377778 26352837.7428532
 26353126.74192863 26353416.74100086 26353706.74007308 26353995.73914852
 26354285.73822074 26354575.73729298 26354864.7363684  26355155.73543743
 26355444.73451286 26355734.73358509 26356023.73266052 26356313.73173275
 26356602.73080818 26356892.7298804  26357181.72895583 26357472.72802486]"	0.0	0.0	0.0
2284.0612828391945	2.0	trials	5.0	0.0	0.0	0.0	0.0	0.0	True	40.0	0.0	0.005	"[26357761.72710029 26358050.72617571 26444006.4511843  26444296.45025653
 26444584.44933515 26444874.44840738 26445164.44747961 26445454.44655184
 26445744.44562407 26446033.4446995  26446323.44377172 26446612.44284715
 26446902.44191938 26447192.44099161 26447482.44006384 26447770.43914247
 26448061.43821149 26448351.43728372 26448639.43636236 26448929.43543458]"	0.0	0.0	0.0
2310.3576435114755	2.0	trials	6.0	0.0	0.0	0.0	0.0	0.0	True	40.0	0.0	0.005	"[26449218.43451    26449509.43357904 26748361.4774851  26748652.47655413
 26748942.47562636 26749231.47470179 26749521.47377402 26749811.47284625
 26750100.47192167 26750389.4709971  26750678.47007253 26750968.46914476
 26751259.46821379 26751548.46728922 26751837.46636464 26752126.46544007
 26752417.4645091  26752707.46358133 26752996.46265676 26753286.46172899]"	0.0	0.0	0.0
2316.421089713206	2.0	trials	6.0	0.0	0.0	0.0	0.0	0.0	True	40.0	0.0	0.005	"[26753575.46080441 26753865.45987664 26818541.25296444 26818830.25203988
 26819120.2511121  26819409.25018753 26819699.24925976 26819988.24833518
 26820279.24740421 26820568.24647964 26820857.24555507 26821147.2446273
 26821436.24370273 26821727.24277176 26822017.24184398 26822306.24091941
 26822596.23999164 26822884.23907027 26823176.2381361  26823464.23721473]"	0.0	0.0	0.0
2324.2033720160093	2.0	trials	6.0	0.0	0.0	0.0	0.0	0.0	True	40.0	0.0	0.005	"[26823754.23628695 26824044.23535918 26908614.96479867 26908903.9638741
 26909193.96294633 26909482.96202176 26909771.96109718 26910060.96017262
 26910350.95924484 26910641.95831387 26910931.9573861  26911220.95646153
 26911509.95553695 26911798.95461239 26912088.95368461 26912378.95275684
 26912668.95182907 26912957.9509045  26913248.94997352 26913537.94904895]"	0.0	0.0	0.0
2330.460353598579	2.0	trials	6.0	0.0	0.0	0.0	0.0	0.0	True	40.0	0.0	0.005	"[26913827.94812118 26914116.94719661 26981032.73311818 26981320.73219681
 26981610.73126904 26981901.73033806 26982190.72941349 26982479.72848893
 26982769.72756115 26983059.72663338 26983349.72570561 26983638.72478103
 26983928.72385326 26984218.72292549 26984506.72200412 26984796.72107635
 26985086.72014858 26985375.719224   26985665.71829624 26985955.71736846]"	0.0	0.0	0.0
2337.8173764618787	2.0	trials	6.0	0.0	0.0	0.0	0.0	0.0	True	40.0	0.0	0.005	"[26986245.71644069 26986534.71551612 27066183.46070212 27066471.45978076
 27066761.45885298 27067051.45792522 27067341.45699744 27067630.45607287
 27067920.45514509 27068209.45422052 27068500.45328955 27068789.45236498
 27069078.45144041 27069369.45050944 27069657.44958807 27069947.44866029
 27070238.44772932 27070527.44680475 27070817.44587698 27071106.44495241]"	0.0	0.0	0.0
2344.3212020547408	2.0	trials	6.0	0.0	0.0	0.0	0.0	0.0	True	40.0	0.0	0.005	"[27071396.44402464 27071685.44310006 27141459.21987829 27141748.21895372
 27142039.21802275 27142328.21709818 27142618.2161704  27142907.21524583
 27143198.21431486 27143487.21339029 27143777.21246251 27144065.21154114
 27144355.21061337 27144645.2096856  27144934.20876103 27145224.20783325
 27145513.20690868 27145804.20597771 27146093.20505314 27146382.20412857]"	0.0	0.0	0.0
2349.853376356124	2.0	trials	6.0	0.0	0.0	0.0	0.0	0.0	True	40.0	0.0	0.005	"[27146673.2031976  27146963.20226983 27205488.01503598 27205779.01410501
 27206068.01318043 27206358.01225267 27206647.01132809 27206936.01040352
 27207227.00947255 27207516.00854798 27207806.0076202  27208095.00669563
 27208385.00576786 27208674.00484329 27208964.00391552 27209255.00298455
 27209544.00205998 27209833.0011354  27210123.00020764 27210412.99927986]"	0.0	0.0	0.0
2355.9854239383835	2.0	trials	6.0	0.0	0.0	0.0	0.0	0.0	True	40.0	0.0	0.005	"[27210701.99835529 27210991.99742752 27276460.78797835 27276751.78704737
 27277041.7861196  27277329.78519823 27277619.78427046 27277910.78333949
 27278198.78241811 27278488.78149034 27278777.78056577 27279067.779638
 27279357.77871023 27279647.77778246 27279936.77685788 27280226.77593012
 27280516.77500234 27280805.77407777 27281096.7731468  27281384.77222543]"	0.0	0.0	0.0
2364.0974939861258	2.0	trials	6.0	0.0	0.0	0.0	0.0	0.0	True	40.0	0.0	0.005	"[27281674.77129766 27281963.77037308 27370351.48760119 27370640.48667661
 27370929.48575204 27371218.48482747 27371509.4838965  27371797.48297513
 27372088.48204416 27372377.48111958 27372667.4801918  27372957.47926404
 27373246.47833946 27373537.4774085  27373825.47648712 27374116.47555615
 27374405.47463158 27374694.47370701 27374983.47278244 27375273.47185466]"	0.0	0.0	0.0
2372.205589646582	2.0	trials	6.0	0.0	0.0	0.0	0.0	0.0	True	40.0	0.0	0.005	"[27375563.4709269  27375853.46999912 27464195.18737439 27464484.18644981
 27464775.18551885 27465063.18459747 27465353.1836697  27465643.18274193
 27465933.18181415 27466223.18088638 27466511.17996501 27466801.17903724
 27467092.17810627 27467381.1771817  27467670.17625712 27467961.17532616
 27468250.17440158 27468539.17347701 27468829.17254924 27469119.17162146]"	0.0	0.0	0.0
2378.275429427858	2.0	trials	6.0	0.0	0.0	0.0	0.0	0.0	True	40.0	0.0	0.005	"[27469408.1706969  27469698.16976912 27534447.96262018 27534737.96169241
 27535027.96076464 27535316.95984007 27535606.9589123  27535896.95798453
 27536184.95706316 27536475.95613219 27536765.95520441 27537054.95427984
 27537343.95335527 27537633.9524275  27537923.95149972 27538212.95057515
 27538502.94964738 27538792.94871961 27539081.94779504 27539371.94686726]"	0.0	0.0	0.0
2385.301368550366	2.0	trials	6.0	0.0	0.0	0.0	0.0	0.0	True	40.0	0.0	0.005	"[27539661.9459395  27539950.94501492 27615765.70246671 27616055.70153894
 27616344.70061437 27616635.69968339 27616924.69875882 27617214.69783105
 27617504.69690328 27617794.69597551 27618082.69505414 27618372.69412636
 27618662.6931986  27618952.69227082 27619241.69134625 27619531.69041848
 27619821.68949071 27620110.68856613 27620400.68763836 27620690.68671059]"	0.0	0.0	0.0
2391.4271953525276	2.0	trials	6.0	0.0	0.0	0.0	0.0	0.0	True	40.0	0.0	0.005	"[27620979.68578602 27621268.68486145 27686667.47563622 27686956.47471165
 27687245.47378708 27687536.47285611 27687826.47192833 27688114.47100696
 27688405.47007599 27688694.46915141 27688983.46822685 27689274.46729587
 27689564.46636811 27689853.46544353 27690143.46451576 27690431.46359439
 27690722.46266342 27691011.46173884 27691300.46081427 27691591.4598833 ]"	0.0	0.0	0.0
2397.229541589573	2.0	trials	6.0	0.0	0.0	0.0	0.0	0.0	True	40.0	0.0	0.005	"[27691881.45895554 27692169.45803416 27753823.26078998 27754114.259859
 27754403.25893443 27754692.25800987 27754981.25708529 27755271.25615752
 27755560.25523295 27755850.25430517 27756141.2533742  27756430.25244964
 27756720.25152186 27757010.25059409 27757300.24966632 27757588.24874494
 27757878.24781718 27758167.2468926  27758458.24596164 27758746.24504026]"	0.0	0.0	0.0
2404.6397866826037	2.0	trials	6.0	0.0	0.0	0.0	0.0	0.0	True	40.0	0.0	0.005	"[27759037.24410929 27759326.24318472 27839590.98640001 27839878.98547864
 27840169.98454766 27840459.9836199  27840748.98269532 27841037.98177075
 27841327.98084298 27841617.97991521 27841907.97898743 27842196.97806287
 27842486.97713509 27842776.97620733 27843064.97528595 27843355.97435497
 27843645.97342721 27843934.97250263 27844224.97157487 27844513.97065029]"	0.0	0.0	0.0
2409.979376000108	2.0	trials	6.0	0.0	0.0	0.0	0.0	0.0	True	40.0	0.0	0.005	"[27844802.96972572 27845093.96879475 27901391.78868555 27901680.78776097
 27901970.7868332  27902260.78590543 27902549.78498086 27902839.78405309
 27903128.78312851 27903419.78219754 27903708.78127297 27903997.7803484
 27904288.77941743 27904577.77849286 27904867.77756508 27905156.77664052
 27905446.77571274 27905736.77478497 27906025.7738604  27906314.77293583]"	0.0	0.0	0.0
2417.401544254994	2.0	trials	6.0	0.0	0.0	0.0	0.0	0.0	True	40.0	0.0	0.005	"[27906604.77200805 27906895.77107709 27987296.51385729 27987585.51293272
 27987876.51200174 27988165.51107717 27988455.5101494  27988744.50922483
 27989035.50829386 27989323.50737249 27989613.50644471 27989903.50551694
 27990192.50459237 27990481.5036678  27990772.50273683 27991062.50180906
 27991351.50088448 27991640.49995992 27991930.49903214 27992220.49810437]"	0.0	0.0	0.0
2422.827878894981	2.0	trials	6.0	0.0	0.0	0.0	0.0	0.0	True	40.0	0.0	0.005	"[27992510.4971766  27992799.49625202 28050100.31293401 28050390.31200624
 28050679.31108167 28050969.3101539  28051258.30922932 28051548.30830155
 28051839.30737058 28052127.30644921 28052417.30552144 28052707.30459367
 28052997.30366589 28053287.30273813 28053576.30181355 28053866.30088579
 28054155.29996121 28054445.29903344 28054734.29810886 28055024.2971811 ]"	0.0	0.0	0.0
2427.981881606217	2.0	trials	6.0	0.0	0.0	0.0	0.0	0.0	True	40.0	0.0	0.005	"[28055313.29625652 28055603.29532875 28109753.12209145 28110044.12116048
 28110334.12023271 28110624.11930494 28110912.11838356 28111202.1174558
 28111491.11653122 28111782.11560025 28112071.11467568 28112361.11374791
 28112650.11282334 28112940.11189556 28113230.11096779 28113520.11004002
 28113809.10911545 28114098.10819088 28114389.10725991 28114678.10633533]"	0.0	0.0	0.0
2433.7700582885936	2.0	trials	6.0	0.0	0.0	0.0	0.0	0.0	True	40.0	0.0	0.005	"[28114968.10540757 28115257.10448299 28176746.90776348 28177036.90683571
 28177324.90591434 28177614.90498657 28177905.9040556  28178193.90313422
 28178483.90220645 28178773.90127868 28179063.90035091 28179351.89942954
 28179642.89849856 28179931.897574   28180222.89664302 28180511.89571846
 28180800.89479388 28181090.89386611 28181379.89294153 28181669.89201377]"	0.0	0.0	0.0
2440.5421550231986	2.0	trials	6.0	0.0	0.0	0.0	0.0	0.0	True	40.0	0.0	0.005	"[28181959.89108599 28182248.89016141 28255126.65700929 28255416.65608152
 28255707.65515055 28255996.65422598 28256285.6533014  28256574.65237683
 28256864.65144906 28257155.65051809 28257443.64959671 28257734.64866574
 28258023.64774117 28258313.6468134  28258603.64588563 28258891.64496426
 28259182.64403329 28259472.64310551 28259762.64217775 28260050.64125637]"	0.0	0.0	0.0
2447.0955740574004	2.0	trials	6.0	0.0	0.0	0.0	0.0	0.0	True	40.0	0.0	0.005	"[28260340.6403286  28260630.63940083 28330977.4143459  28331267.41341813
 28331556.41249356 28331846.41156579 28332134.41064442 28332424.40971664
 28332714.40878887 28333004.4078611  28333293.40693653 28333583.40600876
 28333873.40508099 28334163.40415321 28334452.40322864 28334742.40230087
 28335031.4013763  28335322.40044532 28335610.39952396 28335900.39859619]"	0.0	0.0	0.0
2454.985424016072	2.0	trials	6.0	0.0	0.0	0.0	0.0	0.0	True	40.0	0.0	0.005	"[28336190.39766841 28336480.39674065 28422294.12220351 28422585.12127254
 28422874.12034797 28423163.1194234  28423454.11849242 28423744.11756465
 28424033.11664008 28424323.11571231 28424612.11478774 28424901.11386317
 28425192.1129322  28425481.11200763 28425770.11108305 28426060.11015528
 28426351.10922431 28426639.10830294 28426929.10737517 28427219.10644739]"	0.0	0.0	0.0
2461.5137007307094	2.0	trials	6.0	0.0	0.0	0.0	0.0	0.0	True	40.0	0.0	0.005	"[28427509.10551962 28427797.10459825 28497853.8804711  28498143.87954332
 28498432.87861875 28498721.87769418 28499011.87676641 28499301.87583864
 28499591.87491086 28499880.87398629 28500170.87305852 28500460.87213075
 28500749.87120618 28501038.87028161 28501329.86935063 28501618.86842607
 28501908.86749829 28502197.86657372 28502487.86564595 28502777.86471818]"	0.0	0.0	0.0
2467.9214498309407	2.0	trials	6.0	0.0	0.0	0.0	0.0	0.0	True	40.0	0.0	0.005	"[28503067.86379041 28503355.86286904 28572017.64320478 28572306.6422802
 28572597.64134924 28572885.64042786 28573174.63950329 28573465.63857232
 28573755.63764456 28574043.63672318 28574334.6357922  28574623.63486763
 28574913.63393986 28575202.63301529 28575492.63208752 28575781.63116295
 28576071.63023518 28576361.62930741 28576651.62837963 28576941.62745186]"	0.0	0.0	0.0
2475.577588537305	2.0	trials	6.0	0.0	0.0	0.0	0.0	0.0	True	40.0	0.0	0.005	"[28577229.62653049 28577519.62560271 28660630.35971305 28660920.35878529
 28661208.35786391 28661499.35693295 28661788.35600837 28662078.35508059
 28662368.35415283 28662657.35322825 28662946.35230368 28663236.35137591
 28663526.35044814 28663815.34952357 28664105.3485958  28664394.34767123
 28664684.34674345 28664974.34581568 28665264.34488791 28665553.34396334]"	0.0	0.0	0.0
2481.3136661863573	2.0	trials	6.0	0.0	0.0	0.0	0.0	0.0	True	40.0	0.0	0.005	"[28665842.34303877 28666132.342111   28727020.14731741 28727309.14639284
 28727599.14546507 28727889.14453729 28728178.14361272 28728468.14268495
 28728757.14176038 28729047.14083261 28729337.13990483 28729627.13897706
 28729917.13804929 28730206.13712472 28730496.13619694 28730786.13526918
 28731075.1343446  28731365.13341684 28731655.13248906 28731943.13156769]"	0.0	0.0	0.0
2488.1178172184136	2.0	trials	6.0	0.0	0.0	0.0	0.0	0.0	True	40.0	0.0	0.005	"[28732234.13063672 28732523.12971215 28805770.89537631 28806060.89444854
 28806350.89352077 28806639.89259619 28806929.89166842 28807218.89074385
 28807509.88981288 28807797.88889151 28808088.88796054 28808378.88703276
 28808667.8861082  28808956.88518362 28809246.88425585 28809537.88332488
 28809825.88240351 28810115.88147573 28810404.88055116 28810695.87962019]"	0.0	0.0	0.0
2495.2216024918757	2.0	trials	6.0	0.0	0.0	0.0	0.0	0.0	True	40.0	0.0	0.005	"[28810984.87869561 28811273.87777105 28887991.63233395 28888280.63140937
 28888570.6304816  28888859.62955703 28889149.62862926 28889438.62770469
 28889728.62677692 28890017.62585235 28890308.62492137 28890598.6239936
 28890887.62306903 28891177.62214126 28891467.62121349 28891756.62028892
 28892045.61936434 28892336.61843337 28892625.6175088  28892914.61658423]"	0.0	0.0	0.0
2500.873872409047	2.0	trials	6.0	0.0	0.0	0.0	0.0	0.0	True	40.0	0.0	0.005	"[28893204.61565646 28893494.61472869 28953411.42304153 28953700.42211697
 28953989.42119239 28954278.42026782 28954568.41934005 28954858.41841228
 28955148.4174845  28955437.41655993 28955727.41563216 28956018.41470119
 28956307.41377662 28956596.41285205 28956886.41192428 28957176.4109965
 28957464.41007513 28957755.40914416 28958044.40821959 28958334.40729181]"	0.0	0.0	0.0
2507.4796496757435	2.0	trials	6.0	0.0	0.0	0.0	0.0	0.0	True	40.0	0.0	0.005	"[28958624.40636405 28958914.40543627 29029867.17844263 29030156.17751805
 29030446.17659028 29030736.17566251 29031024.17474114 29031314.17381337
 29031604.17288559 29031894.17195782 29032184.17103005 29032472.17010868
 29032762.16918091 29033052.16825313 29033341.16732857 29033632.16639759
 29033921.16547302 29034210.16454845 29034501.16361748 29034790.1626929 ]"	0.0	0.0	0.0
2513.413669091538	2.0	trials	6.0	0.0	0.0	0.0	0.0	0.0	True	40.0	0.0	0.005	"[29035079.16176834 29035370.16083736 29098546.95872078 29098836.95779301
 29099125.95686844 29099416.95593747 29099704.9550161  29099995.95408513
 29100285.95315736 29100575.95222958 29100863.95130821 29101154.95037724
 29101442.94945586 29101733.9485249  29102023.94759712 29102313.94666936
 29102602.94574478 29102891.94482021 29103180.94389564 29103471.94296467]"	0.0	0.0	0.0
2519.816493407525	2.0	trials	6.0	0.0	0.0	0.0	0.0	0.0	True	40.0	0.0	0.005	"[29103760.94204009 29104049.94111552 29172655.72163042 29172944.72070586
 29173232.71978448 29173523.7188535  29173813.71792574 29174101.71700437
 29174392.71607339 29174682.71514562 29174971.71422105 29175261.71329327
 29175550.71236871 29175839.71144414 29176130.71051316 29176419.70958859
 29176709.70866082 29176999.70773305 29177289.70680528 29177578.70588071]"	0.0	0.0	0.0
2525.9899264573837	2.0	trials	6.0	0.0	0.0	0.0	0.0	0.0	True	40.0	0.0	0.005	"[29177868.70495293 29178158.70402516 29244106.49304357 29244396.4921158
 29244685.49119122 29244973.49026985 29245265.48933568 29245555.48840791
 29245845.48748014 29246133.48655877 29246423.48563099 29246712.48470642
 29247002.48377865 29247292.48285088 29247581.48192631 29247872.48099533
 29248160.48007397 29248451.47914299 29248740.47821842 29249029.47729385]"	0.0	0.0	0.0
2531.3235541939603	2.0	trials	6.0	0.0	0.0	0.0	0.0	0.0	True	40.0	0.0	0.005	"[29249320.47636288 29249608.4754415  29305838.29554985 29306128.29462207
 29306417.2936975  29306707.29276973 29306996.29184516 29307285.29092059
 29307575.28999282 29307865.28906505 29308156.28813408 29308445.2872095
 29308734.28628493 29309024.28535716 29309313.28443259 29309603.28350481
 29309893.28257705 29310183.28164927 29310473.2807215  29310761.27980013]"	0.0	0.0	0.0
2538.554001462203	2.0	trials	6.0	0.0	0.0	0.0	0.0	0.0	True	40.0	0.0	0.005	"[29311052.27886916 29311342.27794139 29389524.02782064 29389813.02689607
 29390103.02596829 29390392.02504373 29390681.02411915 29390972.02318818
 29391262.02226041 29391551.02133584 29391841.02040807 29392130.01948349
 29392420.01855572 29392708.01763435 29392999.01670338 29393290.01577241
 29393579.01484784 29393867.01392647 29394158.01299549 29394448.01206772]"	0.0	0.0	0.0
2545.7838439323805	2.0	trials	6.0	0.0	0.0	0.0	0.0	0.0	True	40.0	0.0	0.005	"[29394737.01114315 29395026.01021858 29473200.76012022 29473490.75919245
 29473781.75826148 29474071.75733371 29474359.75641234 29474649.75548456
 29474940.75455359 29475230.75362583 29475519.75270125 29475807.75177988
 29476097.75085211 29476387.74992434 29476678.74899336 29476966.74807199
 29477256.74714423 29477545.74621965 29477835.74529187 29478125.74436411]"	0.0	0.0	0.0
2552.6325772218083	2.0	trials	6.0	0.0	0.0	0.0	0.0	0.0	True	40.0	0.0	0.005	"[29478414.74343953 29478705.74250856 29552470.50651873 29552758.50559736
 29553049.50466639 29553337.50374502 29553629.50281085 29553917.50188947
 29554207.5009617  29554497.50003393 29554786.49910936 29555076.49818159
 29555365.49725702 29555655.49632924 29555944.49540468 29556235.4944737
 29556524.49354913 29556814.49262135 29557104.49169359 29557393.49076901]"	0.0	0.0	0.0
2557.774397572018	2.0	trials	6.0	0.0	0.0	0.0	0.0	0.0	True	40.0	0.0	0.005	"[29557682.48984444 29557972.48891667 29611981.31613046 29612270.31520589
 29612561.31427492 29612850.31335035 29613140.31242258 29613429.311498
 29613719.31057023 29614009.30964246 29614299.30871468 29614587.30779332
 29614877.30686555 29615167.30593777 29615457.30501    29615747.30408223
 29616036.30315766 29616326.30222989 29616615.30130532 29616905.30037754]"	0.0	0.0	0.0
2563.6162284827437	2.0	trials	6.0	0.0	0.0	0.0	0.0	0.0	True	40.0	0.0	0.005	"[29617194.29945298 29617484.2985252  29679595.09981898 29679885.09889121
 29680175.09796343 29680465.09703567 29680753.0961143  29681043.09518652
 29681333.09425875 29681623.09333098 29681912.0924064  29682201.09148184
 29682491.09055406 29682782.08962309 29683071.08869852 29683361.08777075
 29683651.08684298 29683940.08591841 29684230.08499064 29684519.08406607]"	0.0	0.0	0.0
2569.654445965186	2.0	trials	6.0	0.0	0.0	0.0	0.0	0.0	True	40.0	0.0	0.005	"[29684809.08313829 29685098.08221372 29749482.87623249 29749772.87530472
 29750061.87438014 29750350.87345557 29750640.8725278  29750930.87160003
 29751221.87066906 29751508.86975089 29751799.86881992 29752089.86789215
 29752378.86696757 29752668.86603981 29752958.86511203 29753247.86418746
 29753537.86325969 29753826.86233511 29754116.86140734 29754405.86048277]"	0.0	0.0	0.0
2574.842058168898	2.0	trials	6.0	0.0	0.0	0.0	0.0	0.0	True	40.0	0.0	0.005	"[29754696.8595518  29754984.85863043 29809523.68414864 29809813.68322086
 29810102.68229629 29810392.68136852 29810682.68044075 29810971.67951617
 29811260.67859161 29811551.67766063 29811841.67673287 29812130.67580829
 29812419.67488372 29812709.67395595 29812999.67302817 29813289.67210041
 29813578.67117583 29813868.67024806 29814156.66932669 29814447.66839572]"	0.0	0.0	0.0
2580.29595432071	2.0	trials	6.0	0.0	0.0	0.0	0.0	0.0	True	40.0	0.0	0.005	"[29814737.66746794 29815027.66654018 29872647.48220161 29872938.48127064
 29873228.48034287 29873517.4794183  29873807.47849053 29874095.47756916
 29874386.47663818 29874676.47571042 29874965.47478584 29875255.47385807
 29875544.4729335  29875835.47200253 29876124.47107796 29876413.47015338
 29876703.46922561 29876992.46830104 29877283.46737007 29877572.46644549]"	0.0	0.0	0.0
2586.739818505401	2.0	trials	6.0	0.0	0.0	0.0	0.0	0.0	True	40.0	0.0	0.005	"[29877862.46551773 29878150.46459636 29947230.24359483 29947520.24266706
 29947810.24173928 29948098.24081792 29948389.23988694 29948679.23895917
 29948968.2380346  29949257.23711003 29949547.23618226 29949836.23525768
 29950127.23432671 29950416.23340214 29950706.23247437 29950995.23154979
 29951285.23062203 29951574.22969745 29951864.22876969 29952153.22784511]"	0.0	0.0	0.0
2592.0797534218	2.0	trials	6.0	0.0	0.0	0.0	0.0	0.0	True	40.0	0.0	0.005	"[29952444.22691414 29952734.22598637 30009034.04587077 30009325.04493979
 30009614.04401523 30009905.04308425 30010193.04216288 30010484.0412319
 30010773.04030734 30011063.03937956 30011352.03845499 30011641.03753042
 30011931.03660265 30012220.03567808 30012511.03474711 30012801.03381933
 30013091.03289156 30013380.03196699 30013669.03104242 30013958.03011784]"	0.0	0.0	0.0
2598.890211633678	2.0	trials	6.0	0.0	0.0	0.0	0.0	0.0	True	40.0	0.0	0.005	"[30014249.02918687 30014538.0282623  30087858.79369292 30088149.79276195
 30088439.79183418 30088728.79090961 30089018.78998184 30089308.78905407
 30089597.78812949 30089886.78720492 30090176.78627715 30090465.78535258
 30090755.78442481 30091045.78349704 30091334.78257247 30091625.78164149
 30091913.78072012 30092203.77979235 30092492.77886777 30092782.77794001]"	0.0	0.0	0.0
2605.2981335333566	2.0	trials	6.0	0.0	0.0	0.0	0.0	0.0	True	40.0	0.0	0.005	"[30093072.77701223 30093362.77608446 30162024.55642021 30162314.55549243
 30162604.55456467 30162893.55364009 30163183.55271232 30163472.55178775
 30163763.55085678 30164052.5499322  30164343.54900124 30164631.54807986
 30164921.54715209 30165211.54622432 30165500.54529975 30165789.54437518
 30166080.54344421 30166369.54251963 30166658.54159506 30166948.54066729]"	0.0	0.0	0.0
2610.6346124608112	2.0	trials	6.0	0.0	0.0	0.0	0.0	0.0	True	40.0	0.0	0.005	"[30167238.53973952 30167528.53881175 30223790.35881772 30224079.35789314
 30224369.35696537 30224659.3560376  30224947.35511622 30225237.35418846
 30225528.35325748 30225817.35233292 30226107.35140514 30226397.35047737
 30226685.349556   30226975.34862823 30227265.34770045 30227555.34677269
 30227844.34584811 30228133.34492354 30228423.34399577 30228713.34306799]"	0.0	0.0	0.0
2615.9179555582596	2.0	trials	6.0	0.0	0.0	0.0	0.0	0.0	True	40.0	0.0	0.005	"[30229003.34214023 30229292.34121565 30284940.16318594 30285229.16226136
 30285519.16133359 30285808.16040902 30286098.15948125 30286388.15855348
 30286678.15762571 30286967.15670113 30287258.15577016 30287547.15484559
 30287836.15392102 30288126.15299325 30288416.15206547 30288705.1511409
 30288995.15021313 30289285.14928536 30289575.14835759 30289863.14743622]"	0.0	0.0	0.0
2621.587937418767	2.0	trials	6.0	0.0	0.0	0.0	0.0	0.0	True	40.0	0.0	0.005	"[30290154.14650524 30290444.14557748 30350564.95323768 30350854.95230991
 30351143.95138534 30351433.95045757 30351722.949533   30352012.94860522
 30352302.94767746 30352591.94675288 30352880.94582831 30353171.94489734
 30353461.94396957 30353749.9430482  30354040.94211723 30354329.94119265
 30354618.94026808 30354909.93933711 30355198.93841254 30355487.93748797]"	0.0	0.0	0.0
2649.381086902499	2.0	trials	6.0	0.0	0.0	0.0	0.0	0.0	True	40.0	0.0	0.005	"[30355778.93655699 30356067.93563243 30672243.92411535 30672532.92319078
 30672823.92225981 30673113.92133204 30673402.92040747 30673692.91947969
 30673981.91855512 30674270.91763055 30674560.91670278 30674850.915775
 30675139.91485043 30675430.91391946 30675719.9129949  30676009.91206712
 30676298.91114254 30676587.91021797 30676877.9092902  30677167.90836243]"	0.0	0.0	0.0
2655.4150707984854	2.0	trials	6.0	0.0	0.0	0.0	0.0	0.0	True	40.0	0.0	0.005	"[30677457.90743466 30677747.90650689 30742080.70069202 30742371.69976105
 30742660.69883648 30742950.69790871 30743238.69698733 30743530.69605316
 30743820.6951254  30744108.69420402 30744399.69327305 30744688.69234848
 30744977.69142391 30745266.69049933 30745557.68956836 30745846.68864379
 30746137.68771282 30746426.68678825 30746716.68586047 30747005.6849359 ]"	0.0	0.0	0.0
2661.157023628742	2.0	trials	6.0	0.0	0.0	0.0	0.0	0.0	True	40.0	0.0	0.005	"[30747294.68401134 30747585.68308036 30808540.48807243 30808829.48714786
 30809120.48621689 30809409.48529232 30809698.48436774 30809988.48343997
 30810278.48251219 30810567.48158763 30810857.48065985 30811147.47973209
 30811437.47880431 30811726.47787974 30812016.47695197 30812304.4760306
 30812594.47510283 30812885.47417186 30813174.47324729 30813464.47231951]"	0.0	0.0	0.0
2666.4381203333774	2.0	trials	6.0	0.0	0.0	0.0	0.0	0.0	True	40.0	0.0	0.005	"[30813753.47139494 30814043.47046717 30869663.29252703 30869954.29159606
 30870242.29067469 30870533.28974372 30870823.28881594 30871111.28789457
 30871402.2869636  30871691.28603903 30871981.28511126 30872271.28418348
 30872560.28325891 30872850.28233114 30873139.28140657 30873428.280482
 30873719.27955103 30874007.27862965 30874299.27769548 30874588.27677092]"	0.0	0.0	0.0
2671.8261798958147	2.0	trials	6.0	0.0	0.0	0.0	0.0	0.0	True	40.0	0.0	0.005	"[30874876.27584954 30875166.27492177 30932026.09301461 30932315.09209004
 30932605.09116226 30932894.09023769 30933184.08930992 30933473.08838535
 30933764.08745437 30934053.08652981 30934343.08560203 30934633.08467427
 30934923.08374649 30935212.08282192 30935502.08189414 30935791.08096958
 30936080.080045   30936371.07911403 30936660.07818946 30936950.07726169]"	0.0	0.0	0.0
2677.9388739399906	2.0	trials	6.0	0.0	0.0	0.0	0.0	0.0	True	40.0	0.0	0.005	"[30937239.07633712 30937529.07540934 31002773.86667679 31003064.86574582
 31003353.86482125 31003642.86389668 31003932.86296891 31004221.86204434
 31004511.86111656 31004801.8601888  31005090.85926422 31005379.85833964
 31005670.85740868 31005959.85648411 31006249.85555634 31006538.85463176
 31006829.85370079 31007118.85277622 31007407.85185165 31007698.85092068]"	0.0	0.0	0.0
2683.8968260792194	2.0	trials	6.0	0.0	0.0	0.0	0.0	0.0	True	40.0	0.0	0.005	"[31007986.84999931 31008277.84906833 31071733.64605917 31072021.6451378
 31072311.64421003 31072601.64328226 31072891.64235449 31073179.64143312
 31073470.64050215 31073760.63957437 31074048.638653   31074339.63772203
 31074628.63679746 31074918.63586969 31075207.63494511 31075497.63401734
 31075787.63308957 31076076.632165   31076366.63123722 31076655.63031266]"	0.0	0.0	0.0
2689.488788989326	2.0	trials	6.0	0.0	0.0	0.0	0.0	0.0	True	40.0	0.0	0.005	"[31076946.62938168 31077234.62846031 31136453.43900621 31136743.43807844
 31137032.43715387 31137322.4362261  31137612.43529833 31137901.43437375
 31138192.43344278 31138481.43251821 31138770.43159364 31139060.43066586
 31139349.4297413  31139638.42881672 31139928.42788895 31140218.42696118
 31140509.42603021 31140798.42510564 31141087.42418107 31141377.42325329]"	0.0	0.0	0.0
2694.6725996052	2.0	trials	6.0	0.0	0.0	0.0	0.0	0.0	True	40.0	0.0	0.005	"[31141667.42232553 31141957.42139775 31196451.24705992 31196741.24613215
 31197032.24520118 31197321.24427661 31197610.24335204 31197899.24242747
 31198190.2414965  31198480.24056872 31198769.23964415 31199059.23871638
 31199347.23779501 31199638.23686404 31199927.23593947 31200218.23500849
 31200507.23408392 31200796.23315935 31201087.23222838 31201376.23130381]"	0.0	0.0	0.0
2700.307762377101	2.0	trials	6.0	0.0	0.0	0.0	0.0	0.0	True	40.0	0.0	0.005	"[31201665.23037924 31201956.22944826 31261673.03840095 31261963.03747318
 31262253.03654541 31262542.03562084 31262831.03469627 31263121.0337685
 31263412.03283753 31263701.03191295 31263990.03098838 31264281.03005741
 31264571.02912964 31264859.02820827 31265150.02727729 31265439.02635273
 31265729.02542495 31266018.02450038 31266307.02357581 31266597.02264804]"	0.0	0.0	0.0
2705.550238405292	2.0	trials	6.0	0.0	0.0	0.0	0.0	0.0	True	40.0	0.0	0.005	"[31266888.02171706 31267176.02079569 31322349.8442824  31322639.84335463
 31322929.84242686 31323219.84149909 31323507.84057771 31323798.83964674
 31324087.83872217 31324377.8377944  31324666.83686983 31324956.83594206
 31325246.83501429 31325535.83408972 31325825.83316195 31326114.83223737
 31326404.8313096  31326693.83038503 31326983.82945726 31327273.82852948]"	0.0	0.0	0.0
2710.995148985851	2.0	trials	6.0	0.0	0.0	0.0	0.0	0.0	True	40.0	0.0	0.005	"[31327563.82760171 31327853.82667394 31385370.64266489 31385659.64174033
 31385949.64081255 31386239.63988478 31386528.63896021 31386818.63803244
 31387107.63710787 31387397.6361801  31387686.63525553 31387976.63432775
 31388266.63339998 31388555.63247541 31388845.63154764 31389135.63061986
 31389425.6296921  31389714.62876752 31390004.62783976 31390295.62690878]"	0.0	0.0	0.0
2717.1191613938163	2.0	trials	6.0	0.0	0.0	0.0	0.0	0.0	True	40.0	0.0	0.005	"[31390583.62598741 31390873.62505964 31456249.41590799 31456539.41498022
 31456829.41405245 31457119.41312468 31457408.4122001  31457697.41127554
 31457986.41035096 31458277.40941999 31458566.40849542 31458856.40756765
 31459145.40664307 31459436.40571211 31459725.40478753 31460014.40386296
 31460305.40293199 31460593.40201062 31460883.40108285 31461173.40015507]"	0.0	0.0	0.0
2722.601137455795	2.0	trials	6.0	0.0	0.0	0.0	0.0	0.0	True	40.0	0.0	0.005	"[31461462.3992305  31461752.39830273 31519699.21291802 31519989.21199026
 31520277.21106888 31520568.21013791 31520856.20921654 31521146.20828877
 31521435.20736419 31521725.20643642 31522015.20550865 31522304.20458408
 31522595.20365311 31522884.20272854 31523174.20180077 31523464.20087299
 31523753.19994842 31524043.19902065 31524332.19809608 31524623.19716511]"	0.0	0.0	0.0
2727.8106951892983	2.0	trials	6.0	0.0	0.0	0.0	0.0	0.0	True	40.0	0.0	0.005	"[31524912.19624054 31525202.19531276 31579995.02001837 31580284.0190938
 31580574.01816603 31580864.01723826 31581153.01631369 31581443.01538592
 31581732.01446134 31582022.01353358 31582312.0126058  31582601.01168123
 31582892.01075026 31583180.00982888 31583470.00890111 31583760.00797334
 31584049.00704877 31584339.00612099 31584629.00519323 31584919.00426545]"	0.0	0.0	0.0
2732.994851404067	2.0	trials	6.0	0.0	0.0	0.0	0.0	0.0	True	40.0	0.0	0.005	"[31585209.00333769 31585498.00241311 31639995.82806249 31640285.82713472
 31640575.82620694 31640864.82528237 31641154.8243546  31641444.82342683
 31641733.82250226 31642023.82157449 31642312.82064992 31642602.81972214
 31642891.81879758 31643180.817873   31643470.81694523 31643760.81601746
 31644050.81508969 31644339.81416511 31644629.81323734 31644919.81230957]"	0.0	0.0	0.0
2738.454277138189	2.0	trials	6.0	0.0	0.0	0.0	0.0	0.0	True	40.0	0.0	0.005	"[31645209.8113818  31645498.81045723 31703184.62590751 31703474.62497975
 31703763.62405517 31704052.6231306  31704342.62220283 31704632.62127506
 31704921.62035049 31705211.61942272 31705502.61849175 31705791.61756717
 31706080.6166426  31706369.61571803 31706660.61478706 31706949.61386248
 31707240.61293152 31707528.61201014 31707819.61107917 31708108.6101546 ]"	0.0	0.0	0.0
2743.8071720131256	2.0	trials	6.0	0.0	0.0	0.0	0.0	0.0	True	40.0	0.0	0.005	"[31708397.60923003 31708688.60829905 31765139.42770037 31765428.4267758
 31765718.42584803 31766008.42492025 31766297.42399568 31766586.42307112
 31766877.42214014 31767165.42121877 31767455.420291   31767745.41936323
 31768034.41843865 31768324.41751089 31768614.41658311 31768903.41565854
 31769193.41473077 31769482.4138062  31769773.41287523 31770062.41195066]"	0.0	0.0	0.0
2749.9024997128604	2.0	trials	6.0	0.0	0.0	0.0	0.0	0.0	True	40.0	0.0	0.005	"[31770351.41102608 31770642.41009511 31835687.20200241 31835976.20107783
 31836266.20015006 31836555.19922549 31836845.19829772 31837135.19736994
 31837423.19644857 31837713.1955208  31838004.19458983 31838292.19366846
 31838583.19273749 31838872.19181291 31839162.19088515 31839451.18996057
 31839741.1890328  31840031.18810503 31840320.18718046 31840610.18625269]"	0.0	0.0	0.0
2755.488846640934	2.0	trials	6.0	0.0	0.0	0.0	0.0	0.0	True	40.0	0.0	0.005	"[31840899.18532811 31841189.18440034 31900343.99515099 31900632.99422642
 31900921.99330185 31901211.99237407 31901501.99144631 31901791.99051853
 31902080.98959396 31902370.98866619 31902660.98773842 31902950.98681065
 31903240.98588287 31903528.9849615  31903818.98403373 31904108.98310596
 31904398.98217819 31904687.98125362 31904976.98032905 31905266.97940127]"	0.0	0.0	0.0
2761.158914901165	2.0	trials	6.0	0.0	0.0	0.0	0.0	0.0	True	40.0	0.0	0.005	"[31905555.9784767  31905847.97754253 31965969.78519954 31966259.78427177
 31966548.7833472  31966837.78242262 31967127.78149486 31967417.78056708
 31967707.77963931 31967996.77871474 31968286.77778697 31968575.77686239
 31968864.77593782 31969155.77500685 31969445.77407908 31969734.77315451
 31970024.77222674 31970313.77130217 31970603.77037439 31970892.76944982]"	0.0	0.0	0.0
2767.286815296692	2.0	trials	6.0	0.0	0.0	0.0	0.0	0.0	True	40.0	0.0	0.005	"[31971182.76852205 31971473.76759108 32036893.55829867 32037182.5573741
 32037472.55644632 32037762.55551856 32038052.55459078 32038341.55366621
 32038631.55273844 32038921.55181067 32039210.55088609 32039499.54996152
 32039790.54903055 32040079.54810598 32040369.54717821 32040658.54625364
 32040948.54532587 32041238.5443981  32041527.54347352 32041816.54254895]"	0.0	0.0	0.0
2772.835146346387	2.0	trials	6.0	0.0	0.0	0.0	0.0	0.0	True	40.0	0.0	0.005	"[32042106.54162118 32042397.54069021 32101111.35285171 32101401.35192394
 32101691.35099617 32101980.3500716  32102269.34914702 32102559.34821926
 32102848.34729468 32103138.3463669  32103427.34544234 32103718.34451136
 32104007.34358679 32104297.34265902 32104586.34173445 32104875.34080987
 32105165.33988211 32105456.33895113 32105745.33802657 32106035.33709879]"	0.0	0.0	0.0
2778.7270890967934	2.0	trials	6.0	0.0	0.0	0.0	0.0	0.0	True	40.0	0.0	0.005	"[32106324.33617422 32106614.33524645 32169304.13468788 32169594.13376011
 32169884.13283234 32170173.13190777 32170464.1309768  32170752.13005543
 32171042.12912765 32171332.12819989 32171622.12727211 32171911.12634754
 32172201.12541977 32172490.12449519 32172780.12356742 32173070.12263965
 32173361.12170868 32173649.12078731 32173939.11985954 32174228.11893497]"	0.0	0.0	0.0
2784.8410791368237	2.0	trials	6.0	0.0	0.0	0.0	0.0	0.0	True	40.0	0.0	0.005	"[32174518.1180072  32174808.11707942 32240068.90829568 32240358.90736791
 32240647.90644335 32240937.90551557 32241227.9045878  32241517.90366003
 32241806.90273546 32242096.90180768 32242385.90088312 32242674.89995854
 32242965.89902757 32243254.898103   32243544.89717523 32243834.89624745
 32244122.89532608 32244413.89439511 32244702.89347054 32244992.89254277]"	0.0	0.0	0.0
2790.198898796005	2.0	trials	6.0	0.0	0.0	0.0	0.0	0.0	True	40.0	0.0	0.005	"[32245281.8916182  32245571.89069043 32302080.70990619 32302369.70898161
 32302660.70805064 32302949.70712607 32303239.7061983  32303528.70527373
 32303817.70434916 32304108.70341818 32304397.70249362 32304686.70156904
 32304976.70064127 32305266.6997135  32305555.69878893 32305845.69786116
 32306135.69693338 32306425.69600562 32306714.69508104 32307004.69415327]"	0.0	0.0	0.0
2795.8688806565124	2.0	trials	6.0	0.0	0.0	0.0	0.0	0.0	True	40.0	0.0	0.005	"[32307293.6932287  32307584.69229773 32367705.49995794 32367994.49903337
 32368284.49810559 32368573.49718102 32368862.49625645 32369153.49532548
 32369443.49439771 32369731.49347633 32370021.49254856 32370311.49162079
 32370600.49069622 32370890.48976845 32371179.48884388 32371469.4879161
 32371760.48698514 32372049.48606056 32372339.48513279 32372628.48420822]"	0.0	0.0	0.0
2801.042928103621	2.0	trials	6.0	0.0	0.0	0.0	0.0	0.0	True	40.0	0.0	0.005	"[32372917.48328365 32373207.48235587 32427589.30837636 32427879.30744858
 32428169.30652082 32428459.30559304 32428748.30466847 32429039.3037375
 32429328.30281293 32429617.30188836 32429907.30096059 32430196.30003602
 32430487.29910505 32430776.29818047 32431065.2972559  32431355.29632813
 32431645.29540036 32431935.29447258 32432225.29354481 32432514.29262024]"	0.0	0.0	0.0
2806.879575030931	2.0	trials	6.0	0.0	0.0	0.0	0.0	0.0	True	40.0	0.0	0.005	"[32432801.29170207 32433094.2907647  32495144.09225363 32495433.09132906
 32495724.09039808 32496013.08947352 32496302.08854894 32496592.08762117
 32496881.0866966  32497171.08576883 32497461.08484106 32497752.08391009
 32498040.08298872 32498329.08206414 32498620.08113317 32498909.0802086
 32499199.07928083 32499489.07835305 32499778.07742849 32500067.07650391]"	0.0	0.0	0.0
2812.4470004195387	2.0	trials	6.0	0.0	0.0	0.0	0.0	0.0	True	40.0	0.0	0.005	"[32500358.07557294 32500647.07464837 32559580.88610604 32559869.88518147
 32560160.8842505  32560449.88332592 32560739.88239816 32561029.88147038
 32561318.88054582 32561609.87961484 32561898.87869028 32562187.8777657
 32562477.87683793 32562766.87591336 32563056.87498558 32563345.87406101
 32563635.87313324 32563925.87220547 32564214.8712809  32564504.87035313]"	0.0	0.0	0.0
2818.1304606369254	2.0	trials	6.0	0.0	0.0	0.0	0.0	0.0	True	40.0	0.0	0.005	"[32564793.86942856 32565084.86849758 32625361.67565872 32625652.67472775
 32625941.67380318 32626231.6728754  32626521.67194764 32626810.67102306
 32627100.67009529 32627390.66916751 32627679.66824295 32627968.66731837
 32628258.6663906  32628548.66546283 32628838.66453506 32629127.66361049
 32629416.66268591 32629707.66175495 32629997.66082717 32630285.6599058 ]"	0.0	0.0	0.0
2824.2068667971944	2.0	trials	6.0	0.0	0.0	0.0	0.0	0.0	True	40.0	0.0	0.005	"[32630576.65897483 32630865.65805026 32695690.45066138 32695981.4497304
 32696270.44880584 32696559.44788126 32696850.44695029 32697138.44602892
 32697429.44509795 32697718.44417338 32698007.4432488  32698297.44232103
 32698587.44139326 32698877.44046549 32699166.43954091 32699456.43861315
 32699745.43768857 32700035.4367608  32700325.43583303 32700614.43490846]"	0.0	0.0	0.0
2830.2151035755514	2.0	trials	6.0	0.0	0.0	0.0	0.0	0.0	True	40.0	0.0	0.005	"[32700905.43397749 32701193.43305612 32765230.22818821 32765519.22726364
 32765810.22633267 32766099.2254081  32766388.22448353 32766679.22355255
 32766967.22263118 32767257.22170341 32767547.22077564 32767838.21984467
 32768126.2189233  32768416.21799552 32768706.21706775 32768995.21614318
 32769285.21521541 32769575.21428764 32769864.21336307 32770154.21243529]"	0.0	0.0	0.0
2835.343618368329	2.0	trials	6.0	0.0	0.0	0.0	0.0	0.0	True	40.0	0.0	0.005	"[32770443.21151073 32770733.21058295 32824588.03828942 32824878.03736165
 32825167.03643708 32825457.03550931 32825747.03458153 32826037.03365376
 32826327.03272599 32826616.03180142 32826906.03087365 32827195.02994908
 32827485.0290213  32827775.02809354 32828064.02716896 32828354.02624119
 32828643.02531662 32828932.02439205 32829223.02346107 32829512.02253651]"	0.0	0.0	0.0
2841.3676662961025	2.0	trials	6.0	0.0	0.0	0.0	0.0	0.0	True	40.0	0.0	0.005	"[32829802.02160873 32830091.02068416 32894311.81522761 32894601.81429983
 32894891.81337206 32895180.81244749 32895470.81151972 32895759.81059514
 32896048.80967057 32896339.8087396  32896627.80781823 32896918.80688726
 32897207.80596268 32897497.80503491 32897787.80410714 32898076.80318257
 32898366.8022548  32898656.80132703 32898945.80040246 32899235.79947469]"	0.0	0.0	0.0
2847.427051710824	2.0	trials	6.0	0.0	0.0	0.0	0.0	0.0	True	40.0	0.0	0.005	"[32899524.79855011 32899814.79762234 32964443.5908605  32964732.58993593
 32965022.58900816 32965311.58808359 32965602.58715262 32965891.58622805
 32966180.58530347 32966470.58437571 32966760.58344793 32967050.58252016
 32967339.58159559 32967629.58066782 32967919.57974005 32968208.57881548
 32968497.5778909  32968787.57696313 32969077.57603536 32969367.57510759]"	0.0	0.0	0.0
2853.423797325944	2.0	trials	6.0	0.0	0.0	0.0	0.0	0.0	True	40.0	0.0	0.005	"[32969656.57418302 32969946.57325524 33033849.36881604 33034139.36788826
 33034429.3669605  33034718.36603592 33035008.36510815 33035297.36418358
 33035588.3632526  33035877.36232804 33036167.36140026 33036456.36047569
 33036746.35954792 33037036.35862015 33037326.35769238 33037616.35676461
 33037904.35584323 33038194.35491547 33038484.35398769 33038773.35306312]"	0.0	0.0	0.0
2859.085225613816	2.0	trials	6.0	0.0	0.0	0.0	0.0	0.0	True	40.0	0.0	0.005	"[33039063.35213535 33039352.35121078 33099374.15918771 33099666.15825354
 33099954.15733216 33100244.15640439 33100533.15547982 33100823.15455205
 33101113.15362428 33101403.15269651 33101691.15177513 33101982.15084416
 33102273.14991319 33102561.14899182 33102850.14806725 33103140.14713948
 33103430.14621171 33103719.14528713 33104010.14435617 33104299.14343159]"	0.0	0.0	0.0
2864.902000604701	2.0	trials	6.0	0.0	0.0	0.0	0.0	0.0	True	40.0	0.0	0.005	"[33104589.14250382 33104879.14157605 33166699.9437976  33166988.94287303
 33167277.94194845 33167567.94102069 33167857.94009291 33168146.93916834
 33168436.93824057 33168726.9373128  33169016.93638502 33169304.93546365
 33169595.93453268 33169885.93360491 33170174.93268034 33170463.93175576
 33170753.930828   33171043.92990022 33171332.92897565 33171622.92804788]"	0.0	0.0	0.0
2870.2207675888203	2.0	trials	6.0	0.0	0.0	0.0	0.0	0.0	True	40.0	0.0	0.005	"[33171911.9271233  33172201.92619554 33228258.74685734 33228549.74592637
 33228838.7450018  33229127.74407723 33229417.74314946 33229706.74222488
 33229995.74130031 33230286.74036934 33230575.73944477 33230865.738517
 33231154.73759243 33231445.73666146 33231734.73573688 33232023.73481231
 33232313.73388454 33232603.73295677 33232893.73202899 33233181.73110762]"	0.0	0.0	0.0
2875.971792390054	2.0	trials	6.0	0.0	0.0	0.0	0.0	0.0	True	40.0	0.0	0.005	"[33233471.73017985 33233762.72924888 33294822.53390503 33295111.53298046
 33295402.53204949 33295692.53112172 33295980.53020034 33296271.52926937
 33296561.5283416  33296849.52742023 33297139.52649246 33297429.52556469
 33297719.52463692 33298008.52371235 33298298.52278457 33298588.5218568
 33298878.52092903 33299166.52000766 33299456.51907989 33299746.51815211]"	0.0	0.0	0.0
2881.4592116346184	2.0	trials	6.0	0.0	0.0	0.0	0.0	0.0	True	40.0	0.0	0.005	"[33300035.51722754 33300324.51630297 33358334.33071671 33358623.32979214
 33358913.32886437 33359202.3279398  33359492.32701202 33359781.32608746
 33360071.32515968 33360360.32423511 33360651.32330414 33360941.32237637
 33361230.3214518  33361520.32052403 33361808.31960266 33362098.31867488
 33362387.31775031 33362679.31681614 33362968.31589157 33363257.314967  ]"	0.0	0.0	0.0
2886.8184136893774	2.0	trials	6.0	0.0	0.0	0.0	0.0	0.0	True	40.0	0.0	0.005	"[33363547.31403923 33363837.31311145 33420361.13227923 33420651.13135146
 33420941.13042368 33421230.12949911 33421520.12857134 33421810.12764357
 33422100.1267158  33422389.12579123 33422678.12486666 33422967.12394208
 33423257.12301431 33423547.12208654 33423837.12115877 33424127.120231
 33424416.11930643 33424706.11837865 33424995.11745408 33425286.11652311]"	0.0	0.0	0.0
2892.366831138796	2.0	trials	6.0	0.0	0.0	0.0	0.0	0.0	True	40.0	0.0	0.005	"[33425574.11560174 33425865.11467077 33484578.92683227 33484867.92590769
 33485158.92497673 33485447.92405215 33485737.92312438 33486026.92219981
 33486316.92127204 33486605.92034747 33486895.91941969 33487185.91849193
 33487475.91756415 33487764.91663958 33488055.91570861 33488344.91478404
 33488633.91385946 33488922.9129349  33489213.91200392 33489502.91107935]"	0.0	0.0	0.0
2898.4091958079703	2.0	trials	6.0	0.0	0.0	0.0	0.0	0.0	True	40.0	0.0	0.005	"[33489792.91015158 33490081.90922701 33554513.70309541 33554803.70216765
 33555093.70123988 33555382.7003153  33555672.69938753 33555962.69845976
 33556252.69753198 33556542.69660422 33556831.69567964 33557120.69475507
 33557410.6938273  33557700.69289953 33557988.69197816 33558280.69104399
 33558569.69011942 33558859.68919164 33559148.68826707 33559437.6873425 ]"	0.0	0.0	0.0
2903.766669868258	2.0	trials	6.0	0.0	0.0	0.0	0.0	0.0	True	40.0	0.0	0.005	"[33559727.68641473 33560016.68549015 33616522.50471551 33616811.50379094
 33617100.50286637 33617391.5019354  33617680.50101083 33617969.50008626
 33618259.49915849 33618549.49823071 33618839.49730294 33619128.49637837
 33619417.4954538  33619708.49452282 33619997.49359825 33620286.49267369
 33620577.49174271 33620866.49081814 33621156.48989037 33621445.48896579]"	0.0	0.0	0.0
2909.3771223192125	2.0	trials	6.0	0.0	0.0	0.0	0.0	0.0	True	40.0	0.0	0.005	"[33621735.48803803 33622024.48711345 33681457.29697472 33681747.29604695
 33682036.29512238 33682327.29419141 33682615.29327004 33682906.29233906
 33683194.29141769 33683485.29048672 33683775.28955895 33684064.28863437
 33684353.2877098  33684644.28677883 33684933.28585427 33685223.28492649
 33685513.28399872 33685802.28307415 33686091.28214958 33686382.2812186 ]"	0.0	0.0	0.0
2915.100844807792	2.0	trials	6.0	0.0	0.0	0.0	0.0	0.0	True	40.0	0.0	0.005	"[33686672.28029083 33686960.27936946 33747705.08503336 33747995.08410559
 33748283.08318421 33748573.08225645 33748862.08133187 33749152.0804041
 33749443.07947313 33749731.07855175 33750022.07762079 33750311.07669622
 33750601.07576844 33750891.07484067 33751180.0739161  33751470.07298833
 33751760.07206056 33752049.07113598 33752339.07020821 33752629.06928044]"	0.0	0.0	0.0
2920.842797638049	2.0	trials	6.0	0.0	0.0	0.0	0.0	0.0	True	40.0	0.0	0.005	"[33752917.06835907 33753207.06743129 33814162.87242017 33814451.8714956
 33814742.87056462 33815030.86964325 33815321.86871228 33815611.86778452
 33815900.86685994 33816188.86593857 33816478.86501079 33816768.86408302
 33817059.86315205 33817348.86222748 33817638.86129971 33817928.86037193
 33818217.85944737 33818506.8585228  33818796.85759502 33819086.85666725]"	0.0	0.0	0.0
2926.140828688507	2.0	trials	6.0	0.0	0.0	0.0	0.0	0.0	True	40.0	0.0	0.005	"[33819374.85574587 33819665.8548149  33875482.67624452 33875771.67531995
 33876061.67439218 33876351.6734644  33876641.67253663 33876930.67161206
 33877219.6706875  33877509.66975972 33877799.66883195 33878088.66790738
 33878378.6669796  33878667.66605504 33878958.66512407 33879247.66419949
 33879537.66327173 33879826.66234715 33880116.66141938 33880405.6604948 ]"	0.0	0.0	0.0
2944.367195978435	2.0	trials	7.0	0.0	0.0	0.0	0.0	0.0	True	40.0	0.0	0.005	"[33880696.65956383 33880985.65863927 34086435.00136127 34086726.0004303
 34087015.99950253 34087304.99857796 34087594.99765018 34087883.99672561
 34088173.99579784 34088462.99487327 34088752.9939455  34089041.99302093
 34089331.99209316 34089621.99116538 34089910.99024081 34090200.98931304
 34090489.98838847 34090780.9874575  34091069.98653292 34091358.98560836]"	0.0	0.0	0.0
2949.574593718848	2.0	trials	7.0	0.0	0.0	0.0	0.0	0.0	True	40.0	0.0	0.005	"[34091648.98468058 34091938.98375282 34146706.8085384  34146995.80761383
 34147285.80668606 34147575.80575828 34147865.80483051 34148154.80390594
 34148444.80297817 34148733.8020536  34149023.80112583 34149312.80020125
 34149603.79927029 34149892.79834571 34150181.79742114 34150471.79649337
 34150760.79556879 34151051.79463783 34151340.79371325 34151630.79278549]"	0.0	0.0	0.0
2955.011296325666	2.0	trials	7.0	0.0	0.0	0.0	0.0	0.0	True	40.0	0.0	0.005	"[34151919.79186091 34152209.79093314 34209631.60722803 34209920.60630345
 34210210.60537568 34210500.60444791 34210789.60352334 34211078.60259876
 34211369.60166779 34211658.60074322 34211948.59981544 34212237.59889088
 34212527.5979631  34212817.59703533 34213106.59611076 34213396.59518299
 34213685.59425841 34213975.59333064 34214265.59240288 34214555.59147511]"	0.0	0.0	0.0
2960.644471903925	2.0	trials	7.0	0.0	0.0	0.0	0.0	0.0	True	40.0	0.0	0.005	"[34214844.59055053 34215134.58962276 34274829.39864583 34275119.39771806
 34275408.39679349 34275698.39586572 34275987.39494115 34276278.39401017
 34276567.39308561 34276857.39215783 34277146.39123327 34277436.39030549
 34277725.38938092 34278016.38844995 34278304.38752857 34278595.3865976
 34278884.38567303 34279173.38474847 34279464.38381749 34279754.38288972]"	0.0	0.0	0.0
2966.501336366555	2.0	trials	7.0	0.0	0.0	0.0	0.0	0.0	True	40.0	0.0	0.005	"[34280042.38196835 34280332.38104057 34342618.18177449 34342907.18084992
 34343196.17992534 34343486.17899758 34343776.17806981 34344065.17714523
 34344355.17621746 34344644.17529289 34344935.17436191 34345224.17343735
 34345514.17250957 34345803.171585   34346093.17065723 34346383.16972946
 34346672.16880489 34346962.16787712 34347251.16695254 34347541.16602477]"	0.0	0.0	0.0
2972.375394374179	2.0	trials	7.0	0.0	0.0	0.0	0.0	0.0	True	40.0	0.0	0.005	"[34347832.16509379 34348120.16417243 34410603.9642729  34410893.96334513
 34411183.96241736 34411472.96149278 34411762.96056502 34412052.95963725
 34412341.95871267 34412631.9577849  34412920.95686033 34413211.95592935
 34413500.95500479 34413790.95407701 34414080.95314924 34414369.95222467
 34414659.9512969  34414949.95036913 34415238.94944455 34415528.94851679]"	0.0	0.0	0.0
2978.429336606314	2.0	trials	7.0	0.0	0.0	0.0	0.0	0.0	True	40.0	0.0	0.005	"[34415817.94759221 34416106.94666764 34480673.74010416 34480962.73917958
 34481251.73825501 34481542.73732404 34481831.73639946 34482120.7354749
 34482411.73454393 34482700.73361935 34482990.73269159 34483280.73176381
 34483568.73084244 34483858.72991467 34484148.7289869  34484437.72806232
 34484727.72713456 34485017.72620678 34485306.72528221 34485597.72435123]"	0.0	0.0	0.0
2984.5012499809563	2.0	trials	7.0	0.0	0.0	0.0	0.0	0.0	True	40.0	0.0	0.005	"[34485885.72342987 34486176.72249889 34550950.51527317 34551239.5143486
 34551529.51342083 34551819.51249306 34552109.51156529 34552398.51064071
 34552688.50971295 34552978.50878517 34553267.5078606  34553557.50693283
 34553845.50601146 34554136.50508048 34554425.50415592 34554715.50322814
 34555004.50230357 34555294.5013758  34555584.50044803 34555874.49952026]"	0.0	0.0	0.0
2990.477605261309	2.0	trials	7.0	0.0	0.0	0.0	0.0	0.0	True	40.0	0.0	0.005	"[34556164.49859249 34556453.49766792 34620120.29398372 34620411.29305275
 34620700.29212818 34620990.29120041 34621280.29027263 34621569.28934807
 34621859.28842029 34622148.28749572 34622438.28656795 34622728.28564017
 34623018.2847124  34623307.28378783 34623596.28286326 34623885.28193869
 34624176.28100771 34624466.28007995 34624755.27915537 34625045.2782276 ]"	0.0	0.0	0.0
2995.8713672055037	2.0	trials	7.0	0.0	0.0	0.0	0.0	0.0	True	40.0	0.0	0.005	"[34625334.27730303 34625624.27637526 34682548.09426335 34682838.09333558
 34683128.09240781 34683417.09148323 34683706.09055866 34683997.08962769
 34684286.08870313 34684575.08777855 34684865.08685077 34685155.08592301
 34685445.08499523 34685735.08406746 34686024.08314289 34686313.08221832
 34686604.08128735 34686893.08036277 34687182.0794382  34687472.07851043]"	0.0	0.0	0.0
3001.7095693278375	2.0	trials	7.0	0.0	0.0	0.0	0.0	0.0	True	40.0	0.0	0.005	"[34687761.07758586 34688051.07665808 34750120.87808303 34750409.87715846
 34750699.87623069 34750988.87530611 34751279.87437515 34751568.87345057
 34751858.8725228  34752147.87159823 34752436.87067366 34752726.86974589
 34753017.86881492 34753306.86789034 34753596.86696257 34753885.866038
 34754175.86511023 34754465.86418246 34754754.86325789 34755043.86233331]"	0.0	0.0	0.0
3006.833764134436	2.0	trials	7.0	0.0	0.0	0.0	0.0	0.0	True	40.0	0.0	0.005	"[34755334.86140235 34755623.86047778 34809428.6883442  34809718.68741643
 34810006.68649506 34810297.68556409 34810586.68463951 34810876.68371174
 34811165.68278717 34811454.68186259 34811745.68093163 34812035.68000386
 34812324.67907929 34812613.67815471 34812903.67722695 34813193.67629917
 34813482.6753746  34813772.67444683 34814062.67351906 34814351.67259448]"	0.0	0.0	0.0
3012.2471388158847	2.0	trials	7.0	0.0	0.0	0.0	0.0	0.0	True	40.0	0.0	0.005	"[34814641.67166671 34814931.67073894 34872082.48790081 34872372.48697304
 34872662.48604526 34872952.4851175  34873241.48419292 34873531.48326515
 34873821.48233739 34874110.48141281 34874400.48048504 34874690.47955727
 34874980.47862949 34875269.47770493 34875558.47678035 34875848.47585258
 34876137.47492801 34876428.47399703 34876717.47307246 34877006.4721479 ]"	0.0	0.0	0.0
3017.5735089756804	2.0	trials	7.0	0.0	0.0	0.0	0.0	0.0	True	40.0	0.0	0.005	"[34877296.47122012 34877586.47029235 34933731.29067262 34934021.28974485
 34934310.28882028 34934599.28789571 34934890.28696474 34935179.28604016
 34935468.28511559 34935759.28418463 34936048.28326005 34936338.28233228
 34936628.28140451 34936916.28048313 34937206.27955537 34937496.27862759
 34937786.27769982 34938076.27677205 34938366.27584428 34938654.27492291]"	0.0	0.0	0.0
3022.793521075738	2.0	trials	7.0	0.0	0.0	0.0	0.0	0.0	True	40.0	0.0	0.005	"[34938945.27399193 34939234.27306736 34994147.09738906 34994437.09646129
 34994727.09553352 34995016.09460895 34995306.09368118 34995595.09275661
 34995885.09182884 34996175.09090106 34996465.08997329 34996755.08904552
 34997044.08812095 34997333.08719638 34997624.08626541 34997912.08534403
 34998203.08441307 34998492.08348849 34998781.08256391 34999072.08163295]"	0.0	0.0	0.0
3027.941562206046	2.0	trials	7.0	0.0	0.0	0.0	0.0	0.0	True	40.0	0.0	0.005	"[34999361.08070837 34999651.07978061 35053731.90676405 35054020.90583948
 35054310.9049117  35054600.90398394 35054889.90305936 35055179.90213159
 35055468.90120702 35055758.90027925 35056047.89935468 35056337.89842691
 35056627.89749914 35056916.89657456 35057206.8956468  35057496.89471902
 35057785.89379445 35058076.89286347 35058365.8919389  35058655.89101113]"	0.0	0.0	0.0
3033.3897559761012	2.0	trials	7.0	0.0	0.0	0.0	0.0	0.0	True	40.0	0.0	0.005	"[35058945.89008337 35059233.88916199 35116789.70502818 35117079.70410041
 35117368.70317584 35117658.70224806 35117948.70132029 35118237.70039572
 35118527.69946795 35118817.69854017 35119106.69761561 35119395.69669103
 35119685.69576327 35119975.69483549 35120264.69391091 35120554.69298315
 35120844.69205537 35121134.69112761 35121423.69020303 35121713.68927526]"	0.0	0.0	0.0
3039.2158621371336	2.0	trials	7.0	0.0	0.0	0.0	0.0	0.0	True	40.0	0.0	0.005	"[35122002.68835068 35122292.68742292 35184221.48929895 35184511.48837118
 35184799.48744981 35185090.48651884 35185379.48559427 35185670.48466329
 35185959.48373872 35186248.48281415 35186537.48188958 35186827.4809618
 35187117.48003404 35187407.47910626 35187696.47818169 35187986.47725392
 35188275.47632935 35188565.47540158 35188855.4744738  35189144.47354923]"	0.0	0.0	0.0
3044.5977009194726	2.0	trials	7.0	0.0	0.0	0.0	0.0	0.0	True	40.0	0.0	0.005	"[35189435.47261827 35189724.47169369 35246511.29002007 35246801.2890923
 35247091.28816453 35247379.28724316 35247669.28631538 35247960.28538441
 35248248.28446304 35248538.28353526 35248828.2826075  35249118.28167972
 35249408.28075196 35249697.27982738 35249986.27890281 35250277.27797184
 35250566.27704727 35250856.2761195  35251145.27519492 35251434.27427036]"	0.0	0.0	0.0
3050.0040772233106	2.0	trials	7.0	0.0	0.0	0.0	0.0	0.0	True	40.0	0.0	0.005	"[35251725.27333938 35252015.27241161 35309085.08983261 35309375.08890484
 35309664.08798027 35309954.0870525  35310244.08612473 35310534.08519696
 35310823.08427238 35311113.08334462 35311402.08242004 35311691.08149547
 35311982.0805645  35312271.07963993 35312560.07871535 35312851.07778438
 35313139.07686301 35313429.07593524 35313719.07500747 35314008.0740829 ]"	0.0	0.0	0.0
3055.1821854574277	2.0	trials	7.0	0.0	0.0	0.0	0.0	0.0	True	40.0	0.0	0.005	"[35314299.07315192 35314588.07222736 35369016.89809748 35369305.8971729
 35369594.89624833 35369884.89532056 35370174.89439278 35370463.89346822
 35370753.89254044 35371043.89161268 35371332.8906881  35371622.88976033
 35371912.88883256 35372201.88790799 35372492.88697702 35372780.88605564
 35373069.88513108 35373360.8842001  35373650.88327233 35373939.88234776]"	0.0	0.0	0.0
3060.8398121574623	2.0	trials	7.0	0.0	0.0	0.0	0.0	0.0	True	40.0	0.0	0.005	"[35374228.88142318 35374518.88049541 35434498.68860671 35434788.68767894
 35435076.68675756 35435366.6858298  35435656.68490203 35435946.68397425
 35436235.68304969 35436525.68212191 35436814.68119734 35437104.68026957
 35437394.67934179 35437684.67841403 35437974.67748626 35438263.67656168
 35438553.67563391 35438842.67470933 35439132.67378157 35439422.6728538 ]"	0.0	0.0	0.0
3066.155814350427	2.0	trials	7.0	0.0	0.0	0.0	0.0	0.0	True	40.0	0.0	0.005	"[35439711.67192923 35440001.67100145 35496025.49176883 35496315.49084106
 35496604.48991649 35496894.48898872 35497184.48806094 35497473.48713637
 35497763.4862086  35498053.48528083 35498342.48435626 35498633.48342529
 35498922.48250072 35499211.48157614 35499501.48064837 35499791.4797206
 35500080.47879603 35500371.47786506 35500659.47694369 35500949.47601591]"	0.0	0.0	0.0
3071.9722437424175	2.0	trials	7.0	0.0	0.0	0.0	0.0	0.0	True	40.0	0.0	0.005	"[35501238.47509134 35501529.47416037 35563346.27639472 35563635.27547015
 35563925.27454238 35564215.2736146  35564504.27269003 35564794.27176226
 35565084.27083448 35565373.26990992 35565663.26898214 35565953.26805437
 35566242.2671298  35566532.26620203 35566821.26527746 35567111.26434968
 35567401.26342192 35567690.26249734 35567980.26156957 35568270.2606418 ]"	0.0	0.0	0.0
3078.083728190463	2.0	trials	7.0	0.0	0.0	0.0	0.0	0.0	True	40.0	0.0	0.005	"[35568559.25971723 35568849.25878946 35634080.0501017  35634370.04917392
 35634660.04824615 35634950.04731838 35635239.04639381 35635529.04546604
 35635818.04454147 35636108.04361369 35636397.04268912 35636687.04176135
 35636976.04083677 35637267.03990581 35637556.03898123 35637846.03805347
 35638135.03712889 35638425.03620112 35638714.03527655 35639005.03434557]"	0.0	0.0	0.0
3083.7780747730226	2.0	trials	7.0	0.0	0.0	0.0	0.0	0.0	True	40.0	0.0	0.005	"[35639294.03342101 35639584.03249323 35699986.83925126 35700276.8383235
 35700566.83739573 35700855.83647116 35701145.83554338 35701435.83461561
 35701723.83369424 35702013.83276647 35702303.8318387  35702593.83091092
 35702883.82998315 35703172.82905858 35703461.82813401 35703752.82720304
 35704041.82627847 35704330.82535389 35704621.82442293 35704911.82349515]"	0.0	0.0	0.0
3089.231711725664	2.0	trials	7.0	0.0	0.0	0.0	0.0	0.0	True	40.0	0.0	0.005	"[35705199.82257378 35705489.821646   35763107.63731384 35763397.63638607
 35763688.63545509 35763976.63453373 35764266.63360596 35764556.63267819
 35764846.63175041 35765136.63082264 35765425.62989807 35765715.6289703
 35766004.62804573 35766294.62711795 35766583.62619338 35766874.62526241
 35767163.62433784 35767453.62341007 35767743.6224823  35768031.62156092]"	0.0	0.0	0.0
3095.3309274129597	2.0	trials	7.0	0.0	0.0	0.0	0.0	0.0	True	40.0	0.0	0.005	"[35768321.62063316 35768612.61970218 35833700.41147191 35833991.41054094
 35834279.40961956 35834569.40869179 35834858.40776722 35835149.40683625
 35835439.40590849 35835727.40498711 35836017.40405934 35836307.40313157
 35836597.40220379 35836886.40127923 35837176.40035145 35837466.39942368
 35837755.39849911 35838044.39757453 35838335.39664356 35838624.39571898]"	0.0	0.0	0.0
3100.878048866524	2.0	trials	7.0	0.0	0.0	0.0	0.0	0.0	True	40.0	0.0	0.005	"[35838914.39479122 35839203.39386664 35897903.20607293 35898193.20514517
 35898483.2042174  35898773.20328962 35899062.20236506 35899353.20143408
 35899642.20050951 35899932.19958173 35900221.19865717 35900510.1977326
 35900799.19680802 35901090.19587705 35901380.19494928 35901669.1940247
 35901959.19309694 35902249.19216917 35902539.19124139 35902827.19032002]"	0.0	0.0	0.0
3106.343954579915	2.0	trials	7.0	0.0	0.0	0.0	0.0	0.0	True	40.0	0.0	0.005	"[35903117.18939225 35903408.18846128 35961166.00368123 35961457.00275026
 35961746.00182568 35962036.00089791 35962324.99997334 35962614.99904557
 35962904.9981178  35963193.99719322 35963482.99626865 35963772.99534088
 35964062.99441311 35964352.99348534 35964641.99256077 35964931.99163299
 35965221.99070523 35965511.98977745 35965799.98885608 35966090.9879251 ]"	0.0	0.0	0.0
3112.313657081552	2.0	trials	7.0	0.0	0.0	0.0	0.0	0.0	True	40.0	0.0	0.005	"[35966380.98699734 35966668.98607596 36030259.78263491 36030548.78171034
 36030839.78077937 36031128.7798548  36031417.77893022 36031707.77800245
 36031997.77707468 36032286.77615011 36032577.77521914 36032865.77429777
 36033155.77336999 36033444.77244543 36033734.77151765 36034025.77058668
 36034314.7696621  36034605.76873113 36034893.76780976 36035184.76687879]"	0.0	0.0	0.0
3117.9658405989994	2.0	trials	7.0	0.0	0.0	0.0	0.0	0.0	True	40.0	0.0	0.005	"[36035473.76595422 36035762.76502965 36095678.57334569 36095967.57242113
 36096258.57149015 36096548.57056239 36096836.56964101 36097126.56871323
 36097415.56778867 36097706.5668577  36097996.56592993 36098286.56500216
 36098574.56408078 36098864.56315301 36099154.56222524 36099444.56129746
 36099733.5603729  36100023.55944512 36100312.55852056 36100602.55759278]"	0.0	0.0	0.0
3123.3000731336415	2.0	trials	7.0	0.0	0.0	0.0	0.0	0.0	True	40.0	0.0	0.005	"[36100891.55666821 36101182.55573724 36157418.37582639 36157707.37490181
 36157998.37397084 36158286.37304947 36158576.3721217  36158866.37119392
 36159156.37026615 36159445.36934158 36159736.36841062 36160025.36748604
 36160314.36656146 36160604.3656337  36160894.36470592 36161184.36377816
 36161473.36285358 36161762.36192901 36162052.36100123 36162342.36007347]"	0.0	0.0	0.0
3128.640094449764	2.0	trials	7.0	0.0	0.0	0.0	0.0	0.0	True	40.0	0.0	0.005	"[36162631.35914889 36162921.35822113 36219224.17809592 36219513.17717135
 36219803.17624357 36220092.175319   36220382.17439123 36220672.17346346
 36220961.17253889 36221250.17161432 36221540.17068655 36221830.16975877
 36222120.16883101 36222410.16790324 36222699.16697866 36222989.16605089
 36223278.16512632 36223568.16419855 36223858.16327078 36224147.1623462 ]"	0.0	0.0	0.0
3133.9141063770644	2.0	trials	7.0	0.0	0.0	0.0	0.0	0.0	True	40.0	0.0	0.005	"[36224436.16142163 36224726.16049386 36280265.98280966 36280554.98188508
 36280844.98095731 36281133.98003274 36281423.97910497 36281712.9781804
 36282002.97725262 36282292.97632486 36282581.97540028 36282871.97447251
 36283161.97354474 36283450.97262017 36283740.9716924  36284029.97076783
 36284320.96983685 36284609.96891228 36284899.96798451 36285188.96705994]"	0.0	0.0	0.0
3140.0040772939365	2.0	trials	7.0	0.0	0.0	0.0	0.0	0.0	True	40.0	0.0	0.005	"[36285478.96613217 36285767.96520759 36350750.75731324 36351041.75638226
 36351330.7554577  36351620.75452992 36351909.75360535 36352199.75267758
 36352489.75174981 36352778.75082523 36353068.74989747 36353357.74897289
 36353646.74804832 36353937.74711735 36354227.74618958 36354517.74526181
 36354806.74433724 36355096.74340946 36355385.7424849  36355674.74156033]"	0.0	0.0	0.0
3146.093961811085	2.0	trials	7.0	0.0	0.0	0.0	0.0	0.0	True	40.0	0.0	0.005	"[36355965.74062935 36356254.73970478 36421235.53181682 36421525.53088905
 36421814.52996448 36422104.52903671 36422394.52810894 36422683.52718436
 36422973.5262566  36423262.52533202 36423553.52440105 36423842.52347648
 36424131.5225519  36424421.52162413 36424711.52069636 36425000.51977179
 36425290.51884402 36425580.51791625 36425870.51698848 36426159.51606391]"	0.0	0.0	0.0
3152.161814398718	2.0	trials	7.0	0.0	0.0	0.0	0.0	0.0	True	40.0	0.0	0.005	"[36426449.51513613 36426739.51420836 36491467.3071298  36491756.30620523
 36492044.30528386 36492335.30435289 36492624.30342831 36492913.30250374
 36493204.30157278 36493492.3006514  36493783.29972043 36494073.29879266
 36494362.29786809 36494652.29694032 36494941.29601574 36495231.29508798
 36495520.2941634  36495810.29323563 36496100.29230785 36496389.29138329]"	0.0	0.0	0.0
3157.445071096443	2.0	trials	7.0	0.0	0.0	0.0	0.0	0.0	True	40.0	0.0	0.005	"[36496679.29045551 36496968.28953094 36552614.11150762 36552905.11057665
 36553194.10965208 36553483.10872751 36553773.10779974 36554063.10687196
 36554352.10594739 36554642.10501962 36554931.10409505 36555221.10316728
 36555511.1022395  36555801.10131174 36556090.10038716 36556380.09945939
 36556669.09853482 36556960.09760385 36557248.09668248 36557539.0957515 ]"	0.0	0.0	0.0
3162.7501005245117	2.0	trials	7.0	0.0	0.0	0.0	0.0	0.0	True	40.0	0.0	0.005	"[36557828.09482694 36558118.09389916 36614013.91507604 36614304.91414507
 36614594.9132173  36614883.91229273 36615173.91136496 36615462.91044039
 36615752.90951261 36616041.90858804 36616331.90766027 36616621.9067325
 36616911.90580472 36617200.90488016 36617490.90395238 36617780.90302461
 36618069.90210003 36618360.90116907 36618648.90024769 36618939.89931673]"	0.0	0.0	0.0
3168.1861983332647	2.0	trials	7.0	0.0	0.0	0.0	0.0	0.0	True	40.0	0.0	0.005	"[36619228.89839216 36619517.89746758 36676932.71378485 36677222.71285709
 36677512.71192931 36677803.71099834 36678091.71007697 36678381.7091492
 36678670.70822463 36678960.70729686 36679250.70636908 36679540.70544131
 36679829.70451674 36680119.70358897 36680408.7026644  36680698.70173662
 36680987.70081206 36681278.69988108 36681567.69895651 36681857.69802874]"	0.0	0.0	0.0
3173.9100072215674	2.0	trials	7.0	0.0	0.0	0.0	0.0	0.0	True	40.0	0.0	0.005	"[36682146.69710417 36682436.69617639 36743180.5018435  36743470.50091572
 36743760.49998795 36744050.49906018 36744340.49813242 36744629.49720784
 36744919.49628007 36745209.4953523  36745498.49442773 36745788.49349996
 36746077.49257538 36746366.49165081 36746656.49072304 36746946.48979527
 36747236.48886749 36747526.48793973 36747815.48701515 36748105.48608737]"	0.0	0.0	0.0
3179.934573547683	2.0	trials	7.0	0.0	0.0	0.0	0.0	0.0	True	40.0	0.0	0.005	"[36748395.48515961 36748684.48423503 36812909.27876568 36813198.27784111
 36813489.27691013 36813778.27598557 36814068.27505779 36814358.27413002
 36814647.27320545 36814936.27228088 36815226.27135311 36815516.27042533
 36815806.26949757 36816095.26857299 36816385.26764522 36816674.26672065
 36816964.26579288 36817255.2648619  36817542.26394373 36817833.26301277]"	0.0	0.0	0.0
3185.502344535185	2.0	trials	7.0	0.0	0.0	0.0	0.0	0.0	True	40.0	0.0	0.005	"[36818123.262085   36818412.26116042 36877352.0725989  36877641.07167432
 36877931.07074656 36878221.06981878 36878510.06889421 36878800.06796644
 36879089.06704187 36879379.0661141  36879669.06518632 36879958.06426176
 36880248.06333398 36880539.06240301 36880828.06147844 36881117.06055387
 36881406.0596293  36881697.05869833 36881985.05777695 36882275.05684918]"	0.0	0.0	0.0
3191.4062968471712	2.0	trials	7.0	0.0	0.0	0.0	0.0	0.0	True	40.0	0.0	0.005	"[36882565.05592141 36882855.05499364 36945684.85398719 36945974.85305941
 36946263.85213485 36946553.85120707 36946842.85028251 36947133.84935153
 36947421.84843015 36947711.84750239 36948001.8465746  36948290.84565004
 36948579.84472547 36948870.84379449 36949159.84286993 36949449.84194215
 36949739.84101438 36950029.84008661 36950318.83916204 36950607.83823746]"	0.0	0.0	0.0
3197.4957493657007	2.0	trials	7.0	0.0	0.0	0.0	0.0	0.0	True	40.0	0.0	0.005	"[36950898.83730649 36951187.83638193 37016163.62850996 37016454.62757899
 37016743.62665442 37017033.62572665 37017323.62479888 37017613.6238711
 37017902.62294653 37018192.62201876 37018481.62109419 37018770.62016962
 37019060.61924184 37019350.61831408 37019640.6173863  37019930.61645854
 37020220.61553076 37020508.61460938 37020798.61368162 37021087.61275704]"	0.0	0.0	0.0
3203.1608064419643	2.0	trials	7.0	0.0	0.0	0.0	0.0	0.0	True	40.0	0.0	0.005	"[37021378.61182607 37021667.6109015  37081731.41874406 37082021.4178163
 37082310.41689172 37082601.41596076 37082890.41503618 37083180.41410841
 37083469.41318383 37083759.41225607 37084048.41133149 37084339.41040052
 37084628.40947595 37084917.40855137 37085207.40762361 37085497.40669584
 37085786.40577126 37086076.40484349 37086366.40391572 37086656.40298795]"	0.0	0.0	0.0
3208.5189717000408	2.0	trials	7.0	0.0	0.0	0.0	0.0	0.0	True	40.0	0.0	0.005	"[37086945.40206338 37087235.4011356  37143748.22033857 37144036.2194172
 37144327.21848623 37144616.21756165 37144907.21663068 37145196.21570612
 37145485.21478154 37145775.21385378 37146065.212926   37146354.21200142
 37146644.21107366 37146934.21014588 37147223.20922131 37147513.20829354
 37147802.20736897 37148092.2064412  37148382.20551343 37148671.20458885]"	0.0	0.0	0.0
3214.029200471632	2.0	trials	7.0	0.0	0.0	0.0	0.0	0.0	True	40.0	0.0	0.005	"[37148961.20366108 37149250.20273651 37207524.01630567 37207813.01538109
 37208103.01445331 37208393.01352555 37208683.01259778 37208972.0116732
 37209262.01074544 37209551.00982086 37209841.00889309 37210131.00796532
 37210420.00704075 37210709.00611617 37210999.00518841 37211290.00425743
 37211579.00333286 37211868.00240829 37212159.00147732 37212447.00055594]"	0.0	0.0	0.0
3219.444130348106	2.0	trials	7.0	0.0	0.0	0.0	0.0	0.0	True	40.0	0.0	0.005	"[37212737.99962498 37213026.9987004  37270195.81580468 37270485.81487691
 37270774.81395234 37271064.81302457 37271354.8120968  37271644.81116903
 37271934.81024125 37272223.80931668 37272512.80839211 37272803.80746114
 37273092.80653657 37273382.80560879 37273671.80468423 37273961.80375645
 37274250.80283188 37274541.80190091 37274830.80097634 37275119.80005177]"	0.0	0.0	0.0
3237.8096875927354	2.0	trials	8.0	0.0	0.0	0.0	0.0	0.0	True	40.0	0.0	0.005	"[37275409.799124   37275698.79819942 37482761.1357611  37483051.13483334
 37483340.13390876 37483630.13298099 37483919.13205642 37484209.13112865
 37484498.13020407 37484788.12927631 37485078.12834854 37485368.12742076
 37485658.12649299 37485948.12556522 37486236.12464385 37486526.12371608
 37486816.1227883  37487106.12186053 37487396.12093276 37487685.12000819]"	0.0	0.0	0.0
3243.147203316873	2.0	trials	8.0	0.0	0.0	0.0	0.0	0.0	True	40.0	0.0	0.005	"[37487974.11908361 37488264.11815584 37544537.93812342 37544827.93719564
 37545117.93626788 37545405.93534651 37545695.93441873 37545985.93349096
 37546274.93256639 37546564.93163862 37546854.93071084 37547143.92978628
 37547434.92885531 37547723.92793074 37548013.92700296 37548302.92607839
 37548592.92515062 37548882.92422285 37549171.92329828 37549460.9223737 ]"	0.0	0.0	0.0
3248.6855119986312	2.0	trials	8.0	0.0	0.0	0.0	0.0	0.0	True	40.0	0.0	0.005	"[37549750.92144593 37550041.92051496 37608637.73305397 37608926.7321294
 37609216.73120163 37609506.73027385 37609796.72934608 37610086.72841831
 37610375.72749374 37610664.72656917 37610955.7256382  37611245.72471042
 37611533.72378906 37611823.72286128 37612113.72193351 37612403.72100574
 37612692.72008117 37612982.7191534  37613272.71822562 37613561.71730105]"	0.0	0.0	0.0
3254.487426237058	2.0	trials	8.0	0.0	0.0	0.0	0.0	0.0	True	40.0	0.0	0.005	"[37613850.71637648 37614141.7154455  37675790.51821733 37676079.51729275
 37676369.51636498 37676658.5154404  37676948.51451263 37677238.51358487
 37677527.51266029 37677817.51173253 37678106.51080795 37678397.50987697
 37678686.50895241 37678976.50802463 37679266.50709686 37679555.50617229
 37679844.50524772 37680134.50431995 37680424.50339217 37680713.5024676 ]"	0.0	0.0	0.0
3260.2676541448654	2.0	trials	8.0	0.0	0.0	0.0	0.0	0.0	True	40.0	0.0	0.005	"[37681003.50153983 37681292.50061526 37742690.30419008 37742980.3032623
 37743269.30233774 37743559.30140996 37743848.30048539 37744138.29955762
 37744428.29862985 37744717.29770528 37745007.29677751 37745297.29584973
 37745587.29492196 37745876.29399739 37746165.29307281 37746456.29214185
 37746745.29121727 37747035.2902895  37747325.28936173 37747614.28843716]"	0.0	0.0	0.0
3266.2773597185237	2.0	trials	8.0	0.0	0.0	0.0	0.0	0.0	True	40.0	0.0	0.005	"[37747903.28751259 37748193.28658482 37812247.08166253 37812536.08073796
 37812825.07981338 37813116.07888241 37813406.07795464 37813696.07702687
 37813985.07610229 37814275.07517453 37814564.07424995 37814854.07332218
 37815143.07239761 37815433.07146984 37815723.07054207 37816012.06961749
 37816302.06868973 37816591.06776515 37816881.06683739 37817171.06590961]"	0.0	0.0	0.0
3272.39126335883	2.0	trials	8.0	0.0	0.0	0.0	0.0	0.0	True	40.0	0.0	0.005	"[37817461.06498184 37817750.06405727 37883009.85527673 37883299.85434896
 37883589.85342119 37883879.85249341 37884167.85157204 37884458.85064107
 37884747.8497165  37885037.84878873 37885327.84786096 37885616.84693638
 37885905.84601182 37886195.84508404 37886485.84415627 37886775.8432285
 37887065.84230072 37887354.84137616 37887644.84044838 37887934.83952062]"	0.0	0.0	0.0
3278.4451191912412	2.0	trials	8.0	0.0	0.0	0.0	0.0	0.0	True	40.0	0.0	0.005	"[37888222.83859923 37888513.83766827 37953078.63111118 37953367.63018661
 37953657.62925884 37953947.62833107 37954236.62740649 37954526.62647873
 37954816.62555096 37955105.62462638 37955395.62369861 37955684.62277403
 37955974.62184627 37956264.6209185  37956554.61999072 37956843.61906616
 37957133.61813838 37957422.61721381 37957713.61628284 37958001.61536147]"	0.0	0.0	0.0
3283.767514963752	2.0	trials	8.0	0.0	0.0	0.0	0.0	0.0	True	40.0	0.0	0.005	"[37958291.61443369 37958581.61350592 38014680.43403336 38014969.43310879
 38015259.43218102 38015548.43125644 38015838.43032867 38016127.4294041
 38016418.42847313 38016708.42754536 38016997.42662079 38017286.42569622
 38017577.42476524 38017865.42384387 38018156.4229129  38018445.42198833
 38018735.42106056 38019024.42013599 38019314.41920821 38019603.41828364]"	0.0	0.0	0.0
3289.3531706940357	2.0	trials	8.0	0.0	0.0	0.0	0.0	0.0	True	40.0	0.0	0.005	"[38019893.41735587 38020183.4164281  38079329.22720754 38079618.22628297
 38079908.22535519 38080198.22442742 38080487.22350285 38080776.22257829
 38081067.22164731 38081356.22072273 38081645.21979817 38081935.21887039
 38082225.21794263 38082514.21701805 38082804.21609028 38083094.21516252
 38083384.21423474 38083674.21330697 38083963.2123824  38084252.21145782]"	0.0	0.0	0.0
3295.4372664297043	2.0	trials	8.0	0.0	0.0	0.0	0.0	0.0	True	40.0	0.0	0.005	"[38084542.21053005 38084832.20960228 38149746.00192867 38150036.0010009
 38150326.00007313 38150614.99914856 38150904.99822078 38151194.99729302
 38151483.99636844 38151773.99544066 38152062.9945161  38152352.99358832
 38152642.99266056 38152932.99173278 38153221.99080821 38153510.98988364
 38153801.98895267 38154090.98802809 38154380.98710033 38154669.98617575]"	0.0	0.0	0.0
3301.3379355521934	2.0	trials	8.0	0.0	0.0	0.0	0.0	0.0	True	40.0	0.0	0.005	"[38154959.98524798 38155248.98432341 38218041.78343532 38218331.78250755
 38218620.78158298 38218909.78065841 38219199.77973064 38219489.77880286
 38219779.7778751  38220068.77695052 38220358.77602275 38220648.77509498
 38220938.77416721 38221227.77324264 38221517.77231487 38221806.77139029
 38222096.77046253 38222386.76953475 38222676.76860698 38222965.76768241]"	0.0	0.0	0.0
3306.873652242244	2.0	trials	8.0	0.0	0.0	0.0	0.0	0.0	True	40.0	0.0	0.005	"[38223255.76675463 38223545.76582687 38282111.57846185 38282401.57753408
 38282691.5766063  38282981.57567853 38283270.57475396 38283559.57382939
 38283850.57289842 38284139.57197385 38284429.57104608 38284718.5701215
 38285008.56919373 38285298.56826597 38285588.56733819 38285877.56641362
 38286167.56548585 38286456.56456127 38286745.56363671 38287035.56270893]"	0.0	0.0	0.0
3312.735614288566	2.0	trials	8.0	0.0	0.0	0.0	0.0	0.0	True	40.0	0.0	0.005	"[38287325.56178116 38287615.56085338 38349958.36140495 38350248.36047718
 38350538.3595494  38350827.35862483 38351117.35769706 38351407.35676929
 38351696.35584472 38351986.35491695 38352276.35398918 38352565.3530646
 38352855.35213684 38353144.35121226 38353433.35028769 38353723.34935992
 38354014.34842895 38354302.34750758 38354593.3465766  38354882.34565204]"	0.0	0.0	0.0
3317.883482619427	2.0	trials	8.0	0.0	0.0	0.0	0.0	0.0	True	40.0	0.0	0.005	"[38355172.34472426 38355461.34379969 38409541.17078634 38409830.16986176
 38410120.16893399 38410409.16800942 38410699.16708165 38410989.16615388
 38411278.16522931 38411568.16430153 38411858.16337377 38412147.16244919
 38412437.16152142 38412727.16059365 38413016.15966907 38413306.1587413
 38413595.15781673 38413886.15688576 38414175.15596119 38414465.15503342]"	0.0	0.0	0.0
3323.7157231608344	2.0	trials	8.0	0.0	0.0	0.0	0.0	0.0	True	40.0	0.0	0.005	"[38414754.15410884 38415044.15318108 38477043.95482997 38477332.95390539
 38477623.95297442 38477912.95204985 38478202.95112208 38478491.95019751
 38478781.94926973 38479070.94834516 38479359.94742059 38479650.94648962
 38479939.94556505 38480229.94463728 38480519.94370951 38480808.94278494
 38481097.94186036 38481387.94093259 38481677.94000482 38481967.93907705]"	0.0	0.0	0.0
3329.7935981164037	2.0	trials	8.0	0.0	0.0	0.0	0.0	0.0	True	40.0	0.0	0.005	"[38482257.93814928 38482546.93722471 38547389.72977824 38547679.72885046
 38547967.72792909 38548258.72699812 38548547.72607356 38548836.72514898
 38549126.72422121 38549416.72329344 38549706.72236567 38549996.72143789
 38550285.72051332 38550575.71958555 38550865.71865778 38551154.7177332
 38551444.71680544 38551733.71588086 38552022.71495629 38552312.71402852]"	0.0	0.0	0.0
3335.6374162207712	2.0	trials	8.0	0.0	0.0	0.0	0.0	0.0	True	40.0	0.0	0.005	"[38552602.71310075 38552892.71217299 38615025.51339637 38615315.5124686
 38615605.51154083 38615894.51061626 38616184.50968849 38616474.50876071
 38616764.50783294 38617054.50690517 38617342.5059838  38617632.50505603
 38617922.50412825 38618212.50320049 38618502.50227271 38618791.50134815
 38619081.50042037 38619370.4994958  38619660.49856803 38619949.49764346]"	0.0	0.0	0.0
3340.8213132363685	2.0	trials	8.0	0.0	0.0	0.0	0.0	0.0	True	40.0	0.0	0.005	"[38620239.49671569 38620529.49578791 38675025.32144368 38675315.32051592
 38675604.31959134 38675893.31866677 38676184.3177358  38676473.31681123
 38676763.31588346 38677053.31495569 38677342.31403112 38677632.31310334
 38677921.31217877 38678211.311251   38678501.31032323 38678791.30939545
 38679080.30847089 38679369.30754631 38679660.30661535 38679949.30569077]"	0.0	0.0	0.0
3346.7853997559723	2.0	trials	8.0	0.0	0.0	0.0	0.0	0.0	True	40.0	0.0	0.005	"[38680239.304763   38680528.30383843 38744054.10060532 38744343.09968075
 38744633.09875298 38744923.09782521 38745213.09689743 38745502.09597286
 38745791.09504829 38746081.09412052 38746371.09319275 38746660.09226818
 38746951.0913372  38747240.09041263 38747529.08948807 38747819.08856029
 38748109.08763252 38748399.08670475 38748687.08578337 38748978.0848524 ]"	0.0	0.0	0.0
3352.215622383521	2.0	trials	8.0	0.0	0.0	0.0	0.0	0.0	True	40.0	0.0	0.005	"[38749267.08392783 38749557.08300006 38806903.89953489 38807192.89861031
 38807481.89768574 38807772.89675477 38808061.89583019 38808351.89490243
 38808641.89397465 38808930.89305008 38809219.8921255  38809510.89119454
 38809799.89026996 38810089.8893422  38810378.88841762 38810668.88748985
 38810958.88656208 38811248.88563431 38811537.88470974 38811826.88378517]"	0.0	0.0	0.0
3358.1613921617236	2.0	trials	8.0	0.0	0.0	0.0	0.0	0.0	True	40.0	0.0	0.005	"[38812115.88286059 38812405.88193282 38875720.67937475 38876010.67844699
 38876299.67752241 38876588.67659783 38876878.67567006 38877168.67474229
 38877457.67381772 38877748.67288674 38878037.67196218 38878327.6710344
 38878616.67010984 38878905.66918527 38879196.66825429 38879486.66732652
 38879775.66640195 38880064.66547737 38880354.6645496  38880643.66362503]"	0.0	0.0	0.0
3364.191488070149	2.0	trials	8.0	0.0	0.0	0.0	0.0	0.0	True	40.0	0.0	0.005	"[38880933.66269726 38881222.66177269 38945512.45609538 38945802.45516761
 38946092.45423984 38946382.45331208 38946671.4523875  38946961.45145973
 38947250.45053516 38947540.44960738 38947830.44867961 38948120.44775184
 38948409.44682727 38948699.4458995  38948989.44497173 38949279.44404395
 38949568.44311938 38949857.44219481 38950147.44126704 38950437.44033927]"	0.0	0.0	0.0
3369.7780941973933	2.0	trials	8.0	0.0	0.0	0.0	0.0	0.0	True	40.0	0.0	0.005	"[38950726.4394147  38951016.43848692 39010172.24923437 39010462.2483066
 39010752.24737883 39011041.24645426 39011331.24552649 39011621.24459872
 39011911.24367094 39012200.24274638 39012490.2418186  39012779.24089403
 39013069.23996626 39013358.23904169 39013648.23811392 39013938.23718614
 39014228.23625837 39014517.23533379 39014806.23440924 39015096.23348145]"	0.0	0.0	0.0
3374.9470440608093	2.0	trials	8.0	0.0	0.0	0.0	0.0	0.0	True	40.0	0.0	0.005	"[39015386.23255369 39015676.23162591 39069998.05783834 39070288.05691058
 39070578.05598281 39070867.05505824 39071156.05413366 39071446.05320588
 39071736.05227812 39072026.05135035 39072315.05042578 39072605.04949801
 39072895.04857023 39073184.04764566 39073474.04671789 39073764.04579011
 39074053.04486555 39074342.04394098 39074632.04301321 39074921.04208863]"	0.0	0.0	0.0
3380.259763064278	2.0	trials	8.0	0.0	0.0	0.0	0.0	0.0	True	40.0	0.0	0.005	"[39075211.04116086 39075502.04022989 39131487.86111885 39131777.86019107
 39132067.8592633  39132356.85833873 39132646.85741095 39132935.85648638
 39133226.85555541 39133515.85463084 39133805.85370307 39134095.85277529
 39134383.85185392 39134674.85092295 39134964.84999518 39135252.8490738
 39135542.84814604 39135832.84721827 39136122.84629049 39136412.84536272]"	0.0	0.0	0.0
3386.199830460724	2.0	trials	8.0	0.0	0.0	0.0	0.0	0.0	True	40.0	0.0	0.005	"[39136701.84443815 39136990.84351358 39200239.64116666 39200528.64024208
 39200818.63931431 39201108.63838654 39201397.63746197 39201687.6365342
 39201976.63560963 39202266.63468186 39202555.63375728 39202846.63282631
 39203136.63189854 39203424.63097716 39203715.6300462  39204004.62912162
 39204294.62819386 39204583.62726928 39204873.62634151 39205163.62541374]"	0.0	0.0	0.0
3391.9659752135854	2.0	trials	8.0	0.0	0.0	0.0	0.0	0.0	True	40.0	0.0	0.005	"[39205452.62448917 39205741.62356459 39266977.42765768 39267266.42673311
 39267556.42580534 39267845.42488077 39268134.42395619 39268424.42302842
 39268713.42210385 39269003.42117608 39269293.42024831 39269583.41932054
 39269872.41839597 39270162.4174682  39270452.41654042 39270741.41561585
 39271031.41468808 39271321.4137603  39271610.41283573 39271900.41190796]"	0.0	0.0	0.0
3397.2456031229194	2.0	trials	8.0	0.0	0.0	0.0	0.0	0.0	True	40.0	0.0	0.005	"[39272189.41098339 39272479.41005562 39328083.23216667 39328373.23123889
 39328662.23031433 39328952.22938655 39329242.22845878 39329532.22753101
 39329821.22660644 39330112.22567546 39330400.2247541  39330691.22382312
 39330979.22290175 39331269.22197398 39331559.22104621 39331848.22012164
 39332138.21919386 39332428.2182661  39332717.21734152 39333007.21641375]"	0.0	0.0	0.0
3402.5194422507725	2.0	trials	8.0	0.0	0.0	0.0	0.0	0.0	True	40.0	0.0	0.005	"[39333297.21548598 39333587.21455821 39389123.0368868  39389413.03595903
 39389702.03503446 39389993.03410348 39390282.03317892 39390572.03225114
 39390862.03132337 39391151.0303988  39391441.02947103 39391730.02854646
 39392020.02761868 39392310.02669092 39392599.02576634 39392889.02483857
 39393179.0239108  39393468.02298623 39393758.02205846 39394048.02113069]"	0.0	0.0	0.0
3408.4417113041586	2.0	trials	8.0	0.0	0.0	0.0	0.0	0.0	True	40.0	0.0	0.005	"[39394337.02020611 39394626.01928154 39457669.81759045 39457957.81666908
 39458247.81574132 39458537.81481354 39458827.81388577 39459116.8129612
 39459406.81203342 39459695.81110885 39459986.81017788 39460275.80925331
 39460565.80832554 39460854.80740097 39461143.80647639 39461434.80554543
 39461723.80462085 39462012.80369628 39462302.80276851 39462592.80184074]"	0.0	0.0	0.0
3414.387826681256	2.0	trials	8.0	0.0	0.0	0.0	0.0	0.0	True	40.0	0.0	0.005	"[39462881.80091617 39463171.7999884  39526488.59742392 39526779.59649295
 39527068.59556838 39527357.59464381 39527647.59371604 39527937.59278826
 39528226.59186369 39528516.59093592 39528805.59001135 39529095.58908358
 39529385.58815581 39529675.58722804 39529964.58630347 39530254.5853757
 39530544.58444792 39530833.58352336 39531123.58259558 39531412.58167101]"	0.0	0.0	0.0
3419.745559940713	2.0	trials	8.0	0.0	0.0	0.0	0.0	0.0	True	40.0	0.0	0.005	"[39531702.58074324 39531992.57981546 39588500.39903443 39588789.39810985
 39589079.39718208 39589368.39625751 39589659.39532654 39589948.39440197
 39590238.39347419 39590528.39254642 39590818.39161865 39591107.39069408
 39591396.3897695  39591686.38884174 39591976.38791396 39592266.3869862
 39592555.38606162 39592844.38513705 39593134.38420928 39593424.38328151]"	0.0	0.0	0.0
3425.115648360645	2.0	trials	8.0	0.0	0.0	0.0	0.0	0.0	True	40.0	0.0	0.005	"[39593714.38235373 39594004.38142597 39650653.20019384 39650943.19926606
 39651232.1983415  39651522.19741372 39651811.19648915 39652102.19555818
 39652391.1946336  39652680.19370904 39652970.19278126 39653260.19185349
 39653549.19092892 39653840.18999795 39654129.18907338 39654418.1881488
 39654708.18722103 39654998.18629327 39655287.18536869 39655577.18444092]"	0.0	0.0	0.0
3431.0135526919794	2.0	trials	8.0	0.0	0.0	0.0	0.0	0.0	True	40.0	0.0	0.005	"[39655867.18351315 39656156.18258858 39718915.98180606 39719205.98087829
 39719495.97995052 39719784.97902595 39720073.97810138 39720363.97717361
 39720653.97624584 39720942.97532126 39721233.97439029 39721522.97346573
 39721811.97254115 39722102.97161018 39722390.9706888  39722680.96976103
 39722970.96883327 39723260.96790548 39723550.96697772 39723839.96605315]"	0.0	0.0	0.0
3436.8875242998797	2.0	trials	8.0	0.0	0.0	0.0	0.0	0.0	True	40.0	0.0	0.005	"[39724129.96512537 39724418.96420081 39786902.76430128 39787191.76337671
 39787481.76244894 39787771.76152116 39788061.7605934  39788351.75966562
 39788640.75874105 39788929.75781648 39789219.7568887  39789508.75596414
 39789799.75503317 39790088.75410859 39790377.75318401 39790667.75225625
 39790956.75133167 39791247.75040071 39791537.74947293 39791825.74855156]"	0.0	0.0	0.0
3442.6355251107875	2.0	trials	8.0	0.0	0.0	0.0	0.0	0.0	True	40.0	0.0	0.005	"[39792115.74762379 39792405.74669602 39853429.55146734 39853720.55053637
 39854009.5496118  39854299.54868402 39854588.54775946 39854878.54683168
 39855167.54590711 39855458.54497614 39855746.54405477 39856036.54312699
 39856326.54219922 39856616.54127145 39856906.54034369 39857195.53941911
 39857484.53849453 39857774.53756677 39858064.53663899 39858354.53571122]"	0.0	0.0	0.0
3448.61162119197	2.0	trials	8.0	0.0	0.0	0.0	0.0	0.0	True	40.0	0.0	0.005	"[39858643.53478665 39858933.53385888 39922598.33018108 39922887.3292565
 39923176.32833195 39923466.32740416 39923755.32647959 39924045.32555182
 39924334.32462725 39924624.32369948 39924915.32276851 39925204.32184394
 39925493.32091936 39925783.3199916  39926073.31906382 39926362.31813925
 39926652.31721148 39926942.31628371 39927232.31535593 39927521.31443137]"	0.0	0.0	0.0
3454.498293559238	2.0	trials	8.0	0.0	0.0	0.0	0.0	0.0	True	40.0	0.0	0.005	"[39927811.31350359 39928101.31257582 39990731.11220921 39991021.11128144
 39991310.11035687 39991599.10943229 39991889.10850453 39992179.10757675
 39992468.10665218 39992758.10572441 39993048.10479664 39993338.10386886
 39993627.1029443  39993917.10201652 39994207.10108875 39994496.10016418
 39994786.09923641 39995075.09831184 39995365.09738407 39995655.0964563 ]"	0.0	0.0	0.0
3460.3896315115794	2.0	trials	8.0	0.0	0.0	0.0	0.0	0.0	True	40.0	0.0	0.005	"[39995945.09552853 39996234.09460395 40058916.89406778 40059207.89313681
 40059496.89221223 40059786.89128447 40060076.89035669 40060365.88943212
 40060654.88850755 40060944.88757978 40061234.88665201 40061524.88572423
 40061813.88479967 40062103.88387189 40062392.88294733 40062682.88201955
 40062972.88109178 40063261.88016721 40063551.87923943 40063840.87831487]"	0.0	0.0	0.0
3466.4675928668726	2.0	trials	8.0	0.0	0.0	0.0	0.0	0.0	True	40.0	0.0	0.005	"[40064130.87738709 40064420.87645932 40129264.66900966 40129554.66808188
 40129843.66715731 40130133.66622954 40130423.66530176 40130712.6643772
 40131002.66344942 40131291.66252485 40131582.66159388 40131871.6606693
 40132161.65974154 40132450.65881696 40132739.6578924  40133030.65696143
 40133319.65603685 40133608.65511228 40133898.65418451 40134188.65325674]"	0.0	0.0	0.0
3471.610968412106	2.0	trials	8.0	0.0	0.0	0.0	0.0	0.0	True	40.0	0.0	0.005	"[40134477.65233216 40134767.6514044  40188794.4785606  40189083.47763602
 40189374.47670505 40189663.47578048 40189952.47485591 40190242.47392814
 40190532.47300037 40190822.47207259 40191111.47114802 40191400.47022345
 40191690.46929568 40191980.46836791 40192269.46744333 40192559.46651557
 40192849.46558779 40193139.46466003 40193429.46373225 40193717.46281087]"	0.0	0.0	0.0
3477.531855069916	2.0	trials	8.0	0.0	0.0	0.0	0.0	0.0	True	40.0	0.0	0.005	"[40194008.46187991 40194297.46095534 40257323.25932184 40257612.25839727
 40257902.25746949 40258192.25654172 40258482.25561395 40258771.25468937
 40259060.25376481 40259350.25283703 40259640.25190926 40259930.25098149
 40260219.25005691 40260509.24912915 40260798.24820457 40261088.24727681
 40261378.24634904 40261667.24542446 40261957.24449669 40262246.24357212]"	0.0	0.0	0.0
3483.5904628871253	2.0	trials	8.0	0.0	0.0	0.0	0.0	0.0	True	40.0	0.0	0.005	"[40262537.24264114 40262826.24171658 40327446.03498353 40327736.03405576
 40328025.03313119 40328315.03220342 40328604.03127885 40328893.03035427
 40329183.02942651 40329472.02850193 40329762.02757416 40330052.02664639
 40330342.02571861 40330632.02479085 40330920.02386948 40331211.0229385
 40331499.02201713 40331790.02108616 40332079.02016158 40332369.01923382]"	0.0	0.0	0.0
3488.729864045075	2.0	trials	8.0	0.0	0.0	0.0	0.0	0.0	True	40.0	0.0	0.005	"[40332659.01830604 40332948.01738147 40386929.84468164 40387219.84375387
 40387507.8428325  40387797.84190472 40388088.84097376 40388377.84004918
 40388666.83912461 40388956.83819684 40389245.83727227 40389535.8363445
 40389825.83541673 40390115.83448895 40390404.83356439 40390693.83263981
 40390984.83170884 40391273.83078427 40391563.82985649 40391853.82892872]"	0.0	0.0	0.0
3494.7044913309555	2.0	trials	8.0	0.0	0.0	0.0	0.0	0.0	True	40.0	0.0	0.005	"[40392142.82800415 40392432.82707638 40456080.62345297 40456369.6225284
 40456659.62160063 40456948.62067605 40457238.61974829 40457528.61882051
 40457817.61789594 40458107.61696817 40458396.6160436  40458686.61511583
 40458975.61419126 40459265.61326348 40459555.61233571 40459844.61141114
 40460134.61048337 40460423.60955879 40460713.60863102 40461003.60770325]"	0.0	0.0	0.0
3499.984032840566	2.0	trials	8.0	0.0	0.0	0.0	0.0	0.0	True	40.0	0.0	0.005	"[40461293.60677548 40461583.60584771 40517186.42796196 40517475.42703738
 40517764.42611282 40518055.42518184 40518344.42425727 40518634.42332949
 40518924.42240173 40519213.42147715 40519503.42054939 40519792.41962481
 40520082.41869704 40520371.41777246 40520662.4168415  40520951.41591693
 40521241.41498915 40521530.41406459 40521819.41314001 40522110.41220904]"	0.0	0.0	0.0
3505.7365264371006	2.0	trials	8.0	0.0	0.0	0.0	0.0	0.0	True	40.0	0.0	0.005	"[40522399.41128447 40522688.4103599  40583765.21496166 40584055.21403389
 40584345.21310612 40584635.21217835 40584924.21125377 40585214.210326
 40585503.20940143 40585794.20847046 40586083.20754588 40586372.20662132
 40586663.20569034 40586952.20476577 40587241.2038412  40587531.20291343
 40587820.20198885 40588111.20105789 40588401.20013011 40588690.19920555]"	0.0	0.0	0.0
3511.1683906593976	2.0	trials	8.0	0.0	0.0	0.0	0.0	0.0	True	40.0	0.0	0.005	"[40588979.19828097 40589269.19735319 40646634.01383044 40646924.01290266
 40647214.01197489 40647503.01105032 40647792.01012575 40648082.00919798
 40648372.0082702  40648662.00734243 40648951.00641786 40649241.00549009
 40649530.00456552 40649820.00363775 40650110.00270998 40650399.0017854
 40650689.00085764 40650979.99992666 40651267.99900529 40651557.99807752]"	0.0	0.0	0.0
3516.3932411439764	2.0	trials	8.0	0.0	0.0	0.0	0.0	0.0	True	40.0	0.0	0.005	"[40651846.99715294 40652136.99622518 40707106.82036452 40707396.81943675
 40707686.81850898 40707976.81758121 40708265.81665663 40708554.81573206
 40708845.8148011  40709134.81387652 40709423.81295195 40709713.81202418
 40710003.81109641 40710293.81016863 40710582.80924407 40710871.80831949
 40711162.80738852 40711450.80646715 40711740.80553938 40712031.8046084 ]"	0.0	0.0	0.0
3545.760939190389	2.0	trials	9.0	0.0	0.0	0.0	0.0	0.0	True	5.0	0.0	0.01	"[40712320.80368383 40712610.80275606 41047057.73278619               nan
               nan               nan               nan               nan
               nan               nan               nan               nan
               nan               nan               nan               nan
               nan               nan               nan               nan]"	0.0	0.0	0.0
3551.814967822247	2.0	trials	9.0	0.0	0.0	0.0	0.0	0.0	True	5.0	0.0	0.01	"[41049374.72537363 41051691.71796105 41117127.50861745               nan
               nan               nan               nan               nan
               nan               nan               nan               nan
               nan               nan               nan               nan
               nan               nan               nan               nan]"	0.0	0.0	0.0
3556.988756070185	2.0	trials	9.0	0.0	0.0	0.0	0.0	0.0	True	5.0	0.0	0.01	"[41119444.50120488 41121761.4937923  41177009.31704227               nan
               nan               nan               nan               nan
               nan               nan               nan               nan
               nan               nan               nan               nan
               nan               nan               nan               nan]"	0.0	0.0	0.0
3562.4828280934657	2.0	trials	9.0	0.0	0.0	0.0	0.0	0.0	True	5.0	0.0	0.01	"[41179326.3096297  41181643.30221713 41240598.11360762               nan
               nan               nan               nan               nan
               nan               nan               nan               nan
               nan               nan               nan               nan
               nan               nan               nan               nan]"	0.0	0.0	0.0
3567.810667048562	2.0	trials	9.0	0.0	0.0	0.0	0.0	0.0	True	5.0	0.0	0.01	"[41242915.10619505 41245232.09878247 41302263.91632505               nan
               nan               nan               nan               nan
               nan               nan               nan               nan
               nan               nan               nan               nan
               nan               nan               nan               nan]"	0.0	0.0	0.0
3573.348889330597	2.0	trials	9.0	0.0	0.0	0.0	0.0	0.0	True	5.0	0.0	0.01	"[41304580.90891246 41306897.9014999  41366362.71125879               nan
               nan               nan               nan               nan
               nan               nan               nan               nan
               nan               nan               nan               nan
               nan               nan               nan               nan]"	0.0	0.0	0.0
3578.9230538976444	2.0	trials	9.0	0.0	0.0	0.0	0.0	0.0	True	5.0	0.0	0.01	"[41368679.70384622 41370996.69643364 41430878.50485846               nan
               nan               nan               nan               nan
               nan               nan               nan               nan
               nan               nan               nan               nan
               nan               nan               nan               nan]"	0.0	0.0	0.0
3584.5810261965735	2.0	trials	9.0	0.0	0.0	0.0	0.0	0.0	True	5.0	0.0	0.01	"[41433195.4974459  41435513.49003012 41496364.2953549                nan
               nan               nan               nan               nan
               nan               nan               nan               nan
               nan               nan               nan               nan
               nan               nan               nan               nan]"	0.0	0.0	0.0
3590.4073915567756	2.0	trials	9.0	0.0	0.0	0.0	0.0	0.0	True	5.0	0.0	0.01	"[41498681.28794233 41500999.28052656 41563799.07961608               nan
               nan               nan               nan               nan
               nan               nan               nan               nan
               nan               nan               nan               nan
               nan               nan               nan               nan]"	0.0	0.0	0.0
3595.650817981926	2.0	trials	9.0	0.0	0.0	0.0	0.0	0.0	True	5.0	0.0	0.01	"[41566116.07220351 41568433.06479093 41624486.88546234               nan
               nan               nan               nan               nan
               nan               nan               nan               nan
               nan               nan               nan               nan
               nan               nan               nan               nan]"	0.0	0.0	0.0
3601.4650873808264	2.0	trials	9.0	0.0	0.0	0.0	0.0	0.0	True	5.0	0.0	0.01	"[41626803.87804976 41629121.87063399 41691781.6701714                nan
               nan               nan               nan               nan
               nan               nan               nan               nan
               nan               nan               nan               nan
               nan               nan               nan               nan]"	0.0	0.0	0.0
3607.0171336186354	2.0	trials	9.0	0.0	0.0	0.0	0.0	0.0	True	5.0	0.0	0.01	"[41694098.66275883 41696415.65534626 41756041.46459008               nan
               nan               nan               nan               nan
               nan               nan               nan               nan
               nan               nan               nan               nan
               nan               nan               nan               nan]"	0.0	0.0	0.0
3613.0437735381174	2.0	trials	9.0	0.0	0.0	0.0	0.0	0.0	True	5.0	0.0	0.01	"[41758358.4571775  41760675.44976493 41825795.24143229               nan
               nan               nan               nan               nan
               nan               nan               nan               nan
               nan               nan               nan               nan
               nan               nan               nan               nan]"	0.0	0.0	0.0
3618.949453844575	2.0	trials	9.0	0.0	0.0	0.0	0.0	0.0	True	5.0	0.0	0.01	"[41828112.23401971 41830429.22660714 41894147.02275978               nan
               nan               nan               nan               nan
               nan               nan               nan               nan
               nan               nan               nan               nan
               nan               nan               nan               nan]"	0.0	0.0	0.0
3624.1311908670823	2.0	trials	9.0	0.0	0.0	0.0	0.0	0.0	True	5.0	0.0	0.01	"[41896464.01534721 41898781.00793464 41954120.83089028               nan
               nan               nan               nan               nan
               nan               nan               nan               nan
               nan               nan               nan               nan
               nan               nan               nan               nan]"	0.0	0.0	0.0
3629.5752374504054	2.0	trials	9.0	0.0	0.0	0.0	0.0	0.0	True	5.0	0.0	0.01	"[41956438.8234745  41958755.81606193 42017130.62930797               nan
               nan               nan               nan               nan
               nan               nan               nan               nan
               nan               nan               nan               nan
               nan               nan               nan               nan]"	0.0	0.0	0.0
3635.329286241965	2.0	trials	9.0	0.0	0.0	0.0	0.0	0.0	True	5.0	0.0	0.01	"[42019447.6218954  42021764.61448281 42083728.41624688               nan
               nan               nan               nan               nan
               nan               nan               nan               nan
               nan               nan               nan               nan
               nan               nan               nan               nan]"	0.0	0.0	0.0
3641.046960749893	2.0	trials	9.0	0.0	0.0	0.0	0.0	0.0	True	5.0	0.0	0.01	"[42086045.40883431 42088363.40141854 42149905.20453266               nan
               nan               nan               nan               nan
               nan               nan               nan               nan
               nan               nan               nan               nan
               nan               nan               nan               nan]"	0.0	0.0	0.0
3646.603154174434	2.0	trials	9.0	0.0	0.0	0.0	0.0	0.0	True	5.0	0.0	0.01	"[42152222.19712009 42154539.18970753 42214212.99879778               nan
               nan               nan               nan               nan
               nan               nan               nan               nan
               nan               nan               nan               nan
               nan               nan               nan               nan]"	0.0	0.0	0.0
3652.308991920231	2.0	trials	9.0	0.0	0.0	0.0	0.0	0.0	True	5.0	0.0	0.01	"[42216529.99138521 42218847.98396943 42280252.78752185               nan
               nan               nan               nan               nan
               nan               nan               nan               nan
               nan               nan               nan               nan
               nan               nan               nan               nan]"	0.0	0.0	0.0
3657.8112719172523	2.0	trials	9.0	0.0	0.0	0.0	0.0	0.0	True	5.0	0.0	0.01	"[42282569.78010929 42284886.7726967  42343936.58378327               nan
               nan               nan               nan               nan
               nan               nan               nan               nan
               nan               nan               nan               nan
               nan               nan               nan               nan]"	0.0	0.0	0.0
3663.5291192246277	2.0	trials	9.0	0.0	0.0	0.0	0.0	0.0	True	5.0	0.0	0.01	"[42346253.5763707  42348570.56895813 42410115.37206266               nan
               nan               nan               nan               nan
               nan               nan               nan               nan
               nan               nan               nan               nan
               nan               nan               nan               nan]"	0.0	0.0	0.0
3669.5362328065785	2.0	trials	9.0	0.0	0.0	0.0	0.0	0.0	True	5.0	0.0	0.01	"[42412432.36465009 42414749.35723751 42479642.14963108               nan
               nan               nan               nan               nan
               nan               nan               nan               nan
               nan               nan               nan               nan
               nan               nan               nan               nan]"	0.0	0.0	0.0
3674.69757949432	2.0	trials	9.0	0.0	0.0	0.0	0.0	0.0	True	5.0	0.0	0.01	"[42481959.14221852 42484276.13480594 42539379.95851659               nan
               nan               nan               nan               nan
               nan               nan               nan               nan
               nan               nan               nan               nan
               nan               nan               nan               nan]"	0.0	0.0	0.0
3680.1132005685813	2.0	trials	9.0	0.0	0.0	0.0	0.0	0.0	True	5.0	0.0	0.01	"[42541697.95110082 42544014.94368824 42602060.75798682               nan
               nan               nan               nan               nan
               nan               nan               nan               nan
               nan               nan               nan               nan
               nan               nan               nan               nan]"	0.0	0.0	0.0
3685.537202416032	2.0	trials	9.0	0.0	0.0	0.0	0.0	0.0	True	5.0	0.0	0.01	"[42604377.75057425 42606695.74315847 42664838.55714673               nan
               nan               nan               nan               nan
               nan               nan               nan               nan
               nan               nan               nan               nan
               nan               nan               nan               nan]"	0.0	0.0	0.0
3691.6656212099015	2.0	trials	9.0	0.0	0.0	0.0	0.0	0.0	True	5.0	0.0	0.01	"[42667155.54973415 42669472.54232158 42735769.33022346               nan
               nan               nan               nan               nan
               nan               nan               nan               nan
               nan               nan               nan               nan
               nan               nan               nan               nan]"	0.0	0.0	0.0
3697.399020467523	2.0	trials	9.0	0.0	0.0	0.0	0.0	0.0	True	5.0	0.0	0.01	"[42738086.32281089 42740404.31539512 42802128.11792699               nan
               nan               nan               nan               nan
               nan               nan               nan               nan
               nan               nan               nan               nan
               nan               nan               nan               nan]"	0.0	0.0	0.0
3703.177433981134	2.0	trials	9.0	0.0	0.0	0.0	0.0	0.0	True	5.0	0.0	0.01	"[42804445.11051442 42806762.10310185 42869007.90396373               nan
               nan               nan               nan               nan
               nan               nan               nan               nan
               nan               nan               nan               nan
               nan               nan               nan               nan]"	0.0	0.0	0.0
3709.069031132647	2.0	trials	9.0	0.0	0.0	0.0	0.0	0.0	True	5.0	0.0	0.01	"[42871324.89655115 42873641.88913859 42937197.6858095                nan
               nan               nan               nan               nan
               nan               nan               nan               nan
               nan               nan               nan               nan
               nan               nan               nan               nan]"	0.0	0.0	0.0
3728.5379992472267	2.0	trials	10.0	0.0	0.0	0.0	0.0	0.0	True	10.0	0.0	0.005	"[42939515.67839373 42941832.67098115 43162486.96505915 43163645.96135127
 43164803.95764659               nan               nan               nan
               nan               nan               nan               nan
               nan               nan               nan               nan
               nan               nan               nan               nan]"	0.0	0.0	0.0
3734.585029501475	2.0	trials	10.0	0.0	0.0	0.0	0.0	0.0	True	10.0	0.0	0.005	"[43165961.95394189 43167120.95023401 43232475.74114954 43233633.73744486
 43234792.73373698               nan               nan               nan
               nan               nan               nan               nan
               nan               nan               nan               nan
               nan               nan               nan               nan]"	0.0	0.0	0.0
3739.8783085671366	2.0	trials	10.0	0.0	0.0	0.0	0.0	0.0	True	10.0	0.0	0.005	"[43235951.73002908 43237109.7263244  43293740.54514986 43294898.54144517
 43296056.53774048               nan               nan               nan
               nan               nan               nan               nan
               nan               nan               nan               nan
               nan               nan               nan               nan]"	0.0	0.0	0.0
3745.482367438545	2.0	trials	10.0	0.0	0.0	0.0	0.0	0.0	True	10.0	0.0	0.005	"[43297216.5340294  43298374.53032471 43358601.33764581 43359759.33394112
 43360918.33023323               nan               nan               nan
               nan               nan               nan               nan
               nan               nan               nan               nan
               nan               nan               nan               nan]"	0.0	0.0	0.0
3751.5663767744895	2.0	trials	10.0	0.0	0.0	0.0	0.0	0.0	True	10.0	0.0	0.005	"[43362077.32652535 43363235.32282066 43429019.11236373 43430177.10865905
 43431335.10495435               nan               nan               nan
               nan               nan               nan               nan
               nan               nan               nan               nan
               nan               nan               nan               nan]"	0.0	0.0	0.0
3757.5243289137184	2.0	trials	10.0	0.0	0.0	0.0	0.0	0.0	True	10.0	0.0	0.005	"[43432494.10124648 43433652.09754179 43497976.89175251 43499135.88804463
 43500293.88433994               nan               nan               nan
               nan               nan               nan               nan
               nan               nan               nan               nan
               nan               nan               nan               nan]"	0.0	0.0	0.0
3762.8799885798103	2.0	trials	10.0	0.0	0.0	0.0	0.0	0.0	True	10.0	0.0	0.005	"[43501452.88063205 43502609.87693056 43559962.69344619 43561121.68973831
 43562279.68603362               nan               nan               nan
               nan               nan               nan               nan
               nan               nan               nan               nan
               nan               nan               nan               nan]"	0.0	0.0	0.0
3768.2765153151595	2.0	trials	10.0	0.0	0.0	0.0	0.0	0.0	True	10.0	0.0	0.005	"[43563437.68232893 43564596.67862105 43622423.49362025 43623581.48991556
 43624740.48620768               nan               nan               nan
               nan               nan               nan               nan
               nan               nan               nan               nan
               nan               nan               nan               nan]"	0.0	0.0	0.0
3773.5426648676134	2.0	trials	10.0	0.0	0.0	0.0	0.0	0.0	True	10.0	0.0	0.005	"[43625899.48249979 43627057.4787951  43683374.2986251  43684532.29492042
 43685691.29121254               nan               nan               nan
               nan               nan               nan               nan
               nan               nan               nan               nan
               nan               nan               nan               nan]"	0.0	0.0	0.0
3779.1603748953494	2.0	trials	10.0	0.0	0.0	0.0	0.0	0.0	True	10.0	0.0	0.005	"[43686849.28750785 43688008.28379997 43748394.09061238 43749552.08690769
 43750710.08320301               nan               nan               nan
               nan               nan               nan               nan
               nan               nan               nan               nan
               nan               nan               nan               nan]"	0.0	0.0	0.0
3785.160490099689	2.0	trials	10.0	0.0	0.0	0.0	0.0	0.0	True	10.0	0.0	0.005	"[43751869.07949512 43753028.07578724 43817838.86844315 43818997.86473526
 43820156.86102737               nan               nan               nan
               nan               nan               nan               nan
               nan               nan               nan               nan
               nan               nan               nan               nan]"	0.0	0.0	0.0
3791.0222793465637	2.0	trials	10.0	0.0	0.0	0.0	0.0	0.0	True	10.0	0.0	0.005	"[43821314.85732269 43822472.853618   43885683.65139265 43886842.64768476
 43888001.64397687               nan               nan               nan
               nan               nan               nan               nan
               nan               nan               nan               nan
               nan               nan               nan               nan]"	0.0	0.0	0.0
3796.932711637818	2.0	trials	10.0	0.0	0.0	0.0	0.0	0.0	True	10.0	0.0	0.005	"[43889159.64027219 43890318.6365643  43954092.43253779 43955250.4288331
 43956410.42512202               nan               nan               nan
               nan               nan               nan               nan
               nan               nan               nan               nan
               nan               nan               nan               nan]"	0.0	0.0	0.0
3802.596645517675	2.0	trials	10.0	0.0	0.0	0.0	0.0	0.0	True	10.0	0.0	0.005	"[43957568.42141733 43958726.41771265 44019647.22281349 44020805.2191088
 44021964.21540092               nan               nan               nan
               nan               nan               nan               nan
               nan               nan               nan               nan
               nan               nan               nan               nan]"	0.0	0.0	0.0
3808.489365865594	2.0	trials	10.0	0.0	0.0	0.0	0.0	0.0	True	10.0	0.0	0.005	"[44023122.21169622 44024280.20799153 44087850.00461767 44089008.00091298
 44090165.99720829               nan               nan               nan
               nan               nan               nan               nan
               nan               nan               nan               nan
               nan               nan               nan               nan]"	0.0	0.0	0.0
3813.774436957514	2.0	trials	10.0	0.0	0.0	0.0	0.0	0.0	True	10.0	0.0	0.005	"[44091324.99350041 44092482.98979572 44149019.8089219  44150177.80521722
 44151336.80150934               nan               nan               nan
               nan               nan               nan               nan
               nan               nan               nan               nan
               nan               nan               nan               nan]"	0.0	0.0	0.0
3819.600715917993	2.0	trials	10.0	0.0	0.0	0.0	0.0	0.0	True	10.0	0.0	0.005	"[44152494.79780465 44153652.79409996 44216452.59318948 44217611.58948159
 44218769.5857769                nan               nan               nan
               nan               nan               nan               nan
               nan               nan               nan               nan
               nan               nan               nan               nan]"	0.0	0.0	0.0
3825.4333020582944	2.0	trials	10.0	0.0	0.0	0.0	0.0	0.0	True	10.0	0.0	0.005	"[44219928.58206902 44221087.57836113 44283960.37721711 44285118.37351242
 44286276.36980774               nan               nan               nan
               nan               nan               nan               nan
               nan               nan               nan               nan
               nan               nan               nan               nan]"	0.0	0.0	0.0
3831.00668902783	2.0	trials	10.0	0.0	0.0	0.0	0.0	0.0	True	10.0	0.0	0.005	"[44287435.36609986 44288594.36239197 44348467.17084558 44349625.16714089
 44350783.16343621               nan               nan               nan
               nan               nan               nan               nan
               nan               nan               nan               nan
               nan               nan               nan               nan]"	0.0	0.0	0.0
3836.154557358691	2.0	trials	10.0	0.0	0.0	0.0	0.0	0.0	True	10.0	0.0	0.005	"[44351942.15972833 44353100.15602364 44408048.98023017 44409206.97652548
 44410365.97281759               nan               nan               nan
               nan               nan               nan               nan
               nan               nan               nan               nan
               nan               nan               nan               nan]"	0.0	0.0	0.0
3841.536568940477	2.0	trials	10.0	0.0	0.0	0.0	0.0	0.0	True	10.0	0.0	0.005	"[44411523.96911291 44412682.96540502 44470339.78094809 44471498.7772402
 44472657.77353232               nan               nan               nan
               nan               nan               nan               nan
               nan               nan               nan               nan
               nan               nan               nan               nan]"	0.0	0.0	0.0
3847.4044925677263	2.0	trials	10.0	0.0	0.0	0.0	0.0	0.0	True	10.0	0.0	0.005	"[44473816.76982443 44474974.76611975 44538255.56367044 44539414.55996256
 44540573.55625467               nan               nan               nan
               nan               nan               nan               nan
               nan               nan               nan               nan
               nan               nan               nan               nan]"	0.0	0.0	0.0
3852.6067927244485	2.0	trials	10.0	0.0	0.0	0.0	0.0	0.0	True	10.0	0.0	0.005	"[44541731.55254998 44542889.5488453  44598468.37103632 44599627.36732844
 44600786.36362055               nan               nan               nan
               nan               nan               nan               nan
               nan               nan               nan               nan
               nan               nan               nan               nan]"	0.0	0.0	0.0
3858.0184394114253	2.0	trials	10.0	0.0	0.0	0.0	0.0	0.0	True	10.0	0.0	0.005	"[44601943.35991906 44603103.35620798 44661102.17065692 44662261.16694903
 44663419.16324434               nan               nan               nan
               nan               nan               nan               nan
               nan               nan               nan               nan
               nan               nan               nan               nan]"	0.0	0.0	0.0
3863.592431179026	2.0	trials	10.0	0.0	0.0	0.0	0.0	0.0	True	10.0	0.0	0.005	"[44664578.15953646 44665737.15582857 44725615.96426298 44726775.9605519
 44727933.95684721               nan               nan               nan
               nan               nan               nan               nan
               nan               nan               nan               nan
               nan               nan               nan               nan]"	0.0	0.0	0.0
3869.4127485585777	2.0	trials	10.0	0.0	0.0	0.0	0.0	0.0	True	10.0	0.0	0.005	"[44729091.95314253 44730250.94943465 44792981.74874491 44794139.74504022
 44795298.74133234               nan               nan               nan
               nan               nan               nan               nan
               nan               nan               nan               nan
               nan               nan               nan               nan]"	0.0	0.0	0.0
3875.160490170315	2.0	trials	10.0	0.0	0.0	0.0	0.0	0.0	True	10.0	0.0	0.005	"[44796455.73763085 44797615.73391977 44859505.53592058 44860664.53221268
 44861823.5285048                nan               nan               nan
               nan               nan               nan               nan
               nan               nan               nan               nan
               nan               nan               nan               nan]"	0.0	0.0	0.0
3880.734741137086	2.0	trials	10.0	0.0	0.0	0.0	0.0	0.0	True	10.0	0.0	0.005	"[44862981.52480011 44864139.52109542 44924022.32951704 44925180.32581236
 44926339.32210447               nan               nan               nan
               nan               nan               nan               nan
               nan               nan               nan               nan
               nan               nan               nan               nan]"	0.0	0.0	0.0
3886.8005201313536	2.0	trials	10.0	0.0	0.0	0.0	0.0	0.0	True	10.0	0.0	0.005	"[44927498.31839659 44928656.3146919  44994229.10491001 44995387.10120533
 44996546.09749743               nan               nan               nan
               nan               nan               nan               nan
               nan               nan               nan               nan
               nan               nan               nan               nan]"	0.0	0.0	0.0
3892.8128176967193	2.0	trials	10.0	0.0	0.0	0.0	0.0	0.0	True	10.0	0.0	0.005	"[44997704.09379275 44998863.09008487 45063815.88228648 45064973.8785818
 45066133.87487071               nan               nan               nan
               nan               nan               nan               nan
               nan               nan               nan               nan
               nan               nan               nan               nan]"	0.0	0.0	0.0
3910.1717317618163	2.0	trials	11.0	0.0	0.0	0.0	0.0	0.0	True	20.0	0.0	0.005	"[45067290.87116922 45068448.86746453 45264700.23961289 45265305.23767737
 45265865.23588581 45266438.23405267 45267017.23220032 45267620.23027119
 45268205.22839966 45268781.22655692               nan               nan
               nan               nan               nan               nan
               nan               nan               nan               nan]"	0.0	0.0	0.0
3915.8176080994426	2.0	trials	11.0	0.0	0.0	0.0	0.0	0.0	True	20.0	0.0	0.005	"[45269360.22470456 45269913.22293541 45330059.03051563 45330634.02867609
 45331234.02675656 45331791.0249746  45332383.02308066 45332969.02120593
 45333521.01943997 45334130.01749165               nan               nan
               nan               nan               nan               nan
               nan               nan               nan               nan]"	0.0	0.0	0.0
3921.709464450126	2.0	trials	11.0	0.0	0.0	0.0	0.0	0.0	True	20.0	0.0	0.005	"[45334709.0156393  45335278.01381895 45398256.81233581 45398823.81052186
 45399398.80868231 45400002.80674998 45400558.80497123 45401162.80303891
 45401718.80126014 45402311.79936301               nan               nan
               nan               nan               nan               nan
               nan               nan               nan               nan]"	0.0	0.0	0.0
3927.583436058026	2.0	trials	11.0	0.0	0.0	0.0	0.0	0.0	True	20.0	0.0	0.005	"[45402871.79757145 45403479.79562633 45466243.59483103 45466813.59300748
 45467409.59110074 45467967.58931559 45468545.58746644 45469121.58562369
 45469717.58371697 45470279.58191901               nan               nan
               nan               nan               nan               nan
               nan               nan               nan               nan]"	0.0	0.0	0.0
3932.9538700768517	2.0	trials	11.0	0.0	0.0	0.0	0.0	0.0	True	20.0	0.0	0.005	"[45470872.58002187 45471438.57821112 45528385.39602563 45528971.39415089
 45529567.39224416 45530139.39041422 45530698.38862585 45531303.38669033
 45531860.38490837 45532438.38305922               nan               nan
               nan               nan               nan               nan
               nan               nan               nan               nan]"	0.0	0.0	0.0
3938.905515036258	2.0	trials	11.0	0.0	0.0	0.0	0.0	0.0	True	20.0	0.0	0.005	"[45533028.38117169 45533597.37935133 45597294.17557117 45597855.17377641
 45598434.17192406 45599026.17003013 45599602.16818739 45600186.16631904
 45600744.16453388 45601350.16259516               nan               nan
               nan               nan               nan               nan
               nan               nan               nan               nan]"	0.0	0.0	0.0
3944.4243837802082	2.0	trials	11.0	0.0	0.0	0.0	0.0	0.0	True	20.0	0.0	0.005	"[45601900.16083559 45602509.15888728 45661156.97125993 45661722.96944918
 45662329.96750725 45662882.96573809 45663464.96387614 45664053.96199182
 45664644.96010108 45665220.95825833               nan               nan
               nan               nan               nan               nan
               nan               nan               nan               nan]"	0.0	0.0	0.0
3949.8921902875195	2.0	trials	11.0	0.0	0.0	0.0	0.0	0.0	True	20.0	0.0	0.005	"[45665780.95646678 45666375.95456325 45724429.76883622 45725011.76697428
 45725604.76507715 45726174.7632536  45726744.76143005 45727332.75954891
 45727904.75771896 45728509.75578344               nan               nan
               nan               nan               nan               nan
               nan               nan               nan               nan]"	0.0	0.0	0.0
3955.4547772916058	2.0	trials	11.0	0.0	0.0	0.0	0.0	0.0	True	20.0	0.0	0.005	"[45729060.75402068 45729667.75207875 45788819.56283899 45789400.56098026
 45789995.55907673 45790553.55729157 45791131.55544242 45791704.55360927
 45792283.55175693 45792867.54988859               nan               nan
               nan               nan               nan               nan
               nan               nan               nan               nan]"	0.0	0.0	0.0
3961.2802786545726	2.0	trials	11.0	0.0	0.0	0.0	0.0	0.0	True	20.0	0.0	0.005	"[45793446.54803625 45794034.54615511 45856251.34710977 45856833.34524783
 45857396.34344667 45857971.34160713 45858580.33965881 45859147.33784486
 45859722.33600532 45860288.33419456               nan               nan
               nan               nan               nan               nan
               nan               nan               nan               nan]"	0.0	0.0	0.0
3967.0591241668017	2.0	trials	11.0	0.0	0.0	0.0	0.0	0.0	True	20.0	0.0	0.005	"[45860894.33225583 45861475.33039709 45923147.13309532 45923709.13129736
 45924303.12939703 45924861.12761188 45925442.12575313 45926027.12388159
 45926623.12197486 45927177.1202025                nan               nan
               nan               nan               nan               nan
               nan               nan               nan               nan]"	0.0	0.0	0.0
3972.44623333228	2.0	trials	11.0	0.0	0.0	0.0	0.0	0.0	True	20.0	0.0	0.005	"[45927753.11835975 45928334.11650101 45985473.93369807 45986070.93178814
 45986629.92999978 45987228.92808346 45987807.92623112 45988393.92435638
 45988949.92257761 45989525.92073487               nan               nan
               nan               nan               nan               nan
               nan               nan               nan               nan]"	0.0	0.0	0.0
3978.163994239932	2.0	trials	11.0	0.0	0.0	0.0	0.0	0.0	True	20.0	0.0	0.005	"[45990125.91881534 45990685.91702379 46051665.72193587 46052252.72005793
 46052809.71827597 46053384.71643642 46053967.71457128 46054565.71265816
 46055149.71078981 46055707.70900466               nan               nan
               nan               nan               nan               nan
               nan               nan               nan               nan]"	0.0	0.0	0.0
3983.9081070632783	2.0	trials	11.0	0.0	0.0	0.0	0.0	0.0	True	20.0	0.0	0.005	"[46056281.70716831 46056889.7052232  46118137.50927789 46118712.50743835
 46119293.5055796  46119893.50366007 46120451.50187492 46121037.50000018
 46121626.49811584 46122212.4962411                nan               nan
               nan               nan               nan               nan
               nan               nan               nan               nan]"	0.0	0.0	0.0
3989.263680329647	2.0	trials	11.0	0.0	0.0	0.0	0.0	0.0	True	20.0	0.0	0.005	"[46122765.49447194 46123372.49253002 46180130.31094917 46180701.30912242
 46181282.30726368 46181857.30542414 46182453.3035174  46183036.30165227
 46183594.2998671  46184199.29793157               nan               nan
               nan               nan               nan               nan
               nan               nan               nan               nan]"	0.0	0.0	0.0
3995.2520451715786	2.0	trials	11.0	0.0	0.0	0.0	0.0	0.0	True	20.0	0.0	0.005	"[46184779.29607604 46185329.29431648 46249432.08923742 46250033.0873147
 46250596.08551354 46251189.08361641 46251753.08181205 46252349.07990532
 46252923.07806898 46253510.07619104               nan               nan
               nan               nan               nan               nan
               nan               nan               nan               nan]"	0.0	0.0	0.0
4000.7057685239433	2.0	trials	11.0	0.0	0.0	0.0	0.0	0.0	True	20.0	0.0	0.005	"[46254079.07437068 46254668.07248636 46312568.88724881 46313153.88537727
 46313716.88357611 46314310.88167578 46314870.87988422 46315468.87797109
 46316028.87617954 46316630.87425362               nan               nan
               nan               nan               nan               nan
               nan               nan               nan               nan]"	0.0	0.0	0.0
4006.0218571166315	2.0	trials	11.0	0.0	0.0	0.0	0.0	0.0	True	20.0	0.0	0.005	"[46317189.87246525 46317780.87057452 46374104.69038214 46374654.68862256
 46375260.68668385 46375817.68490189 46376412.68299835 46376971.68121
 46377579.67926488 46378144.67745733               nan               nan
               nan               nan               nan               nan
               nan               nan               nan               nan]"	0.0	0.0	0.0
4011.781781089395	2.0	trials	11.0	0.0	0.0	0.0	0.0	0.0	True	20.0	0.0	0.005	"[46378728.67558898 46379316.67370784 46440770.47710351 46441320.47534394
 46441900.4734884  46442500.47156888 46443078.46971972 46443665.46784179
 46444221.46606303 46444814.4641659                nan               nan
               nan               nan               nan               nan
               nan               nan               nan               nan]"	0.0	0.0	0.0
4017.721762086117	2.0	trials	11.0	0.0	0.0	0.0	0.0	0.0	True	20.0	0.0	0.005	"[46445405.46227516 46445970.4604676  46509519.25716092 46510071.25539496
 46510657.25352022 46511229.25169026 46511836.24974835 46512387.24798558
 46512984.24607565 46513546.24427769               nan               nan
               nan               nan               nan               nan
               nan               nan               nan               nan]"	0.0	0.0	0.0
4023.7608435657953	2.0	trials	11.0	0.0	0.0	0.0	0.0	0.0	True	20.0	0.0	0.005	"[46514129.24241255 46514734.24047703 46579418.03353924 46579968.03177968
 46580577.02983136 46581152.0279918  46581735.02612667 46582290.02435111
 46582885.02244757 46583444.02065922               nan               nan
               nan               nan               nan               nan
               nan               nan               nan               nan]"	0.0	0.0	0.0
4029.793877064822	2.0	trials	11.0	0.0	0.0	0.0	0.0	0.0	True	20.0	0.0	0.005	"[46584052.01871409 46584603.01695133 46649216.81023747 46649822.80829876
 46650376.80652639 46650967.80463566 46651532.80282811 46652131.80091178
 46652691.79912022 46653285.79721989               nan               nan
               nan               nan               nan               nan
               nan               nan               nan               nan]"	0.0	0.0	0.0
4035.2204709039806	2.0	trials	11.0	0.0	0.0	0.0	0.0	0.0	True	20.0	0.0	0.005	"[46653854.79539953 46654443.79351521 46712051.60921503 46712614.60741387
 46713207.60551674 46713761.60374438 46714365.60181205 46714923.6000269
 46715525.59810097 46716079.59632861               nan               nan
               nan               nan               nan               nan
               nan               nan               nan               nan]"	0.0	0.0	0.0
4040.636351177414	2.0	trials	11.0	0.0	0.0	0.0	0.0	0.0	True	20.0	0.0	0.005	"[46716682.59439948 46717242.59260792 46774708.40876204 46775312.40682971
 46775888.40498697 46776473.40311543 46777050.40126949 46777631.39941074
 46778190.39762238 46778771.39576364               nan               nan
               nan               nan               nan               nan
               nan               nan               nan               nan]"	0.0	0.0	0.0
4046.624716019345	2.0	trials	11.0	0.0	0.0	0.0	0.0	0.0	True	20.0	0.0	0.005	"[46779350.3939113  46779949.39199497 46844025.1870023  46844615.18511476
 46845186.18328802 46845782.18138128 46846339.17959933 46846912.17776617
 46847503.17587544 46848071.17405829               nan               nan
               nan               nan               nan               nan
               nan               nan               nan               nan]"	0.0	0.0	0.0
4052.624572024514	2.0	trials	11.0	0.0	0.0	0.0	0.0	0.0	True	20.0	0.0	0.005	"[46848653.17219635 46849255.17027042 46913460.96486185 46914037.96301591
 46914636.96109958 46915209.95926643 46915793.95739809 46916384.95550735
 46916962.95365822 46917536.95182187               nan               nan
               nan               nan               nan               nan
               nan               nan               nan               nan]"	0.0	0.0	0.0
4058.480658889632	2.0	trials	11.0	0.0	0.0	0.0	0.0	0.0	True	20.0	0.0	0.005	"[46918105.95000152 46918692.94812358 46981267.74793293 46981828.74613816
 46982426.74422504 46982976.74246547 46983580.74053314 46984134.73876078
 46984743.73681246 46985302.7350241                nan               nan
               nan               nan               nan               nan
               nan               nan               nan               nan]"	0.0	0.0	0.0
4063.7423156564596	2.0	trials	11.0	0.0	0.0	0.0	0.0	0.0	True	20.0	0.0	0.005	"[46985898.73311738 46986477.73126503 47042165.55310734 47042745.55125181
 47043316.54942506 47043904.54754391 47044481.54569797 47045035.54392561
 47045630.54202208 47046210.54016653               nan               nan
               nan               nan               nan               nan
               nan               nan               nan               nan]"	0.0	0.0	0.0
4069.6420343819887	2.0	trials	11.0	0.0	0.0	0.0	0.0	0.0	True	20.0	0.0	0.005	"[47046799.5382822  47047350.53651943 47110421.33474197 47111001.33288643
 47111605.3309541  47112162.32917214 47112767.32723662 47113317.32547706
 47113915.32356393 47114475.32177237               nan               nan
               nan               nan               nan               nan
               nan               nan               nan               nan]"	0.0	0.0	0.0
4075.507798016149	2.0	trials	11.0	0.0	0.0	0.0	0.0	0.0	True	20.0	0.0	0.005	"[47115084.31982405 47115634.31806448 47178331.11748353 47178907.11564077
 47179488.11378203 47180078.1118945  47180638.11010294 47181212.10826659
 47181799.10638866 47182375.10454591               nan               nan
               nan               nan               nan               nan
               nan               nan               nan               nan]"	0.0	0.0	0.0
4101.980673323721	2.0	trials	12.0	0.0	0.0	0.0	0.0	0.0	True	1.0	0.0	1.0	"[47182964.10266157               nan               nan               nan
               nan               nan               nan               nan
               nan               nan               nan               nan
               nan               nan               nan               nan
               nan               nan               nan               nan]"	0.0	0.0	0.0
4107.1485863904545	2.0	trials	12.0	0.0	0.0	0.0	0.0	0.0	True	1.0	0.0	1.0	"[47183549.10079004               nan               nan               nan
               nan               nan               nan               nan
               nan               nan               nan               nan
               nan               nan               nan               nan
               nan               nan               nan               nan]"	0.0	0.0	0.0
4112.83247860646	2.0	trials	12.0	0.0	0.0	0.0	0.0	0.0	True	1.0	0.0	1.0	"[47485761.13394675               nan               nan               nan
               nan               nan               nan               nan
               nan               nan               nan               nan
               nan               nan               nan               nan
               nan               nan               nan               nan]"	0.0	0.0	0.0
4118.055860295737	2.0	trials	12.0	0.0	0.0	0.0	0.0	0.0	True	1.0	0.0	1.0	"[47485768.13392436               nan               nan               nan
               nan               nan               nan               nan
               nan               nan               nan               nan
               nan               nan               nan               nan
               nan               nan               nan               nan]"	0.0	0.0	0.0
4123.816821065185	2.0	trials	12.0	0.0	0.0	0.0	0.0	0.0	True	1.0	0.0	1.0	"[47495226.10366621               nan               nan               nan
               nan               nan               nan               nan
               nan               nan               nan               nan
               nan               nan               nan               nan
               nan               nan               nan               nan]"	0.0	0.0	0.0
4129.318669063588	2.0	trials	12.0	0.0	0.0	0.0	0.0	0.0	True	1.0	0.0	1.0	"[47495231.10365022               nan               nan               nan
               nan               nan               nan               nan
               nan               nan               nan               nan
               nan               nan               nan               nan
               nan               nan               nan               nan]"	0.0	0.0	0.0
4134.720898180694	2.0	trials	12.0	0.0	0.0	0.0	0.0	0.0	True	1.0	0.0	1.0	"[47495234.10364062               nan               nan               nan
               nan               nan               nan               nan
               nan               nan               nan               nan
               nan               nan               nan               nan
               nan               nan               nan               nan]"	0.0	0.0	0.0
4140.319341070071	2.0	trials	12.0	0.0	0.0	0.0	0.0	0.0	True	1.0	0.0	1.0	"[47495236.10363422               nan               nan               nan
               nan               nan               nan               nan
               nan               nan               nan               nan
               nan               nan               nan               nan
               nan               nan               nan               nan]"	0.0	0.0	0.0
4146.138621652939	2.0	trials	12.0	0.0	0.0	0.0	0.0	0.0	True	1.0	0.0	1.0	"[47495240.10362143               nan               nan               nan
               nan               nan               nan               nan
               nan               nan               nan               nan
               nan               nan               nan               nan
               nan               nan               nan               nan]"	0.0	0.0	0.0
4151.446070273269	2.0	trials	12.0	0.0	0.0	0.0	0.0	0.0	True	1.0	0.0	1.0	"[47495242.10361504               nan               nan               nan
               nan               nan               nan               nan
               nan               nan               nan               nan
               nan               nan               nan               nan
               nan               nan               nan               nan]"	0.0	0.0	0.0
4157.404454411115	2.0	trials	12.0	0.0	0.0	0.0	0.0	0.0	True	1.0	0.0	1.0	"[47545582.94256353               nan               nan               nan
               nan               nan               nan               nan
               nan               nan               nan               nan
               nan               nan               nan               nan
               nan               nan               nan               nan]"	0.0	0.0	0.0
4163.326118666436	2.0	trials	12.0	0.0	0.0	0.0	0.0	0.0	True	1.0	0.0	1.0	"[47545584.94255713               nan               nan               nan
               nan               nan               nan               nan
               nan               nan               nan               nan
               nan               nan               nan               nan
               nan               nan               nan               nan]"	0.0	0.0	0.0
4168.510102081757	2.0	trials	12.0	0.0	0.0	0.0	0.0	0.0	True	1.0	0.0	1.0	"[47555042.91229898               nan               nan               nan
               nan               nan               nan               nan
               nan               nan               nan               nan
               nan               nan               nan               nan
               nan               nan               nan               nan]"	0.0	0.0	0.0
4174.151053635139	2.0	trials	12.0	0.0	0.0	0.0	0.0	0.0	True	1.0	0.0	1.0	"[47555044.91229259               nan               nan               nan
               nan               nan               nan               nan
               nan               nan               nan               nan
               nan               nan               nan               nan
               nan               nan               nan               nan]"	0.0	0.0	0.0
4179.892401667331	2.0	trials	12.0	0.0	0.0	0.0	0.0	0.0	True	1.0	0.0	1.0	"[47555047.912283             nan             nan             nan
             nan             nan             nan             nan
             nan             nan             nan             nan
             nan             nan             nan             nan
             nan             nan             nan             nan]"	0.0	0.0	0.0
4185.844651424803	2.0	trials	12.0	0.0	0.0	0.0	0.0	0.0	True	1.0	0.0	1.0	"[47555049.91227659               nan               nan               nan
               nan               nan               nan               nan
               nan               nan               nan               nan
               nan               nan               nan               nan
               nan               nan               nan               nan]"	0.0	0.0	0.0
4191.15400083905	2.0	trials	12.0	0.0	0.0	0.0	0.0	0.0	True	1.0	0.0	1.0	"[47555052.91226699               nan               nan               nan
               nan               nan               nan               nan
               nan               nan               nan               nan
               nan               nan               nan               nan
               nan               nan               nan               nan]"	0.0	0.0	0.0
4196.47613741239	2.0	trials	12.0	0.0	0.0	0.0	0.0	0.0	True	1.0	0.0	1.0	"[47611368.73210021               nan               nan               nan
               nan               nan               nan               nan
               nan               nan               nan               nan
               nan               nan               nan               nan
               nan               nan               nan               nan]"	0.0	0.0	0.0
4202.019284478669	2.0	trials	12.0	0.0	0.0	0.0	0.0	0.0	True	0.0	0.0	0.0	"[nan nan nan nan nan nan nan nan nan nan nan nan nan nan nan nan nan nan
 nan nan]"	0.0	0.0	0.0
4207.162400824734	2.0	trials	12.0	0.0	0.0	0.0	0.0	0.0	True	1.0	0.0	1.0	"[47611379.73206501               nan               nan               nan
               nan               nan               nan               nan
               nan               nan               nan               nan
               nan               nan               nan               nan
               nan               nan               nan               nan]"	0.0	0.0	0.0
4213.198199114915	2.0	trials	12.0	0.0	0.0	0.0	0.0	0.0	True	1.0	0.0	1.0	"[47611384.73204902               nan               nan               nan
               nan               nan               nan               nan
               nan               nan               nan               nan
               nan               nan               nan               nan
               nan               nan               nan               nan]"	0.0	0.0	0.0
4218.835262680735	2.0	trials	12.0	0.0	0.0	0.0	0.0	0.0	True	1.0	0.0	1.0	"[47620833.70181966               nan               nan               nan
               nan               nan               nan               nan
               nan               nan               nan               nan
               nan               nan               nan               nan
               nan               nan               nan               nan]"	0.0	0.0	0.0
4224.382556933746	2.0	trials	12.0	0.0	0.0	0.0	0.0	0.0	True	1.0	0.0	1.0	"[47620840.70179727               nan               nan               nan
               nan               nan               nan               nan
               nan               nan               nan               nan
               nan               nan               nan               nan
               nan               nan               nan               nan]"	0.0	0.0	0.0
4230.4485951271845	2.0	trials	12.0	0.0	0.0	0.0	0.0	0.0	True	1.0	0.0	1.0	"[47671824.53868867               nan               nan               nan
               nan               nan               nan               nan
               nan               nan               nan               nan
               nan               nan               nan               nan
               nan               nan               nan               nan]"	0.0	0.0	0.0
4235.7344438166165	2.0	trials	12.0	0.0	0.0	0.0	0.0	0.0	True	1.0	0.0	1.0	"[47671826.53868228               nan               nan               nan
               nan               nan               nan               nan
               nan               nan               nan               nan
               nan               nan               nan               nan
               nan               nan               nan               nan]"	0.0	0.0	0.0
4241.844891467979	2.0	trials	12.0	0.0	0.0	0.0	0.0	0.0	True	1.0	0.0	1.0	"[47681288.50841134               nan               nan               nan
               nan               nan               nan               nan
               nan               nan               nan               nan
               nan               nan               nan               nan
               nan               nan               nan               nan]"	0.0	0.0	0.0
4247.680328799159	2.0	trials	12.0	0.0	0.0	0.0	0.0	0.0	True	0.0	0.0	0.0	"[nan nan nan nan nan nan nan nan nan nan nan nan nan nan nan nan nan nan
 nan nan]"	0.0	0.0	0.0
4253.788530057708	2.0	trials	12.0	0.0	0.0	0.0	0.0	0.0	True	1.0	0.0	1.0	"[47681291.50840174               nan               nan               nan
               nan               nan               nan               nan
               nan               nan               nan               nan
               nan               nan               nan               nan
               nan               nan               nan               nan]"	0.0	0.0	0.0
4259.72514146521	2.0	trials	12.0	0.0	0.0	0.0	0.0	0.0	True	0.0	0.0	0.0	"[nan nan nan nan nan nan nan nan nan nan nan nan nan nan nan nan nan nan
 nan nan]"	0.0	0.0	0.0
4265.2846180792485	2.0	trials	12.0	0.0	0.0	0.0	0.0	0.0	True	1.0	0.0	1.0	"[47738500.32537806               nan               nan               nan
               nan               nan               nan               nan
               nan               nan               nan               nan
               nan               nan               nan               nan
               nan               nan               nan               nan]"	0.0	0.0	0.0
