onset	duration	nwb_table	Block	sound	sound_puretone	sound_bluenoise	sound_freq	sound_amp	optogenetics	opto_freq	opto_power	opto_pulse_duration	opto_pulse_ts	airpuff	airpuff_duration	airpuff_amp
70.20555044505308	2.0	trials	1.0	1.0	1.0	0.0	10000.0	3.0	False	0.0	0.0	0.0	"[nan nan nan nan nan nan nan nan nan nan nan nan nan nan nan nan nan nan
 nan nan]"	0.0	0.0	0.0
77.65112918766471	2.0	trials	1.0	1.0	1.0	0.0	10000.0	3.0	False	0.0	0.0	0.0	"[nan nan nan nan nan nan nan nan nan nan nan nan nan nan nan nan nan nan
 nan nan]"	0.0	0.0	0.0
83.38115590287546	2.0	trials	1.0	1.0	1.0	0.0	10000.0	3.0	False	0.0	0.0	0.0	"[nan nan nan nan nan nan nan nan nan nan nan nan nan nan nan nan nan nan
 nan nan]"	0.0	0.0	0.0
90.32337011528777	2.0	trials	1.0	1.0	1.0	0.0	10000.0	3.0	False	0.0	0.0	0.0	"[nan nan nan nan nan nan nan nan nan nan nan nan nan nan nan nan nan nan
 nan nan]"	0.0	0.0	0.0
98.9931459104902	2.0	trials	1.0	1.0	1.0	0.0	10000.0	3.0	False	0.0	0.0	0.0	"[nan nan nan nan nan nan nan nan nan nan nan nan nan nan nan nan nan nan
 nan nan]"	0.0	0.0	0.0
108.07729456646088	2.0	trials	1.0	1.0	1.0	0.0	10000.0	3.0	False	0.0	0.0	0.0	"[nan nan nan nan nan nan nan nan nan nan nan nan nan nan nan nan nan nan
 nan nan]"	0.0	0.0	0.0
117.95320988133068	2.0	trials	1.0	1.0	1.0	0.0	10000.0	3.0	False	0.0	0.0	0.0	"[nan nan nan nan nan nan nan nan nan nan nan nan nan nan nan nan nan nan
 nan nan]"	0.0	0.0	0.0
125.96392892466898	2.0	trials	1.0	1.0	1.0	0.0	10000.0	3.0	False	0.0	0.0	0.0	"[nan nan nan nan nan nan nan nan nan nan nan nan nan nan nan nan nan nan
 nan nan]"	0.0	0.0	0.0
134.8549742979422	2.0	trials	1.0	1.0	1.0	0.0	10000.0	3.0	False	0.0	0.0	0.0	"[nan nan nan nan nan nan nan nan nan nan nan nan nan nan nan nan nan nan
 nan nan]"	0.0	0.0	0.0
143.4234032696081	2.0	trials	1.0	1.0	1.0	0.0	10000.0	1.0	False	0.0	0.0	0.0	"[nan nan nan nan nan nan nan nan nan nan nan nan nan nan nan nan nan nan
 nan nan]"	0.0	0.0	0.0
152.0511888207877	2.0	trials	1.0	1.0	1.0	0.0	10000.0	1.0	False	0.0	0.0	0.0	"[nan nan nan nan nan nan nan nan nan nan nan nan nan nan nan nan nan nan
 nan nan]"	0.0	0.0	0.0
157.69749424699003	2.0	trials	1.0	1.0	1.0	0.0	10000.0	1.0	False	0.0	0.0	0.0	"[nan nan nan nan nan nan nan nan nan nan nan nan nan nan nan nan nan nan
 nan nan]"	0.0	0.0	0.0
165.59900409599743	2.0	trials	1.0	1.0	1.0	0.0	10000.0	1.0	False	0.0	0.0	0.0	"[nan nan nan nan nan nan nan nan nan nan nan nan nan nan nan nan nan nan
 nan nan]"	0.0	0.0	0.0
175.57108225366022	2.0	trials	1.0	1.0	1.0	0.0	10000.0	1.0	False	0.0	0.0	0.0	"[nan nan nan nan nan nan nan nan nan nan nan nan nan nan nan nan nan nan
 nan nan]"	0.0	0.0	0.0
181.4750315228173	2.0	trials	1.0	1.0	1.0	0.0	10000.0	1.0	False	0.0	0.0	0.0	"[nan nan nan nan nan nan nan nan nan nan nan nan nan nan nan nan nan nan
 nan nan]"	0.0	0.0	0.0
188.69337910950307	2.0	trials	1.0	1.0	1.0	0.0	10000.0	1.0	False	0.0	0.0	0.0	"[nan nan nan nan nan nan nan nan nan nan nan nan nan nan nan nan nan nan
 nan nan]"	0.0	0.0	0.0
194.14122447290623	2.0	trials	1.0	1.0	1.0	0.0	10000.0	1.0	False	0.0	0.0	0.0	"[nan nan nan nan nan nan nan nan nan nan nan nan nan nan nan nan nan nan
 nan nan]"	0.0	0.0	0.0
203.42979476953113	2.0	trials	1.0	1.0	1.0	0.0	10000.0	1.0	False	0.0	0.0	0.0	"[nan nan nan nan nan nan nan nan nan nan nan nan nan nan nan nan nan nan
 nan nan]"	0.0	0.0	0.0
213.5031333510514	2.0	trials	1.0	1.0	1.0	0.0	10000.0	1.0	False	0.0	0.0	0.0	"[nan nan nan nan nan nan nan nan nan nan nan nan nan nan nan nan nan nan
 nan nan]"	0.0	0.0	0.0
219.0593239119949	2.0	trials	1.0	1.0	1.0	0.0	10000.0	1.0	False	0.0	0.0	0.0	"[nan nan nan nan nan nan nan nan nan nan nan nan nan nan nan nan nan nan
 nan nan]"	0.0	0.0	0.0
224.77112029492415	2.0	trials	1.0	1.0	1.0	0.0	10000.0	1.0	False	0.0	0.0	0.0	"[nan nan nan nan nan nan nan nan nan nan nan nan nan nan nan nan nan nan
 nan nan]"	0.0	0.0	0.0
232.16304483684002	2.0	trials	1.0	1.0	1.0	0.0	10000.0	1.0	False	0.0	0.0	0.0	"[nan nan nan nan nan nan nan nan nan nan nan nan nan nan nan nan nan nan
 nan nan]"	0.0	0.0	0.0
238.582972989339	2.0	trials	1.0	1.0	1.0	0.0	10000.0	1.0	False	0.0	0.0	0.0	"[nan nan nan nan nan nan nan nan nan nan nan nan nan nan nan nan nan nan
 nan nan]"	0.0	0.0	0.0
245.86750273018413	2.0	trials	1.0	1.0	1.0	0.0	10000.0	1.0	False	0.0	0.0	0.0	"[nan nan nan nan nan nan nan nan nan nan nan nan nan nan nan nan nan nan
 nan nan]"	0.0	0.0	0.0
252.77308347867535	2.0	trials	1.0	1.0	1.0	0.0	10000.0	1.0	False	0.0	0.0	0.0	"[nan nan nan nan nan nan nan nan nan nan nan nan nan nan nan nan nan nan
 nan nan]"	0.0	0.0	0.0
261.7549349146398	2.0	trials	1.0	1.0	1.0	0.0	10000.0	1.0	False	0.0	0.0	0.0	"[nan nan nan nan nan nan nan nan nan nan nan nan nan nan nan nan nan nan
 nan nan]"	0.0	0.0	0.0
268.6673412377767	2.0	trials	1.0	1.0	1.0	0.0	10000.0	1.0	False	0.0	0.0	0.0	"[nan nan nan nan nan nan nan nan nan nan nan nan nan nan nan nan nan nan
 nan nan]"	0.0	0.0	0.0
276.13097751331173	2.0	trials	1.0	1.0	1.0	0.0	10000.0	1.0	False	0.0	0.0	0.0	"[nan nan nan nan nan nan nan nan nan nan nan nan nan nan nan nan nan nan
 nan nan]"	0.0	0.0	0.0
284.99904057195516	2.0	trials	1.0	1.0	1.0	0.0	10000.0	1.0	False	0.0	0.0	0.0	"[nan nan nan nan nan nan nan nan nan nan nan nan nan nan nan nan nan nan
 nan nan]"	0.0	0.0	0.0
292.42103220218365	2.0	trials	1.0	1.0	1.0	0.0	10000.0	1.0	False	0.0	0.0	0.0	"[nan nan nan nan nan nan nan nan nan nan nan nan nan nan nan nan nan nan
 nan nan]"	0.0	0.0	0.0
300.77890515598205	2.0	trials	1.0	1.0	1.0	0.0	10000.0	1.0	False	0.0	0.0	0.0	"[nan nan nan nan nan nan nan nan nan nan nan nan nan nan nan nan nan nan
 nan nan]"	0.0	0.0	0.0
309.1729795753064	2.0	trials	1.0	1.0	1.0	0.0	10000.0	1.0	False	0.0	0.0	0.0	"[nan nan nan nan nan nan nan nan nan nan nan nan nan nan nan nan nan nan
 nan nan]"	0.0	0.0	0.0
319.0073366445487	2.0	trials	1.0	1.0	1.0	0.0	10000.0	1.0	False	0.0	0.0	0.0	"[nan nan nan nan nan nan nan nan nan nan nan nan nan nan nan nan nan nan
 nan nan]"	0.0	0.0	0.0
328.40321534256515	2.0	trials	1.0	1.0	1.0	0.0	10000.0	1.0	False	0.0	0.0	0.0	"[nan nan nan nan nan nan nan nan nan nan nan nan nan nan nan nan nan nan
 nan nan]"	0.0	0.0	0.0
336.7610018966846	2.0	trials	1.0	1.0	1.0	0.0	10000.0	1.0	False	0.0	0.0	0.0	"[nan nan nan nan nan nan nan nan nan nan nan nan nan nan nan nan nan nan
 nan nan]"	0.0	0.0	0.0
342.9230270071917	2.0	trials	1.0	1.0	1.0	0.0	10000.0	1.0	False	0.0	0.0	0.0	"[nan nan nan nan nan nan nan nan nan nan nan nan nan nan nan nan nan nan
 nan nan]"	0.0	0.0	0.0
349.6729155340181	2.0	trials	1.0	1.0	1.0	0.0	10000.0	1.0	False	0.0	0.0	0.0	"[nan nan nan nan nan nan nan nan nan nan nan nan nan nan nan nan nan nan
 nan nan]"	0.0	0.0	0.0
356.62091852492733	2.0	trials	1.0	1.0	1.0	0.0	10000.0	1.0	False	0.0	0.0	0.0	"[nan nan nan nan nan nan nan nan nan nan nan nan nan nan nan nan nan nan
 nan nan]"	0.0	0.0	0.0
362.89111603361664	2.0	trials	1.0	1.0	1.0	0.0	10000.0	1.0	False	0.0	0.0	0.0	"[nan nan nan nan nan nan nan nan nan nan nan nan nan nan nan nan nan nan
 nan nan]"	0.0	0.0	0.0
371.81957246792257	2.0	trials	1.0	1.0	1.0	0.0	10000.0	1.0	False	0.0	0.0	0.0	"[nan nan nan nan nan nan nan nan nan nan nan nan nan nan nan nan nan nan
 nan nan]"	0.0	0.0	0.0
379.5949387855035	2.0	trials	1.0	1.0	1.0	0.0	10000.0	1.0	False	0.0	0.0	0.0	"[nan nan nan nan nan nan nan nan nan nan nan nan nan nan nan nan nan nan
 nan nan]"	0.0	0.0	0.0
387.61110100862237	2.0	trials	1.0	1.0	1.0	0.0	10000.0	1.0	False	0.0	0.0	0.0	"[nan nan nan nan nan nan nan nan nan nan nan nan nan nan nan nan nan nan
 nan nan]"	0.0	0.0	0.0
393.89287607430566	2.0	trials	1.0	1.0	1.0	0.0	10000.0	1.0	False	0.0	0.0	0.0	"[nan nan nan nan nan nan nan nan nan nan nan nan nan nan nan nan nan nan
 nan nan]"	0.0	0.0	0.0
402.86280435456	2.0	trials	1.0	1.0	1.0	0.0	10000.0	1.0	False	0.0	0.0	0.0	"[nan nan nan nan nan nan nan nan nan nan nan nan nan nan nan nan nan nan
 nan nan]"	0.0	0.0	0.0
412.12078916479794	2.0	trials	1.0	1.0	1.0	0.0	10000.0	1.0	False	0.0	0.0	0.0	"[nan nan nan nan nan nan nan nan nan nan nan nan nan nan nan nan nan nan
 nan nan]"	0.0	0.0	0.0
421.6729648822327	2.0	trials	1.0	1.0	1.0	0.0	10000.0	1.0	False	0.0	0.0	0.0	"[nan nan nan nan nan nan nan nan nan nan nan nan nan nan nan nan nan nan
 nan nan]"	0.0	0.0	0.0
427.39677082055124	2.0	trials	1.0	1.0	1.0	0.0	10000.0	1.0	False	0.0	0.0	0.0	"[nan nan nan nan nan nan nan nan nan nan nan nan nan nan nan nan nan nan
 nan nan]"	0.0	0.0	0.0
436.4089485438655	2.0	trials	1.0	1.0	1.0	0.0	10000.0	1.0	False	0.0	0.0	0.0	"[nan nan nan nan nan nan nan nan nan nan nan nan nan nan nan nan nan nan
 nan nan]"	0.0	0.0	0.0
443.7170653970938	2.0	trials	1.0	1.0	1.0	0.0	10000.0	1.0	False	0.0	0.0	0.0	"[nan nan nan nan nan nan nan nan nan nan nan nan nan nan nan nan nan nan
 nan nan]"	0.0	0.0	0.0
451.2290854929021	2.0	trials	1.0	1.0	1.0	0.0	10000.0	1.0	False	0.0	0.0	0.0	"[nan nan nan nan nan nan nan nan nan nan nan nan nan nan nan nan nan nan
 nan nan]"	0.0	0.0	0.0
496.2845309296928	2.0	trials	2.0	1.0	1.0	0.0	10000.0	1.0	True	40.0	0.0	0.005	"[5752119.89272437 5752405.89166199 5752695.89058476 5752984.88951124
 5753274.88843401 5753564.88735677 5753853.88628326 5754143.88520602
 5754433.88412879 5754722.88305527 5755012.88197803 5755302.8809008
 5755591.87982728 5755881.87875005 5756171.87767282 5756460.8765993
 5756750.87552206 5757039.87444854 5757329.87337131 5757619.87229408]"	0.0	0.0	0.0
504.2050487080932	2.0	trials	2.0	1.0	1.0	0.0	10000.0	1.0	True	40.0	0.0	0.005	"[5843803.55215515 5844078.55113363 5844368.5500564  5844658.54897917
 5844947.54790565 5845237.54682841 5845526.54575489 5845816.54467766
 5846106.54360043 5846395.54252691 5846685.54144968 5846975.54037244
 5847264.53929892 5847554.53822169 5847844.53714446 5848133.53607094
 5848423.5349937  5848713.53391647 5849002.53284295 5849292.53176572]"	0.0	0.0	0.0
511.302609543454	2.000000000000057	trials	2.0	1.0	1.0	0.0	10000.0	1.0	True	40.0	0.0	0.005	"[5925936.24706405 5926226.24598682 5926515.2449133  5926805.24383607
 5927095.24275883 5927384.24168532 5927674.24060808 5927964.23953085
 5928253.23845733 5928543.2373801  5928833.23630286 5929122.23522934
 5929412.23415211 5929702.23307488 5929991.23200136 5930281.23092413
 5930570.22985061 5930860.22877337 5931150.22769614 5931439.22662262]"	0.0	0.0	0.0
518.958571504575	2.0	trials	2.0	1.0	1.0	0.0	10000.0	1.0	True	40.0	0.0	0.005	"[6014573.9178095  6014836.91683256 6015125.91575904 6015415.91468181
 6015705.91360458 6015994.91253106 6016284.91145382 6016574.91037659
 6016863.90930307 6017153.90822584 6017442.90715232 6017732.90607508
 6018022.90499785 6018311.90392433 6018601.9028471  6018891.90176987
 6019180.90069635 6019470.89961911 6019760.89854188 6020049.89746836]"	0.0	0.0	0.0
528.3965268462935	2.0	trials	2.0	1.0	1.0	0.0	10000.0	1.0	True	40.0	0.0	0.005	"[6123798.51208251 6124072.51106471 6124361.5099912  6124651.50891396
 6124941.50783673 6125230.50676321 6125520.50568597 6125810.50460874
 6126099.50353522 6126389.50245799 6126679.50138076 6126968.50030724
 6127258.49923    6127547.49815649 6127837.49707925 6128127.49600202
 6128416.4949285  6128706.49385127 6128996.49277403 6129285.49170051]"	0.0	0.0	0.0
536.6226402895264	2.0	trials	2.0	1.0	1.0	0.0	10000.0	1.0	True	40.0	0.0	0.005	"[6219004.15843048 6219282.15739782 6219571.1563243  6219861.15524707
 6220151.15416984 6220440.15309631 6220730.15201908 6221019.15094556
 6221309.14986833 6221599.1487911  6221888.14771758 6222178.14664034
 6222468.14556311 6222757.14448959 6223047.14341236 6223337.14233513
 6223626.14126161 6223916.14018437 6224206.13910714 6224495.13803362]"	0.0	0.0	0.0
544.614697002188	2.0	trials	2.0	1.0	1.0	0.0	10000.0	1.0	True	40.0	0.0	0.005	"[6311494.81486358 6311782.81379377 6312071.81272025 6312361.81164302
 6312651.81056579 6312940.80949227 6313230.80841504 6313520.8073378
 6313809.80626428 6314099.80518705 6314389.80410982 6314678.8030363
 6314968.80195906 6315257.80088554 6315547.79980831 6315837.79873108
 6316126.79765756 6316416.79658033 6316706.79550309 6316995.79442957]"	0.0	0.0	0.0
551.1728646411818	2.0	trials	2.0	1.0	1.0	0.0	10000.0	1.0	True	40.0	0.0	0.005	"[6387401.53289957 6387687.5318372  6387977.53075997 6388266.52968645
 6388556.52860921 6388846.52753198 6389135.52645846 6389425.52538123
 6389715.52430399 6390004.52323047 6390294.52215324 6390583.52107972
 6390873.52000249 6391163.51892526 6391452.51785174 6391742.5167745
 6392032.51569727 6392321.51462375 6392611.51354652 6392901.51246928]"	0.0	0.0	0.0
561.1865874441512	2.0	trials	2.0	1.0	1.0	0.0	10000.0	1.0	True	40.0	0.0	0.005	"[6503299.10238507 6503587.10131527 6503876.10024175 6504166.09916452
 6504456.09808728 6504745.09701377 6505035.09593653 6505324.09486301
 6505614.09378578 6505904.09270854 6506193.09163503 6506483.09055779
 6506773.08948056 6507062.08840704 6507352.08732981 6507642.08625257
 6507931.08517905 6508221.08410182 6508510.0830283  6508800.08195107]"	0.0	0.0	0.0
569.9946027258484	2.0	trials	2.0	1.0	1.0	0.0	10000.0	1.0	True	40.0	0.0	0.005	"[6605246.72368922 6605531.72263056 6605821.72155332 6606111.72047609
 6606400.71940257 6606690.71832534 6606980.7172481  6607269.71617458
 6607559.71509735 6607849.71402012 6608138.7129466  6608428.71186937
 6608718.71079213 6609007.70971861 6609297.70864138 6609586.70756786
 6609876.70649063 6610166.70541339 6610455.70433987 6610745.70326264]"	0.0	0.0	0.0
576.0547626147446	2.0	trials	2.0	1.0	1.0	0.0	10000.0	1.0	True	40.0	0.0	0.005	"[6675386.4631473  6675672.46208492 6675962.46100769 6676251.45993417
 6676541.45885694 6676831.45777971 6677120.45670619 6677410.45562895
 6677699.45455544 6677989.4534782  6678279.45240097 6678568.45132745
 6678858.45025021 6679148.44917298 6679437.44809946 6679727.44702223
 6680017.445945   6680306.44487148 6680596.44379424 6680886.44271701]"	0.0	0.0	0.0
581.808894840413	2.0	trials	2.0	1.0	1.0	0.0	10000.0	1.0	True	40.0	0.0	0.005	"[6741987.21575135 6742271.2146964  6742561.21361917 6742850.21254565
 6743140.21146842 6743430.21039118 6743719.20931766 6744009.20824043
 6744298.20716691 6744588.20608968 6744878.20501244 6745167.20393892
 6745457.20286169 6745747.20178446 6746036.20071094 6746326.1996337
 6746616.19855647 6746905.19748295 6747195.19640572 6747484.1953322 ]"	0.0	0.0	0.0
589.9086919528614	2.0	trials	2.0	1.0	1.0	0.0	10000.0	1.0	True	40.0	0.0	0.005	"[6835728.86753748 6836018.86646025 6836307.86538673 6836597.8643095
 6836887.86323226 6837176.86215874 6837466.86108151 6837756.86000428
 6838045.85893076 6838335.85785353 6838624.85678001 6838914.85570277
 6839204.85462554 6839493.85355202 6839783.85247479 6840073.85139755
 6840362.85032403 6840652.8492468  6840942.84816957 6841231.84709605]"	0.0	0.0	0.0
597.7144709574711	2.0	trials	2.0	1.0	1.0	0.0	10000.0	1.0	True	40.0	0.0	0.005	"[6926086.53189382 6926363.53086488 6926653.52978764 6926943.52871041
 6927232.52763689 6927522.52655966 6927812.52548242 6928101.5244089
 6928391.52333167 6928681.52225444 6928970.52118092 6929260.52010369
 6929549.51903017 6929839.51795293 6930129.5168757  6930418.51580218
 6930708.51472495 6930998.51364771 6931287.51257419 6931577.51149696]"	0.0	0.0	0.0
606.6533817529432	2.0	trials	2.0	1.0	1.0	0.0	10000.0	1.0	True	40.0	0.0	0.005	"[7029557.14754063 7029823.14655255 7030113.14547531 7030402.1444018
 7030692.14332456 7030982.14224733 7031271.14117381 7031561.14009658
 7031851.13901934 7032140.13794582 7032430.13686859 7032720.13579136
 7033009.13471784 7033299.13364061 7033589.13256337 7033878.13148985
 7034168.13041262 7034457.1293391  7034747.12826187 7035037.12718463]"	0.0	0.0	0.0
613.0567211670628	2.0	trials	2.0	1.0	1.0	0.0	10000.0	1.0	True	40.0	0.0	0.005	"[7103652.87230376 7103936.87124882 7104225.8701753  7104515.86909807
 7104804.86802455 7105094.86694731 7105384.86587008 7105673.86479656
 7105963.86371933 7106253.8626421  7106542.86156857 7106832.86049134
 7107122.85941411 7107411.85834059 7107701.85726336 7107990.85618984
 7108280.8551126  7108570.85403537 7108859.85296185 7109149.85188462]"	0.0	0.0	0.0
621.8046886718139	2.0	trials	2.0	1.0	1.0	0.0	10000.0	1.0	True	40.0	0.0	0.005	"[7204916.49614869 7205185.49514947 7205474.49407595 7205764.49299871
 7206054.49192148 7206343.49084796 7206633.48977073 7206922.48869721
 7207212.48761998 7207502.48654274 7207791.48546922 7208081.48439199
 7208371.48331476 7208660.48224124 7208950.481164   7209240.48008677
 7209529.47901325 7209819.47793602 7210109.47685879 7210398.47578527]"	0.0	0.0	0.0
631.8785456514084	2.0	trials	2.0	1.0	1.0	0.0	10000.0	1.0	True	40.0	0.0	0.005	"[7321518.06301912 7321781.06204218 7322071.06096494 7322360.05989142
 7322650.05881419 7322940.05773696 7323229.05666344 7323519.0555862
 7323808.05451269 7324098.05343545 7324388.05235822 7324677.0512847
 7324967.05020747 7325257.04913023 7325546.04805671 7325836.04697948
 7326126.04590225 7326415.04482873 7326705.04375149 7326995.04267426]"	0.0	0.0	0.0
640.6092332203477	2.0	trials	2.0	1.0	1.0	0.0	10000.0	1.0	True	40.0	0.0	0.005	"[7422544.6877444  7422830.68668203 7423120.6856048  7423409.68453128
 7423699.68345404 7423988.68238053 7424278.68130329 7424568.68022606
 7424857.67915254 7425147.67807531 7425437.67699807 7425726.67592455
 7426016.67484732 7426306.67377009 7426595.67269657 7426885.67161933
 7427175.6705421  7427464.66946858 7427754.66839135 7428043.66731783]"	0.0	0.0	0.0
647.4966700362364	2.0	trials	2.0	1.0	1.0	0.0	10000.0	1.0	True	40.0	0.0	0.005	"[7502285.39153863 7502546.39056912 7502836.38949189 7503125.38841837
 7503415.38734114 7503705.3862639  7503994.38519038 7504284.38411315
 7504574.38303591 7504863.3819624  7505153.38088516 7505443.37980793
 7505732.37873441 7506022.37765718 7506311.37658366 7506601.37550643
 7506891.37442919 7507180.37335567 7507470.37227844 7507760.37120121]"	0.0	0.0	0.0
655.5364193717387	2.0	trials	2.0	1.0	1.0	0.0	10000.0	1.0	True	40.0	0.0	0.005	"[7595338.04588413 7595599.04491462 7595889.04383738 7596178.04276386
 7596468.04168663 7596758.0406094  7597047.03953588 7597337.03845864
 7597627.03738141 7597916.03630789 7598206.03523066 7598495.03415714
 7598785.03307991 7599075.03200267 7599364.03092915 7599654.02985192
 7599944.02877469 7600233.02770117 7600523.02662393 7600813.0255467 ]"	0.0	0.0	0.0
661.9385491903514	2.0	trials	2.0	1.0	1.0	0.0	10000.0	1.0	True	40.0	0.0	0.005	"[7669417.77070669 7669697.7696666  7669987.76858937 7670277.76751214
 7670566.76643862 7670856.76536139 7671146.76428415 7671435.76321063
 7671725.7621334  7672014.76105988 7672304.75998265 7672594.75890541
 7672883.75783189 7673173.75675466 7673463.75567743 7673752.75460391
 7674042.75352668 7674332.75244944 7674621.75137592 7674911.75029869]"	0.0	0.0	0.0
668.5984092515981	2.0	trials	2.0	1.0	1.0	0.0	10000.0	1.0	True	40.0	0.0	0.005	"[7746503.48436318 7746779.48333795 7747069.48226071 7747358.4811872
 7747648.48010996 7747938.47903273 7748227.47795921 7748517.47688198
 7748807.47580474 7749096.47473122 7749386.47365399 7749676.47257676
 7749965.47150324 7750255.470426   7750544.46935249 7750834.46827525
 7751124.46719802 7751413.4661245  7751703.46504727 7751993.46397003]"	0.0	0.0	0.0
675.9603531048804	2.0	trials	2.0	1.0	1.0	0.0	10000.0	1.0	True	40.0	0.0	0.005	"[7831708.16786084 7831988.16682075 7832277.16574723 7832567.16467
 7832856.16359648 7833146.16251925 7833436.16144201 7833725.16036849
 7834015.15929126 7834305.15821403 7834594.15714051 7834884.15606327
 7835174.15498604 7835463.15391252 7835753.15283529 7836043.15175805
 7836332.15068454 7836622.1496073  7836911.14853378 7837201.14745655]"	0.0	0.0	0.0
681.3844385565422	2.0	trials	2.0	1.0	1.0	0.0	10000.0	1.0	True	40.0	0.0	0.005	"[7894489.93465093 7894766.93362199 7895055.93254847 7895345.93147124
 7895634.93039772 7895924.92932049 7896214.92824325 7896503.92716973
 7896793.9260925  7897083.92501527 7897372.92394175 7897662.92286451
 7897952.92178728 7898241.92071376 7898531.91963653 7898821.9185593
 7899110.91748578 7899400.91640854 7899689.91533502 7899979.91425779]"	0.0	0.0	0.0
688.6326804321825	2.0	trials	2.0	1.0	1.0	0.0	10000.0	1.0	True	40.0	0.0	0.005	"[7978386.62300729 7978657.62200063 7978947.6209234  7979236.61984988
 7979526.61877265 7979816.61769541 7980105.6166219  7980395.61554466
 7980685.61446743 7980974.61339391 7981264.61231668 7981553.61124316
 7981843.61016593 7982133.60908869 7982422.60801517 7982712.60693794
 7983002.60586071 7983291.60478719 7983581.60370995 7983871.60263272]"	0.0	0.0	0.0
694.8308206085363	2.0	trials	2.0	1.0	1.0	0.0	10000.0	1.0	True	40.0	0.0	0.005	"[8050119.35654802 8050395.35552279 8050685.35444556 8050974.35337204
 8051264.3522948  8051554.35121757 8051843.35014405 8052133.34906682
 8052422.3479933  8052712.34691606 8053002.34583883 8053291.34476531
 8053581.34368808 8053871.34261085 8054160.34153733 8054450.34046009
 8054740.33938286 8055029.33830934 8055319.33723211 8055609.33615488]"	0.0	0.0	0.0
702.630638035291	2.0	trials	2.0	1.0	1.0	0.0	10000.0	1.0	True	40.0	0.0	0.005	"[8140410.02115323 8140671.02018372 8140961.01910649 8141251.01802926
 8141540.01695574 8141830.01587851 8142120.01480127 8142409.01372775
 8142699.01265052 8142989.01157329 8143278.01049977 8143568.00942253
 8143857.00834901 8144147.00727178 8144437.00619455 8144726.00512103
 8145016.00404379 8145306.00296656 8145595.00189304 8145885.00081581]"	0.0	0.0	0.0
712.1224203770633	2.0	trials	2.0	1.0	1.0	0.0	10000.0	1.0	True	40.0	0.0	0.005	"[8250254.6131232  8250529.61210168 8250818.61102816 8251108.60995093
 8251398.6088737  8251687.60780018 8251977.60672294 8252267.60564571
 8252556.60457219 8252846.60349496 8253136.60241772 8253425.60134421
 8253715.60026697 8254005.59918974 8254294.59811622 8254584.59703899
 8254873.59596547 8255163.59488823 8255453.593811   8255742.59273748]"	0.0	0.0	0.0
720.9496163875117	2.0	trials	2.0	1.0	1.0	0.0	10000.0	1.0	True	40.0	0.0	0.005	"[8352434.23356555 8352696.23259233 8352986.2315151  8353275.23044158
 8353565.22936434 8353855.22828711 8354144.22721359 8354434.22613636
 8354724.22505912 8355013.22398561 8355303.22290837 8355593.22183114
 8355882.22075762 8356172.21968039 8356461.21860687 8356751.21752963
 8357041.2164524  8357330.21537888 8357620.21430165 8357910.21322441]"	0.0	0.0	0.0
730.264970584645	2.0	trials	2.0	1.0	1.0	0.0	10000.0	1.0	True	40.0	0.0	0.005	"[8460238.8331133  8460512.8320955  8460802.83101826 8461092.82994103
 8461381.82886751 8461671.82779028 8461961.82671304 8462250.82563953
 8462540.82456229 8462829.82348877 8463119.82241154 8463409.8213343
 8463698.82026079 8463988.81918355 8464278.81810632 8464567.8170328
 8464857.81595557 8465147.81487833 8465436.81380482 8465726.81272758]"	0.0	0.0	0.0
738.7203887761012	2.0	trials	2.0	1.0	1.0	0.0	10000.0	1.0	True	40.0	0.0	0.005	"[8558099.469599   8558376.46857006 8558666.46749282 8558955.46641931
 8559245.46534207 8559535.46426484 8559824.46319132 8560114.46211409
 8560403.46104057 8560693.45996334 8560983.4588861  8561272.45781258
 8561562.45673535 8561852.45565812 8562141.4545846  8562431.45350736
 8562721.45243013 8563010.45135661 8563300.45027938 8563589.44920586]"	0.0	0.0	0.0
746.7424261773965	2.0	trials	2.0	1.0	1.0	0.0	10000.0	1.0	True	40.0	0.0	0.005	"[8650935.12475057 8651224.12367705 8651514.12259981 8651803.1215263
 8652093.12044906 8652382.11937554 8652672.11829831 8652962.11722108
 8653251.11614756 8653541.11507032 8653831.11399309 8654120.11291957
 8654410.11184234 8654700.1107651  8654989.10969158 8655279.10861435
 8655568.10754083 8655858.1064636  8656148.10538637 8656437.10431285]"	0.0	0.0	0.0
755.8202676567956	2.0	trials	2.0	1.0	1.0	0.0	10000.0	1.0	True	40.0	0.0	0.005	"[8756022.73439087 8756291.73339164 8756581.73231441 8756871.73123718
 8757160.73016366 8757450.72908643 8757740.72800919 8758029.72693567
 8758319.72585844 8758608.72478492 8758898.72370769 8759188.72263045
 8759477.72155694 8759767.7204797  8760057.71940247 8760346.71832895
 8760636.71725172 8760926.71617448 8761215.71510096 8761505.71402373]"	0.0	0.0	0.0
761.7243033256319	2.0	trials	2.0	1.0	1.0	0.0	10000.0	1.0	True	40.0	0.0	0.005	"[8824362.48053523 8824625.47955829 8824914.47848477 8825204.47740754
 8825494.47633031 8825783.47525679 8826073.47417955 8826363.47310232
 8826652.4720288  8826942.47095157 8827232.46987434 8827521.46880082
 8827811.46772358 8828100.46665007 8828390.46557283 8828680.4644956
 8828969.46342208 8829259.46234484 8829549.46126761 8829838.46019409]"	0.0	0.0	0.0
767.358426397087	2.0	trials	2.0	1.0	1.0	0.0	10000.0	1.0	True	40.0	0.0	0.005	"[8889547.23839915 8889835.23732935 8890124.23625582 8890414.23517859
 8890704.23410136 8890993.23302784 8891283.23195061 8891573.23087337
 8891862.22979985 8892152.22872262 8892441.2276491  8892731.22657187
 8893021.22549463 8893310.22442112 8893600.22334388 8893890.22226665
 8894179.22119313 8894469.2201159  8894759.21903866 8895048.21796514]"	0.0	0.0	0.0
775.6266164840218	2.0	trials	2.0	1.0	1.0	0.0	10000.0	1.0	True	40.0	0.0	0.005	"[8985241.88293068 8985531.88185344 8985820.88077992 8986110.87970269
 8986400.87862546 8986689.87755194 8986979.8764747  8987269.87539747
 8987558.87432395 8987848.87324672 8988137.8721732  8988427.87109597
 8988717.87001873 8989006.86894521 8989296.86786798 8989586.86679075
 8989875.86571723 8990165.86463999 8990455.86356276 8990744.86248924]"	0.0	0.0	0.0
783.7446439287519	2.0	trials	2.0	1.0	1.0	0.0	10000.0	1.0	True	40.0	0.0	0.005	"[9079214.53385874 9079490.53283351 9079779.53175999 9080069.53068276
 9080359.52960553 9080648.52853201 9080938.52745477 9081228.52637754
 9081517.52530402 9081807.52422679 9082097.52314955 9082386.52207603
 9082676.5209988  9082965.51992528 9083255.51884805 9083545.51777082
 9083834.5166973  9084124.51562006 9084414.51454283 9084703.51346931]"	0.0	0.0	0.0
791.9752501552958	2.0	trials	2.0	1.0	1.0	0.0	10000.0	1.0	True	40.0	0.0	0.005	"[9174490.17994668 9174752.17897346 9175042.17789623 9175332.17681899
 9175621.17574547 9175911.17466824 9176201.17359101 9176490.17251749
 9176780.17144025 9177070.17036302 9177359.1692895  9177649.16821227
 9177938.16713875 9178228.16606151 9178518.16498428 9178807.16391076
 9179097.16283353 9179387.1617563  9179676.16068278 9179966.15960554]"	0.0	0.0	0.0
798.7745592985442	2.0	trials	2.0	1.0	1.0	0.0	10000.0	1.0	True	40.0	0.0	0.005	"[9253164.88770067 9253447.88664944 9253737.88557221 9254026.88449869
 9254316.88342145 9254605.88234794 9254895.8812707  9255185.88019347
 9255474.87911995 9255764.87804272 9256054.87696548 9256343.87589196
 9256633.87481473 9256923.8737375  9257212.87266398 9257502.87158674
 9257791.87051322 9258081.86943599 9258371.86835876 9258660.86728524]"	0.0	0.0	0.0
803.9223385765745	2.0	trials	2.0	1.0	1.0	0.0	10000.0	1.0	True	40.0	0.0	0.005	"[9312767.66629948 9313028.66532996 9313317.66425645 9313607.66317921
 9313897.66210198 9314186.66102846 9314476.65995123 9314766.65887399
 9315055.65780048 9315345.65672324 9315635.65564601 9315924.65457249
 9316214.65349525 9316503.65242174 9316793.6513445  9317083.65026727
 9317372.64919375 9317662.64811652 9317952.64703928 9318241.64596576]"	0.0	0.0	0.0
810.7563803908047	2.0	trials	2.0	1.0	1.0	0.0	10000.0	1.0	True	40.0	0.0	0.005	"[9391836.37258991 9392126.37151268 9392415.37043916 9392705.36936193
 9392995.36828469 9393284.36721117 9393574.36613394 9393864.36505671
 9394153.36398319 9394443.36290595 9394732.36183243 9395022.3607552
 9395312.35967797 9395601.35860445 9395891.35752722 9396181.35644998
 9396470.35537646 9396760.35429923 9397050.353222   9397339.35214848]"	0.0	0.0	0.0
818.2265830419481	2.0	trials	2.0	1.0	1.0	0.0	10000.0	1.0	True	40.0	0.0	0.005	"[9478299.05141461 9478587.0503448  9478877.04926757 9479167.04819034
 9479456.04711682 9479746.04603959 9480036.04496235 9480325.04388883
 9480615.0428116  9480904.04173808 9481194.04066085 9481484.03958361
 9481773.03851009 9482063.03743286 9482353.03635563 9482642.03528211
 9482932.03420487 9483222.03312764 9483511.03205412 9483801.03097689]"	0.0	0.0	0.0
824.4128000625917	2.0	trials	2.0	1.0	1.0	0.0	10000.0	1.0	True	40.0	0.0	0.005	"[9549913.78539366 9550186.78437958 9550475.78330605 9550765.78222882
 9551054.7811553  9551344.78007807 9551634.77900084 9551923.77792732
 9552213.77685008 9552503.77577285 9552792.77469933 9553082.7736221
 9553372.77254486 9553661.77147135 9553951.77039411 9554241.76931688
 9554530.76824336 9554820.76716613 9555109.76609261 9555399.76501537]"	0.0	0.0	0.0
831.4866009862114	2.0	trials	2.0	1.0	1.0	0.0	10000.0	1.0	True	40.0	0.0	0.005	"[9631782.48128322 9632059.48025428 9632349.47917704 9632639.47809981
 9632928.47702629 9633218.47594906 9633507.47487554 9633797.4737983
 9634087.47272107 9634376.47164755 9634666.47057032 9634956.46949309
 9635245.46841957 9635535.46734233 9635825.4662651  9636114.46519158
 9636404.46411435 9636694.46303711 9636983.4619636  9637273.46088636]"	0.0	0.0	0.0
839.9049537153513	2.0	trials	2.0	1.0	1.0	0.0	10000.0	1.0	True	40.0	0.0	0.005	"[9729205.11939592 9729494.1183224  9729784.11724517 9730073.11617165
 9730363.11509442 9730653.11401718 9730942.11294366 9731232.11186643
 9731522.1107892  9731811.10971568 9732101.10863845 9732390.10756493
 9732680.10648769 9732970.10541046 9733259.10433694 9733549.10325971
 9733839.10218247 9734128.10110895 9734418.10003172 9734708.09895449]"	0.0	0.0	0.0
849.732485209948	2.0	trials	2.0	1.0	1.0	0.0	10000.0	1.0	True	40.0	0.0	0.005	"[9842977.69677494 9843238.69580543 9843528.6947282  9843818.69365096
 9844107.69257745 9844397.69150021 9844687.69042298 9844976.68934946
 9845266.68827223 9845555.68719871 9845845.68612147 9846135.68504424
 9846424.68397072 9846714.68289349 9847004.68181626 9847293.68074274
 9847583.6796655  9847873.67858827 9848162.67751475 9848452.67643752]"	0.0	0.0	0.0
855.7802899447387	2.0	trials	2.0	1.0	1.0	0.0	10000.0	1.0	True	40.0	0.0	0.005	"[9912967.43679021 9913236.43579099 9913526.43471375 9913816.43363652
 9914105.432563   9914395.43148577 9914685.43040854 9914974.42933501
 9915264.42825778 9915554.42718055 9915843.42610703 9916133.4250298
 9916422.42395628 9916712.42287904 9917002.42180181 9917291.42072829
 9917581.41965106 9917871.41857382 9918160.41750031 9918450.41642307]"	0.0	0.0	0.0
865.1288216186308	2.0	trials	2.0	1.0	1.0	0.0	10000.0	1.0	True	40.0	0.0	0.005	"[10021155.03491527 10021437.03386775 10021727.03279052 10022016.031717
 10022306.03063976 10022595.02956625 10022885.02848901 10023175.02741178
 10023464.02633826 10023754.02526103 10024044.02418379 10024333.02311027
 10024623.02203304 10024913.02095581 10025202.01988229 10025492.01880505
 10025781.01773154 10026071.0166543  10026361.01557707 10026650.01450355]"	0.0	0.0	0.0
873.2944552865223	2.0	trials	2.0	1.0	1.0	0.0	10000.0	1.0	True	40.0	0.0	0.005	"[10115657.68387459 10115946.68280108 10116235.68172756 10116525.68065032
 10116815.67957309 10117104.67849957 10117394.67742234 10117684.6763451
 10117973.67527158 10118263.67419435 10118552.67312083 10118842.6720436
 10119132.67096636 10119421.66989285 10119711.66881561 10120001.66773838
 10120290.66666486 10120580.66558763 10120870.66451039 10121159.66343687]"	0.0	0.0	0.0
880.8423312491401	2.0	trials	2.0	1.0	1.0	0.0	10000.0	1.0	True	40.0	0.0	0.005	"[10203028.35932644 10203306.35829378 10203596.35721654 10203885.35614302
 10204175.35506579 10204465.35398856 10204754.35291504 10205044.3518378
 10205334.35076057 10205623.34968705 10205913.34860982 10206203.34753259
 10206492.34645907 10206782.34538183 10207071.34430832 10207361.34323108
 10207651.34215385 10207940.34108033 10208230.3400031  10208520.33892586]"	0.0	0.0	0.0
888.527237102746	2.0	trials	2.0	1.0	1.0	0.0	10000.0	1.0	True	40.0	0.0	0.005	"[10291967.02895379 10292252.02789513 10292542.02681789 10292832.02574066
 10293121.02466714 10293411.02358991 10293700.02251639 10293990.02143916
 10294280.02036192 10294569.0192884  10294859.01821117 10295149.01713394
 10295438.01606042 10295728.01498318 10296018.01390595 10296307.01283243
 10296597.0117552  10296887.01067797 10297176.00960444 10297466.00852721]"	0.0	0.0	0.0
896.8926268286226	2.0	trials	2.0	1.0	1.0	0.0	10000.0	1.0	True	40.0	0.0	0.005	"[10388783.66931754 10389073.6682403  10389362.66716678 10389652.66608955
 10389942.66501232 10390231.6639388  10390521.66286157 10390811.66178433
 10391100.66071081 10391390.65963358 10391680.65855634 10391969.65748283
 10392259.65640559 10392549.65532836 10392838.65425484 10393128.65317761
 10393417.65210409 10393707.65102685 10393997.64994962 10394286.6488761 ]"	0.0	0.0	0.0
906.6423122123867	2.0	trials	2.0	1.0	1.0	0.0	10000.0	1.0	True	40.0	0.0	0.005	"[10501636.25011399 10501917.24907018 10502206.24799667 10502496.24691943
 10502786.2458422  10503075.24476868 10503365.24369145 10503655.24261421
 10503944.24154069 10504234.24046346 10504523.23938994 10504813.23831271
 10505103.23723547 10505392.23616195 10505682.23508472 10505972.23400749
 10506261.23293397 10506551.23185674 10506841.2307795  10507130.22970598]"	0.0	0.0	0.0
912.0062634874234	2.0	trials	2.0	1.0	1.0	0.0	10000.0	1.0	True	40.0	0.0	0.005	"[10563730.01945972 10564000.01845679 10564290.01737955 10564580.01630232
 10564869.0152288  10565159.01415157 10565449.01307433 10565738.01200081
 10566028.01092358 10566318.00984634 10566607.00877283 10566897.00769559
 10567187.00661836 10567476.00554484 10567766.00446761 10568055.00339409
 10568345.00231686 10568635.00123962 10568924.0001661  10569213.99908887]"	0.0	0.0	0.0
920.868710566928	2.0	trials	2.0	1.0	1.0	0.0	10000.0	1.0	True	40.0	0.0	0.005	"[10666284.63850911 10666574.63743187 10666863.63635836 10667153.63528112
 10667443.63420389 10667732.63313037 10668022.63205314 10668312.6309759
 10668601.62990239 10668891.62882515 10669181.62774792 10669470.6266744
 10669760.62559717 10670049.62452365 10670339.62344641 10670629.62236918
 10670918.62129566 10671208.62021843 10671498.61914119 10671787.61806767]"	0.0	0.0	0.0
928.536336484722	2.0	trials	2.0	1.0	1.0	0.0	10000.0	1.0	True	40.0	0.0	0.005	"[10755034.30883852 10755320.30777615 10755610.30669891 10755900.30562168
 10756189.30454816 10756479.30347093 10756768.30239741 10757058.30132017
 10757348.30024294 10757637.29916942 10757927.29809219 10758217.29701495
 10758506.29594143 10758796.2948642  10759086.29378697 10759375.29271345
 10759665.29163622 10759955.29055898 10760244.28948546 10760534.28840823]"	0.0	0.0	0.0
933.96629711456	2.0	trials	2.0	1.0	1.0	0.0	10000.0	1.0	True	40.0	0.0	0.005	"[10817893.07534259 10818167.07432479 10818457.07324756 10818746.07217404
 10819036.07109681 10819326.07001957 10819615.06894606 10819905.06786882
 10820195.06679159 10820484.06571807 10820774.06464083 10821063.06356732
 10821353.06249008 10821643.06141285 10821932.06033933 10822222.0592621
 10822512.05818486 10822801.05711135 10823091.05603411 10823381.05495688]"	0.0	0.0	0.0
939.7789219229514	2.0	trials	2.0	1.0	1.0	0.0	10000.0	1.0	True	40.0	0.0	0.005	"[10885181.82539099 10885442.82442149 10885731.82334797 10886021.82227073
 10886311.8211935  10886600.82011998 10886890.81904275 10887180.81796551
 10887469.81689199 10887759.81581476 10888049.81473753 10888338.81366401
 10888628.81258678 10888918.81150954 10889207.81043602 10889497.80935879
 10889786.80828527 10890076.80720804 10890366.8061308  10890655.80505728]"	0.0	0.0	0.0
948.1799947162795	2.0	trials	2.0	1.0	1.0	0.0	10000.0	1.0	True	40.0	0.0	0.005	"[10982417.46419833 10982678.46322882 10982967.4621553  10983257.46107806
 10983546.46000455 10983836.45892731 10984126.45785008 10984415.45677656
 10984705.45569933 10984995.45462209 10985284.45354857 10985574.45247134
 10985864.45139411 10986153.45032059 10986443.44924335 10986732.44816983
 10987022.4470926  10987312.44601537 10987601.44494185 10987891.44386462]"	0.0	0.0	0.0
954.876315442089	2.0	trials	2.0	1.0	1.0	0.0	10000.0	1.0	True	40.0	0.0	0.005	"[11059894.1764024  11060181.17533631 11060471.17425908 11060761.17318184
 11061050.17210833 11061340.17103109 11061630.16995386 11061919.16888034
 11062209.16780311 11062499.16672587 11062788.16565236 11063078.16457512
 11063367.1635016  11063657.16242437 11063947.16134714 11064236.16027362
 11064526.15919638 11064816.15811915 11065105.15704563 11065395.1559684 ]"	0.0	0.0	0.0
961.1706184612359	2.0	trials	2.0	1.0	1.0	0.0	10000.0	1.0	True	40.0	0.0	0.005	"[11132741.90580135 11133031.90472412 11133320.9036506  11133610.90257337
 11133900.90149613 11134189.90042262 11134479.89934538 11134768.89827186
 11135058.89719463 11135348.8961174  11135637.89504388 11135927.89396664
 11136217.89288941 11136506.89181589 11136796.89073866 11137086.88966143
 11137375.88858791 11137665.88751067 11137954.88643715 11138244.88535992]"	0.0	0.0	0.0
968.0887271631907	2.0	trials	2.0	1.0	1.0	0.0	10000.0	1.0	True	40.0	0.0	0.005	"[11212812.60836976 11213102.60729253 11213392.6062153  11213681.60514178
 11213971.60406454 11214261.60298731 11214550.60191379 11214840.60083656
 11215130.59975932 11215419.5986858  11215709.59760857 11215999.59653134
 11216288.59545782 11216578.59438059 11216867.59330706 11217157.59222983
 11217447.5911526  11217736.59007908 11218026.58900185 11218316.58792461]"	0.0	0.0	0.0
974.3887325611555	2.0	trials	2.0	1.0	1.0	0.0	10000.0	1.0	True	40.0	0.0	0.005	"[11285729.33751241 11286019.33643517 11286309.33535794 11286598.33428442
 11286888.33320719 11287178.33212995 11287467.33105643 11287757.3299792
 11288046.32890568 11288336.32782845 11288626.32675122 11288915.3256777
 11289205.32460046 11289495.32352323 11289784.32244971 11290074.32137248
 11290364.32029524 11290653.31922172 11290943.31814449 11291233.31706726]"	0.0	0.0	0.0
979.6564345937201	2.0	trials	2.0	1.0	1.0	0.0	10000.0	1.0	True	40.0	0.0	0.005	"[11346724.11094049 11346988.10995984 11347277.10888632 11347567.10780908
 11347857.10673185 11348146.10565833 11348436.1045811  11348725.10350758
 11349015.10243035 11349305.10135311 11349594.10027959 11349884.09920236
 11350174.09812513 11350463.09705161 11350753.09597437 11351043.09489714
 11351332.09382362 11351622.09274639 11351912.09166916 11352201.09059564]"	0.0	0.0	0.0
988.9269473574216	2.0	trials	2.0	1.0	1.0	0.0	10000.0	1.0	True	40.0	0.0	0.005	"[11453996.7124644  11454285.71139088 11454575.71031365 11454864.70924013
 11455154.70816289 11455444.70708566 11455733.70601214 11456023.70493491
 11456313.70385768 11456602.70278415 11456892.70170692 11457181.7006334
 11457471.69955617 11457761.69847894 11458050.69740542 11458340.69632818
 11458630.69525095 11458919.69417743 11459209.6931002  11459499.69202296]"	0.0	0.0	0.0
997.9278067227792	2.0	trials	2.0	1.0	1.0	0.0	10000.0	1.0	True	40.0	0.0	0.005	"[11558172.32549242 11558462.32441519 11558752.32333795 11559041.32226443
 11559331.3211872  11559621.32010997 11559910.31903645 11560200.31795921
 11560490.31688198 11560779.31580846 11561069.31473123 11561358.31365771
 11561648.31258048 11561938.31150324 11562227.31042972 11562517.30935249
 11562807.30827526 11563096.30720174 11563386.3061245  11563676.30504727]"	0.0	0.0	0.0
1005.7899183181355	2.0	trials	2.0	1.0	1.0	0.0	10000.0	1.0	True	40.0	0.0	0.005	"[11649169.98747141 11649458.98639789 11649748.98532066 11650038.98424343
 11650327.98316991 11650617.98209267 11650906.98101915 11651196.97994192
 11651486.97886469 11651775.97779117 11652065.97671393 11652355.9756367
 11652644.97456318 11652934.97348595 11653224.97240872 11653513.9713352
 11653803.97025796 11654093.96918073 11654382.96810721 11654672.96702998]"	0.0	0.0	0.0
1011.2945282706808	2.0	trials	2.0	1.0	1.0	0.0	10000.0	1.0	True	40.0	0.0	0.005	"[11712882.75080322 11713169.74973713 11713458.74866361 11713748.74758638
 11714038.74650914 11714327.74543562 11714617.74435839 11714906.74328487
 11715196.74220764 11715486.74113041 11715775.74005689 11716065.73897965
 11716355.73790242 11716644.7368289  11716934.73575167 11717224.73467443
 11717513.73360091 11717803.73252368 11718092.73145016 11718382.73037293]"	0.0	0.0	0.0
1020.1924856182786	2.0	trials	2.0	1.0	1.0	0.0	10000.0	1.0	True	40.0	0.0	0.005	"[11815873.36823304 11816156.36718181 11816445.36610829 11816735.36503105
 11817024.36395753 11817314.3628803  11817604.36180307 11817893.36072955
 11818183.35965231 11818473.35857508 11818762.35750156 11819052.35642433
 11819342.3553471  11819631.35427358 11819921.35319634 11820211.35211911
 11820500.35104559 11820790.34996836 11821079.34889484 11821369.34781761]"	0.0	0.0	0.0
1028.3823975959858	2.0	trials	2.0	1.0	1.0	0.0	10000.0	1.0	True	40.0	0.0	0.005	"[11910675.0160817  11910946.01507504 11911236.01399781 11911525.01292429
 11911815.01184706 11912105.01076982 11912394.00969631 11912684.00861907
 11912974.00754184 11913263.00646832 11913553.00539109 11913843.00431385
 11914132.00324033 11914422.0021631  11914711.00108958 11915001.00001235
 11915290.99893511 11915579.9978616  11915869.99678436 11916159.99570712]"	0.0	0.0	0.0
1035.3783524087728	2.0	trials	2.0	1.0	1.0	0.0	10000.0	1.0	True	40.0	0.0	0.005	"[11991642.71531811 11991917.7142966  11992206.71322308 11992496.71214584
 11992786.71106861 11993075.70999509 11993365.70891786 11993655.70784063
 11993944.70676711 11994234.70568987 11994523.70461635 11994813.70353912
 11995103.70246189 11995392.70138837 11995682.70031114 11995972.6992339
 11996261.69816038 11996551.69708315 11996841.69600592 11997130.6949324 ]"	0.0	0.0	0.0
1041.642415540249	2.0	trials	2.0	1.0	1.0	0.0	10000.0	1.0	True	40.0	0.0	0.005	"[12064136.44603203 12064418.44498452 12064708.44390728 12064997.44283376
 12065287.44175653 12065577.44067929 12065866.43960577 12066156.43852854
 12066445.43745502 12066735.43637779 12067025.43530056 12067314.43422704
 12067604.43314981 12067894.43207257 12068183.43099905 12068473.42992182
 12068763.42884458 12069052.42777107 12069342.42669383 12069632.4256166 ]"	0.0	0.0	0.0
1050.9126691049134	2.0	trials	2.0	1.0	1.0	0.0	10000.0	1.0	True	40.0	0.0	0.005	"[12171451.04739993 12171713.0464267  12172003.04534947 12172293.04427223
 12172582.04319872 12172872.04212148 12173162.04104425 12173451.03997073
 12173741.0388935  12174031.03781626 12174320.03674274 12174610.03566551
 12174899.03459199 12175189.03351476 12175479.03243752 12175768.03136401
 12176058.03028677 12176348.02920954 12176637.02813602 12176927.02705879]"	0.0	0.0	0.0
1057.1766458367103	2.0	trials	2.0	1.0	1.0	0.0	10000.0	1.0	True	40.0	0.0	0.005	"[12243952.77808413 12244213.77711462 12244502.7760411  12244792.77496387
 12245081.77389035 12245371.77281311 12245661.77173588 12245950.77066236
 12246240.76958513 12246530.7685079  12246819.76743438 12247109.76635714
 12247399.76527991 12247688.76420639 12247978.76312916 12248267.76205564
 12248557.7609784  12248847.75990117 12249136.75882765 12249426.75775042]"	0.0	0.0	0.0
1064.6884067334813	2.0	trials	2.0	1.0	1.0	0.0	10000.0	1.0	True	40.0	0.0	0.005	"[12330866.45523354 12331154.45416374 12331444.4530865  12331734.45200927
 12332023.45093575 12332313.44985852 12332602.448785   12332892.44770777
 12333182.44663053 12333471.44555701 12333761.44447978 12334051.44340255
 12334340.44232903 12334630.44125179 12334920.44017456 12335209.43910104
 12335499.43802381 12335789.43694658 12336078.43587306 12336368.43479582]"	0.0	0.0	0.0
1070.4485869366838	2.0	trials	2.0	1.0	1.0	0.0	10000.0	1.0	True	40.0	0.0	0.005	"[12397544.20755157 12397823.20651519 12398113.20543796 12398402.20436444
 12398692.20328721 12398982.20220997 12399271.20113645 12399561.20005922
 12399851.19898199 12400140.19790847 12400430.19683124 12400720.195754
 12401009.19468048 12401299.19360325 12401588.19252973 12401878.19145249
 12402168.19037526 12402457.18930174 12402747.18822451 12403037.18714728]"	0.0	0.0	0.0
1078.1644238753927	2.0	trials	2.0	1.0	1.0	0.0	10000.0	1.0	True	40.0	0.0	0.005	"[12486839.8758528  12487126.87478671 12487415.8737132  12487705.87263596
 12487995.87155873 12488284.87048521 12488574.86940798 12488864.86833074
 12489153.86725722 12489443.86617999 12489733.86510276 12490022.86402924
 12490312.86295201 12490601.86187849 12490891.86080125 12491181.85972402
 12491470.8586505  12491760.85757327 12492050.85649603 12492339.85542252]"	0.0	0.0	0.0
1084.7642361596934	2.0	trials	2.0	1.0	1.0	0.0	10000.0	1.0	True	40.0	0.0	0.005	"[12563228.59209836 12563513.5910397  12563803.58996247 12564092.58888895
 12564382.58781172 12564672.58673448 12564961.58566096 12565251.58458373
 12565541.5835065  12565830.58243298 12566120.58135575 12566410.58027851
 12566699.57920499 12566989.57812776 12567278.57705424 12567568.57597701
 12567858.57489977 12568147.57382626 12568437.57274902 12568727.57167179]"	0.0	0.0	0.0
1093.698308573138	2.0	trials	2.0	1.0	1.0	0.0	10000.0	1.0	True	40.0	0.0	0.005	"[12666646.20794205 12666917.20693539 12667206.20586187 12667496.20478464
 12667786.20370741 12668075.20263389 12668365.20155665 12668654.20048314
 12668944.1994059  12669234.19832867 12669523.19725515 12669813.19617792
 12670103.19510068 12670392.19402716 12670682.19294993 12670972.1918727
 12671261.19079918 12671551.18972195 12671841.18864471 12672130.18757119]"	0.0	0.0	0.0
1098.9543466490297	2.0	trials	2.0	1.0	1.0	0.0	10000.0	1.0	True	40.0	0.0	0.005	"[12727467.98201276 12727750.98096153 12728040.97988429 12728330.97880706
 12728619.97773354 12728909.9766563  12729199.97557907 12729488.97450555
 12729778.97342832 12730067.9723548  12730357.97127757 12730647.97020034
 12730936.96912682 12731226.96804958 12731516.96697235 12731805.96589883
 12732095.9648216  12732385.96374436 12732674.96267085 12732964.96159361]"	0.0	0.0	0.0
1108.746367875533	2.0	trials	2.0	1.0	1.0	0.0	10000.0	1.0	True	40.0	0.0	0.005	"[12840815.56097048 12841084.55997126 12841374.55889402 12841663.5578205
 12841953.55674327 12842243.55566604 12842532.55459252 12842822.55351528
 12843111.55244177 12843401.55136453 12843691.5502873  12843980.54921378
 12844270.54813655 12844560.54705931 12844849.54598579 12845139.54490856
 12845429.54383133 12845718.54275781 12846008.54168058 12846298.54060334]"	0.0	0.0	0.0
1116.726242233447	2.0	trials	2.0	1.0	1.0	0.0	10000.0	1.0	True	40.0	0.0	0.005	"[12933155.21796449 12933444.21689097 12933734.21581374 12934023.21474021
 12934313.21366298 12934603.21258575 12934892.21151223 12935182.21043499
 12935472.20935776 12935761.20828424 12936051.20720701 12936340.20613349
 12936630.20505626 12936920.20397902 12937209.2029055  12937499.20182827
 12937789.20075104 12938078.19967752 12938368.19860029 12938658.19752305]"	0.0	0.0	0.0
1123.494447492234	2.0	trials	2.0	1.0	1.0	0.0	10000.0	1.0	True	40.0	0.0	0.005	"[13011505.926922   13011779.9259042  13012069.92482697 13012358.92375345
 13012648.92267622 13012938.92159898 13013227.92052547 13013517.91944823
 13013807.918371   13014096.91729748 13014386.91622025 13014676.91514301
 13014965.91406949 13015255.91299226 13015544.91191874 13015834.91084151
 13016124.90976427 13016413.90869076 13016703.90761352 13016993.90653629]"	0.0	0.0	0.0
1130.8742760790815	2.0	trials	2.0	1.0	1.0	0.0	10000.0	1.0	True	40.0	0.0	0.005	"[13096912.60966931 13097194.6086218  13097484.60754457 13097774.60646733
 13098063.60539382 13098353.60431658 13098642.60324306 13098932.60216583
 13099222.60108859 13099511.60001508 13099801.59893784 13100091.59786061
 13100380.59678709 13100670.59570986 13100960.59463262 13101249.5935591
 13101539.59248187 13101828.59140835 13102118.59033112 13102408.58925388]"	0.0	0.0	0.0
1138.758160393561	2.0	trials	2.0	1.0	1.0	0.0	10000.0	1.0	True	40.0	0.0	0.005	"[13188159.27072338 13188443.26966843 13188733.2685912  13189022.26751768
 13189312.26644044 13189602.26536321 13189891.26428969 13190181.26321246
 13190470.26213894 13190760.26106171 13191050.25998447 13191339.25891095
 13191629.25783372 13191919.25675649 13192208.25568297 13192498.25460573
 13192788.2535285  13193077.25245498 13193367.25137775 13193656.25030423]"	0.0	0.0	0.0
1144.7041863064198	2.0	trials	2.0	1.0	1.0	0.0	10000.0	1.0	True	40.0	0.0	0.005	"[13256990.01504387 13257264.01402607 13257553.01295255 13257843.01187531
 13258132.0108018  13258422.00972456 13258712.00864733 13259001.00757381
 13259291.00649658 13259581.00541935 13259870.00434582 13260160.00326859
 13260450.00219136 13260739.00111784 13261029.0000406  13261318.99896337
 13261607.99788985 13261897.99681262 13262186.9957391  13262476.99466187]"	0.0	0.0	0.0
1152.3725898213252	2.0	trials	2.0	1.0	1.0	0.0	10000.0	1.0	True	40.0	0.0	0.005	"[13345749.68533613 13346017.68434062 13346307.68326339 13346597.68218615
 13346886.68111264 13347176.6800354  13347466.67895817 13347755.67788465
 13348045.67680741 13348334.6757339  13348624.67465666 13348914.67357943
 13349203.67250591 13349493.67142867 13349783.67035144 13350072.66927793
 13350362.66820069 13350652.66712346 13350941.66604994 13351231.66497271]"	0.0	0.0	0.0
1161.3907291224946	2.0	trials	2.0	1.0	1.0	0.0	10000.0	1.0	True	40.0	0.0	0.005	"[13450106.29769181 13450394.296622   13450684.29554477 13450973.29447125
 13451263.29339402 13451553.29231679 13451842.29124327 13452132.29016604
 13452422.2890888  13452711.28801528 13453001.28693805 13453291.28586081
 13453580.2847873  13453870.28371006 13454159.28263655 13454449.28155931
 13454739.28048208 13455028.27940856 13455318.27833132 13455608.27725409]"	0.0	0.0	0.0
1167.7021392780953	2.0	trials	2.0	1.0	1.0	0.0	10000.0	1.0	True	40.0	0.0	0.005	"[13523157.0263367  13523444.02527061 13523733.02419709 13524023.02311985
 13524312.02204634 13524602.0209691  13524892.01989187 13525181.01881835
 13525471.01774112 13525761.01666389 13526050.01559037 13526340.01451313
 13526630.0134359  13526919.01236238 13527209.01128514 13527498.01021163
 13527788.00913439 13528078.00805716 13528367.00698364 13528657.00590641]"	0.0	0.0	0.0
1173.5704918794797	2.0	trials	2.0	1.0	1.0	0.0	10000.0	1.0	True	40.0	0.0	0.005	"[13591103.77394089 13591363.7729751  13591653.77189787 13591942.77082435
 13592232.76974711 13592522.76866988 13592811.76759636 13593101.76651913
 13593391.76544189 13593680.76436838 13593970.76329114 13594260.76221391
 13594549.76114039 13594839.76006316 13595129.75898592 13595418.7579124
 13595708.75683517 13595997.75576165 13596287.75468442 13596577.75360719]"	0.0	0.0	0.0
1183.1764945969685	2.0	trials	2.0	1.0	1.0	0.0	10000.0	1.0	True	40.0	0.0	0.005	"[13702254.36105959 13702544.35998236 13702834.35890512 13703123.35783161
 13703413.35675437 13703703.35567714 13703992.35460362 13704282.35352639
 13704572.35244916 13704861.35137564 13705151.3502984  13705441.34922117
 13705730.34814765 13706020.34707041 13706309.3459969  13706599.34491966
 13706889.34384243 13707178.34276891 13707468.34169168 13707758.34061445]"	0.0	0.0	0.0
1189.506653482925	2.0	trials	2.0	1.0	1.0	0.0	10000.0	1.0	True	40.0	0.0	0.005	"[13775531.08886498 13775811.08782489 13776100.08675137 13776390.08567414
 13776679.08460062 13776969.08352339 13777259.08244615 13777548.08137264
 13777838.0802954  13778128.07921817 13778417.07814465 13778707.07706742
 13778997.07599019 13779286.07491666 13779576.07383943 13779866.0727622
 13780155.07168868 13780445.07061144 13780734.06953793 13781024.06846069]"	0.0	0.0	0.0
1198.3561406105707	2.0	trials	2.0	1.0	1.0	0.0	10000.0	1.0	True	40.0	0.0	0.005	"[13877974.70832668 13878234.70736089 13878524.70628366 13878814.70520642
 13879103.70413291 13879393.70305567 13879683.70197844 13879972.70090492
 13880262.69982768 13880552.69875045 13880841.69767693 13881131.6965997
 13881421.69552246 13881710.69444894 13882000.69337171 13882289.69229819
 13882579.69122096 13882869.69014373 13883158.68907021 13883448.68799297]"	0.0	0.0	0.0
1205.910755748155	2.0	trials	2.0	1.0	1.0	0.0	10000.0	1.0	True	40.0	0.0	0.005	"[13965382.38364109 13965672.38256385 13965961.38149033 13966251.3804131
 13966541.37933587 13966830.37826235 13967120.37718511 13967409.37611159
 13967699.37503436 13967989.37395713 13968278.37288361 13968568.37180638
 13968858.37072914 13969147.36965562 13969437.36857839 13969727.36750116
 13970016.36642764 13970306.3653504  13970596.36427317 13970885.36319965]"	0.0	0.0	0.0
1215.750469597499	2.0	trials	2.0	1.0	1.0	0.0	10000.0	1.0	True	40.0	0.0	0.005	"[14079269.96059293 14079557.95952312 14079847.95844589 14080137.95736866
 14080426.95629514 14080716.95521791 14081006.95414067 14081295.95306715
 14081585.95198992 14081875.95091268 14082164.94983917 14082454.94876193
 14082743.94768841 14083033.94661118 14083323.94553395 14083612.94446043
 14083902.94338319 14084192.94230596 14084481.94123244 14084771.94015521]"	0.0	0.0	0.0
1224.390437503426	2.0	trials	2.0	1.0	1.0	0.0	10000.0	1.0	True	40.0	0.0	0.005	"[14179274.58911454 14179557.58806331 14179847.58698607 14180136.58591255
 14180426.58483532 14180716.58375808 14181005.58268457 14181295.58160733
 14181584.58053381 14181874.57945658 14182164.57837935 14182453.57730583
 14182743.5762286  14183033.57515136 14183322.57407784 14183612.57300061
 14183902.57192338 14184191.57084986 14184481.56977262 14184770.5686991 ]"	0.0	0.0	0.0
1230.3486457710324	2.0	trials	2.0	1.0	1.0	0.0	10000.0	1.0	True	40.0	0.0	0.005	"[14248231.33296699 14248518.3319009  14248807.33082738 14249097.32975014
 14249387.32867291 14249676.3275994  14249966.32652216 14250255.32544864
 14250545.32437141 14250835.32329418 14251124.32222066 14251414.32114342
 14251704.32006619 14251993.31899267 14252283.31791544 14252573.3168382
 14252862.31576469 14253152.31468745 14253442.31361022 14253731.3125367 ]"	0.0	0.0	0.0
1239.852524067873	2.0	trials	2.0	1.0	1.0	0.0	10000.0	1.0	True	40.0	0.0	0.005	"[14358255.92426832 14358516.92329882 14358805.92222529 14359095.92114806
 14359385.92007083 14359674.91899731 14359964.91792008 14360254.91684284
 14360543.91576932 14360833.91469209 14361123.91361486 14361412.91254134
 14361702.9114641  14361991.91039058 14362281.90931335 14362571.90823612
 14362860.9071626  14363150.90608537 14363440.90500813 14363729.90393461]"	0.0	0.0	0.0
1247.7661298719488	2.0	trials	2.0	1.0	1.0	0.0	10000.0	1.0	True	40.0	0.0	0.005	"[14449832.58409656 14450110.58306391 14450399.58199039 14450689.58091315
 14450979.57983592 14451268.5787624  14451558.57768517 14451847.57661165
 14452137.57553442 14452427.57445718 14452716.57338366 14453006.57230643
 14453296.5712292  14453585.57015568 14453875.56907844 14454165.56800121
 14454454.56692769 14454744.56585046 14455033.56477694 14455323.56369971]"	0.0	0.0	0.0
1276.7098495574458	2.0	trials	3.0	1.0	1.0	0.0	10000.0	1.0	False	0.0	0.0	0.0	"[nan nan nan nan nan nan nan nan nan nan nan nan nan nan nan nan nan nan
 nan nan]"	0.0	0.0	0.0
1284.5926106760974	2.0	trials	3.0	1.0	1.0	0.0	10000.0	1.0	False	0.0	0.0	0.0	"[nan nan nan nan nan nan nan nan nan nan nan nan nan nan nan nan nan nan
 nan nan]"	0.0	0.0	0.0
1292.656379122378	2.0	trials	3.0	1.0	1.0	0.0	10000.0	1.0	False	0.0	0.0	0.0	"[nan nan nan nan nan nan nan nan nan nan nan nan nan nan nan nan nan nan
 nan nan]"	0.0	0.0	0.0
1297.9183787761249	2.0	trials	3.0	1.0	1.0	0.0	10000.0	1.0	False	0.0	0.0	0.0	"[nan nan nan nan nan nan nan nan nan nan nan nan nan nan nan nan nan nan
 nan nan]"	0.0	0.0	0.0
1304.9382663000115	2.0	trials	3.0	1.0	1.0	0.0	10000.0	1.0	False	0.0	0.0	0.0	"[nan nan nan nan nan nan nan nan nan nan nan nan nan nan nan nan nan nan
 nan nan]"	0.0	0.0	0.0
1312.4436336205322	2.0	trials	3.0	1.0	1.0	0.0	10000.0	1.0	False	0.0	0.0	0.0	"[nan nan nan nan nan nan nan nan nan nan nan nan nan nan nan nan nan nan
 nan nan]"	0.0	0.0	0.0
1319.5362696741865	2.0	trials	3.0	1.0	1.0	0.0	10000.0	1.0	False	0.0	0.0	0.0	"[nan nan nan nan nan nan nan nan nan nan nan nan nan nan nan nan nan nan
 nan nan]"	0.0	0.0	0.0
1326.6526656395824	2.0	trials	3.0	1.0	1.0	0.0	10000.0	1.0	False	0.0	0.0	0.0	"[nan nan nan nan nan nan nan nan nan nan nan nan nan nan nan nan nan nan
 nan nan]"	0.0	0.0	0.0
1334.878260684741	2.0	trials	3.0	1.0	1.0	0.0	10000.0	1.0	False	0.0	0.0	0.0	"[nan nan nan nan nan nan nan nan nan nan nan nan nan nan nan nan nan nan
 nan nan]"	0.0	0.0	0.0
1342.936326752204	2.0	trials	3.0	1.0	1.0	0.0	10000.0	1.0	False	0.0	0.0	0.0	"[nan nan nan nan nan nan nan nan nan nan nan nan nan nan nan nan nan nan
 nan nan]"	0.0	0.0	0.0
1349.776330144289	2.0	trials	3.0	1.0	1.0	0.0	10000.0	1.0	False	0.0	0.0	0.0	"[nan nan nan nan nan nan nan nan nan nan nan nan nan nan nan nan nan nan
 nan nan]"	0.0	0.0	0.0
1356.5862664480617	2.0	trials	3.0	1.0	1.0	0.0	10000.0	1.0	False	0.0	0.0	0.0	"[nan nan nan nan nan nan nan nan nan nan nan nan nan nan nan nan nan nan
 nan nan]"	0.0	0.0	0.0
1362.9883962666745	2.0	trials	3.0	1.0	1.0	0.0	10000.0	1.0	False	0.0	0.0	0.0	"[nan nan nan nan nan nan nan nan nan nan nan nan nan nan nan nan nan nan
 nan nan]"	0.0	0.0	0.0
1370.9684434239468	2.0	trials	3.0	1.0	1.0	0.0	10000.0	1.0	False	0.0	0.0	0.0	"[nan nan nan nan nan nan nan nan nan nan nan nan nan nan nan nan nan nan
 nan nan]"	0.0	0.0	0.0
1381.0727130905702	2.0	trials	3.0	1.0	1.0	0.0	10000.0	1.0	False	0.0	0.0	0.0	"[nan nan nan nan nan nan nan nan nan nan nan nan nan nan nan nan nan nan
 nan nan]"	0.0	0.0	0.0
1391.1006054409052	2.0	trials	3.0	1.0	1.0	0.0	10000.0	1.0	False	0.0	0.0	0.0	"[nan nan nan nan nan nan nan nan nan nan nan nan nan nan nan nan nan nan
 nan nan]"	0.0	0.0	0.0
1400.6144197008377	2.0	trials	3.0	1.0	1.0	0.0	10000.0	1.0	False	0.0	0.0	0.0	"[nan nan nan nan nan nan nan nan nan nan nan nan nan nan nan nan nan nan
 nan nan]"	0.0	0.0	0.0
1407.7241628909458	2.0	trials	3.0	1.0	1.0	0.0	10000.0	1.0	False	0.0	0.0	0.0	"[nan nan nan nan nan nan nan nan nan nan nan nan nan nan nan nan nan nan
 nan nan]"	0.0	0.0	0.0
1414.3842821512296	2.0	trials	3.0	1.0	1.0	0.0	10000.0	1.0	False	0.0	0.0	0.0	"[nan nan nan nan nan nan nan nan nan nan nan nan nan nan nan nan nan nan
 nan nan]"	0.0	0.0	0.0
1422.5563957950508	2.0	trials	3.0	1.0	1.0	0.0	10000.0	1.0	False	0.0	0.0	0.0	"[nan nan nan nan nan nan nan nan nan nan nan nan nan nan nan nan nan nan
 nan nan]"	0.0	0.0	0.0
1430.5662508415985	2.0	trials	3.0	1.0	1.0	0.0	10000.0	1.0	False	0.0	0.0	0.0	"[nan nan nan nan nan nan nan nan nan nan nan nan nan nan nan nan nan nan
 nan nan]"	0.0	0.0	0.0
1438.66025917555	2.0	trials	3.0	1.0	1.0	0.0	10000.0	1.0	False	0.0	0.0	0.0	"[nan nan nan nan nan nan nan nan nan nan nan nan nan nan nan nan nan nan
 nan nan]"	0.0	0.0	0.0
1443.8326623621122	2.0	trials	3.0	1.0	1.0	0.0	10000.0	1.0	False	0.0	0.0	0.0	"[nan nan nan nan nan nan nan nan nan nan nan nan nan nan nan nan nan nan
 nan nan]"	0.0	0.0	0.0
1450.6603106000919	2.0	trials	3.0	1.0	1.0	0.0	10000.0	1.0	False	0.0	0.0	0.0	"[nan nan nan nan nan nan nan nan nan nan nan nan nan nan nan nan nan nan
 nan nan]"	0.0	0.0	0.0
1460.191491195515	2.0	trials	3.0	1.0	1.0	0.0	10000.0	1.0	False	0.0	0.0	0.0	"[nan nan nan nan nan nan nan nan nan nan nan nan nan nan nan nan nan nan
 nan nan]"	0.0	0.0	0.0
1468.3423505182877	2.0	trials	3.0	1.0	1.0	0.0	10000.0	1.0	False	0.0	0.0	0.0	"[nan nan nan nan nan nan nan nan nan nan nan nan nan nan nan nan nan nan
 nan nan]"	0.0	0.0	0.0
1474.6363943383972	2.0	trials	3.0	1.0	1.0	0.0	10000.0	1.0	False	0.0	0.0	0.0	"[nan nan nan nan nan nan nan nan nan nan nan nan nan nan nan nan nan nan
 nan nan]"	0.0	0.0	0.0
1483.8885903701382	2.0	trials	3.0	1.0	1.0	0.0	10000.0	1.0	False	0.0	0.0	0.0	"[nan nan nan nan nan nan nan nan nan nan nan nan nan nan nan nan nan nan
 nan nan]"	0.0	0.0	0.0
1492.318261457235	2.0	trials	3.0	1.0	1.0	0.0	10000.0	1.0	False	0.0	0.0	0.0	"[nan nan nan nan nan nan nan nan nan nan nan nan nan nan nan nan nan nan
 nan nan]"	0.0	0.0	0.0
1498.4083156350857	2.0	trials	3.0	1.0	1.0	0.0	10000.0	1.0	False	0.0	0.0	0.0	"[nan nan nan nan nan nan nan nan nan nan nan nan nan nan nan nan nan nan
 nan nan]"	0.0	0.0	0.0
1506.0527864388916	2.0	trials	3.0	1.0	1.0	0.0	10000.0	1.0	False	0.0	0.0	0.0	"[nan nan nan nan nan nan nan nan nan nan nan nan nan nan nan nan nan nan
 nan nan]"	0.0	0.0	0.0
1513.7552314273466	2.0	trials	3.0	1.0	1.0	0.0	10000.0	1.0	False	0.0	0.0	0.0	"[nan nan nan nan nan nan nan nan nan nan nan nan nan nan nan nan nan nan
 nan nan]"	0.0	0.0	0.0
1523.600042857755	2.0	trials	3.0	1.0	1.0	0.0	10000.0	1.0	False	0.0	0.0	0.0	"[nan nan nan nan nan nan nan nan nan nan nan nan nan nan nan nan nan nan
 nan nan]"	0.0	0.0	0.0
1533.7001653397838	2.0	trials	3.0	1.0	1.0	0.0	10000.0	1.0	False	0.0	0.0	0.0	"[nan nan nan nan nan nan nan nan nan nan nan nan nan nan nan nan nan nan
 nan nan]"	0.0	0.0	0.0
1539.2928165652902	2.0	trials	3.0	1.0	1.0	0.0	10000.0	1.0	False	0.0	0.0	0.0	"[nan nan nan nan nan nan nan nan nan nan nan nan nan nan nan nan nan nan
 nan nan]"	0.0	0.0	0.0
1545.5442653436237	2.0	trials	3.0	1.0	1.0	0.0	10000.0	1.0	False	0.0	0.0	0.0	"[nan nan nan nan nan nan nan nan nan nan nan nan nan nan nan nan nan nan
 nan nan]"	0.0	0.0	0.0
1552.2582980036407	2.0	trials	3.0	1.0	1.0	0.0	10000.0	1.0	False	0.0	0.0	0.0	"[nan nan nan nan nan nan nan nan nan nan nan nan nan nan nan nan nan nan
 nan nan]"	0.0	0.0	0.0
1557.682124256265	2.0	trials	3.0	1.0	1.0	0.0	10000.0	1.0	False	0.0	0.0	0.0	"[nan nan nan nan nan nan nan nan nan nan nan nan nan nan nan nan nan nan
 nan nan]"	0.0	0.0	0.0
1564.324185983626	2.0	trials	3.0	1.0	1.0	0.0	10000.0	1.0	False	0.0	0.0	0.0	"[nan nan nan nan nan nan nan nan nan nan nan nan nan nan nan nan nan nan
 nan nan]"	0.0	0.0	0.0
1571.8125325673716	2.0	trials	3.0	1.0	1.0	0.0	10000.0	1.0	False	0.0	0.0	0.0	"[nan nan nan nan nan nan nan nan nan nan nan nan nan nan nan nan nan nan
 nan nan]"	0.0	0.0	0.0
1578.7188909129743	2.0	trials	3.0	1.0	1.0	0.0	10000.0	1.0	False	0.0	0.0	0.0	"[nan nan nan nan nan nan nan nan nan nan nan nan nan nan nan nan nan nan
 nan nan]"	0.0	0.0	0.0
1587.4905319297877	2.0	trials	3.0	1.0	1.0	0.0	10000.0	1.0	False	0.0	0.0	0.0	"[nan nan nan nan nan nan nan nan nan nan nan nan nan nan nan nan nan nan
 nan nan]"	0.0	0.0	0.0
1596.2982880124478	2.0	trials	3.0	1.0	1.0	0.0	10000.0	1.0	False	0.0	0.0	0.0	"[nan nan nan nan nan nan nan nan nan nan nan nan nan nan nan nan nan nan
 nan nan]"	0.0	0.0	0.0
1605.3521103810688	2.0	trials	3.0	1.0	1.0	0.0	10000.0	1.0	False	0.0	0.0	0.0	"[nan nan nan nan nan nan nan nan nan nan nan nan nan nan nan nan nan nan
 nan nan]"	0.0	0.0	0.0
1610.7284168102105	2.0	trials	3.0	1.0	1.0	0.0	10000.0	1.0	False	0.0	0.0	0.0	"[nan nan nan nan nan nan nan nan nan nan nan nan nan nan nan nan nan nan
 nan nan]"	0.0	0.0	0.0
1619.7943351338997	2.0	trials	3.0	1.0	1.0	0.0	10000.0	1.0	False	0.0	0.0	0.0	"[nan nan nan nan nan nan nan nan nan nan nan nan nan nan nan nan nan nan
 nan nan]"	0.0	0.0	0.0
1626.8144818568232	2.0	trials	3.0	1.0	1.0	0.0	10000.0	1.0	False	0.0	0.0	0.0	"[nan nan nan nan nan nan nan nan nan nan nan nan nan nan nan nan nan nan
 nan nan]"	0.0	0.0	0.0
1632.6883640376682	2.0	trials	3.0	1.0	1.0	0.0	10000.0	1.0	False	0.0	0.0	0.0	"[nan nan nan nan nan nan nan nan nan nan nan nan nan nan nan nan nan nan
 nan nan]"	0.0	0.0	0.0
1639.9363467142712	2.0	trials	3.0	1.0	1.0	0.0	10000.0	1.0	False	0.0	0.0	0.0	"[nan nan nan nan nan nan nan nan nan nan nan nan nan nan nan nan nan nan
 nan nan]"	0.0	0.0	0.0
1646.7222639072654	2.0	trials	3.0	1.0	1.0	0.0	10000.0	1.0	False	0.0	0.0	0.0	"[nan nan nan nan nan nan nan nan nan nan nan nan nan nan nan nan nan nan
 nan nan]"	0.0	0.0	0.0
1786.1939826248401	2.0	trials	4.0	1.0	1.0	1.0	0.0	3.0	False	0.0	0.0	0.0	"[nan nan nan nan nan nan nan nan nan nan nan nan nan nan nan nan nan nan
 nan nan]"	1.0	0.02	5.0
1794.5097789349365	2.0	trials	4.0	1.0	1.0	1.0	0.0	3.0	False	0.0	0.0	0.0	"[nan nan nan nan nan nan nan nan nan nan nan nan nan nan nan nan nan nan
 nan nan]"	1.0	0.02	5.0
1799.909586076783	2.0	trials	4.0	1.0	1.0	1.0	0.0	3.0	False	0.0	0.0	0.0	"[nan nan nan nan nan nan nan nan nan nan nan nan nan nan nan nan nan nan
 nan nan]"	1.0	0.02	5.0
1806.1497164971593	2.0	trials	4.0	1.0	1.0	1.0	0.0	3.0	False	0.0	0.0	0.0	"[nan nan nan nan nan nan nan nan nan nan nan nan nan nan nan nan nan nan
 nan nan]"	1.0	0.02	5.0
1814.3519836289724	2.0	trials	4.0	1.0	1.0	1.0	0.0	3.0	False	0.0	0.0	0.0	"[nan nan nan nan nan nan nan nan nan nan nan nan nan nan nan nan nan nan
 nan nan]"	1.0	0.02	5.0
1822.3739346305883	2.0	trials	4.0	1.0	1.0	1.0	0.0	3.0	False	0.0	0.0	0.0	"[nan nan nan nan nan nan nan nan nan nan nan nan nan nan nan nan nan nan
 nan nan]"	1.0	0.02	5.0
1828.7340742051783	2.0	trials	4.0	1.0	1.0	1.0	0.0	3.0	False	0.0	0.0	0.0	"[nan nan nan nan nan nan nan nan nan nan nan nan nan nan nan nan nan nan
 nan nan]"	1.0	0.02	5.0
1836.4377287891396	2.0	trials	4.0	1.0	1.0	1.0	0.0	3.0	False	0.0	0.0	0.0	"[nan nan nan nan nan nan nan nan nan nan nan nan nan nan nan nan nan nan
 nan nan]"	1.0	0.02	5.0
1842.2636591481066	2.0	trials	4.0	1.0	1.0	1.0	0.0	3.0	False	0.0	0.0	0.0	"[nan nan nan nan nan nan nan nan nan nan nan nan nan nan nan nan nan nan
 nan nan]"	1.0	0.02	5.0
1849.3976806480307	2.0	trials	4.0	1.0	1.0	1.0	0.0	3.0	False	0.0	0.0	0.0	"[nan nan nan nan nan nan nan nan nan nan nan nan nan nan nan nan nan nan
 nan nan]"	1.0	0.02	5.0
1856.8920752093106	2.0	trials	4.0	1.0	1.0	1.0	0.0	3.0	False	0.0	0.0	0.0	"[nan nan nan nan nan nan nan nan nan nan nan nan nan nan nan nan nan nan
 nan nan]"	1.0	0.02	5.0
1863.0056300998656	2.0	trials	4.0	1.0	1.0	1.0	0.0	3.0	False	0.0	0.0	0.0	"[nan nan nan nan nan nan nan nan nan nan nan nan nan nan nan nan nan nan
 nan nan]"	1.0	0.02	5.0
1872.9541211451453	2.0	trials	4.0	1.0	1.0	1.0	0.0	3.0	False	0.0	0.0	0.0	"[nan nan nan nan nan nan nan nan nan nan nan nan nan nan nan nan nan nan
 nan nan]"	1.0	0.02	5.0
1881.4559359642562	2.0	trials	4.0	1.0	1.0	1.0	0.0	3.0	False	0.0	0.0	0.0	"[nan nan nan nan nan nan nan nan nan nan nan nan nan nan nan nan nan nan
 nan nan]"	1.0	0.02	5.0
1890.732064707097	2.0	trials	4.0	1.0	1.0	1.0	0.0	3.0	False	0.0	0.0	0.0	"[nan nan nan nan nan nan nan nan nan nan nan nan nan nan nan nan nan nan
 nan nan]"	1.0	0.02	5.0
1898.4595656024787	2.0	trials	4.0	1.0	1.0	1.0	0.0	3.0	False	0.0	0.0	0.0	"[nan nan nan nan nan nan nan nan nan nan nan nan nan nan nan nan nan nan
 nan nan]"	1.0	0.02	5.0
1903.8540159642232	2.0	trials	4.0	1.0	1.0	1.0	0.0	3.0	False	0.0	0.0	0.0	"[nan nan nan nan nan nan nan nan nan nan nan nan nan nan nan nan nan nan
 nan nan]"	1.0	0.02	5.0
1911.1197105750332	2.0	trials	4.0	1.0	1.0	1.0	0.0	3.0	False	0.0	0.0	0.0	"[nan nan nan nan nan nan nan nan nan nan nan nan nan nan nan nan nan nan
 nan nan]"	1.0	0.02	5.0
1917.437600706563	2.0	trials	4.0	1.0	1.0	1.0	0.0	3.0	False	0.0	0.0	0.0	"[nan nan nan nan nan nan nan nan nan nan nan nan nan nan nan nan nan nan
 nan nan]"	1.0	0.02	5.0
1926.227644855016	2.0	trials	4.0	1.0	1.0	1.0	0.0	3.0	False	0.0	0.0	0.0	"[nan nan nan nan nan nan nan nan nan nan nan nan nan nan nan nan nan nan
 nan nan]"	1.0	0.02	5.0
1933.9016643490609	2.0	trials	4.0	1.0	1.0	1.0	0.0	3.0	False	0.0	0.0	0.0	"[nan nan nan nan nan nan nan nan nan nan nan nan nan nan nan nan nan nan
 nan nan]"	1.0	0.02	5.0
1940.0758718143152	2.0	trials	4.0	1.0	1.0	1.0	0.0	3.0	False	0.0	0.0	0.0	"[nan nan nan nan nan nan nan nan nan nan nan nan nan nan nan nan nan nan
 nan nan]"	1.0	0.02	5.0
1947.5339785103902	2.0	trials	4.0	1.0	1.0	1.0	0.0	3.0	False	0.0	0.0	0.0	"[nan nan nan nan nan nan nan nan nan nan nan nan nan nan nan nan nan nan
 nan nan]"	1.0	0.02	5.0
1956.2339941932635	2.0	trials	4.0	1.0	1.0	1.0	0.0	3.0	False	0.0	0.0	0.0	"[nan nan nan nan nan nan nan nan nan nan nan nan nan nan nan nan nan nan
 nan nan]"	1.0	0.02	5.0
1962.2876741062305	2.0	trials	4.0	1.0	1.0	1.0	0.0	3.0	False	0.0	0.0	0.0	"[nan nan nan nan nan nan nan nan nan nan nan nan nan nan nan nan nan nan
 nan nan]"	1.0	0.02	5.0
1970.8138536348363	2.0	trials	4.0	1.0	1.0	1.0	0.0	3.0	False	0.0	0.0	0.0	"[nan nan nan nan nan nan nan nan nan nan nan nan nan nan nan nan nan nan
 nan nan]"	1.0	0.02	5.0
1978.0739322665074	2.0	trials	4.0	1.0	1.0	1.0	0.0	3.0	False	0.0	0.0	0.0	"[nan nan nan nan nan nan nan nan nan nan nan nan nan nan nan nan nan nan
 nan nan]"	1.0	0.02	5.0
1983.6727178692272	2.0	trials	4.0	1.0	1.0	1.0	0.0	3.0	False	0.0	0.0	0.0	"[nan nan nan nan nan nan nan nan nan nan nan nan nan nan nan nan nan nan
 nan nan]"	1.0	0.02	5.0
1989.3357848331668	2.0	trials	4.0	1.0	1.0	1.0	0.0	3.0	False	0.0	0.0	0.0	"[nan nan nan nan nan nan nan nan nan nan nan nan nan nan nan nan nan nan
 nan nan]"	1.0	0.02	5.0
1997.8513372012487	2.0	trials	4.0	1.0	1.0	1.0	0.0	3.0	False	0.0	0.0	0.0	"[nan nan nan nan nan nan nan nan nan nan nan nan nan nan nan nan nan nan
 nan nan]"	1.0	0.02	5.0
2006.194435809928	2.0	trials	4.0	1.0	1.0	1.0	0.0	3.0	False	0.0	0.0	0.0	"[nan nan nan nan nan nan nan nan nan nan nan nan nan nan nan nan nan nan
 nan nan]"	1.0	0.02	5.0
2014.739623267927	2.0	trials	4.0	1.0	1.0	1.0	0.0	3.0	False	0.0	0.0	0.0	"[nan nan nan nan nan nan nan nan nan nan nan nan nan nan nan nan nan nan
 nan nan]"	1.0	0.02	5.0
2024.5196349390408	2.0	trials	4.0	1.0	1.0	1.0	0.0	3.0	False	0.0	0.0	0.0	"[nan nan nan nan nan nan nan nan nan nan nan nan nan nan nan nan nan nan
 nan nan]"	1.0	0.02	5.0
2033.9100704572766	2.0	trials	4.0	1.0	1.0	1.0	0.0	3.0	False	0.0	0.0	0.0	"[nan nan nan nan nan nan nan nan nan nan nan nan nan nan nan nan nan nan
 nan nan]"	1.0	0.02	5.0
2039.8557507714193	2.0	trials	4.0	1.0	1.0	1.0	0.0	3.0	False	0.0	0.0	0.0	"[nan nan nan nan nan nan nan nan nan nan nan nan nan nan nan nan nan nan
 nan nan]"	1.0	0.02	5.0
2049.329561979948	2.0	trials	4.0	1.0	1.0	1.0	0.0	3.0	False	0.0	0.0	0.0	"[nan nan nan nan nan nan nan nan nan nan nan nan nan nan nan nan nan nan
 nan nan]"	1.0	0.02	5.0
2054.519590701038	2.0	trials	4.0	1.0	1.0	1.0	0.0	3.0	False	0.0	0.0	0.0	"[nan nan nan nan nan nan nan nan nan nan nan nan nan nan nan nan nan nan
 nan nan]"	1.0	0.02	5.0
2059.847599709586	2.0	trials	4.0	1.0	1.0	1.0	0.0	3.0	False	0.0	0.0	0.0	"[nan nan nan nan nan nan nan nan nan nan nan nan nan nan nan nan nan nan
 nan nan]"	1.0	0.02	5.0
2066.9518997199134	2.0	trials	4.0	1.0	1.0	1.0	0.0	3.0	False	0.0	0.0	0.0	"[nan nan nan nan nan nan nan nan nan nan nan nan nan nan nan nan nan nan
 nan nan]"	1.0	0.02	5.0
2072.094322217842	2.0	trials	4.0	1.0	1.0	1.0	0.0	3.0	False	0.0	0.0	0.0	"[nan nan nan nan nan nan nan nan nan nan nan nan nan nan nan nan nan nan
 nan nan]"	1.0	0.02	5.0
2080.0675438004682	2.0	trials	4.0	1.0	1.0	1.0	0.0	3.0	False	0.0	0.0	0.0	"[nan nan nan nan nan nan nan nan nan nan nan nan nan nan nan nan nan nan
 nan nan]"	1.0	0.02	5.0
2087.741476894834	2.0	trials	4.0	1.0	1.0	1.0	0.0	3.0	False	0.0	0.0	0.0	"[nan nan nan nan nan nan nan nan nan nan nan nan nan nan nan nan nan nan
 nan nan]"	1.0	0.02	5.0
2095.517534409847	2.0	trials	4.0	1.0	1.0	1.0	0.0	3.0	False	0.0	0.0	0.0	"[nan nan nan nan nan nan nan nan nan nan nan nan nan nan nan nan nan nan
 nan nan]"	1.0	0.02	5.0
2101.049533060654	2.0	trials	4.0	1.0	1.0	1.0	0.0	3.0	False	0.0	0.0	0.0	"[nan nan nan nan nan nan nan nan nan nan nan nan nan nan nan nan nan nan
 nan nan]"	1.0	0.02	5.0
2110.2234509831674	2.0	trials	4.0	1.0	1.0	1.0	0.0	3.0	False	0.0	0.0	0.0	"[nan nan nan nan nan nan nan nan nan nan nan nan nan nan nan nan nan nan
 nan nan]"	1.0	0.02	5.0
2117.0634543752526	2.0	trials	4.0	1.0	1.0	1.0	0.0	3.0	False	0.0	0.0	0.0	"[nan nan nan nan nan nan nan nan nan nan nan nan nan nan nan nan nan nan
 nan nan]"	1.0	0.02	5.0
2122.9139222430717	2.0	trials	4.0	1.0	1.0	1.0	0.0	3.0	False	0.0	0.0	0.0	"[nan nan nan nan nan nan nan nan nan nan nan nan nan nan nan nan nan nan
 nan nan]"	1.0	0.02	5.0
2128.4104970254643	2.0	trials	4.0	1.0	1.0	1.0	0.0	3.0	False	0.0	0.0	0.0	"[nan nan nan nan nan nan nan nan nan nan nan nan nan nan nan nan nan nan
 nan nan]"	1.0	0.02	5.0
2133.899727835137	2.0	trials	4.0	1.0	1.0	1.0	0.0	3.0	False	0.0	0.0	0.0	"[nan nan nan nan nan nan nan nan nan nan nan nan nan nan nan nan nan nan
 nan nan]"	1.0	0.02	5.0
2142.941627048048	2.0	trials	4.0	1.0	1.0	1.0	0.0	3.0	False	0.0	0.0	0.0	"[nan nan nan nan nan nan nan nan nan nan nan nan nan nan nan nan nan nan
 nan nan]"	1.0	0.02	5.0
2212.2604351560162	2.0	trials	5.0	0.0	0.0	0.0	0.0	0.0	True	40.0	0.0	0.005	"[24899068.76923861 25612977.1173461  25613238.11637659 25613528.11529935
 25613818.11422212 25614107.1131486  25614397.11207137 25614687.11099414
 25614976.10992062 25615266.10884339 25615555.10776987 25615845.10669263
 25616135.1056154  25616424.10454188 25616714.10346464 25617004.10238741
 25617293.10131389 25617583.10023665 25617873.09915943 25618162.09808591]"	0.0	0.0	0.0
2218.1393285182457	2.0	trials	5.0	0.0	0.0	0.0	0.0	0.0	True	40.0	0.0	0.005	"[25618452.09700868 25681017.86460112 25681280.86362419 25681570.86254695
 25681859.86147343 25682149.8603962  25682439.85931896 25682728.85824545
 25683018.85716821 25683308.85609097 25683597.85501746 25683887.85394023
 25684177.852863   25684466.85178947 25684756.85071224 25685045.84963872
 25685335.84856149 25685625.84748425 25685914.84641073 25686204.8453335 ]"	0.0	0.0	0.0
2226.7568325076177	2.0	trials	5.0	0.0	0.0	0.0	0.0	0.0	True	40.0	0.0	0.005	"[25686494.84425627 25780738.49417768 25781020.49313016 25781309.49205664
 25781599.49097941 25781889.48990218 25782178.48882866 25782468.48775142
 25782757.48667791 25783047.48560067 25783337.48452344 25783626.48344992
 25783916.48237268 25784206.48129545 25784495.48022193 25784785.4791447
 25785075.47806747 25785364.47699394 25785654.47591671 25785943.4748432 ]"	0.0	0.0	0.0
2236.1404424512075	2.0	trials	5.0	0.0	0.0	0.0	0.0	0.0	True	40.0	0.0	0.005	"[25786233.47376596 25889358.09069802 25889627.08969879 25889916.08862527
 25890206.08754804 25890496.08647081 25890785.08539729 25891075.08432006
 25891365.08324282 25891654.08216931 25891944.08109207 25892234.08001484
 25892523.07894132 25892813.07786408 25893103.07678685 25893392.07571333
 25893682.0746361  25893971.07356258 25894261.07248535 25894551.07140811]"	0.0	0.0	0.0
2245.9804154995886	2.0	trials	5.0	0.0	0.0	0.0	0.0	0.0	True	40.0	0.0	0.005	"[25894840.07033459 26003244.66765358 26003516.66664321 26003805.66556969
 26004095.66449246 26004384.66341894 26004674.6623417  26004964.66126447
 26005253.66019095 26005543.65911372 26005833.65803648 26006122.65696297
 26006412.65588573 26006702.6548085  26006991.65373497 26007281.65265775
 26007570.65158423 26007860.65050699 26008150.64942976 26008439.64835624]"	0.0	0.0	0.0
2255.1185639549717	2.0	trials	5.0	0.0	0.0	0.0	0.0	0.0	True	40.0	0.0	0.005	"[26008729.64727901 26109020.27473824 26109281.27376873 26109571.2726915
 26109860.27161798 26110150.27054074 26110439.26946723 26110729.26838999
 26111019.26731275 26111308.26623924 26111598.26516201 26111888.26408478
 26112177.26301125 26112467.26193402 26112757.26085679 26113046.25978327
 26113336.25870604 26113626.2576288  26113915.25655528 26114205.25547804]"	0.0	0.0	0.0
2261.5204345745474	2.0	trials	5.0	0.0	0.0	0.0	0.0	0.0	True	40.0	0.0	0.005	"[26114494.25440453 26183099.99956081 26183376.99853186 26183666.99745463
 26183956.99637739 26184245.99530388 26184535.99422665 26184824.99315313
 26185114.99207589 26185404.99099866 26185693.98992514 26185983.98884791
 26186273.98777067 26186562.98669715 26186852.98561992 26187142.98454268
 26187431.98346917 26187721.98239193 26188011.9813147  26188300.98024118]"	0.0	0.0	0.0
2267.0529516234283	2.0	trials	5.0	0.0	0.0	0.0	0.0	0.0	True	40.0	0.0	0.005	"[26188590.97916394 26247128.7617188  26247410.76067128 26247699.75959776
 26247989.75852053 26248279.75744329 26248568.75636977 26248858.75529255
 26249147.75421903 26249437.75314179 26249727.75206456 26250016.75099104
 26250306.74991381 26250306.74991381 26250596.74883658 26250885.74776306
 26251175.74668582 26251465.74560858 26251754.74453506 26252044.74345784]"	0.0	0.0	0.0
2272.776671162068	2.0	trials	5.0	0.0	0.0	0.0	0.0	0.0	True	40.0	0.0	0.005	"[26252334.7423806  26252623.74130708 26313384.51560438 26313658.51458659
 26313947.51351307 26314237.51243583 26314526.51136231 26314816.51028508
 26315106.50920784 26315395.50813432 26315685.50705709 26315975.50597986
 26316264.50490634 26316554.50382911 26316844.50275188 26317133.50167836
 26317423.50060112 26317712.4995276  26318002.49845037 26318292.49737313]"	0.0	0.0	0.0
2279.3293956212806	2.0	trials	5.0	0.0	0.0	0.0	0.0	0.0	True	40.0	0.0	0.005	"[26318581.49629962 26318871.49522238 26389224.23388926 26389499.23286774
 26389788.23179422 26390078.23071699 26390368.22963975 26390657.22856624
 26390947.227489   26391237.22641177 26391526.22533825 26391816.22426102
 26392105.2231875  26392395.22211027 26392685.22103303 26392974.21995951
 26393264.21888228 26393554.21780505 26393843.21673153 26394133.21565429]"	0.0	0.0	0.0
2286.4105405176206	2.0	trials	5.0	0.0	0.0	0.0	0.0	0.0	True	40.0	0.0	0.005	"[26394423.21457706 26394712.21350354 26471195.92939622 26471456.9284267
 26471746.92734947 26472035.92627595 26472325.92519872 26472615.92412149
 26472904.92304797 26473194.92197073 26473483.92089721 26473773.91981998
 26474063.91874275 26474352.91766923 26474642.91659199 26474932.91551476
 26475221.91444124 26475511.913364   26475801.91228678 26476090.91121326]"	0.0	0.0	0.0
2295.6128839345447	2.0	trials	5.0	0.0	0.0	0.0	0.0	0.0	True	40.0	0.0	0.005	"[26476380.91013602 26476670.90905879 26577676.53386208 26577965.53278856
 26578254.53171504 26578544.53063782 26578834.52956058 26579123.52848706
 26579413.52740983 26579702.52633631 26579992.52525908 26580282.52418184
 26580571.52310832 26580861.52203109 26581151.52095385 26581440.51988033
 26581730.5188031  26582020.51772587 26582309.51665235 26582599.51557512]"	0.0	0.0	0.0
2301.0611612963426	2.0	trials	5.0	0.0	0.0	0.0	0.0	0.0	True	40.0	0.0	0.005	"[26582889.51449788 26583178.51342437 26640751.2995638  26641024.29854972
 26641314.29747248 26641603.29639897 26641893.29532173 26642183.2942445
 26642472.29317098 26642762.29209375 26643051.29102023 26643341.28994299
 26643631.28886576 26643920.28779225 26644210.28671501 26644500.28563778
 26644789.28456426 26645079.28348702 26645369.28240979 26645658.28133627]"	0.0	0.0	0.0
2309.84533026662	2.0	trials	5.0	0.0	0.0	0.0	0.0	0.0	True	40.0	0.0	0.005	"[26645948.28025904 26646238.2791818  26742413.92192661 26742692.92089023
 26742981.91981671 26743271.91873948 26743561.91766225 26743850.91658873
 26744140.9155115  26744429.91443798 26744719.91336074 26745009.91228351
 26745298.91121    26745588.91013276 26745878.90905552 26746167.907982
 26746457.90690477 26746747.90582754 26747036.90475402 26747326.90367679]"	0.0	0.0	0.0
2315.119598674793	2.0	trials	5.0	0.0	0.0	0.0	0.0	0.0	True	40.0	0.0	0.005	"[26747616.90259955 26747905.90152603 26803469.6951281  26803737.69413259
 26804027.69305535 26804317.69197812 26804606.6909046  26804896.68982736
 26805185.68875385 26805475.68767662 26805765.68659938 26806054.68552586
 26806344.68444863 26806634.6833714  26806923.68229788 26807213.68122065
 26807503.68014341 26807792.67906989 26808082.67799266 26808372.67691543]"	0.0	0.0	0.0
2324.659073639406	2.0	trials	5.0	0.0	0.0	0.0	0.0	0.0	True	40.0	0.0	0.005	"[26808661.67584191 26808951.67476467 26913885.28497703 26914148.28400009
 26914438.28292286 26914727.28184934 26915017.2807721  26915307.27969487
 26915596.27862135 26915886.27754412 26916176.27646688 26916465.27539336
 26916755.27431613 26917044.27324262 26917334.27216538 26917624.27108815
 26917913.27001463 26918203.26893739 26918493.26786016 26918782.26678664]"	0.0	0.0	0.0
2329.999092203343	2.0	trials	5.0	0.0	0.0	0.0	0.0	0.0	True	40.0	0.0	0.005	"[26919072.26570941 26919362.26463217 26975675.05545201 26975954.05441563
 26976243.05334211 26976533.05226488 26976823.05118765 26977112.05011413
 26977402.0490369  26977692.04795966 26977981.04688615 26978271.04580891
 26978561.04473167 26978850.04365816 26979140.04258092 26979429.0415074
 26979719.04043017 26980009.03935293 26980298.03827941 26980588.03720219]"	0.0	0.0	0.0
2336.154896536958	2.0	trials	5.0	0.0	0.0	0.0	0.0	0.0	True	40.0	0.0	0.005	"[26980878.03612495 26981167.03505144 27046913.79082774 27047201.78975794
 27047491.78868071 27047781.78760348 27048070.78652995 27048360.78545272
 27048650.78437549 27048939.78330198 27049229.78222474 27049518.78115122
 27049808.78007399 27050098.77899675 27050387.77792323 27050677.776846
 27050967.77576876 27051256.77469524 27051546.77361801 27051836.77254078]"	0.0	0.0	0.0
2345.5885318947235	2.0	trials	5.0	0.0	0.0	0.0	0.0	0.0	True	40.0	0.0	0.005	"[27052125.77146726 27052415.77039003 27156098.38524934 27156388.38417211
 27156677.38309859 27156967.38202136 27157256.38094784 27157546.3798706
 27157836.37879337 27158125.37771985 27158415.37664261 27158705.37556539
 27158994.37449187 27159284.37341463 27159574.3723374  27159863.37126388
 27160153.37018665 27160442.36911313 27160732.36803589 27161022.36695866]"	0.0	0.0	0.0
2354.7672017995847	2.0	trials	5.0	0.0	0.0	0.0	0.0	0.0	True	40.0	0.0	0.005	"[27161311.36588514 27161601.36480791 27262341.99059557 27262621.98955549
 27262910.98848196 27263200.98740473 27263490.9863275  27263779.98525398
 27264069.98417675 27264359.98309952 27264648.982026   27264938.98094876
 27265227.97987524 27265517.97879801 27265807.97772078 27266096.97664726
 27266386.97557002 27266676.97449279 27266965.97341927 27267255.97234204]"	0.0	0.0	0.0
2360.48487336069	2.0	trials	5.0	0.0	0.0	0.0	0.0	0.0	True	40.0	0.0	0.005	"[27267545.97126481 27267834.97019129 27328520.74476718 27328798.74373452
 27329087.742661   27329377.74158376 27329667.74050654 27329956.73943302
 27330246.73835578 27330536.73727855 27330825.73620503 27331115.7351278
 27331405.73405057 27331694.73297705 27331984.73189981 27332274.73082257
 27332563.72974906 27332853.72867183 27333142.72759831 27333432.72652107]"	0.0	0.0	0.0
2366.172909831878	2.0	trials	5.0	0.0	0.0	0.0	0.0	0.0	True	40.0	0.0	0.005	"[27333722.72544384 27334011.72437032 27394364.50018318 27394632.49918767
 27394922.49811043 27395211.49703691 27395501.49595968 27395791.49488245
 27396080.49380893 27396370.49273169 27396660.49165446 27396949.49058094
 27397239.4895037  27397528.48843019 27397818.48735296 27398108.48627572
 27398397.4852022  27398687.48412497 27398977.48304774 27399266.48197422]"	0.0	0.0	0.0
2371.8382231874734	2.0	trials	5.0	0.0	0.0	0.0	0.0	0.0	True	40.0	0.0	0.005	"[27399556.48089698 27399846.47981975 27459929.25663555 27460203.25561775
 27460493.25454051 27460783.25346328 27461072.25238976 27461362.25131253
 27461651.25023901 27461941.24916178 27462231.24808454 27462520.24701102
 27462810.24593379 27463100.24485656 27463389.24378303 27463679.2427058
 27463969.24162857 27464258.24055506 27464548.23947782 27464837.2384043 ]"	0.0	0.0	0.0
2377.8371257039166	2.0	trials	5.0	0.0	0.0	0.0	0.0	0.0	True	40.0	0.0	0.005	"[27465127.23732707 27465417.23624983 27529371.99868271 27529635.99770205
 27529924.99662853 27530214.9955513  27530503.99447778 27530793.99340054
 27531083.99232332 27531372.9912498  27531662.99017256 27531952.98909533
 27532241.98802181 27532531.98694457 27532821.98586734 27533110.98479382
 27533400.98371659 27533689.98264307 27533979.98156583 27534269.98048861]"	0.0	0.0	0.0
2385.6016920616153	2.0	trials	5.0	0.0	0.0	0.0	0.0	0.0	True	40.0	0.0	0.005	"[27534558.97941509 27534848.97833785 27619238.66486291 27619503.66387855
 27619792.66280502 27620082.66172779 27620371.66065427 27620661.65957704
 27620951.6584998  27621240.65742628 27621530.65634905 27621820.65527181
 27622109.6541983  27622399.65312107 27622689.65204383 27622978.65097031
 27623268.64989308 27623558.64881585 27623847.64774233 27624137.64666509]"	0.0	0.0	0.0
2393.7317290617343	2.0	trials	5.0	0.0	0.0	0.0	0.0	0.0	True	40.0	0.0	0.005	"[27624426.64559158 27624716.64451434 27713334.31533409 27713600.31434599
 27713890.31326876 27714180.31219153 27714469.31111801 27714759.31004078
 27715048.30896726 27715338.30789002 27715628.30681279 27715917.30573927
 27716207.30466204 27716497.3035848  27716786.30251128 27717076.30143405
 27717366.30035682 27717655.2992833  27717945.29820606 27718235.29712883]"	0.0	0.0	0.0
2400.4332337682877	2.0	trials	5.0	0.0	0.0	0.0	0.0	0.0	True	40.0	0.0	0.005	"[27718524.29605531 27718814.29497808 27790903.02719641 27791164.0262269
 27791453.02515338 27791743.02407615 27792033.02299892 27792322.0219254
 27792612.02084816 27792902.01977093 27793191.01869741 27793481.01762018
 27793770.01654666 27794060.01546942 27794350.01439219 27794639.01331868
 27794929.01224144 27795219.01116421 27795508.01009069 27795798.00901345]"	0.0	0.0	0.0
2409.135409443137	2.0	trials	5.0	0.0	0.0	0.0	0.0	0.0	True	40.0	0.0	0.005	"[27796088.00793622 27796377.0068627  27891594.65316609 27891883.65209257
 27892173.65101534 27892463.64993811 27892752.64886459 27893042.64778735
 27893331.64671384 27893621.6456366  27893911.64455937 27894200.64348585
 27894490.64240861 27894780.64133138 27895069.64025787 27895359.63918063
 27895649.6381034  27895938.63702988 27896228.63595264 27896517.63487913]"	0.0	0.0	0.0
2418.2652635293302	2.0	trials	5.0	0.0	0.0	0.0	0.0	0.0	True	40.0	0.0	0.005	"[27896807.63380189 27897097.63272466 27997292.26054049 27997553.25957098
 27997842.25849747 27998132.25742023 27998422.256343   27998711.25526948
 27999001.25419224 27999291.25311501 27999580.2520415  27999870.25096426
 28000160.24988702 28000449.2488135  28000739.24773627 28001028.24666275
 28001318.24558552 28001608.24450829 28001897.24343477 28002187.24235753]"	0.0	0.0	0.0
2423.982935090435	2.0	trials	5.0	0.0	0.0	0.0	0.0	0.0	True	40.0	0.0	0.005	"[28002477.24128031 28002766.24020679 28063441.01482354 28063730.01375002
 28064020.01267279 28064310.01159555 28064599.01052203 28064889.0094448
 28065178.00837128 28065468.00729405 28065758.00621681 28066047.00514329
 28066337.00406606 28066627.00298883 28066916.00191531 28067206.00083807
 28067495.99976084 28067784.99868732 28068074.99761009 28068364.99653286]"	0.0	0.0	0.0
2429.288134583712	2.0	trials	5.0	0.0	0.0	0.0	0.0	0.0	True	40.0	0.0	0.005	"[28068653.99545934 28068943.99438211 28124850.78671006 28125132.78566255
 28125422.78458531 28125711.78351179 28126001.78243456 28126291.78135733
 28126580.78028381 28126870.77920657 28127160.77812934 28127449.77705583
 28127739.77597859 28128029.77490136 28128318.77382784 28128608.7727506
 28128897.77167708 28129187.77059985 28129477.76952261 28129766.76844909]"	0.0	0.0	0.0
2436.822877795112	2.0	trials	5.0	0.0	0.0	0.0	0.0	0.0	True	40.0	0.0	0.005	"[28130056.76737186 28130346.76629463 28212077.46269681 28212340.46171987
 28212629.46064635 28212919.45956911 28213208.4584956  28213498.45741836
 28213788.45634113 28214077.45526761 28214367.45419038 28214657.45311314
 28214946.45203962 28215236.45096239 28215526.44988516 28215815.44881164
 28216105.44773441 28216395.44665717 28216684.44558366 28216974.44450642]"	0.0	0.0	0.0
2446.615331020011	2.0	trials	5.0	0.0	0.0	0.0	0.0	0.0	True	40.0	0.0	0.005	"[28217263.4434329  28217553.44235567 28325418.04168053 28325679.04071102
 28325969.0396338  28326259.03855656 28326548.03748304 28326838.0364058
 28327128.03532857 28327417.03425505 28327707.03317782 28327997.03210058
 28328286.03102706 28328576.02994983 28328866.0288726  28329155.02779908
 28329445.02672185 28329734.02564833 28330024.0245711  28330314.02349386]"	0.0	0.0	0.0
2454.055207383805	2.0	trials	5.0	0.0	0.0	0.0	0.0	0.0	True	40.0	0.0	0.005	"[28330603.02242034 28330893.02134311 28411525.72182391 28411788.72084697
 28412077.71977345 28412367.71869623 28412657.71761899 28412946.71654547
 28413236.71546824 28413525.71439472 28413815.71331748 28414105.71224025
 28414394.71116673 28414684.7100895  28414974.70901226 28415263.70793874
 28415553.70686151 28415843.70578428 28416132.70471076 28416422.70363353]"	0.0	0.0	0.0
2462.1554364946483	2.0	trials	5.0	0.0	0.0	0.0	0.0	0.0	True	40.0	0.0	0.005	"[28416711.70256001 28417001.70148278 28505272.37359148 28505541.37259225
 28505831.37151502 28506120.3704415  28506410.36936427 28506700.36828703
 28506989.36721351 28507279.36613627 28507568.36506276 28507858.36398552
 28508148.36290829 28508437.36183477 28508727.36075754 28509017.35968031
 28509306.35860679 28509596.35752955 28509886.35645232 28510175.3553788 ]"	0.0	0.0	0.0
2469.152946501659	2.0	trials	5.0	0.0	0.0	0.0	0.0	0.0	True	40.0	0.0	0.005	"[28510465.35430157 28510755.35322434 28586250.07279074 28586531.07174694
 28586821.07066971 28587111.06959248 28587400.06851896 28587690.06744173
 28587980.06636449 28588269.06529097 28588559.06421374 28588849.0631365
 28589138.06206298 28589428.06098575 28589428.06098575 28589718.05990852
 28590007.058835   28590297.05775777 28590586.05668424 28590876.05560702]"	0.0	0.0	0.0
2477.306397814803	2.0	trials	5.0	0.0	0.0	0.0	0.0	0.0	True	40.0	0.0	0.005	"[28591166.05452978 28591455.05345626 28591745.05237903 28680617.72225155
 28680899.72120402 28681189.7201268  28681479.71904956 28681768.71797604
 28682058.71689881 28682348.71582157 28682637.71474805 28682927.71367082
 28683217.71259359 28683506.71152007 28683796.71044283 28684085.70936931
 28684375.70829209 28684665.70721485 28684954.70614133 28685244.7050641 ]"	0.0	0.0	0.0
2486.694500541704	2.0	trials	5.0	0.0	0.0	0.0	0.0	0.0	True	40.0	0.0	0.005	"[28685534.70398686 28685823.70291334 28686113.70183612 28789298.3185453
 28789558.3175795  28789848.31650227 28790138.31542503 28790427.31435152
 28790717.31327428 28791007.31219705 28791296.31112354 28791586.3100463
 28791875.30897278 28792165.30789555 28792455.30681831 28792744.30574479
 28793034.30466756 28793324.30359032 28793613.3025168  28793903.30143957]"	0.0	0.0	0.0
2495.982725239613	2.0	trials	5.0	0.0	0.0	0.0	0.0	0.0	True	40.0	0.0	0.005	"[28794193.30036234 28794482.29928882 28794772.29821159 28896791.91924828
 28897060.91824905 28897350.91717182 28897640.91609459 28897929.91502107
 28898219.91394383 28898509.9128666  28898798.91179308 28899088.91071585
 28899378.90963862 28899667.9085651  28899957.90748787 28900246.90641434
 28900536.90533711 28900826.90425988 28901115.90318636 28901405.90210912]"	0.0	0.0	0.0
2501.9293559502253	2.0	trials	5.0	0.0	0.0	0.0	0.0	0.0	True	40.0	0.0	0.005	"[28901695.90103189 28901984.89995837 28902274.89888114 28965626.66355392
 28965887.6625844  28966176.66151088 28966466.66043365 28966756.65935642
 28967045.6582829  28967335.65720567 28967625.65612843 28967914.65505491
 28968204.65397768 28968493.65290416 28968783.65182693 28969073.65074969
 28969362.64967617 28969652.64859894 28969942.64752171 28970231.64644819]"	0.0	0.0	0.0
2509.2130216942796	2.0	trials	5.0	0.0	0.0	0.0	0.0	0.0	True	40.0	0.0	0.005	"[28970521.64537096 28970811.64429372 28971100.6432202  29049899.35051358
 29050189.34943634 29050478.34836283 29050768.34728559 29051058.34620836
 29051347.34513484 29051637.34405761 29051926.34298409 29052216.34190686
 29052506.34082963 29052795.33975611 29053085.33867887 29053375.33760164
 29053664.33652812 29053954.33545089 29054244.33437365 29054533.33330013]"	0.0	0.0	0.0
2515.5755804598834	2.0	trials	5.0	0.0	0.0	0.0	0.0	0.0	True	40.0	0.0	0.005	"[29054823.3322229  29055113.33114566 29055402.33007215 29123542.07695943
 29123830.07588962 29124120.07481239 29124409.07373887 29124699.07266164
 29124989.0715844  29125278.07051088 29125568.06943366 29125858.06835642
 29126147.0672829  29126437.06620567 29126726.06513214 29127016.06405492
 29127306.06297768 29127595.06190416 29127885.06082693 29128175.05974969]"	0.0	0.0	0.0
2520.907304654631	2.0	trials	5.0	0.0	0.0	0.0	0.0	0.0	True	40.0	0.0	0.005	"[29128464.05867617 29128754.05759894 29129044.05652171 29185250.84773529
 29185539.84666177 29185829.84558453 29186119.8445073  29186408.84343379
 29186698.84235655 29186988.84127932 29187277.8402058  29187567.83912856
 29187856.83805504 29188146.83697781 29188436.83590057 29188725.83482705
 29189015.83374982 29189305.83267259 29189594.83159908 29189884.83052184]"	0.0	0.0	0.0
2527.4473283610223	2.0	trials	5.0	0.0	0.0	0.0	0.0	0.0	True	40.0	0.0	0.005	"[29190174.82944461 29190463.82837109 29190753.82729385 29260947.56655135
 29261234.56548526 29261524.56440802 29261813.56333451 29262103.56225727
 29262392.56118375 29262682.56010652 29262972.55902928 29263261.55795577
 29263551.55687854 29263841.5558013  29264130.55472778 29264420.55365055
 29264710.55257331 29264999.5514998  29265289.55042256 29265578.54934904]"	0.0	0.0	0.0
2534.468511880095	2.0	trials	5.0	0.0	0.0	0.0	0.0	0.0	True	40.0	0.0	0.005	"[29265868.54827181 29266158.54719458 29266447.54612106 29342234.26460281
 29342498.26362215 29342788.26254492 29343077.2614714  29343367.26039417
 29343656.25932065 29343946.25824341 29344236.25716618 29344525.25609266
 29344815.25501543 29345105.25393819 29345394.25286467 29345684.25178745
 29345974.25071021 29346263.24963669 29346553.24855946 29346842.24748594]"	0.0	0.0	0.0
2541.0551050134995	2.0	trials	5.0	0.0	0.0	0.0	0.0	0.0	True	40.0	0.0	0.005	"[29347132.2464087  29347422.24533147 29347711.24425795 29418456.98146499
 29418731.98044347 29419021.97936624 29419311.978289   29419600.97721549
 29419890.97613826 29420180.97506102 29420469.9739875  29420759.97291027
 29421049.97183304 29421338.97075952 29421628.96968228 29421917.96860876
 29422207.96753153 29422497.96645429 29422786.96538078 29423076.96430355]"	0.0	0.0	0.0
2548.2932381266896	2.0	trials	5.0	0.0	0.0	0.0	0.0	0.0	True	40.0	0.0	0.005	"[29423366.96322631 29423655.96215279 29423945.96107556 29502246.67021881
 29502507.6692493  29502796.66817578 29503086.66709854 29503375.66602503
 29503665.66494779 29503955.66387056 29504244.66279704 29504534.66171981
 29504824.66064257 29505113.65956905 29505403.65849182 29505693.65741459
 29505982.65634107 29506272.65526383 29506561.65419032 29506851.65311308]"	0.0	0.0	0.0
2557.4295721888125	2.0	trials	5.0	0.0	0.0	0.0	0.0	0.0	True	40.0	0.0	0.005	"[29507141.65203585 29507430.65096233 29507720.6498851  29607966.27751148
 29608252.27644911 29608541.2753756  29608831.27429836 29609120.27322484
 29609410.2721476  29609700.27107037 29609989.26999686 29610279.26891962
 29610569.26784239 29610858.26676887 29611148.26569163 29611438.2646144
 29611727.26354089 29612017.26246365 29612306.26139013 29612596.2603129 ]"	0.0	0.0	0.0
2566.0094923177926	2.0	trials	5.0	0.0	0.0	0.0	0.0	0.0	True	40.0	0.0	0.005	"[29612886.25923566 29613175.25816214 29613465.25708491 29707283.90858503
 29707555.90757465 29707844.90650113 29708134.9054239  29708424.90434667
 29708713.90327315 29709003.90219592 29709293.90111868 29709582.90004516
 29709872.89896793 29710162.8978907  29710451.89681718 29710741.89573994
 29711030.89466642 29711320.89358919 29711610.89251196 29711899.89143844]"	0.0	0.0	0.0
2573.18455366527	2.0	trials	5.0	0.0	0.0	0.0	0.0	0.0	True	40.0	0.0	0.005	"[29712189.8903612  29712479.88928397 29712768.88821045 29790311.60016936
 29790600.59909584 29790890.59801861 29791180.59694138 29791469.59586786
 29791759.59479063 29792049.5937134  29792338.59263987 29792628.59156264
 29792917.59048912 29793207.58941189 29793497.58833466 29793786.58726114
 29794076.5861839  29794366.58510667 29794655.58403315 29794945.58295592]"	0.0	0.0	0.0
2600.070232995575	2.0	trials	6.0	0.0	0.0	0.0	0.0	0.0	True	40.0	0.0	0.005	"[29795235.58187868 29795524.58080516 29795814.57972793 30101487.44427185
 30101777.44319461 30102067.44211738 30102356.44104386 30102646.43996663
 30102936.43888939 30103225.43781587 30103515.43673864 30103804.43566512
 30104094.43458788 30104384.43351065 30104673.43243714 30104963.43135991
 30105253.43028267 30105542.42920915 30105832.42813192 30106122.42705468]"	0.0	0.0	0.0
2609.298928314612	2.0	trials	6.0	0.0	0.0	0.0	0.0	0.0	True	40.0	0.0	0.005	"[30106411.42598116 30106701.42490393 30106991.42382669 30208330.04739303
 30208591.04642352 30208881.04534629 30209171.04426906 30209460.04319554
 30209750.0421183  30210040.04104107 30210329.03996755 30210619.03889032
 30210909.03781308 30211198.03673956 30211488.03566233 30211778.0345851
 30212067.03351158 30212357.03243435 30212646.03136083 30212936.03028359]"	0.0	0.0	0.0
2614.9505041212374	2.0	trials	6.0	0.0	0.0	0.0	0.0	0.0	True	40.0	0.0	0.005	"[30213226.02920636 30213515.02813284 30213805.02705561 30273725.80447317
 30274002.80344422 30274292.80236699 30274582.80128976 30274871.80021624
 30275161.79913901 30275450.79806549 30275740.79698826 30276030.79591102
 30276319.7948375  30276609.79376027 30276899.79268303 30277188.79160951
 30277478.79053228 30277768.78945505 30278057.78838153 30278347.7873043 ]"	0.0	0.0	0.0
2620.686578813982	2.0	trials	6.0	0.0	0.0	0.0	0.0	0.0	True	40.0	0.0	0.005	"[30278636.78623078 30278926.78515355 30279216.78407631 30340125.55782385
 30340392.55683205 30340682.55575481 30340971.5546813  30341261.55360407
 30341550.55253055 30341840.55145331 30342130.55037608 30342419.54930256
 30342709.54822533 30342999.54714809 30343288.54607457 30343578.54499734
 30343868.54392011 30344157.54284659 30344447.54176936 30344737.54069212]"	0.0	0.0	0.0
2626.1158482463875	2.0	trials	6.0	0.0	0.0	0.0	0.0	0.0	True	40.0	0.0	0.005	"[30345026.53961861 30345316.53854137 30345605.53746785 30402942.32448393
 30403231.32341041 30403521.32233318 30403811.32125595 30404100.32018243
 30404390.3191052  30404679.31803168 30404969.31695444 30405259.31587721
 30405548.31480369 30405838.31372646 30406128.31264922 30406417.3115757
 30406707.31049847 30406997.30942124 30407286.30834772 30407576.30727049]"	0.0	0.0	0.0
2635.2366303662793	2.0	trials	6.0	0.0	0.0	0.0	0.0	0.0	True	40.0	0.0	0.005	"[30407865.30619697 30408155.30511973 30408445.3040425  30508512.93233009
 30508795.93127886 30509085.93020162 30509374.92912811 30509664.92805087
 30509954.92697364 30510243.92590012 30510533.92482289 30510823.92374565
 30511112.92267213 30511402.9215949  30511692.92051767 30511981.91944415
 30512271.91836692 30512560.9172934  30512850.91621616 30513140.91513893]"	0.0	0.0	0.0
2642.293237753766	2.0	trials	6.0	0.0	0.0	0.0	0.0	0.0	True	40.0	0.0	0.005	"[30513429.91406541 30513719.91298817 30514009.91191094 30590190.62892914
 30590470.62788905 30590759.62681554 30591049.6257383  30591338.62466478
 30591628.62358755 30591918.62251031 30592207.62143679 30592497.62035956
 30592787.61928233 30593076.61820881 30593366.61713158 30593656.61605434
 30593945.61498082 30594235.61390359 30594524.61283007 30594814.61175284]"	0.0	0.0	0.0
2649.2044344813958	2.0	trials	6.0	0.0	0.0	0.0	0.0	0.0	True	40.0	0.0	0.005	"[30595104.6106756  30595393.60960208 30595683.60852486 30670195.33174271
 30670460.33075834 30670750.32968111 30671039.32860759 30671329.32753036
 30671618.32645684 30671908.3253796  30672198.32430237 30672487.32322885
 30672777.32215162 30673067.32107439 30673356.32000087 30673646.31892363
 30673936.3178464  30674225.31677288 30674515.31569565 30674805.31461841]"	0.0	0.0	0.0
2655.5827179885887	2.0	trials	6.0	0.0	0.0	0.0	0.0	0.0	True	40.0	0.0	0.005	"[30675094.31354489 30675384.31246766 30675673.31139414 30743993.05761279
 30744283.05653556 30744572.05546204 30744862.05438481 30745152.05330757
 30745441.05223405 30745731.05115683 30746021.05007959 30746310.04900607
 30746600.04792884 30746889.04685532 30747179.04577808 30747469.04470085
 30747758.04362733 30748048.0425501  30748338.04147286 30748627.04039934]"	0.0	0.0	0.0
2663.5140357268715	2.0	trials	6.0	0.0	0.0	0.0	0.0	0.0	True	40.0	0.0	0.005	"[30748917.03932211 30749207.03824488 30749496.03717136 30835805.71656439
 30836080.71554288 30836370.71446564 30836660.71338841 30836949.71231489
 30837239.71123766 30837528.71016414 30837818.70908691 30838108.70800967
 30838397.70693615 30838687.70585892 30838977.70478168 30839266.70370817
 30839556.70263093 30839846.7015537  30840135.70048018 30840425.69940295]"	0.0	0.0	0.0
2671.6864085697293	2.0	trials	6.0	0.0	0.0	0.0	0.0	0.0	True	40.0	0.0	0.005	"[30840714.69832943 30841004.6972522  30841294.69617496 30930403.36517083
 30930668.36418646 30930957.36311295 30931247.36203571 30931537.36095848
 30931826.35988496 30932116.35880772 30932405.3577342  30932695.35665697
 30932985.35557974 30933274.35450622 30933564.35342899 30933854.35235175
 30934143.35127823 30934433.350201   30934723.34912377 30935012.34805025]"	0.0	0.0	0.0
2679.558456128178	2.0	trials	6.0	0.0	0.0	0.0	0.0	0.0	True	40.0	0.0	0.005	"[30935302.34697301 30935591.34589949 30935881.34482227 31021494.02680437
 31021780.02574199 31022069.02466847 31022359.02359124 31022649.022514
 31022938.02144049 31023228.02036326 31023518.01928602 31023807.0182125
 31024097.01713527 31024387.01605804 31024676.01498452 31024966.01390728
 31025255.01283377 31025545.01175653 31025835.01067929 31026124.00960578]"	0.0	0.0	0.0
2686.380747586056	2.0	trials	6.0	0.0	0.0	0.0	0.0	0.0	True	40.0	0.0	0.005	"[31026414.00852855 31026704.00745131 31026993.00637779 31100455.73349226
 31100741.7324299  31101031.73135266 31101321.73027543 31101610.72920191
 31101900.72812467 31102190.72704744 31102479.72597392 31102769.72489668
 31103058.72382316 31103348.72274593 31103638.7216687  31103927.72059518
 31104217.71951795 31104507.71844072 31104796.7173672  31105086.71628996]"	0.0	0.0	0.0
2693.2385493120273	2.0	trials	6.0	0.0	0.0	0.0	0.0	0.0	True	40.0	0.0	0.005	"[31105376.71521273 31105665.71413921 31105955.71306197 31179839.4386126
 31180114.43759109 31180404.43651386 31180694.43543663 31180983.4343631
 31181273.43328587 31181563.43220864 31181852.43113512 31182142.43005788
 31182432.42898065 31182721.42790713 31183011.4268299  31183300.42575638
 31183590.42467915 31183880.42360191 31184169.42252839 31184459.42145116]"	0.0	0.0	0.0
2700.5887428089577	2.0	trials	6.0	0.0	0.0	0.0	0.0	0.0	True	40.0	0.0	0.005	"[31184749.42037393 31185038.41930041 31185328.41822318 31264906.12262288
 31265186.12158279 31265476.12050556 31265765.11943204 31266055.11835481
 31266345.11727757 31266634.11620406 31266924.11512682 31267214.11404958
 31267503.11297606 31267793.11189884 31268083.1108216  31268372.10974808
 31268662.10867085 31268951.10759733 31269241.1065201  31269531.10544286]"	0.0	0.0	0.0
2705.7421380661267	2.0	trials	6.0	0.0	0.0	0.0	0.0	0.0	True	40.0	0.0	0.005	"[31269820.10436935 31270110.10329211 31270400.10221487 31324568.90099881
 31324831.90002187 31325120.89894835 31325410.89787111 31325700.89679388
 31325989.89572036 31326279.89464313 31326569.8935659  31326858.89249238
 31327148.89141515 31327437.89034163 31327727.88926439 31328017.88818716
 31328306.88711364 31328596.8860364  31328886.88495917 31329175.88388566]"	0.0	0.0	0.0
2712.4623915030356	2.0	trials	6.0	0.0	0.0	0.0	0.0	0.0	True	40.0	0.0	0.005	"[31329465.88280842 31329755.88173119 31330044.88065767 31402349.61207365
 31402612.61109671 31402902.61001947 31403192.60894224 31403481.60786872
 31403771.60679149 31404060.60571797 31404350.60464073 31404640.60356351
 31404929.60248999 31405219.60141275 31405509.60033552 31405798.599262
 31406088.59818476 31406378.59710753 31406667.59603401 31406957.59495678]"	0.0	0.0	0.0
2720.5464638738954	2.0	trials	6.0	0.0	0.0	0.0	0.0	0.0	True	40.0	0.0	0.005	"[31407247.59387954 31407536.59280602 31407826.5917288  31495917.26450612
 31496178.26353662 31496467.2624631  31496757.26138586 31497047.26030863
 31497336.25923511 31497626.25815788 31497916.25708064 31498205.25600712
 31498495.25492989 31498785.25385265 31499074.25277914 31499364.2517019
 31499653.25062839 31499943.24955115 31500233.24847392 31500522.2474004 ]"	0.0	0.0	0.0
2726.8748947662707	2.0	trials	6.0	0.0	0.0	0.0	0.0	0.0	True	40.0	0.0	0.005	"[31500812.24632316 31501102.24524593 31501391.24417242 31569134.99253067
 31569424.99145344 31569713.99037992 31570003.98930269 31570292.98822917
 31570582.98715194 31570872.9860747  31571161.98500118 31571451.98392395
 31571741.98284672 31572030.9817732  31572320.98069597 31572610.97961873
 31572899.97854521 31573189.97746798 31573479.97639074 31573768.97531722]"	0.0	0.0	0.0
2733.9859339515647	2.0	trials	6.0	0.0	0.0	0.0	0.0	0.0	True	40.0	0.0	0.005	"[31574058.97423999 31574347.97316647 31574637.97208924 31651461.68671895
 31651728.68572715 31652017.68465363 31652307.6835764  31652596.68250288
 31652886.68142565 31653176.68034841 31653465.67927489 31653755.67819767
 31654045.67712043 31654334.67604691 31654624.67496967 31654914.67389244
 31655203.67281892 31655493.67174169 31655782.67066817 31656072.66959094]"	0.0	0.0	0.0
2742.600413952169	2.0	trials	6.0	0.0	0.0	0.0	0.0	0.0	True	40.0	0.0	0.005	"[31656362.6685137  31656651.66744018 31656941.66636296 31751167.31635122
 31751432.31536685 31751722.31428962 31752012.31321239 31752301.31213887
 31752591.31106164 31752881.3099844  31753170.30891088 31753460.30783365
 31753750.30675641 31754039.30568289 31754329.30460566 31754618.30353214
 31754908.30245491 31755198.30137768 31755487.30030416 31755777.29922692]"	0.0	0.0	0.0
2750.1428467350065	2.0	trials	6.0	0.0	0.0	0.0	0.0	0.0	True	40.0	0.0	0.005	"[31756067.29814969 31756356.29707617 31756646.29599894 31838448.99213366
 31838728.99109357 31839017.99002006 31839307.98894282 31839597.98786559
 31839886.98679207 31840176.98571484 31840465.98464132 31840755.98356409
 31841045.98248685 31841334.98141333 31841624.9803361  31841914.97925886
 31842203.97818535 31842493.97710811 31842783.97603087 31843072.97495736]"	0.0	0.0	0.0
2758.5649146503456	2.0	trials	6.0	0.0	0.0	0.0	0.0	0.0	True	40.0	0.0	0.005	"[31843362.97388013 31843651.97280661 31843941.97172938 31935935.63000863
 31936206.62900198 31936496.62792474 31936785.62685122 31937075.62577399
 31937365.62469675 31937654.62362324 31937944.62254601 31938233.62147249
 31938523.62039525 31938813.61931801 31939102.6182445  31939392.61716726
 31939682.61609003 31939971.61501651 31940261.61393928 31940551.61286204]"	0.0	0.0	0.0
2767.3621299721603	2.0	trials	6.0	0.0	0.0	0.0	0.0	0.0	True	40.0	0.0	0.005	"[31940840.61178853 31941130.6107113  31941419.60963777 32037740.25184396
 32038026.25078159 32038316.24970435 32038605.24863083 32038895.2475536
 32039185.24647636 32039474.24540285 32039764.24432562 32040054.24324838
 32040343.24217486 32040633.24109763 32040923.2400204  32041212.23894688
 32041502.23786964 32041792.23679241 32042081.23571889 32042371.23464165]"	0.0	0.0	0.0
2777.36392961942	2.0	trials	6.0	0.0	0.0	0.0	0.0	0.0	True	40.0	0.0	0.005	"[32042660.23356814 32042950.2324909  32043240.23141367 32153527.82173806
 32153787.82077227 32154077.81969504 32154367.8186178  32154656.81754429
 32154946.81646705 32155236.81538982 32155525.8143163  32155815.81323906
 32156105.81216184 32156394.81108832 32156684.81001108 32156974.80893385
 32157263.80786033 32157553.80678309 32157842.80570958 32158132.80463234]"	0.0	0.0	0.0
2787.072402356273	2.0	trials	6.0	0.0	0.0	0.0	0.0	0.0	True	40.0	0.0	0.005	"[32158422.80355511 32158711.80248159 32159001.80140435 32265878.40439925
 32266154.40337401 32266444.40229679 32266733.40122326 32267023.40014603
 32267313.3990688  32267602.39799528 32267892.39691805 32268181.39584453
 32268471.3947673  32268761.39369006 32269050.39261654 32269340.3915393
 32269630.39046207 32269919.38938855 32270209.38831132 32270499.38723409]"	0.0	0.0	0.0
2797.062365247501	2.0	trials	6.0	0.0	0.0	0.0	0.0	0.0	True	40.0	0.0	0.005	"[32270788.38616057 32271078.38508334 32271368.38400611 32381516.97484683
 32381778.9738736  32382067.97280008 32382357.97172285 32382647.97064562
 32382936.9695721  32383226.96849487 32383516.96741763 32383805.96634411
 32384095.96526688 32384385.96418964 32384674.96311612 32384964.96203889
 32385253.96096538 32385543.95988814 32385833.95881091 32386122.95773739]"	0.0	0.0	0.0
2805.307486620127	2.0	trials	6.0	0.0	0.0	0.0	0.0	0.0	True	40.0	0.0	0.005	"[32386412.95666016 32386702.95558292 32386991.9545094  32476945.62036644
 32477208.6193895  32477497.61831598 32477787.61723874 32478077.61616151
 32478366.61508799 32478656.61401075 32478946.61293353 32479235.61186001
 32479525.61078277 32479814.60970926 32480104.60863202 32480394.60755479
 32480683.60648127 32480973.60540403 32481263.6043268  32481552.60325328]"	0.0	0.0	0.0
2812.254884813283	2.0	trials	6.0	0.0	0.0	0.0	0.0	0.0	True	40.0	0.0	0.005	"[32481842.60217604 32482132.60109882 32482421.6000253  32557333.32175731
 32557618.32069866 32557908.31962143 32558198.31854419 32558487.31747068
 32558777.31639344 32559066.31531992 32559356.31424268 32559646.31316545
 32559935.31209193 32560225.3110147  32560515.30993747 32560804.30886395
 32561094.30778671 32561384.30670948 32561673.30563597 32561963.30455873]"	0.0	0.0	0.0
2818.854178699509	2.0	trials	6.0	0.0	0.0	0.0	0.0	0.0	True	40.0	0.0	0.005	"[32562252.30348521 32562542.30240798 32562832.30133074 32633709.03805116
 32633999.03697393 32634289.0358967  32634578.03482318 32634868.03374595
 32635158.03266871 32635447.03159519 32635737.03051797 32636027.02944073
 32636316.02836721 32636606.02728997 32636896.02621274 32637185.02513923
 32637475.02406199 32637764.02298847 32638054.02191124 32638344.020834  ]"	0.0	0.0	0.0
2827.7949038882407	2.0	trials	6.0	0.0	0.0	0.0	0.0	0.0	True	40.0	0.0	0.005	"[32638633.01976048 32638923.01868325 32639213.01760602 32737190.65365712
 32737479.6525836  32737769.65150636 32738058.65043284 32738348.64935561
 32738637.6482821  32738927.64720486 32739217.64612763 32739506.64505411
 32739796.64397687 32740086.64289964 32740375.64182612 32740665.64074888
 32740955.63967165 32741244.63859814 32741534.6375209  32741824.63644367]"	0.0	0.0	0.0
2837.730175782625	2.0	trials	6.0	0.0	0.0	0.0	0.0	0.0	True	40.0	0.0	0.005	"[32742113.63537015 32742403.63429292 32742692.6332194  32852201.22643747
 32852471.22543452 32852760.224361   32853050.22328377 32853340.22220654
 32853629.22113302 32853919.22005579 32854209.21897855 32854498.21790503
 32854788.21682779 32855077.21575429 32855367.21467705 32855657.21359981
 32855946.2125263  32856236.21144906 32856526.21037183 32856815.20929831]"	0.0	0.0	0.0
2843.3043374768126	2.0	trials	6.0	0.0	0.0	0.0	0.0	0.0	True	40.0	0.0	0.005	"[32857105.20822107 32857395.20714384 32857684.20607032 32916725.98675301
 32916986.98578351 32917276.98470628 32917565.98363275 32917855.98255552
 32918145.98147829 32918434.98040477 32918724.97932753 32919014.9782503
 32919303.97717678 32919593.97609955 32919882.97502603 32920172.9739488
 32920462.97287156 32920751.97179804 32921041.97072081 32921331.96964358]"	0.0	0.0	0.0
2851.2680550947425	2.0	trials	6.0	0.0	0.0	0.0	0.0	0.0	True	40.0	0.0	0.005	"[32921620.96857006 32921910.96749283 32922200.96641559 33008891.64439337
 33009159.64339785 33009449.64232061 33009738.64124709 33010028.64016986
 33010318.63909263 33010607.63801911 33010897.63694188 33011187.63586465
 33011476.63479113 33011766.63371389 33012055.63264037 33012345.63156314
 33012635.6304859  33012924.62941238 33013214.62833516 33013504.62725792]"	0.0	0.0	0.0
2861.0103101061077	2.0	trials	6.0	0.0	0.0	0.0	0.0	0.0	True	40.0	0.0	0.005	"[33013793.6261844  33014083.62510717 33014373.62402993 33121656.22551669
 33121917.22454719 33122207.22346995 33122496.22239643 33122786.2213192
 33123075.22024568 33123365.21916845 33123655.21809121 33123944.2170177
 33124234.21594046 33124524.21486323 33124813.21378971 33125103.21271248
 33125393.21163524 33125682.21056172 33125972.20948449 33126262.20840726]"	0.0	0.0	0.0
2868.642080157092	2.0	trials	6.0	0.0	0.0	0.0	0.0	0.0	True	40.0	0.0	0.005	"[33126551.20733374 33126841.20625651 33127130.20518299 33209981.8974211
 33210247.89643301 33210536.8953595  33210826.89428226 33211116.89320503
 33211405.89213151 33211695.89105427 33211985.88997704 33212274.88890352
 33212564.88782629 33212854.88674906 33213143.88567553 33213433.8845983
 33213722.88352479 33214012.88244755 33214302.88137032 33214591.8802968 ]"	0.0	0.0	0.0
2874.4863272480193	2.0	trials	6.0	0.0	0.0	0.0	0.0	0.0	True	40.0	0.0	0.005	"[33214881.87921956 33215171.87814233 33215460.87706881 33277628.64613967
 33277889.64517016 33278178.64409664 33278468.64301941 33278758.64194218
 33279047.64086866 33279337.63979143 33279627.63871419 33279916.63764067
 33280206.63656344 33280495.63548992 33280785.63441268 33281075.63333545
 33281364.63226194 33281654.6311847  33281944.63010747 33282233.62903395]"	0.0	0.0	0.0
2881.741049099589	2.0	trials	6.0	0.0	0.0	0.0	0.0	0.0	True	40.0	0.0	0.005	"[33282523.62795671 33282813.62687948 33283102.62580596 33361575.3343103
 33361856.3332665  33362146.33218927 33362435.33111575 33362725.33003851
 33363015.32896127 33363304.32788776 33363594.32681052 33363883.325737
 33364173.32465977 33364463.32358254 33364752.32250902 33365042.32143179
 33365332.32035455 33365621.31928103 33365911.3182038  33366201.31712657]"	0.0	0.0	0.0
2891.435870687151	2.0	trials	6.0	0.0	0.0	0.0	0.0	0.0	True	40.0	0.0	0.005	"[33366490.31605305 33366780.31497582 33367069.3139023  33473779.91751381
 33474064.91645515 33474354.91537792 33474644.91430068 33474933.91322716
 33475223.91214993 33475512.91107641 33475802.90999917 33476092.90892194
 33476381.90784842 33476671.90677119 33476961.90569396 33477250.90462044
 33477540.90354321 33477830.90246597 33478119.90139245 33478409.90031522]"	0.0	0.0	0.0
2896.9083399590854	2.0	trials	6.0	0.0	0.0	0.0	0.0	0.0	True	40.0	0.0	0.005	"[33478699.89923799 33478988.89816447 33479278.89708723 33537115.68224602
 33537403.68117622 33537693.68009898 33537983.67902175 33538272.67794823
 33538562.67687099 33538851.67579748 33539141.67472024 33539431.67364301
 33539720.67256949 33540010.67149226 33540300.67041503 33540589.66934151
 33540879.66826427 33541169.66718704 33541458.66611352 33541748.66503628]"	0.0	0.0	0.0
2904.7199941418708	2.0	trials	6.0	0.0	0.0	0.0	0.0	0.0	True	40.0	0.0	0.005	"[33542037.66396276 33542327.66288554 33542617.6618083  33627555.34629776
 33627816.34532825 33628106.34425101 33628396.34317378 33628685.34210026
 33628975.34102303 33629265.33994579 33629554.33887228 33629844.33779504
 33630133.33672152 33630423.33564429 33630713.33456706 33631002.33349354
 33631292.3324163  33631582.33133907 33631871.33026556 33632161.32918832]"	0.0	0.0	0.0
2913.378278779759	2.0	trials	6.0	0.0	0.0	0.0	0.0	0.0	True	40.0	0.0	0.005	"[33632451.32811109 33632740.32703757 33633030.32596033 33727742.9741396
 33728027.97308093 33728316.97200742 33728606.97093018 33728896.96985295
 33729185.96877943 33729475.9677022  33729765.96662496 33730054.96555144
 33730344.96447421 33730634.96339697 33730923.96232346 33731213.96124623
 33731502.96017271 33731792.95909547 33732082.95801824 33732371.95694472]"	0.0	0.0	0.0
2921.6824975328614	2.0	trials	6.0	0.0	0.0	0.0	0.0	0.0	True	40.0	0.0	0.005	"[33732661.95586748 33732951.95479026 33733240.95371673 33823868.61707013
 33824141.61605604 33824430.61498252 33824720.6139053  33825010.61282805
 33825299.61175454 33825589.61067731 33825878.60960378 33826168.60852656
 33826458.60744932 33826747.60637581 33827037.60529857 33827327.60422133
 33827616.60314781 33827906.60207058 33828196.60099335 33828485.59991983]"	0.0	0.0	0.0
2931.6537980934127	2.0	trials	6.0	0.0	0.0	0.0	0.0	0.0	True	40.0	0.0	0.005	"[33828775.5988426  33829065.59776536 33829354.59669185 33939285.18834235
 33939550.18735798 33939840.18628075 33940129.18520723 33940419.18413
 33940709.18305276 33940998.18197924 33941288.18090201 33941578.17982478
 33941867.17875126 33942157.17767403 33942447.17659679 33942736.17552327
 33943026.17444604 33943315.17337251 33943605.17229529 33943895.17121805]"	0.0	0.0	0.0
2939.093847256565	2.0	trials	6.0	0.0	0.0	0.0	0.0	0.0	True	40.0	0.0	0.005	"[33944184.17014454 33944474.16906731 33944764.16799007 34025381.86852659
 34025661.8674865  34025951.86640927 34026240.86533576 34026530.86425851
 34026820.86318129 34027109.86210777 34027399.86103053 34027689.8599533
 34027978.85887977 34028268.85780255 34028558.85672531 34028847.85565179
 34029137.85457456 34029427.85349733 34029716.8524238  34030006.85134657]"	0.0	0.0	0.0
2947.7891973567685	2.0	trials	6.0	0.0	0.0	0.0	0.0	0.0	True	40.0	0.0	0.005	"[34030295.85027306 34030585.84919582 34030875.84811859 34126019.49469686
 34126302.49364562 34126591.49257211 34126881.49149488 34127171.49041764
 34127460.48934413 34127750.48826689 34128040.48718966 34128329.48611614
 34128619.4850389  34128909.48396167 34129198.48288815 34129488.48181091
 34129777.4807374  34130067.47966017 34130357.47858293 34130646.47750941]"	0.0	0.0	0.0
2956.746079285485	2.0	trials	6.0	0.0	0.0	0.0	0.0	0.0	True	40.0	0.0	0.005	"[34130936.47643218 34131226.47535495 34131515.47428143 34229701.10955989
 34229970.10856066 34230260.10748343 34230549.10640991 34230839.10533268
 34231129.10425545 34231418.10318192 34231708.10210469 34231997.10103118
 34232287.09995393 34232577.09887671 34232866.09780318 34233156.09672596
 34233446.09564872 34233735.0945752  34234025.09349797 34234315.09242073]"	0.0	0.0	0.0
2965.9677762305173	2.0	trials	6.0	0.0	0.0	0.0	0.0	0.0	True	40.0	0.0	0.005	"[34234604.09134721 34234894.09026998 34235183.08919647 34336436.71307854
 34336702.71209045 34336992.71101322 34337281.7099397  34337571.70886247
 34337861.70778523 34338150.70671171 34338440.70563448 34338730.70455725
 34339019.70348373 34339309.7024065  34339599.70132926 34339888.70025574
 34340178.69917851 34340467.69810499 34340757.69702776 34341047.69595052]"	0.0	0.0	0.0
2973.918361097231	2.0	trials	6.0	0.0	0.0	0.0	0.0	0.0	True	40.0	0.0	0.005	"[34341336.69487701 34341626.69379978 34341916.69272254 34428457.3712575
 34428723.37026941 34429013.36919218 34429303.36811495 34429592.36704142
 34429882.3659642  34430172.36488696 34430461.36381344 34430751.36273621
 34431040.36166269 34431330.36058546 34431620.35950822 34431909.3584347
 34432199.35735747 34432489.35628024 34432778.35520672 34433068.35412949]"	0.0	0.0	0.0
2982.971837867135	2.0	trials	6.0	0.0	0.0	0.0	0.0	0.0	True	40.0	0.0	0.005	"[34433358.35305225 34433647.35197873 34433937.3509015  34533238.98203447
 34533508.98103153 34533798.97995429 34534087.97888077 34534377.97780354
 34534666.97673003 34534956.97565279 34535246.97457556 34535535.97350204
 34535825.97242481 34536115.97134758 34536404.97027405 34536694.96919682
 34536984.96811958 34537273.96704607 34537563.96596884 34537853.9648916 ]"	0.0	0.0	0.0
3033.6795503079843	2.0	trials	7.0	0.0	0.0	0.0	0.0	0.0	True	40.0	0.0	0.005	"[34538142.96381808 34538432.96274085 34538721.96166733 35120122.8019888
 35120403.800945   35120692.79987147 35120982.79879425 35121271.79772073
 35121561.79664349 35121851.79556626 35122140.79449274 35122430.79341551
 35122720.79233827 35123009.79126475 35123299.79018752 35123589.78911029
 35123878.78803676 35124168.78695954 35124458.7858823  35124747.78480878]"	0.0	0.0	0.0
3041.279352477716	2.0	trials	7.0	0.0	0.0	0.0	0.0	0.0	True	40.0	0.0	0.005	"[35125037.78373155 35125326.78265803 35125616.7815808  35208104.47517102
 35208364.47420523 35208654.473128   35208944.47205076 35209233.47097724
 35209523.4699     35209813.46882278 35210102.46774925 35210392.46667202
 35210681.4655985  35210971.46452127 35211261.46344404 35211550.46237051
 35211840.46129328 35212130.46021605 35212419.45914253 35212709.4580653 ]"	0.0	0.0	0.0
3048.523360769083	2.0	trials	7.0	0.0	0.0	0.0	0.0	0.0	True	40.0	0.0	0.005	"[35212999.45698807 35213288.45591454 35213578.45483731 35291946.16373168
 35292207.16276217 35292497.16168494 35292786.16061142 35293076.15953419
 35293366.15845695 35293655.15738343 35293945.1563062  35294235.15522896
 35294524.15415545 35294814.15307822 35295104.15200098 35295393.15092746
 35295683.14985023 35295972.14877671 35296262.14769948 35296552.14662224]"	0.0	0.0	0.0
3058.141805040356	2.0	trials	7.0	0.0	0.0	0.0	0.0	0.0	True	40.0	0.0	0.005	"[35296841.14554872 35297131.14447149 35297421.14339425 35403267.75021518
 35403531.74923453 35403821.74815729 35404111.74708006 35404400.74600654
 35404690.74492931 35404980.74385207 35405269.74277855 35405559.74170133
 35405849.74062409 35406138.73955057 35406428.73847334 35406717.73739982
 35407007.73632258 35407297.73524535 35407586.73417184 35407876.7330946 ]"	0.0	0.0	0.0
3065.3893557185634	2.0	trials	7.0	0.0	0.0	0.0	0.0	0.0	True	40.0	0.0	0.005	"[35408166.73201736 35408455.73094384 35408745.72986662 35487125.43871641
 35487415.43763917 35487705.43656194 35487994.43548843 35488284.43441118
 35488574.43333396 35488863.43226044 35489153.4311832  35489442.43010969
 35489732.42903245 35490022.42795522 35490311.4268817  35490601.42580447
 35490891.42472723 35491180.42365371 35491470.42257647 35491760.42149924]"	0.0	0.0	0.0
3073.814361222991	2.0	trials	7.0	0.0	0.0	0.0	0.0	0.0	True	40.0	0.0	0.005	"[35492049.42042573 35492339.41934849 35492628.41827498 35584666.07639079
 35584927.07542127 35585217.07434404 35585506.07327053 35585796.07219329
 35586085.07111977 35586375.07004254 35586665.0689653  35586954.06789178
 35587244.06681455 35587534.06573731 35587823.06466381 35588113.06358656
 35588403.06250934 35588692.06143582 35588982.06035858 35589272.05928135]"	0.0	0.0	0.0
3079.8793594939143	2.0	trials	7.0	0.0	0.0	0.0	0.0	0.0	True	40.0	0.0	0.005	"[35589561.05820783 35589851.05713059 35590140.05605708 35654862.81563713
 35655123.81466763 35655413.81359039 35655702.81251688 35655992.81143964
 35656282.81036241 35656571.80928889 35656861.80821165 35657151.80713443
 35657440.8060609  35657730.80498367 35658019.80391015 35658309.80283292
 35658599.80175568 35658888.80068216 35659178.79960493 35659468.7985277 ]"	0.0	0.0	0.0
3088.590520735387	2.0	trials	7.0	0.0	0.0	0.0	0.0	0.0	True	40.0	0.0	0.005	"[35659757.79745418 35660047.79637694 35660337.79529972 35755668.44118335
 35755947.44014698 35756236.43907346 35756526.43799623 35756816.436919
 35757105.43584547 35757395.43476824 35757685.43369101 35757974.43261749
 35758264.43154025 35758554.43046302 35758843.42938951 35759133.42831226
 35759423.42723504 35759712.42616152 35760002.42508429 35760291.42401077]"	0.0	0.0	0.0
3094.1773831823957	2.0	trials	7.0	0.0	0.0	0.0	0.0	0.0	True	40.0	0.0	0.005	"[35760581.42293353 35760871.4218563  35761160.42078278 35820346.20093057
 35820610.19994992 35820900.19887268 35821189.19779917 35821479.19672193
 35821769.19564469 35822058.19457118 35822348.19349395 35822638.19241671
 35822927.1913432  35823217.19026595 35823507.18918873 35823796.18811521
 35824086.18703797 35824375.18596445 35824665.18488722 35824955.18380998]"	0.0	0.0	0.0
3100.5700954359913	2.0	trials	7.0	0.0	0.0	0.0	0.0	0.0	True	40.0	0.0	0.005	"[35825244.18273647 35825534.18165924 35825824.180582   35894319.92614689
 35894599.92510679 35894888.92403328 35895178.92295604 35895468.92187881
 35895757.9208053  35896047.91972806 35896336.91865454 35896626.91757731
 35896916.91650007 35897205.91542655 35897495.91434933 35897785.91327208
 35898074.91219857 35898364.91112133 35898654.9100441  35898943.90897059]"	0.0	0.0	0.0
3106.117646029029	2.0	trials	7.0	0.0	0.0	0.0	0.0	0.0	True	40.0	0.0	0.005	"[35899233.90789334 35899523.90681612 35899812.9057426  35958547.68756567
 35958807.68659987 35959097.68552265 35959387.68444541 35959676.68337189
 35959966.68229465 35960256.68121742 35960545.68014391 35960835.67906667
 35961125.67798944 35961414.67691592 35961704.67583869 35961993.67476516
 35962283.67368793 35962573.6726107  35962862.67153718 35963152.67045995]"	0.0	0.0	0.0
3113.905799499111	2.0	trials	7.0	0.0	0.0	0.0	0.0	0.0	True	40.0	0.0	0.005	"[35963442.66938271 35963731.6683092  35964021.66723196 36048658.35283951
 36048948.35176228 36049238.35068505 36049527.34961153 36049817.34853429
 36050107.34745707 36050396.34638354 36050686.34530631 36050975.34423279
 36051265.34315556 36051555.34207833 36051844.3410048  36052134.33992757
 36052424.33885034 36052713.33777682 36053003.33669958 36053293.33562236]"	0.0	0.0	0.0
3119.323232175485	2.0	trials	7.0	0.0	0.0	0.0	0.0	0.0	True	40.0	0.0	0.005	"[36053582.33454883 36053872.3334716  36054162.33239437 36111378.11985991
 36111650.11884955 36111939.11777602 36112229.11669879 36112519.11562156
 36112808.11454804 36113098.11347082 36113387.11239729 36113677.11132006
 36113967.11024282 36114256.1091693  36114546.10809207 36114836.10701483
 36115125.10594132 36115415.10486408 36115705.10378685 36115994.10271333]"	0.0	0.0	0.0
3126.829722691833	2.0	trials	7.0	0.0	0.0	0.0	0.0	0.0	True	40.0	0.0	0.005	"[36116284.1016361  36116573.10056258 36116863.09948535 36198241.79719505
 36198531.79611783 36198820.79504431 36199110.79396707 36199400.79288984
 36199689.79181632 36199979.79073909 36200268.78966557 36200558.78858833
 36200848.7875111  36201137.78643759 36201427.78536034 36201717.78428312
 36202006.7832096  36202296.78213236 36202586.78105514 36202875.77998161]"	0.0	0.0	0.0
3135.2116147564107	2.0	trials	7.0	0.0	0.0	0.0	0.0	0.0	True	40.0	0.0	0.005	"[36203165.77890438 36203454.77783086 36203744.77675363 36295277.43674531
 36295543.43575723 36295833.43467999 36296123.43360276 36296412.43252924
 36296702.43145201 36296992.43037478 36297281.42930125 36297571.42822402
 36297860.4271505  36298150.42607328 36298440.42499603 36298729.42392252
 36299019.42284528 36299309.42176805 36299598.42069453 36299888.4196173 ]"	0.0	0.0	0.0
3144.949290584785	2.0	trials	7.0	0.0	0.0	0.0	0.0	0.0	True	40.0	0.0	0.005	"[36300178.41854007 36300467.41746654 36300757.41638931 36407959.01817696
 36408249.01709972 36408538.01602621 36408828.01494897 36409117.01387545
 36409407.01279822 36409697.01172099 36409986.01064747 36410276.00957023
 36410566.008493   36410855.00741948 36411145.00634225 36411435.00526501
 36411724.0041915  36412014.00311426 36412304.00203703 36412593.00096352]"	0.0	0.0	0.0
3154.2379472810894	2.0	trials	7.0	0.0	0.0	0.0	0.0	0.0	True	40.0	0.0	0.005	"[36412882.99988627 36413171.99881276 36413461.99773553 36515466.61882793
 36515756.6177507  36516045.61667719 36516335.61559995 36516624.61452643
 36516914.6134492  36517204.61237197 36517493.61129844 36517783.61022121
 36518073.60914398 36518362.60807046 36518652.60699323 36518942.60591599
 36519231.60484247 36519521.60376524 36519810.60269172 36520100.60161449]"	0.0	0.0	0.0
3160.753347078949	2.0	trials	7.0	0.0	0.0	0.0	0.0	0.0	True	40.0	0.0	0.005	"[36520390.60053726 36520679.59946373 36520969.5983865  36590901.33861722
 36591165.33763657 36591455.33655934 36591744.33548582 36592034.33440858
 36592324.33333135 36592613.33225783 36592903.3311806  36593192.33010708
 36593482.32902984 36593772.32795262 36594061.32687909 36594351.32580186
 36594641.32472463 36594930.32365111 36595220.32257387 36595510.32149664]"	0.0	0.0	0.0
3166.021481109909	2.0	trials	7.0	0.0	0.0	0.0	0.0	0.0	True	40.0	0.0	0.005	"[36595799.32042312 36596089.31934589 36596378.31827237 36651859.11218274
 36652139.11114267 36652429.11006542 36652718.10899191 36653008.10791468
 36653298.10683744 36653587.10576392 36653877.10468669 36654167.10360945
 36654456.10253593 36654746.1014587  36655036.10038146 36655325.09930795
 36655615.09823071 36655904.0971572  36656194.09607997 36656484.09500273]"	0.0	0.0	0.0
3171.536113425225	2.0	trials	7.0	0.0	0.0	0.0	0.0	0.0	True	40.0	0.0	0.005	"[36656773.09392921 36657063.09285198 36657353.09177474 36715682.87510223
 36715965.874051   36716254.87297748 36716544.87190025 36716834.87082302
 36717123.86974949 36717413.86867226 36717703.86759502 36717992.86652151
 36718282.86544427 36718571.86437076 36718861.86329352 36719151.86221629
 36719440.86114277 36719730.86006553 36720020.85898831 36720309.85791478]"	0.0	0.0	0.0
3178.5435593953266	2.0	trials	7.0	0.0	0.0	0.0	0.0	0.0	True	40.0	0.0	0.005	"[36720599.85683755 36720889.85576032 36721178.8546868  36796809.57374802
 36797070.57277851 36797359.57170499 36797649.57062776 36797939.56955053
 36798228.568477   36798518.56739978 36798808.56632254 36799097.56524903
 36799387.56417178 36799676.56309827 36799966.56202104 36800256.5609438
 36800545.55987028 36800835.55879305 36801125.55771582 36801414.55664229]"	0.0	0.0	0.0
3187.4540446963883	2.0	trials	7.0	0.0	0.0	0.0	0.0	0.0	True	40.0	0.0	0.005	"[36801704.55556507 36801994.55448783 36802283.55341431 36899936.19067266
 36900201.18968829 36900490.18861477 36900780.18753754 36901070.1864603
 36901359.18538678 36901649.18430955 36901938.18323603 36902228.1821588
 36902518.18108156 36902807.18000805 36903097.17893081 36903387.17785358
 36903676.17678006 36903966.17570283 36904256.17462559 36904545.17355207]"	0.0	0.0	0.0
3194.9302089253874	2.0	trials	7.0	0.0	0.0	0.0	0.0	0.0	True	40.0	0.0	0.005	"[36904835.17247484 36905125.1713976  36905414.17032409 36986441.86933763
 36986730.86826411 36987020.86718687 36987310.86610964 36987599.86503612
 36987889.86395889 36988178.86288537 36988468.86180814 36988758.8607309
 36989047.85965738 36989337.85858015 36989627.85750291 36989916.8564294
 36990206.85535216 36990496.85427494 36990785.85320141 36991075.85212418]"	0.0	0.0	0.0
3203.1855254601414	2.0	trials	7.0	0.0	0.0	0.0	0.0	0.0	True	40.0	0.0	0.005	"[36991365.85104695 36991654.84997343 36991944.84889619 37082015.51431862
 37082278.51334168 37082567.51226816 37082857.51119093 37083147.51011369
 37083436.50904017 37083726.50796294 37084016.50688571 37084305.50581218
 37084595.50473496 37084884.50366144 37085174.5025842  37085464.50150697
 37085753.50043345 37086043.49935622 37086333.49827898 37086622.49720546]"	0.0	0.0	0.0
3208.517422454248	2.0	trials	7.0	0.0	0.0	0.0	0.0	0.0	True	40.0	0.0	0.005	"[37086912.49612823 37087202.495051   37087491.49397748 37143706.28516135
 37143990.2841064  37144279.28303288 37144569.28195564 37144859.28087841
 37145148.27980489 37145438.27872766 37145727.27765414 37146017.27657691
 37146307.27549967 37146596.27442615 37146886.27334892 37147176.27227169
 37147465.27119816 37147755.27012093 37148045.2690437  37148334.26797018]"	0.0	0.0	0.0
3216.4581577575473	2.0	trials	7.0	0.0	0.0	0.0	0.0	0.0	True	40.0	0.0	0.005	"[37148624.26689295 37148913.26581943 37149203.2647422  37235634.94368204
 37235896.94270882 37236185.9416353  37236475.94055807 37236765.93948084
 37237054.93840732 37237344.93733008 37237633.93625657 37237923.93517933
 37238213.9341021  37238502.93302858 37238792.93195134 37239082.93087412
 37239371.92980059 37239661.92872336 37239951.92764613 37240240.92657261]"	0.0	0.0	0.0
3222.27717614219	2.0	trials	7.0	0.0	0.0	0.0	0.0	0.0	True	40.0	0.0	0.005	"[37240530.92549537 37240819.92442185 37241109.92334462 37302981.693515
 37303246.69253063 37303536.6914534  37303826.69037616 37304115.68930265
 37304405.68822542 37304695.68714818 37304984.68607466 37305274.68499743
 37305563.68392391 37305853.68284667 37306143.68176944 37306432.68069593
 37306722.67961869 37307012.67854145 37307301.67746793 37307591.67639071]"	0.0	0.0	0.0
3230.1258093876127	2.0	trials	7.0	0.0	0.0	0.0	0.0	0.0	True	40.0	0.0	0.005	"[37307881.67531347 37308170.67423995 37308460.67316272 37393819.35608833
 37394087.35509282 37394376.3540193  37394666.35294207 37394956.35186483
 37395245.35079131 37395535.34971409 37395825.34863684 37396114.34756333
 37396404.3464861  37396694.34540886 37396983.34433535 37397273.34325811
 37397563.34218087 37397852.34110736 37398142.34003012 37398431.3389566 ]"	0.0	0.0	0.0
3235.957787724113	2.0	trials	7.0	0.0	0.0	0.0	0.0	0.0	True	40.0	0.0	0.005	"[37398721.33787937 37399011.33680213 37399300.33572862 37461322.10534181
 37461587.10435744 37461877.10328021 37462167.10220297 37462456.10112945
 37462746.10005222 37463035.09897871 37463325.09790147 37463615.09682424
 37463904.09575072 37464194.09467348 37464484.09359625 37464773.09252273
 37465063.0914455  37465353.09036826 37465642.08929475 37465932.08821751]"	0.0	0.0	0.0
3243.5784986161784	2.0	trials	7.0	0.0	0.0	0.0	0.0	0.0	True	40.0	0.0	0.005	"[37466221.08714399 37466511.08606676 37466801.08498953 37549527.77769197
 37549789.77671874 37550079.77564151 37550368.77456798 37550658.77349075
 37550948.77241352 37551237.77134    37551527.77026277 37551817.76918554
 37552106.76811201 37552396.76703478 37552686.76595754 37552975.76488402
 37553265.7638068  37553554.76273327 37553844.76165604 37554134.76057881]"	0.0	0.0	0.0
3252.8055523413127	2.0	trials	7.0	0.0	0.0	0.0	0.0	0.0	True	40.0	0.0	0.005	"[37554423.75950529 37554713.75842806 37555003.75735082 37656310.38103602
 37656584.38001823 37656873.3789447  37657163.37786748 37657453.37679024
 37657742.37571672 37658032.37463949 37658322.37356225 37658611.37248874
 37658901.3714115  37659190.37033798 37659480.36926075 37659770.36818352
 37660059.36710999 37660349.36603276 37660639.36495553 37660928.36388201]"	0.0	0.0	0.0
3259.551984880977	2.0	trials	7.0	0.0	0.0	0.0	0.0	0.0	True	40.0	0.0	0.005	"[37661218.36280478 37661508.36172754 37661797.36065403 37734383.09102619
 37734668.08996754 37734958.08889031 37735248.08781307 37735537.08673956
 37735827.08566232 37736117.08458509 37736406.08351157 37736696.08243433
 37736985.08136081 37737275.08028358 37737565.07920635 37737854.07813282
 37738144.0770556  37738434.07597836 37738723.07490484 37739013.07382761]"	0.0	0.0	0.0
3268.099677929669	2.0	trials	7.0	0.0	0.0	0.0	0.0	0.0	True	40.0	0.0	0.005	"[37739303.07275038 37739592.07167686 37739882.07059962 37833335.72345556
 37833599.72247491 37833889.72139768 37834178.72032416 37834468.71924692
 37834758.7181697  37835047.71709617 37835337.71601894 37835627.71494171
 37835916.71386819 37836206.71279096 37836495.71171743 37836785.7106402
 37837075.70956297 37837364.70848945 37837654.70741221 37837944.70633499]"	0.0	0.0	0.0
3278.186149262406	2.0	trials	7.0	0.0	0.0	0.0	0.0	0.0	True	40.0	0.0	0.005	"[37838233.70526146 37838523.70418423 37838813.703107   37950061.28986537
 37950341.28882529 37950631.28774806 37950920.28667454 37951210.2855973
 37951500.28452007 37951789.28344655 37952079.28236932 37952368.2812958
 37952658.28021857 37952948.27914134 37953237.27806781 37953527.27699058
 37953817.27591335 37954106.27483983 37954396.27376259 37954686.27268536]"	0.0	0.0	0.0
3288.133344312499	2.0	trials	7.0	0.0	0.0	0.0	0.0	0.0	True	40.0	0.0	0.005	"[37954975.27161185 37955265.2705346  37955554.26946109 38065192.86219626
 38065470.8611636  38065759.86009008 38066049.85901285 38066339.85793561
 38066628.8568621  38066918.85578486 38067208.85470763 38067497.85363411
 38067787.85255688 38068076.85148336 38068366.85040613 38068656.84932889
 38068945.84825537 38069235.84717814 38069525.8461009  38069814.84502739]"	0.0	0.0	0.0
3297.27175196692	2.0	trials	7.0	0.0	0.0	0.0	0.0	0.0	True	40.0	0.0	0.005	"[38070104.84395015 38070394.84287292 38070683.8417994  38170979.46924006
 38171239.46827427 38171529.46719703 38171819.4661198  38172108.46504628
 38172398.46396904 38172688.46289182 38172977.46181829 38173267.46074106
 38173557.45966383 38173846.45859031 38174136.45751307 38174425.45643956
 38174715.45536232 38175005.45428509 38175294.45321157 38175584.45213433]"	0.0	0.0	0.0
3303.3253454802075	2.0	trials	7.0	0.0	0.0	0.0	0.0	0.0	True	40.0	0.0	0.005	"[38175874.45105711 38176163.44998358 38176453.44890635 38241020.20906589
 38241304.20801095 38241594.20693371 38241884.20585648 38242173.20478296
 38242463.20370572 38242752.2026322  38243042.20155498 38243332.20047773
 38243621.19940422 38243911.19832699 38244201.19724975 38244490.19617624
 38244780.195099   38245070.19402176 38245359.19294825 38245649.19187101]"	0.0	0.0	0.0
3312.6197909550083	2.0	trials	7.0	0.0	0.0	0.0	0.0	0.0	True	40.0	0.0	0.005	"[38245938.19079749 38246228.18972027 38246518.18864302 38348604.80943084
 38348878.80841304 38349167.80733953 38349457.80626229 38349747.80518506
 38350036.80411154 38350326.80303431 38350616.80195707 38350905.80088355
 38351195.79980632 38351485.79872908 38351774.79765557 38352064.79657833
 38352353.79550482 38352643.79442758 38352933.79335035 38353222.79227683]"	0.0	0.0	0.0
3321.3075378834556	2.0	trials	7.0	0.0	0.0	0.0	0.0	0.0	True	40.0	0.0	0.005	"[38353512.79119959 38353802.79012236 38354091.78904885 38449160.43590571
 38449431.43489905 38449721.43382182 38450011.43274458 38450300.43167107
 38450590.43059383 38450879.42952032 38451169.42844308 38451459.42736585
 38451748.42629232 38452038.4252151  38452328.42413786 38452617.42306434
 38452907.42198711 38453197.42090987 38453486.41983636 38453776.41875912]"	0.0	0.0	0.0
3330.9431756908616	2.0	trials	7.0	0.0	0.0	0.0	0.0	0.0	True	40.0	0.0	0.005	"[38454065.41768561 38454355.41660837 38454645.41553114 38560668.02169829
 38560955.02063221 38561245.01955497 38561535.01847774 38561824.01740422
 38562114.01632698 38562404.01524975 38562693.01417623 38562983.013099
 38563273.01202177 38563562.01094825 38563852.00987101 38564141.0087975
 38564431.00772026 38564721.00664303 38565010.00556951 38565300.00449228]"	0.0	0.0	0.0
3340.8382717344816	2.0	trials	7.0	0.0	0.0	0.0	0.0	0.0	True	40.0	0.0	0.005	"[38565590.00341505 38565879.00234152 38566169.00126429 38675221.59617621
 38675482.59520671 38675771.59413318 38676061.59305595 38676350.59198243
 38676640.5909052  38676930.58982796 38677219.58875445 38677509.58767722
 38677799.58659998 38678088.58552646 38678378.58444922 38678668.583372
 38678957.58229847 38679247.58122124 38679536.58014772 38679826.57907049]"	0.0	0.0	0.0
3346.2495700336435	2.0	trials	7.0	0.0	0.0	0.0	0.0	0.0	True	40.0	0.0	0.005	"[38680116.57799325 38680405.57691973 38680695.57584251 38737848.36354207
 38738112.36256142 38738402.36148418 38738691.36041067 38738981.35933343
 38739271.3582562  38739560.35718268 38739850.35610545 38740140.35502821
 38740429.3539547  38740719.35287746 38741009.35180023 38741298.35072671
 38741588.34964947 38741877.34857596 38742167.34749872 38742457.34642149]"	0.0	0.0	0.0
3352.2852788133655	2.0	trials	7.0	0.0	0.0	0.0	0.0	0.0	True	40.0	0.0	0.005	"[38742746.34534798 38743036.34427074 38743326.3431935  38807686.10412197
 38807970.10306703 38808260.10198978 38808549.10091627 38808839.09983903
 38809129.0987618  38809418.09768828 38809708.09661105 38809998.09553381
 38810287.09446029 38810577.09338306 38810867.09230583 38811156.09123231
 38811446.09015507 38811735.08908156 38812025.08800433 38812315.08692709]"	0.0	0.0	0.0
3360.901227608514	2.0	trials	7.0	0.0	0.0	0.0	0.0	0.0	True	40.0	0.0	0.005	"[38812604.08585357 38812894.08477633 38813184.08369911 38907424.73363166
 38907691.73263986 38907981.73156263 38908270.7304891  38908560.72941187
 38908850.72833464 38909139.72726112 38909429.72618388 38909719.72510666
 38910008.72403313 38910298.7229559  38910588.72187867 38910877.72080515
 38911167.71972792 38911456.71865439 38911746.71757716 38912036.71649993]"	0.0	0.0	0.0
3366.74003151966	2.0	trials	7.0	0.0	0.0	0.0	0.0	0.0	True	40.0	0.0	0.005	"[38912325.71542641 38912615.71434918 38912905.71327195 38975005.4825954
 38975270.48161103 38975559.48053751 38975849.47946028 38976139.47838304
 38976428.47730953 38976718.47623229 38977007.47515877 38977297.47408154
 38977587.4730043  38977876.47193079 38978166.47085355 38978456.46977632
 38978745.4687028  38979035.46762557 38979325.46654833 38979614.46547481]"	0.0	0.0	0.0
3376.7433863611427	2.0	trials	7.0	0.0	0.0	0.0	0.0	0.0	True	40.0	0.0	0.005	"[38979904.46439758 38980194.46332034 38980483.46224683 39090783.05252665
 39091050.05153485 39091340.05045762 39091629.04938409 39091919.04830687
 39092209.04722963 39092498.04615611 39092788.04507888 39093078.04400165
 39093367.04292812 39093657.04185089 39093947.04077365 39094236.03970014
 39094526.03862291 39094815.03754938 39095105.03647216 39095395.03539492]"	0.0	0.0	0.0
3383.7135940695703	2.0	trials	7.0	0.0	0.0	0.0	0.0	0.0	True	40.0	0.0	0.005	"[39095684.0343214  39095974.03324417 39096264.03216694 39171463.75282915
 39171724.75185964 39172013.75078613 39172303.74970888 39172592.74863537
 39172882.74755814 39173172.7464809  39173461.74540739 39173751.74433015
 39174041.74325292 39174330.7421794  39174620.74110216 39174910.74002493
 39175199.73895141 39175489.73787417 39175778.73680066 39176068.73572343]"	0.0	0.0	0.0
3389.1319771424137	2.0	trials	7.0	0.0	0.0	0.0	0.0	0.0	True	40.0	0.0	0.005	"[39176358.73464619 39176647.73357268 39176937.73249544 39234163.51992384
 39234436.51890976 39234726.51783253 39235015.51675901 39235305.51568177
 39235595.51460454 39235884.51353102 39236174.51245379 39236464.51137655
 39236753.51030304 39237043.5092258  39237333.50814857 39237622.50707505
 39237912.50599781 39238201.5049243  39238491.50384706 39238781.50276983]"	0.0	0.0	0.0
3398.0053105814804	2.0	trials	7.0	0.0	0.0	0.0	0.0	0.0	True	40.0	0.0	0.005	"[39239070.50169631 39239360.50061908 39239650.49954184 39336851.13847918
 39337137.13741682 39337427.13633958 39337717.13526234 39338006.13418883
 39338296.13311159 39338586.13203435 39338875.13096084 39339165.1298836
 39339455.12880637 39339744.12773285 39340034.12665562 39340323.12558211
 39340613.12450486 39340903.12342764 39341192.12235412 39341482.12127688]"	0.0	0.0	0.0
3404.3976772363594	2.0	trials	7.0	0.0	0.0	0.0	0.0	0.0	True	40.0	0.0	0.005	"[39341772.12019965 39342061.11912613 39342351.11804889 39410862.86355434
 39411123.86258483 39411412.86151132 39411702.86043409 39411992.85935685
 39412281.85828333 39412571.85720609 39412860.85613258 39413150.85505535
 39413440.8539781  39413729.85290459 39414019.85182736 39414309.85075013
 39414598.84967661 39414888.84859937 39415178.84752214 39415467.84644862]"	0.0	0.0	0.0
3452.8634908049776	2.0	trials	8.0	0.0	0.0	0.0	0.0	0.0	True	40.0	0.0	0.005	"[39415757.84537138 39416046.84429787 39416336.84322064 39484716.58921641
 39484985.58821718 39485275.58713995 39485565.58606272 39485854.5849892
 39486144.58391196 39971785.77994336 39972069.77888842 39972358.77781489
 39972648.77673766 39972938.77566043 39973227.77458691 39973517.77350967
 39973806.77243616 39974096.77135892 39974386.77028169 39974675.76920817]"	0.0	0.0	0.0
3461.6102487142216	2.0	trials	8.0	0.0	0.0	0.0	0.0	0.0	True	40.0	0.0	0.005	"[39974965.76813094 39975255.76705371 39975544.76598018 39975834.76490295
 39976124.76382571 39976413.7627522  39976703.76167496 39976993.76059773
 39977282.75952421 40073015.40391458 40073305.40283735 40073595.40176012
 40073884.40068659 40074174.39960936 40074464.39853213 40074753.39745861
 40075043.39638138 40075333.39530414 40075622.39423063 40075912.39315339]"	0.0	0.0	0.0
3470.881452675356	2.0	trials	8.0	0.0	0.0	0.0	0.0	0.0	True	40.0	0.0	0.005	"[40076202.39207616 40076491.39100264 40076781.38992541 40077070.38885188
 40077360.38777465 40077650.38669742 40077939.38562389 40078229.38454667
 40078519.38346943 40180324.00530476 40180611.00423868 40180901.00316145
 40181190.00208793 40181480.00101069 40181769.99993345 40182058.99885994
 40182348.99778271 40182638.99670547 40182927.99563196 40183217.99455472]"	0.0	0.0	0.0
3478.9157588310777	2.0	trials	8.0	0.0	0.0	0.0	0.0	0.0	True	40.0	0.0	0.005	"[40183507.99347749 40183796.99240397 40184086.99132673 40184375.99025322
 40184665.98917598 40184955.98809874 40185244.98702523 40185534.985948
 40185824.98487076 40273314.65988056 40273600.65881819 40273889.65774468
 40274179.65666744 40274469.65559021 40274758.65451669 40275048.65343945
 40275338.65236222 40275627.6512887  40275917.65021147 40276207.64913423]"	0.0	0.0	0.0
3488.0824191805496	2.0	trials	8.0	0.0	0.0	0.0	0.0	0.0	True	40.0	0.0	0.005	"[40276496.64806072 40276786.64698349 40277076.64590625 40277365.64483273
 40277655.6437555  40277944.64268198 40278234.64160474 40278524.64052751
 40278813.63945399 40379420.26573941 40379696.26471418 40379985.26364066
 40380275.26256344 40380565.2614862  40380854.26041268 40381144.25933545
 40381433.25826193 40381723.25718469 40382013.25610746 40382302.25503394]"	0.0	0.0	0.0
3496.9072823996626	2.0	trials	8.0	0.0	0.0	0.0	0.0	0.0	True	40.0	0.0	0.005	"[40382592.25395671 40382882.25287947 40383171.25180595 40383461.25072873
 40383751.24965148 40384040.24857797 40384330.24750074 40384619.24642722
 40384909.24534998 40481547.88637493 40481835.88530512 40482125.88422789
 40482415.88315066 40482704.88207714 40482994.8809999  40483284.87992267
 40483573.87884916 40483863.87777192 40484152.8766984  40484442.87562117]"	0.0	0.0	0.0
3504.291862968859	2.0	trials	8.0	0.0	0.0	0.0	0.0	0.0	True	40.0	0.0	0.005	"[40484732.87454394 40485021.87347041 40485311.87239318 40485601.87131595
 40485890.87024243 40486180.86916519 40486470.86808796 40486759.86701445
 40487049.86593721 40567022.56886965 40567305.56781842 40567594.56674489
 40567884.56566767 40568174.56459042 40568463.56351691 40568753.56243968
 40569043.56136244 40569332.56028893 40569622.55921169 40569911.55813817]"	0.0	0.0	0.0
3510.144750027692	2.0	trials	8.0	0.0	0.0	0.0	0.0	0.0	True	40.0	0.0	0.005	"[40570201.55706094 40570491.55598371 40570780.55491019 40571070.55383296
 40571360.55275572 40571649.5516822  40571939.55060497 40572229.54952773
 40572518.54845422 40634767.3172242  40635047.31618411 40635336.31511059
 40635626.31403335 40635916.31295612 40636205.31188261 40636495.31080537
 40636785.30972814 40637074.30865461 40637364.30757738 40637653.30650387]"	0.0	0.0	0.0
3520.02083814192	2.0	trials	8.0	0.0	0.0	0.0	0.0	0.0	True	40.0	0.0	0.005	"[40637943.30542663 40638233.30434939 40638522.30327588 40638812.30219864
 40639102.30112141 40639391.3000479  40639681.29897065 40639971.29789343
 40640260.2968199  40749084.89257876 40749353.89157953 40749643.8905023
 40749933.88942506 40750222.88835154 40750512.88727431 40750802.88619708
 40751091.88512356 40751381.88404633 40751670.88297281 40751960.88189557]"	0.0	0.0	0.0
3525.342107975501	2.0	trials	8.0	0.0	0.0	0.0	0.0	0.0	True	40.0	0.0	0.005	"[40752250.88081834 40752539.87974482 40752829.87866759 40753119.87759035
 40753408.87651683 40753698.87543961 40753988.87436236 40754277.87328885
 40754567.87221162 40810674.66379666 40810942.66280114 40811232.66172391
 40811522.66064668 40811811.65957315 40812101.65849593 40812391.65741869
 40812680.65634517 40812970.65526794 40813260.6541907  40813549.65311719]"	0.0	0.0	0.0
3534.678543694325	2.0	trials	8.0	0.0	0.0	0.0	0.0	0.0	True	40.0	0.0	0.005	"[40813839.65203995 40814128.65096644 40814418.6498892  40814708.64881197
 40814997.64773844 40815287.64666121 40815577.64558398 40815866.64451046
 40816156.64343323 40918741.26237117 40919003.26139795 40919293.26032072
 40919583.25924348 40919872.25816996 40920162.25709273 40920452.2560155
 40920741.25494198 40921031.25386474 40921321.25278751 40921610.251714  ]"	0.0	0.0	0.0
3542.215878896098	2.0	trials	8.0	0.0	0.0	0.0	0.0	0.0	True	40.0	0.0	0.005	"[40921900.25063676 40922190.24955952 40922479.248486   40922769.24740877
 40923058.24633525 40923348.24525802 40923638.24418079 40923927.24310727
 40924217.24203003 41005952.93841364 41006240.93734384 41006530.9362666
 41006819.93519308 41007109.93411585 41007399.93303861 41007688.93196509
 41007978.93088786 41008268.92981063 41008557.92873711 41008847.92765988]"	0.0	0.0	0.0
3548.653000584729	2.0	trials	8.0	0.0	0.0	0.0	0.0	0.0	True	40.0	0.0	0.005	"[41009137.92658264 41009426.92550912 41009716.92443189 41010005.92335837
 41010295.92228114 41010585.9212039  41010874.92013039 41011164.91905315
 41011454.91797592 41080472.66160178 41080744.66059141 41081034.65951418
 41081324.65843694 41081613.65736342 41081903.65628619 41082193.65520895
 41082482.65413544 41082772.6530582  41083062.65198097 41083351.65090746]"	0.0	0.0	0.0
3556.36227114783	2.0	trials	8.0	0.0	0.0	0.0	0.0	0.0	True	40.0	0.0	0.005	"[41083641.64983021 41083930.6487567  41084220.64767947 41084510.64660223
 41084799.64552871 41085089.64445148 41085379.64337424 41085668.64230072
 41085958.6412235  41169682.33022248 41169972.32914525 41170261.32807172
 41170551.32699449 41170841.32591726 41171130.32484373 41171420.3237665
 41171709.32269298 41171999.32161576 41172289.32053852 41172578.319465  ]"	0.0	0.0	0.0
3564.5227208349775	2.0	trials	8.0	0.0	0.0	0.0	0.0	0.0	True	40.0	0.0	0.005	"[41172868.31838777 41173158.31731053 41173447.31623701 41173737.31515978
 41174027.31408255 41174316.31300902 41174606.3119318  41174895.31085827
 41175185.30978104 41264142.97933782 41264421.97830144 41264711.97722421
 41265000.97615069 41265290.97507346 41265579.97399994 41265869.97292271
 41266159.97184547 41266448.97077195 41266738.96969472 41267028.96861748]"	0.0	0.0	0.0
3569.8502978451315	2.0	trials	8.0	0.0	0.0	0.0	0.0	0.0	True	40.0	0.0	0.005	"[41267317.96754397 41267607.96646673 41267897.9653895  41268186.96431598
 41268476.96323875 41268766.96216152 41269055.96108799 41269345.96001076
 41269634.95893724 41325796.75031798 41326083.74925189 41326373.74817466
 41326663.74709743 41326952.74602391 41327242.74494667 41327532.74386944
 41327821.74279592 41328111.74171869 41328401.74064145 41328690.73956794]"	0.0	0.0	0.0
3577.65702724621	2.0	trials	8.0	0.0	0.0	0.0	0.0	0.0	True	40.0	0.0	0.005	"[41328980.7384907  41329269.73741718 41329559.73633995 41329849.73526271
 41330138.7341892  41330428.73311196 41330718.73203473 41331007.73096121
 41331297.72988398 41416154.41467431 41416439.41361565 41416729.41253842
 41417019.41146119 41417308.41038767 41417598.40931044 41417888.4082332
 41418177.40715968 41418467.40608245 41418756.40500893 41419046.4039317 ]"	0.0	0.0	0.0
3585.44440311918	2.0	trials	8.0	0.0	0.0	0.0	0.0	0.0	True	40.0	0.0	0.005	"[41419336.40285446 41419625.40178095 41419915.40070371 41420205.39962648
 41420494.39855295 41420784.39747573 41421074.39639849 41421363.39532498
 41421653.39424775 41506308.07978843 41506571.07881149 41506861.07773426
 41507150.07666074 41507440.0755835  41507730.07450628 41508019.07343276
 41508309.07235552 41508598.071282   41508888.07020477 41509178.06912753]"	0.0	0.0	0.0
3594.1745722900446	2.0	trials	8.0	0.0	0.0	0.0	0.0	0.0	True	40.0	0.0	0.005	"[41509467.06805402 41509757.06697678 41510047.06589955 41510336.06482603
 41510626.06374879 41510916.06267156 41511205.06159805 41511495.06052081
 41511785.05944358 41607324.70455087 41607614.70347364 41607904.70239641
 41608193.70132288 41608483.70024565 41608773.69916841 41609062.6980949
 41609352.69701766 41609641.69594415 41609931.69486691 41610221.69378968]"	0.0	0.0	0.0
3599.71408771293	2.0	trials	8.0	0.0	0.0	0.0	0.0	0.0	True	40.0	0.0	0.005	"[41610510.69271616 41610800.69163892 41611090.6905617  41611379.68948817
 41611669.68841094 41611959.6873337  41612248.68626019 41612538.68518295
 41612828.68410572 41671468.46628168 41671729.46531218 41672019.46423493
 41672308.46316142 41672598.46208419 41672888.46100695 41673177.45993343
 41673467.4588562  41673757.45777896 41674046.45670545 41674336.45562822]"	0.0	0.0	0.0
3608.604441888771	2.0	trials	8.0	0.0	0.0	0.0	0.0	0.0	True	40.0	0.0	0.005	"[41674625.45455469 41674915.45347746 41675205.45240022 41675494.45132671
 41675784.45024948 41676074.44917224 41676363.44809872 41676653.44702149
 41676943.44594426 41774347.08412754 41774627.08308745 41774917.08201022
 41775206.08093669 41775496.07985946 41775786.07878223 41776075.07770871
 41776365.07663147 41776655.07555424 41776944.07448073 41777234.07340349]"	0.0	0.0	0.0
3613.890460653296	2.0	trials	8.0	0.0	0.0	0.0	0.0	0.0	True	40.0	0.0	0.005	"[41777523.07232997 41777813.07125274 41778103.07017551 41778392.06910198
 41778682.06802475 41778972.06694752 41779261.065874   41779551.06479676
 41779841.06371953 41835518.85689814 41835807.85582461 41836096.8547511
 41836386.85367387 41836676.85259663 41836965.85152311 41837255.85044588
 41837544.84937236 41837834.84829512 41838124.8472179  41838413.84614437]"	0.0	0.0	0.0
3619.114962846331	2.0	trials	8.0	0.0	0.0	0.0	0.0	0.0	True	40.0	0.0	0.005	"[41838703.84506714 41838993.84398991 41839282.84291639 41839572.84183916
 41839862.84076191 41840151.83968841 41840441.83861117 41840731.83753393
 41841020.83646041 41896014.6321798  41896276.63120657 41896566.63012934
 41896855.62905583 41897145.62797859 41897435.62690136 41897724.62582784
 41898014.6247506  41898304.62367337 41898593.62259986 41898883.62152262]"	0.0	0.0	0.0
3627.606236904597	2.0	trials	8.0	0.0	0.0	0.0	0.0	0.0	True	40.0	0.0	0.005	"[41899173.62044539 41899462.61937187 41899752.61829463 41900041.61722112
 41900331.61614387 41900621.61506665 41900910.61399313 41901200.6129159
 41901490.61183867 41994285.26714253 41994555.26613958 41994845.26506235
 41995135.26398512 41995424.2629116  41995714.26183437 41996003.26076084
 41996293.25968361 41996583.25860637 41996872.25753286 41997162.25645562]"	0.0	0.0	0.0
3637.380546196893	2.0	trials	8.0	0.0	0.0	0.0	0.0	0.0	True	40.0	0.0	0.005	"[41997452.25537839 41997741.25430487 41998031.25322764 41998321.25215041
 41998610.25107688 41998900.24999966 41999190.24892242 41999479.2478489
 41999769.24677167 42107421.84688403 42107683.84591081 42107972.84483729
 42108262.84376005 42108552.84268282 42108841.8416093  42109131.84053206
 42109421.83945483 42109710.83838131 42110000.83730408 42110289.83623056]"	0.0	0.0	0.0
3645.2998543797876	2.0	trials	8.0	0.0	0.0	0.0	0.0	0.0	True	40.0	0.0	0.005	"[42110579.83515333 42110869.8340761  42111158.83300257 42111448.83192534
 42111738.83084811 42112027.8297746  42112317.82869735 42112607.82762012
 42112896.82654661 42199067.50645596 42199342.50543445 42199632.50435721
 42199922.50327998 42200211.50220646 42200501.50112923 42200791.500052
 42201080.49897848 42201370.49790125 42201659.49682772 42201949.49575049]"	0.0	0.0	0.0
3652.110309081633	2.0	trials	8.0	0.0	0.0	0.0	0.0	0.0	True	40.0	0.0	0.005	"[42202239.49467326 42202528.49359974 42202818.49252251 42203108.49144527
 42203397.49037175 42203687.48929452 42203977.48821729 42204266.48714377
 42204556.48606654 42277889.21366391 42278167.21263125 42278457.21155401
 42278746.2104805  42279036.20940326 42279326.20832603 42279615.20725251
 42279905.20617528 42280195.20509804 42280484.20402452 42280774.20294729]"	0.0	0.0	0.0
3658.7464956308186	2.0	trials	8.0	0.0	0.0	0.0	0.0	0.0	True	40.0	0.0	0.005	"[42281064.20187005 42281353.20079654 42281643.1997193  42281933.19864207
 42282222.19756855 42282512.19649132 42282801.1954178  42283091.19434056
 42283381.19326333 42354707.92831218 42354974.92732039 42355264.92624316
 42355553.92516964 42355843.9240924  42356133.92301517 42356422.92194165
 42356712.92086442 42357002.91978718 42357291.91871367 42357581.91763643]"	0.0	0.0	0.0
3664.140686793525	2.0	trials	8.0	0.0	0.0	0.0	0.0	0.0	True	40.0	0.0	0.005	"[42357871.9165592  42358160.91548568 42358450.91440845 42358739.91333493
 42359029.91225769 42359319.91118046 42359608.91010694 42359898.90902971
 42360188.90795247 42417124.69645812 42417408.69540317 42417697.69432964
 42417987.69325241 42418276.6921789  42418566.69110166 42418856.69002443
 42419145.6889509  42419435.68787368 42419725.68679644 42420014.68572292]"	0.0	0.0	0.0
3672.408272082707	2.0	trials	8.0	0.0	0.0	0.0	0.0	0.0	True	40.0	0.0	0.005	"[42420304.68464569 42420594.68356846 42420883.68249493 42421173.6814177
 42421463.68034047 42421752.67926695 42422042.67818972 42422331.6771162
 42422621.67603897 42512808.3410305  42513097.33995698 42513387.33887975
 42513677.33780251 42513966.33672899 42514256.33565176 42514546.33457453
 42514835.333501   42515125.33242378 42515415.33134654 42515704.33027302]"	0.0	0.0	0.0
3682.3639343013483	2.0	trials	8.0	0.0	0.0	0.0	0.0	0.0	True	40.0	0.0	0.005	"[42515994.32919579 42516283.32812227 42516573.32704504 42516863.3259678
 42517152.32489428 42517442.32381705 42517732.32273982 42518021.3216663
 42518311.32058907 42628062.91290449 42628324.91193126 42628614.91085403
 42628904.9097768  42629193.90870328 42629483.90762604 42629773.90654881
 42630062.90547529 42630352.90439805 42630641.90332454 42630931.9022473 ]"	0.0	0.0	0.0
3688.0203484900007	2.0	trials	8.0	0.0	0.0	0.0	0.0	0.0	True	40.0	0.0	0.005	"[42631221.90117007 42631510.90009655 42631800.89901932 42632090.89794209
 42632379.89686856 42632669.89579133 42632959.8947141  42633248.89364058
 42633538.89256334 42693522.66974688 42693792.66874395 42694082.66766671
 42694371.66659319 42694661.66551596 42694951.66443872 42695240.66336521
 42695530.66228797 42695819.66121446 42696109.66013722 42696399.65905999]"	0.0	0.0	0.0
3694.6501414629342	2.0	trials	8.0	0.0	0.0	0.0	0.0	0.0	True	40.0	0.0	0.005	"[42696688.65798647 42696978.65690923 42697268.655832   42697557.65475849
 42697847.65368125 42698137.65260401 42698426.6515305  42698716.65045326
 42699005.64937975 42770239.38477406 42770526.38370797 42770816.38263074
 42771105.38155721 42771395.38047998 42771685.37940275 42771974.37832923
 42772264.37725201 42772554.37617476 42772843.37510125 42773133.37402401]"	0.0	0.0	0.0
3702.9471890426757	2.0	trials	8.0	0.0	0.0	0.0	0.0	0.0	True	40.0	0.0	0.005	"[42773422.37295049 42773712.37187326 42774002.37079602 42774291.36972251
 42774581.36864528 42774871.36756804 42775160.36649452 42775450.36541729
 42775740.36434005 42866271.02805377 42866557.02699139 42866847.02591416
 42867137.02483692 42867426.02376341 42867716.02268617 42868006.02160894
 42868295.02053542 42868585.01945818 42868874.01838467 42869164.01730744]"	0.0	0.0	0.0
3710.856129264082	2.0	trials	8.0	0.0	0.0	0.0	0.0	0.0	True	40.0	0.0	0.005	"[42869454.0162302  42869743.01515668 42870033.01407945 42870323.01300221
 42870612.0119287  42870902.01085146 42871192.00977423 42871481.00870071
 42871771.00762347 42957806.6880343  42958095.68696079 42958384.68588727
 42958674.68481003 42958964.6837328  42959253.68265928 42959543.68158205
 42959833.68050481 42960122.6794313  42960412.67835406 42960701.67728055]"	0.0	0.0	0.0
3718.7221288449955	2.0	trials	8.0	0.0	0.0	0.0	0.0	0.0	True	40.0	0.0	0.005	"[42960991.67620331 42961281.67512608 42961570.67405256 42961860.67297532
 42962150.67189809 42962439.67082458 42962729.66974734 42963019.6686701
 42963308.66759659 43048858.34981272 43049137.34877634 43049426.34770282
 43049716.34662559 43050006.34554835 43050295.34447483 43050585.3433976
 43050874.34232409 43051164.34124684 43051454.34016962 43051743.3390961 ]"	0.0	0.0	0.0
3725.1060283313273	2.0	trials	8.0	0.0	0.0	0.0	0.0	0.0	True	40.0	0.0	0.005	"[43052033.33801886 43052323.33694163 43052612.33586811 43052902.33479088
 43053192.33371364 43053481.33264012 43053771.33156289 43054061.33048566
 43054350.32941213 43122759.07530019 43123025.07431211 43123314.07323859
 43123604.07216136 43123894.07108412 43124183.0700106  43124473.06893338
 43124762.06785985 43125052.06678262 43125342.06570539 43125631.06463186]"	0.0	0.0	0.0
3732.463133802582	2.0	trials	8.0	0.0	0.0	0.0	0.0	0.0	True	40.0	0.0	0.005	"[43125921.06355463 43126211.0624774  43126500.06140388 43126790.06032664
 43127080.05924941 43127369.0581759  43127659.05709866 43127948.05602514
 43128238.05494791 43207907.75900587 43208177.75800293 43208466.75692941
 43208756.75585218 43209045.75477866 43209335.75370142 43209625.75262419
 43209914.75155067 43210204.75047344 43210494.7493962  43210783.74832269]"	0.0	0.0	0.0
3738.8281117592	2.0	trials	8.0	0.0	0.0	0.0	0.0	0.0	True	40.0	0.0	0.005	"[43211073.74724545 43211363.74616822 43211652.74509469 43211942.74401747
 43212231.74294395 43212521.74186672 43212811.74078949 43213100.73971596
 43213390.73863873 43281569.48538114 43281845.48435591 43282135.48327868
 43282424.48220516 43282714.48112793 43283004.48005069 43283293.47897717
 43283583.47789994 43283872.47682641 43284162.47574919 43284452.47467195]"	0.0	0.0	0.0
3748.830170605496	2.0	trials	8.0	0.0	0.0	0.0	0.0	0.0	True	40.0	0.0	0.005	"[43284741.47359844 43285031.4725212  43285321.47144397 43285610.47037045
 43285900.46929321 43286190.46821598 43286479.46714246 43286769.46606523
 43287058.46499171 43397343.05532724 43397610.05433545 43397899.05326194
 43398189.05218469 43398479.05110747 43398768.05003395 43399058.04895671
 43399348.04787948 43399637.04680596 43399927.04572873 43400216.04465521]"	0.0	0.0	0.0
3758.5561824771985	2.0	trials	8.0	0.0	0.0	0.0	0.0	0.0	True	40.0	0.0	0.005	"[43400506.04357798 43400796.04250074 43401085.04142722 43401375.04034999
 43401665.03927276 43401954.03819924 43402244.037122   43402534.03604478
 43402823.03497125 43509919.63714892 43510180.63617942 43510469.6351059
 43510759.63402867 43511048.63295514 43511338.63187791 43511628.63080068
 43511917.62972716 43512207.62864993 43512497.6275727  43512786.62649918]"	0.0	0.0	0.0
3767.399880826347	2.0	trials	8.0	0.0	0.0	0.0	0.0	0.0	True	40.0	0.0	0.005	"[43513076.62542194 43513366.62434471 43513655.62327119 43513945.62219395
 43514235.62111673 43514524.6200432  43514814.61896597 43515103.61789245
 43515393.61681522 43612276.2569338  43612537.25596429 43612827.25488706
 43613117.25380982 43613406.25273631 43613696.25165907 43613985.25058556
 43614275.24950832 43614565.24843109 43614854.24735757 43615144.24628033]"	0.0	0.0	0.0
3774.4504402362995	2.0	trials	8.0	0.0	0.0	0.0	0.0	0.0	True	40.0	0.0	0.005	"[43615434.2452031  43615723.24412958 43616013.24305235 43616303.24197512
 43616592.2409016  43616882.23982436 43617171.23875085 43617461.23767361
 43617751.23659638 43693864.95386345 43694140.95283823 43694430.95176098
 43694719.95068747 43695009.94961024 43695299.94853301 43695588.94745948
 43695878.94638225 43696168.94530502 43696457.9442315  43696747.94315426]"	0.0	0.0	0.0
3781.897314974097	2.0	trials	8.0	0.0	0.0	0.0	0.0	0.0	True	40.0	0.0	0.005	"[43697036.94208074 43697326.94100352 43697616.93992627 43697905.93885276
 43698195.93777553 43698485.93669829 43698774.93562478 43699064.93454754
 43699354.93347031 43780071.63363908 43780331.63267329 43780621.63159606
 43780910.63052253 43781200.62944531 43781490.62836807 43781779.62729455
 43782069.62621732 43782359.62514008 43782648.62406657 43782938.62298933]"	0.0	0.0	0.0
3788.544474282522	2.0	trials	8.0	0.0	0.0	0.0	0.0	0.0	True	40.0	0.0	0.005	"[43783228.6219121  43783517.62083858 43783807.61976135 43784096.61868782
 43784386.6176106  43784676.61653336 43784965.61545984 43785255.61438261
 43785545.61330537 43857005.34786019 43857266.34689067 43857556.34581345
 43857845.34473993 43858135.34366269 43858425.34258546 43858714.34151193
 43859004.34043471 43859294.33935747 43859583.33828395 43859873.33720672]"	0.0	0.0	0.0
3798.0807524590095	2.0	trials	8.0	0.0	0.0	0.0	0.0	0.0	True	40.0	0.0	0.005	"[43860163.33612949 43860452.33505596 43860742.33397873 43861031.33290522
 43861321.33182798 43861611.33075075 43861900.32967722 43862190.3286
 43862480.32752276 43967372.93788742 43967639.93689562 43967928.9358221
 43968218.93474486 43968508.93366764 43968797.93259411 43969087.93151688
 43969377.93043964 43969666.92936613 43969956.92828889 43970245.92721538]"	0.0	0.0	0.0
3805.4347475418185	2.0	trials	8.0	0.0	0.0	0.0	0.0	0.0	True	40.0	0.0	0.005	"[43970535.92613814 43970825.92506091 43971114.92398739 43971404.92291015
 43971694.92183293 43971983.92075941 43972273.91968217 43972563.91860494
 43972852.91753142 44052478.62175282 44052755.62072388 44053045.61964665
 44053334.61857313 44053624.61749589 44053914.61641866 44054203.61534514
 44054493.61426791 44054782.61319439 44055072.61211716 44055362.61103992]"	0.0	0.0	0.0
3814.1587823354703	2.0	trials	8.0	0.0	0.0	0.0	0.0	0.0	True	40.0	0.0	0.005	"[44055651.6099664  44055941.60888917 44056231.60781194 44056520.60673842
 44056810.60566118 44057100.60458395 44057389.60351043 44057679.6024332
 44057969.60135596 44153445.24670099 44153728.24564976 44154017.24457624
 44154307.243499   44154597.24242178 44154886.24134825 44155176.24027102
 44155466.23919379 44155755.23812027 44156045.23704303 44156335.2359658 ]"	0.0	0.0	0.0
3820.4701924910705	2.0	trials	8.0	0.0	0.0	0.0	0.0	0.0	True	40.0	0.0	0.005	"[44156624.23489228 44156914.23381504 44157203.23274153 44157493.23166429
 44157783.23058707 44158072.22951354 44158362.22843631 44158652.22735908
 44158941.22628555 44226487.97537559 44226776.97430208 44227066.97322484
 44227356.97214761 44227645.97107409 44227935.96999685 44228225.96891962
 44228514.9678461  44228804.96676887 44229093.96569534 44229383.96461812]"	0.0	0.0	0.0
3826.164104140434	2.0	trials	8.0	0.0	0.0	0.0	0.0	0.0	True	40.0	0.0	0.005	"[44229673.96354088 44229962.96246736 44230252.96139013 44230542.9603129
 44230831.95923938 44231121.95816214 44231411.95708491 44231700.95601139
 44231990.95493416 44292388.73057986 44292678.72950263 44292968.72842539
 44293257.72735187 44293547.72627464 44293836.72520112 44294126.72412389
 44294416.72304665 44294705.72197313 44294995.7208959  44295285.71981867]"	0.0	0.0	0.0
