onset	duration	nwb_table	Block	sound	sound_puretone	sound_bluenoise	sound_freq	sound_amp	optogenetics	opto_freq	opto_power	opto_pulse_duration	opto_pulse_ts	airpuff	airpuff_duration	airpuff_amp
318.8894867172708	2.0	trials	1.0	1.0	1.0	0.0	10000.0	1.0	False	0.0	0.0	0.0	[NaN, NaN, NaN, NaN, NaN, NaN, NaN, NaN, NaN, NaN, NaN, NaN, NaN, NaN, NaN, NaN, NaN, NaN, NaN, NaN]	0.0	0.0	0.0
326.6025627076712	2.0	trials	1.0	1.0	1.0	0.0	10000.0	1.0	False	0.0	0.0	0.0	[NaN, NaN, NaN, NaN, NaN, NaN, NaN, NaN, NaN, NaN, NaN, NaN, NaN, NaN, NaN, NaN, NaN, NaN, NaN, NaN]	0.0	0.0	0.0
337.1834182736762	2.0	trials	1.0	1.0	1.0	0.0	10000.0	1.0	False	0.0	0.0	0.0	[NaN, NaN, NaN, NaN, NaN, NaN, NaN, NaN, NaN, NaN, NaN, NaN, NaN, NaN, NaN, NaN, NaN, NaN, NaN, NaN]	0.0	0.0	0.0
342.72958923406446	2.0	trials	1.0	1.0	1.0	0.0	10000.0	1.0	False	0.0	0.0	0.0	[NaN, NaN, NaN, NaN, NaN, NaN, NaN, NaN, NaN, NaN, NaN, NaN, NaN, NaN, NaN, NaN, NaN, NaN, NaN, NaN]	0.0	0.0	0.0
352.9576747347768	2.0	trials	1.0	1.0	1.0	0.0	10000.0	1.0	False	0.0	0.0	0.0	[NaN, NaN, NaN, NaN, NaN, NaN, NaN, NaN, NaN, NaN, NaN, NaN, NaN, NaN, NaN, NaN, NaN, NaN, NaN, NaN]	0.0	0.0	0.0
359.479384957281	2.0	trials	1.0	1.0	1.0	0.0	10000.0	1.0	False	0.0	0.0	0.0	[NaN, NaN, NaN, NaN, NaN, NaN, NaN, NaN, NaN, NaN, NaN, NaN, NaN, NaN, NaN, NaN, NaN, NaN, NaN, NaN]	0.0	0.0	0.0
369.99613192949533	2.0	trials	1.0	1.0	1.0	0.0	10000.0	1.0	False	0.0	0.0	0.0	[NaN, NaN, NaN, NaN, NaN, NaN, NaN, NaN, NaN, NaN, NaN, NaN, NaN, NaN, NaN, NaN, NaN, NaN, NaN, NaN]	0.0	0.0	0.0
380.3620249869409	2.0	trials	1.0	1.0	1.0	0.0	10000.0	1.0	False	0.0	0.0	0.0	[NaN, NaN, NaN, NaN, NaN, NaN, NaN, NaN, NaN, NaN, NaN, NaN, NaN, NaN, NaN, NaN, NaN, NaN, NaN, NaN]	0.0	0.0	0.0
388.89969992496634	2.0	trials	1.0	1.0	1.0	0.0	10000.0	1.0	False	0.0	0.0	0.0	[NaN, NaN, NaN, NaN, NaN, NaN, NaN, NaN, NaN, NaN, NaN, NaN, NaN, NaN, NaN, NaN, NaN, NaN, NaN, NaN]	0.0	0.0	0.0
399.14454697176404	2.0	trials	1.0	1.0	1.0	0.0	10000.0	1.0	False	0.0	0.0	0.0	[NaN, NaN, NaN, NaN, NaN, NaN, NaN, NaN, NaN, NaN, NaN, NaN, NaN, NaN, NaN, NaN, NaN, NaN, NaN, NaN]	0.0	0.0	0.0
408.16217236599834	2.0	trials	1.0	1.0	1.0	0.0	10000.0	1.0	False	0.0	0.0	0.0	[NaN, NaN, NaN, NaN, NaN, NaN, NaN, NaN, NaN, NaN, NaN, NaN, NaN, NaN, NaN, NaN, NaN, NaN, NaN, NaN]	0.0	0.0	0.0
416.3130357482277	2.0	trials	1.0	1.0	1.0	0.0	10000.0	1.0	False	0.0	0.0	0.0	[NaN, NaN, NaN, NaN, NaN, NaN, NaN, NaN, NaN, NaN, NaN, NaN, NaN, NaN, NaN, NaN, NaN, NaN, NaN, NaN]	0.0	0.0	0.0
423.47712790446957	2.0	trials	1.0	1.0	1.0	0.0	10000.0	1.0	False	0.0	0.0	0.0	[NaN, NaN, NaN, NaN, NaN, NaN, NaN, NaN, NaN, NaN, NaN, NaN, NaN, NaN, NaN, NaN, NaN, NaN, NaN, NaN]	0.0	0.0	0.0
431.5101420657685	2.0	trials	1.0	1.0	1.0	0.0	10000.0	1.0	False	0.0	0.0	0.0	[NaN, NaN, NaN, NaN, NaN, NaN, NaN, NaN, NaN, NaN, NaN, NaN, NaN, NaN, NaN, NaN, NaN, NaN, NaN, NaN]	0.0	0.0	0.0
439.8365696832844	2.0	trials	1.0	1.0	1.0	0.0	10000.0	1.0	False	0.0	0.0	0.0	[NaN, NaN, NaN, NaN, NaN, NaN, NaN, NaN, NaN, NaN, NaN, NaN, NaN, NaN, NaN, NaN, NaN, NaN, NaN, NaN]	0.0	0.0	0.0
448.1403605736128	2.0	trials	1.0	1.0	1.0	0.0	10000.0	1.0	False	0.0	0.0	0.0	[NaN, NaN, NaN, NaN, NaN, NaN, NaN, NaN, NaN, NaN, NaN, NaN, NaN, NaN, NaN, NaN, NaN, NaN, NaN, NaN]	0.0	0.0	0.0
456.1023541633539	2.0	trials	1.0	1.0	1.0	0.0	10000.0	1.0	False	0.0	0.0	0.0	[NaN, NaN, NaN, NaN, NaN, NaN, NaN, NaN, NaN, NaN, NaN, NaN, NaN, NaN, NaN, NaN, NaN, NaN, NaN, NaN]	0.0	0.0	0.0
461.97701686712753	2.0	trials	1.0	1.0	1.0	0.0	10000.0	1.0	False	0.0	0.0	0.0	[NaN, NaN, NaN, NaN, NaN, NaN, NaN, NaN, NaN, NaN, NaN, NaN, NaN, NaN, NaN, NaN, NaN, NaN, NaN, NaN]	0.0	0.0	0.0
469.3865706338265	2.0	trials	1.0	1.0	1.0	0.0	10000.0	1.0	False	0.0	0.0	0.0	[NaN, NaN, NaN, NaN, NaN, NaN, NaN, NaN, NaN, NaN, NaN, NaN, NaN, NaN, NaN, NaN, NaN, NaN, NaN, NaN]	0.0	0.0	0.0
480.33073703121903	2.0	trials	1.0	1.0	1.0	0.0	10000.0	1.0	False	0.0	0.0	0.0	[NaN, NaN, NaN, NaN, NaN, NaN, NaN, NaN, NaN, NaN, NaN, NaN, NaN, NaN, NaN, NaN, NaN, NaN, NaN, NaN]	0.0	0.0	0.0
486.8545208470534	2.0	trials	1.0	1.0	1.0	0.0	10000.0	1.0	False	0.0	0.0	0.0	[NaN, NaN, NaN, NaN, NaN, NaN, NaN, NaN, NaN, NaN, NaN, NaN, NaN, NaN, NaN, NaN, NaN, NaN, NaN, NaN]	0.0	0.0	0.0
495.6964956062791	2.0	trials	1.0	1.0	1.0	0.0	10000.0	1.0	False	0.0	0.0	0.0	[NaN, NaN, NaN, NaN, NaN, NaN, NaN, NaN, NaN, NaN, NaN, NaN, NaN, NaN, NaN, NaN, NaN, NaN, NaN, NaN]	0.0	0.0	0.0
506.4182691190125	2.0	trials	1.0	1.0	1.0	0.0	10000.0	1.0	False	0.0	0.0	0.0	[NaN, NaN, NaN, NaN, NaN, NaN, NaN, NaN, NaN, NaN, NaN, NaN, NaN, NaN, NaN, NaN, NaN, NaN, NaN, NaN]	0.0	0.0	0.0
513.0152334994569	2.0	trials	1.0	1.0	1.0	0.0	10000.0	1.0	False	0.0	0.0	0.0	[NaN, NaN, NaN, NaN, NaN, NaN, NaN, NaN, NaN, NaN, NaN, NaN, NaN, NaN, NaN, NaN, NaN, NaN, NaN, NaN]	0.0	0.0	0.0
521.9105168872121	2.0	trials	1.0	1.0	1.0	0.0	10000.0	1.0	False	0.0	0.0	0.0	[NaN, NaN, NaN, NaN, NaN, NaN, NaN, NaN, NaN, NaN, NaN, NaN, NaN, NaN, NaN, NaN, NaN, NaN, NaN, NaN]	0.0	0.0	0.0
527.5993337887705	2.0	trials	1.0	1.0	1.0	0.0	10000.0	1.0	False	0.0	0.0	0.0	[NaN, NaN, NaN, NaN, NaN, NaN, NaN, NaN, NaN, NaN, NaN, NaN, NaN, NaN, NaN, NaN, NaN, NaN, NaN, NaN]	0.0	0.0	0.0
537.0545737753898	2.0	trials	1.0	1.0	1.0	0.0	10000.0	1.0	False	0.0	0.0	0.0	[NaN, NaN, NaN, NaN, NaN, NaN, NaN, NaN, NaN, NaN, NaN, NaN, NaN, NaN, NaN, NaN, NaN, NaN, NaN, NaN]	0.0	0.0	0.0
545.1845284248734	2.0	trials	1.0	1.0	1.0	0.0	10000.0	1.0	False	0.0	0.0	0.0	[NaN, NaN, NaN, NaN, NaN, NaN, NaN, NaN, NaN, NaN, NaN, NaN, NaN, NaN, NaN, NaN, NaN, NaN, NaN, NaN]	0.0	0.0	0.0
552.1983714644011	2.0	trials	1.0	1.0	1.0	0.0	10000.0	1.0	False	0.0	0.0	0.0	[NaN, NaN, NaN, NaN, NaN, NaN, NaN, NaN, NaN, NaN, NaN, NaN, NaN, NaN, NaN, NaN, NaN, NaN, NaN, NaN]	0.0	0.0	0.0
559.2029697336651	2.0	trials	1.0	1.0	1.0	0.0	10000.0	1.0	False	0.0	0.0	0.0	[NaN, NaN, NaN, NaN, NaN, NaN, NaN, NaN, NaN, NaN, NaN, NaN, NaN, NaN, NaN, NaN, NaN, NaN, NaN, NaN]	0.0	0.0	0.0
566.0288069779255	2.0	trials	1.0	1.0	1.0	0.0	10000.0	1.0	False	0.0	0.0	0.0	[NaN, NaN, NaN, NaN, NaN, NaN, NaN, NaN, NaN, NaN, NaN, NaN, NaN, NaN, NaN, NaN, NaN, NaN, NaN, NaN]	0.0	0.0	0.0
576.0966209941612	2.0	trials	1.0	1.0	1.0	0.0	10000.0	1.0	False	0.0	0.0	0.0	[NaN, NaN, NaN, NaN, NaN, NaN, NaN, NaN, NaN, NaN, NaN, NaN, NaN, NaN, NaN, NaN, NaN, NaN, NaN, NaN]	0.0	0.0	0.0
582.7830954866906	2.0	trials	1.0	1.0	1.0	0.0	10000.0	1.0	False	0.0	0.0	0.0	[NaN, NaN, NaN, NaN, NaN, NaN, NaN, NaN, NaN, NaN, NaN, NaN, NaN, NaN, NaN, NaN, NaN, NaN, NaN, NaN]	0.0	0.0	0.0
592.2605402018867	2.0	trials	1.0	1.0	1.0	0.0	10000.0	1.0	False	0.0	0.0	0.0	[NaN, NaN, NaN, NaN, NaN, NaN, NaN, NaN, NaN, NaN, NaN, NaN, NaN, NaN, NaN, NaN, NaN, NaN, NaN, NaN]	0.0	0.0	0.0
600.498840102871	2.0	trials	1.0	1.0	1.0	0.0	10000.0	1.0	False	0.0	0.0	0.0	[NaN, NaN, NaN, NaN, NaN, NaN, NaN, NaN, NaN, NaN, NaN, NaN, NaN, NaN, NaN, NaN, NaN, NaN, NaN, NaN]	0.0	0.0	0.0
606.0730045732165	2.0	trials	1.0	1.0	1.0	0.0	10000.0	1.0	False	0.0	0.0	0.0	[NaN, NaN, NaN, NaN, NaN, NaN, NaN, NaN, NaN, NaN, NaN, NaN, NaN, NaN, NaN, NaN, NaN, NaN, NaN, NaN]	0.0	0.0	0.0
611.8017381463804	2.0	trials	1.0	1.0	1.0	0.0	10000.0	1.0	False	0.0	0.0	0.0	[NaN, NaN, NaN, NaN, NaN, NaN, NaN, NaN, NaN, NaN, NaN, NaN, NaN, NaN, NaN, NaN, NaN, NaN, NaN, NaN]	0.0	0.0	0.0
617.8207747857662	2.0	trials	1.0	1.0	1.0	0.0	10000.0	1.0	False	0.0	0.0	0.0	[NaN, NaN, NaN, NaN, NaN, NaN, NaN, NaN, NaN, NaN, NaN, NaN, NaN, NaN, NaN, NaN, NaN, NaN, NaN, NaN]	0.0	0.0	0.0
624.276648420038	2.0	trials	1.0	1.0	1.0	0.0	10000.0	1.0	False	0.0	0.0	0.0	[NaN, NaN, NaN, NaN, NaN, NaN, NaN, NaN, NaN, NaN, NaN, NaN, NaN, NaN, NaN, NaN, NaN, NaN, NaN, NaN]	0.0	0.0	0.0
634.2972881880128	2.0	trials	1.0	1.0	1.0	0.0	10000.0	1.0	False	0.0	0.0	0.0	[NaN, NaN, NaN, NaN, NaN, NaN, NaN, NaN, NaN, NaN, NaN, NaN, NaN, NaN, NaN, NaN, NaN, NaN, NaN, NaN]	0.0	0.0	0.0
642.137371769885	2.0	trials	1.0	1.0	1.0	0.0	10000.0	1.0	False	0.0	0.0	0.0	[NaN, NaN, NaN, NaN, NaN, NaN, NaN, NaN, NaN, NaN, NaN, NaN, NaN, NaN, NaN, NaN, NaN, NaN, NaN, NaN]	0.0	0.0	0.0
649.629610070624	2.0	trials	1.0	1.0	1.0	0.0	10000.0	1.0	False	0.0	0.0	0.0	[NaN, NaN, NaN, NaN, NaN, NaN, NaN, NaN, NaN, NaN, NaN, NaN, NaN, NaN, NaN, NaN, NaN, NaN, NaN, NaN]	0.0	0.0	0.0
660.6847137111798	2.0	trials	1.0	1.0	1.0	0.0	10000.0	1.0	False	0.0	0.0	0.0	[NaN, NaN, NaN, NaN, NaN, NaN, NaN, NaN, NaN, NaN, NaN, NaN, NaN, NaN, NaN, NaN, NaN, NaN, NaN, NaN]	0.0	0.0	0.0
669.9310391697858	2.0	trials	1.0	1.0	1.0	0.0	10000.0	1.0	False	0.0	0.0	0.0	[NaN, NaN, NaN, NaN, NaN, NaN, NaN, NaN, NaN, NaN, NaN, NaN, NaN, NaN, NaN, NaN, NaN, NaN, NaN, NaN]	0.0	0.0	0.0
676.0387219240357	2.0	trials	1.0	1.0	1.0	0.0	10000.0	1.0	False	0.0	0.0	0.0	[NaN, NaN, NaN, NaN, NaN, NaN, NaN, NaN, NaN, NaN, NaN, NaN, NaN, NaN, NaN, NaN, NaN, NaN, NaN, NaN]	0.0	0.0	0.0
684.4208773622995	2.0	trials	1.0	1.0	1.0	0.0	10000.0	1.0	False	0.0	0.0	0.0	[NaN, NaN, NaN, NaN, NaN, NaN, NaN, NaN, NaN, NaN, NaN, NaN, NaN, NaN, NaN, NaN, NaN, NaN, NaN, NaN]	0.0	0.0	0.0
690.3310503518521	2.0	trials	1.0	1.0	1.0	0.0	10000.0	1.0	False	0.0	0.0	0.0	[NaN, NaN, NaN, NaN, NaN, NaN, NaN, NaN, NaN, NaN, NaN, NaN, NaN, NaN, NaN, NaN, NaN, NaN, NaN, NaN]	0.0	0.0	0.0
699.588866973496	2.0	trials	1.0	1.0	1.0	0.0	10000.0	1.0	False	0.0	0.0	0.0	[NaN, NaN, NaN, NaN, NaN, NaN, NaN, NaN, NaN, NaN, NaN, NaN, NaN, NaN, NaN, NaN, NaN, NaN, NaN, NaN]	0.0	0.0	0.0
709.7949205450755	2.0	trials	1.0	1.0	1.0	0.0	10000.0	1.0	False	0.0	0.0	0.0	[NaN, NaN, NaN, NaN, NaN, NaN, NaN, NaN, NaN, NaN, NaN, NaN, NaN, NaN, NaN, NaN, NaN, NaN, NaN, NaN]	0.0	0.0	0.0
719.2931011935732	2.0	trials	1.0	1.0	1.0	0.0	10000.0	1.0	False	0.0	0.0	0.0	[NaN, NaN, NaN, NaN, NaN, NaN, NaN, NaN, NaN, NaN, NaN, NaN, NaN, NaN, NaN, NaN, NaN, NaN, NaN, NaN]	0.0	0.0	0.0
779.9893379602663	2.0	trials	2.0	1.0	1.0	0.0	10000.0	1.0	True	40.0	0.0	0.005	[9035765.348392827, 9036056.34745681, 9036345.346527223, 9036634.345597636, 9036925.34466162, 9037214.343732033, 9037504.34279923, 9037793.341869645, 9038082.340940058, 9038372.340007257, 9038662.339074455, 9038952.338141654, 9039242.33720885, 9039531.336279264, 9039821.335346462, 9040111.334413659, 9040400.333484074, 9040689.33255449, 9040979.331621686, 9041269.330688883]	0.0	0.0	0.0
786.0615104287374	2.0	trials	2.0	1.0	1.0	0.0	10000.0	1.0	True	40.0	0.0	0.005	[9106046.122329798, 9106335.121400213, 9106626.120464195, 9106915.119534606, 9107204.118605021, 9107494.11767222, 9107784.116739416, 9108074.115806615, 9108363.114877028, 9108653.113944227, 9108942.11301464, 9109232.112081839, 9109521.111152254, 9109811.110219449, 9110100.109289864, 9110390.108357063, 9110679.107427476, 9110969.106494674, 9111259.105561873, 9111549.10462907]	0.0	0.0	0.0
791.3075287545856	2.0	trials	2.0	1.0	1.0	0.0	10000.0	1.0	True	40.0	0.0	0.005	[9166763.927026728, 9167052.926097143, 9167342.925164338, 9167632.924231537, 9167922.923298733, 9168211.92236915, 9168500.921439564, 9168790.92050676, 9169080.919573959, 9169370.918641157, 9169660.917708354, 9169949.916778767, 9170239.915845966, 9170528.91491638, 9170817.913986795, 9171107.913053993, 9171397.912121192, 9171687.911188388, 9171976.910258802, 9172265.909329217]	0.0	0.0	0.0
798.4812112799794	2.0	trials	2.0	1.0	1.0	0.0	10000.0	1.0	True	40.0	0.0	0.005	[9249791.65996221, 9250081.65902941, 9250371.658096608, 9250660.657167021, 9250950.65623422, 9251240.655301416, 9251530.654368615, 9251820.653435811, 9252108.652509442, 9252398.65157664, 9252688.650643837, 9252978.649711035, 9253268.648778234, 9253557.647848649, 9253847.646915844, 9254137.645983042, 9254426.645053457, 9254716.644120656, 9255005.64319107, 9255294.642261483]	0.0	0.0	0.0
806.3461779818139	2.0	trials	2.0	1.0	1.0	0.0	10000.0	1.0	True	40.0	0.0	0.005	[9340821.367158785, 9341111.366225982, 9341401.36529318, 9341690.364363594, 9341980.363430792, 9342269.362501208, 9342560.361565188, 9342849.360635601, 9343138.359706016, 9343428.358773215, 9343718.357840413, 9344008.35690761, 9344297.355978023, 9344587.355045222, 9344877.354112418, 9345166.353182834, 9345456.35225003, 9345746.351317227, 9346035.350387642, 9346324.349458057]	0.0	0.0	0.0
815.299435583091	2.0	trials	2.0	1.0	1.0	0.0	10000.0	1.0	True	40.0	0.0	0.005	[9444448.033836355, 9444737.03290677, 9445027.03197397, 9445317.031041166, 9445606.03011158, 9445897.029175563, 9446186.028245974, 9446476.027313173, 9446764.026386805, 9447055.025450785, 9447344.0245212, 9447634.023588397, 9447924.022655595, 9448213.021726009, 9448503.020793207, 9448792.019863622, 9449083.018927602, 9449371.018001232, 9449661.01706843, 9449951.01613563]	0.0	0.0	0.0
825.0014331759987	2.0	trials	2.0	1.0	1.0	0.0	10000.0	1.0	True	40.0	0.0	0.005	[9556739.672642438, 9557028.671712851, 9557317.670783266, 9557608.669847246, 9557896.668920878, 9558186.667988077, 9558475.667058488, 9558765.666125687, 9559056.665189669, 9559344.6642633, 9559634.663330497, 9559925.662394479, 9560214.661464892, 9560503.660535308, 9560793.659602506, 9561083.658669703, 9561372.657740116, 9561662.656807315, 9561952.655874513, 9562241.654944927]	0.0	0.0	0.0
834.7773025312929	2.0	trials	2.0	1.0	1.0	0.0	10000.0	1.0	True	40.0	0.0	0.005	[9669886.308698362, 9670175.307768775, 9670464.306839189, 9670753.305909604, 9671044.304973586, 9671333.304043999, 9671624.30310798, 9671913.302178394, 9672203.301245593, 9672492.300316006, 9672782.299383204, 9673072.298450403, 9673360.297524033, 9673650.29659123, 9673941.295655211, 9674230.294725627, 9674519.29379604, 9674809.292863237, 9675100.291927218, 9675389.290997634]	0.0	0.0	0.0
845.1736082909142	2.0	trials	2.0	1.0	1.0	0.0	10000.0	1.0	True	40.0	0.0	0.005	[9790212.921659384, 9790502.920726582, 9790792.91979378, 9791081.918864196, 9791370.91793461, 9791660.917001808, 9791951.916065788, 9792239.915139418, 9792530.9142034, 9792820.913270598, 9793109.912341012, 9793398.911411425, 9793688.910478624, 9793978.909545822, 9794267.908616237, 9794557.907683432, 9794846.906753847, 9795136.905821046, 9795426.904888244, 9795716.903955441]	0.0	0.0	0.0
853.4731655948601	2.0	trials	2.0	1.0	1.0	0.0	10000.0	1.0	True	40.0	0.0	0.005	[9886272.612676663, 9886562.611743862, 9886851.610814275, 9887141.609881474, 9887431.60894867, 9887721.608015869, 9888010.607086284, 9888300.60615348, 9888589.605223894, 9888878.60429431, 9889169.60335829, 9889459.602425488, 9889747.60149912, 9890038.6005631, 9890327.599633515, 9890617.598700712, 9890907.59776791, 9891196.596838323, 9891485.595908737, 9891775.594975935]	0.0	0.0	0.0
864.0503059728152	2.0	trials	2.0	1.0	1.0	0.0	10000.0	1.0	True	40.0	0.0	0.005	[10008694.218898997, 10008983.21796941, 10009274.217033392, 10009562.216107024, 10009853.215171004, 10010142.214241417, 10010432.213308616, 10010722.212375812, 10011011.211446228, 10011301.210513426, 10011591.209580623, 10011880.208651036, 10012170.207718235, 10012459.20678865, 10012748.205859063, 10013039.204923045, 10013328.203993458, 10013618.203060657, 10013907.20213107, 10014197.201198269]	0.0	0.0	0.0
869.8517881119789	2.0	trials	2.0	1.0	1.0	0.0	10000.0	1.0	True	40.0	0.0	0.005	[10075840.00291988, 10076131.00198386, 10076419.001057493, 10076710.000121472, 10076999.99918867, 10077288.998259086, 10077577.9973295, 10077867.996396698, 10078157.995463895, 10078446.994534308, 10078736.993601507, 10079026.992668705, 10079316.991735902, 10079605.990806317, 10079894.98987673, 10080185.988940712, 10080474.988011127, 10080763.98708154, 10081053.98614874, 10081342.985219153]	0.0	0.0	0.0
874.9901523841033	2.0	trials	2.0	1.0	1.0	0.0	10000.0	1.0	True	40.0	0.0	0.005	[10135311.811624644, 10135601.810691843, 10135890.809762256, 10136180.808829453, 10136471.807893435, 10136759.806967065, 10137049.806034263, 10137338.805104677, 10137629.804168658, 10137918.803239072, 10138208.80230627, 10138497.801376686, 10138787.800443882, 10139077.799511079, 10139366.798581494, 10139656.797648693, 10139946.796715891, 10140235.795786304, 10140525.794853501, 10140814.793923916]	0.0	0.0	0.0
881.1376654102365	2.0	trials	2.0	1.0	1.0	0.0	10000.0	1.0	True	40.0	0.0	0.005	[10206464.582756773, 10206754.581823971, 10207044.58089117, 10207332.5799648, 10207622.579031998, 10207912.578099195, 10208202.577166393, 10208491.576236807, 10208780.57530722, 10209071.574371204, 10209361.5734384, 10209649.572512032, 10209940.571576012, 10210229.570646426, 10210518.569716841, 10210809.56878082, 10211098.567851238, 10211388.566918435, 10211677.565988848, 10211967.565056046]	0.0	0.0	0.0
890.7738264149118	2.0	trials	2.0	1.0	1.0	0.0	10000.0	1.0	True	40.0	0.0	0.005	[10317994.224013874, 10318283.223084288, 10318573.222151486, 10318863.221218683, 10319153.220285881, 10319442.219356295, 10319732.218423493, 10320021.217493907, 10320311.216561105, 10320600.21563152, 10320890.214698717, 10321180.213765915, 10321469.212836329, 10321759.211903527, 10322048.21097394, 10322338.21004114, 10322629.209105121, 10322917.20817875, 10323207.207245948, 10323496.206316363]	0.0	0.0	0.0
898.2439463867955	2.0	trials	2.0	1.0	1.0	0.0	10000.0	1.0	True	40.0	0.0	0.005	[10404453.945910124, 10404742.94498054, 10405032.944047738, 10405323.943111718, 10405611.942185348, 10405900.941255763, 10406191.940319745, 10406480.939390158, 10406770.938457357, 10407060.937524553, 10407349.936594967, 10407638.935665382, 10407929.934729364, 10408219.93379656, 10408508.932866976, 10408797.93193739, 10409087.931004586, 10409376.930075001, 10409667.929138983, 10409956.928209398]	0.0	0.0	0.0
907.8588530598366	2.0	trials	2.0	1.0	1.0	0.0	10000.0	1.0	True	40.0	0.0	0.005	[10515737.5879585, 10516026.587028913, 10516316.58609611, 10516605.585166525, 10516895.584233722, 10517185.58330092, 10517475.582368119, 10517765.581435315, 10518054.580505729, 10518344.579572927, 10518633.578643342, 10518923.57771054, 10519213.576777738, 10519502.575848151, 10519791.574918566, 10520081.573985763, 10520371.573052961, 10520661.57212016, 10520950.571190573, 10521240.57025777]	0.0	0.0	0.0
913.7240981939025	2.0	trials	2.0	1.0	1.0	0.0	10000.0	1.0	True	40.0	0.0	0.005	[10583622.369602345, 10583911.36867276, 10584200.367743174, 10584490.36681037, 10584780.365877569, 10585069.364947984, 10585359.364015182, 10585649.363082377, 10585938.362152793, 10586228.361219991, 10586517.360290404, 10586807.359357603, 10587097.358424801, 10587386.357495215, 10587676.356562411, 10587965.355632829, 10588255.354700025, 10588545.353767222, 10588834.352837637, 10589125.351901617]	0.0	0.0	0.0
921.3562176447048	2.0	trials	2.0	1.0	1.0	0.0	10000.0	1.0	True	40.0	0.0	0.005	[10671956.085470764, 10672245.084541177, 10672536.08360516, 10672825.082675572, 10673115.08174277, 10673404.080813186, 10673694.079880383, 10673984.078947581, 10674274.078014778, 10674563.077085193, 10674853.07615239, 10675143.075219588, 10675431.07429322, 10675722.0733572, 10676011.072427614, 10676301.07149481, 10676591.070562009, 10676880.069632424, 10677169.068702837, 10677459.067770036]	0.0	0.0	0.0
927.8537359450238	2.0	trials	2.0	1.0	1.0	0.0	10000.0	1.0	True	40.0	0.0	0.005	[10747159.843572611, 10747449.842639808, 10747738.841710221, 10748027.840780636, 10748317.839847835, 10748607.838915031, 10748897.83798223, 10749186.837052643, 10749476.836119842, 10749766.835187038, 10750055.834257454, 10750345.83332465, 10750635.832391849, 10750923.831465479, 10751213.830532677, 10751503.829599876, 10751793.828667073, 10752082.827737488, 10752372.826804684, 10752661.825875098]	0.0	0.0	0.0
933.8301775214193	2.0	trials	2.0	1.0	1.0	0.0	10000.0	1.0	True	40.0	0.0	0.005	[10816331.621076744, 10816620.62014716, 10816910.619214358, 10817199.618284771, 10817489.61735197, 10817779.616419166, 10818069.615486365, 10818359.614553563, 10818648.613623975, 10818938.612691173, 10819227.611761589, 10819517.610828785, 10819807.609895984, 10820096.608966397, 10820385.60803681, 10820676.607100792, 10820965.606171208, 10821255.605238406, 10821545.604305604, 10821833.603379233]	0.0	0.0	0.0
941.0304711612168	2.0	trials	2.0	1.0	1.0	0.0	10000.0	1.0	True	40.0	0.0	0.005	[10899668.353018312, 10899957.352088725, 10900247.351155924, 10900536.350226339, 10900826.349293534, 10901116.348360732, 10901405.347431147, 10901694.34650156, 10901984.34556876, 10902274.344635958, 10902564.343703154, 10902853.342773568, 10903143.341840766, 10903433.340907965, 10903723.339975161, 10904011.339048794, 10904302.338112773, 10904592.337179972, 10904881.336250387, 10905170.3353208]	0.0	0.0	0.0
949.4962615304635	2.0	trials	2.0	1.0	1.0	0.0	10000.0	1.0	True	40.0	0.0	0.005	[10997652.037846928, 10997942.036914127, 10998231.03598454, 10998520.035054956, 10998810.034122154, 10999100.033189353, 10999390.032256547, 10999679.031326963, 10999969.030394161, 11000258.029464575, 11000549.028528556, 11000837.027602186, 11001127.026669385, 11001417.025736582, 11001707.02480378, 11001996.023874193, 11002286.022941392, 11002576.022008589, 11002865.021079002, 11003155.0201462]	0.0	0.0	0.0
959.5754803100152	2.0	trials	2.0	1.0	1.0	0.0	10000.0	1.0	True	40.0	0.0	0.005	[11114308.662612727, 11114598.661679925, 11114887.660750339, 11115177.659817537, 11115467.658884736, 11115756.657955151, 11116046.657022346, 11116335.656092761, 11116626.655156743, 11116915.654227158, 11117205.653294355, 11117494.652364768, 11117784.651431967, 11118074.650499163, 11118363.649569578, 11118653.648636777, 11118942.64770719, 11119233.64677117, 11119521.645844802, 11119811.644911999]	0.0	0.0	0.0
965.5720530216576	2.0	trials	2.0	1.0	1.0	0.0	10000.0	1.0	True	40.0	0.0	0.005	[11183713.439367402, 11184003.4384346, 11184292.437505016, 11184581.43657543, 11184872.435639411, 11185161.434709826, 11185451.433777023, 11185741.432844222, 11186030.431914635, 11186319.43098505, 11186609.430052247, 11186899.429119444, 11187189.428186642, 11187478.427257057, 11187768.426324256, 11188058.425391452, 11188347.424461866, 11188637.423529064, 11188927.422596263, 11189216.421666676]	0.0	0.0	0.0
976.4603187988578	2.0	trials	2.0	1.0	1.0	0.0	10000.0	1.0	True	40.0	0.0	0.005	[11309735.034010122, 11310025.033077318, 11310315.032144517, 11310605.031211715, 11310894.030282129, 11311184.029349325, 11311472.028422957, 11311764.027483722, 11312052.026557352, 11312342.025624549, 11312631.024694964, 11312922.023758946, 11313211.02282936, 11313501.021896558, 11313791.020963756, 11314080.02003417, 11314370.019101368, 11314659.018171782, 11314949.017238978, 11315239.016306177]	0.0	0.0	0.0
984.6016782116576	2.0	trials	2.0	1.0	1.0	0.0	10000.0	1.0	True	40.0	0.0	0.005	[11403963.73091692, 11404253.729984118, 11404542.729054533, 11404832.728121731, 11405122.727188926, 11405412.726256125, 11405701.72532654, 11405991.724393738, 11406281.723460935, 11406570.722531348, 11406860.721598547, 11407149.72066896, 11407438.719739376, 11407729.718803357, 11408018.71787377, 11408308.716940967, 11408598.716008166, 11408887.715078581, 11409176.714148995, 11409466.713216191]	0.0	0.0	0.0
992.7921990663261	2.0	trials	2.0	1.0	1.0	0.0	10000.0	1.0	True	40.0	0.0	0.005	[11498761.425993497, 11499052.425057478, 11499341.424127892, 11499630.423198307, 11499920.422265505, 11500210.421332702, 11500500.420399899, 11500789.419470314, 11501079.418537512, 11501369.417604709, 11501658.416675124, 11501947.415745538, 11502238.41480952, 11502527.413879933, 11502817.412947131, 11503106.412017547, 11503395.411087958, 11503685.410155157, 11503976.409219138, 11504265.408289552]	0.0	0.0	0.0
1002.0101854160868	2.0	trials	2.0	1.0	1.0	0.0	10000.0	1.0	True	40.0	0.0	0.005	[11605451.082818745, 11605740.08188916, 11606031.080953142, 11606319.080026772, 11606610.079090752, 11606900.07815795, 11607190.077225149, 11607480.076292347, 11607768.075365977, 11608058.074433174, 11608348.073500372, 11608638.072567571, 11608926.071641201, 11609217.070705183, 11609506.069775594, 11609796.068842793, 11610085.067913208, 11610376.066977188, 11610665.066047605, 11610955.065114802]	0.0	0.0	0.0
1010.7674020479423	2.0	trials	2.0	1.0	1.0	0.0	10000.0	1.0	True	40.0	0.0	0.005	[11706807.756797908, 11707097.755865104, 11707386.754935518, 11707677.753999501, 11707966.753069915, 11708256.752137113, 11708546.75120431, 11708834.750277942, 11709124.749345139, 11709414.748412337, 11709704.747479536, 11709994.74654673, 11710283.745617146, 11710573.744684344, 11710864.743748324, 11711152.742821956, 11711441.74189237, 11711732.740956351, 11712021.740026765, 11712311.739093963]	0.0	0.0	0.0
1018.5104587419078	2.0	trials	2.0	1.0	1.0	0.0	10000.0	1.0	True	40.0	0.0	0.005	[11796427.468529832, 11796716.467600243, 11797006.466667442, 11797296.46573464, 11797585.464805054, 11797875.463872252, 11798164.462942665, 11798454.462009864, 11798744.46107706, 11799033.460147476, 11799324.459211456, 11799612.458285086, 11799903.457349068, 11800192.456419483, 11800482.455486681, 11800771.454557095, 11801061.453624291, 11801350.452694707, 11801640.451761905, 11801930.450829102]	0.0	0.0	0.0
1027.003724222779	2.0	trials	2.0	1.0	1.0	0.0	10000.0	1.0	True	40.0	0.0	0.005	[11894729.15233558, 11895018.151405994, 11895308.15047319, 11895598.14954039, 11895887.148610802, 11896177.147678003, 11896467.1467452, 11896757.145812396, 11897046.144882811, 11897336.143950008, 11897626.143017204, 11897915.142087622, 11898205.141154816, 11898494.140225234, 11898784.13929243, 11899073.138362845, 11899364.137426827, 11899653.136497239, 11899942.135567654, 11900232.13463485]	0.0	0.0	0.0
1033.9458554929722	2.0	trials	2.0	1.0	1.0	0.0	10000.0	1.0	True	40.0	0.0	0.005	[11975076.893891443, 11975366.892958641, 11975656.89202584, 11975946.891093036, 11976236.890160233, 11976525.88923065, 11976815.888297845, 11977104.887368262, 11977394.886435458, 11977683.885505872, 11977973.88457307, 11978263.883640267, 11978552.88271068, 11978842.881777879, 11979131.880848296, 11979422.879912276, 11979711.878982691, 11980000.878053105, 11980291.877117084, 11980580.8761875]	0.0	0.0	0.0
1042.6583170687852	2.0	trials	2.0	1.0	1.0	0.0	10000.0	1.0	True	40.0	0.0	0.005	[12075915.569536785, 12076205.568603983, 12076494.567674395, 12076784.566741593, 12077074.565808792, 12077364.564875988, 12077653.563946402, 12077943.5630136, 12078232.562084014, 12078522.56115121, 12078812.560218409, 12079102.559285607, 12079392.558352806, 12079680.557426436, 12079970.556493634, 12080260.555560833, 12080550.55462803, 12080839.553698443, 12081129.552765641, 12081419.551832838]	0.0	0.0	0.0
1049.9182265168247	2.0	trials	2.0	1.0	1.0	0.0	10000.0	1.0	True	40.0	0.0	0.005	[12159942.299258921, 12160232.298326122, 12160521.297396535, 12160811.296463735, 12161100.295534147, 12161390.294601347, 12161680.293668544, 12161969.292738955, 12162259.291806156, 12162548.29087657, 12162838.289943768, 12163128.289010964, 12163418.288078161, 12163708.287145361, 12163996.28621899, 12164286.28528619, 12164577.28435017, 12164866.283420583, 12165156.282487784, 12165445.281558195]	0.0	0.0	0.0
1060.866885699766	2.0	trials	2.0	1.0	1.0	0.0	10000.0	1.0	True	40.0	0.0	0.005	[12286662.891653268, 12286952.890720462, 12287241.88979088, 12287532.88885486, 12287821.887925273, 12288110.886995688, 12288400.886062885, 12288690.885130085, 12288980.884197282, 12289269.883267693, 12289559.882334894, 12289849.88140209, 12290137.880475722, 12290428.879539702, 12290717.87861012, 12291007.877677316, 12291297.876744512, 12291586.875814928, 12291875.87488534, 12292165.873952538]	0.0	0.0	0.0
1066.5023075730728	2.0	trials	2.0	1.0	1.0	0.0	10000.0	1.0	True	40.0	0.0	0.005	[12351888.681849945, 12352177.68092036, 12352467.679987557, 12352757.679054754, 12353046.67812517, 12353336.677192366, 12353625.676262783, 12353915.675329978, 12354205.674397176, 12354494.673467591, 12354784.672534788, 12355074.671601988, 12355363.6706724, 12355652.669742813, 12355943.668806797, 12356233.667873994, 12356522.666944407, 12356812.666011605, 12357102.665078802, 12357391.664149215]	0.0	0.0	0.0
1076.9539955545538	2.0	trials	2.0	1.0	1.0	0.0	10000.0	1.0	True	40.0	0.0	0.005	[12472857.292745939, 12473147.291813137, 12473436.290883549, 12473725.289953966, 12474016.289017946, 12474304.288091576, 12474593.287161991, 12474884.286225973, 12475174.285293171, 12475464.284360368, 12475754.283427566, 12476042.282501196, 12476333.281565176, 12476622.28063559, 12476912.279702788, 12477201.278773203, 12477491.277840402, 12477780.276910815, 12478070.275978012, 12478359.275048427]	0.0	0.0	0.0
1082.2281801898032	2.0	trials	2.0	1.0	1.0	0.0	10000.0	1.0	True	40.0	0.0	0.005	[12533901.09639427, 12534190.095464682, 12534479.094535097, 12534769.093602294, 12535059.092669494, 12535349.091736691, 12535639.090803888, 12535928.089874305, 12536218.0889415, 12536508.088008696, 12536797.087079113, 12537087.08614631, 12537376.085216725, 12537666.084283922, 12537955.083354337, 12538245.082421534, 12538535.08148873, 12538825.08055593, 12539114.079626342, 12539404.078693543]	0.0	0.0	0.0
1090.1306443710243	2.0	trials	2.0	1.0	1.0	0.0	10000.0	1.0	True	40.0	0.0	0.005	[12625364.802194856, 12625654.801262056, 12625943.800332468, 12626233.799399665, 12626523.798466865, 12626812.797537277, 12627102.796604477, 12627391.79567489, 12627680.794745306, 12627971.793809285, 12628260.792879699, 12628551.791943679, 12628839.79101731, 12629129.790084511, 12629419.789151708, 12629709.788218904, 12629999.787286105, 12630287.786359733, 12630577.785426933, 12630868.784490913]	0.0	0.0	0.0
1099.9707951195535	2.0	trials	2.0	1.0	1.0	0.0	10000.0	1.0	True	40.0	0.0	0.005	[12739255.43585766, 12739545.43492486, 12739834.433995271, 12740123.433065685, 12740413.432132883, 12740703.43120008, 12740992.430270497, 12741282.429337693, 12741572.428404894, 12741861.427475305, 12742151.426542502, 12742440.425612917, 12742730.424680114, 12743020.423747312, 12743309.422817726, 12743599.421884924, 12743889.42095212, 12744178.420022536, 12744468.419089736, 12744757.418160148]	0.0	0.0	0.0
1109.9241295040204	2.0	trials	2.0	1.0	1.0	0.0	10000.0	1.0	True	40.0	0.0	0.005	[12854455.065309985, 12854745.064377181, 12855035.063444382, 12855324.062514793, 12855614.061581993, 12855904.06064919, 12856193.059719605, 12856483.058786804, 12856773.057853999, 12857063.056921195, 12857352.055991612, 12857642.055058809, 12857932.05412601, 12858221.05319642, 12858511.052263621, 12858800.051334033, 12859090.05040123, 12859379.049471647, 12859669.048538841, 12859959.047606042]	0.0	0.0	0.0
1120.8321808175795	2.0	trials	2.0	1.0	1.0	0.0	10000.0	1.0	True	40.0	0.0	0.005	[12980705.659216112, 12980995.658283308, 12981284.657353722, 12981574.65642092, 12981864.655488117, 12982154.654555315, 12982443.65362573, 12982732.652696146, 12983022.651763342, 12983312.650830539, 12983602.64989774, 12983892.648964936, 12984182.648032133, 12984470.647105763, 12984760.64617296, 12985050.645240158, 12985340.644307356, 12985629.643377773, 12985919.64244497, 12986208.641515383]	0.0	0.0	0.0
1127.2308578358277	2.0	trials	2.0	1.0	1.0	0.0	10000.0	1.0	True	40.0	0.0	0.005	[13054765.4209977, 13055055.4200649, 13055343.419138528, 13055634.418202512, 13055923.417272925, 13056213.416340122, 13056502.415410537, 13056792.414477734, 13057082.413544934, 13057371.412615346, 13057661.411682542, 13057950.41075296, 13058240.409820156, 13058530.408887357, 13058820.407954553, 13059110.407021748, 13059399.406092165, 13059689.405159362, 13059978.404229777, 13060268.403296974]	0.0	0.0	0.0
1134.6020501259188	2.0	trials	2.0	1.0	1.0	0.0	10000.0	1.0	True	40.0	0.0	0.005	[13140079.14658013, 13140369.145647326, 13140660.14471131, 13140949.143781723, 13141239.14284892, 13141529.141916119, 13141818.140986532, 13142108.140053729, 13142397.139124146, 13142687.138191342, 13142977.137258537, 13143266.136328954, 13143556.13539615, 13143845.134466566, 13144136.133530548, 13144425.132600963, 13144714.131671375, 13145004.130738571, 13145293.129808988, 13145584.128872968]	0.0	0.0	0.0
1143.9017706127763	2.0	trials	2.0	1.0	1.0	0.0	10000.0	1.0	True	40.0	0.0	0.005	[13247715.8003593, 13248005.799426496, 13248294.798496908, 13248584.797564108, 13248873.79663452, 13249164.795698501, 13249452.794772133, 13249742.79383933, 13250031.792909745, 13250321.791976942, 13250611.791044142, 13250901.790111339, 13251190.789181754, 13251479.788252166, 13251770.787316147, 13252060.786383348, 13252348.785456976, 13252639.784520956, 13252928.783591371, 13253218.782658568]	0.0	0.0	0.0
1154.623889724398	2.0	trials	2.0	1.0	1.0	0.0	10000.0	1.0	True	40.0	0.0	0.005	[13371813.401190676, 13372103.400257872, 13372393.39932507, 13372683.398392268, 13372971.3974659, 13373261.396533098, 13373551.395600297, 13373840.39467071, 13374130.393737907, 13374419.392808318, 13374709.391875518, 13375000.3909395, 13375289.390009914, 13375578.389080327, 13375869.388144309, 13376158.387214724, 13376447.38628514, 13376737.385352332, 13377027.384419532, 13377316.383489948]	0.0	0.0	0.0
1163.5941680709273	2.0	trials	2.0	1.0	1.0	0.0	10000.0	1.0	True	40.0	0.0	0.005	[13475637.067234585, 13475926.066304998, 13476216.065372197, 13476506.064439394, 13476795.063509807, 13477085.062577007, 13477374.061647419, 13477664.06071462, 13477953.05978503, 13478243.058852227, 13478532.057922645, 13478822.056989841, 13479112.056057042, 13479402.055124236, 13479691.054194653, 13479980.053265065, 13480271.052329047, 13480560.051399462, 13480850.050466659, 13481139.049537072]	0.0	0.0	0.0
1172.497918631447	2.0	trials	2.0	1.0	1.0	0.0	10000.0	1.0	True	40.0	0.0	0.005	[13578689.73575846, 13578979.734825658, 13579268.733896071, 13579558.73296327, 13579847.732033685, 13580137.731100883, 13580427.730168082, 13580717.729235278, 13581006.728305692, 13581295.727376105, 13581585.726443304, 13581875.7255105, 13582164.724580918, 13582453.723651329, 13582744.722715309, 13583033.721785726, 13583323.720852925, 13583613.719920121, 13583902.718990535, 13584192.718057733]	0.0	0.0	0.0
1180.9461698571095	2.0	trials	2.0	1.0	1.0	0.0	10000.0	1.0	True	40.0	0.0	0.005	[13676469.421243258, 13676760.420307238, 13677049.419377651, 13677338.418448066, 13677628.417515263, 13677918.41658246, 13678207.415652875, 13678497.414720071, 13678787.413787272, 13679076.412857683, 13679365.4119281, 13679656.41099208, 13679945.410062494, 13680235.409129694, 13680525.408196889, 13680814.407267306, 13681103.406337718, 13681394.4054017, 13681683.404472115, 13681972.403542526]	0.0	0.0	0.0
1189.8439588368053	2.0	trials	2.0	1.0	1.0	0.0	10000.0	1.0	True	40.0	0.0	0.005	[13779453.089989075, 13779743.089056272, 13780033.08812347, 13780323.087190669, 13780611.086264301, 13780902.08532828, 13781191.084398692, 13781480.08346911, 13781770.082536306, 13782060.081603505, 13782350.080670703, 13782640.079737898, 13782929.078808315, 13783219.077875512, 13783508.076945923, 13783798.076013124, 13784088.07508032, 13784377.074150736, 13784666.073221149, 13784957.072285129]	0.0	0.0	0.0
1198.652324104138	2.0	trials	2.0	1.0	1.0	0.0	10000.0	1.0	True	40.0	0.0	0.005	[13881402.762060815, 13881692.761128016, 13881981.76019843, 13882270.759268845, 13882560.758336041, 13882850.757403238, 13883139.756473653, 13883429.75554085, 13883718.754611263, 13884009.753675247, 13884298.75274566, 13884587.751816075, 13884877.750883272, 13885167.749950469, 13885457.749017667, 13885747.748084864, 13886036.74715528, 13886325.746225694, 13886615.74529289, 13886905.74436009]	0.0	0.0	0.0
1208.1382359920988	2.0	trials	2.0	1.0	1.0	0.0	10000.0	1.0	True	40.0	0.0	0.005	[13991192.408914732, 13991483.407978714, 13991772.407049125, 13992062.406116325, 13992351.405186737, 13992640.404257154, 13992930.40332435, 13993221.40238833, 13993509.401461963, 13993800.400525942, 13994089.39959636, 13994379.398663556, 13994669.397730753, 13994958.396801168, 13995248.395868365, 13995537.394938778, 13995827.394005977, 13996117.393073173, 13996407.392140372, 13996696.391210785]	0.0	0.0	0.0
1218.8409151662506	2.0	trials	2.0	1.0	1.0	0.0	10000.0	1.0	True	40.0	0.0	0.005	[14115066.010466618, 14115356.009533817, 14115646.008601015, 14115936.007668212, 14116225.006738625, 14116516.005802607, 14116805.00487302, 14117095.003940219, 14117384.003010632, 14117674.00207783, 14117964.00114503, 14118253.000215441, 14118542.999282641, 14118832.998349838, 14119121.997420253, 14119410.996490667, 14119700.995557863, 14119989.994628279, 14120280.99369226, 14120569.992762676]	0.0	0.0	0.0
1228.8085055048623	2.0	trials	2.0	1.0	1.0	0.0	10000.0	1.0	True	40.0	0.0	0.005	[14230430.639388213, 14230721.63845219, 14231010.637522608, 14231300.636589807, 14231589.63566022, 14231879.634727417, 14232169.633794615, 14232458.632865028, 14232748.631932225, 14233037.631002642, 14233327.630069837, 14233617.629137034, 14233907.628204234, 14234196.62727465, 14234485.626345063, 14234776.625409044, 14235066.62447624, 14235355.623546656, 14235645.622613853, 14235934.621684268]	0.0	0.0	0.0
1237.4540936957778	2.0	trials	2.0	1.0	1.0	0.0	10000.0	1.0	True	40.0	0.0	0.005	[14330497.317516737, 14330787.316583933, 14331076.31565435, 14331365.314724762, 14331656.313788742, 14331945.312859159, 14332234.31192957, 14332524.31099677, 14332814.310063967, 14333103.30913438, 14333393.30820158, 14333683.307268776, 14333972.306339193, 14334263.305403173, 14334551.304476805, 14334842.303540783, 14335132.302607981, 14335420.301681614, 14335710.30074881, 14336000.299816009]	0.0	0.0	0.0
1245.8125756101888	2.0	trials	2.0	1.0	1.0	0.0	10000.0	1.0	True	40.0	0.0	0.005	[14427239.006340321, 14427529.00540752, 14427817.004481146, 14428108.003545132, 14428398.002612328, 14428687.00168274, 14428976.000753155, 14429265.999820352, 14429555.998887552, 14429844.997957965, 14430134.997025166, 14430424.996092362, 14430714.995159557, 14431002.99423319, 14431294.993293954, 14431582.992367586, 14431873.991431568, 14432161.990505196, 14432451.989572395, 14432740.988642808]	0.0	0.0	0.0
1254.9990260613865	2.0	trials	2.0	1.0	1.0	0.0	10000.0	1.0	True	40.0	0.0	0.005	[14533562.664342828, 14533852.663410028, 14534141.662480442, 14534431.66154764, 14534721.660614837, 14535011.659682034, 14535301.65874923, 14535589.657822862, 14535879.656890063, 14536169.65595726, 14536459.655024456, 14536748.654094871, 14537038.653162068, 14537327.652232485, 14537618.651296465, 14537907.650366876, 14538196.649437293, 14538486.64850449, 14538776.64757169, 14539066.646638887]	0.0	0.0	0.0
1260.554873790649	2.0	trials	2.0	1.0	1.0	0.0	10000.0	1.0	True	40.0	0.0	0.005	[14597866.457505174, 14598155.456575591, 14598446.455639571, 14598734.454713203, 14599025.453777185, 14599314.4528476, 14599604.451914797, 14599894.450981993, 14600183.450052409, 14600473.449119605, 14600762.44819002, 14601052.447257217, 14601341.446327634, 14601631.44539483, 14601921.444462027, 14602211.443529228, 14602501.442596423, 14602790.441666836, 14603079.440737251, 14603369.439804448]	0.0	0.0	0.0
1268.1024943132475	2.0	trials	2.0	1.0	1.0	0.0	10000.0	1.0	True	40.0	0.0	0.005	[14685224.17651296, 14685513.175583372, 14685804.174647354, 14686092.173720982, 14686382.17278818, 14686672.171855379, 14686962.170922577, 14687251.16999299, 14687541.169060187, 14687831.168127386, 14688120.167197801, 14688410.166265, 14688699.165335413, 14688989.16440261, 14689278.163473025, 14689569.162537007, 14689858.161607418, 14690148.160674619, 14690438.159741815, 14690728.158809014]	0.0	0.0	0.0
1273.8091095575564	2.0	trials	2.0	1.0	1.0	0.0	10000.0	1.0	True	40.0	0.0	0.005	[14751271.964065626, 14751560.963136038, 14751850.962203238, 14752140.961270435, 14752430.960337631, 14752720.95940483, 14753008.958478458, 14753298.957545659, 14753588.956612855, 14753877.955683272, 14754168.954747252, 14754457.953817666, 14754747.95288486, 14755036.951955277, 14755326.951022474, 14755616.950089674, 14755905.949160086, 14756195.948227286, 14756485.947294483, 14756774.946364895]	0.0	0.0	0.0
1280.4626657559697	2.0	trials	2.0	1.0	1.0	0.0	10000.0	1.0	True	40.0	0.0	0.005	[14828281.716358364, 14828570.71542878, 14828859.714499192, 14829150.713563172, 14829439.71263359, 14829729.711700786, 14830018.710771201, 14830308.709838398, 14830597.708908813, 14830887.70797601, 14831177.707043206, 14831466.706113623, 14831756.705180818, 14832046.704248015, 14832335.703318432, 14832625.702385629, 14832915.701452829, 14833205.700520026, 14833494.69959044, 14833783.698660852]	0.0	0.0	0.0
1288.9826287509668	2.0	trials	2.0	1.0	1.0	0.0	10000.0	1.0	True	40.0	0.0	0.005	[14926891.399173416, 14927181.398240613, 14927470.397311028, 14927761.39637501, 14928049.395448642, 14928340.394512622, 14928629.393583033, 14928919.39265023, 14929208.391720647, 14929497.390791062, 14929787.389858259, 14930078.388922239, 14930367.387992656, 14930656.387063067, 14930947.38612705, 14931236.385197464, 14931525.384267876, 14931815.383335076, 14932104.38240549, 14932394.38147269]	0.0	0.0	0.0
1297.8641745829095	2.0	trials	2.0	1.0	1.0	0.0	10000.0	1.0	True	40.0	0.0	0.005	[15029688.06852073, 15029978.067587929, 15030267.066658342, 15030557.06572554, 15030846.064795956, 15031136.063863153, 15031426.062930353, 15031715.062000765, 15032004.061071178, 15032295.060135162, 15032584.059205575, 15032874.058272772, 15033163.057343183, 15033453.056410383, 15033743.05547758, 15034032.054547997, 15034321.053618409, 15034611.05268561, 15034901.051752806, 15035191.050820004]	0.0	0.0	0.0
1307.0368010785728	2.0	trials	2.0	1.0	1.0	0.0	10000.0	1.0	True	40.0	0.0	0.005	[15135852.727034675, 15136141.726105088, 15136431.725172285, 15136720.7242427, 15137010.723309897, 15137300.722377094, 15137590.721444294, 15137878.720517926, 15138169.719581906, 15138459.718649102, 15138747.717722734, 15139038.716786714, 15139328.71585391, 15139616.714927543, 15139906.71399474, 15140197.713058723, 15140486.712129137, 15140775.711199552, 15141065.710266748, 15141354.709337162]	0.0	0.0	0.0
1315.8207152245543	2.0	trials	2.0	1.0	1.0	0.0	10000.0	1.0	True	40.0	0.0	0.005	[15237517.400023136, 15237807.399090335, 15238098.398154315, 15238386.397227945, 15238676.396295143, 15238965.395365555, 15239256.394429538, 15239545.393499952, 15239834.392570367, 15240124.391637564, 15240414.39070476, 15240704.389771957, 15240994.388839157, 15241282.38791279, 15241573.38697677, 15241862.386047183, 15242152.385114383, 15242441.384184795, 15242732.383248776, 15243021.382319191]	0.0	0.0	0.0
1326.9452842416704	2.0	trials	2.0	1.0	1.0	0.0	10000.0	1.0	True	40.0	0.0	0.005	[15366273.985868562, 15366563.984935762, 15366852.984006174, 15367143.983070154, 15367432.98214057, 15367721.981210982, 15368011.980278183, 15368301.97934538, 15368590.978415793, 15368881.977479776, 15369170.976550188, 15369459.975620605, 15369749.974687802, 15370039.973754996, 15370329.972822195, 15370618.97189261, 15370907.970963024, 15371197.970030222, 15371487.969097419, 15371777.968164619]	0.0	0.0	0.0
1335.5011031213346	2.0	trials	2.0	1.0	1.0	0.0	10000.0	1.0	True	40.0	0.0	0.005	[15465300.667342309, 15465589.66641272, 15465879.66547992, 15466168.664550332, 15466459.663614314, 15466748.66268473, 15467037.661755143, 15467327.660822343, 15467617.659889538, 15467906.658959955, 15468197.658023935, 15468485.657097563, 15468776.656161549, 15469065.65523196, 15469355.654299157, 15469645.653366357, 15469934.652436769, 15470224.651503969, 15470513.65057438, 15470803.649641579]	0.0	0.0	0.0
1342.7847724929488	2.0	trials	2.0	1.0	1.0	0.0	10000.0	1.0	True	40.0	0.0	0.005	[15549601.396183113, 15549891.395250306, 15550181.394317506, 15550470.393387921, 15550759.392458335, 15551049.391525531, 15551339.390592732, 15551629.389659928, 15551918.38873034, 15552208.38779754, 15552498.386864737, 15552787.385935152, 15553077.385002349, 15553367.384069545, 15553656.383139962, 15553946.382207159, 15554236.38127436, 15554525.38034477, 15554814.379415186, 15555105.378479168]	0.0	0.0	0.0
1349.3739608984051	2.0	trials	2.0	1.0	1.0	0.0	10000.0	1.0	True	40.0	0.0	0.005	[15625865.150875404, 15626155.149942601, 15626444.149013016, 15626734.148080213, 15627024.14714741, 15627313.146217825, 15627603.145285022, 15627892.144355439, 15628183.143419418, 15628472.142489834, 15628762.141557032, 15629051.140627444, 15629341.139694644, 15629631.13876184, 15629921.13782904, 15630210.136899453, 15630499.135969864, 15630790.135033848, 15631079.134104261, 15631369.133171458]	0.0	0.0	0.0
1359.0356098210966	2.0	trials	2.0	1.0	1.0	0.0	10000.0	1.0	True	40.0	0.0	0.005	[15737691.791177187, 15737980.7902476, 15738269.789318016, 15738560.788381997, 15738848.787455626, 15739138.786522824, 15739428.785590021, 15739718.784657221, 15740008.783724418, 15740296.78279805, 15740587.78186203, 15740876.780932443, 15741165.780002858, 15741455.779070055, 15741745.778137254, 15742035.777204452, 15742324.776274864, 15742613.77534528, 15742903.774412477, 15743193.773479674]	0.0	0.0	0.0
1365.527598539202	2.0	trials	2.0	1.0	1.0	0.0	10000.0	1.0	True	40.0	0.0	0.005	[15812829.549491325, 15813117.548564957, 15813407.547632154, 15813697.54669935, 15813986.545769766, 15814276.544836963, 15814566.543904163, 15814855.542974574, 15815145.542041773, 15815435.541108971, 15815724.540179385, 15816015.539243368, 15816303.538316997, 15816593.537384197, 15816884.536448177, 15817172.535521807, 15817462.534589006, 15817752.533656202, 15818043.532720182, 15818331.531793814]	0.0	0.0	0.0
1371.9987649242837	2.0	trials	2.0	1.0	1.0	0.0	10000.0	1.0	True	40.0	0.0	0.005	[15887727.308577439, 15888016.307647854, 15888306.30671505, 15888596.305782247, 15888886.304849446, 15889175.303919863, 15889465.30298706, 15889755.302054258, 15890045.301121453, 15890334.300191868, 15890623.299262282, 15890914.298326265, 15891202.297399897, 15891493.296463875, 15891782.29553429, 15892071.294604706, 15892360.293675119, 15892651.2927391, 15892941.2918063, 15893231.290873492]	0.0	0.0	0.0
1381.0769565237028	2.0	trials	2.0	1.0	1.0	0.0	10000.0	1.0	True	40.0	0.0	0.005	[15992797.970610298, 15993088.969674278, 15993377.968744695, 15993666.967815107, 15993957.96687909, 15994246.965949504, 15994536.9650167, 15994825.964087116, 15995114.963157529, 15995404.96222473, 15995694.961291926, 15995984.96035912, 15996274.959426321, 15996563.958496734, 15996852.95756715, 15997143.956631131, 15997432.955701543, 15997721.954771958, 15998012.95383594, 15998301.952906355]	0.0	0.0	0.0
1386.393045024166	2.0	trials	2.0	1.0	1.0	0.0	10000.0	1.0	True	40.0	0.0	0.005	[16054326.772698598, 16054617.771762578, 16054906.770832995, 16055196.769900192, 16055486.76896739, 16055775.768037803, 16056065.767105, 16056355.7661722, 16056644.765242612, 16056935.764306596, 16057224.763377009, 16057512.762450641, 16057803.76151462, 16058092.760585034, 16058381.75965545, 16058671.758722646, 16058961.757789843, 16059250.756860258, 16059541.75592424, 16059830.754994655]	0.0	0.0	0.0
1396.6952614864315	2.0	trials	2.0	1.0	1.0	0.0	10000.0	1.0	True	40.0	0.0	0.005	[16173565.389159242, 16173855.388226436, 16174145.387293637, 16174434.38636405, 16174724.385431247, 16175013.384501662, 16175304.383565644, 16175593.38263606, 16175883.381703256, 16176172.38077367, 16176462.379840868, 16176752.378908064, 16177042.377975265, 16177331.377045676, 16177621.376112873, 16177910.37518329, 16178199.374253703, 16178489.373320902, 16178779.372388098, 16179069.371455297]	0.0	0.0	0.0
1403.0129819650815	2.0	trials	2.0	1.0	1.0	0.0	10000.0	1.0	True	40.0	0.0	0.005	[16246688.153954746, 16246977.153025163, 16247267.15209236, 16247557.151159558, 16247846.150229972, 16248136.149297168, 16248426.148364369, 16248716.147431565, 16249005.146501977, 16249294.145572392, 16249585.144636374, 16249874.14370679, 16250163.142777203, 16250454.141841182, 16250743.1409116, 16251032.139982011, 16251322.139049212, 16251611.138119623, 16251902.137183605, 16252192.136250805]	0.0	0.0	0.0
1409.271259434934	2.0	trials	2.0	1.0	1.0	0.0	10000.0	1.0	True	40.0	0.0	0.005	[16319120.92096968, 16319410.920036878, 16319700.919104075, 16319989.918174492, 16320279.917241689, 16320569.91630889, 16320858.9153793, 16321148.9144465, 16321437.91351691, 16321727.91258411, 16322016.911654523, 16322306.91072172, 16322596.90978892, 16322886.908856116, 16323175.907926533, 16323465.906993732, 16323755.906060925, 16324044.905131342, 16324334.90419854, 16324624.903265737]	0.0	0.0	0.0
1417.1190325920722	2.0	trials	2.0	1.0	1.0	0.0	10000.0	1.0	True	40.0	0.0	0.005	[16409952.628803132, 16410241.62787355, 16410531.626940746, 16410820.62601116, 16411110.625078358, 16411400.624145554, 16411690.623212753, 16411979.622283166, 16412268.621353582, 16412558.62042078, 16412848.619487979, 16413138.618555173, 16413427.617625589, 16413718.616689568, 16414006.615763199, 16414296.614830399, 16414587.61389438, 16414876.612964794, 16415165.612035207, 16415455.611102404]	0.0	0.0	0.0
1425.0935541415165	2.0	trials	2.0	1.0	1.0	0.0	10000.0	1.0	True	40.0	0.0	0.005	[16502250.331921108, 16502540.330988305, 16502829.33005872, 16503119.329125917, 16503409.328193117, 16503698.32726353, 16503987.326333946, 16504277.325401142, 16504567.324468339, 16504857.32353554, 16505146.32260595, 16505436.321673151, 16505726.320740348, 16506016.319807544, 16506304.318881176, 16506594.317948373, 16506884.317015573, 16507174.31608277, 16507463.315153185, 16507753.314220382]	0.0	0.0	0.0
1430.5969572394704	2.0	trials	2.0	1.0	1.0	0.0	10000.0	1.0	True	40.0	0.0	0.005	[16565947.127035908, 16566236.126106322, 16566526.125173518, 16566816.124240717, 16567106.123307914, 16567394.122381546, 16567684.121448744, 16567975.120512728, 16568264.11958314, 16568553.118653553, 16568843.117720751, 16569133.116787948, 16569423.115855146, 16569712.11492556, 16570001.113995977, 16570291.113063173, 16570581.11213037, 16570871.11119757, 16571160.110267982, 16571449.109338395]	0.0	0.0	0.0
1441.7132318832657	2.0	trials	2.0	1.0	1.0	0.0	10000.0	1.0	True	40.0	0.0	0.005	[16694607.713190123, 16694897.712257322, 16695186.711327737, 16695475.710398152, 16695765.70946535, 16696055.708532546, 16696345.707599746, 16696634.706670158, 16696925.70573414, 16697214.704804555, 16697503.703874966, 16697793.702942165, 16698083.702009363, 16698372.701079777, 16698662.700146973, 16698951.69921739, 16699242.69828137, 16699530.697355, 16699820.696422199, 16700110.695489397]	0.0	0.0	0.0
1452.2570219684942	2.0	trials	2.0	1.0	1.0	0.0	10000.0	1.0	True	40.0	0.0	0.005	[16816641.320660483, 16816932.319724463, 16817221.31879488, 16817511.317862075, 16817800.31693249, 16818090.315999687, 16818380.315066885, 16818669.3141373, 16818959.313204497, 16819249.31227169, 16819538.31134211, 16819828.310409307, 16820118.309476502, 16820407.30854692, 16820697.307614114, 16820986.306684528, 16821275.305754945, 16821566.304818925, 16821855.303889338, 16822145.302956536]	0.0	0.0	0.0
1463.2773065210476	2.0	trials	2.0	1.0	1.0	0.0	10000.0	1.0	True	40.0	0.0	0.005	[16944191.91038508, 16944481.909452274, 16944770.90852269, 16945060.90758989, 16945349.906660303, 16945639.905727502, 16945929.904794697, 16946218.903865114, 16946507.90293553, 16946797.902002726, 16947086.90107314, 16947376.900140338, 16947666.899207536, 16947956.89827473, 16948245.897345148, 16948535.896412343, 16948825.895479545, 16949114.894549955, 16949404.893617153, 16949694.89268435]	0.0	0.0	0.0
1470.7056090274402	2.0	trials	2.0	1.0	1.0	0.0	10000.0	1.0	True	40.0	0.0	0.005	[17030166.63384136, 17030456.63290856, 17030745.631978974, 17031035.631046172, 17031324.630116582, 17031614.629183784, 17031905.628247764, 17032193.627321396, 17032483.62638859, 17032773.62545579, 17033063.624522988, 17033352.6235934, 17033642.622660603, 17033931.621731013, 17034221.62079821, 17034511.61986541, 17034800.618935823, 17035090.618003022, 17035380.61707022, 17035669.616140634]	0.0	0.0	0.0
1477.133489151755	2.0	trials	2.0	1.0	1.0	0.0	10000.0	1.0	True	40.0	0.0	0.005	[17104564.394535758, 17104853.393606167, 17105144.39267015, 17105433.391740564, 17105723.390807763, 17106012.389878176, 17106302.388945375, 17106591.38801579, 17106881.387082987, 17107171.38615018, 17107461.385217384, 17107750.384287797, 17108040.383354995, 17108330.382422194, 17108619.381492607, 17108908.38056302, 17109198.379630215, 17109488.378697418, 17109778.377764612, 17110067.376835026]	0.0	0.0	0.0
1485.8738578378031	2.0	trials	2.0	1.0	1.0	0.0	10000.0	1.0	True	40.0	0.0	0.005	[17205725.069145363, 17206015.06821256, 17206304.067282975, 17206594.066350173, 17206885.065414153, 17207174.06448457, 17207463.06355498, 17207754.062618963, 17208042.061692595, 17208332.06075979, 17208622.05982699, 17208911.058897402, 17209202.057961386, 17209490.057035014, 17209780.056102213, 17210071.055166192, 17210360.05423661, 17210650.053303808, 17210939.05237422, 17211228.05144464]	0.0	0.0	0.0
1496.601247332472	2.0	trials	2.0	1.0	1.0	0.0	10000.0	1.0	True	40.0	0.0	0.005	[17329885.669774096, 17330174.668844514, 17330464.66791171, 17330754.66697891, 17331044.666046105, 17331333.66511652, 17331622.664186936, 17331912.66325413, 17332202.66232133, 17332491.661391743, 17332781.660458945, 17333071.65952614, 17333361.658593338, 17333650.65766375, 17333939.656734165, 17334230.655798145, 17334519.65486856, 17334808.653938975, 17335098.65300617, 17335388.65207337]	0.0	0.0	0.0
1507.299174521909	2.0	trials	2.0	1.0	1.0	0.0	10000.0	1.0	True	40.0	0.0	0.005	[17453704.271502893, 17453993.27057331, 17454283.26964051, 17454572.268710922, 17454862.26777812, 17455152.26684532, 17455441.265915733, 17455731.264982928, 17456021.264050126, 17456310.26312054, 17456600.262187738, 17456890.261254936, 17457180.260322135, 17457469.25939255, 17457758.25846296, 17458048.25753016, 17458337.256600574, 17458628.255664557, 17458917.25473497, 17459207.25380217]	0.0	0.0	0.0
1516.6858131291888	2.0	trials	2.0	1.0	1.0	0.0	10000.0	1.0	True	40.0	0.0	0.005	[17562344.922052637, 17562634.921119835, 17562925.920183815, 17563214.919254232, 17563503.918324646, 17563793.91739184, 17564083.91645904, 17564372.915529452, 17564662.91459665, 17564951.913667064, 17565241.912734263, 17565531.91180146, 17565821.91086866, 17566111.909935854, 17566399.909009486, 17566689.908076685, 17566979.907143883, 17567269.906211082, 17567559.90527828, 17567847.90435191]	0.0	0.0	0.0
1521.99810004188	2.0	trials	2.0	1.0	1.0	0.0	10000.0	1.0	True	40.0	0.0	0.005	[17623830.72427925, 17624118.72335288, 17624409.722416863, 17624698.721487273, 17624987.72055769, 17625277.71962489, 17625568.718688868, 17625857.71775928, 17626146.7168297, 17626435.715900112, 17626725.714967307, 17627016.71403129, 17627305.713101704, 17627594.712172117, 17627884.711239316, 17628174.710306514, 17628464.70937371, 17628753.708444126, 17629042.70751454, 17629332.706581738]	0.0	0.0	0.0
1529.1033539873788	2.0	trials	2.0	1.0	1.0	0.0	10000.0	1.0	True	40.0	0.0	0.005	[17706067.459759034, 17706356.458829444, 17706645.45789986, 17706935.45696706, 17707225.456034254, 17707515.455101453, 17707805.45416865, 17708094.453239065, 17708383.452309478, 17708674.45137346, 17708963.450443875, 17709253.449511074, 17709542.448581487, 17709831.447651904, 17710121.4467191, 17710412.44578308, 17710700.44485671, 17710990.44392391, 17711280.442991108, 17711570.442058306]	0.0	0.0	0.0
1536.2975996466298	2.0	trials	2.0	1.0	1.0	0.0	10000.0	1.0	True	40.0	0.0	0.005	[17789334.19192576, 17789624.190992955, 17789913.190063372, 17790203.189130567, 17790493.188197765, 17790782.18726818, 17791072.186335377, 17791361.185405795, 17791652.184469774, 17791941.183540184, 17792230.1826106, 17792520.1816778, 17792810.180745, 17793099.17981541, 17793389.17888261, 17793679.17794981, 17793968.17702022, 17794259.1760842, 17794547.17515783, 17794838.174221814]	0.0	0.0	0.0
1543.9429382549117	2.0	trials	2.0	1.0	1.0	0.0	10000.0	1.0	True	40.0	0.0	0.005	[17877820.90730204, 17878110.90636924, 17878399.905439656, 17878689.90450685, 17878978.903577268, 17879269.902641248, 17879559.901708443, 17879847.900782075, 17880137.899849273, 17880427.89891647, 17880717.89798367, 17881006.897054084, 17881296.89612128, 17881585.895191696, 17881875.89425889, 17882165.89332609, 17882454.892396506, 17882744.891463704, 17883033.890534118, 17883323.889601313]	0.0	0.0	0.0
1549.6051440420667	2.0	trials	2.0	1.0	1.0	0.0	10000.0	1.0	True	40.0	0.0	0.005	[17943356.69650159, 17943645.695572, 17943935.694639202, 17944224.693709612, 17944514.692776814, 17944803.691847228, 17945094.690911207, 17945382.68998484, 17945672.689052034, 17945962.688119236, 17946252.68718643, 17946542.68625363, 17946831.685324043, 17947121.68439124, 17947411.683458436, 17947700.682528853, 17947989.681599267, 17948279.680666465, 17948568.679736882, 17948858.678804077]	0.0	0.0	0.0
1558.1264894326173	2.0	trials	2.0	1.0	1.0	0.0	10000.0	1.0	True	40.0	0.0	0.005	[18041983.37926196, 18042272.378332373, 18042562.377399568, 18042851.376469985, 18043142.375533964, 18043431.374604378, 18043721.373671576, 18044010.372741994, 18044299.371812407, 18044589.3708796, 18044879.3699468, 18045169.369014, 18045459.368081197, 18045747.36715483, 18046037.366222028, 18046327.36528922, 18046617.36435642, 18046906.363426834, 18047196.362494033, 18047486.36156123]	0.0	0.0	0.0
1564.0621503401862	2.0	trials	2.0	1.0	1.0	0.0	10000.0	1.0	True	40.0	0.0	0.005	[18110682.158287525, 18110972.15735472, 18111262.156421922, 18111551.15549233, 18111842.154556315, 18112131.15362673, 18112421.152693927, 18112711.151761126, 18112999.150834754, 18113290.149898734, 18113579.14896915, 18113869.14803635, 18114159.147103548, 18114448.14617396, 18114738.14524116, 18115028.14430836, 18115317.143378768, 18115606.142449185, 18115896.141516384, 18116186.14058358]	0.0	0.0	0.0
1570.150393156966	2.0	trials	2.0	1.0	1.0	0.0	10000.0	1.0	True	40.0	0.0	0.005	[18181147.93162943, 18181438.930693414, 18181727.929763824, 18182018.92882781, 18182307.92789822, 18182597.92696542, 18182886.926035833, 18183176.92510303, 18183466.92417023, 18183755.923240643, 18184044.92231106, 18184334.921378255, 18184624.920445453, 18184914.91951265, 18185203.918583065, 18185493.917650264, 18185783.916717462, 18186071.915791094, 18186362.914855074, 18186650.913928702]	0.0	0.0	0.0
1578.849462775855	2.0	trials	2.0	1.0	1.0	0.0	10000.0	1.0	True	40.0	0.0	0.005	[18281832.607770123, 18282121.606840532, 18282411.605907734, 18282700.604978148, 18282990.604045346, 18283279.60311576, 18283569.60218296, 18283859.601250157, 18284148.600320566, 18284439.599384554, 18284728.598454963, 18285018.597522162, 18285308.59658936, 18285596.595662992, 18285886.594730187, 18286176.593797386, 18286465.592867803, 18286755.591934998, 18287046.590998977, 18287334.59007261]	0.0	0.0	0.0
1589.9135519875083	2.0	trials	2.0	1.0	1.0	0.0	10000.0	1.0	True	40.0	0.0	0.005	[18409888.195870355, 18410178.194937553, 18410467.194007967, 18410757.193075165, 18411047.192142364, 18411337.191209562, 18411626.190279976, 18411915.18935039, 18412205.188417587, 18412495.187484786, 18412785.186551984, 18413075.18561918, 18413363.18469281, 18413654.18375679, 18413942.182830423, 18414233.181894403, 18414522.180964816, 18414812.180032015, 18415102.179099213, 18415392.17816641]	0.0	0.0	0.0
1618.453626586543	2.0	trials	3.0	1.0	1.0	0.0	10000.0	1.0	False	0.0	0.0	0.0	[NaN, NaN, NaN, NaN, NaN, NaN, NaN, NaN, NaN, NaN, NaN, NaN, NaN, NaN, NaN, NaN, NaN, NaN, NaN, NaN]	0.0	0.0	0.0
1626.0860916362333	2.0	trials	3.0	1.0	1.0	0.0	10000.0	1.0	False	0.0	0.0	0.0	[NaN, NaN, NaN, NaN, NaN, NaN, NaN, NaN, NaN, NaN, NaN, NaN, NaN, NaN, NaN, NaN, NaN, NaN, NaN, NaN]	0.0	0.0	0.0
1631.858370669331	2.0	trials	3.0	1.0	1.0	0.0	10000.0	1.0	False	0.0	0.0	0.0	[NaN, NaN, NaN, NaN, NaN, NaN, NaN, NaN, NaN, NaN, NaN, NaN, NaN, NaN, NaN, NaN, NaN, NaN, NaN, NaN]	0.0	0.0	0.0
1639.3996840122168	2.0	trials	3.0	1.0	1.0	0.0	10000.0	1.0	False	0.0	0.0	0.0	[NaN, NaN, NaN, NaN, NaN, NaN, NaN, NaN, NaN, NaN, NaN, NaN, NaN, NaN, NaN, NaN, NaN, NaN, NaN, NaN]	0.0	0.0	0.0
1644.7460988151333	2.0	trials	3.0	1.0	1.0	0.0	10000.0	1.0	False	0.0	0.0	0.0	[NaN, NaN, NaN, NaN, NaN, NaN, NaN, NaN, NaN, NaN, NaN, NaN, NaN, NaN, NaN, NaN, NaN, NaN, NaN, NaN]	0.0	0.0	0.0
1654.1720492959637	2.0	trials	3.0	1.0	1.0	0.0	10000.0	1.0	False	0.0	0.0	0.0	[NaN, NaN, NaN, NaN, NaN, NaN, NaN, NaN, NaN, NaN, NaN, NaN, NaN, NaN, NaN, NaN, NaN, NaN, NaN, NaN]	0.0	0.0	0.0
1664.887256429818	2.0	trials	3.0	1.0	1.0	0.0	10000.0	1.0	False	0.0	0.0	0.0	[NaN, NaN, NaN, NaN, NaN, NaN, NaN, NaN, NaN, NaN, NaN, NaN, NaN, NaN, NaN, NaN, NaN, NaN, NaN, NaN]	0.0	0.0	0.0
1670.581862112757	2.0	trials	3.0	1.0	1.0	0.0	10000.0	1.0	False	0.0	0.0	0.0	[NaN, NaN, NaN, NaN, NaN, NaN, NaN, NaN, NaN, NaN, NaN, NaN, NaN, NaN, NaN, NaN, NaN, NaN, NaN, NaN]	0.0	0.0	0.0
1677.3681282843002	2.0	trials	3.0	1.0	1.0	0.0	10000.0	1.0	False	0.0	0.0	0.0	[NaN, NaN, NaN, NaN, NaN, NaN, NaN, NaN, NaN, NaN, NaN, NaN, NaN, NaN, NaN, NaN, NaN, NaN, NaN, NaN]	0.0	0.0	0.0
1687.5018652884905	2.0	trials	3.0	1.0	1.0	0.0	10000.0	1.0	False	0.0	0.0	0.0	[NaN, NaN, NaN, NaN, NaN, NaN, NaN, NaN, NaN, NaN, NaN, NaN, NaN, NaN, NaN, NaN, NaN, NaN, NaN, NaN]	0.0	0.0	0.0
1694.1263047805598	2.0	trials	3.0	1.0	1.0	0.0	10000.0	1.0	False	0.0	0.0	0.0	[NaN, NaN, NaN, NaN, NaN, NaN, NaN, NaN, NaN, NaN, NaN, NaN, NaN, NaN, NaN, NaN, NaN, NaN, NaN, NaN]	0.0	0.0	0.0
1705.039885676332	2.0	trials	3.0	1.0	1.0	0.0	10000.0	1.0	False	0.0	0.0	0.0	[NaN, NaN, NaN, NaN, NaN, NaN, NaN, NaN, NaN, NaN, NaN, NaN, NaN, NaN, NaN, NaN, NaN, NaN, NaN, NaN]	0.0	0.0	0.0
1714.4298938727734	2.0	trials	3.0	1.0	1.0	0.0	10000.0	1.0	False	0.0	0.0	0.0	[NaN, NaN, NaN, NaN, NaN, NaN, NaN, NaN, NaN, NaN, NaN, NaN, NaN, NaN, NaN, NaN, NaN, NaN, NaN, NaN]	0.0	0.0	0.0
1722.212348840012	2.0	trials	3.0	1.0	1.0	0.0	10000.0	1.0	False	0.0	0.0	0.0	[NaN, NaN, NaN, NaN, NaN, NaN, NaN, NaN, NaN, NaN, NaN, NaN, NaN, NaN, NaN, NaN, NaN, NaN, NaN, NaN]	0.0	0.0	0.0
1731.2676445130774	2.0	trials	3.0	1.0	1.0	0.0	10000.0	1.0	False	0.0	0.0	0.0	[NaN, NaN, NaN, NaN, NaN, NaN, NaN, NaN, NaN, NaN, NaN, NaN, NaN, NaN, NaN, NaN, NaN, NaN, NaN, NaN]	0.0	0.0	0.0
1739.4318998522308	2.0	trials	3.0	1.0	1.0	0.0	10000.0	1.0	False	0.0	0.0	0.0	[NaN, NaN, NaN, NaN, NaN, NaN, NaN, NaN, NaN, NaN, NaN, NaN, NaN, NaN, NaN, NaN, NaN, NaN, NaN, NaN]	0.0	0.0	0.0
1745.4682164360345	2.0	trials	3.0	1.0	1.0	0.0	10000.0	1.0	False	0.0	0.0	0.0	[NaN, NaN, NaN, NaN, NaN, NaN, NaN, NaN, NaN, NaN, NaN, NaN, NaN, NaN, NaN, NaN, NaN, NaN, NaN, NaN]	0.0	0.0	0.0
1753.9526691452527	2.0	trials	3.0	1.0	1.0	0.0	10000.0	1.0	False	0.0	0.0	0.0	[NaN, NaN, NaN, NaN, NaN, NaN, NaN, NaN, NaN, NaN, NaN, NaN, NaN, NaN, NaN, NaN, NaN, NaN, NaN, NaN]	0.0	0.0	0.0
1763.5522830674836	2.0	trials	3.0	1.0	1.0	0.0	10000.0	1.0	False	0.0	0.0	0.0	[NaN, NaN, NaN, NaN, NaN, NaN, NaN, NaN, NaN, NaN, NaN, NaN, NaN, NaN, NaN, NaN, NaN, NaN, NaN, NaN]	0.0	0.0	0.0
1771.652084213958	2.0	trials	3.0	1.0	1.0	0.0	10000.0	1.0	False	0.0	0.0	0.0	[NaN, NaN, NaN, NaN, NaN, NaN, NaN, NaN, NaN, NaN, NaN, NaN, NaN, NaN, NaN, NaN, NaN, NaN, NaN, NaN]	0.0	0.0	0.0
1780.8089859602012	2.0	trials	3.0	1.0	1.0	0.0	10000.0	1.0	False	0.0	0.0	0.0	[NaN, NaN, NaN, NaN, NaN, NaN, NaN, NaN, NaN, NaN, NaN, NaN, NaN, NaN, NaN, NaN, NaN, NaN, NaN, NaN]	0.0	0.0	0.0
1789.8207361733332	2.0	trials	3.0	1.0	1.0	0.0	10000.0	1.0	False	0.0	0.0	0.0	[NaN, NaN, NaN, NaN, NaN, NaN, NaN, NaN, NaN, NaN, NaN, NaN, NaN, NaN, NaN, NaN, NaN, NaN, NaN, NaN]	0.0	0.0	0.0
1795.9488956617186	2.0	trials	3.0	1.0	1.0	0.0	10000.0	1.0	False	0.0	0.0	0.0	[NaN, NaN, NaN, NaN, NaN, NaN, NaN, NaN, NaN, NaN, NaN, NaN, NaN, NaN, NaN, NaN, NaN, NaN, NaN, NaN]	0.0	0.0	0.0
1805.8706941476225	2.0	trials	3.0	1.0	1.0	0.0	10000.0	1.0	False	0.0	0.0	0.0	[NaN, NaN, NaN, NaN, NaN, NaN, NaN, NaN, NaN, NaN, NaN, NaN, NaN, NaN, NaN, NaN, NaN, NaN, NaN, NaN]	0.0	0.0	0.0
1815.459162505704	2.0	trials	3.0	1.0	1.0	0.0	10000.0	1.0	False	0.0	0.0	0.0	[NaN, NaN, NaN, NaN, NaN, NaN, NaN, NaN, NaN, NaN, NaN, NaN, NaN, NaN, NaN, NaN, NaN, NaN, NaN, NaN]	0.0	0.0	0.0
1821.5544036999731	2.0	trials	3.0	1.0	1.0	0.0	10000.0	1.0	False	0.0	0.0	0.0	[NaN, NaN, NaN, NaN, NaN, NaN, NaN, NaN, NaN, NaN, NaN, NaN, NaN, NaN, NaN, NaN, NaN, NaN, NaN, NaN]	0.0	0.0	0.0
1828.580169901149	2.0	trials	3.0	1.0	1.0	0.0	10000.0	1.0	False	0.0	0.0	0.0	[NaN, NaN, NaN, NaN, NaN, NaN, NaN, NaN, NaN, NaN, NaN, NaN, NaN, NaN, NaN, NaN, NaN, NaN, NaN, NaN]	0.0	0.0	0.0
1839.4947875935868	2.0	trials	3.0	1.0	1.0	0.0	10000.0	1.0	False	0.0	0.0	0.0	[NaN, NaN, NaN, NaN, NaN, NaN, NaN, NaN, NaN, NaN, NaN, NaN, NaN, NaN, NaN, NaN, NaN, NaN, NaN, NaN]	0.0	0.0	0.0
1847.1621581310017	2.0	trials	3.0	1.0	1.0	0.0	10000.0	1.0	False	0.0	0.0	0.0	[NaN, NaN, NaN, NaN, NaN, NaN, NaN, NaN, NaN, NaN, NaN, NaN, NaN, NaN, NaN, NaN, NaN, NaN, NaN, NaN]	0.0	0.0	0.0
1855.1066125771586	2.0	trials	3.0	1.0	1.0	0.0	10000.0	1.0	False	0.0	0.0	0.0	[NaN, NaN, NaN, NaN, NaN, NaN, NaN, NaN, NaN, NaN, NaN, NaN, NaN, NaN, NaN, NaN, NaN, NaN, NaN, NaN]	0.0	0.0	0.0
1863.4109218658195	2.0	trials	3.0	1.0	1.0	0.0	10000.0	1.0	False	0.0	0.0	0.0	[NaN, NaN, NaN, NaN, NaN, NaN, NaN, NaN, NaN, NaN, NaN, NaN, NaN, NaN, NaN, NaN, NaN, NaN, NaN, NaN]	0.0	0.0	0.0
1871.6317690229416	2.0	trials	3.0	1.0	1.0	0.0	10000.0	1.0	False	0.0	0.0	0.0	[NaN, NaN, NaN, NaN, NaN, NaN, NaN, NaN, NaN, NaN, NaN, NaN, NaN, NaN, NaN, NaN, NaN, NaN, NaN, NaN]	0.0	0.0	0.0
1880.1707399567986	2.0	trials	3.0	1.0	1.0	0.0	10000.0	1.0	False	0.0	0.0	0.0	[NaN, NaN, NaN, NaN, NaN, NaN, NaN, NaN, NaN, NaN, NaN, NaN, NaN, NaN, NaN, NaN, NaN, NaN, NaN, NaN]	0.0	0.0	0.0
1891.1308039030555	2.0	trials	3.0	1.0	1.0	0.0	10000.0	1.0	False	0.0	0.0	0.0	[NaN, NaN, NaN, NaN, NaN, NaN, NaN, NaN, NaN, NaN, NaN, NaN, NaN, NaN, NaN, NaN, NaN, NaN, NaN, NaN]	0.0	0.0	0.0
1902.2132098557915	2.0	trials	3.0	1.0	1.0	0.0	10000.0	1.0	False	0.0	0.0	0.0	[NaN, NaN, NaN, NaN, NaN, NaN, NaN, NaN, NaN, NaN, NaN, NaN, NaN, NaN, NaN, NaN, NaN, NaN, NaN, NaN]	0.0	0.0	0.0
1908.2496128393177	2.0	trials	3.0	1.0	1.0	0.0	10000.0	1.0	False	0.0	0.0	0.0	[NaN, NaN, NaN, NaN, NaN, NaN, NaN, NaN, NaN, NaN, NaN, NaN, NaN, NaN, NaN, NaN, NaN, NaN, NaN, NaN]	0.0	0.0	0.0
1913.906721042869	2.0	trials	3.0	1.0	1.0	0.0	10000.0	1.0	False	0.0	0.0	0.0	[NaN, NaN, NaN, NaN, NaN, NaN, NaN, NaN, NaN, NaN, NaN, NaN, NaN, NaN, NaN, NaN, NaN, NaN, NaN, NaN]	0.0	0.0	0.0
1923.6026706552302	2.0	trials	3.0	1.0	1.0	0.0	10000.0	1.0	False	0.0	0.0	0.0	[NaN, NaN, NaN, NaN, NaN, NaN, NaN, NaN, NaN, NaN, NaN, NaN, NaN, NaN, NaN, NaN, NaN, NaN, NaN, NaN]	0.0	0.0	0.0
1932.6026705061586	2.0	trials	3.0	1.0	1.0	0.0	10000.0	1.0	False	0.0	0.0	0.0	[NaN, NaN, NaN, NaN, NaN, NaN, NaN, NaN, NaN, NaN, NaN, NaN, NaN, NaN, NaN, NaN, NaN, NaN, NaN, NaN]	0.0	0.0	0.0
1942.688628464033	2.0	trials	3.0	1.0	1.0	0.0	10000.0	1.0	False	0.0	0.0	0.0	[NaN, NaN, NaN, NaN, NaN, NaN, NaN, NaN, NaN, NaN, NaN, NaN, NaN, NaN, NaN, NaN, NaN, NaN, NaN, NaN]	0.0	0.0	0.0
1952.5766446586001	2.0	trials	3.0	1.0	1.0	0.0	10000.0	1.0	False	0.0	0.0	0.0	[NaN, NaN, NaN, NaN, NaN, NaN, NaN, NaN, NaN, NaN, NaN, NaN, NaN, NaN, NaN, NaN, NaN, NaN, NaN, NaN]	0.0	0.0	0.0
1961.2887606355246	2.0	trials	3.0	1.0	1.0	0.0	10000.0	1.0	False	0.0	0.0	0.0	[NaN, NaN, NaN, NaN, NaN, NaN, NaN, NaN, NaN, NaN, NaN, NaN, NaN, NaN, NaN, NaN, NaN, NaN, NaN, NaN]	0.0	0.0	0.0
1967.967286353622	2.0	trials	3.0	1.0	1.0	0.0	10000.0	1.0	False	0.0	0.0	0.0	[NaN, NaN, NaN, NaN, NaN, NaN, NaN, NaN, NaN, NaN, NaN, NaN, NaN, NaN, NaN, NaN, NaN, NaN, NaN, NaN]	0.0	0.0	0.0
1976.7753924217882	2.0	trials	3.0	1.0	1.0	0.0	10000.0	1.0	False	0.0	0.0	0.0	[NaN, NaN, NaN, NaN, NaN, NaN, NaN, NaN, NaN, NaN, NaN, NaN, NaN, NaN, NaN, NaN, NaN, NaN, NaN, NaN]	0.0	0.0	0.0
1986.8871838965679	2.0	trials	3.0	1.0	1.0	0.0	10000.0	1.0	False	0.0	0.0	0.0	[NaN, NaN, NaN, NaN, NaN, NaN, NaN, NaN, NaN, NaN, NaN, NaN, NaN, NaN, NaN, NaN, NaN, NaN, NaN, NaN]	0.0	0.0	0.0
1997.246856174023	2.0	trials	3.0	1.0	1.0	0.0	10000.0	1.0	False	0.0	0.0	0.0	[NaN, NaN, NaN, NaN, NaN, NaN, NaN, NaN, NaN, NaN, NaN, NaN, NaN, NaN, NaN, NaN, NaN, NaN, NaN, NaN]	0.0	0.0	0.0
2004.3146990398568	2.0	trials	3.0	1.0	1.0	0.0	10000.0	1.0	False	0.0	0.0	0.0	[NaN, NaN, NaN, NaN, NaN, NaN, NaN, NaN, NaN, NaN, NaN, NaN, NaN, NaN, NaN, NaN, NaN, NaN, NaN, NaN]	0.0	0.0	0.0
2014.8713626836766	2.0	trials	3.0	1.0	1.0	0.0	10000.0	1.0	False	0.0	0.0	0.0	[NaN, NaN, NaN, NaN, NaN, NaN, NaN, NaN, NaN, NaN, NaN, NaN, NaN, NaN, NaN, NaN, NaN, NaN, NaN, NaN]	0.0	0.0	0.0
2023.5630019264659	2.0	trials	3.0	1.0	1.0	0.0	10000.0	1.0	False	0.0	0.0	0.0	[NaN, NaN, NaN, NaN, NaN, NaN, NaN, NaN, NaN, NaN, NaN, NaN, NaN, NaN, NaN, NaN, NaN, NaN, NaN, NaN]	0.0	0.0	0.0
2028.7947642981694	2.0	trials	3.0	1.0	1.0	0.0	10000.0	1.0	False	0.0	0.0	0.0	[NaN, NaN, NaN, NaN, NaN, NaN, NaN, NaN, NaN, NaN, NaN, NaN, NaN, NaN, NaN, NaN, NaN, NaN, NaN, NaN]	0.0	0.0	0.0
2105.8551084286705	2.0	trials	4.0	1.0	1.0	1.0	0.0	1.0	False	0.0	0.0	0.0	[NaN, NaN, NaN, NaN, NaN, NaN, NaN, NaN, NaN, NaN, NaN, NaN, NaN, NaN, NaN, NaN, NaN, NaN, NaN, NaN]	1.0	0.02	5.0
2114.4348600313538	2.0	trials	4.0	1.0	1.0	1.0	0.0	1.0	False	0.0	0.0	0.0	[NaN, NaN, NaN, NaN, NaN, NaN, NaN, NaN, NaN, NaN, NaN, NaN, NaN, NaN, NaN, NaN, NaN, NaN, NaN, NaN]	1.0	0.02	5.0
2121.971162190358	2.0	trials	4.0	1.0	1.0	1.0	0.0	1.0	False	0.0	0.0	0.0	[NaN, NaN, NaN, NaN, NaN, NaN, NaN, NaN, NaN, NaN, NaN, NaN, NaN, NaN, NaN, NaN, NaN, NaN, NaN, NaN]	1.0	0.02	5.0
2129.836992889413	2.0	trials	4.0	1.0	1.0	1.0	0.0	1.0	False	0.0	0.0	0.0	[NaN, NaN, NaN, NaN, NaN, NaN, NaN, NaN, NaN, NaN, NaN, NaN, NaN, NaN, NaN, NaN, NaN, NaN, NaN, NaN]	1.0	0.02	5.0
2138.5311377241433	2.0	trials	4.0	1.0	1.0	1.0	0.0	1.0	False	0.0	0.0	0.0	[NaN, NaN, NaN, NaN, NaN, NaN, NaN, NaN, NaN, NaN, NaN, NaN, NaN, NaN, NaN, NaN, NaN, NaN, NaN, NaN]	1.0	0.02	5.0
2145.082915049935	2.0	trials	4.0	1.0	1.0	1.0	0.0	1.0	False	0.0	0.0	0.0	[NaN, NaN, NaN, NaN, NaN, NaN, NaN, NaN, NaN, NaN, NaN, NaN, NaN, NaN, NaN, NaN, NaN, NaN, NaN, NaN]	1.0	0.02	5.0
2150.4349458347874	2.0	trials	4.0	1.0	1.0	1.0	0.0	1.0	False	0.0	0.0	0.0	[NaN, NaN, NaN, NaN, NaN, NaN, NaN, NaN, NaN, NaN, NaN, NaN, NaN, NaN, NaN, NaN, NaN, NaN, NaN, NaN]	1.0	0.02	5.0
2161.181343268316	2.0	trials	4.0	1.0	1.0	1.0	0.0	1.0	False	0.0	0.0	0.0	[NaN, NaN, NaN, NaN, NaN, NaN, NaN, NaN, NaN, NaN, NaN, NaN, NaN, NaN, NaN, NaN, NaN, NaN, NaN, NaN]	1.0	0.02	5.0
2169.4370095134404	2.0	trials	4.0	1.0	1.0	1.0	0.0	1.0	False	0.0	0.0	0.0	[NaN, NaN, NaN, NaN, NaN, NaN, NaN, NaN, NaN, NaN, NaN, NaN, NaN, NaN, NaN, NaN, NaN, NaN, NaN, NaN]	1.0	0.02	5.0
2176.0189403422414	2.0	trials	4.0	1.0	1.0	1.0	0.0	1.0	False	0.0	0.0	0.0	[NaN, NaN, NaN, NaN, NaN, NaN, NaN, NaN, NaN, NaN, NaN, NaN, NaN, NaN, NaN, NaN, NaN, NaN, NaN, NaN]	1.0	0.02	5.0
2182.511188259513	2.0	trials	4.0	1.0	1.0	1.0	0.0	1.0	False	0.0	0.0	0.0	[NaN, NaN, NaN, NaN, NaN, NaN, NaN, NaN, NaN, NaN, NaN, NaN, NaN, NaN, NaN, NaN, NaN, NaN, NaN, NaN]	1.0	0.02	5.0
2192.675251566157	2.0	trials	4.0	1.0	1.0	1.0	0.0	1.0	False	0.0	0.0	0.0	[NaN, NaN, NaN, NaN, NaN, NaN, NaN, NaN, NaN, NaN, NaN, NaN, NaN, NaN, NaN, NaN, NaN, NaN, NaN, NaN]	1.0	0.02	5.0
2197.9376858392025	2.0	trials	4.0	1.0	1.0	1.0	0.0	1.0	False	0.0	0.0	0.0	[NaN, NaN, NaN, NaN, NaN, NaN, NaN, NaN, NaN, NaN, NaN, NaN, NaN, NaN, NaN, NaN, NaN, NaN, NaN, NaN]	1.0	0.02	5.0
2204.2371759764915	2.0	trials	4.0	1.0	1.0	1.0	0.0	1.0	False	0.0	0.0	0.0	[NaN, NaN, NaN, NaN, NaN, NaN, NaN, NaN, NaN, NaN, NaN, NaN, NaN, NaN, NaN, NaN, NaN, NaN, NaN, NaN]	1.0	0.02	5.0
2214.245374184485	2.0	trials	4.0	1.0	1.0	1.0	0.0	1.0	False	0.0	0.0	0.0	[NaN, NaN, NaN, NaN, NaN, NaN, NaN, NaN, NaN, NaN, NaN, NaN, NaN, NaN, NaN, NaN, NaN, NaN, NaN, NaN]	1.0	0.02	5.0
2222.760066796435	2.0	trials	4.0	1.0	1.0	1.0	0.0	1.0	False	0.0	0.0	0.0	[NaN, NaN, NaN, NaN, NaN, NaN, NaN, NaN, NaN, NaN, NaN, NaN, NaN, NaN, NaN, NaN, NaN, NaN, NaN, NaN]	1.0	0.02	5.0
2228.5915296391636	2.0	trials	4.0	1.0	1.0	1.0	0.0	1.0	False	0.0	0.0	0.0	[NaN, NaN, NaN, NaN, NaN, NaN, NaN, NaN, NaN, NaN, NaN, NaN, NaN, NaN, NaN, NaN, NaN, NaN, NaN, NaN]	1.0	0.02	5.0
2238.366448597515	2.0	trials	4.0	1.0	1.0	1.0	0.0	1.0	False	0.0	0.0	0.0	[NaN, NaN, NaN, NaN, NaN, NaN, NaN, NaN, NaN, NaN, NaN, NaN, NaN, NaN, NaN, NaN, NaN, NaN, NaN, NaN]	1.0	0.02	5.0
2245.607436506417	2.0	trials	4.0	1.0	1.0	1.0	0.0	1.0	False	0.0	0.0	0.0	[NaN, NaN, NaN, NaN, NaN, NaN, NaN, NaN, NaN, NaN, NaN, NaN, NaN, NaN, NaN, NaN, NaN, NaN, NaN, NaN]	1.0	0.02	5.0
2253.168103387051	2.0	trials	4.0	1.0	1.0	1.0	0.0	1.0	False	0.0	0.0	0.0	[NaN, NaN, NaN, NaN, NaN, NaN, NaN, NaN, NaN, NaN, NaN, NaN, NaN, NaN, NaN, NaN, NaN, NaN, NaN, NaN]	1.0	0.02	5.0
2263.913896022525	2.0	trials	4.0	1.0	1.0	1.0	0.0	1.0	False	0.0	0.0	0.0	[NaN, NaN, NaN, NaN, NaN, NaN, NaN, NaN, NaN, NaN, NaN, NaN, NaN, NaN, NaN, NaN, NaN, NaN, NaN, NaN]	1.0	0.02	5.0
2272.061389815593	2.0	trials	4.0	1.0	1.0	1.0	0.0	1.0	False	0.0	0.0	0.0	[NaN, NaN, NaN, NaN, NaN, NaN, NaN, NaN, NaN, NaN, NaN, NaN, NaN, NaN, NaN, NaN, NaN, NaN, NaN, NaN]	1.0	0.02	5.0
2278.847569587414	2.0	trials	4.0	1.0	1.0	1.0	0.0	1.0	False	0.0	0.0	0.0	[NaN, NaN, NaN, NaN, NaN, NaN, NaN, NaN, NaN, NaN, NaN, NaN, NaN, NaN, NaN, NaN, NaN, NaN, NaN, NaN]	1.0	0.02	5.0
2287.45721549394	2.0	trials	4.0	1.0	1.0	1.0	0.0	1.0	False	0.0	0.0	0.0	[NaN, NaN, NaN, NaN, NaN, NaN, NaN, NaN, NaN, NaN, NaN, NaN, NaN, NaN, NaN, NaN, NaN, NaN, NaN, NaN]	1.0	0.02	5.0
2293.955684191202	2.0	trials	4.0	1.0	1.0	1.0	0.0	1.0	False	0.0	0.0	0.0	[NaN, NaN, NaN, NaN, NaN, NaN, NaN, NaN, NaN, NaN, NaN, NaN, NaN, NaN, NaN, NaN, NaN, NaN, NaN, NaN]	1.0	0.02	5.0
2303.904007391788	2.0	trials	4.0	1.0	1.0	1.0	0.0	1.0	False	0.0	0.0	0.0	[NaN, NaN, NaN, NaN, NaN, NaN, NaN, NaN, NaN, NaN, NaN, NaN, NaN, NaN, NaN, NaN, NaN, NaN, NaN, NaN]	1.0	0.02	5.0
2310.805617192321	2.0	trials	4.0	1.0	1.0	1.0	0.0	1.0	False	0.0	0.0	0.0	[NaN, NaN, NaN, NaN, NaN, NaN, NaN, NaN, NaN, NaN, NaN, NaN, NaN, NaN, NaN, NaN, NaN, NaN, NaN, NaN]	1.0	0.02	5.0
2316.7974379192483	2.0	trials	4.0	1.0	1.0	1.0	0.0	1.0	False	0.0	0.0	0.0	[NaN, NaN, NaN, NaN, NaN, NaN, NaN, NaN, NaN, NaN, NaN, NaN, NaN, NaN, NaN, NaN, NaN, NaN, NaN, NaN]	1.0	0.02	5.0
2323.3622616030752	2.0	trials	4.0	1.0	1.0	1.0	0.0	1.0	False	0.0	0.0	0.0	[NaN, NaN, NaN, NaN, NaN, NaN, NaN, NaN, NaN, NaN, NaN, NaN, NaN, NaN, NaN, NaN, NaN, NaN, NaN, NaN]	1.0	0.02	5.0
2330.8797286226645	2.0	trials	4.0	1.0	1.0	1.0	0.0	1.0	False	0.0	0.0	0.0	[NaN, NaN, NaN, NaN, NaN, NaN, NaN, NaN, NaN, NaN, NaN, NaN, NaN, NaN, NaN, NaN, NaN, NaN, NaN, NaN]	1.0	0.02	5.0
2336.555412766465	2.0	trials	4.0	1.0	1.0	1.0	0.0	1.0	False	0.0	0.0	0.0	[NaN, NaN, NaN, NaN, NaN, NaN, NaN, NaN, NaN, NaN, NaN, NaN, NaN, NaN, NaN, NaN, NaN, NaN, NaN, NaN]	1.0	0.02	5.0
2342.3958611802914	2.0	trials	4.0	1.0	1.0	1.0	0.0	1.0	False	0.0	0.0	0.0	[NaN, NaN, NaN, NaN, NaN, NaN, NaN, NaN, NaN, NaN, NaN, NaN, NaN, NaN, NaN, NaN, NaN, NaN, NaN, NaN]	1.0	0.02	5.0
2348.1595002411796	2.0	trials	4.0	1.0	1.0	1.0	0.0	1.0	False	0.0	0.0	0.0	[NaN, NaN, NaN, NaN, NaN, NaN, NaN, NaN, NaN, NaN, NaN, NaN, NaN, NaN, NaN, NaN, NaN, NaN, NaN, NaN]	1.0	0.02	5.0
2359.200347927591	2.0	trials	4.0	1.0	1.0	1.0	0.0	1.0	False	0.0	0.0	0.0	[NaN, NaN, NaN, NaN, NaN, NaN, NaN, NaN, NaN, NaN, NaN, NaN, NaN, NaN, NaN, NaN, NaN, NaN, NaN, NaN]	1.0	0.02	5.0
2367.437438232466	2.0	trials	4.0	1.0	1.0	1.0	0.0	1.0	False	0.0	0.0	0.0	[NaN, NaN, NaN, NaN, NaN, NaN, NaN, NaN, NaN, NaN, NaN, NaN, NaN, NaN, NaN, NaN, NaN, NaN, NaN, NaN]	1.0	0.02	5.0
2377.182635686418	2.0	trials	4.0	1.0	1.0	1.0	0.0	1.0	False	0.0	0.0	0.0	[NaN, NaN, NaN, NaN, NaN, NaN, NaN, NaN, NaN, NaN, NaN, NaN, NaN, NaN, NaN, NaN, NaN, NaN, NaN, NaN]	1.0	0.02	5.0
2385.831161467885	2.0	trials	4.0	1.0	1.0	1.0	0.0	1.0	False	0.0	0.0	0.0	[NaN, NaN, NaN, NaN, NaN, NaN, NaN, NaN, NaN, NaN, NaN, NaN, NaN, NaN, NaN, NaN, NaN, NaN, NaN, NaN]	1.0	0.02	5.0
2395.109886822275	2.0	trials	4.0	1.0	1.0	1.0	0.0	1.0	False	0.0	0.0	0.0	[NaN, NaN, NaN, NaN, NaN, NaN, NaN, NaN, NaN, NaN, NaN, NaN, NaN, NaN, NaN, NaN, NaN, NaN, NaN, NaN]	1.0	0.02	5.0
2401.855804323602	2.0	trials	4.0	1.0	1.0	1.0	0.0	1.0	False	0.0	0.0	0.0	[NaN, NaN, NaN, NaN, NaN, NaN, NaN, NaN, NaN, NaN, NaN, NaN, NaN, NaN, NaN, NaN, NaN, NaN, NaN, NaN]	1.0	0.02	5.0
2409.07225471143	2.0	trials	4.0	1.0	1.0	1.0	0.0	1.0	False	0.0	0.0	0.0	[NaN, NaN, NaN, NaN, NaN, NaN, NaN, NaN, NaN, NaN, NaN, NaN, NaN, NaN, NaN, NaN, NaN, NaN, NaN, NaN]	1.0	0.02	5.0
2417.664361474372	2.0	trials	4.0	1.0	1.0	1.0	0.0	1.0	False	0.0	0.0	0.0	[NaN, NaN, NaN, NaN, NaN, NaN, NaN, NaN, NaN, NaN, NaN, NaN, NaN, NaN, NaN, NaN, NaN, NaN, NaN, NaN]	1.0	0.02	5.0
2424.5645888793515	2.0	trials	4.0	1.0	1.0	1.0	0.0	1.0	False	0.0	0.0	0.0	[NaN, NaN, NaN, NaN, NaN, NaN, NaN, NaN, NaN, NaN, NaN, NaN, NaN, NaN, NaN, NaN, NaN, NaN, NaN, NaN]	1.0	0.02	5.0
2435.3645541405763	2.0	trials	4.0	1.0	1.0	1.0	0.0	1.0	False	0.0	0.0	0.0	[NaN, NaN, NaN, NaN, NaN, NaN, NaN, NaN, NaN, NaN, NaN, NaN, NaN, NaN, NaN, NaN, NaN, NaN, NaN, NaN]	1.0	0.02	5.0
2441.052420645192	2.0	trials	4.0	1.0	1.0	1.0	0.0	1.0	False	0.0	0.0	0.0	[NaN, NaN, NaN, NaN, NaN, NaN, NaN, NaN, NaN, NaN, NaN, NaN, NaN, NaN, NaN, NaN, NaN, NaN, NaN, NaN]	1.0	0.02	5.0
2449.8297684122945	2.0	trials	4.0	1.0	1.0	1.0	0.0	1.0	False	0.0	0.0	0.0	[NaN, NaN, NaN, NaN, NaN, NaN, NaN, NaN, NaN, NaN, NaN, NaN, NaN, NaN, NaN, NaN, NaN, NaN, NaN, NaN]	1.0	0.02	5.0
2458.5361820075614	2.0	trials	4.0	1.0	1.0	1.0	0.0	1.0	False	0.0	0.0	0.0	[NaN, NaN, NaN, NaN, NaN, NaN, NaN, NaN, NaN, NaN, NaN, NaN, NaN, NaN, NaN, NaN, NaN, NaN, NaN, NaN]	1.0	0.02	5.0
2464.7586899924686	2.0	trials	4.0	1.0	1.0	1.0	0.0	1.0	False	0.0	0.0	0.0	[NaN, NaN, NaN, NaN, NaN, NaN, NaN, NaN, NaN, NaN, NaN, NaN, NaN, NaN, NaN, NaN, NaN, NaN, NaN, NaN]	1.0	0.02	5.0
2473.709960400138	2.0	trials	4.0	1.0	1.0	1.0	0.0	1.0	False	0.0	0.0	0.0	[NaN, NaN, NaN, NaN, NaN, NaN, NaN, NaN, NaN, NaN, NaN, NaN, NaN, NaN, NaN, NaN, NaN, NaN, NaN, NaN]	1.0	0.02	5.0
2484.3003199355726	2.0	trials	4.0	1.0	1.0	1.0	0.0	1.0	False	0.0	0.0	0.0	[NaN, NaN, NaN, NaN, NaN, NaN, NaN, NaN, NaN, NaN, NaN, NaN, NaN, NaN, NaN, NaN, NaN, NaN, NaN, NaN]	1.0	0.02	5.0
2494.590181237579	2.0	trials	4.0	1.0	1.0	1.0	0.0	1.0	False	0.0	0.0	0.0	[NaN, NaN, NaN, NaN, NaN, NaN, NaN, NaN, NaN, NaN, NaN, NaN, NaN, NaN, NaN, NaN, NaN, NaN, NaN, NaN]	1.0	0.02	5.0
2562.8193505741156	2.0	trials	5.0	0.0	0.0	0.0	0.0	0.0	True	40.0	0.0	0.005	[29670371.975735873, 29670661.974803068, 29670950.973873485, 29671241.972937465, 29671530.972007878, 29671820.97107508, 29672110.97014227, 29672398.969215903, 29672689.968279887, 29672978.967350304, 29673267.966420714, 29673558.965484697, 29673847.96455511, 29674136.96362552, 29674427.962689504, 29674716.96175992, 29675006.960827116, 29675293.959903963, 29675584.958967946, 29675874.95803515]	0.0	0.0	0.0
2570.337163192593	2.0	trials	5.0	0.0	0.0	0.0	0.0	0.0	True	40.0	0.0	0.005	[29757383.695856582, 29757674.694920566, 29757963.693990976, 29758252.69306139, 29758542.69212859, 29758832.691195782, 29759122.690262984, 29759412.689330183, 29759701.688400596, 29759990.687471014, 29760280.68653821, 29760570.68560541, 29760860.6846726, 29761149.68374302, 29761438.682813432, 29761729.681877412, 29762017.680951044, 29762307.680018242, 29762597.679085445, 29762886.67815585]	0.0	0.0	0.0
2576.4812202298426	2.0	trials	5.0	0.0	0.0	0.0	0.0	0.0	True	40.0	0.0	0.005	[29828497.46711416, 29828786.466184575, 29829075.465254985, 29829365.464322187, 29829655.463389385, 29829944.46245979, 29830234.461526994, 29830524.460594192, 29830813.459664606, 29831103.458731804, 29831391.457805436, 29831682.456869416, 29831971.45593983, 29832260.455010243, 29832550.45407744, 29832841.45314142, 29833130.452211834, 29833420.451279037, 29833710.450346235, 29833999.449416645]	0.0	0.0	0.0
2584.1842738524806	2.0	trials	5.0	0.0	0.0	0.0	0.0	0.0	True	40.0	0.0	0.005	[29917650.180348214, 29917941.179412194, 29918231.178479396, 29918519.177553028, 29918809.17662022, 29919099.17568742, 29919389.17475462, 29919679.173821814, 29919969.172889013, 29920259.171956215, 29920548.171026625, 29920838.17009382, 29921127.169164237, 29921416.168234654, 29921707.16729863, 29921996.166369043, 29922285.165439464, 29922576.164503437, 29922866.16357064, 29923155.162641056]	0.0	0.0	0.0
2591.3972682514254	2.0	trials	5.0	0.0	0.0	0.0	0.0	0.0	True	40.0	0.0	0.005	[30001135.911810514, 30001424.910880927, 30001715.909944914, 30002004.909015328, 30002293.908085737, 30002583.907152932, 30002873.906220134, 30003163.90528733, 30003452.904357743, 30003741.903428163, 30004031.90249536, 30004321.901562557, 30004611.90062975, 30004900.89970017, 30005191.89876415, 30005480.89783456, 30005769.896904975, 30006058.895975396, 30006348.895042587, 30006638.894109786]	0.0	0.0	0.0
2598.3752554062858	2.0	trials	5.0	0.0	0.0	0.0	0.0	0.0	True	40.0	0.0	0.005	[30081898.652031504, 30082188.651098702, 30082477.650169116, 30082767.649236318, 30083057.64830351, 30083346.647373926, 30083634.646447558, 30083926.64550832, 30084216.64457552, 30084504.643649153, 30084794.64271635, 30085084.641783547, 30085374.640850745, 30085663.63992116, 30085953.638988357, 30086242.63805877, 30086533.637122754, 30086822.636193164, 30087111.635263577, 30087402.634327564]	0.0	0.0	0.0
2605.851509758438	2.0	trials	5.0	0.0	0.0	0.0	0.0	0.0	True	40.0	0.0	0.005	[30168430.373696163, 30168719.372766573, 30169010.37183056, 30169298.37090419, 30169589.36996817, 30169877.3690418, 30170169.36810257, 30170458.367172983, 30170748.366240177, 30171036.365313806, 30171326.364381008, 30171616.363448203, 30171905.362518616, 30172195.36158582, 30172484.36065623, 30172774.35972343, 30173065.35878741, 30173354.357857823, 30173643.356928237, 30173934.355992217]	0.0	0.0	0.0
2612.385575141201	2.0	trials	5.0	0.0	0.0	0.0	0.0	0.0	True	40.0	0.0	0.005	[30244055.130443837, 30244346.129507825, 30244635.128578234, 30244926.127642218, 30245214.12671585, 30245504.12578304, 30245793.124853455, 30246084.12391744, 30246373.122987855, 30246662.122058265, 30246951.12112868, 30247241.12019588, 30247532.11925986, 30247821.118330274, 30248110.11740069, 30248400.116467893, 30248690.115535084, 30248980.114602283, 30249269.1136727, 30249558.11274311]	0.0	0.0	0.0
2620.13744460682	2.0	trials	5.0	0.0	0.0	0.0	0.0	0.0	True	40.0	0.0	0.005	[30333775.841850888, 30334066.840914868, 30334356.83998207, 30334645.839052487, 30334935.83811968, 30335225.83718688, 30335514.836257294, 30335802.835330926, 30336094.834391687, 30336381.83346853, 30336673.832529295, 30336962.831599712, 30337251.83067013, 30337542.829734113, 30337831.828804523, 30338120.827874936, 30338409.82694535, 30338699.82601255, 30338990.825076528, 30339279.82414694]	0.0	0.0	0.0
2628.1115341576538	2.0	trials	5.0	0.0	0.0	0.0	0.0	0.0	True	40.0	0.0	0.005	[30426069.544981733, 30426359.54404893, 30426649.543116122, 30426938.54218654, 30427228.541253738, 30427517.54032415, 30427806.53939457, 30428096.538461763, 30428386.537528962, 30428675.536599375, 30428965.535666574, 30429254.534736987, 30429544.53380419, 30429833.5328746, 30430123.531941794, 30430413.531009, 30430702.530079406, 30430992.529146604, 30431281.528217025, 30431571.52728422]	0.0	0.0	0.0
2634.6514747215188	2.0	trials	5.0	0.0	0.0	0.0	0.0	0.0	True	40.0	0.0	0.005	[30501762.301510677, 30502052.30057788, 30502342.299645074, 30502631.29871549, 30502921.297782686, 30503211.296849884, 30503501.295917083, 30503789.29499071, 30504080.2940547, 30504370.293121893, 30504658.29219552, 30504948.29126272, 30505238.290329922, 30505529.2893939, 30505817.288467526, 30506106.287537947, 30506397.286601927, 30506686.28567234, 30506976.28473954, 30507265.283809952]	0.0	0.0	0.0
2640.831819642046	2.0	trials	5.0	0.0	0.0	0.0	0.0	0.0	True	40.0	0.0	0.005	[30573295.07142052, 30573585.07048771, 30573873.069561344, 30574164.068625327, 30574454.067692522, 30574743.066762935, 30575033.065830138, 30575323.064897336, 30575611.06397096, 30575901.063038163, 30576190.062108576, 30576481.061172556, 30576771.060239755, 30577060.059310168, 30577349.058380585, 30577639.05744778, 30577928.056518193, 30578219.05558218, 30578508.05465259, 30578798.053719785]	0.0	0.0	0.0
2648.4698142739503	2.0	trials	5.0	0.0	0.0	0.0	0.0	0.0	True	40.0	0.0	0.005	[30661698.787063774, 30661986.786137406, 30662275.78520782, 30662566.784271803, 30662855.783342212, 30663145.782409415, 30663434.78147983, 30663723.780550245, 30664013.779617436, 30664304.77868142, 30664593.777751837, 30664882.77682225, 30665173.77588623, 30665462.774956644, 30665751.774027064, 30666041.773094255, 30666331.772161458, 30666621.771228656, 30666909.77030228, 30667199.76936948]	0.0	0.0	0.0
2655.897425582566	2.0	trials	5.0	0.0	0.0	0.0	0.0	0.0	True	40.0	0.0	0.005	[30747664.510549013, 30747955.509612985, 30748244.508683406, 30748533.50775382, 30748823.50682101, 30749113.505888212, 30749403.50495541, 30749692.50402582, 30749981.50309624, 30750271.502163436, 30750561.501230627, 30750852.500294615, 30751140.499368247, 30751429.49843866, 30751720.49750264, 30752009.496573053, 30752299.495640256, 30752589.494707447, 30752878.493777864, 30753168.492845066]	0.0	0.0	0.0
2662.9777964081027	2.0	trials	5.0	0.0	0.0	0.0	0.0	0.0	True	40.0	0.0	0.005	[30829613.24695516, 30829903.246022355, 30830193.245089557, 30830482.24415997, 30830772.24322716, 30831062.242294364, 30831350.241367996, 30831641.24043198, 30831931.239499174, 30832220.238569587, 30832510.23763679, 30832800.23670398, 30833089.235774394, 30833379.234841596, 30833668.233912013, 30833957.23298242, 30834247.23204962, 30834537.23111682, 30834826.23018723, 30835117.229251213]	0.0	0.0	0.0
2669.8775918144725	2.0	trials	5.0	0.0	0.0	0.0	0.0	0.0	True	40.0	0.0	0.005	[30909471.990083918, 30909761.989151116, 30910051.98821832, 30910341.98728551, 30910629.98635914, 30910920.98542313, 30911209.984493535, 30911499.983560737, 30911790.982624717, 30912078.98169835, 30912368.980765548, 30912658.979832746, 30912947.97890316, 30913236.977973573, 30913526.97704077, 30913817.976104755, 30914106.975175165, 30914397.97423915, 30914686.973309565, 30914976.972376756]	0.0	0.0	0.0
2676.025018440883	2.0	trials	5.0	0.0	0.0	0.0	0.0	0.0	True	40.0	0.0	0.005	[30980621.7612257, 30980912.76028968, 30981202.75935688, 30981493.758420862, 30981782.757491276, 30982070.756564908, 30982360.755632102, 30982651.754696086, 30982939.753769718, 30983230.752833698, 30983519.75190411, 30983810.75096809, 30984099.750038505, 30984388.74910892, 30984678.748176116, 30984967.74724653, 30985257.74631373, 30985547.745380927, 30985837.74444813, 30986125.743521754]	0.0	0.0	0.0
2682.034205511951	2.0	trials	5.0	0.0	0.0	0.0	0.0	0.0	True	40.0	0.0	0.005	[31050174.537504327, 31050463.53657474, 31050753.53564194, 31051042.534712356, 31051332.533779547, 31051622.532846745, 31051912.531913947, 31052202.53098114, 31052490.53005477, 31052780.529121973, 31053069.52819239, 31053360.52725637, 31053650.526323564, 31053939.525393978, 31054228.524464395, 31054518.52353159, 31054809.52259557, 31055097.5216692, 31055388.52073318, 31055676.519806813]	0.0	0.0	0.0
2688.0724228896406	2.0	trials	5.0	0.0	0.0	0.0	0.0	0.0	True	40.0	0.0	0.005	[31120061.31270862, 31120351.31177582, 31120640.310846232, 31120930.30991343, 31121219.308983844, 31121509.308051042, 31121798.30712146, 31122088.30618865, 31122378.30525585, 31122666.30432948, 31122957.30339346, 31123246.302463874, 31123536.301531076, 31123827.300595053, 31124116.299665473, 31124405.298735887, 31124696.297799867, 31124985.29687028, 31125274.295940693, 31125564.295007892]	0.0	0.0	0.0
2694.6641168870374	2.0	trials	5.0	0.0	0.0	0.0	0.0	0.0	True	40.0	0.0	0.005	[31196354.067307632, 31196644.06637483, 31196933.065445248, 31197223.06451244, 31197512.063582856, 31197802.06265006, 31198091.06172047, 31198382.06078445, 31198671.059854865, 31198960.05892528, 31199251.05798926, 31199541.057056457, 31199830.05612687, 31200120.05519407, 31200409.054264482, 31200698.053334896, 31200987.052405313, 31201277.051472507, 31201568.050536495, 31201858.04960369]	0.0	0.0	0.0
2699.8124171272025	2.0	trials	5.0	0.0	0.0	0.0	0.0	0.0	True	40.0	0.0	0.005	[31255940.87564249, 31256230.87470969, 31256519.8737801, 31256808.872850515, 31257098.871917717, 31257388.870984916, 31257677.870055325, 31257968.86911931, 31258259.86818329, 31258546.86726014, 31258836.866327334, 31259126.865394533, 31259415.86446495, 31259705.863532145, 31259995.862599347, 31260284.86166976, 31260574.86073695, 31260864.859804153, 31261152.858877786, 31261444.857938547]	0.0	0.0	0.0
2707.0608354122037	2.0	trials	5.0	0.0	0.0	0.0	0.0	0.0	True	40.0	0.0	0.005	[31339834.605792437, 31340123.60486285, 31340412.603933264, 31340703.602997243, 31340991.602070875, 31341281.601138074, 31341573.60019884, 31341861.599272467, 31342150.598342884, 31342441.59740686, 31342729.596480493, 31343020.595544476, 31343310.59461167, 31343599.593682088, 31343889.592749286, 31344179.59181649, 31344468.5908869, 31344757.58995731, 31345047.58902451, 31345337.588091705]	0.0	0.0	0.0
2713.0505825458013	2.0	trials	5.0	0.0	0.0	0.0	0.0	0.0	True	40.0	0.0	0.005	[31409159.382804435, 31409449.381871633, 31409739.380938835, 31410028.38000924, 31410318.379076444, 31410608.378143642, 31410898.37721084, 31411187.376281254, 31411476.375351667, 31411767.374415647, 31412055.37348928, 31412344.372559693, 31412634.37162689, 31412925.37069087, 31413214.369761284, 31413505.36882527, 31413794.367895678, 31414084.366962876, 31414373.366033297, 31414662.36510371]	0.0	0.0	0.0
2720.3002968266337	2.0	trials	5.0	0.0	0.0	0.0	0.0	0.0	True	40.0	0.0	0.005	[31493069.112902913, 31493358.111973327, 31493648.11104053, 31493937.11011094, 31494226.109181352, 31494517.10824534, 31494805.10731897, 31495095.106386162, 31495386.105450146, 31495675.10452056, 31495966.10358454, 31496255.102654956, 31496544.10172537, 31496834.10079257, 31497124.099859763, 31497413.098930176, 31497702.098000597, 31497991.097071007, 31498282.096134987, 31498571.095205408]	0.0	0.0	0.0
2726.2180729917304	2.0	trials	5.0	0.0	0.0	0.0	0.0	0.0	True	40.0	0.0	0.005	[31561561.89259109, 31561851.89165829, 31562140.890728705, 31562429.889799118, 31562719.888866317, 31563009.887933515, 31563299.887000717, 31563589.88606791, 31563877.88514154, 31564167.884208735, 31564457.883275937, 31564747.882343132, 31565036.88141355, 31565326.880480748, 31565616.87954794, 31565905.87861836, 31566196.87768234, 31566484.87675597, 31566774.875823166, 31567064.874890365]	0.0	0.0	0.0
2731.8516804708734	2.0	trials	5.0	0.0	0.0	0.0	0.0	0.0	True	40.0	0.0	0.005	[31626764.682861753, 31627055.681925733, 31627344.680996146, 31627634.68006335, 31627923.679133758, 31628212.67820417, 31628502.677271374, 31628792.676338572, 31629081.67540898, 31629371.674476184, 31629660.673546597, 31629951.672610577, 31630241.671677776, 31630529.670751404, 31630819.669818606, 31631110.668882582, 31631398.667956214, 31631688.667023417, 31631977.666093826, 31632267.66516102]	0.0	0.0	0.0
2737.91210257714	2.0	trials	5.0	0.0	0.0	0.0	0.0	0.0	True	40.0	0.0	0.005	[31696909.45723618, 31697198.456306588, 31697488.455373783, 31697777.454444204, 31698067.453511395, 31698356.45258181, 31698646.451649014, 31698935.450719427, 31699225.44978662, 31699516.448850606, 31699804.447924234, 31700095.446988214, 31700384.44605863, 31700673.445129044, 31700964.444193024, 31701252.443266656, 31701542.44233385, 31701832.441401053, 31702122.440468248, 31702412.43953545]	0.0	0.0	0.0
2745.670452021916	2.0	trials	5.0	0.0	0.0	0.0	0.0	0.0	True	40.0	0.0	0.005	[31786705.16840198, 31786994.167472396, 31787285.16653638, 31787574.16560679, 31787863.164677206, 31788153.163744405, 31788443.162811596, 31788733.1618788, 31789021.16095243, 31789311.16001963, 31789600.159090042, 31789890.15815724, 31790181.157221224, 31790470.156291634, 31790760.155358832, 31791049.15442925, 31791340.153493226, 31791629.15256364, 31791918.15163406, 31792207.150704473]	0.0	0.0	0.0
2751.826000222203	2.0	trials	5.0	0.0	0.0	0.0	0.0	0.0	True	40.0	0.0	0.005	[31857948.939241406, 31858238.9383086, 31858528.9373758, 31858818.936443, 31859107.935513414, 31859398.934577394, 31859687.93364781, 31859976.932718225, 31860265.931788635, 31860555.930855837, 31860846.929919817, 31861135.92899023, 31861425.92805743, 31861715.92712463, 31862003.926198255, 31862294.925262235, 31862584.924329437, 31862872.92340307, 31863162.92247026, 31863452.92153746]	0.0	0.0	0.0
2758.360152004688	2.0	trials	5.0	0.0	0.0	0.0	0.0	0.0	True	40.0	0.0	0.005	[31933576.69597943, 31933866.695046626, 31934156.69411383, 31934446.693181023, 31934734.692254655, 31935025.691318635, 31935314.69038905, 31935604.689456254, 31935894.688523445, 31936182.687597077, 31936473.68666106, 31936761.685734693, 31937052.684798665, 31937341.683869086, 31937631.682936285, 31937920.682006694, 31938212.68106746, 31938500.68014109, 31938789.6792115, 31939080.67827549]	0.0	0.0	0.0
2764.6189478728734	2.0	trials	5.0	0.0	0.0	0.0	0.0	0.0	True	40.0	0.0	0.005	[32006016.462971848, 32006305.46204226, 32006596.46110624, 32006885.460176658, 32007174.45924707, 32007464.458314274, 32007753.457384683, 32008044.456448667, 32008334.455515865, 32008623.454586275, 32008913.453653477, 32009202.45272389, 32009492.45179109, 32009782.450858284, 32010070.449931916, 32010361.448995896, 32010650.44806631, 32010939.447136726, 32011229.44620392, 32011519.445271123]	0.0	0.0	0.0
2771.866847759542	2.0	trials	5.0	0.0	0.0	0.0	0.0	0.0	True	40.0	0.0	0.005	[32089903.19314431, 32090193.192211505, 32090482.191281922, 32090773.190345902, 32091063.189413097, 32091352.188483514, 32091641.187553927, 32091931.186621122, 32092220.18569154, 32092511.18475552, 32092799.18382915, 32093091.182889916, 32093379.181963544, 32093669.18103074, 32093958.18010116, 32094248.17916836, 32094538.178235553, 32094827.17730597, 32095118.17636995, 32095407.175440364]	0.0	0.0	0.0
2778.3719692354052	2.0	trials	5.0	0.0	0.0	0.0	0.0	0.0	True	40.0	0.0	0.005	[32165192.950969532, 32165482.950036727, 32165772.949103925, 32166062.948171128, 32166352.94723832, 32166641.946308732, 32166930.94537915, 32167221.94444313, 32167510.943513542, 32167800.942580745, 32168090.941647943, 32168380.940715138, 32168668.93978877, 32168959.93885275, 32169248.937923163, 32169538.93699036, 32169828.93605756, 32170117.935127977, 32170407.93419517, 32170696.933265585]	0.0	0.0	0.0
2785.8223036709305	2.0	trials	5.0	0.0	0.0	0.0	0.0	0.0	True	40.0	0.0	0.005	[32251423.673602372, 32251713.67266957, 32252005.67173034, 32252293.67080397, 32252582.669874378, 32252873.668938365, 32253162.66800878, 32253452.66707597, 32253741.666146386, 32254030.665216804, 32254321.664280783, 32254609.66335441, 32254900.662418395, 32255189.66148881, 32255480.66055279, 32255768.65962642, 32256059.6586904, 32256348.65776082, 32256638.656828012, 32256926.655901644]	0.0	0.0	0.0
2791.2882092894974	2.0	trials	5.0	0.0	0.0	0.0	0.0	0.0	True	40.0	0.0	0.005	[32314689.47010351, 32314978.469173923, 32315267.468244344, 32315557.467311535, 32315846.46638195, 32316137.465445932, 32316426.46451634, 32316716.463583544, 32317006.462650742, 32317296.461717937, 32317585.460788354, 32317873.459861986, 32318163.45892918, 32318453.45799638, 32318742.457066793, 32319032.45613399, 32319323.45519797, 32319611.454271603, 32319901.453338798, 32320192.452402778]	0.0	0.0	0.0
2796.568182706127	2.0	trials	5.0	0.0	0.0	0.0	0.0	0.0	True	40.0	0.0	0.005	[32375797.273545984, 32376088.272609964, 32376378.27167716, 32376667.270747576, 32376958.269811552, 32377246.268885184, 32377536.267952383, 32377825.267022803, 32378115.266089994, 32378405.265157197, 32378695.264224395, 32378983.26329802, 32379274.262362003, 32379564.2614292, 32379853.26049961, 32380144.259563595, 32380433.258634012, 32380721.25770764, 32381011.25677484, 32381302.25583882]	0.0	0.0	0.0
2803.9349686103915	2.0	trials	5.0	0.0	0.0	0.0	0.0	0.0	True	40.0	0.0	0.005	[32461061.999286022, 32461352.998350002, 32461640.99742363, 32461931.99648761, 32462221.99555481, 32462510.99462523, 32462799.993695643, 32463089.992762834, 32463379.991830036, 32463668.99090045, 32463957.989970867, 32464248.989034846, 32464536.98810848, 32464827.987172462, 32465116.98624287, 32465407.98530685, 32465695.984380484, 32465986.983444463, 32466274.982518096, 32466565.98158208]	0.0	0.0	0.0
2810.536166577218	2.0	trials	5.0	0.0	0.0	0.0	0.0	0.0	True	40.0	0.0	0.005	[32537465.753527995, 32537755.752595194, 32538044.751665607, 32538334.750732806, 32538622.749806438, 32538912.748873632, 32539203.747937612, 32539493.747004814, 32539781.746078447, 32540072.745142426, 32540360.744216055, 32540650.743283257, 32540939.742353667, 32541229.74142087, 32541519.740488064, 32541809.739555255, 32542098.738625675, 32542388.737692874, 32542678.736760076, 32542967.735830486]	0.0	0.0	0.0
2816.9981745917585	2.0	trials	5.0	0.0	0.0	0.0	0.0	0.0	True	40.0	0.0	0.005	[32612257.512955066, 32612546.51202548, 32612835.511095893, 32613125.51016309, 32613415.509230286, 32613704.508300703, 32613994.507367905, 32614284.506435096, 32614573.505505517, 32614863.504572712, 32615154.50363669, 32615443.502707105, 32615732.501777522, 32616022.500844717, 32616312.499911916, 32616602.498979114, 32616891.49804953, 32617180.49711994, 32617471.496183924, 32617760.49525434]	0.0	0.0	0.0
2823.790834342736	2.0	trials	5.0	0.0	0.0	0.0	0.0	0.0	True	40.0	0.0	0.005	[32690875.260075577, 32691166.259139556, 32691455.25820997, 32691744.25728039, 32692033.256350804, 32692324.25541478, 32692613.254485197, 32692903.253552396, 32693191.252626028, 32693481.25169322, 32693772.250757203, 32694062.2498244, 32694350.248898033, 32694640.247965228, 32694931.247029215, 32695221.246096406, 32695509.24517004, 32695800.24423402, 32696089.24330443, 32696378.242374845]	0.0	0.0	0.0
2831.074244515184	2.0	trials	5.0	0.0	0.0	0.0	0.0	0.0	True	40.0	0.0	0.005	[32775175.98891638, 32775463.98799001, 32775753.987057213, 32776043.986124404, 32776333.985191606, 32776621.984265234, 32776912.983329214, 32777201.982399628, 32777491.98146683, 32777781.98053403, 32778070.97960444, 32778359.978674855, 32778649.977742054, 32778940.976806033, 32779228.975879665, 32779518.97494686, 32779808.974014062, 32780098.973081257, 32780388.97214846, 32780677.971218873]	0.0	0.0	0.0
2837.031850952164	2.0	trials	5.0	0.0	0.0	0.0	0.0	0.0	True	40.0	0.0	0.005	[32844128.767124947, 32844418.76619214, 32844707.76526255, 32844996.764332972, 32845287.763396945, 32845576.762467366, 32845865.76153778, 32846155.760604978, 32846444.759675387, 32846735.75873937, 32847024.757809784, 32847315.756873764, 32847604.75594418, 32847893.755014595, 32848183.75408179, 32848472.753152207, 32848762.75221941, 32849051.751289822, 32849342.7503538, 32849630.749427427]	0.0	0.0	0.0
2842.5348220515075	2.0	trials	5.0	0.0	0.0	0.0	0.0	0.0	True	40.0	0.0	0.005	[32907820.562255822, 32908110.56132302, 32908398.560396653, 32908687.559467066, 32908979.558527827, 32909268.557598244, 32909557.556668658, 32909847.55573586, 32910136.55480627, 32910427.553870253, 32910716.55294067, 32911005.552011076, 32911295.55107828, 32911584.550148696, 32911875.549212676, 32912164.54828309, 32912453.547353502, 32912743.5464207, 32913032.545491114, 32913323.544555094]	0.0	0.0	0.0
2848.9424846408533	2.0	trials	5.0	0.0	0.0	0.0	0.0	0.0	True	40.0	0.0	0.005	[32981982.323709324, 32982273.322773308, 32982563.3218405, 32982852.32091092, 32983141.319981333, 32983431.31904853, 32983721.318115726, 32984010.317186143, 32984300.316253338, 32984590.315320536, 32984881.31438452, 32985169.31345815, 32985459.31252535, 32985748.31159576, 32986037.310666174, 32986327.309733376, 32986617.308800567, 32986907.30786777, 32987196.306938183, 32987486.30600538]	0.0	0.0	0.0
2855.992529163936	2.0	trials	5.0	0.0	0.0	0.0	0.0	0.0	True	40.0	0.0	0.005	[33063581.061241273, 33063870.06031169, 33064161.059375666, 33064449.0584493, 33064740.057513278, 33065028.05658691, 33065319.05565089, 33065608.054721307, 33065897.053791724, 33066188.0528557, 33066477.051926117, 33066766.050996535, 33067057.050060514, 33067346.049130928, 33067635.04820134, 33067926.04726532, 33068215.046335734, 33068504.04540615, 33068794.044473343, 33069084.043540545]	0.0	0.0	0.0
2861.2203171484234	2.0	trials	5.0	0.0	0.0	0.0	0.0	0.0	True	40.0	0.0	0.005	[33124086.866620116, 33124376.86568731, 33124665.86475772, 33124956.863821708, 33125246.86288891, 33125536.8619561, 33125825.861026514, 33126115.860093717, 33126403.85916735, 33126694.858231325, 33126984.857298527, 33127273.85636894, 33127562.85543935, 33127852.854506552, 33128142.853573747, 33128432.852640945, 33128720.85171457, 33129010.850781776, 33129299.84985219, 33129591.84891295]	0.0	0.0	0.0
2869.0725830911106	2.0	trials	5.0	0.0	0.0	0.0	0.0	0.0	True	40.0	0.0	0.005	[33214969.574289523, 33215259.57335672, 33215550.5724207, 33215839.571491115, 33216128.57056153, 33216419.569625508, 33216707.56869914, 33216997.56776634, 33217286.566836752, 33217577.56590073, 33217865.564974364, 33218157.564035125, 33218446.56310554, 33218735.562175956, 33219025.561243158, 33219314.560313568, 33219604.55938077, 33219894.558447964, 33220183.55751838, 33220473.556585576]	0.0	0.0	0.0
2875.756033593367	2.0	trials	5.0	0.0	0.0	0.0	0.0	0.0	True	40.0	0.0	0.005	[33292325.32546933, 33292615.32453653, 33292903.32361016, 33293193.32267736, 33293483.321744554, 33293773.320811752, 33294062.319882166, 33294353.318946145, 33294642.31801656, 33294932.31708376, 33295221.31615418, 33295511.315221373, 33295800.314291786, 33296090.313358985, 33296379.312429395, 33296670.311493378, 33296959.310563795, 33297248.30963421, 33297537.308704622, 33297828.307768602]	0.0	0.0	0.0
2881.9420808955524	2.0	trials	5.0	0.0	0.0	0.0	0.0	0.0	True	40.0	0.0	0.005	[33363923.09517009, 33364212.094240505, 33364501.09331092, 33364792.0923749, 33365082.0914421, 33365371.090512518, 33365661.08957971, 33365951.08864691, 33366240.087717324, 33366530.086784516, 33366818.085858148, 33367108.08492535, 33367397.083995763, 33367688.083059743, 33367979.082123723, 33368267.081197355, 33368557.080264553, 33368847.079331752, 33369136.078402165, 33369426.077469368]	0.0	0.0	0.0
2889.112653030951	2.0	trials	5.0	0.0	0.0	0.0	0.0	0.0	True	40.0	0.0	0.005	[33446914.82822137, 33447204.82728857, 33447494.826355767, 33447783.825426184, 33448073.82449338, 33448362.823563796, 33448652.82263099, 33448942.82169819, 33449231.820768602, 33449522.819832586, 33449810.818906218, 33450101.817970194, 33450391.817037396, 33450679.81611103, 33450970.815175008, 33451258.814248633, 33451549.81331262, 33451838.81238303, 33452128.81145023, 33452418.810517427]	0.0	0.0	0.0
2914.92094121695	2.0	trials	6.0	0.0	0.0	0.0	0.0	0.0	True	40.0	0.0	0.005	[33745622.86740605, 33745911.86647646, 33746201.86554366, 33746490.86461408, 33746780.86368128, 33747071.862745255, 33747360.86181567, 33747650.86088287, 33747939.859953284, 33748229.85902048, 33748518.85809089, 33748809.857154876, 33749098.85622529, 33749387.8552957, 33749677.8543629, 33749967.8534301, 33750257.852497295, 33750546.85156771, 33750836.85063491, 33751126.849702105]	0.0	0.0	0.0
2921.2493752611394	2.0	trials	6.0	0.0	0.0	0.0	0.0	0.0	True	40.0	0.0	0.005	[33818867.63180914, 33819156.63087956, 33819446.629946746, 33819736.62901394, 33820026.62808114, 33820316.62714834, 33820605.62621876, 33820895.62528595, 33821185.624353155, 33821474.62342357, 33821765.622487545, 33822053.62156118, 33822343.62062837, 33822634.61969236, 33822922.61876599, 33823211.61783641, 33823502.61690038, 33823790.61597401, 33824080.61504121, 33824370.614108406]	0.0	0.0	0.0
2929.3426964284567	2.0	trials	6.0	0.0	0.0	0.0	0.0	0.0	True	40.0	0.0	0.005	[33912541.330501124, 33912830.32957154, 33913120.32863874, 33913410.327705935, 33913699.326776356, 33913989.32584354, 33914279.324910745, 33914568.323981166, 33914858.32304836, 33915148.322115555, 33915437.32118597, 33915727.32025317, 33916017.319320366, 33916306.31839078, 33916596.317457974, 33916886.316525176, 33917174.31559881, 33917464.314666, 33917755.31372998, 33918044.3128004]	0.0	0.0	0.0
2937.0825563327053	2.0	trials	6.0	0.0	0.0	0.0	0.0	0.0	True	40.0	0.0	0.005	[34002123.042355284, 34002412.0414257, 34002701.0404961, 34002992.03956009, 34003281.0386305, 34003571.037697695, 34003861.0367649, 34004151.03583209, 34004439.034905724, 34004729.03397293, 34005019.03304012, 34005309.03210732, 34005599.03117452, 34005887.03024815, 34006177.029315345, 34006467.02838255, 34006756.02745295, 34007046.026520155, 34007336.02558736, 34007626.024654545]	0.0	0.0	0.0
2942.854835365802	2.0	trials	6.0	0.0	0.0	0.0	0.0	0.0	True	40.0	0.0	0.005	[34068931.82746015, 34069220.82653056, 34069509.82560097, 34069799.82466817, 34070089.82373537, 34070378.82280578, 34070669.82186976, 34070958.820940174, 34071247.82001059, 34071537.81907779, 34071826.8181482, 34072117.81721219, 34072406.8162826, 34072696.815349795, 34072985.814420216, 34073275.8134874, 34073565.812554605, 34073854.81162502, 34074144.81069222, 34074434.809759416]	0.0	0.0	0.0
2949.7785634951906	2.0	trials	6.0	0.0	0.0	0.0	0.0	0.0	True	40.0	0.0	0.005	[34149067.569697924, 34149357.56876511, 34149645.56783874, 34149935.566905946, 34150225.56597314, 34150514.56504355, 34150804.564110756, 34151095.56317473, 34151384.56224515, 34151673.56131557, 34151962.56038598, 34152251.55945639, 34152542.55852037, 34152831.55759079, 34153122.55665477, 34153411.55572518, 34153701.554792374, 34153990.553862795, 34154279.55293321, 34154569.5520004]	0.0	0.0	0.0
2955.5447081480193	2.0	trials	6.0	0.0	0.0	0.0	0.0	0.0	True	40.0	0.0	0.005	[34215804.35503437, 34216094.354101576, 34216384.35316877, 34216674.352235965, 34216963.35130638, 34217252.35037679, 34217542.349443994, 34217831.34851441, 34218121.34758161, 34218411.346648805, 34218701.34571601, 34218990.34478642, 34219280.343853615, 34219569.34292402, 34219859.34199122, 34220150.34105521, 34220439.34012562, 34220728.339196034, 34221018.338263236, 34221308.33733043]	0.0	0.0	0.0
2961.2387954326255	2.0	trials	6.0	0.0	0.0	0.0	0.0	0.0	True	40.0	0.0	0.005	[34281708.14305023, 34281999.14211421, 34282289.14118141, 34282578.14025182, 34282867.13932223, 34283156.13839265, 34283447.13745663, 34283736.13652705, 34284027.13559102, 34284315.134664655, 34284605.13373186, 34284895.13279905, 34285184.131869465, 34285474.13093667, 34285764.130003855, 34286053.129074275, 34286344.12813826, 34286632.12721189, 34286923.12627587, 34287212.12534628]	0.0	0.0	0.0
2967.4501578533827	2.0	trials	6.0	0.0	0.0	0.0	0.0	0.0	True	40.0	0.0	0.005	[34353600.9118021, 34353889.91087251, 34354179.909939714, 34354467.909013346, 34354757.90808054, 34355047.90714774, 34355336.906218156, 34355627.90528214, 34355916.90435255, 34356205.90342297, 34356495.90249016, 34356785.901557356, 34357074.90062778, 34357364.89969497, 34357654.89876217, 34357944.89782936, 34358232.89690299, 34358522.895970196, 34358812.89503739, 34359102.89410459]	0.0	0.0	0.0
2973.5148999457538	2.0	trials	6.0	0.0	0.0	0.0	0.0	0.0	True	40.0	0.0	0.005	[34423793.68602213, 34424083.68508933, 34424372.68415974, 34424662.683226936, 34424952.68229414, 34425241.68136455, 34425531.680431746, 34425820.67950216, 34426109.67857258, 34426400.67763656, 34426689.67670697, 34426979.67577417, 34427268.674844585, 34427558.67391179, 34427847.6729822, 34428138.67204618, 34428426.6711198, 34428716.670187004, 34429006.669254206, 34429297.66831818]	0.0	0.0	0.0
2980.2587438537516	2.0	trials	6.0	0.0	0.0	0.0	0.0	0.0	True	40.0	0.0	0.005	[34501847.43495678, 34502136.434027195, 34502426.43309439, 34502715.4321648, 34503005.431232005, 34503295.43029921, 34503584.42936961, 34503874.428436816, 34504164.42750402, 34504453.426574424, 34504743.425641626, 34505033.42470882, 34505322.423779234, 34505613.42284322, 34505902.42191363, 34506192.42098083, 34506481.42005124, 34506770.41912166, 34507060.418188855, 34507349.417259276]	0.0	0.0	0.0
2987.3027403962883	2.0	trials	6.0	0.0	0.0	0.0	0.0	0.0	True	40.0	0.0	0.005	[34583374.17272032, 34583664.17178752, 34583953.17085793, 34584243.16992513, 34584532.168995544, 34584822.16806274, 34585112.16712994, 34585401.166200355, 34585692.16526434, 34585981.16433475, 34586270.163405165, 34586560.16247237, 34586850.161539555, 34587140.16060676, 34587430.15967396, 34587718.15874759, 34588009.15781157, 34588297.1568852, 34588588.155949175, 34588877.15501959]	0.0	0.0	0.0
2994.0408819226272	2.0	trials	6.0	0.0	0.0	0.0	0.0	0.0	True	40.0	0.0	0.005	[34661363.92186084, 34661651.92093447, 34661941.920001656, 34662231.91906886, 34662521.91813606, 34662811.91720325, 34663099.91627688, 34663389.91534408, 34663679.91441128, 34663968.91348169, 34664259.91254567, 34664549.911612876, 34664838.91068329, 34665128.909750484, 34665417.908820905, 34665706.90789131, 34665997.906955294, 34666286.906025715, 34666575.90509613, 34666866.904160105]	0.0	0.0	0.0
2999.3987014888603	2.0	trials	6.0	0.0	0.0	0.0	0.0	0.0	True	40.0	0.0	0.005	[34723374.72239875, 34723662.72147238, 34723953.72053636, 34724242.71960678, 34724532.718673974, 34724821.717744395, 34725111.71681158, 34725401.715878785, 34725690.7149492, 34725981.714013174, 34726269.713086806, 34726560.71215079, 34726848.71122442, 34727139.710288405, 34727429.7093556, 34727718.70842601, 34728008.707493216, 34728297.70656363, 34728586.70563404, 34728876.70470124]	0.0	0.0	0.0
3005.2187595682735	2.0	trials	6.0	0.0	0.0	0.0	0.0	0.0	True	40.0	0.0	0.005	[34790736.50572486, 34791025.50479527, 34791315.50386247, 34791603.5029361, 34791893.502003305, 34792183.50107049, 34792473.500137694, 34792762.49920811, 34793052.4982753, 34793342.497342505, 34793632.4964097, 34793921.49548011, 34794211.494547315, 34794501.49361451, 34794789.49268814, 34795080.49175212, 34795370.49081932, 34795659.48988974, 34795949.48895693, 34796240.48802091]	0.0	0.0	0.0
3012.358832601774	2.0	trials	6.0	0.0	0.0	0.0	0.0	0.0	True	40.0	0.0	0.005	[34873375.239911586, 34873665.23897878, 34873954.238049194, 34874244.2371164, 34874534.236183584, 34874823.235254005, 34875113.23432121, 34875403.2333884, 34875693.2324556, 34875981.23152923, 34876271.23059642, 34876561.229663625, 34876850.22873404, 34877141.22779802, 34877429.226871654, 34877719.22593885, 34878010.22500283, 34878299.224073246, 34878588.22314365, 34878878.222210854]	0.0	0.0	0.0
3020.3985859413956	2.0	trials	6.0	0.0	0.0	0.0	0.0	0.0	True	40.0	0.0	0.005	[34966427.94060106, 34966716.93967147, 34967006.93873867, 34967295.93780908, 34967586.93687307, 34967876.93594026, 34968165.93501067, 34968456.934074655, 34968744.93314829, 34969034.93221548, 34969323.9312859, 34969614.93034988, 34969903.9294203, 34970192.92849071, 34970482.92755791, 34970771.926628314, 34971062.925692305, 34971351.92476272, 34971640.92383314, 34971930.92290033]	0.0	0.0	0.0
3027.4130337789784	2.0	trials	6.0	0.0	0.0	0.0	0.0	0.0	True	40.0	0.0	0.005	[35047613.67946144, 35047903.67852864, 35048194.67759262, 35048482.67666625, 35048773.675730236, 35049062.67480065, 35049352.67386785, 35049641.672938265, 35049931.67200545, 35050220.67107587, 35050510.670143075, 35050801.66920705, 35051090.668277465, 35051380.66734467, 35051669.66641508, 35051958.665485494, 35052247.66455591, 35052538.66361988, 35052827.662690304, 35053116.66176072]	0.0	0.0	0.0
3033.251149400308	2.0	trials	6.0	0.0	0.0	0.0	0.0	0.0	True	40.0	0.0	0.005	[35115185.46211208, 35115475.46117927, 35115765.46024647, 35116054.45931689, 35116343.4583873, 35116633.457454495, 35116922.45652491, 35117212.45559211, 35117502.454659306, 35117790.45373293, 35118081.45279691, 35118371.451864116, 35118661.45093131, 35118950.450001724, 35119239.44907214, 35119529.44813934, 35119820.44720332, 35120108.446276955, 35120399.44534093, 35120688.444411345]	0.0	0.0	0.0
3039.2615460674842	2.0	trials	6.0	0.0	0.0	0.0	0.0	0.0	True	40.0	0.0	0.005	[35184750.2383521, 35185038.23742573, 35185329.23648971, 35185618.23556013, 35185908.23462732, 35186197.233697735, 35186487.23276494, 35186777.23183213, 35187066.23090255, 35187355.229972966, 35187645.22904016, 35187935.228107356, 35188224.22717777, 35188514.22624497, 35188804.225312166, 35189093.22438258, 35189384.22344656, 35189673.22251698, 35189962.22158739, 35190252.22065459]	0.0	0.0	0.0
3046.9076622732655	2.0	trials	6.0	0.0	0.0	0.0	0.0	0.0	True	40.0	0.0	0.005	[35273245.95369943, 35273535.952766635, 35273824.95183705, 35274114.95090424, 35274404.949971445, 35274693.94904186, 35274984.94810584, 35275272.947179474, 35275563.94624344, 35275851.945317075, 35276141.94438428, 35276431.94345148, 35276721.942518674, 35277011.94158587, 35277300.94065628, 35277590.939723484, 35277880.93879068, 35278169.9378611, 35278458.93693151, 35278749.93599549]	0.0	0.0	0.0
3052.1148871238956	2.0	trials	6.0	0.0	0.0	0.0	0.0	0.0	True	40.0	0.0	0.005	[35333515.75983738, 35333805.758904584, 35334094.757975, 35334384.7570422, 35334673.756112605, 35334963.75517981, 35335253.75424701, 35335543.7533142, 35335832.75238462, 35336122.75145181, 35336411.750522226, 35336701.74958943, 35336991.74865662, 35337279.747730255, 35337569.74679745, 35337860.74586143, 35338148.744935066, 35338438.74400227, 35338728.743069455, 35339018.74213666]	0.0	0.0	0.0
3057.5153017531184	2.0	trials	6.0	0.0	0.0	0.0	0.0	0.0	True	40.0	0.0	0.005	[35396020.55878632, 35396309.55785674, 35396599.55692394, 35396888.555994354, 35397178.55506154, 35397467.554131955, 35397757.55319916, 35398047.55226635, 35398337.551333554, 35398626.55040397, 35398916.54947116, 35399204.548544794, 35399495.54760878, 35399785.54667598, 35400074.545746386, 35400364.54481359, 35400654.54388079, 35400943.5429512, 35401233.54201839, 35401523.5410856]	0.0	0.0	0.0
3064.373106894552	2.0	trials	6.0	0.0	0.0	0.0	0.0	0.0	True	40.0	0.0	0.005	[35475392.30348155, 35475683.30254553, 35475972.301615946, 35476262.30068314, 35476552.29975034, 35476841.29882076, 35477130.29789116, 35477420.296958365, 35477710.29602556, 35478000.29509276, 35478289.294163175, 35478578.29323359, 35478868.29230079, 35479159.29136477, 35479448.29043519, 35479738.28950238, 35480027.28857279, 35480316.28764321, 35480606.28671041, 35480895.285780825]	0.0	0.0	0.0
3072.1970337283933	2.0	trials	6.0	0.0	0.0	0.0	0.0	0.0	True	40.0	0.0	0.005	[35565947.01220599, 35566238.01126997, 35566526.010343604, 35566817.00940758, 35567106.00847799, 35567396.007545196, 35567685.00661561, 35567975.0056828, 35568265.00475, 35568555.0038172, 35568843.00289083, 35569133.00195803, 35569423.00102522, 35569713.000092424, 35570001.99916284, 35570290.99823325, 35570581.997297235, 35570870.99636765, 35571159.99543806, 35571450.994502045]	0.0	0.0	0.0
3078.8567243070756	2.0	trials	6.0	0.0	0.0	0.0	0.0	0.0	True	40.0	0.0	0.005	[35643028.76426713, 35643316.763340764, 35643606.762407966, 35643896.76147517, 35644186.760542355, 35644475.75961277, 35644764.75868319, 35645054.757750385, 35645344.75681758, 35645633.755888, 35645923.754955195, 35646212.75402561, 35646503.75308959, 35646792.752160005, 35647082.7512272, 35647371.75029761, 35647661.749364816, 35647950.74843524, 35648241.747499205, 35648530.746569626]	0.0	0.0	0.0
3084.8149355421097	2.0	trials	6.0	0.0	0.0	0.0	0.0	0.0	True	40.0	0.0	0.005	[35711987.542456396, 35712278.54152038, 35712567.54059079, 35712857.53965799, 35713146.53872841, 35713436.5377956, 35713725.53686602, 35714015.53593322, 35714305.535000406, 35714595.53406761, 35714885.53313481, 35715174.532205224, 35715463.53127564, 35715754.53033961, 35716042.529413246, 35716332.52848045, 35716622.52754764, 35716912.526614845, 35717201.52568526, 35717490.524755664]	0.0	0.0	0.0
3090.8750120494883	2.0	trials	6.0	0.0	0.0	0.0	0.0	0.0	True	40.0	0.0	0.005	[35782128.31684368, 35782417.315914094, 35782708.31497808, 35782996.31405171, 35783287.31311569, 35783576.31218611, 35783865.31125652, 35784155.310323715, 35784445.30939092, 35784735.30845812, 35785024.307528526, 35785314.30659573, 35785604.30566293, 35785894.30473012, 35786183.30380053, 35786473.30286773, 35786762.30193815, 35787051.30100856, 35787341.30007576, 35787632.29913974]	0.0	0.0	0.0
3098.086883252045	2.0	trials	6.0	0.0	0.0	0.0	0.0	0.0	True	40.0	0.0	0.005	[35865598.04835745, 35865889.047421426, 35866179.04648863, 35866467.04556226, 35866757.044629455, 35867047.04369666, 35867337.04276385, 35867627.041831054, 35867916.04090147, 35868206.03996866, 35868496.03903586, 35868785.03810628, 35869074.03717669, 35869364.036243886, 35869654.03531108, 35869943.034381494, 35870234.03344548, 35870522.03251911, 35870813.03158309, 35871103.03065029]	0.0	0.0	0.0
3105.844887097933	2.0	trials	6.0	0.0	0.0	0.0	0.0	0.0	True	40.0	0.0	0.005	[35955390.759532906, 35955679.75860332, 35955969.75767052, 35956259.75673772, 35956549.75580491, 35956837.75487854, 35957128.75394253, 35957417.75301295, 35957707.752080135, 35957997.75114734, 35958286.75021775, 35958575.749288164, 35958866.74835215, 35959155.74742256, 35959444.746492974, 35959735.74555696, 35960024.74462737, 35960313.743697785, 35960603.74276498, 35960893.74183218]	0.0	0.0	0.0
3111.2753688304433	2.0	trials	6.0	0.0	0.0	0.0	0.0	0.0	True	40.0	0.0	0.005	[36018242.5573657, 36018532.556432895, 36018821.55550331, 36019111.55457051, 36019400.55364092, 36019691.5527049, 36019981.5517721, 36020269.550845735, 36020559.54991293, 36020849.548980124, 36021138.548050545, 36021428.54711774, 36021717.54618815, 36022007.545255356, 36022297.54432254, 36022586.54339296, 36022877.54245695, 36023165.54153058, 36023455.54059777, 36023746.53966176]	0.0	0.0	0.0
3117.947241769939	2.0	trials	6.0	0.0	0.0	0.0	0.0	0.0	True	40.0	0.0	0.005	[36095464.30897653, 36095753.308046944, 36096043.30711414, 36096333.30618134, 36096622.305251755, 36096912.30431895, 36097202.30338615, 36097490.302459784, 36097780.30152698, 36098070.30059417, 36098359.29966459, 36098650.29872857, 36098939.297798984, 36099230.29686297, 36099518.29593659, 36099808.295003794, 36100097.29407421, 36100388.29313819, 36100677.292208605, 36100967.2912758]	0.0	0.0	0.0
3124.9011234023365	2.0	trials	6.0	0.0	0.0	0.0	0.0	0.0	True	40.0	0.0	0.005	[36175948.05009494, 36176238.04916214, 36176528.04822934, 36176817.04729975, 36177107.046366945, 36177397.04543415, 36177685.04450778, 36177976.04357176, 36178266.04263895, 36178555.04170936, 36178845.04077657, 36179134.03984698, 36179424.03891418, 36179713.037984595, 36180003.03705179, 36180293.03611899, 36180583.03518619, 36180873.03425338, 36181162.033323795, 36181451.032394215]	0.0	0.0	0.0
3132.2749940838116	2.0	trials	6.0	0.0	0.0	0.0	0.0	0.0	True	40.0	0.0	0.005	[36261294.77557123, 36261583.77464163, 36261873.773708835, 36262163.77277604, 36262452.77184644, 36262743.77091043, 36263032.76998084, 36263321.769051254, 36263611.768118456, 36263900.76718887, 36264190.766256064, 36264479.76532648, 36264770.76439046, 36265059.763460875, 36265348.762531295, 36265638.76159848, 36265928.760665685, 36266218.75973289, 36266507.75880329, 36266797.757870495]	0.0	0.0	0.0
3138.4428974443595	2.0	trials	6.0	0.0	0.0	0.0	0.0	0.0	True	40.0	0.0	0.005	[36332682.545947455, 36332971.545017876, 36333261.54408508, 36333551.543152265, 36333840.542222686, 36334130.54128988, 36334419.540360294, 36334710.53942428, 36334998.53849791, 36335289.537561886, 36335579.53662909, 36335867.53570272, 36336157.534769915, 36336447.53383711, 36336736.53290752, 36337027.531971514, 36337315.53104515, 36337605.53011233, 36337895.529179536, 36338184.52824995]	0.0	0.0	0.0
3144.239109200475	2.0	trials	6.0	0.0	0.0	0.0	0.0	0.0	True	40.0	0.0	0.005	[36399768.33016133, 36400057.329231754, 36400347.32829895, 36400636.32736936, 36400926.326436564, 36401215.32550698, 36401505.32457417, 36401795.323641375, 36402084.32271179, 36402374.32177898, 36402664.32084618, 36402953.31991659, 36403243.31898379, 36403532.318054214, 36403823.31711818, 36404112.3161886, 36404401.31525902, 36404691.31432621, 36404981.313393414, 36405271.31246061]	0.0	0.0	0.0
3150.651523774535	2.0	trials	6.0	0.0	0.0	0.0	0.0	0.0	True	40.0	0.0	0.005	[36473985.091437936, 36474274.09050835, 36474565.08957232, 36474854.08864274, 36475143.08771315, 36475433.08678035, 36475724.08584433, 36476012.08491796, 36476303.083981946, 36476591.08305558, 36476882.082119554, 36477171.081189975, 36477460.08026038, 36477751.079324365, 36478040.078394786, 36478330.07746197, 36478620.076529175, 36478909.07559959, 36479198.07467001, 36479488.0737372]	0.0	0.0	0.0
3158.212881852946	2.0	trials	6.0	0.0	0.0	0.0	0.0	0.0	True	40.0	0.0	0.005	[36561501.80993428, 36561791.80900147, 36562080.80807188, 36562369.8071423, 36562660.806206286, 36562950.80527348, 36563239.804343894, 36563528.80341431, 36563818.80248151, 36564108.801548705, 36564398.80061591, 36564687.79968632, 36564977.798753515, 36565267.79782072, 36565556.79689113, 36565845.79596154, 36566135.79502874, 36566424.79409915, 36566714.793166354, 36567004.79223355]	0.0	0.0	0.0
3165.305262239853	2.0	trials	6.0	0.0	0.0	0.0	0.0	0.0	True	40.0	0.0	0.005	[36643588.545896545, 36643878.54496374, 36644168.54403094, 36644457.543101355, 36644747.54216855, 36645037.541235745, 36645327.54030295, 36645617.53937015, 36645905.538443774, 36646195.53751097, 36646485.53657817, 36646774.535648584, 36647064.53471578, 36647354.53378298, 36647642.53285661, 36647933.53192059, 36648223.53098779, 36648513.53005499, 36648802.5291254, 36649092.5281926]	0.0	0.0	0.0
3172.859362741609	2.0	trials	6.0	0.0	0.0	0.0	0.0	0.0	True	40.0	0.0	0.005	[36731021.26466308, 36731310.2637335, 36731600.26280069, 36731890.261867896, 36732179.26093831, 36732469.2600055, 36732759.2590727, 36733048.25814312, 36733339.257207096, 36733628.25627751, 36733917.25534792, 36734207.254415125, 36734497.25348232, 36734786.25255273, 36735077.25161672, 36735365.25069035, 36735655.24975754, 36735945.248824745, 36736234.24789516, 36736525.246959135]	0.0	0.0	0.0
3178.7577853689563	2.0	trials	6.0	0.0	0.0	0.0	0.0	0.0	True	40.0	0.0	0.005	[36799289.04507499, 36799579.04414219, 36799868.04321259, 36800158.042279795, 36800449.04134378, 36800737.0404174, 36801026.039487824, 36801316.03855502, 36801607.037619, 36801895.036692634, 36802185.03575983, 36802476.03482381, 36802765.033894226, 36803054.03296464, 36803344.03203184, 36803633.031102255, 36803923.03016944, 36804214.02923343, 36804503.02830385, 36804792.02737425]	0.0	0.0	0.0
3184.241489330275	2.0	trials	6.0	0.0	0.0	0.0	0.0	0.0	True	40.0	0.0	0.005	[36862758.84091994, 36863047.839990355, 36863337.83905756, 36863626.83812798, 36863916.837195165, 36864206.83626237, 36864495.83533278, 36864784.834403194, 36865075.83346718, 36865364.83253759, 36865652.83161122, 36865944.83067199, 36866234.82973918, 36866522.828812815, 36866812.82788001, 36867102.826947205, 36867392.826014414, 36867680.82508804, 36867971.824152015, 36868260.82322243]	0.0	0.0	0.0
3189.9771348812055	2.0	trials	6.0	0.0	0.0	0.0	0.0	0.0	True	40.0	0.0	0.005	[36929142.627391845, 36929431.62646226, 36929722.62552625, 36930011.624596655, 36930301.62366385, 36930590.62273426, 36930880.621801466, 36931170.62086866, 36931459.61993908, 36931749.619006276, 36932039.61807347, 36932328.61714389, 36932618.61621109, 36932908.61527828, 36933197.614348695, 36933487.6134159, 36933777.6124831, 36934066.611553505, 36934356.6106207, 36934646.6096879]	0.0	0.0	0.0
3197.5371969637854	2.0	trials	6.0	0.0	0.0	0.0	0.0	0.0	True	40.0	0.0	0.005	[37016644.34593644, 37016933.34500685, 37017223.344074056, 37017511.34314769, 37017802.34221166, 37018091.34128208, 37018381.34034928, 37018671.339416474, 37018961.33848368, 37019251.33755087, 37019539.3366245, 37019830.33568849, 37020120.33475568, 37020410.333822876, 37020698.33289651, 37020989.33196049, 37021279.331027694, 37021567.33010132, 37021857.32916851, 37022146.32823893]	0.0	0.0	0.0
3205.1815851751235	2.0	trials	6.0	0.0	0.0	0.0	0.0	0.0	True	40.0	0.0	0.005	[37105121.06134489, 37105410.060415305, 37105701.05947929, 37105990.0585497, 37106279.057620116, 37106569.05668732, 37106859.05575451, 37107149.05482171, 37107438.05389213, 37107727.05296254, 37108017.05202974, 37108307.05109693, 37108597.05016413, 37108886.04923455, 37109176.04830174, 37109466.047368936, 37109756.04643614, 37110045.04550655, 37110334.044576965, 37110624.04364417]	0.0	0.0	0.0
3211.649295571322	2.0	trials	6.0	0.0	0.0	0.0	0.0	0.0	True	40.0	0.0	0.005	[37179978.820559666, 37180267.81963008, 37180558.81869407, 37180846.817767695, 37181136.81683489, 37181426.81590209, 37181716.81496929, 37182004.81404292, 37182294.81311012, 37182585.8121741, 37182874.81124451, 37183164.81031171, 37183453.809382126, 37183744.8084461, 37184032.807519734, 37184322.806586936, 37184612.80565414, 37184902.804721326, 37185191.80379174, 37185481.80285894]	0.0	0.0	0.0
3218.705647274118	2.0	trials	6.0	0.0	0.0	0.0	0.0	0.0	True	40.0	0.0	0.005	[37261648.55786324, 37261938.55693044, 37262228.55599764, 37262518.555064835, 37262807.55413525, 37263097.55320245, 37263386.552272856, 37263677.55133684, 37263966.55040726, 37264255.549477674, 37264545.54854487, 37264834.54761528, 37265124.54668248, 37265414.54574968, 37265704.544816874, 37265993.54388729, 37266282.54295771, 37266572.5420249, 37266862.5410921, 37267152.5401593]	0.0	0.0	0.0
3224.6211770464397	2.0	trials	6.0	0.0	0.0	0.0	0.0	0.0	True	40.0	0.0	0.005	[37330116.33763184, 37330405.33670225, 37330695.335769445, 37330984.33483986, 37331274.33390706, 37331563.332977474, 37331853.33204467, 37332144.33110865, 37332432.330182284, 37332722.32924948, 37333013.32831346, 37333302.327383876, 37333591.32645428, 37333881.32552149, 37334170.324591905, 37334461.32365588, 37334749.32272951, 37335040.3217935, 37335330.32086069, 37335618.31993432]	0.0	0.0	0.0
3232.2895843805204	2.0	trials	6.0	0.0	0.0	0.0	0.0	0.0	True	40.0	0.0	0.005	[37418871.05214608, 37419160.05121649, 37419450.05028369, 37419739.049354106, 37420030.04841809, 37420319.0474885, 37420609.0465557, 37420898.04562612, 37421188.04469331, 37421477.04376373, 37421767.04283092, 37422057.041898124, 37422347.040965326, 37422636.04003573, 37422926.03910293, 37423215.03817334, 37423505.03724054, 37423794.036310956, 37424084.03537816, 37424373.03444857]	0.0	0.0	0.0
3239.8137041787104	2.0	trials	6.0	0.0	0.0	0.0	0.0	0.0	True	40.0	0.0	0.005	[37505955.77203198, 37506243.77110561, 37506532.77017602, 37506823.76924001, 37507113.7683072, 37507402.76737762, 37507693.7664416, 37507981.76551523, 37508272.764579214, 37508560.763652846, 37508851.76271682, 37509140.761787236, 37509429.76085766, 37509720.75992164, 37510010.75898883, 37510298.75806246, 37510588.75712966, 37510878.75619686, 37511167.75526727, 37511458.75433125]	0.0	0.0	0.0
3267.283718219662	2.0	trials	7.0	0.0	0.0	0.0	0.0	0.0	True	40.0	0.0	0.005	[37823895.749355786, 37824183.74842941, 37824474.74749339, 37824763.74656381, 37825052.74563423, 37825343.744698204, 37825632.74376862, 37825922.74283582, 37826211.74190623, 37826500.74097665, 37826790.74004384, 37827080.73911104, 37827370.738178246, 37827660.73724543, 37827949.73631585, 37828238.73538626, 37828528.73445346, 37828818.73352066, 37829107.73259108, 37829398.731655054]	0.0	0.0	0.0
3274.969923896493	2.0	trials	7.0	0.0	0.0	0.0	0.0	0.0	True	40.0	0.0	0.005	[37912856.463207416, 37913145.46227784, 37913435.46134503, 37913725.46041223, 37914015.45947943, 37914304.45854984, 37914594.45761704, 37914882.45669067, 37915172.455757864, 37915463.45482185, 37915752.45389226, 37916042.452959456, 37916332.45202666, 37916621.45109707, 37916910.450167485, 37917201.44923147, 37917490.44830188, 37917779.447372295, 37918069.4464395, 37918358.44550991]	0.0	0.0	0.0
3280.543829167672	2.0	trials	7.0	0.0	0.0	0.0	0.0	0.0	True	40.0	0.0	0.005	[37977368.25570072, 37977659.2547647, 37977948.25383511, 37978238.252902314, 37978527.25197273, 37978817.25103992, 37979107.250107124, 37979397.24917432, 37979686.24824474, 37979975.24731515, 37980266.24637913, 37980555.24544954, 37980844.244519964, 37981134.24358716, 37981423.24265758, 37981713.24172477, 37982003.24079197, 37982293.23985917, 37982582.23892958, 37982872.23799678]	0.0	0.0	0.0
3287.9777476560007	2.0	trials	7.0	0.0	0.0	0.0	0.0	0.0	True	40.0	0.0	0.005	[38063408.97894471, 38063698.97801191, 38063987.97708232, 38064277.97614952, 38064567.975216724, 38064856.97428713, 38065146.973354325, 38065436.97242153, 38065725.97149195, 38066015.970559135, 38066305.96962634, 38066595.96869354, 38066884.96776395, 38067173.96683437, 38067464.96589834, 38067753.964968756, 38068043.96403596, 38068333.96310316, 38068622.96217357, 38068912.96124076]	0.0	0.0	0.0
3295.243532285142	2.0	trials	7.0	0.0	0.0	0.0	0.0	0.0	True	40.0	0.0	0.005	[38147504.70844491, 38147793.70751533, 38148083.706582524, 38148372.70565293, 38148663.70471691, 38148953.703784116, 38149241.70285775, 38149531.70192494, 38149821.70099214, 38150111.70005934, 38150401.699126534, 38150690.69819695, 38150980.69726415, 38151269.69633456, 38151559.69540176, 38151849.69446896, 38152138.69353937, 38152428.69260657, 38152717.69167698, 38153007.690744184]	0.0	0.0	0.0
3302.9173828017133	2.0	trials	7.0	0.0	0.0	0.0	0.0	0.0	True	40.0	0.0	0.005	[38236322.42275651, 38236612.42182371, 38236901.42089413, 38237190.41996454, 38237481.41902852, 38237769.41810215, 38238059.41716935, 38238348.41623976, 38238638.41530696, 38238929.41437094, 38239218.41344135, 38239508.412508555, 38239797.41157897, 38240086.41064938, 38240376.40971658, 38240667.40878057, 38240955.40785419, 38241245.40692139, 38241535.40598859, 38241825.40505578]	0.0	0.0	0.0
3308.454481791282	2.0	trials	7.0	0.0	0.0	0.0	0.0	0.0	True	40.0	0.0	0.005	[38300408.216620065, 38300699.21568405, 38300988.21475446, 38301277.21382488, 38301568.21288886, 38301857.21195928, 38302147.211026475, 38302436.21009689, 38302726.20916409, 38303016.20823128, 38303306.20729848, 38303594.20637211, 38303885.20543609, 38304174.2045065, 38304463.20357692, 38304753.20264412, 38305042.20171453, 38305333.200778514, 38305622.19984893, 38305912.19891612]	0.0	0.0	0.0
3314.8817571175423	2.0	trials	7.0	0.0	0.0	0.0	0.0	0.0	True	40.0	0.0	0.005	[38374798.97733698, 38375086.97641061, 38375377.97547459, 38375666.974545, 38375955.97361542, 38376245.97268262, 38376535.97174981, 38376825.970817015, 38377114.96988743, 38377403.96895784, 38377693.96802504, 38377983.96709224, 38378273.96615943, 38378562.96522985, 38378852.96429705, 38379141.96336746, 38379432.96243144, 38379721.96150185, 38380011.960569054, 38380300.95963947]	0.0	0.0	0.0
3322.4659247225845	2.0	trials	7.0	0.0	0.0	0.0	0.0	0.0	True	40.0	0.0	0.005	[38462577.69499058, 38462866.694061, 38463157.69312498, 38463447.69219218, 38463735.691265814, 38464025.69033301, 38464316.68939699, 38464605.688467406, 38464895.68753461, 38465184.686605014, 38465474.685672216, 38465763.68474263, 38466053.683809824, 38466342.68288024, 38466633.68194422, 38466921.68101785, 38467211.68008505, 38467501.67915225, 38467791.678219445, 38468080.67728986]	0.0	0.0	0.0
3330.193429466574	2.0	trials	7.0	0.0	0.0	0.0	0.0	0.0	True	40.0	0.0	0.005	[38552016.40730471, 38552306.40637191, 38552595.40544232, 38552885.40450952, 38553175.40357672, 38553465.40264391, 38553755.40171111, 38554044.40078153, 38554334.39984872, 38554623.398919135, 38554913.39798633, 38555203.39705353, 38555492.396123946, 38555781.39519436, 38556071.39426156, 38556361.393328756, 38556651.39239596, 38556940.39146637, 38557229.390536785, 38557520.38960076]	0.0	0.0	0.0
3337.8137121554496	2.0	trials	7.0	0.0	0.0	0.0	0.0	0.0	True	40.0	0.0	0.005	[38640214.12361058, 38640505.122674555, 38640794.121744975, 38641084.12081218, 38641374.11987937, 38641663.11894978, 38641952.11802019, 38642242.117087394, 38642532.11615459, 38642822.11522179, 38643111.114292204, 38643401.1133594, 38643690.11242982, 38643980.111497015, 38644269.11056743, 38644560.10963141, 38644849.108701825, 38645139.10776903, 38645428.10683944, 38645718.10590663]	0.0	0.0	0.0
3344.186037258461	2.0	trials	7.0	0.0	0.0	0.0	0.0	0.0	True	40.0	0.0	0.005	[38713967.88637643, 38714257.885443635, 38714547.88451083, 38714836.88358124, 38715126.882648446, 38715415.88171886, 38715706.88078284, 38715995.87985325, 38716285.87892045, 38716574.877990864, 38716864.87705807, 38717154.87612526, 38717443.875195675, 38717732.87426609, 38718022.87333328, 38718312.872400485, 38718602.87146768, 38718892.87053488, 38719181.869605295, 38719470.86867571]	0.0	0.0	0.0
3352.261819282194	2.0	trials	7.0	0.0	0.0	0.0	0.0	0.0	True	40.0	0.0	0.005	[38807437.58572461, 38807727.5847918, 38808017.583859004, 38808307.58292619, 38808596.58199661, 38808886.58106381, 38809176.58013101, 38809466.579198204, 38809755.57826862, 38810044.57733903, 38810335.576403014, 38810624.57547343, 38810914.57454063, 38811203.57361104, 38811493.57267824, 38811783.57174544, 38812072.570815854, 38812362.56988304, 38812652.56895024, 38812942.568017446]	0.0	0.0	0.0
3358.705942554262	2.0	trials	7.0	0.0	0.0	0.0	0.0	0.0	True	40.0	0.0	0.005	[38882023.34581429, 38882312.3448847, 38882602.343951896, 38882892.34301909, 38883181.342089504, 38883471.34115671, 38883760.34022713, 38884050.339294314, 38884340.33836152, 38884629.33743193, 38884919.336499125, 38885209.33556633, 38885498.33463674, 38885788.333703935, 38886077.332774356, 38886367.33184155, 38886656.330911964, 38886946.32997916, 38887236.32904636, 38887525.328116775]	0.0	0.0	0.0
3366.631993859614	2.0	trials	7.0	0.0	0.0	0.0	0.0	0.0	True	40.0	0.0	0.005	[38973760.050736755, 38974049.04980717, 38974339.04887436, 38974629.04794156, 38974918.04701197, 38975209.04607596, 38975498.04514637, 38975788.04421356, 38976077.04328398, 38976367.04235118, 38976657.04141837, 38976946.04048879, 38977236.03955599, 38977526.038623184, 38977815.037693605, 38978105.0367608, 38978394.03583121, 38978683.03490163, 38978973.03396883, 38979263.03303602]	0.0	0.0	0.0
3373.963874276154	2.0	trials	7.0	0.0	0.0	0.0	0.0	0.0	True	40.0	0.0	0.005	[39058618.777782716, 39058909.77684669, 39059198.775917105, 39059487.774987526, 39059778.7740515, 39060067.773121916, 39060357.77218912, 39060647.77125631, 39060936.770326726, 39061226.76939393, 39061515.76846434, 39061806.767528325, 39062095.76659874, 39062385.76566593, 39062674.76473635, 39062963.76380676, 39063254.762870744, 39063543.761941165, 39063832.76101157, 39064122.760078765]	0.0	0.0	0.0
3380.959659773765	2.0	trials	7.0	0.0	0.0	0.0	0.0	0.0	True	40.0	0.0	0.005	[39139588.51733787, 39139878.516405076, 39140167.51547549, 39140456.5145459, 39140747.513609886, 39141037.51267708, 39141326.5117475, 39141617.51081148, 39141906.50988189, 39142195.50895231, 39142485.5080195, 39142775.5070867, 39143064.506157115, 39143354.50522431, 39143644.50429151, 39143933.503361925, 39144223.50242912, 39144513.50149632, 39144801.500569955, 39145092.49963393]	0.0	0.0	0.0
3386.154443064414	2.0	trials	7.0	0.0	0.0	0.0	0.0	0.0	True	40.0	0.0	0.005	[39199713.32394223, 39200004.323006205, 39200293.32207662, 39200582.32114703, 39200873.32021102, 39201162.31928143, 39201452.318348624, 39201742.317415826, 39202031.31648624, 39202321.31555344, 39202610.314623855, 39202900.31369105, 39203190.31275825, 39203479.311828665, 39203769.31089586, 39204060.309959844, 39204348.309033476, 39204637.30810389, 39204927.30717109, 39205217.30623828]	0.0	0.0	0.0
3393.7996088732516	2.0	trials	7.0	0.0	0.0	0.0	0.0	0.0	True	40.0	0.0	0.005	[39288200.03931852, 39288489.03838893, 39288779.03745612, 39289069.03652332, 39289358.03559374, 39289648.034660935, 39289938.03372813, 39290228.032795325, 39290517.031865746, 39290807.03093294, 39291096.030003354, 39291386.029070556, 39291676.02813775, 39291965.027208164, 39292254.026278585, 39292545.025342554, 39292834.024412975, 39293123.02348339, 39293413.02255059, 39293703.021617785]	0.0	0.0	0.0
3399.8880244894754	2.0	trials	7.0	0.0	0.0	0.0	0.0	0.0	True	40.0	0.0	0.005	[39358666.81265721, 39358957.81172118, 39359245.81079481, 39359535.80986201, 39359825.80892921, 39360115.80799641, 39360404.80706682, 39360694.806134015, 39360984.80520122, 39361273.80427163, 39361563.803338826, 39361852.80240925, 39362142.80147644, 39362432.800543636, 39362721.79961406, 39363011.79868125, 39363300.79775166, 39363590.79681886, 39363880.79588606, 39364169.79495647]	0.0	0.0	0.0
3405.710156162219	2.0	trials	7.0	0.0	0.0	0.0	0.0	0.0	True	40.0	0.0	0.005	[39426053.59590289, 39426343.59497009, 39426632.594040506, 39426921.59311092, 39427212.5921749, 39427501.591245316, 39427790.59031573, 39428080.58938293, 39428370.58845013, 39428660.58751732, 39428949.58658774, 39429239.58565494, 39429528.58472535, 39429819.58378933, 39430108.58285974, 39430398.58192694, 39430687.580997355, 39430978.58006134, 39431267.57913175, 39431556.578202166]	0.0	0.0	0.0
3412.579884465301	2.0	trials	7.0	0.0	0.0	0.0	0.0	0.0	True	40.0	0.0	0.005	[39505563.34015423, 39505852.33922465, 39506143.33828863, 39506433.33735583, 39506722.33642624, 39507011.33549666, 39507302.33456064, 39507591.33363105, 39507881.33269825, 39508171.33176545, 39508459.33083908, 39508749.32990628, 39509039.32897348, 39509329.32804067, 39509619.32710787, 39509908.32617829, 39510197.325248696, 39510487.32431589, 39510776.32338631, 39511066.32245351]	0.0	0.0	0.0
3418.6399609726786	2.0	trials	7.0	0.0	0.0	0.0	0.0	0.0	True	40.0	0.0	0.005	[39575703.11454474, 39575992.11361515, 39576282.11268235, 39576572.11174955, 39576862.11081675, 39577152.10988394, 39577442.108951144, 39577730.108024776, 39578020.10709197, 39578310.106159166, 39578599.10522959, 39578888.1043, 39579179.10336398, 39579468.1024344, 39579758.10150159, 39580049.100565575, 39580337.09963921, 39580626.09870962, 39580917.0977736, 39581206.09684401]	0.0	0.0	0.0
3426.0862346212666	2.0	trials	7.0	0.0	0.0	0.0	0.0	0.0	True	40.0	0.0	0.005	[39661887.83732554, 39662176.83639596, 39662466.83546316, 39662756.83453035, 39663045.833600774, 39663335.83266796, 39663624.83173838, 39663913.830808796, 39664203.829876, 39664493.828943186, 39664782.82801361, 39665073.82707759, 39665362.826147996, 39665652.8252152, 39665941.82428561, 39666231.82335281, 39666520.82242323, 39666810.82149042, 39667100.820557624, 39667389.81962803]	0.0	0.0	0.0
3433.3161633657405	2.0	trials	7.0	0.0	0.0	0.0	0.0	0.0	True	40.0	0.0	0.005	[39745567.568163835, 39745856.56723425, 39746147.566298224, 39746436.565368645, 39746726.56443584, 39747015.56350625, 39747304.56257667, 39747594.56164386, 39747884.56071106, 39748175.55977504, 39748463.55884867, 39748753.557915874, 39749043.556983076, 39749332.55605348, 39749621.5551239, 39749912.55418788, 39750201.55325829, 39750490.55232871, 39750781.55139269, 39751070.55046311]	0.0	0.0	0.0
3439.2442210977656	2.0	trials	7.0	0.0	0.0	0.0	0.0	0.0	True	40.0	0.0	0.005	[39814178.34747246, 39814467.34654287, 39814758.34560685, 39815047.34467727, 39815337.34374447, 39815626.34281488, 39815916.34188207, 39816206.340949275, 39816495.34001969, 39816785.33908688, 39817075.338154085, 39817365.33722128, 39817654.33629169, 39817943.335362114, 39818232.33443253, 39818522.333499715, 39818812.33256692, 39819101.33163733, 39819392.330701314, 39819681.32977173]	0.0	0.0	0.0
3445.693873952047	2.0	trials	7.0	0.0	0.0	0.0	0.0	0.0	True	40.0	0.0	0.005	[39888828.10735628, 39889117.10642669, 39889407.10549389, 39889697.10456108, 39889987.103628285, 39890276.102698706, 39890566.10176589, 39890856.100833096, 39891145.09990351, 39891434.09897392, 39891724.09804112, 39892014.09710832, 39892303.09617873, 39892594.09524272, 39892882.09431635, 39893173.09338033, 39893462.09245074, 39893752.09151794, 39894041.09058835, 39894332.08965233]	0.0	0.0	0.0
3452.1607203510243	2.0	trials	7.0	0.0	0.0	0.0	0.0	0.0	True	40.0	0.0	0.005	[39963675.86660322, 39963964.86567364, 39964254.864740826, 39964543.86381124, 39964833.86287844, 39965122.86194886, 39965412.86101605, 39965701.86008647, 39965991.859153666, 39966282.85821765, 39966571.85728806, 39966861.85635526, 39967150.85542568, 39967440.85449287, 39967730.853560075, 39968020.85262727, 39968308.851700895, 39968598.8507681, 39968888.8498353, 39969178.848902486]	0.0	0.0	0.0
3457.7600271404976	2.0	trials	7.0	0.0	0.0	0.0	0.0	0.0	True	40.0	0.0	0.005	[40028481.65815085, 40028771.65721805, 40029060.65628847, 40029351.65535244, 40029641.654419646, 40029930.65349006, 40030220.65255726, 40030509.651627675, 40030798.65069808, 40031088.64976528, 40031378.648832485, 40031667.6479029, 40031958.646966875, 40032246.64604051, 40032536.64510771, 40032827.644171685, 40033116.6432421, 40033405.64231251, 40033695.641379714, 40033985.64044691]	0.0	0.0	0.0
3464.672609705736	2.0	trials	7.0	0.0	0.0	0.0	0.0	0.0	True	40.0	0.0	0.005	[40108489.40080035, 40108778.39987076, 40109068.39893796, 40109357.39800838, 40109647.39707557, 40109937.39614277, 40110226.39521319, 40110515.3942836, 40110805.393350795, 40111095.39241799, 40111385.39148519, 40111674.390555605, 40111963.38962602, 40112254.38869, 40112543.387760416, 40112833.38682761, 40113122.385898024, 40113412.384965226, 40113702.38403242, 40113991.38310284]	0.0	0.0	0.0
3469.993018192303	2.0	trials	7.0	0.0	0.0	0.0	0.0	0.0	True	40.0	0.0	0.005	[40170067.202731036, 40170357.20179823, 40170647.20086543, 40170937.19993263, 40171226.19900304, 40171516.19807024, 40171806.19713744, 40172095.19620785, 40172384.19527827, 40172675.19434225, 40172964.19341266, 40173253.19248308, 40173543.19155028, 40173834.19061425, 40174123.18968467, 40174412.18875509, 40174701.1878255, 40174992.18688948, 40175282.18595668, 40175571.18502709]	0.0	0.0	0.0
3475.316191469978	2.0	trials	7.0	0.0	0.0	0.0	0.0	0.0	True	40.0	0.0	0.005	[40231679.004552364, 40231968.00362278, 40232257.00269319, 40232547.001760386, 40232837.00082758, 40233125.999898, 40233415.9989652, 40233705.9980324, 40233994.99710281, 40234284.99617001, 40234574.99523721, 40234864.9943044, 40235153.99337482, 40235443.99244201, 40235733.991509214, 40236022.99057963, 40236311.98965005, 40236602.98871402, 40236890.98778765, 40237181.98685164]	0.0	0.0	0.0
3480.8123369912764	2.0	trials	7.0	0.0	0.0	0.0	0.0	0.0	True	40.0	0.0	0.005	[40295291.79993735, 40295580.799007766, 40295869.79807818, 40296160.79714216, 40296449.79621258, 40296738.79528299, 40297028.79435019, 40297318.79341739, 40297608.79248458, 40297898.79155178, 40298187.7906222, 40298477.78968939, 40298766.788759805, 40299056.78782701, 40299345.78689742, 40299635.785964616, 40299924.78503503, 40300214.784102224, 40300503.783172645, 40300793.78223984]	0.0	0.0	0.0
3488.0400193429764	2.0	trials	7.0	0.0	0.0	0.0	0.0	0.0	True	40.0	0.0	0.005	[40378944.53086248, 40379233.5299329, 40379524.52899688, 40379813.5280673, 40380103.52713449, 40380393.52620169, 40380682.52527211, 40380971.524342515, 40381261.52340972, 40381551.52247692, 40381840.52154733, 40382131.52061131, 40382420.51968172, 40382709.51875214, 40382999.51781934, 40383288.51688975, 40383579.515953735, 40383869.51502093, 40384158.51409134, 40384448.513158545]	0.0	0.0	0.0
3495.638356502441	2.0	trials	7.0	0.0	0.0	0.0	0.0	0.0	True	40.0	0.0	0.005	[40466888.24798536, 40467178.24705256, 40467468.24611976, 40467758.245186955, 40468047.24425737, 40468336.24332778, 40468627.242391765, 40468916.24146218, 40469206.24052938, 40469495.23959979, 40469785.23866699, 40470074.2377374, 40470364.2368046, 40470653.23587501, 40470943.23494221, 40471234.234006196, 40471523.23307661, 40471812.23214702, 40472101.23121744, 40472392.23028142]	0.0	0.0	0.0
3502.99909442616	2.0	trials	7.0	0.0	0.0	0.0	0.0	0.0	True	40.0	0.0	0.005	[40552081.973953776, 40552371.97302098, 40552661.97208817, 40552951.97115537, 40553241.97022257, 40553530.96929298, 40553819.9683634, 40554110.96742737, 40554399.966497794, 40554688.96556821, 40554978.9646354, 40555268.963702604, 40555558.9627698, 40555847.96184021, 40556137.960907415, 40556427.95997461, 40556716.95904502, 40557006.958112225, 40557296.95717942, 40557585.95624983]	0.0	0.0	0.0
3510.3923186453835	2.0	trials	7.0	0.0	0.0	0.0	0.0	0.0	True	40.0	0.0	0.005	[40637652.698709555, 40637941.69777996, 40638231.69684716, 40638521.69591436, 40638811.69498156, 40639100.69405197, 40639389.69312239, 40639680.69218636, 40639969.691256784, 40640259.69032398, 40640549.68939117, 40640838.68846159, 40641128.68752879, 40641417.68659921, 40641707.6856664, 40641997.6847336, 40642287.683800794, 40642575.682874426, 40642865.68194162, 40643156.681005605]	0.0	0.0	0.0
3518.252360563059	2.0	trials	7.0	0.0	0.0	0.0	0.0	0.0	True	40.0	0.0	0.005	[40728624.40609269, 40728914.405159876, 40729203.4042303, 40729493.40329749, 40729782.40236791, 40730072.40143511, 40730362.4005023, 40730652.399569504, 40730941.39863992, 40731231.39770711, 40731520.396777526, 40731810.39584472, 40732099.39491514, 40732390.393979125, 40732679.39304954, 40732969.392116725, 40733258.39118715, 40733549.39025113, 40733837.389324754, 40734127.38839196]	0.0	0.0	0.0
3524.8884640176097	2.0	trials	7.0	0.0	0.0	0.0	0.0	0.0	True	40.0	0.0	0.005	[40805431.15903839, 40805721.15810558, 40806010.157175995, 40806300.1562432, 40806589.15531361, 40806879.154380806, 40807170.15344479, 40807459.1525152, 40807748.151585616, 40808038.15065281, 40808328.14972001, 40808617.148790434, 40808906.14786084, 40809196.146928035, 40809486.14599524, 40809776.14506243, 40810065.144132845, 40810355.14320005, 40810644.14227046, 40810934.141337655]	0.0	0.0	0.0
3531.176117392972	2.0	trials	7.0	0.0	0.0	0.0	0.0	0.0	True	40.0	0.0	0.005	[40878205.92495326, 40878494.92402367, 40878784.92309086, 40879074.92215806, 40879364.921225265, 40879654.92029246, 40879944.919359654, 40880232.918433286, 40880522.91750049, 40880812.91656768, 40881102.915634885, 40881391.9147053, 40881681.91377249, 40881971.912839696, 40882260.91191011, 40882550.9109773, 40882839.91004772, 40883129.90911492, 40883419.908182114, 40883709.90724931]	0.0	0.0	0.0
3536.462829987926	2.0	trials	7.0	0.0	0.0	0.0	0.0	0.0	True	40.0	0.0	0.005	[40939394.72813518, 40939684.727202386, 40939973.7262728, 40940262.72534321, 40940553.724407196, 40940842.7234776, 40941132.722544804, 40941421.721615225, 40941711.72068241, 40942000.719752826, 40942291.71881682, 40942579.71789044, 40942869.716957636, 40943159.71602484, 40943449.71509203, 40943738.714162454, 40944028.71322965, 40944318.71229685, 40944608.71136404, 40944897.71043446]	0.0	0.0	0.0
3544.3343630686386	2.0	trials	7.0	0.0	0.0	0.0	0.0	0.0	True	40.0	0.0	0.005	[41030500.4350873, 41030790.434154496, 41031079.43322491, 41031368.43229533, 41031658.431362525, 41031947.43043294, 41032237.42950014, 41032527.428567335, 41032816.42763775, 41033107.42670173, 41033396.42577214, 41033685.42484255, 41033975.42390975, 41034265.422976956, 41034554.42204737, 41034844.421114564, 41035134.420181766, 41035423.41925218, 41035714.418316156, 41036003.41738658]	0.0	0.0	0.0
3551.4803976829644	2.0	trials	7.0	0.0	0.0	0.0	0.0	0.0	True	40.0	0.0	0.005	[41113208.16905208, 41113498.16811928, 41113788.16718648, 41114077.16625689, 41114366.1653273, 41114657.16439129, 41114946.1634617, 41115235.16253212, 41115525.161599316, 41115815.16066651, 41116104.159736924, 41116394.158804126, 41116684.15787133, 41116974.156938516, 41117263.15600893, 41117553.15507614, 41117842.154146545, 41118132.15321374, 41118422.15228094, 41118712.15134814]	0.0	0.0	0.0
3559.3224684584443	2.0	trials	7.0	0.0	0.0	0.0	0.0	0.0	True	40.0	0.0	0.005	[41203973.87709783, 41204262.876168236, 41204552.87523544, 41204842.87430264, 41205132.873369835, 41205422.87243703, 41205711.87150744, 41206000.870577864, 41206290.86964506, 41206580.868712254, 41206869.867782675, 41207159.86684987, 41207448.86592028, 41207739.86498427, 41208028.86405468, 41208318.863121875, 41208608.86218908, 41208897.86125949, 41209187.860326685, 41209477.85939388]	0.0	0.0	0.0
3566.2406670056184	2.0	trials	7.0	0.0	0.0	0.0	0.0	0.0	True	40.0	0.0	0.005	[41284044.61954468, 41284334.61861188, 41284623.61768229, 41284913.61674949, 41285202.6158199, 41285492.6148871, 41285782.6139543, 41286071.61302471, 41286362.612088695, 41286650.61116233, 41286941.61022631, 41287231.609293506, 41287520.60836392, 41287810.60743111, 41288099.606501535, 41288388.60557195, 41288679.604635924, 41288968.60370634, 41289257.60277675, 41289548.601840734]	0.0	0.0	0.0
3572.1203408932734	2.0	trials	7.0	0.0	0.0	0.0	0.0	0.0	True	40.0	0.0	0.005	[41352097.40064815, 41352387.39971534, 41352677.39878254, 41352965.39785617, 41353256.39692015, 41353545.395990565, 41353835.39505777, 41354124.39412818, 41354414.393195376, 41354704.39226258, 41354994.39132977, 41355282.3904034, 41355572.3894706, 41355862.388537794, 41356152.387605, 41356442.38667219, 41356731.385742605, 41357021.38480981, 41357311.383877, 41357600.382947415]	0.0	0.0	0.0
3578.888635922622	2.0	trials	7.0	0.0	0.0	0.0	0.0	0.0	True	40.0	0.0	0.005	[41430433.148675725, 41430723.14774292, 41431012.14681334, 41431302.14588054, 41431592.14494773, 41431881.14401815, 41432171.143085346, 41432460.14215576, 41432750.14122296, 41433040.140290156, 41433331.13935414, 41433620.13842455, 41433909.13749497, 41434199.13656217, 41434489.135629356, 41434778.13469978, 41435067.13377019, 41435356.1328406, 41435647.13190458, 41435936.130975]	0.0	0.0	0.0
3586.3053608662544	2.0	trials	7.0	0.0	0.0	0.0	0.0	0.0	True	40.0	0.0	0.005	[41516274.872559816, 41516564.87162701, 41516854.870694205, 41517143.869764626, 41517433.86883182, 41517722.86790223, 41518012.86696943, 41518302.86603663, 41518591.865107045, 41518881.86417424, 41519171.863241434, 41519461.86230864, 41519751.86137583, 41520040.860446244, 41520330.85951345, 41520619.85858386, 41520908.85765427, 41521199.85671826, 41521488.85578867, 41521778.854855865]	0.0	0.0	0.0
3593.067607915056	2.0	trials	7.0	0.0	0.0	0.0	0.0	0.0	True	40.0	0.0	0.005	[41594542.62080612, 41594831.619876534, 41595121.61894373, 41595410.61801415, 41595701.617078125, 41595990.61614854, 41596279.61521896, 41596568.61428937, 41596858.61335657, 41597148.61242376, 41597438.611490965, 41597727.61056138, 41598018.609625354, 41598307.60869577, 41598596.60776618, 41598885.6068366, 41599175.6059038, 41599465.604971, 41599755.604038194, 41600045.603105396]	0.0	0.0	0.0
3598.784677525738	2.0	trials	7.0	0.0	0.0	0.0	0.0	0.0	True	40.0	0.0	0.005	[41660711.40796958, 41661002.40703356, 41661292.40610076, 41661580.40517439, 41661870.40424159, 41662161.40330557, 41662450.40237598, 41662740.40144318, 41663029.4005136, 41663319.39958079, 41663609.398647994, 41663898.39771841, 41664187.39678883, 41664478.3958528, 41664767.39492322, 41665056.39399363, 41665346.393060826, 41665636.39212803, 41665925.39119844, 41666216.390262425]	0.0	0.0	0.0
3644.1368420476156	2.0	trials	8.0	0.0	0.0	0.0	0.0	0.0	True	40.0	0.0	0.005	[42185621.71955882, 42185911.71862601, 42186200.71769642, 42186489.71676684, 42186779.71583404, 42187069.71490123, 42187359.71396843, 42187648.71303885, 42187937.71210926, 42188227.71117646, 42188518.71024044, 42188807.70931085, 42189096.70838127, 42189386.70744847, 42189676.70651566, 42189965.705586076, 42190255.70465328, 42190545.70372048, 42190834.702790886, 42191124.70185808]	0.0	0.0	0.0
3650.3995259032954	2.0	trials	8.0	0.0	0.0	0.0	0.0	0.0	True	40.0	0.0	0.005	[42258106.48640648, 42258395.485476896, 42258686.48454088, 42258975.48361129, 42259264.48268171, 42259554.48174891, 42259843.48081932, 42260133.479886524, 42260424.4789505, 42260713.478020914, 42261003.477088116, 42261292.47615853, 42261582.475225724, 42261871.47429614, 42262161.47336333, 42262450.47243375, 42262741.47149773, 42263030.47056814, 42263320.469635345, 42263609.46870576]	0.0	0.0	0.0
3657.2459262814127	2.0	trials	8.0	0.0	0.0	0.0	0.0	0.0	True	40.0	0.0	0.005	[42337347.23152308, 42337636.230593495, 42337925.22966391, 42338215.22873111, 42338505.227798305, 42338794.22686872, 42339084.22593592, 42339374.225003116, 42339664.22407032, 42339954.22313751, 42340243.22220792, 42340532.22127833, 42340822.22034554, 42341112.21941273, 42341401.21848315, 42341691.217550345, 42341981.21661755, 42342271.21568474, 42342559.214758374, 42342850.21382236]	0.0	0.0	0.0
3664.007741331604	2.0	trials	8.0	0.0	0.0	0.0	0.0	0.0	True	40.0	0.0	0.005	[42415607.9797919, 42415896.97886232, 42416186.97792952, 42416476.97699671, 42416766.97606391, 42417055.97513433, 42417344.97420474, 42417635.973268725, 42417924.97233914, 42418213.97140955, 42418504.970473535, 42418793.96954395, 42419083.968611136, 42419373.96767834, 42419662.96674876, 42419952.965815954, 42420242.96488315, 42420531.96395356, 42420820.963023975, 42421111.96208796]	0.0	0.0	0.0
3670.4980884549896	2.0	trials	8.0	0.0	0.0	0.0	0.0	0.0	True	40.0	0.0	0.005	[42490729.73815751, 42491017.73723114, 42491307.73629834, 42491596.73536875, 42491887.734432735, 42492176.73350315, 42492466.73257034, 42492755.731640756, 42493045.73070796, 42493335.72977515, 42493624.728845574, 42493913.72791599, 42494203.72698318, 42494493.72605038, 42494782.72512079, 42495073.724184774, 42495362.72325519, 42495651.7223256, 42495942.721389584, 42496231.72046]	0.0	0.0	0.0
3678.3898390706718	2.0	trials	8.0	0.0	0.0	0.0	0.0	0.0	True	40.0	0.0	0.005	[42582068.44436017, 42582357.44343057, 42582647.442497775, 42582936.441568196, 42583226.44063539, 42583517.43969937, 42583806.43876979, 42584095.4378402, 42584385.436907396, 42584674.43597781, 42584965.43504179, 42585254.434112206, 42585543.43318262, 42585833.43224982, 42586123.43131701, 42586413.43038421, 42586702.42945463, 42586991.428525046, 42587282.42758902, 42587571.426659435]	0.0	0.0	0.0
3684.2647609736114	2.0	trials	8.0	0.0	0.0	0.0	0.0	0.0	True	40.0	0.0	0.005	[42650065.225643754, 42650354.22471417, 42650643.22378459, 42650933.22285178, 42651223.22191898, 42651512.2209894, 42651802.22005659, 42652091.21912701, 42652381.21819421, 42652670.21726462, 42652960.21633182, 42653250.21539901, 42653540.214466214, 42653830.21353342, 42654119.21260382, 42654409.21167102, 42654698.21074144, 42654988.20980863, 42655278.208875835, 42655567.20794625]	0.0	0.0	0.0
3690.485886562966	2.0	trials	8.0	0.0	0.0	0.0	0.0	0.0	True	40.0	0.0	0.005	[42722067.994041815, 42722358.99310579, 42722646.99217942, 42722936.991246626, 42723225.99031703, 42723515.989384234, 42723805.988451436, 42724095.98751862, 42724385.986585826, 42724674.98565624, 42724964.98472344, 42725254.983790636, 42725543.98286105, 42725832.98193146, 42726122.980998665, 42726412.98006586, 42726701.97913627, 42726992.97820026, 42727280.97727389, 42727570.97634108]	0.0	0.0	0.0
3697.4519505561784	2.0	trials	8.0	0.0	0.0	0.0	0.0	0.0	True	40.0	0.0	0.005	[42802693.734703474, 42802983.73377067, 42803273.73283787, 42803562.731908284, 42803852.73097548, 42804142.73004267, 42804431.729113095, 42804721.7281803, 42805010.7272507, 42805300.7263179, 42805589.72538832, 42805879.72445551, 42806169.72352271, 42806459.72258991, 42806748.72166032, 42807038.72072752, 42807327.71979794, 42807616.71886835, 42807907.71793233, 42808197.71699953]	0.0	0.0	0.0
3702.798106159928	2.0	trials	8.0	0.0	0.0	0.0	0.0	0.0	True	40.0	0.0	0.005	[42864571.53566919, 42864860.534739606, 42865150.53380681, 42865439.53287722, 42865728.531947635, 42866019.53101162, 42866308.53008203, 42866597.529152445, 42866888.52821642, 42867177.527286835, 42867467.52635404, 42867757.52542123, 42868045.524494864, 42868335.52356206, 42868625.52262926, 42868915.521696456, 42869204.52076688, 42869494.51983407, 42869784.518901266, 42870073.51797168]	0.0	0.0	0.0
3708.4918478456457	2.0	trials	8.0	0.0	0.0	0.0	0.0	0.0	True	40.0	0.0	0.005	[42930470.32370113, 42930760.32276832, 42931050.321835525, 42931339.32090594, 42931629.31997313, 42931919.319040336, 42932208.31811075, 42932498.317177944, 42932788.31624514, 42933077.31531556, 42933367.31438276, 42933656.313453175, 42933947.312517144, 42934236.311587565, 42934526.31065476, 42934815.30972517, 42935104.308795586, 42935394.30786279, 42935684.30692998, 42935973.306000404]	0.0	0.0	0.0
3714.5820778560333	2.0	trials	8.0	0.0	0.0	0.0	0.0	0.0	True	40.0	0.0	0.005	[43000959.09696905, 43001250.09603304, 43001539.09510345, 43001828.09417386, 43002119.09323785, 43002407.09231147, 43002698.091375455, 43002987.09044587, 43003276.08951629, 43003566.08858348, 43003856.08765068, 43004146.08671788, 43004435.085788295, 43004724.0848587, 43005014.0839259, 43005305.08298989, 43005594.0820603, 43005884.081127495, 43006173.08019791, 43006463.07926511]	0.0	0.0	0.0
3720.564135414365	2.0	trials	8.0	0.0	0.0	0.0	0.0	0.0	True	40.0	0.0	0.005	[43070195.87426411, 43070485.87333131, 43070775.8723985, 43071064.87146892, 43071354.87053612, 43071644.86960331, 43071933.86867373, 43072223.86774093, 43072513.86680813, 43072802.86587854, 43073092.86494574, 43073381.86401615, 43073671.86308335, 43073960.86215377, 43074251.861217745, 43074540.860288166, 43074829.85935857, 43075120.858422555, 43075409.857492976, 43075698.85656338]	0.0	0.0	0.0
3727.8365728221074	2.0	trials	8.0	0.0	0.0	0.0	0.0	0.0	True	40.0	0.0	0.005	[43154368.60351663, 43154658.60258383, 43154947.601654254, 43155237.60072144, 43155526.599791855, 43155817.59885584, 43156106.59792625, 43156395.596996665, 43156684.59606708, 43156975.59513106, 43157263.594204694, 43157554.59326868, 43157843.59233909, 43158133.591406286, 43158423.59047349, 43158712.5895439, 43159002.588611096, 43159292.58767829, 43159582.58674549, 43159870.585819125]	0.0	0.0	0.0
3733.4043437130185	2.0	trials	8.0	0.0	0.0	0.0	0.0	0.0	True	40.0	0.0	0.005	[43218809.39623831, 43219099.39530551, 43219389.39437271, 43219678.39344312, 43219968.392510325, 43220258.39157752, 43220548.390644714, 43220838.38971192, 43221127.38878233, 43221416.387852736, 43221707.38691672, 43221996.38598714, 43222285.38505755, 43222575.38412475, 43222864.38319516, 43223154.38226236, 43223443.38133278, 43223733.38039997, 43224024.379463956, 43224312.37853759]	0.0	0.0	0.0
3738.5996454019996	2.0	trials	8.0	0.0	0.0	0.0	0.0	0.0	True	40.0	0.0	0.005	[43278941.20282015, 43279230.201890565, 43279519.20096097, 43279809.20002817, 43280098.19909859, 43280388.19816579, 43280678.19723298, 43280967.1963034, 43281258.19536737, 43281547.194437794, 43281836.19350821, 43282127.19257219, 43282415.191645816, 43282705.19071302, 43282995.18978021, 43283285.18884741, 43283574.18791782, 43283864.18698502, 43284154.186052226, 43284443.18512263]	0.0	0.0	0.0
3745.482074464228	2.0	trials	8.0	0.0	0.0	0.0	0.0	0.0	True	40.0	0.0	0.005	[43358598.94659544, 43358886.94566907, 43359177.944733046, 43359467.94380024, 43359756.94287066, 43360046.94193786, 43360335.94100827, 43360625.94007547, 43360915.93914267, 43361204.93821308, 43361494.93728028, 43361783.936350696, 43362073.93541789, 43362362.934488304, 43362652.933555506, 43362941.93262592, 43363231.931693114, 43363521.93076031, 43363811.92982751, 43364100.928897925]	0.0	0.0	0.0
3751.763852658489	2.0	trials	8.0	0.0	0.0	0.0	0.0	0.0	True	40.0	0.0	0.005	[43431303.71273547, 43431593.71180266, 43431883.71086986, 43432172.70994028, 43432462.70900747, 43432752.708074674, 43433041.70714509, 43433331.70621228, 43433620.7052827, 43433911.70434667, 43434200.703417085, 43434490.70248429, 43434779.70155471, 43435069.7006219, 43435358.69969232, 43435648.69875951, 43435938.69782671, 43436227.69689713, 43436517.69596432, 43436806.695034735]	0.0	0.0	0.0
3757.067758798138	2.0	trials	8.0	0.0	0.0	0.0	0.0	0.0	True	40.0	0.0	0.005	[43492692.515274085, 43492981.514344506, 43493271.51341169, 43493561.51247889, 43493850.51154931, 43494139.51061972, 43494429.50968692, 43494719.50875412, 43495009.507821314, 43495299.506888516, 43495588.50595893, 43495878.505026124, 43496168.50409332, 43496457.50316374, 43496747.502230935, 43497037.50129813, 43497326.50036854, 43497615.49943896, 43497905.49850616, 43498195.49757335]	0.0	0.0	0.0
3764.8981656111364	2.0	trials	8.0	0.0	0.0	0.0	0.0	0.0	True	40.0	0.0	0.005	[43583321.22376049, 43583612.222824484, 43583900.22189811, 43584191.220962085, 43584481.22002929, 43584770.21909971, 43585059.21817012, 43585349.217237316, 43585639.21630451, 43585928.215374924, 43586217.21444534, 43586507.21351254, 43586797.212579735, 43587086.21165015, 43587377.21071413, 43587666.209784545, 43587955.208854966, 43588246.20791894, 43588535.206989355, 43588825.20605656]	0.0	0.0	0.0
3770.5304770944485	2.0	trials	8.0	0.0	0.0	0.0	0.0	0.0	True	40.0	0.0	0.005	[43648511.01407297, 43648799.0131466, 43649090.012210585, 43649379.011281, 43649669.0103482, 43649958.009418614, 43650249.0084826, 43650538.007553004, 43650827.00662342, 43651117.00569062, 43651407.004757814, 43651696.00382823, 43651986.00289543, 43652276.00196263, 43652565.00103304, 43652855.00010024, 43653144.999167435, 43653433.99823785, 43653723.99730505, 43654013.996372245]	0.0	0.0	0.0
3777.822095240495	2.0	trials	8.0	0.0	0.0	0.0	0.0	0.0	True	40.0	0.0	0.005	[43732904.742614634, 43733194.74168184, 43733483.74075225, 43733772.739822656, 43734062.73888986, 43734351.73796028, 43734642.737024255, 43734932.73609145, 43735221.73516187, 43735510.734232284, 43735800.73329948, 43736090.73236667, 43736380.731433876, 43736669.73050429, 43736958.7295747, 43737248.728641905, 43737538.7277091, 43737827.72677951, 43738117.725846715, 43738407.72491391]	0.0	0.0	0.0
3784.5058049419167	2.0	trials	8.0	0.0	0.0	0.0	0.0	0.0	True	40.0	0.0	0.005	[43810262.49378801, 43810552.492855206, 43810840.49192884, 43811130.49099604, 43811421.49006002, 43811709.48913365, 43811999.48820085, 43812289.487268046, 43812579.48633525, 43812868.48540566, 43813157.484476075, 43813448.48354005, 43813738.48260725, 43814027.48167767, 43814316.48074808, 43814606.479815274, 43814896.47888248, 43815185.4779529, 43815475.477020085, 43815764.4760905]	0.0	0.0	0.0
3792.611826868382	2.0	trials	8.0	0.0	0.0	0.0	0.0	0.0	True	40.0	0.0	0.005	[43904081.1920136, 43904371.1910808, 43904661.190147996, 43904951.1892152, 43905240.18828561, 43905529.187356025, 43905819.18642322, 43906109.185490415, 43906398.184560835, 43906688.18362804, 43906978.182695225, 43907269.18175921, 43907558.18082962, 43907847.179900035, 43908137.17896724, 43908427.17803443, 43908716.177104846, 43909006.17617205, 43909296.17523924, 43909585.17430966]	0.0	0.0	0.0
3797.9457137115955	2.0	trials	8.0	0.0	0.0	0.0	0.0	0.0	True	40.0	0.0	0.005	[43965815.99343929, 43966105.99250649, 43966395.991573684, 43966684.9906441, 43966974.9897113, 43967263.98878171, 43967553.98784891, 43967843.98691611, 43968132.98598652, 43968422.98505372, 43968712.98412092, 43969002.98318812, 43969291.98225853, 43969581.98132572, 43969871.980392925, 43970160.97946334, 43970449.97853375, 43970740.977597736, 43971029.97666815, 43971319.975735344]	0.0	0.0	0.0
3803.171860101363	2.0	trials	8.0	0.0	0.0	0.0	0.0	0.0	True	40.0	0.0	0.005	[44026303.79887603, 44026592.79794644, 44026883.79701043, 44027172.79608084, 44027462.79514804, 44027752.79421523, 44028041.793285646, 44028330.79235607, 44028620.79142326, 44028910.790490456, 44029200.78955766, 44029490.78862485, 44029779.78769527, 44030069.78676247, 44030358.78583288, 44030647.78490329, 44030937.7839705, 44031227.78303769, 44031516.7821081, 44031806.7811753]	0.0	0.0	0.0
3810.9302959458605	2.0	trials	8.0	0.0	0.0	0.0	0.0	0.0	True	40.0	0.0	0.005	[44116100.51003862, 44116391.5091026, 44116680.50817302, 44116970.50724021, 44117259.50631063, 44117549.50537783, 44117839.504445024, 44118128.50351544, 44118418.50258264, 44118707.50165305, 44118997.50072024, 44119287.49978745, 44119576.49885786, 44119866.49792506, 44120156.49699225, 44120445.496062666, 44120735.49512987, 44121025.49419706, 44121314.49326748, 44121605.49233146]	0.0	0.0	0.0
3818.765973141906	2.0	trials	8.0	0.0	0.0	0.0	0.0	0.0	True	40.0	0.0	0.005	[44206791.218325615, 44207081.2173928, 44207371.216460004, 44207661.21552721, 44207950.21459761, 44208241.213661596, 44208529.21273523, 44208820.21179921, 44209108.21087284, 44209399.20993682, 44209688.20900723, 44209978.20807443, 44210268.20714163, 44210558.20620883, 44210846.20528246, 44211137.20434644, 44211426.203416854, 44211716.20248405, 44212005.20155446, 44212295.200621665]	0.0	0.0	0.0
3824.747944300516	2.0	trials	8.0	0.0	0.0	0.0	0.0	0.0	True	40.0	0.0	0.005	[44276027.99562067, 44276317.99468786, 44276606.99375828, 44276896.99282548, 44277185.991895884, 44277475.99096309, 44277765.99003029, 44278055.98909748, 44278345.98816468, 44278633.98723831, 44278923.98630551, 44279213.98537271, 44279502.98444312, 44279792.983510315, 44280082.98257752, 44280372.98164471, 44280662.980711915, 44280951.97978232, 44281241.97884952, 44281530.97791994]	0.0	0.0	0.0
3829.9623403280802	2.0	trials	8.0	0.0	0.0	0.0	0.0	0.0	True	40.0	0.0	0.005	[44336378.80149807, 44336668.80056527, 44336957.799635686, 44337248.79869966, 44337537.79777008, 44337827.79683728, 44338116.79590769, 44338405.794978105, 44338695.79404531, 44338986.79310928, 44339275.7921797, 44339564.79125012, 44339854.79031731, 44340143.789387725, 44340433.78845492, 44340723.78752212, 44341013.78658932, 44341302.78565973, 44341591.784730144, 44341881.783797346]	0.0	0.0	0.0
3835.7591568822504	2.0	trials	8.0	0.0	0.0	0.0	0.0	0.0	True	40.0	0.0	0.005	[44403472.585686214, 44403762.58475342, 44404051.58382383, 44404340.58289424, 44404630.581961446, 44404919.58103186, 44405210.58009584, 44405499.57916625, 44405789.57823345, 44406078.577303864, 44406367.576374285, 44406657.57544147, 44406948.57450546, 44407237.57357588, 44407526.57264628, 44407816.571713485, 44408106.57078068, 44408396.569847874, 44408685.568918295, 44408974.56798871]	0.0	0.0	0.0
3843.8223245465583	2.0	trials	8.0	0.0	0.0	0.0	0.0	0.0	True	40.0	0.0	0.005	[44496795.285507225, 44497085.28457442, 44497375.283641614, 44497664.282712035, 44497954.28177923, 44498244.280846424, 44498533.27991684, 44498823.27898404, 44499112.27805445, 44499402.27712165, 44499691.27619206, 44499982.275256045, 44500271.27432646, 44500561.27339365, 44500851.272460856, 44501140.27153127, 44501430.27059847, 44501720.269665666, 44502009.26873607, 44502298.26780649]	0.0	0.0	0.0
3850.0622852753277	2.0	trials	8.0	0.0	0.0	0.0	0.0	0.0	True	40.0	0.0	0.005	[44569017.05320085, 44569307.05226805, 44569598.05133203, 44569887.05040244, 44570176.04947286, 44570467.04853684, 44570756.04760725, 44571046.046674445, 44571335.045744866, 44571625.04481206, 44571914.043882474, 44572204.04294968, 44572494.04201687, 44572784.04108407, 44573073.04015449, 44573363.039221674, 44573653.03828888, 44573941.03736251, 44574232.03642649, 44574521.0354969]	0.0	0.0	0.0
3857.514002106406	2.0	trials	8.0	0.0	0.0	0.0	0.0	0.0	True	40.0	0.0	0.005	[44655264.77577901, 44655554.77484621, 44655843.773916624, 44656132.77298704, 44656422.77205423, 44656712.77112143, 44657001.77019185, 44657291.76925905, 44657580.768329464, 44657870.76739665, 44658161.766460635, 44658450.765531056, 44658739.76460146, 44659029.763668664, 44659318.76273908, 44659608.76180627, 44659898.760873474, 44660188.75994067, 44660478.75900787, 44660767.758078285]	0.0	0.0	0.0
3863.3223098236153	2.0	trials	8.0	0.0	0.0	0.0	0.0	0.0	True	40.0	0.0	0.005	[44722489.559545785, 44722779.55861298, 44723068.5576834, 44723359.556747384, 44723648.5558178, 44723938.55488499, 44724227.553955406, 44724517.55302261, 44724806.552093014, 44725096.55116022, 44725385.55023063, 44725675.54929783, 44725965.54836503, 44726255.54743222, 44726545.54649942, 44726835.54556662, 44727123.54464025, 44727414.543704234, 44727702.542777866, 44727992.54184506]	0.0	0.0	0.0
3870.4082966310875	2.0	trials	8.0	0.0	0.0	0.0	0.0	0.0	True	40.0	0.0	0.005	[44804503.29574286, 44804793.29481006, 44805083.29387726, 44805372.29294767, 44805663.292011656, 44805951.29108528, 44806241.29015248, 44806531.28921968, 44806821.28828688, 44807110.28735729, 44807400.28642449, 44807689.2854949, 44807979.2845621, 44808268.28363252, 44808559.28269649, 44808848.28176691, 44809137.28083733, 44809427.27990452, 44809716.278974935, 44810007.27803892]	0.0	0.0	0.0
3877.1765916604368	2.0	trials	8.0	0.0	0.0	0.0	0.0	0.0	True	40.0	0.0	0.005	[44882841.04376401, 44883131.04283121, 44883420.04190162, 44883710.04096882, 44883999.040039234, 44884288.03910965, 44884578.03817684, 44884869.037240826, 44885157.03631446, 44885447.03538165, 44885737.034448855, 44886027.03351606, 44886317.032583244, 44886606.031653665, 44886896.03072087, 44887186.02978806, 44887475.02885847, 44887764.02792888, 44888054.02699608, 44888344.02606328]	0.0	0.0	0.0
3882.630055719022	2.0	trials	8.0	0.0	0.0	0.0	0.0	0.0	True	40.0	0.0	0.005	[44945958.840741195, 44946247.839811616, 44946537.83887881, 44946827.837946005, 44947116.83701642, 44947407.8360804, 44947696.835150816, 44947985.83422123, 44948275.83328843, 44948565.832355626, 44948855.83142283, 44949144.83049324, 44949434.82956043, 44949724.82862763, 44950013.82769805, 44950302.826768465, 44950593.82583244, 44950882.824902855, 44951172.82397006, 44951462.82303725]	0.0	0.0	0.0
3889.897222743717	2.0	trials	8.0	0.0	0.0	0.0	0.0	0.0	True	40.0	0.0	0.005	[45030070.57018993, 45030360.569257125, 45030649.568327546, 45030939.56739474, 45031229.566461936, 45031518.56553235, 45031807.56460276, 45032097.563669965, 45032388.56273395, 45032676.56180758, 45032966.56087477, 45033256.55994198, 45033545.55901239, 45033836.55807637, 45034125.55714678, 45034415.55621398, 45034704.55528439, 45034994.55435159, 45035284.553418785, 45035573.552489206]	0.0	0.0	0.0
3895.2973781737733	2.0	trials	8.0	0.0	0.0	0.0	0.0	0.0	True	40.0	0.0	0.005	[45092572.369148515, 45092860.36822215, 45093150.36728934, 45093440.366356544, 45093730.36542374, 45094020.36449094, 45094309.363561355, 45094598.36263177, 45094889.36169575, 45095179.36076295, 45095468.35983337, 45095757.35890377, 45096047.357970975, 45096336.35704139, 45096626.35610858, 45096915.355179, 45097206.35424298, 45097495.353313394, 45097784.35238381, 45098075.35144779]	0.0	0.0	0.0
3902.969587095626	2.0	trials	8.0	0.0	0.0	0.0	0.0	0.0	True	40.0	0.0	0.005	[45181370.08352445, 45181660.08259165, 45181949.08166207, 45182239.08072926, 45182529.07979646, 45182818.07886688, 45183107.07793728, 45183397.077004485, 45183687.07607169, 45183977.07513888, 45184266.074209295, 45184557.07327328, 45184846.07234369, 45185135.071414106, 45185425.0704813, 45185715.0695485, 45186004.068618916, 45186295.0676829, 45186584.06675331, 45186873.06582373]	0.0	0.0	0.0
3910.357540931802	2.0	trials	8.0	0.0	0.0	0.0	0.0	0.0	True	40.0	0.0	0.005	[45266878.80847965, 45267169.80754363, 45267458.80661405, 45267747.80568446, 45268037.80475166, 45268327.80381885, 45268617.802886054, 45268906.80195647, 45269196.80102367, 45269485.80009408, 45269775.79916128, 45270065.79822848, 45270354.79729889, 45270644.79636609, 45270934.79543328, 45271223.794503696, 45271513.7935709, 45271802.79264132, 45272092.79170851, 45272381.79077892]	0.0	0.0	0.0
3917.988364386773	2.0	trials	8.0	0.0	0.0	0.0	0.0	0.0	True	40.0	0.0	0.005	[45355199.524389885, 45355488.5234603, 45355778.52252749, 45356068.521594696, 45356357.52066511, 45356647.519732304, 45356937.518799506, 45357226.51786992, 45357516.516937114, 45357806.51600432, 45358096.51507151, 45358386.51413871, 45358675.51320913, 45358965.51227632, 45359254.511346735, 45359543.51041715, 45359833.50948435, 45360123.508551545, 45360413.50761874, 45360703.50668594]	0.0	0.0	0.0
3924.295112100718	2.0	trials	8.0	0.0	0.0	0.0	0.0	0.0	True	40.0	0.0	0.005	[45428193.28960033, 45428483.28866753, 45428773.287734725, 45429063.28680192, 45429352.28587233, 45429642.284939535, 45429932.28400674, 45430221.28307714, 45430511.28214434, 45430800.28121476, 45431091.280278735, 45431380.279349156, 45431669.27841957, 45431959.277486764, 45432248.27655718, 45432539.27562116, 45432828.274691574, 45433118.27375877, 45433407.27282919, 45433697.271896385]	0.0	0.0	0.0
3929.4546443047543	2.0	trials	8.0	0.0	0.0	0.0	0.0	0.0	True	40.0	0.0	0.005	[45487911.097513825, 45488200.09658424, 45488491.09564821, 45488780.09471863, 45489069.09378904, 45489358.09285946, 45489648.09192666, 45489938.09099385, 45490228.090061046, 45490518.08912825, 45490808.08819544, 45491097.087265864, 45491386.08633628, 45491676.08540347, 45491966.084470674, 45492256.08353786, 45492545.082608275, 45492835.08167548, 45493125.08074268, 45493415.079809874]	0.0	0.0	0.0
3936.9786777032223	2.0	trials	8.0	0.0	0.0	0.0	0.0	0.0	True	40.0	0.0	0.005	[45574994.81740294, 45575284.81647014, 45575573.81554055, 45575862.81461096, 45576152.81367816, 45576442.81274536, 45576732.81181255, 45577021.81088297, 45577311.809950165, 45577600.80902058, 45577890.80808778, 45578180.807154976, 45578470.80622218, 45578759.80529259, 45579049.804359786, 45579338.8034302, 45579627.80250062, 45579917.80156781, 45580207.80063501, 45580496.79970543]	0.0	0.0	0.0
3944.8032957348405	2.0	trials	8.0	0.0	0.0	0.0	0.0	0.0	True	40.0	0.0	0.005	[45665557.52610164, 45665846.525172055, 45666137.52423604, 45666426.52330645, 45666716.522373654, 45667006.52144085, 45667295.52051126, 45667585.51957846, 45667874.51864887, 45668164.51771607, 45668454.51678327, 45668743.51585368, 45669033.51492088, 45669323.51398808, 45669612.51305849, 45669902.51212569, 45670191.51119611, 45670481.5102633, 45670770.509333715, 45671060.50840092]	0.0	0.0	0.0
3952.5709763496016	2.0	trials	8.0	0.0	0.0	0.0	0.0	0.0	True	40.0	0.0	0.005	[45755460.23692328, 45755750.23599048, 45756039.23506089, 45756329.23412809, 45756619.23319528, 45756908.2322657, 45757198.2313329, 45757488.23040009, 45757778.229467295, 45758067.22853771, 45758357.2276049, 45758647.226672105, 45758936.22574251, 45759225.22481293, 45759515.223880135, 45759805.22294733, 45760094.222017735, 45760385.22108172, 45760674.22015214, 45760963.21922255]	0.0	0.0	0.0
3958.752271667072	2.0	trials	8.0	0.0	0.0	0.0	0.0	0.0	True	40.0	0.0	0.005	[45827004.00679773, 45827294.00586493, 45827583.00493535, 45827872.00400576, 45828162.003072955, 45828452.00214016, 45828742.00120735, 45829032.000274554, 45829320.99934497, 45829609.99841538, 45829900.997479364, 45830189.99654978, 45830479.995616965, 45830768.994687386, 45831058.99375459, 45831348.99282178, 45831637.991892196, 45831927.99095939, 45832216.990029804, 45832506.98909701]	0.0	0.0	0.0
3966.3366120715586	2.0	trials	8.0	0.0	0.0	0.0	0.0	0.0	True	40.0	0.0	0.005	[45914785.72444169, 45915074.723512106, 45915364.7225793, 45915654.7216465, 45915943.720716916, 45916233.71978412, 45916522.71885453, 45916812.71792173, 45917102.71698893, 45917392.71605612, 45917681.71512654, 45917971.71419374, 45918260.713264145, 45918549.71233456, 45918840.71139855, 45919129.71046896, 45919418.70953937, 45919709.70860335, 45919998.707673766, 45920288.70674097]	0.0	0.0	0.0
3987.2864710850045	2.0	trials	9.0	0.0	0.0	0.0	0.0	0.0	True	5.0	0.0	0.01	[46157306.944355205, 46159623.93690244, 46161940.92944967, NaN, NaN, NaN, NaN, NaN, NaN, NaN, NaN, NaN, NaN, NaN, NaN, NaN, NaN, NaN, NaN, NaN]	0.0	0.0	0.0
3993.599266779495	2.0	trials	9.0	0.0	0.0	0.0	0.0	0.0	True	5.0	0.0	0.01	[46230371.70933728, 46232688.701884516, 46235005.69443174, NaN, NaN, NaN, NaN, NaN, NaN, NaN, NaN, NaN, NaN, NaN, NaN, NaN, NaN, NaN, NaN, NaN]	0.0	0.0	0.0
3999.2980196490944	2.0	trials	9.0	0.0	0.0	0.0	0.0	0.0	True	5.0	0.0	0.01	[46296329.49717943, 46298646.48972666, 46300963.4822739, NaN, NaN, NaN, NaN, NaN, NaN, NaN, NaN, NaN, NaN, NaN, NaN, NaN, NaN, NaN, NaN, NaN]	0.0	0.0	0.0
4005.9163247608953	2.0	trials	9.0	0.0	0.0	0.0	0.0	0.0	True	5.0	0.0	0.01	[46372930.25078775, 46375247.24333498, 46377564.235882215, NaN, NaN, NaN, NaN, NaN, NaN, NaN, NaN, NaN, NaN, NaN, NaN, NaN, NaN, NaN, NaN, NaN]	0.0	0.0	0.0
4012.240006820369	2.0	trials	9.0	0.0	0.0	0.0	0.0	0.0	True	5.0	0.0	0.01	[46446121.01536453, 46448438.00791176, 46450755.00045899, NaN, NaN, NaN, NaN, NaN, NaN, NaN, NaN, NaN, NaN, NaN, NaN, NaN, NaN, NaN, NaN, NaN]	0.0	0.0	0.0
4017.892363039207	2.0	trials	9.0	0.0	0.0	0.0	0.0	0.0	True	5.0	0.0	0.01	[46511541.80493397, 46513858.79748121, 46516175.79002844, NaN, NaN, NaN, NaN, NaN, NaN, NaN, NaN, NaN, NaN, NaN, NaN, NaN, NaN, NaN, NaN, NaN]	0.0	0.0	0.0
4024.4621115071923	2.0	trials	9.0	0.0	0.0	0.0	0.0	0.0	True	5.0	0.0	0.01	[46587580.56035, 46589897.55289722, 46592214.54544446, NaN, NaN, NaN, NaN, NaN, NaN, NaN, NaN, NaN, NaN, NaN, NaN, NaN, NaN, NaN, NaN, NaN]	0.0	0.0	0.0
4030.648418008544	2.0	trials	9.0	0.0	0.0	0.0	0.0	0.0	True	5.0	0.0	0.01	[46659181.33004111, 46661498.32258835, 46663815.31513557, NaN, NaN, NaN, NaN, NaN, NaN, NaN, NaN, NaN, NaN, NaN, NaN, NaN, NaN, NaN, NaN, NaN]	0.0	0.0	0.0
4036.498024792912	2.0	trials	9.0	0.0	0.0	0.0	0.0	0.0	True	5.0	0.0	0.01	[46726885.11226715, 46729202.10481438, 46731519.09736162, NaN, NaN, NaN, NaN, NaN, NaN, NaN, NaN, NaN, NaN, NaN, NaN, NaN, NaN, NaN, NaN, NaN]	0.0	0.0	0.0
4043.140003428565	2.0	trials	9.0	0.0	0.0	0.0	0.0	0.0	True	5.0	0.0	0.01	[46803759.86499413, 46806077.85753814, 46808394.85008538, NaN, NaN, NaN, NaN, NaN, NaN, NaN, NaN, NaN, NaN, NaN, NaN, NaN, NaN, NaN, NaN, NaN]	0.0	0.0	0.0
4049.494184589937	2.0	trials	9.0	0.0	0.0	0.0	0.0	0.0	True	5.0	0.0	0.01	[46877303.62843546, 46879620.6209827, 46881937.61352992, NaN, NaN, NaN, NaN, NaN, NaN, NaN, NaN, NaN, NaN, NaN, NaN, NaN, NaN, NaN, NaN, NaN]	0.0	0.0	0.0
4056.352594529425	2.0	trials	9.0	0.0	0.0	0.0	0.0	0.0	True	5.0	0.0	0.01	[46956683.37310496, 46959000.36565219, 46961317.35819942, NaN, NaN, NaN, NaN, NaN, NaN, NaN, NaN, NaN, NaN, NaN, NaN, NaN, NaN, NaN, NaN, NaN]	0.0	0.0	0.0
4062.6824109691674	2.0	trials	9.0	0.0	0.0	0.0	0.0	0.0	True	5.0	0.0	0.01	[47029945.13745336, 47032263.12999738, 47034580.12254461, NaN, NaN, NaN, NaN, NaN, NaN, NaN, NaN, NaN, NaN, NaN, NaN, NaN, NaN, NaN, NaN, NaN]	0.0	0.0	0.0
4067.956336405251	2.0	trials	9.0	0.0	0.0	0.0	0.0	0.0	True	5.0	0.0	0.01	[47090985.94111134, 47093302.93365858, 47095619.926205814, NaN, NaN, NaN, NaN, NaN, NaN, NaN, NaN, NaN, NaN, NaN, NaN, NaN, NaN, NaN, NaN, NaN]	0.0	0.0	0.0
4074.160268449909	2.0	trials	9.0	0.0	0.0	0.0	0.0	0.0	True	5.0	0.0	0.01	[47162790.71014628, 47165107.70269351, 47167424.695240736, NaN, NaN, NaN, NaN, NaN, NaN, NaN, NaN, NaN, NaN, NaN, NaN, NaN, NaN, NaN, NaN, NaN]	0.0	0.0	0.0
4079.8365573917645	2.0	trials	9.0	0.0	0.0	0.0	0.0	0.0	True	5.0	0.0	0.01	[47228488.49882474, 47230805.49137197, 47233122.4839192, NaN, NaN, NaN, NaN, NaN, NaN, NaN, NaN, NaN, NaN, NaN, NaN, NaN, NaN, NaN, NaN, NaN]	0.0	0.0	0.0
4085.488222412824	2.0	trials	9.0	0.0	0.0	0.0	0.0	0.0	True	5.0	0.0	0.01	[47293901.288419925, 47296218.28096715, 47298535.27351438, NaN, NaN, NaN, NaN, NaN, NaN, NaN, NaN, NaN, NaN, NaN, NaN, NaN, NaN, NaN, NaN, NaN]	0.0	0.0	0.0
4092.346286753424	2.0	trials	9.0	0.0	0.0	0.0	0.0	0.0	True	5.0	0.0	0.01	[47373277.03310228, 47375594.02564952, 47377911.01819675, NaN, NaN, NaN, NaN, NaN, NaN, NaN, NaN, NaN, NaN, NaN, NaN, NaN, NaN, NaN, NaN, NaN]	0.0	0.0	0.0
4099.198907911533	2.0	trials	9.0	0.0	0.0	0.0	0.0	0.0	True	5.0	0.0	0.01	[47452589.77798729, 47454906.770534515, 47457223.76308175, NaN, NaN, NaN, NaN, NaN, NaN, NaN, NaN, NaN, NaN, NaN, NaN, NaN, NaN, NaN, NaN, NaN]	0.0	0.0	0.0
4106.008674807484	2.0	trials	9.0	0.0	0.0	0.0	0.0	0.0	True	5.0	0.0	0.01	[47531406.52446771, 47533723.517014936, 47536040.50956217, NaN, NaN, NaN, NaN, NaN, NaN, NaN, NaN, NaN, NaN, NaN, NaN, NaN, NaN, NaN, NaN, NaN]	0.0	0.0	0.0
4112.818700902602	2.0	trials	9.0	0.0	0.0	0.0	0.0	0.0	True	5.0	0.0	0.01	[47610226.27093848, 47612543.26348571, 47614860.25603294, NaN, NaN, NaN, NaN, NaN, NaN, NaN, NaN, NaN, NaN, NaN, NaN, NaN, NaN, NaN, NaN, NaN]	0.0	0.0	0.0
4119.202344369207	2.0	trials	9.0	0.0	0.0	0.0	0.0	0.0	True	5.0	0.0	0.01	[47684111.03328297, 47686428.025830194, 47688745.01837742, NaN, NaN, NaN, NaN, NaN, NaN, NaN, NaN, NaN, NaN, NaN, NaN, NaN, NaN, NaN, NaN, NaN]	0.0	0.0	0.0
4125.670573163738	2.0	trials	9.0	0.0	0.0	0.0	0.0	0.0	True	5.0	0.0	0.01	[47758974.79247845, 47761292.785022445, 47763609.77756969, NaN, NaN, NaN, NaN, NaN, NaN, NaN, NaN, NaN, NaN, NaN, NaN, NaN, NaN, NaN, NaN, NaN]	0.0	0.0	0.0
4131.95243775772	2.0	trials	9.0	0.0	0.0	0.0	0.0	0.0	True	5.0	0.0	0.01	[47831681.55861203, 47833998.55115926, 47836315.54370649, NaN, NaN, NaN, NaN, NaN, NaN, NaN, NaN, NaN, NaN, NaN, NaN, NaN, NaN, NaN, NaN, NaN]	0.0	0.0	0.0
4137.543104574985	2.0	trials	9.0	0.0	0.0	0.0	0.0	0.0	True	5.0	0.0	0.01	[47896388.35047811, 47898705.34302534, 47901022.33557257, NaN, NaN, NaN, NaN, NaN, NaN, NaN, NaN, NaN, NaN, NaN, NaN, NaN, NaN, NaN, NaN, NaN]	0.0	0.0	0.0
4143.094200319532	2.0	trials	9.0	0.0	0.0	0.0	0.0	0.0	True	5.0	0.0	0.01	[47960637.14381737, 47962955.13636138, 47965272.12890861, NaN, NaN, NaN, NaN, NaN, NaN, NaN, NaN, NaN, NaN, NaN, NaN, NaN, NaN, NaN, NaN, NaN]	0.0	0.0	0.0
4149.988466143688	2.0	trials	9.0	0.0	0.0	0.0	0.0	0.0	True	5.0	0.0	0.01	[48040431.88715199, 48042748.87969923, 48045066.872243226, NaN, NaN, NaN, NaN, NaN, NaN, NaN, NaN, NaN, NaN, NaN, NaN, NaN, NaN, NaN, NaN, NaN]	0.0	0.0	0.0
4156.216503710808	2.0	trials	9.0	0.0	0.0	0.0	0.0	0.0	True	5.0	0.0	0.01	[48112515.6552895, 48114832.64783673, 48117149.640383966, NaN, NaN, NaN, NaN, NaN, NaN, NaN, NaN, NaN, NaN, NaN, NaN, NaN, NaN, NaN, NaN, NaN]	0.0	0.0	0.0
4162.192599688316	2.0	trials	9.0	0.0	0.0	0.0	0.0	0.0	True	5.0	0.0	0.01	[48181683.43280651, 48184000.425353736, 48186318.41789775, NaN, NaN, NaN, NaN, NaN, NaN, NaN, NaN, NaN, NaN, NaN, NaN, NaN, NaN, NaN, NaN, NaN]	0.0	0.0	0.0
4167.654098921056	2.0	trials	9.0	0.0	0.0	0.0	0.0	0.0	True	5.0	0.0	0.01	[48244895.22948134, 48247212.22202856, 48249529.21457578, NaN, NaN, NaN, NaN, NaN, NaN, NaN, NaN, NaN, NaN, NaN, NaN, NaN, NaN, NaN, NaN, NaN]	0.0	0.0	0.0
4185.944401689134	2.0	trials	10.0	0.0	0.0	0.0	0.0	0.0	True	10.0	0.0	0.005	[48456542.5487029, 48457700.544978134, 48458859.54125014, 48460017.53752536, 48461177.53379415, NaN, NaN, NaN, NaN, NaN, NaN, NaN, NaN, NaN, NaN, NaN, NaN, NaN, NaN, NaN]	0.0	0.0	0.0
4191.302221255366	2.0	trials	10.0	0.0	0.0	0.0	0.0	0.0	True	10.0	0.0	0.005	[48518553.34924084, 48519712.34551284, 48520871.34178484, 48522029.33806007, 48523187.3343353, NaN, NaN, NaN, NaN, NaN, NaN, NaN, NaN, NaN, NaN, NaN, NaN, NaN, NaN, NaN]	0.0	0.0	0.0
4197.327133075854	2.0	trials	10.0	0.0	0.0	0.0	0.0	0.0	True	10.0	0.0	0.005	[48588286.12494047, 48589445.12121248, 48590603.117487706, 48591762.11375971, 48592921.11003172, NaN, NaN, NaN, NaN, NaN, NaN, NaN, NaN, NaN, NaN, NaN, NaN, NaN, NaN, NaN]	0.0	0.0	0.0
4202.50567321875	2.0	trials	10.0	0.0	0.0	0.0	0.0	0.0	True	10.0	0.0	0.005	[48648222.93214953, 48649381.92842154, 48650539.924696766, 48651698.920968786, 48652856.917243995, NaN, NaN, NaN, NaN, NaN, NaN, NaN, NaN, NaN, NaN, NaN, NaN, NaN, NaN, NaN]	0.0	0.0	0.0
4208.012359506143	2.0	trials	10.0	0.0	0.0	0.0	0.0	0.0	True	10.0	0.0	0.005	[48711957.72714212, 48713116.72341411, 48714275.71968611, 48715433.71596135, 48716592.71223336, NaN, NaN, NaN, NaN, NaN, NaN, NaN, NaN, NaN, NaN, NaN, NaN, NaN, NaN, NaN]	0.0	0.0	0.0
4213.238592295633	2.0	trials	10.0	0.0	0.0	0.0	0.0	0.0	True	10.0	0.0	0.005	[48772446.53257562, 48773605.52884763, 48774763.525122866, 48775922.52139487, 48777081.51766688, NaN, NaN, NaN, NaN, NaN, NaN, NaN, NaN, NaN, NaN, NaN, NaN, NaN, NaN, NaN]	0.0	0.0	0.0
4218.428796401012	2.0	trials	10.0	0.0	0.0	0.0	0.0	0.0	True	10.0	0.0	0.005	[48832519.33934724, 48833677.33562247, 48834835.331897676, 48835993.328172915, 48837153.3244417, NaN, NaN, NaN, NaN, NaN, NaN, NaN, NaN, NaN, NaN, NaN, NaN, NaN, NaN, NaN]	0.0	0.0	0.0
4224.4164699412795	2.0	trials	10.0	0.0	0.0	0.0	0.0	0.0	True	10.0	0.0	0.005	[48901820.11643644, 48902979.11270846, 48904137.108983666, 48905297.10525245, 48906455.10152769, NaN, NaN, NaN, NaN, NaN, NaN, NaN, NaN, NaN, NaN, NaN, NaN, NaN, NaN, NaN]	0.0	0.0	0.0
4229.996509592726	2.0	trials	10.0	0.0	0.0	0.0	0.0	0.0	True	10.0	0.0	0.005	[48966404.90869494, 48967562.904970154, 48968721.90124216, 48969879.8975174, 48971038.89378939, NaN, NaN, NaN, NaN, NaN, NaN, NaN, NaN, NaN, NaN, NaN, NaN, NaN, NaN, NaN]	0.0	0.0	0.0
4235.522808617034	2.0	trials	10.0	0.0	0.0	0.0	0.0	0.0	True	10.0	0.0	0.005	[49030365.70296056, 49031524.69923256, 49032682.69550779, 49033841.69177979, 49035000.688051805, NaN, NaN, NaN, NaN, NaN, NaN, NaN, NaN, NaN, NaN, NaN, NaN, NaN, NaN, NaN]	0.0	0.0	0.0
4240.8522026747	2.0	trials	10.0	0.0	0.0	0.0	0.0	0.0	True	10.0	0.0	0.005	[49092049.50455029, 49093208.5008223, 49094366.49709753, 49095524.49337275, 49096683.48964476, NaN, NaN, NaN, NaN, NaN, NaN, NaN, NaN, NaN, NaN, NaN, NaN, NaN, NaN, NaN]	0.0	0.0	0.0
4246.088803430839	2.0	trials	10.0	0.0	0.0	0.0	0.0	0.0	True	10.0	0.0	0.005	[49152658.30959783, 49153816.30587306, 49154975.30214506, 49156134.29841706, 49157293.294689074, NaN, NaN, NaN, NaN, NaN, NaN, NaN, NaN, NaN, NaN, NaN, NaN, NaN, NaN, NaN]	0.0	0.0	0.0
4251.350719305552	2.0	trials	10.0	0.0	0.0	0.0	0.0	0.0	True	10.0	0.0	0.005	[49213560.11370291, 49214719.10997491, 49215877.10625014, 49217036.10252214, 49218195.09879416, NaN, NaN, NaN, NaN, NaN, NaN, NaN, NaN, NaN, NaN, NaN, NaN, NaN, NaN, NaN]	0.0	0.0	0.0
4256.678903767108	2.0	trials	10.0	0.0	0.0	0.0	0.0	0.0	True	10.0	0.0	0.005	[49275228.91534089, 49276386.91161612, 49277545.90788812, 49278703.90416335, 49279862.90043535, NaN, NaN, NaN, NaN, NaN, NaN, NaN, NaN, NaN, NaN, NaN, NaN, NaN, NaN, NaN]	0.0	0.0	0.0
4263.583710357358	2.0	trials	10.0	0.0	0.0	0.0	0.0	0.0	True	10.0	0.0	0.005	[49355145.6582831, 49356303.654558316, 49357461.65083354, 49358620.647105545, 49359778.64338077, NaN, NaN, NaN, NaN, NaN, NaN, NaN, NaN, NaN, NaN, NaN, NaN, NaN, NaN, NaN]	0.0	0.0	0.0
4269.519457664649	2.0	trials	10.0	0.0	0.0	0.0	0.0	0.0	True	10.0	0.0	0.005	[49423845.43730545, 49425004.433577456, 49426162.42985268, 49427321.426124685, 49428480.42239669, NaN, NaN, NaN, NaN, NaN, NaN, NaN, NaN, NaN, NaN, NaN, NaN, NaN, NaN, NaN]	0.0	0.0	0.0
4275.959606549501	2.0	trials	10.0	0.0	0.0	0.0	0.0	0.0	True	10.0	0.0	0.005	[49498385.197543085, 49499543.19381831, 49500702.19009031, 49501860.186365545, 49503018.18264076, NaN, NaN, NaN, NaN, NaN, NaN, NaN, NaN, NaN, NaN, NaN, NaN, NaN, NaN, NaN]	0.0	0.0	0.0
4282.498510316701	2.0	trials	10.0	0.0	0.0	0.0	0.0	0.0	True	10.0	0.0	0.005	[49574066.95410742, 49575224.95038264, 49576384.94665144, 49577541.94292988, 49578700.939201884, NaN, NaN, NaN, NaN, NaN, NaN, NaN, NaN, NaN, NaN, NaN, NaN, NaN, NaN, NaN]	0.0	0.0	0.0
4287.77554614278	2.0	trials	10.0	0.0	0.0	0.0	0.0	0.0	True	10.0	0.0	0.005	[49635142.75765282, 49636300.75392804, 49637459.75020005, 49638618.74647207, 49639776.74274728, NaN, NaN, NaN, NaN, NaN, NaN, NaN, NaN, NaN, NaN, NaN, NaN, NaN, NaN, NaN]	0.0	0.0	0.0
4294.708259843265	2.0	trials	10.0	0.0	0.0	0.0	0.0	0.0	True	10.0	0.0	0.005	[49715383.499552846, 49716541.495828085, 49717700.49210009, 49718858.48837531, 49720017.48464732, NaN, NaN, NaN, NaN, NaN, NaN, NaN, NaN, NaN, NaN, NaN, NaN, NaN, NaN, NaN]	0.0	0.0	0.0
4301.318702580355	2.0	trials	10.0	0.0	0.0	0.0	0.0	0.0	True	10.0	0.0	0.005	[49791892.25345709, 49793051.2497291, 49794209.24600432, 49795369.24227312, 49796527.23854833, NaN, NaN, NaN, NaN, NaN, NaN, NaN, NaN, NaN, NaN, NaN, NaN, NaN, NaN, NaN]	0.0	0.0	0.0
4307.026181821885	2.0	trials	10.0	0.0	0.0	0.0	0.0	0.0	True	10.0	0.0	0.005	[49857951.040974386, 49859109.037249595, 49860269.03351839, 49861427.02979362, 49862586.026065625, NaN, NaN, NaN, NaN, NaN, NaN, NaN, NaN, NaN, NaN, NaN, NaN, NaN, NaN, NaN]	0.0	0.0	0.0
4312.416142084735	2.0	trials	10.0	0.0	0.0	0.0	0.0	0.0	True	10.0	0.0	0.005	[49920334.840312526, 49921493.83658452, 49922652.83285653, 49923811.82912853, 49924969.825403765, NaN, NaN, NaN, NaN, NaN, NaN, NaN, NaN, NaN, NaN, NaN, NaN, NaN, NaN, NaN]	0.0	0.0	0.0
4318.57488707474	2.0	trials	10.0	0.0	0.0	0.0	0.0	0.0	True	10.0	0.0	0.005	[49991617.611026496, 49992775.60730172, 49993934.603573725, 49995093.59984573, 49996251.59612095, NaN, NaN, NaN, NaN, NaN, NaN, NaN, NaN, NaN, NaN, NaN, NaN, NaN, NaN, NaN]	0.0	0.0	0.0
4323.993100046713	2.0	trials	10.0	0.0	0.0	0.0	0.0	0.0	True	10.0	0.0	0.005	[50054329.4093096, 50055486.40558804, 50056645.40186006, 50057803.39813527, 50058962.39440729, NaN, NaN, NaN, NaN, NaN, NaN, NaN, NaN, NaN, NaN, NaN, NaN, NaN, NaN, NaN]	0.0	0.0	0.0
4329.767539072863	2.0	trials	10.0	0.0	0.0	0.0	0.0	0.0	True	10.0	0.0	0.005	[50121162.19433727, 50122320.190612495, 50123479.18688451, 50124638.18315651, 50125795.179434955, NaN, NaN, NaN, NaN, NaN, NaN, NaN, NaN, NaN, NaN, NaN, NaN, NaN, NaN, NaN]	0.0	0.0	0.0
4335.914620100386	2.0	trials	10.0	0.0	0.0	0.0	0.0	0.0	True	10.0	0.0	0.005	[50192308.9654887, 50193466.961763926, 50194625.95803593, 50195783.954311155, 50196942.95058316, NaN, NaN, NaN, NaN, NaN, NaN, NaN, NaN, NaN, NaN, NaN, NaN, NaN, NaN, NaN]	0.0	0.0	0.0
4342.187412723549	2.0	trials	10.0	0.0	0.0	0.0	0.0	0.0	True	10.0	0.0	0.005	[50264909.73196326, 50266068.72823527, 50267227.72450726, 50268385.720782496, 50269543.71705771, NaN, NaN, NaN, NaN, NaN, NaN, NaN, NaN, NaN, NaN, NaN, NaN, NaN, NaN, NaN]	0.0	0.0	0.0
4348.796991463419	2.0	trials	10.0	0.0	0.0	0.0	0.0	0.0	True	10.0	0.0	0.005	[50341409.485896446, 50342568.48216844, 50343727.47844045, 50344885.47471568, 50346044.470987685, NaN, NaN, NaN, NaN, NaN, NaN, NaN, NaN, NaN, NaN, NaN, NaN, NaN, NaN, NaN]	0.0	0.0	0.0
4355.252778697969	2.0	trials	10.0	0.0	0.0	0.0	0.0	0.0	True	10.0	0.0	0.005	[50416128.24555832, 50417288.241827115, 50418447.23809912, 50419605.234374344, 50420763.23064956, NaN, NaN, NaN, NaN, NaN, NaN, NaN, NaN, NaN, NaN, NaN, NaN, NaN, NaN, NaN]	0.0	0.0	0.0
4376.772098279708	2.0	trials	11.0	0.0	0.0	0.0	0.0	0.0	True	20.0	0.0	0.005	[50665196.44441302, 50665774.44255385, 50666354.44068824, 50666934.438822635, 50667513.43696024, 50668092.43509786, 50668670.433238685, 50669251.43136986, 50669829.42951069, 50670409.427645095, NaN, NaN, NaN, NaN, NaN, NaN, NaN, NaN, NaN, NaN]	0.0	0.0	0.0
4383.665932105253	2.0	trials	11.0	0.0	0.0	0.0	0.0	0.0	True	20.0	0.0	0.005	[50744985.18776694, 50745565.18590133, 50746145.184035726, 50746724.182173334, 50747303.18031095, 50747882.17844857, 50748461.17658617, 50749041.17472058, 50749619.1728614, 50750199.1709958, NaN, NaN, NaN, NaN, NaN, NaN, NaN, NaN, NaN, NaN]	0.0	0.0	0.0
4390.658002414814	2.0	trials	11.0	0.0	0.0	0.0	0.0	0.0	True	20.0	0.0	0.005	[50825911.9274604, 50826491.92559481, 50827071.9237292, 50827650.92186682, 50828228.920007646, 50828809.918138824, 50829388.91627643, 50829968.91441084, 50830546.91255166, 50831126.91068605, NaN, NaN, NaN, NaN, NaN, NaN, NaN, NaN, NaN, NaN]	0.0	0.0	0.0
4397.594517703072	2.0	trials	11.0	0.0	0.0	0.0	0.0	0.0	True	20.0	0.0	0.005	[50906196.66921891, 50906776.66735332, 50907355.66549092, 50907933.66363176, 50908513.66176615, 50909092.659903765, 50909672.658038154, 50910251.65617577, 50910830.65431338, 50911409.65245099, NaN, NaN, NaN, NaN, NaN, NaN, NaN, NaN, NaN, NaN]	0.0	0.0	0.0
4403.568280888082	2.0	trials	11.0	0.0	0.0	0.0	0.0	0.0	True	20.0	0.0	0.005	[50975336.44682598, 50975916.44496038, 50976496.443094775, 50977075.44123238, 50977654.43937001, 50978234.43750439, 50978813.435642004, 50979392.43377962, 50979972.43191401, 50980551.430051625, NaN, NaN, NaN, NaN, NaN, NaN, NaN, NaN, NaN, NaN]	0.0	0.0	0.0
4409.664904477904	2.0	trials	11.0	0.0	0.0	0.0	0.0	0.0	True	20.0	0.0	0.005	[51045900.21985266, 51046479.21799028, 51047059.21612468, 51047638.214262284, 51048216.21240312, 51048796.210537516, 51049376.2086719, 51049954.20681274, 51050534.20494713, 51051113.203084745, NaN, NaN, NaN, NaN, NaN, NaN, NaN, NaN, NaN, NaN]	0.0	0.0	0.0
4415.201830668028	2.0	trials	11.0	0.0	0.0	0.0	0.0	0.0	True	20.0	0.0	0.005	[51109985.01371944, 51110565.01185384, 51111144.00999145, 51111722.00813228, 51112302.00626667, 51112881.00440429, 51113461.00253867, 51114039.00067951, 51114619.998810686, 51115197.99695151, NaN, NaN, NaN, NaN, NaN, NaN, NaN, NaN, NaN, NaN]	0.0	0.0	0.0
4421.862126044765	2.0	trials	11.0	0.0	0.0	0.0	0.0	0.0	True	20.0	0.0	0.005	[51187070.76576772, 51187650.76390212, 51188229.76203973, 51188808.76017734, 51189388.75831173, 51189967.75644935, 51190546.75458696, 51191126.75272136, 51191705.75085896, 51192285.74899337, NaN, NaN, NaN, NaN, NaN, NaN, NaN, NaN, NaN, NaN]	0.0	0.0	0.0
4427.158515408592	2.0	trials	11.0	0.0	0.0	0.0	0.0	0.0	True	20.0	0.0	0.005	[51248371.56858939, 51248950.566727005, 51249530.56486141, 51250109.56299901, 51250689.561133415, 51251268.55927102, 51251847.55740864, 51252426.55554625, 51253005.55368386, 51253584.55182147, NaN, NaN, NaN, NaN, NaN, NaN, NaN, NaN, NaN, NaN]	0.0	0.0	0.0
4432.841802727937	2.0	trials	11.0	0.0	0.0	0.0	0.0	0.0	True	20.0	0.0	0.005	[51314151.357004106, 51314730.355141714, 51315310.35327612, 51315888.35141694, 51316468.34955133, 51317048.34768573, 51317626.34582655, 51318206.34396095, 51318785.34209856, 51319364.34023618, NaN, NaN, NaN, NaN, NaN, NaN, NaN, NaN, NaN, NaN]	0.0	0.0	0.0
4438.272025261281	2.0	trials	11.0	0.0	0.0	0.0	0.0	0.0	True	20.0	0.0	0.005	[51377000.154846534, 51377580.15298094, 51378158.15112177, 51378738.14925616, 51379318.14739056, 51379897.14552817, 51380476.14366579, 51381056.14180017, 51381634.13994101, 51382213.138078615, NaN, NaN, NaN, NaN, NaN, NaN, NaN, NaN, NaN, NaN]	0.0	0.0	0.0
4445.209750145647	2.0	trials	11.0	0.0	0.0	0.0	0.0	0.0	True	20.0	0.0	0.005	[51457298.89656002, 51457877.89469764, 51458456.892835245, 51459036.89096964, 51459616.88910403, 51460194.887244865, 51460774.885379255, 51461353.88351687, 51461932.88165448, 51462512.87978888, NaN, NaN, NaN, NaN, NaN, NaN, NaN, NaN, NaN, NaN]	0.0	0.0	0.0
4452.084057634	2.0	trials	11.0	0.0	0.0	0.0	0.0	0.0	True	20.0	0.0	0.005	[51536861.640640885, 51537441.638775274, 51538020.63691289, 51538599.63505051, 51539178.63318812, 51539757.63132572, 51540337.629460126, 51540917.62759451, 51541496.62573213, 51542075.62386975, NaN, NaN, NaN, NaN, NaN, NaN, NaN, NaN, NaN, NaN]	0.0	0.0	0.0
4458.613111832882	2.0	trials	11.0	0.0	0.0	0.0	0.0	0.0	True	20.0	0.0	0.005	[51612430.39756868, 51613008.39570951, 51613588.39384391, 51614167.39198153, 51614746.39011913, 51615325.388256736, 51615905.38639114, 51616484.384528756, 51617064.382663146, 51617642.38080398, NaN, NaN, NaN, NaN, NaN, NaN, NaN, NaN, NaN, NaN]	0.0	0.0	0.0
4464.137942061914	2.0	trials	11.0	0.0	0.0	0.0	0.0	0.0	True	20.0	0.0	0.005	[51676375.191885784, 51676954.19002339, 51677533.18816101, 51678113.1862954, 51678692.18443301, 51679271.18257062, 51679851.18070502, 51680430.17884263, 51681009.17698024, 51681588.17511785, NaN, NaN, NaN, NaN, NaN, NaN, NaN, NaN, NaN, NaN]	0.0	0.0	0.0
4470.14419154243	2.0	trials	11.0	0.0	0.0	0.0	0.0	0.0	True	20.0	0.0	0.005	[51745890.968283415, 51746469.96642103, 51747049.96455542, 51747629.962689824, 51748207.960830644, 51748786.95896827, 51749366.95710265, 51749945.95524027, 51750525.953374654, 51751104.95151227, NaN, NaN, NaN, NaN, NaN, NaN, NaN, NaN, NaN, NaN]	0.0	0.0	0.0
4476.533969389304	2.0	trials	11.0	0.0	0.0	0.0	0.0	0.0	True	20.0	0.0	0.005	[51819847.730396315, 51820426.72853393, 51821005.72667154, 51821585.724805936, 51822164.722943544, 51822743.72108116, 51823322.71921876, 51823901.717356384, 51824481.71549077, 51825060.71362839, NaN, NaN, NaN, NaN, NaN, NaN, NaN, NaN, NaN, NaN]	0.0	0.0	0.0
4482.254581388591	2.0	trials	11.0	0.0	0.0	0.0	0.0	0.0	True	20.0	0.0	0.005	[51886057.5174279, 51886636.51556551, 51887215.51370312, 51887796.51183429, 51888374.50997513, 51888953.508112736, 51889533.50624714, 51890112.50438474, 51890692.502519146, 51891271.50065676, NaN, NaN, NaN, NaN, NaN, NaN, NaN, NaN, NaN, NaN]	0.0	0.0	0.0
4488.454884644922	2.0	trials	11.0	0.0	0.0	0.0	0.0	0.0	True	20.0	0.0	0.005	[51957821.286594704, 51958399.28473553, 51958979.282869935, 51959558.281007536, 51960138.27914194, 51960717.277279556, 51961296.275417164, 51961876.27355156, 51962455.27168917, 51963034.269826785, NaN, NaN, NaN, NaN, NaN, NaN, NaN, NaN, NaN, NaN]	0.0	0.0	0.0
4494.077951357969	2.0	trials	11.0	0.0	0.0	0.0	0.0	0.0	True	20.0	0.0	0.005	[52022902.07725779, 52023481.0753954, 52024060.07353301, 52024640.0716674, 52025220.0698018, 52025799.06793942, 52026378.06607703, 52026958.06421143, 52027536.06235225, 52028116.06048665, NaN, NaN, NaN, NaN, NaN, NaN, NaN, NaN, NaN, NaN]	0.0	0.0	0.0
4501.008245866236	2.0	trials	11.0	0.0	0.0	0.0	0.0	0.0	True	20.0	0.0	0.005	[52103113.81925111, 52103693.8173855, 52104271.81552633, 52104851.813660726, 52105431.81179512, 52106010.80993273, 52106589.80807035, 52107168.806207955, 52107748.80434235, 52108327.80247996, NaN, NaN, NaN, NaN, NaN, NaN, NaN, NaN, NaN, NaN]	0.0	0.0	0.0
4507.788204858067	2.0	trials	11.0	0.0	0.0	0.0	0.0	0.0	True	20.0	0.0	0.005	[52181585.56684124, 52182164.564978845, 52182743.56311646, 52183323.56125085, 52183903.55938525, 52184482.557522856, 52185061.55566047, 52185641.55379487, 52186219.551935695, 52186798.5500733, NaN, NaN, NaN, NaN, NaN, NaN, NaN, NaN, NaN, NaN]	0.0	0.0	0.0
4513.944530655853	2.0	trials	11.0	0.0	0.0	0.0	0.0	0.0	True	20.0	0.0	0.005	[52252840.337645285, 52253419.33578289, 52253998.33392049, 52254577.3320581, 52255157.33019251, 52255736.32833012, 52256315.32646772, 52256894.324605346, 52257475.322736524, 52258053.32087735, NaN, NaN, NaN, NaN, NaN, NaN, NaN, NaN, NaN, NaN]	0.0	0.0	0.0
4520.664441840831	2.0	trials	11.0	0.0	0.0	0.0	0.0	0.0	True	20.0	0.0	0.005	[52330617.087470904, 52331196.08560853, 52331775.083746135, 52332355.08188054, 52332933.08002136, 52333513.078155756, 52334093.07629016, 52334672.07442776, 52335252.072562166, 52335830.070702985, NaN, NaN, NaN, NaN, NaN, NaN, NaN, NaN, NaN, NaN]	0.0	0.0	0.0
4525.944415257461	2.0	trials	11.0	0.0	0.0	0.0	0.0	0.0	True	20.0	0.0	0.005	[52391727.89090373, 52392306.88904134, 52392885.887178965, 52393465.88531335, 52394043.88345419, 52394623.881588586, 52395202.879726194, 52395781.8778638, 52396360.87600141, 52396940.874135815, NaN, NaN, NaN, NaN, NaN, NaN, NaN, NaN, NaN, NaN]	0.0	0.0	0.0
4532.556067590661	2.0	trials	11.0	0.0	0.0	0.0	0.0	0.0	True	20.0	0.0	0.005	[52468251.644759715, 52468830.64289734, 52469409.64103495, 52469988.63917256, 52470567.63731017, 52471146.63544777, 52471726.633582175, 52472304.63172301, 52472884.62985741, 52473463.627995014, NaN, NaN, NaN, NaN, NaN, NaN, NaN, NaN, NaN, NaN]	0.0	0.0	0.0
4538.058174692783	2.0	trials	11.0	0.0	0.0	0.0	0.0	0.0	True	20.0	0.0	0.005	[52531932.43992598, 52532512.43806039, 52533091.43619799, 52533671.43433239, 52534249.43247321, 52534829.43060762, 52535409.428742014, 52535987.42688283, 52536566.42502046, 52537146.42315484, NaN, NaN, NaN, NaN, NaN, NaN, NaN, NaN, NaN, NaN]	0.0	0.0	0.0
4543.290196263653	2.0	trials	11.0	0.0	0.0	0.0	0.0	0.0	True	20.0	0.0	0.005	[52592489.245140776, 52593067.24328161, 52593647.241416015, 52594226.23955362, 52594806.23768802, 52595384.23582884, 52595965.233960025, 52596543.23210085, 52597124.23023203, 52597702.22837286, NaN, NaN, NaN, NaN, NaN, NaN, NaN, NaN, NaN, NaN]	0.0	0.0	0.0
4548.438755702983	2.0	trials	11.0	0.0	0.0	0.0	0.0	0.0	True	20.0	0.0	0.005	[52652078.05346921, 52652658.05160361, 52653237.04974121, 52653816.04787883, 52654396.04601322, 52654975.044150844, 52655554.042288445, 52656134.04042284, 52656713.038560465, 52657292.03669807, NaN, NaN, NaN, NaN, NaN, NaN, NaN, NaN, NaN, NaN]	0.0	0.0	0.0
4553.790268089504	2.0	trials	11.0	0.0	0.0	0.0	0.0	0.0	True	20.0	0.0	0.005	[52714016.85423871, 52714595.852376334, 52715175.85051073, 52715754.84864834, 52716334.84678274, 52716912.84492356, 52717492.84305797, 52718071.84119557, 52718650.83933318, 52719230.83746758, NaN, NaN, NaN, NaN, NaN, NaN, NaN, NaN, NaN, NaN]	0.0	0.0	0.0
4574.011863845454	2.0	trials	12.0	0.0	0.0	0.0	0.0	0.0	True	1.0	0.0	1.0	[52949084.098128475, NaN, NaN, NaN, NaN, NaN, NaN, NaN, NaN, NaN, NaN, NaN, NaN, NaN, NaN, NaN, NaN, NaN, NaN, NaN]	0.0	0.0	0.0
4580.443372758097	2.0	trials	12.0	0.0	0.0	0.0	0.0	0.0	True	1.0	0.0	1.0	[52949114.098031975, NaN, NaN, NaN, NaN, NaN, NaN, NaN, NaN, NaN, NaN, NaN, NaN, NaN, NaN, NaN, NaN, NaN, NaN, NaN]	0.0	0.0	0.0
4586.179363907917	2.0	trials	12.0	0.0	0.0	0.0	0.0	0.0	True	1.0	0.0	1.0	[52958546.06769338, NaN, NaN, NaN, NaN, NaN, NaN, NaN, NaN, NaN, NaN, NaN, NaN, NaN, NaN, NaN, NaN, NaN, NaN, NaN]	0.0	0.0	0.0
4592.519461914588	2.0	trials	12.0	0.0	0.0	0.0	0.0	0.0	True	1.0	0.0	1.0	[52958549.06768374, NaN, NaN, NaN, NaN, NaN, NaN, NaN, NaN, NaN, NaN, NaN, NaN, NaN, NaN, NaN, NaN, NaN, NaN, NaN]	0.0	0.0	0.0
4599.049293710969	2.0	trials	12.0	0.0	0.0	0.0	0.0	0.0	True	1.0	0.0	1.0	[52958551.0676773, NaN, NaN, NaN, NaN, NaN, NaN, NaN, NaN, NaN, NaN, NaN, NaN, NaN, NaN, NaN, NaN, NaN, NaN, NaN]	0.0	0.0	0.0
4604.767486518038	2.0	trials	12.0	0.0	0.0	0.0	0.0	0.0	True	0.0	0.0	0.0	[NaN, NaN, NaN, NaN, NaN, NaN, NaN, NaN, NaN, NaN, NaN, NaN, NaN, NaN, NaN, NaN, NaN, NaN, NaN, NaN]	0.0	0.0	0.0
4610.083661418223	2.0	trials	12.0	0.0	0.0	0.0	0.0	0.0	True	1.0	0.0	1.0	[53023537.85864274, NaN, NaN, NaN, NaN, NaN, NaN, NaN, NaN, NaN, NaN, NaN, NaN, NaN, NaN, NaN, NaN, NaN, NaN, NaN]	0.0	0.0	0.0
4617.114698002447	2.0	trials	12.0	0.0	0.0	0.0	0.0	0.0	True	0.0	0.0	0.0	[NaN, NaN, NaN, NaN, NaN, NaN, NaN, NaN, NaN, NaN, NaN, NaN, NaN, NaN, NaN, NaN, NaN, NaN, NaN, NaN]	0.0	0.0	0.0
4622.965427983202	2.0	trials	12.0	0.0	0.0	0.0	0.0	0.0	True	1.0	0.0	1.0	[53032989.82823982, NaN, NaN, NaN, NaN, NaN, NaN, NaN, NaN, NaN, NaN, NaN, NaN, NaN, NaN, NaN, NaN, NaN, NaN, NaN]	0.0	0.0	0.0
4629.793338820792	2.0	trials	12.0	0.0	0.0	0.0	0.0	0.0	True	1.0	0.0	1.0	[53089926.64509856, NaN, NaN, NaN, NaN, NaN, NaN, NaN, NaN, NaN, NaN, NaN, NaN, NaN, NaN, NaN, NaN, NaN, NaN, NaN]	0.0	0.0	0.0
4636.3218746213415	2.0	trials	12.0	0.0	0.0	0.0	0.0	0.0	True	1.0	0.0	1.0	[53089928.645092115, NaN, NaN, NaN, NaN, NaN, NaN, NaN, NaN, NaN, NaN, NaN, NaN, NaN, NaN, NaN, NaN, NaN, NaN, NaN]	0.0	0.0	0.0
4641.445464540988	2.0	trials	12.0	0.0	0.0	0.0	0.0	0.0	True	1.0	0.0	1.0	[53099377.61469885, NaN, NaN, NaN, NaN, NaN, NaN, NaN, NaN, NaN, NaN, NaN, NaN, NaN, NaN, NaN, NaN, NaN, NaN, NaN]	0.0	0.0	0.0
4647.937366859372	2.0	trials	12.0	0.0	0.0	0.0	0.0	0.0	True	0.0	0.0	0.0	[NaN, NaN, NaN, NaN, NaN, NaN, NaN, NaN, NaN, NaN, NaN, NaN, NaN, NaN, NaN, NaN, NaN, NaN, NaN, NaN]	0.0	0.0	0.0
4653.901366875786	2.0	trials	12.0	0.0	0.0	0.0	0.0	0.0	True	1.0	0.0	1.0	[53099391.61465382, NaN, NaN, NaN, NaN, NaN, NaN, NaN, NaN, NaN, NaN, NaN, NaN, NaN, NaN, NaN, NaN, NaN, NaN, NaN]	0.0	0.0	0.0
4659.620510079798	2.0	trials	12.0	0.0	0.0	0.0	0.0	0.0	True	1.0	0.0	1.0	[53163319.409025595, NaN, NaN, NaN, NaN, NaN, NaN, NaN, NaN, NaN, NaN, NaN, NaN, NaN, NaN, NaN, NaN, NaN, NaN, NaN]	0.0	0.0	0.0
4665.487483208305	2.0	trials	12.0	0.0	0.0	0.0	0.0	0.0	True	1.0	0.0	1.0	[53172760.37865806, NaN, NaN, NaN, NaN, NaN, NaN, NaN, NaN, NaN, NaN, NaN, NaN, NaN, NaN, NaN, NaN, NaN, NaN, NaN]	0.0	0.0	0.0
4671.001772671243	2.0	trials	12.0	0.0	0.0	0.0	0.0	0.0	True	1.0	0.0	1.0	[53172762.37865163, NaN, NaN, NaN, NaN, NaN, NaN, NaN, NaN, NaN, NaN, NaN, NaN, NaN, NaN, NaN, NaN, NaN, NaN, NaN]	0.0	0.0	0.0
4677.097445864122	2.0	trials	12.0	0.0	0.0	0.0	0.0	0.0	True	1.0	0.0	1.0	[53238883.165969476, NaN, NaN, NaN, NaN, NaN, NaN, NaN, NaN, NaN, NaN, NaN, NaN, NaN, NaN, NaN, NaN, NaN, NaN, NaN]	0.0	0.0	0.0
4683.877491255675	2.0	trials	12.0	0.0	0.0	0.0	0.0	0.0	True	1.0	0.0	1.0	[53238888.1659534, NaN, NaN, NaN, NaN, NaN, NaN, NaN, NaN, NaN, NaN, NaN, NaN, NaN, NaN, NaN, NaN, NaN, NaN, NaN]	0.0	0.0	0.0
4689.205762116953	2.0	trials	12.0	0.0	0.0	0.0	0.0	0.0	True	0.0	0.0	0.0	[NaN, NaN, NaN, NaN, NaN, NaN, NaN, NaN, NaN, NaN, NaN, NaN, NaN, NaN, NaN, NaN, NaN, NaN, NaN, NaN]	0.0	0.0	0.0
4696.135451827165	2.0	trials	12.0	0.0	0.0	0.0	0.0	0.0	True	1.0	0.0	1.0	[53238895.16593088, NaN, NaN, NaN, NaN, NaN, NaN, NaN, NaN, NaN, NaN, NaN, NaN, NaN, NaN, NaN, NaN, NaN, NaN, NaN]	0.0	0.0	0.0
4701.445578746804	2.0	trials	12.0	0.0	0.0	0.0	0.0	0.0	True	1.0	0.0	1.0	[53248333.13557299, NaN, NaN, NaN, NaN, NaN, NaN, NaN, NaN, NaN, NaN, NaN, NaN, NaN, NaN, NaN, NaN, NaN, NaN, NaN]	0.0	0.0	0.0
4707.697635436665	2.0	trials	12.0	0.0	0.0	0.0	0.0	0.0	True	1.0	0.0	1.0	[53248335.135566555, NaN, NaN, NaN, NaN, NaN, NaN, NaN, NaN, NaN, NaN, NaN, NaN, NaN, NaN, NaN, NaN, NaN, NaN, NaN]	0.0	0.0	0.0
4714.297710207106	2.0	trials	12.0	0.0	0.0	0.0	0.0	0.0	True	1.0	0.0	1.0	[53248341.135547265, NaN, NaN, NaN, NaN, NaN, NaN, NaN, NaN, NaN, NaN, NaN, NaN, NaN, NaN, NaN, NaN, NaN, NaN, NaN]	0.0	0.0	0.0
4720.597977941893	2.0	trials	12.0	0.0	0.0	0.0	0.0	0.0	True	1.0	0.0	1.0	[53314519.922678545, NaN, NaN, NaN, NaN, NaN, NaN, NaN, NaN, NaN, NaN, NaN, NaN, NaN, NaN, NaN, NaN, NaN, NaN, NaN]	0.0	0.0	0.0
4727.179822370973	2.0	trials	12.0	0.0	0.0	0.0	0.0	0.0	True	1.0	0.0	1.0	[53366594.75517621, NaN, NaN, NaN, NaN, NaN, NaN, NaN, NaN, NaN, NaN, NaN, NaN, NaN, NaN, NaN, NaN, NaN, NaN, NaN]	0.0	0.0	0.0
4732.8533465217215	2.0	trials	12.0	0.0	0.0	0.0	0.0	0.0	True	1.0	0.0	1.0	[53366598.75516335, NaN, NaN, NaN, NaN, NaN, NaN, NaN, NaN, NaN, NaN, NaN, NaN, NaN, NaN, NaN, NaN, NaN, NaN, NaN]	0.0	0.0	0.0
4739.332116082346	2.0	trials	12.0	0.0	0.0	0.0	0.0	0.0	True	1.0	0.0	1.0	[53376040.72479259, NaN, NaN, NaN, NaN, NaN, NaN, NaN, NaN, NaN, NaN, NaN, NaN, NaN, NaN, NaN, NaN, NaN, NaN, NaN]	0.0	0.0	0.0
4745.6139806763285	2.0	trials	12.0	0.0	0.0	0.0	0.0	0.0	True	1.0	0.0	1.0	[53376047.72477007, NaN, NaN, NaN, NaN, NaN, NaN, NaN, NaN, NaN, NaN, NaN, NaN, NaN, NaN, NaN, NaN, NaN, NaN, NaN]	0.0	0.0	0.0
4751.444061123505	2.0	trials	12.0	0.0	0.0	0.0	0.0	0.0	True	0.0	0.0	0.0	[NaN, NaN, NaN, NaN, NaN, NaN, NaN, NaN, NaN, NaN, NaN, NaN, NaN, NaN, NaN, NaN, NaN, NaN, NaN, NaN]	0.0	0.0	0.0
