onset	duration	nwb_table	Block	sound	sound_puretone	sound_bluenoise	sound_freq	sound_amp	optogenetics	opto_freq	opto_power	opto_pulse_duration	opto_pulse_ts	airpuff	airpuff_duration	airpuff_amp
318.486848230297	2.0	trials	1.0	1.0	1.0	0.0	10000.0	2.0	False	0.0	0.0	0.0	"[nan nan nan nan nan nan nan nan nan nan nan nan nan nan nan nan nan nan
 nan nan]"	0.0	0.0	0.0
324.487177976062	2.0	trials	1.0	1.0	1.0	0.0	10000.0	2.0	False	0.0	0.0	0.0	"[nan nan nan nan nan nan nan nan nan nan nan nan nan nan nan nan nan nan
 nan nan]"	0.0	0.0	0.0
332.8390653576189	2.0	trials	1.0	1.0	1.0	0.0	10000.0	2.0	False	0.0	0.0	0.0	"[nan nan nan nan nan nan nan nan nan nan nan nan nan nan nan nan nan nan
 nan nan]"	0.0	0.0	0.0
341.36574059592743	2.0	trials	1.0	1.0	1.0	0.0	10000.0	2.0	False	0.0	0.0	0.0	"[nan nan nan nan nan nan nan nan nan nan nan nan nan nan nan nan nan nan
 nan nan]"	0.0	0.0	0.0
349.49480154023166	2.0	trials	1.0	1.0	1.0	0.0	10000.0	2.0	False	0.0	0.0	0.0	"[nan nan nan nan nan nan nan nan nan nan nan nan nan nan nan nan nan nan
 nan nan]"	0.0	0.0	0.0
360.25950438775203	2.0	trials	1.0	1.0	1.0	0.0	10000.0	2.0	False	0.0	0.0	0.0	"[nan nan nan nan nan nan nan nan nan nan nan nan nan nan nan nan nan nan
 nan nan]"	0.0	0.0	0.0
367.63973371838057	2.0	trials	1.0	1.0	1.0	0.0	10000.0	2.0	False	0.0	0.0	0.0	"[nan nan nan nan nan nan nan nan nan nan nan nan nan nan nan nan nan nan
 nan nan]"	0.0	0.0	0.0
373.8565826776994	2.0	trials	1.0	1.0	1.0	0.0	10000.0	2.0	False	0.0	0.0	0.0	"[nan nan nan nan nan nan nan nan nan nan nan nan nan nan nan nan nan nan
 nan nan]"	0.0	0.0	0.0
383.0975293998265	2.0	trials	1.0	1.0	1.0	0.0	10000.0	2.0	False	0.0	0.0	0.0	"[nan nan nan nan nan nan nan nan nan nan nan nan nan nan nan nan nan nan
 nan nan]"	0.0	0.0	0.0
388.2672064244795	2.0	trials	1.0	1.0	1.0	0.0	10000.0	2.0	False	0.0	0.0	0.0	"[nan nan nan nan nan nan nan nan nan nan nan nan nan nan nan nan nan nan
 nan nan]"	0.0	0.0	0.0
396.0149827361368	2.0	trials	1.0	1.0	1.0	0.0	10000.0	1.0	False	0.0	0.0	0.0	"[nan nan nan nan nan nan nan nan nan nan nan nan nan nan nan nan nan nan
 nan nan]"	0.0	0.0	0.0
407.11345003775074	2.0	trials	1.0	1.0	1.0	0.0	10000.0	1.0	False	0.0	0.0	0.0	"[nan nan nan nan nan nan nan nan nan nan nan nan nan nan nan nan nan nan
 nan nan]"	0.0	0.0	0.0
412.3340168536181	2.0	trials	1.0	1.0	1.0	0.0	10000.0	1.0	False	0.0	0.0	0.0	"[nan nan nan nan nan nan nan nan nan nan nan nan nan nan nan nan nan nan
 nan nan]"	0.0	0.0	0.0
421.8434957847338	2.0	trials	1.0	1.0	1.0	0.0	10000.0	1.0	False	0.0	0.0	0.0	"[nan nan nan nan nan nan nan nan nan nan nan nan nan nan nan nan nan nan
 nan nan]"	0.0	0.0	0.0
428.5636266350946	2.0	trials	1.0	1.0	1.0	0.0	10000.0	1.0	False	0.0	0.0	0.0	"[nan nan nan nan nan nan nan nan nan nan nan nan nan nan nan nan nan nan
 nan nan]"	0.0	0.0	0.0
437.84889672376323	2.0	trials	1.0	1.0	1.0	0.0	10000.0	1.0	False	0.0	0.0	0.0	"[nan nan nan nan nan nan nan nan nan nan nan nan nan nan nan nan nan nan
 nan nan]"	0.0	0.0	0.0
447.7161593992231	2.0	trials	1.0	1.0	1.0	0.0	10000.0	1.0	False	0.0	0.0	0.0	"[nan nan nan nan nan nan nan nan nan nan nan nan nan nan nan nan nan nan
 nan nan]"	0.0	0.0	0.0
456.07426760415433	2.0	trials	1.0	1.0	1.0	0.0	10000.0	1.0	False	0.0	0.0	0.0	"[nan nan nan nan nan nan nan nan nan nan nan nan nan nan nan nan nan nan
 nan nan]"	0.0	0.0	0.0
461.3620538725935	2.0	trials	1.0	1.0	1.0	0.0	10000.0	1.0	False	0.0	0.0	0.0	"[nan nan nan nan nan nan nan nan nan nan nan nan nan nan nan nan nan nan
 nan nan]"	0.0	0.0	0.0
467.54019548647244	2.0	trials	1.0	1.0	1.0	0.0	10000.0	1.0	False	0.0	0.0	0.0	"[nan nan nan nan nan nan nan nan nan nan nan nan nan nan nan nan nan nan
 nan nan]"	0.0	0.0	0.0
478.1299376765919	2.0	trials	1.0	1.0	1.0	0.0	10000.0	1.0	False	0.0	0.0	0.0	"[nan nan nan nan nan nan nan nan nan nan nan nan nan nan nan nan nan nan
 nan nan]"	0.0	0.0	0.0
489.0624299545679	2.0	trials	1.0	1.0	1.0	0.0	10000.0	1.0	False	0.0	0.0	0.0	"[nan nan nan nan nan nan nan nan nan nan nan nan nan nan nan nan nan nan
 nan nan]"	0.0	0.0	0.0
498.92675501898987	2.0	trials	1.0	1.0	1.0	0.0	10000.0	1.0	False	0.0	0.0	0.0	"[nan nan nan nan nan nan nan nan nan nan nan nan nan nan nan nan nan nan
 nan nan]"	0.0	0.0	0.0
505.7784735637809	2.0	trials	1.0	1.0	1.0	0.0	10000.0	1.0	False	0.0	0.0	0.0	"[nan nan nan nan nan nan nan nan nan nan nan nan nan nan nan nan nan nan
 nan nan]"	0.0	0.0	0.0
513.9801107807848	2.0	trials	1.0	1.0	1.0	0.0	10000.0	1.0	False	0.0	0.0	0.0	"[nan nan nan nan nan nan nan nan nan nan nan nan nan nan nan nan nan nan
 nan nan]"	0.0	0.0	0.0
522.8061631439792	2.0	trials	1.0	1.0	1.0	0.0	10000.0	1.0	False	0.0	0.0	0.0	"[nan nan nan nan nan nan nan nan nan nan nan nan nan nan nan nan nan nan
 nan nan]"	0.0	0.0	0.0
529.8444199896732	2.0	trials	1.0	1.0	1.0	0.0	10000.0	1.0	False	0.0	0.0	0.0	"[nan nan nan nan nan nan nan nan nan nan nan nan nan nan nan nan nan nan
 nan nan]"	0.0	0.0	0.0
538.0927997823085	2.0	trials	1.0	1.0	1.0	0.0	10000.0	1.0	False	0.0	0.0	0.0	"[nan nan nan nan nan nan nan nan nan nan nan nan nan nan nan nan nan nan
 nan nan]"	0.0	0.0	0.0
548.6305289769933	2.0	trials	1.0	1.0	1.0	0.0	10000.0	1.0	False	0.0	0.0	0.0	"[nan nan nan nan nan nan nan nan nan nan nan nan nan nan nan nan nan nan
 nan nan]"	0.0	0.0	0.0
554.6725900795606	2.0	trials	1.0	1.0	1.0	0.0	10000.0	1.0	False	0.0	0.0	0.0	"[nan nan nan nan nan nan nan nan nan nan nan nan nan nan nan nan nan nan
 nan nan]"	0.0	0.0	0.0
564.2072115051473	2.0	trials	1.0	1.0	1.0	0.0	10000.0	1.0	False	0.0	0.0	0.0	"[nan nan nan nan nan nan nan nan nan nan nan nan nan nan nan nan nan nan
 nan nan]"	0.0	0.0	0.0
569.8828488309059	2.0	trials	1.0	1.0	1.0	0.0	10000.0	1.0	False	0.0	0.0	0.0	"[nan nan nan nan nan nan nan nan nan nan nan nan nan nan nan nan nan nan
 nan nan]"	0.0	0.0	0.0
577.9647351979554	2.0	trials	1.0	1.0	1.0	0.0	10000.0	1.0	False	0.0	0.0	0.0	"[nan nan nan nan nan nan nan nan nan nan nan nan nan nan nan nan nan nan
 nan nan]"	0.0	0.0	0.0
585.9162434751195	2.0	trials	1.0	1.0	1.0	0.0	10000.0	1.0	False	0.0	0.0	0.0	"[nan nan nan nan nan nan nan nan nan nan nan nan nan nan nan nan nan nan
 nan nan]"	0.0	0.0	0.0
595.2572417731826	2.0	trials	1.0	1.0	1.0	0.0	10000.0	1.0	False	0.0	0.0	0.0	"[nan nan nan nan nan nan nan nan nan nan nan nan nan nan nan nan nan nan
 nan nan]"	0.0	0.0	0.0
603.1530218409524	2.0	trials	1.0	1.0	1.0	0.0	10000.0	1.0	False	0.0	0.0	0.0	"[nan nan nan nan nan nan nan nan nan nan nan nan nan nan nan nan nan nan
 nan nan]"	0.0	0.0	0.0
612.8549142950467	2.0	trials	1.0	1.0	1.0	0.0	10000.0	1.0	False	0.0	0.0	0.0	"[nan nan nan nan nan nan nan nan nan nan nan nan nan nan nan nan nan nan
 nan nan]"	0.0	0.0	0.0
618.3331268789976	2.0	trials	1.0	1.0	1.0	0.0	10000.0	1.0	False	0.0	0.0	0.0	"[nan nan nan nan nan nan nan nan nan nan nan nan nan nan nan nan nan nan
 nan nan]"	0.0	0.0	0.0
625.2749609623907	2.0	trials	1.0	1.0	1.0	0.0	10000.0	1.0	False	0.0	0.0	0.0	"[nan nan nan nan nan nan nan nan nan nan nan nan nan nan nan nan nan nan
 nan nan]"	0.0	0.0	0.0
632.9973355786032	2.0	trials	1.0	1.0	1.0	0.0	10000.0	1.0	False	0.0	0.0	0.0	"[nan nan nan nan nan nan nan nan nan nan nan nan nan nan nan nan nan nan
 nan nan]"	0.0	0.0	0.0
642.8799775118493	2.0	trials	1.0	1.0	1.0	0.0	10000.0	1.0	False	0.0	0.0	0.0	"[nan nan nan nan nan nan nan nan nan nan nan nan nan nan nan nan nan nan
 nan nan]"	0.0	0.0	0.0
650.1415791967439	2.0	trials	1.0	1.0	1.0	0.0	10000.0	1.0	False	0.0	0.0	0.0	"[nan nan nan nan nan nan nan nan nan nan nan nan nan nan nan nan nan nan
 nan nan]"	0.0	0.0	0.0
660.399716940886	2.0	trials	1.0	1.0	1.0	0.0	10000.0	1.0	False	0.0	0.0	0.0	"[nan nan nan nan nan nan nan nan nan nan nan nan nan nan nan nan nan nan
 nan nan]"	0.0	0.0	0.0
670.1794560874831	2.0	trials	1.0	1.0	1.0	0.0	10000.0	1.0	False	0.0	0.0	0.0	"[nan nan nan nan nan nan nan nan nan nan nan nan nan nan nan nan nan nan
 nan nan]"	0.0	0.0	0.0
678.9368201925869	2.0	trials	1.0	1.0	1.0	0.0	10000.0	1.0	False	0.0	0.0	0.0	"[nan nan nan nan nan nan nan nan nan nan nan nan nan nan nan nan nan nan
 nan nan]"	0.0	0.0	0.0
684.2758418535389	2.0	trials	1.0	1.0	1.0	0.0	10000.0	1.0	False	0.0	0.0	0.0	"[nan nan nan nan nan nan nan nan nan nan nan nan nan nan nan nan nan nan
 nan nan]"	0.0	0.0	0.0
693.1295423206188	2.0	trials	1.0	1.0	1.0	0.0	10000.0	1.0	False	0.0	0.0	0.0	"[nan nan nan nan nan nan nan nan nan nan nan nan nan nan nan nan nan nan
 nan nan]"	0.0	0.0	0.0
700.5334453401995	2.0	trials	1.0	1.0	1.0	0.0	10000.0	1.0	False	0.0	0.0	0.0	"[nan nan nan nan nan nan nan nan nan nan nan nan nan nan nan nan nan nan
 nan nan]"	0.0	0.0	0.0
706.9415846182764	2.0	trials	1.0	1.0	1.0	0.0	10000.0	1.0	False	0.0	0.0	0.0	"[nan nan nan nan nan nan nan nan nan nan nan nan nan nan nan nan nan nan
 nan nan]"	0.0	0.0	0.0
713.5956192202857	2.0	trials	1.0	1.0	1.0	0.0	10000.0	1.0	False	0.0	0.0	0.0	"[nan nan nan nan nan nan nan nan nan nan nan nan nan nan nan nan nan nan
 nan nan]"	0.0	0.0	0.0
779.2821572322623	2.0	trials	2.0	1.0	1.0	0.0	10000.0	1.0	True	40.0	0.0	0.005	"[9027580.44282922 9027870.44391888 9028159.44500477 9028450.44609818
 9028739.44718408 9029028.44826998 9029318.44935963 9029608.45044929
 9029898.45153894 9030187.45262484 9030477.45371449 9030766.45480039
 9031056.45589004 9031345.45697594 9031635.4580656  9031924.45915149
 9032215.4602449  9032504.4613308  9032794.46242046 9033084.46351011]"	0.0	0.0	0.0
789.3711231407545	2.0	trials	2.0	1.0	1.0	0.0	10000.0	1.0	True	40.0	0.0	0.005	"[9144351.88158793 9144640.88267383 9144930.88376348 9145220.88485314
 9145508.88593527 9145799.88702868 9146088.88811458 9146378.88920424
 9146668.89029389 9146957.89137979 9147247.89246944 9147537.8935591
 9147826.89464499 9148116.89573465 9148406.8968243  9148695.8979102
 9148985.89899985 9149274.90008575 9149564.90117541 9149854.90226506]"	0.0	0.0	0.0
795.8228945827759	2.0	trials	2.0	1.0	1.0	0.0	10000.0	1.0	True	40.0	0.0	0.005	"[9219024.16216265 9219313.16324854 9219604.16434195 9219894.16543161
 9220183.16651751 9220472.1676034  9220762.16869306 9221052.16978271
 9221341.17086861 9221631.17195826 9221921.17304792 9222210.17413381
 9222499.17521971 9222790.17631312 9223079.17739902 9223369.17848868
 9223658.17957457 9223948.18066422 9224238.18175388 9224528.18284353]"	0.0	0.0	0.0
805.7692999556083	2.0	trials	2.0	1.0	1.0	0.0	10000.0	1.0	True	40.0	0.0	0.005	"[9334144.59471784 9334434.59580749 9334723.59689339 9335013.59798305
 9335303.5990727  9335593.60016235 9335883.60125201 9336172.6023379
 9336461.6034238  9336752.60451721 9337041.60560311 9337330.60668901
 9337619.6077749  9337910.60886831 9338199.60995421 9338488.61104011
 9338778.61212976 9339068.61321942 9339357.61430531 9339648.61539873]"	0.0	0.0	0.0
812.3697663563393	2.0	trials	2.0	1.0	1.0	0.0	10000.0	1.0	True	40.0	0.0	0.005	"[9410539.8817666  9410828.8828525  9411118.88394216 9411408.88503181
 9411698.88612146 9411987.88720736 9412277.88829702 9412566.88938291
 9412855.89046881 9413145.89155846 9413435.89264812 9413724.89373401
 9414014.89482367 9414304.89591333 9414594.89700298 9414884.89809263
 9415173.89917853 9415463.90026818 9415752.90135408 9416042.90244373]"	0.0	0.0	0.0
819.0836763833257	2.0	trials	2.0	1.0	1.0	0.0	10000.0	1.0	True	40.0	0.0	0.005	"[9488246.17374136 9488536.17483102 9488826.17592067 9489115.17700657
 9489405.17809622 9489695.17918587 9489984.18027177 9490274.18136142
 9490564.18245108 9490853.18353698 9491143.18462663 9491432.18571253
 9491722.18680218 9492011.18788808 9492301.18897773 9492590.19006363
 9492880.19115328 9493170.19224294 9493460.19333259 9493750.19442225]"	0.0	0.0	0.0
827.2730447542301	2.0	trials	2.0	1.0	1.0	0.0	10000.0	1.0	True	40.0	0.0	0.005	"[9583030.52988548 9583320.53097514 9583610.53206479 9583899.53315069
 9584189.53424034 9584479.53533    9584767.53641214 9585057.53750179
 9585347.53859144 9585636.53967734 9585926.540767   9586215.54185289
 9586506.54294631 9586795.5440322  9587085.54512186 9587375.54621151
 9587664.54729741 9587955.54839082 9588243.54947296 9588533.55056261]"	0.0	0.0	0.0
836.2010495005026	2.0	trials	2.0	1.0	1.0	0.0	10000.0	1.0	True	40.0	0.0	0.005	"[9686364.91815562 9686653.91924152 9686942.92032741 9687232.92141707
 9687522.92250672 9687811.92359262 9688101.92468227 9688391.92577193
 9688680.92685782 9688970.92794748 9689260.92903714 9689549.93012303
 9689839.93121269 9690128.93229858 9690418.93338824 9690708.93447789
 9690997.93556379 9691287.93665344 9691576.93773934 9691866.93882899]"	0.0	0.0	0.0
845.0818796695203	2.0	trials	2.0	1.0	1.0	0.0	10000.0	1.0	True	40.0	0.0	0.005	"[9789152.30437044 9789441.30545634 9789731.306546   9790020.30763189
 9790310.30872155 9790600.3098112  9790890.31090086 9791179.31198675
 9791468.31307265 9791758.3141623  9792047.3152482  9792338.31634161
 9792627.31742751 9792916.3185134  9793206.31960306 9793496.32069272
 9793785.32177861 9794076.32287202 9794365.32395792 9794654.32504382]"	0.0	0.0	0.0
854.9396383092695	2.0	trials	2.0	1.0	1.0	0.0	10000.0	1.0	True	40.0	0.0	0.005	"[9903245.73306676 9903535.73415641 9903825.73524607 9904114.73633196
 9904404.73742162 9904693.73850751 9904983.73959717 9905273.74068682
 9905562.74177272 9905852.74286238 9906142.74395203 9906431.74503793
 9906720.74612382 9907010.74721348 9907300.74830313 9907590.74939279
 9907880.75048244 9908169.75156834 9908459.75265799 9908748.75374389]"	0.0	0.0	0.0
862.6742817715813	2.0	trials	2.0	1.0	1.0	0.0	10000.0	1.0	True	40.0	0.0	0.005	"[9992768.06943929 9993058.07052894 9993346.07161108 9993637.0727045
 9993926.07379039 9994215.07487629 9994505.07596594 9994795.0770556
 9995084.0781415  9995374.07923115 9995664.0803208  9995954.08141046
 9996244.08250011 9996533.08358601 9996823.08467566 9997113.08576532
 9997401.08684746 9997691.08793711 9997981.08902677 9998271.09011642]"	0.0	0.0	0.0
868.1213902386611	2.0	trials	2.0	1.0	1.0	0.0	10000.0	1.0	True	40.0	0.0	0.005	"[10055813.30632638 10056103.30741604 10056393.30850569 10056682.30959159
 10056972.31068124 10057261.31176714 10057551.31285679 10057841.31394645
 10058130.31503235 10058420.316122   10058709.3172079  10058999.31829755
 10059289.3193872  10059578.3204731  10059868.32156276 10060157.32264865
 10060447.32373831 10060736.3248242  10061026.32591386 10061316.32700351]"	0.0	0.0	0.0
874.8131817825389	2.0	trials	2.0	1.0	1.0	0.0	10000.0	1.0	True	40.0	0.0	0.005	"[10133263.59733924 10133553.59842889 10133843.59951854 10134132.60060444
 10134422.6016941  10134712.60278375 10135001.60386965 10135290.60495554
 10135580.6060452  10135870.60713485 10136160.60822451 10136449.60931041
 10136739.61040006 10137028.61148596 10137318.61257561 10137608.61366526
 10137897.61475116 10138187.61584082 10138476.61692671 10138766.61801637]"	0.0	0.0	0.0
884.1176327432783	2.0	trials	2.0	1.0	1.0	0.0	10000.0	1.0	True	40.0	0.0	0.005	"[10240955.00198049 10241244.00306639 10241534.00415604 10241824.0052457
 10242113.00633159 10242403.00742125 10242693.0085109  10242982.0095968
 10243272.01068645 10243561.01177235 10243851.01286201 10244140.0139479
 10244431.01504131 10244720.01612721 10245010.01721686 10245299.01830276
 10245589.01939242 10245879.02048207 10246168.02156797 10246457.02265386]"	0.0	0.0	0.0
894.3120934481586	2.0	trials	2.0	1.0	1.0	0.0	10000.0	1.0	True	40.0	0.0	0.005	"[10358946.44532326 10359235.44640916 10359525.44749881 10359815.44858847
 10360104.44967436 10360394.45076402 10360683.45184992 10360973.45293957
 10361264.45403298 10361552.45511512 10361843.45620853 10362131.45729067
 10362422.45838408 10362712.45947374 10363001.46055964 10363290.46164553
 10363580.46273519 10363870.46382484 10364159.46491074 10364449.46600039]"	0.0	0.0	0.0
900.9955905608712	2.0	trials	2.0	1.0	1.0	0.0	10000.0	1.0	True	40.0	0.0	0.005	"[10436300.7359754  10436590.73706506 10436879.73815095 10437169.73924061
 10437460.74033402 10437749.74141992 10438038.74250581 10438328.74359547
 10438617.74468136 10438907.74577102 10439197.74686067 10439486.74794657
 10439777.74903998 10440066.75012588 10440356.75121553 10440645.75230143
 10440935.75339108 10441224.75447698 10441515.75557039 10441804.75665629]"	0.0	0.0	0.0
909.9839891340686	2.0	trials	2.0	1.0	1.0	0.0	10000.0	1.0	True	40.0	0.0	0.005	"[10540333.12686823 10540623.12795788 10540913.12904753 10541202.13013343
 10541492.13122308 10541781.13230898 10542071.13339864 10542361.13448829
 10542650.13557419 10542941.1366676  10543229.13774974 10543519.13883939
 10543808.13992529 10544098.14101494 10544388.1421046  10544677.1431905
 10544967.14428015 10545257.14536981 10545547.14645946 10545836.14754535]"	0.0	0.0	0.0
919.5124761366058	2.0	trials	2.0	1.0	1.0	0.0	10000.0	1.0	True	40.0	0.0	0.005	"[10650617.54125249 10650906.54233839 10651196.54342804 10651486.5445177
 10651775.5456036  10652065.54669325 10652354.54777915 10652645.54887256
 10652934.54995845 10653223.55104435 10653514.55213776 10653802.5532199
 10654093.55431332 10654383.55540297 10654672.55648887 10654962.55757852
 10655251.55866442 10655541.55975407 10655830.56083997 10656120.56192962]"	0.0	0.0	0.0
929.7321657362818	2.0	trials	2.0	1.0	1.0	0.0	10000.0	1.0	True	40.0	0.0	0.005	"[10768900.98569243 10769190.98678209 10769479.98786798 10769768.98895388
 10770058.99004353 10770348.99113319 10770637.99221909 10770927.99330874
 10771217.99439839 10771506.99548429 10771796.99657395 10772085.99765984
 10772376.99875326 10772666.99984291 10772956.00092881 10773246.00201846
 10773535.00310436 10773825.00419401 10774114.00527991 10774404.00636956]"	0.0	0.0	0.0
934.9820222622028	2.0	trials	2.0	1.0	1.0	0.0	10000.0	1.0	True	40.0	0.0	0.005	"[10829663.21400131 10829952.21508721 10830242.21617687 10830531.21726277
 10830822.21835618 10831111.21944207 10831400.22052797 10831689.22161387
 10831979.22270352 10832270.22379693 10832559.22488283 10832849.22597248
 10833137.22705462 10833428.22814803 10833717.22923393 10834007.23032358
 10834297.23141324 10834587.23250289 10834876.23358879 10835165.23467469]"	0.0	0.0	0.0
945.2639200956216	2.0	trials	2.0	1.0	1.0	0.0	10000.0	1.0	True	40.0	0.0	0.005	"[10948666.6611466  10948957.66224002 10949246.66332591 10949535.66441181
 10949825.66550146 10950114.66658736 10950403.66767326 10950693.66876291
 10950983.66985257 10951273.67094222 10951563.67203187 10951852.67311777
 10952141.67420367 10952431.67529332 10952721.67638298 10953011.67747263
 10953300.67855853 10953590.67964818 10953880.68073784 10954169.68182373]"	0.0	0.0	0.0
954.5703582638276	2.0	trials	2.0	1.0	1.0	0.0	10000.0	1.0	True	40.0	0.0	0.005	"[11056380.06587052 11056669.06695642 11056959.06804607 11057248.06913197
 11057538.07022162 11057828.07131128 11058117.07239718 11058407.07348683
 11058697.07457648 11058986.07566238 11059276.07675203 11059565.07783793
 11059855.07892759 11060145.08001724 11060434.08110314 11060724.08219279
 11061013.08327869 11061303.08436834 11061593.085458   11061882.0865439 ]"	0.0	0.0	0.0
965.244254370149	2.0	trials	2.0	1.0	1.0	0.0	10000.0	1.0	True	40.0	0.0	0.005	"[11179919.53005951 11180208.53114541 11180499.53223881 11180788.53332471
 11181078.53441437 11181368.53550402 11181657.53658992 11181947.53767957
 11182236.53876547 11182527.53985888 11182816.54094478 11183105.54203067
 11183395.54312033 11183685.54420999 11183974.54529588 11184264.54638553
 11184554.54747519 11184843.54856109 11185133.54965074 11185422.55073664]"	0.0	0.0	0.0
973.5004965923268	2.0	trials	2.0	1.0	1.0	0.0	10000.0	1.0	True	40.0	0.0	0.005	"[11275477.88911188 11275767.89020153 11276057.89129119 11276346.89237709
 11276635.89346298 11276925.89455264 11277215.89564229 11277505.89673194
 11277794.89781784 11278084.8989075  11278374.89999715 11278663.90108305
 11278953.9021727  11279242.9032586  11279532.90434825 11279822.90543791
 11280112.90652756 11280401.90761346 11280691.90870311 11280980.90978901]"	0.0	0.0	0.0
981.3794285967914	2.0	trials	2.0	1.0	1.0	0.0	10000.0	1.0	True	40.0	0.0	0.005	"[11366670.23175932 11366959.23284522 11367249.23393487 11367539.23502452
 11367828.23611042 11368118.23720007 11368408.23828973 11368697.23937563
 11368987.24046528 11369276.24155118 11369566.24264083 11369856.24373049
 11370146.24482014 11370435.24590604 11370725.24699569 11371015.24808535
 11371304.24917124 11371593.25025714 11371883.25134679 11372173.25243645]"	0.0	0.0	0.0
990.469520352093	2.0	trials	2.0	1.0	1.0	0.0	10000.0	1.0	True	40.0	0.0	0.005	"[11471878.62707088 11472169.62816429 11472458.62925019 11472748.63033984
 11473037.63142574 11473327.63251539 11473616.63360129 11473906.63469094
 11474196.6357806  11474485.63686649 11474775.63795615 11475064.63904204
 11475354.6401317  11475644.64122135 11475934.64231101 11476223.6433969
 11476513.64448656 11476802.64557246 11477092.64666211 11477382.64775177]"	0.0	0.0	0.0
999.7445088021292	2.0	trials	2.0	1.0	1.0	0.0	10000.0	1.0	True	40.0	0.0	0.005	"[11579229.03043085 11579519.0315205  11579808.0326064  11580098.03369606
 11580388.03478571 11580677.03587161 11580967.03696126 11581257.03805091
 11581546.03913681 11581836.04022647 11582125.04131236 11582415.04240202
 11582704.04348791 11582995.04458133 11583284.04566722 11583574.04675688
 11583863.04784277 11584153.04893243 11584443.05002208 11584732.05110798]"	0.0	0.0	0.0
1006.6994757348677	2.0	trials	2.0	1.0	1.0	0.0	10000.0	1.0	True	40.0	0.0	0.005	"[11659726.33289259 11660015.33397849 11660305.33506814 11660595.33615779
 11660885.33724745 11661174.33833334 11661464.339423   11661754.34051265
 11662044.34160231 11662333.3426882  11662623.34377786 11662912.34486376
 11663202.34595341 11663491.34703931 11663780.3481252  11664071.34921862
 11664361.35030827 11664649.35139041 11664939.35248006 11665229.35356972]"	0.0	0.0	0.0
1017.7762565549965	2.0	trials	2.0	1.0	1.0	0.0	10000.0	1.0	True	40.0	0.0	0.005	"[11787929.81460622 11788218.81569212 11788508.81678177 11788797.81786767
 11789088.81896108 11789377.82004698 11789667.82113663 11789956.82222253
 11790245.82330843 11790536.82440183 11790825.82548773 11791115.82657739
 11791405.82766704 11791694.82875294 11791984.82984259 11792273.83092849
 11792563.83201814 11792853.8331078  11793142.8341937  11793432.83528335]"	0.0	0.0	0.0
1024.3087259002339	2.0	trials	2.0	1.0	1.0	0.0	10000.0	1.0	True	40.0	0.0	0.005	"[11863536.09869037 11863826.09978003 11864116.10086969 11864406.10195934
 11864695.10304523 11864985.10413489 11865274.10522078 11865565.1063142
 11865854.10740009 11866143.10848599 11866433.10957564 11866723.1106653
 11867012.1117512  11867302.11284085 11867591.11392675 11867881.1150164
 11868172.11610981 11868460.11719195 11868750.11828161 11869040.11937126]"	0.0	0.0	0.0
1034.7546979501485	2.0	trials	2.0	1.0	1.0	0.0	10000.0	1.0	True	40.0	0.0	0.005	"[11984439.55297478 11984728.55406068 11985018.55515033 11985307.55623623
 11985597.55732588 11985887.55841553 11986176.55950143 11986466.56059108
 11986756.56168074 11987046.56277039 11987335.56385629 11987624.56494219
 11987915.5660356  11988203.56711774 11988493.56820739 11988783.56929705
 11989073.5703867  11989363.57147636 11989652.57256225 11989942.57365191]"	0.0	0.0	0.0
1041.0149198724378	2.0	trials	2.0	1.0	1.0	0.0	10000.0	1.0	True	40.0	0.0	0.005	"[12056894.82521927 12057185.82631269 12057473.82739483 12057763.82848448
 12058053.82957413 12058343.83066379 12058632.83174969 12058922.83283934
 12059211.83392524 12059502.83501865 12059790.83610079 12060081.8371942
 12060371.83828385 12060660.83936975 12060949.84045565 12061239.8415453
 12061529.84263496 12061819.84372461 12062108.84481051 12062397.8458964 ]"	0.0	0.0	0.0
1050.2651114293017	2.0	trials	2.0	1.0	1.0	0.0	10000.0	1.0	True	40.0	0.0	0.005	"[12163957.22749711 12164247.22858676 12164537.22967641 12164827.23076607
 12165115.23184821 12165406.23294162 12165696.23403127 12165985.23511717
 12166275.23620683 12166564.23729272 12166854.23838238 12167144.23947203
 12167433.24055793 12167722.24164382 12168013.24273724 12168303.24382689
 12168591.24490903 12168881.24599869 12169171.24708834 12169461.24817799]"	0.0	0.0	0.0
1056.4325394029252	2.0	trials	2.0	1.0	1.0	0.0	10000.0	1.0	True	40.0	0.0	0.005	"[12235340.49571364 12235630.49680329 12235919.49788919 12236209.49897885
 12236498.50006474 12236789.50115815 12237078.50224405 12237367.50332995
 12237657.5044196  12237947.50550926 12238236.50659515 12238526.50768481
 12238816.50877446 12239105.50986036 12239395.51095001 12239685.51203967
 12239974.51312556 12240264.51421522 12240553.51530112 12240843.51639077]"	0.0	0.0	0.0
1064.0712785048838	2.0	trials	2.0	1.0	1.0	0.0	10000.0	1.0	True	40.0	0.0	0.005	"[12323752.82791543 12324041.82900132 12324330.83008722 12324620.83117688
 12324910.83226653 12325199.83335243 12325489.83444208 12325779.83553174
 12326068.83661763 12326358.83770729 12326648.83879694 12326937.83988284
 12327226.84096873 12327516.84205839 12327806.84314804 12328095.84423394
 12328385.8453236  12328675.84641325 12328964.84749915 12329254.8485888 ]"	0.0	0.0	0.0
1071.060891967804	2.0	trials	2.0	1.0	1.0	0.0	10000.0	1.0	True	40.0	0.0	0.005	"[12404650.13188014 12404938.13296228 12405228.13405193 12405518.13514159
 12405808.13623124 12406097.13731714 12406387.13840679 12406677.13949645
 12406966.14058234 12407256.14167199 12407545.14275789 12407836.1438513
 12408125.1449372  12408414.1460231  12408704.14711275 12408995.14820617
 12409284.14929206 12409573.15037796 12409863.15146761 12410152.15255351]"	0.0	0.0	0.0
1081.148734672076	2.0	trials	2.0	1.0	1.0	0.0	10000.0	1.0	True	40.0	0.0	0.005	"[12521407.57058624 12521697.57167589 12521986.57276179 12522276.57385144
 12522565.57493734 12522855.576027   12523145.57711665 12523434.57820255
 12523724.5792922  12524013.5803781  12524303.58146775 12524592.58255365
 12524882.5836433  12525172.58473296 12525462.58582261 12525751.58690851
 12526041.58799816 12526330.58908406 12526620.59017372 12526909.59125961]"	0.0	0.0	0.0
1092.2052114159135	2.0	trials	2.0	1.0	1.0	0.0	10000.0	1.0	True	40.0	0.0	0.005	"[12649376.05141688 12649665.05250277 12649955.05359243 12650244.05467833
 12650534.05576798 12650824.05685763 12651113.05794353 12651403.05903319
 12651693.06012284 12651983.06121249 12652273.06230215 12652562.06338805
 12652852.0644777  12653142.06556735 12653431.06665325 12653720.06773914
 12654010.0688288  12654300.06991846 12654590.07100811 12654879.07209401]"	0.0	0.0	0.0
1103.1196460260392	2.0	trials	2.0	1.0	1.0	0.0	10000.0	1.0	True	40.0	0.0	0.005	"[12775700.5260703  12775989.5271562  12776278.5282421  12776567.52932799
 12776857.53041765 12777147.5315073  12777437.53259696 12777726.53368285
 12778017.53477626 12778307.53586592 12778596.53695182 12778886.53804147
 12779175.53912736 12779464.54021326 12779754.54130292 12780044.54239257
 12780334.54348222 12780623.54456812 12780912.54565402 12781202.54674367]"	0.0	0.0	0.0
1108.8975813361747	2.0	trials	2.0	1.0	1.0	0.0	10000.0	1.0	True	40.0	0.0	0.005	"[12842574.77734459 12842864.77843424 12843153.77952014 12843442.78060604
 12843732.78169569 12844022.78278534 12844311.78387124 12844601.7849609
 12844890.78604679 12845181.78714021 12845470.7882261  12845760.78931575
 12846050.79040541 12846339.79149131 12846629.79258096 12846918.79366686
 12847208.79475651 12847497.79584241 12847787.79693206 12848077.79802172]"	0.0	0.0	0.0
1116.3611869800832	2.0	trials	2.0	1.0	1.0	0.0	10000.0	1.0	True	40.0	0.0	0.005	"[12928959.10192631 12929248.10301221 12929539.10410562 12929827.10518776
 12930118.10628117 12930408.10737082 12930697.10845672 12930987.10954637
 12931276.11063227 12931566.11172193 12931855.11280782 12932145.11389748
 12932435.11498713 12932724.11607303 12933014.11716268 12933303.11824858
 12933593.11933823 12933883.12042789 12934173.12151754 12934461.12259968]"	0.0	0.0	0.0
1125.1754024988015	2.0	trials	2.0	1.0	1.0	0.0	10000.0	1.0	True	40.0	0.0	0.005	"[13030975.48524415 13031264.48633005 13031554.48741971 13031844.48850936
 13032134.48959902 13032423.49068491 13032712.49177081 13033002.49286046
 13033292.49395012 13033582.49503977 13033871.49612567 13034161.49721532
 13034451.49830498 13034740.49939088 13035029.50047677 13035320.50157018
 13035610.50265984 13035898.50374198 13036189.50483539 13036478.50592129]"	0.0	0.0	0.0
1133.7856268510393	2.0	trials	2.0	1.0	1.0	0.0	10000.0	1.0	True	40.0	0.0	0.005	"[13130629.85968696 13130920.86078037 13131210.86187002 13131499.86295592
 13131788.86404182 13132078.86513147 13132367.86621737 13132658.86731078
 13132947.86839668 13133236.86948257 13133526.87057223 13133816.87166188
 13134106.87275154 13134395.87383743 13134684.87492333 13134975.87601674
 13135264.87710264 13135554.87819229 13135844.87928195 13136133.88036785]"	0.0	0.0	0.0
1143.3196434743536	2.0	trials	2.0	1.0	1.0	0.0	10000.0	1.0	True	40.0	0.0	0.005	"[13240977.27430794 13241267.2753976  13241557.27648725 13241847.2775769
 13242136.2786628  13242426.27975246 13242716.28084211 13243005.28192801
 13243295.28301766 13243584.28410356 13243873.28518946 13244163.28627911
 13244453.28736876 13244743.28845842 13245032.28954432 13245321.29063021
 13245612.29172363 13245901.29280952 13246191.29389917 13246481.29498883]"	0.0	0.0	0.0
1151.6352427195607	2.0	trials	2.0	1.0	1.0	0.0	10000.0	1.0	True	40.0	0.0	0.005	"[13337222.63594167 13337512.63703132 13337802.63812098 13338091.63920687
 13338381.64029653 13338671.64138618 13338961.64247584 13339250.64356173
 13339540.64465139 13339830.64574104 13340119.64682694 13340409.64791659
 13340698.64900249 13340988.65009215 13341278.6511818  13341566.65226394
 13341857.65335735 13342146.65444325 13342436.6555329  13342726.65662256]"	0.0	0.0	0.0
1161.5839809011582	2.0	trials	2.0	1.0	1.0	0.0	10000.0	1.0	True	40.0	0.0	0.005	"[13452370.06859831 13452661.06969172 13452950.07077762 13453239.07186352
 13453528.07294942 13453819.07404282 13454107.07512496 13454398.07621838
 13454687.07730427 13454977.07839393 13455266.07947982 13455556.08056948
 13455846.08165913 13456135.08274503 13456426.08383844 13456715.08492434
 13457005.08601399 13457293.08709613 13457583.08818579 13457873.08927544]"	0.0	0.0	0.0
1171.6940284888633	2.0	trials	2.0	1.0	1.0	0.0	10000.0	1.0	True	40.0	0.0	0.005	"[13569385.50827383 13569674.50935973 13569964.51044938 13570253.51153528
 13570543.51262493 13570833.51371459 13571123.51480424 13571412.51589014
 13571702.51697979 13571992.51806945 13572281.51915534 13572571.520245
 13572860.52133089 13573150.52242055 13573440.52351021 13573730.52459986
 13574019.52568576 13574308.52677165 13574598.52786131 13574887.52894721]"	0.0	0.0	0.0
1177.885994154685	2.0	trials	2.0	1.0	1.0	0.0	10000.0	1.0	True	40.0	0.0	0.005	"[13641051.77755372 13641341.77864337 13641630.77972927 13641920.78081892
 13642209.78190482 13642500.78299823 13642789.78408413 13643078.78517002
 13643368.78625968 13643658.78734933 13643947.78843523 13644237.78952488
 13644526.79061078 13644816.79170044 13645106.79279009 13645396.79387975
 13645685.79496564 13645975.7960553  13646265.79714495 13646555.7982346 ]"	0.0	0.0	0.0
1184.1080271334822	2.0	trials	2.0	1.0	1.0	0.0	10000.0	1.0	True	40.0	0.0	0.005	"[13713065.04813743 13713355.04922708 13713645.05031674 13713934.05140264
 13714223.05248853 13714514.05358195 13714804.0546716  13715093.05575749
 13715382.05684339 13715672.05793305 13715962.0590227  13716251.0601086
 13716541.06119825 13716830.06228415 13717121.06337756 13717409.0644597
 13717700.06555311 13717989.06663901 13718279.06772866 13718568.06881456]"	0.0	0.0	0.0
1194.5145142350352	2.0	trials	2.0	1.0	1.0	0.0	10000.0	1.0	True	40.0	0.0	0.005	"[13833511.50070469 13833801.50179434 13834090.50288024 13834380.50396989
 13834669.50505579 13834959.50614545 13835248.50723134 13835538.50832099
 13835828.50941065 13836118.51050031 13836407.5115862  13836697.51267586
 13836987.51376551 13837276.51485141 13837566.51594106 13837856.51703072
 13838145.51811661 13838435.51920627 13838724.52029216 13839015.52138558]"	0.0	0.0	0.0
1203.8774582155575	2.0	trials	2.0	1.0	1.0	0.0	10000.0	1.0	True	40.0	0.0	0.005	"[13941878.90788596 13942167.90897186 13942457.91006152 13942747.91115117
 13943036.91223707 13943326.91332672 13943616.91441638 13943906.91550603
 13944195.91659193 13944484.91767782 13944774.91876748 13945064.91985713
 13945353.92094303 13945643.92203268 13945933.92312234 13946223.92421199
 13946513.92530165 13946802.92638754 13947091.92747344 13947381.9285631 ]"	0.0	0.0	0.0
1211.1979849218583	2.0	trials	2.0	1.0	1.0	0.0	10000.0	1.0	True	40.0	0.0	0.005	"[14026605.22623787 14026896.22733128 14027186.22842094 14027475.22950683
 14027765.23059649 14028054.23168238 14028344.23277204 14028633.23385794
 14028923.23494759 14029213.23603725 14029502.23712314 14029793.23821655
 14030082.23930245 14030371.24038834 14030661.241478   14030951.24256765
 14031240.24365355 14031530.2447432  14031820.24583286 14032109.24691876]"	0.0	0.0	0.0
1221.5902159698453	2.0	trials	2.0	1.0	1.0	0.0	10000.0	1.0	True	40.0	0.0	0.005	"[14146887.67818891 14147176.6792748  14147466.68036446 14147755.68145036
 14148045.68254001 14148335.68362967 14148625.68471932 14148914.68580522
 14149204.68689487 14149493.68798077 14149783.68907042 14150073.69016008
 14150362.69124597 14150652.69233563 14150942.69342528 14151231.69451118
 14151521.69560083 14151810.69668673 14152100.69777638 14152389.69886228]"	0.0	0.0	0.0
1229.5281593960406	2.0	trials	2.0	1.0	1.0	0.0	10000.0	1.0	True	40.0	0.0	0.005	"[14238762.02339891 14239051.02448481 14239341.02557447 14239631.02666412
 14239921.02775377 14240210.02883967 14240500.02992932 14240790.03101898
 14241079.03210488 14241369.03319453 14241659.03428419 14241949.03537384
 14242238.03645973 14242527.03754563 14242817.03863529 14243106.03972118
 14243396.04081084 14243685.04189673 14243975.04298639 14244265.04407604]"	0.0	0.0	0.0
1239.7277177200751	2.0	trials	2.0	1.0	1.0	0.0	10000.0	1.0	True	40.0	0.0	0.005	"[14356812.46696337 14357101.46804927 14357391.46913892 14357681.47022858
 14357970.47131447 14358260.47240413 14358550.47349378 14358839.47457968
 14359129.47566934 14359418.47675523 14359708.47784488 14359998.47893454
 14360287.48002044 14360576.48110634 14360867.48219975 14361157.4832894
 14361445.48437154 14361736.48546495 14362025.48655085 14362315.4876405 ]"	0.0	0.0	0.0
1247.0661292935768	2.0	trials	2.0	1.0	1.0	0.0	10000.0	1.0	True	40.0	0.0	0.005	"[14441746.78609682 14442036.78718648 14442325.78827238 14442615.78936203
 14442905.79045168 14443194.79153758 14443484.79262723 14443774.79371689
 14444063.79480278 14444353.79589244 14444643.79698209 14444932.79806799
 14445222.79915764 14445512.8002473  14445802.80133695 14446091.80242285
 14446380.80350875 14446670.8045984  14446960.80568806 14447250.80677771]"	0.0	0.0	0.0
1257.7301757628886	2.0	trials	2.0	1.0	1.0	0.0	10000.0	1.0	True	40.0	0.0	0.005	"[14565174.24986498 14565464.25095463 14565753.25204053 14566043.25313018
 14566333.25421983 14566623.25530949 14566912.25639539 14567202.25748504
 14567491.25857094 14567780.25965683 14568071.26075025 14568360.26183614
 14568650.2629258  14568939.26401169 14569228.26509759 14569518.26618724
 14569809.26728066 14570098.26836655 14570387.26945245 14570677.27054211]"	0.0	0.0	0.0
1264.3353077811503	2.0	trials	2.0	1.0	1.0	0.0	10000.0	1.0	True	40.0	0.0	0.005	"[14641621.53710913 14641911.53819878 14642200.53928468 14642490.54037433
 14642779.54146023 14643069.54254989 14643359.54363954 14643648.54472543
 14643938.54581509 14644228.54690475 14644518.5479944  14644807.5490803
 14645097.55016995 14645387.5512596  14645676.5523455  14645966.55343515
 14646256.55452481 14646545.55561071 14646835.55670036 14647125.55779001]"	0.0	0.0	0.0
1275.338648325333	2.0	trials	2.0	1.0	1.0	0.0	10000.0	1.0	True	40.0	0.0	0.005	"[14768975.01562895 14769265.0167186  14769555.01780825 14769844.01889415
 14770134.0199838  14770423.0210697  14770713.02215936 14771004.02325277
 14771293.02433867 14771583.02542832 14771872.02651422 14772162.02760387
 14772452.02869353 14772741.02977942 14773031.03086908 14773321.03195873
 14773609.03304087 14773899.03413052 14774189.03522018 14774479.03630983]"	0.0	0.0	0.0
1281.9798092789706	2.0	trials	2.0	1.0	1.0	0.0	10000.0	1.0	True	40.0	0.0	0.005	"[14845841.30444746 14846131.30553711 14846421.30662677 14846710.30771267
 14847000.30880232 14847289.30988822 14847579.31097787 14847869.31206752
 14848158.31315343 14848448.31424308 14848738.31533273 14849027.31641863
 14849317.31750828 14849606.31859418 14849895.31968008 14850186.32077349
 14850476.32186314 14850764.32294528 14851054.32403494 14851344.32512459]"	0.0	0.0	0.0
1291.3947662549276	2.0	trials	2.0	1.0	1.0	0.0	10000.0	1.0	True	40.0	0.0	0.005	"[14954809.71388695 14955099.71497661 14955389.71606626 14955678.71715216
 14955968.71824181 14956257.71932771 14956547.72041736 14956836.72150326
 14957127.72259667 14957417.72368633 14957706.72477222 14957996.72586188
 14958285.72694777 14958575.72803743 14958864.72912333 14959154.73021298
 14959444.73130263 14959733.73238853 14960023.73347818 14960313.73456784]"	0.0	0.0	0.0
1301.008184776588	2.0	trials	2.0	1.0	1.0	0.0	10000.0	1.0	True	40.0	0.0	0.005	"[15066077.13196477 15066367.13305443 15066656.13414032 15066946.13522998
 15067236.13631963 15067525.13740553 15067814.13849143 15068105.13958484
 15068394.14067074 15068684.14176039 15068973.14284628 15069263.14393594
 15069552.14502184 15069842.14611149 15070132.14720115 15070421.14828704
 15070710.14937294 15071001.15046635 15071291.151556   15071580.1526419 ]"	0.0	0.0	0.0
1306.832862662355	2.0	trials	2.0	1.0	1.0	0.0	10000.0	1.0	True	40.0	0.0	0.005	"[15133491.38526807 15133781.38635772 15134071.38744738 15134360.38853327
 15134650.38962293 15134940.39071259 15135229.39179848 15135518.39288438
 15135808.39397403 15136097.39505993 15136387.39614959 15136677.39723924
 15136967.39832889 15137256.39941479 15137546.40050444 15137836.4015941
 15138126.40268375 15138415.40376965 15138704.40485555 15138994.4059452 ]"	0.0	0.0	0.0
1312.8091731178692	2.0	trials	2.0	1.0	1.0	0.0	10000.0	1.0	True	40.0	0.0	0.005	"[15202661.64516941 15202951.64625907 15203241.64734872 15203530.64843462
 15203821.64952803 15204110.65061393 15204399.65169983 15204689.65278948
 15204978.65387538 15205269.65496879 15205558.65605469 15205847.65714058
 15206136.65822648 15206428.65932365 15206717.66040955 15207006.66149544
 15207296.6625851  15207585.66367099 15207875.66476065 15208164.66584654]"	0.0	0.0	0.0
1322.6483556878204	2.0	trials	2.0	1.0	1.0	0.0	10000.0	1.0	True	40.0	0.0	0.005	"[15316541.07306164 15316832.07415505 15317121.07524095 15317411.0763306
 15317700.0774165  15317990.07850615 15318280.0795958  15318569.0806817
 15318859.08177136 15319149.08286101 15319438.08394691 15319728.08503656
 15320018.08612622 15320307.08721212 15320597.08830177 15320887.08939142
 15321176.09047732 15321465.09156322 15321756.09265663 15322045.09374253]"	0.0	0.0	0.0
1327.8143174985137	2.0	trials	2.0	1.0	1.0	0.0	10000.0	1.0	True	40.0	0.0	0.005	"[15376333.29772582 15376622.29881171 15376911.29989761 15377200.30098351
 15377491.30207692 15377780.30316281 15378070.30425247 15378359.30533837
 15378649.30642802 15378940.30752143 15379228.30860357 15379518.30969322
 15379808.31078288 15380098.31187253 15380387.31295843 15380676.31404433
 15380967.31513774 15381256.31622364 15381546.31731329 15381835.31839919]"	0.0	0.0	0.0
1336.2983973767737	2.0	trials	2.0	1.0	1.0	0.0	10000.0	1.0	True	40.0	0.0	0.005	"[15474528.66668653 15474817.66777243 15475108.66886584 15475397.66995173
 15475687.67104138 15475976.67212728 15476266.67321694 15476556.67430659
 15476845.67539249 15477135.67648214 15477424.67756804 15477714.67865769
 15478004.67974735 15478293.68083324 15478582.68191914 15478872.6830088
 15479162.68409845 15479452.68518811 15479742.68627776 15480031.68736366]"	0.0	0.0	0.0
1347.2723618105779	2.0	trials	2.0	1.0	1.0	0.0	10000.0	1.0	True	40.0	0.0	0.005	"[15601542.14392882 15601832.14501847 15602122.14610813 15602411.14719402
 15602700.14827992 15602991.14937333 15603280.15045923 15603570.15154888
 15603859.15263478 15604148.15372068 15604438.15481033 15604728.15589999
 15605018.15698964 15605308.1580793  15605597.15916519 15605887.16025485
 15606176.16134074 15606466.1624304  15606755.1635163  15607045.16460595]"	0.0	0.0	0.0
1353.7821078704342	2.0	trials	2.0	1.0	1.0	0.0	10000.0	1.0	True	40.0	0.0	0.005	"[15676886.42702853 15677175.42811442 15677465.42920408 15677755.43029373
 15678045.43138339 15678334.43246928 15678623.43355518 15678914.43464859
 15679203.43573449 15679493.43682414 15679782.43791004 15680072.4389997
 15680362.44008935 15680651.44117525 15680941.4422649  15681231.44335455
 15681520.44444045 15681810.44553011 15682100.44661976 15682389.44770566]"	0.0	0.0	0.0
1360.6616473197603	2.0	trials	2.0	1.0	1.0	0.0	10000.0	1.0	True	40.0	0.0	0.005	"[15756509.72620627 15756799.72729593 15757089.72838558 15757379.72947523
 15757668.73056114 15757958.73165079 15758247.73273668 15758537.73382634
 15758827.73491599 15759116.73600189 15759407.7370953  15759696.7381812
 15759986.73927085 15760275.74035675 15760564.74144265 15760854.7425323
 15761144.74362196 15761434.74471161 15761723.74579751 15762013.74688716]"	0.0	0.0	0.0
1367.722886651809	2.0	trials	2.0	1.0	1.0	0.0	10000.0	1.0	True	40.0	0.0	0.005	"[15838238.03329341 15838528.03438306 15838818.03547272 15839107.03655861
 15839396.03764451 15839686.03873416 15839976.03982382 15840266.04091347
 15840555.04199937 15840844.04308527 15841134.04417492 15841424.04526458
 15841713.04635047 15842003.04744012 15842293.04852978 15842583.04961943
 15842872.05070533 15843162.05179499 15843452.05288464 15843742.0539743 ]"	0.0	0.0	0.0
1373.7989894822854	2.0	trials	2.0	1.0	1.0	0.0	10000.0	1.0	True	40.0	0.0	0.005	"[15908562.29753082 15908853.29862423 15909142.29971013 15909432.30079979
 15909722.30188944 15910011.30297534 15910301.30406499 15910590.30515089
 15910880.30624054 15911169.30732644 15911459.30841609 15911749.30950575
 15912038.31059165 15912328.3116813  15912617.31276719 15912907.31385685
 15913197.3149465  15913487.31603616 15913776.31712206 15914066.31821171]"	0.0	0.0	0.0
1382.799224899959	2.0	trials	2.0	1.0	1.0	0.0	10000.0	1.0	True	40.0	0.0	0.005	"[16012732.68894217 16013022.69003182 16013311.69111772 16013601.69220738
 16013890.69329327 16014180.69438293 16014469.69546882 16014759.69655848
 16015049.69764813 16015339.69873779 16015628.69982369 16015918.70091334
 16016208.70200299 16016497.70308889 16016787.70417854 16017077.7052682
 16017366.7063541  16017656.70744375 16017946.7085334  16018236.70962306]"	0.0	0.0	0.0
1388.8834493609515	2.0	trials	2.0	1.0	1.0	0.0	10000.0	1.0	True	40.0	0.0	0.005	"[16083151.95353654 16083440.95462244 16083731.95571585 16084020.95680175
 16084309.95788765 16084599.9589773  16084889.96006696 16085179.96115661
 16085468.9622425  16085758.96333216 16086048.96442182 16086337.96550771
 16086627.96659737 16086916.96768326 16087206.96877291 16087496.96986257
 16087785.97094847 16088074.97203436 16088365.97312777 16088654.97421367]"	0.0	0.0	0.0
1396.9406252351532	2.0	trials	2.0	1.0	1.0	0.0	10000.0	1.0	True	40.0	0.0	0.005	"[16176406.3039318  16176695.3050177  16176985.30610735 16177275.307197
 16177565.30828666 16177855.30937631 16178144.31046221 16178434.31155187
 16178723.31263776 16179013.31372742 16179303.31481707 16179592.31590297
 16179882.31699262 16180171.31807852 16180461.31916817 16180750.32025407
 16181041.32134748 16181330.32243338 16181620.32352303 16181910.32461269]"	0.0	0.0	0.0
1403.3250044239537	2.0	trials	2.0	1.0	1.0	0.0	10000.0	1.0	True	40.0	0.0	0.005	"[16250299.58157948 16250588.58266538 16250878.58375503 16251168.58484468
 16251457.58593058 16251747.58702024 16252036.58810613 16252326.58919579
 16252615.59028168 16252905.59137134 16253194.59245723 16253485.59355064
 16253774.59463655 16254064.5957262  16254353.5968121  16254643.59790175
 16254933.5989914  16255223.60008106 16255512.60116695 16255802.60225661]"	0.0	0.0	0.0
1408.9831888841347	2.0	trials	2.0	1.0	1.0	0.0	10000.0	1.0	True	40.0	0.0	0.005	"[16315786.82764221 16316076.82873187 16316365.82981776 16316655.83090742
 16316945.83199707 16317235.83308673 16317524.83417262 16317814.83526228
 16318104.83635193 16318393.83743783 16318682.83852373 16318973.83961714
 16319262.84070303 16319552.84179269 16319841.84287859 16320131.84396824
 16320421.8450579  16320710.84614379 16321000.84723344 16321289.84831934]"	0.0	0.0	0.0
1415.7100589598176	2.0	trials	2.0	1.0	1.0	0.0	10000.0	1.0	True	40.0	0.0	0.005	"[16393644.12018434 16393934.12127399 16394224.12236365 16394513.12344955
 16394803.1245392  16395093.12562886 16395382.12671475 16395672.12780441
 16395961.1288903  16396252.12998371 16396541.13106961 16396831.13215926
 16397121.13324892 16397410.13433482 16397699.13542071 16397989.13651037
 16398279.13760002 16398568.13868592 16398859.13977933 16399147.14086147]"	0.0	0.0	0.0
1421.2957535476235	2.0	trials	2.0	1.0	1.0	0.0	10000.0	1.0	True	40.0	0.0	0.005	"[16458293.36309835 16458583.364188   16458872.3652739  16459162.36636355
 16459452.36745321 16459741.36853911 16460032.36963252 16460321.37071841
 16460610.37180431 16460900.37289396 16461189.37397986 16461480.37507327
 16461769.37615917 16462059.37724882 16462348.37833472 16462638.37942437
 16462928.38051403 16463217.38159993 16463506.38268582 16463797.38377924]"	0.0	0.0	0.0
1427.2235934210134	2.0	trials	2.0	1.0	1.0	0.0	10000.0	1.0	True	40.0	0.0	0.005	"[16526903.62089553 16527193.62198519 16527482.62307108 16527771.62415698
 16528061.62524663 16528351.62633629 16528641.62742594 16528930.62851184
 16529219.62959774 16529510.63069115 16529800.6317808  16530089.6328667
 16530379.63395636 16530668.63504225 16530958.63613191 16531248.63722156
 16531537.63830745 16531826.63939336 16532116.64048301 16532406.64157266]"	0.0	0.0	0.0
1438.322924725874	2.0	trials	2.0	1.0	1.0	0.0	10000.0	1.0	True	40.0	0.0	0.005	"[16655368.10358985 16655658.10467951 16655947.1057654  16656237.10685506
 16656526.10794096 16656816.10903061 16657106.11012026 16657395.11120616
 16657685.11229581 16657974.11338171 16658265.11447513 16658554.11556102
 16658844.11665067 16659133.11773657 16659423.11882623 16659713.11991588
 16660002.12100178 16660292.12209143 16660582.12318109 16660871.12426698]"	0.0	0.0	0.0
1447.84562290666	2.0	trials	2.0	1.0	1.0	0.0	10000.0	1.0	True	40.0	0.0	0.005	"[16765583.51771486 16765873.51880451 16766162.51989041 16766452.52098006
 16766742.52206972 16767032.52315937 16767321.52424527 16767611.52533492
 16767901.52642458 16768190.52751047 16768480.52860013 16768769.52968603
 16769059.53077568 16769349.53186533 16769638.53295123 16769928.53404089
 16770217.53512678 16770507.53621644 16770797.53730609 16771086.53839198]"	0.0	0.0	0.0
1458.4654324097553	2.0	trials	2.0	1.0	1.0	0.0	10000.0	1.0	True	40.0	0.0	0.005	"[16888497.97955545 16888787.98064511 16889077.98173476 16889365.9828169
 16889656.98391031 16889946.98499996 16890236.98608962 16890525.98717551
 16890814.98826141 16891104.98935107 16891393.99043696 16891683.99152661
 16891973.99261627 16892263.99370593 16892552.99479182 16892842.99588148
 16893131.99696737 16893421.99805703 16893711.99914668 16894002.00023634]"	0.0	0.0	0.0
1466.2514840652293	2.0	trials	2.0	1.0	1.0	0.0	10000.0	1.0	True	40.0	0.0	0.005	"[16978615.31816365 16978904.31924955 16979194.32033921 16979483.3214251
 16979773.32251475 16980063.32360441 16980352.3246903  16980642.32577996
 16980931.32686586 16981222.32795927 16981511.32904517 16981800.33013106
 16982090.33122072 16982379.33230662 16982670.33340002 16982959.33448592
 16983249.33557558 16983539.33666523 16983828.33775113 16984118.33884078]"	0.0	0.0	0.0
1472.0680403204794	2.0	trials	2.0	1.0	1.0	0.0	10000.0	1.0	True	40.0	0.0	0.005	"[17045935.57111375 17046225.57220341 17046516.57329682 17046804.57437896
 17047094.57546861 17047384.57655827 17047673.57764416 17047963.57873382
 17048254.57982723 17048542.58090937 17048833.58200278 17049122.58308868
 17049411.58417458 17049701.58526423 17049992.58635764 17050280.58743978
 17050570.58852944 17050860.58961909 17051150.59070874 17051439.59179464]"	0.0	0.0	0.0
1481.3219470913027	2.0	trials	2.0	1.0	1.0	0.0	10000.0	1.0	True	40.0	0.0	0.005	"[17153040.97355315 17153330.97464281 17153620.97573246 17153909.97681836
 17154198.97790426 17154488.97899391 17154778.98008357 17155068.98117322
 17155358.98226288 17155647.98334877 17155937.98443842 17156226.98552432
 17156516.98661398 17156805.98769987 17157095.98878952 17157384.98987542
 17157674.99096508 17157964.99205473 17158253.99314063 17158544.99423404]"	0.0	0.0	0.0
1486.8762783612638	2.0	trials	2.0	1.0	1.0	0.0	10000.0	1.0	True	40.0	0.0	0.005	"[17217328.21510698 17217617.21619287 17217906.21727877 17218197.21837218
 17218486.21945808 17218775.22054397 17219065.22163363 17219356.22272704
 17219645.22381294 17219935.22490259 17220224.22598849 17220514.22707814
 17220803.22816404 17221093.22925369 17221383.23034335 17221672.23142924
 17221962.2325189  17222251.2336048  17222541.23469445 17222830.23578035]"	0.0	0.0	0.0
1493.1942157004144	2.0	trials	2.0	1.0	1.0	0.0	10000.0	1.0	True	40.0	0.0	0.005	"[17290451.48986143 17290740.49094733 17291030.49203698 17291320.49312664
 17291610.49421629 17291900.49530595 17292189.49639184 17292478.49747774
 17292768.49856739 17293058.49965705 17293347.50074295 17293638.50183636
 17293927.50292226 17294216.50400815 17294506.50509781 17294795.5061837
 17295085.50727336 17295375.50836301 17295665.50945266 17295954.51053856]"	0.0	0.0	0.0
1502.963154806431	2.0	trials	2.0	1.0	1.0	0.0	10000.0	1.0	True	40.0	0.0	0.005	"[17403517.91469887 17403807.91578852 17404097.91687817 17404386.91796407
 17404676.91905373 17404966.92014338 17405256.92123304 17405545.92231893
 17405835.92340859 17406124.92449448 17406414.92558414 17406704.9266738
 17406993.92775969 17407283.92884934 17407572.92993524 17407862.93102489
 17408152.93211455 17408442.9332042  17408731.9342901  17409021.93537975]"	0.0	0.0	0.0
1512.2141239662171	2.0	trials	2.0	1.0	1.0	0.0	10000.0	1.0	True	40.0	0.0	0.005	"[17510590.31701427 17510879.31810017 17511168.31918607 17511458.32027572
 17511748.32136538 17512038.32245503 17512327.32354093 17512616.32462682
 17512906.32571648 17513196.32680613 17513485.32789203 17513775.32898168
 17514064.33006758 17514354.33115724 17514644.33224689 17514934.33333654
 17515224.3344262  17515514.33551585 17515803.33660175 17516092.33768765]"	0.0	0.0	0.0
1519.5765548299694	2.0	trials	2.0	1.0	1.0	0.0	10000.0	1.0	True	40.0	0.0	0.005	"[17595802.63719229 17596092.63828195 17596381.63936784 17596671.64045749
 17596961.64154715 17597251.6426368  17597540.6437227  17597830.64481235
 17598120.64590201 17598409.6469879  17598699.64807756 17598989.64916721
 17599278.65025311 17599568.65134276 17599857.65242866 17600147.65351832
 17600436.65460421 17600726.65569387 17601016.65678352 17601305.65786942]"	0.0	0.0	0.0
1530.5082695050232	2.0	trials	2.0	1.0	1.0	0.0	10000.0	1.0	True	40.0	0.0	0.005	"[17722328.11260096 17722617.11368685 17722908.11478027 17723196.1158624
 17723486.11695206 17723776.11804171 17724066.11913136 17724356.12022102
 17724645.12130692 17724935.12239657 17725224.12348247 17725514.12457212
 17725804.12566178 17726094.12675143 17726383.12783733 17726672.12892323
 17726962.13001288 17727252.13110254 17727542.13219219 17727831.13327808]"	0.0	0.0	0.0
1537.715179784419	2.0	trials	2.0	1.0	1.0	0.0	10000.0	1.0	True	40.0	0.0	0.005	"[17805740.4260156  17806030.42710526 17806319.42819115 17806610.42928456
 17806899.43037046 17807188.43145635 17807478.43254601 17807768.43363566
 17808058.43472532 17808347.43581122 17808636.43689711 17808926.43798677
 17809216.43907642 17809506.44016607 17809795.44125197 17810085.44234163
 17810374.44342752 17810665.44452094 17810955.44561059 17811243.44669273]"	0.0	0.0	0.0
1544.2960333114563	2.0	trials	2.0	1.0	1.0	0.0	10000.0	1.0	True	40.0	0.0	0.005	"[17881908.71221143 17882197.71329733 17882488.71439074 17882776.71547288
 17883067.71656629 17883356.71765218 17883646.71874184 17883936.7198315
 17884225.72091739 17884514.72200329 17884804.72309294 17885094.72418259
 17885383.72526849 17885674.7263619  17885963.7274478  17886253.72853746
 17886542.72962335 17886831.73070925 17887121.7317989  17887411.73288856]"	0.0	0.0	0.0
1553.3205472203542	2.0	trials	2.0	1.0	1.0	0.0	10000.0	1.0	True	40.0	0.0	0.005	"[17986359.10467486 17986649.10576451 17986938.10685041 17987227.1079363
 17987518.10902972 17987808.11011937 17988097.11120527 17988386.11229116
 17988676.11338082 17988966.11447047 17989256.11556013 17989545.11664603
 17989834.11773192 17990124.11882158 17990415.11991499 17990703.12099713
 17990993.12208678 17991283.12317644 17991572.12426233 17991862.12535199]"	0.0	0.0	0.0
1562.8903335780703	2.0	trials	2.0	1.0	1.0	0.0	10000.0	1.0	True	40.0	0.0	0.005	"[18097120.52085142 18097409.52193731 18097698.52302321 18097988.52411287
 18098278.52520252 18098567.52628842 18098857.52737807 18099146.52846397
 18099436.52955362 18099727.53064703 18100016.53173293 18100305.53281883
 18100595.53390848 18100885.53499814 18101174.53608403 18101464.53717369
 18101753.53825958 18102043.53934924 18102334.54044265 18102623.54152855]"	0.0	0.0	0.0
1569.442070195703	2.0	trials	2.0	1.0	1.0	0.0	10000.0	1.0	True	40.0	0.0	0.005	"[18172949.80577348 18173239.80686313 18173529.80795279 18173818.80903868
 18174108.81012834 18174398.81121799 18174687.81230389 18174977.81339354
 18175266.81447944 18175556.8155691  18175846.81665875 18176136.8177484
 18176425.8188343  18176715.81992396 18177004.82100985 18177294.82209951
 18177584.82318916 18177874.82427882 18178163.82536471 18178452.82645061]"	0.0	0.0	0.0
1578.3885646114488	2.0	trials	2.0	1.0	1.0	0.0	10000.0	1.0	True	40.0	0.0	0.005	"[18276497.19484395 18276787.1959336  18277076.1970195  18277366.19810915
 18277656.1991988  18277945.20028471 18278235.20137436 18278524.20246026
 18278814.20354991 18279104.20463957 18279393.20572546 18279683.20681512
 18279973.20790477 18280263.20899443 18280552.21008033 18280842.21116998
 18281131.21225587 18281421.21334553 18281711.21443519 18282000.21552108]"	0.0	0.0	0.0
1588.1263132002698	2.0	trials	2.0	1.0	1.0	0.0	10000.0	1.0	True	40.0	0.0	0.005	"[18389203.61832871 18389493.61941836 18389782.62050426 18390072.62159391
 18390361.62267981 18390651.62376947 18390940.62485536 18391231.62594878
 18391521.62703843 18391810.62812433 18392099.62921022 18392389.63029988
 18392678.63138577 18392968.63247543 18393258.63356508 18393547.63465098
 18393837.63574063 18394127.63683029 18394417.63791994 18394706.63900584]"	0.0	0.0	0.0
1598.0628689360929	2.0	trials	2.0	1.0	1.0	0.0	10000.0	1.0	True	40.0	0.0	0.005	"[18504210.05045556 18504500.05154521 18504789.05263111 18505079.05372076
 18505368.05480666 18505658.05589631 18505948.05698596 18506238.05807562
 18506527.05916152 18506817.06025117 18507107.06134083 18507397.06243048
 18507685.06351262 18507975.06460227 18508264.06568817 18508554.06677783
 18508844.06786748 18509133.06895338 18509423.07004303 18509713.07113269]"	0.0	0.0	0.0
1709.4710763436296	2.0	trials	3.0	1.0	1.0	0.0	10000.0	1.0	False	0.0	0.0	0.0	"[nan nan nan nan nan nan nan nan nan nan nan nan nan nan nan nan nan nan
 nan nan]"	0.0	0.0	0.0
1720.5843181007574	2.0	trials	3.0	1.0	1.0	0.0	10000.0	1.0	False	0.0	0.0	0.0	"[nan nan nan nan nan nan nan nan nan nan nan nan nan nan nan nan nan nan
 nan nan]"	0.0	0.0	0.0
1728.9831208585952	2.0	trials	3.0	1.0	1.0	0.0	10000.0	1.0	False	0.0	0.0	0.0	"[nan nan nan nan nan nan nan nan nan nan nan nan nan nan nan nan nan nan
 nan nan]"	0.0	0.0	0.0
1739.7231996135927	2.0	trials	3.0	1.0	1.0	0.0	10000.0	1.0	False	0.0	0.0	0.0	"[nan nan nan nan nan nan nan nan nan nan nan nan nan nan nan nan nan nan
 nan nan]"	0.0	0.0	0.0
1746.0170312621676	2.0	trials	3.0	1.0	1.0	0.0	10000.0	1.0	False	0.0	0.0	0.0	"[nan nan nan nan nan nan nan nan nan nan nan nan nan nan nan nan nan nan
 nan nan]"	0.0	0.0	0.0
1756.0075008005676	2.0	trials	3.0	1.0	1.0	0.0	10000.0	1.0	False	0.0	0.0	0.0	"[nan nan nan nan nan nan nan nan nan nan nan nan nan nan nan nan nan nan
 nan nan]"	0.0	0.0	0.0
1765.3498815038247	2.0	trials	3.0	1.0	1.0	0.0	10000.0	1.0	False	0.0	0.0	0.0	"[nan nan nan nan nan nan nan nan nan nan nan nan nan nan nan nan nan nan
 nan nan]"	0.0	0.0	0.0
1775.9516333390698	2.0	trials	3.0	1.0	1.0	0.0	10000.0	1.0	False	0.0	0.0	0.0	"[nan nan nan nan nan nan nan nan nan nan nan nan nan nan nan nan nan nan
 nan nan]"	0.0	0.0	0.0
1783.6912880202105	2.0	trials	3.0	1.0	1.0	0.0	10000.0	1.0	False	0.0	0.0	0.0	"[nan nan nan nan nan nan nan nan nan nan nan nan nan nan nan nan nan nan
 nan nan]"	0.0	0.0	0.0
1794.7735984611165	2.0	trials	3.0	1.0	1.0	0.0	10000.0	1.0	False	0.0	0.0	0.0	"[nan nan nan nan nan nan nan nan nan nan nan nan nan nan nan nan nan nan
 nan nan]"	0.0	0.0	0.0
1800.2881855817418	2.0	trials	3.0	1.0	1.0	0.0	10000.0	1.0	False	0.0	0.0	0.0	"[nan nan nan nan nan nan nan nan nan nan nan nan nan nan nan nan nan nan
 nan nan]"	0.0	0.0	0.0
1806.2756416791353	2.0	trials	3.0	1.0	1.0	0.0	10000.0	1.0	False	0.0	0.0	0.0	"[nan nan nan nan nan nan nan nan nan nan nan nan nan nan nan nan nan nan
 nan nan]"	0.0	0.0	0.0
1816.9515249929236	2.0	trials	3.0	1.0	1.0	0.0	10000.0	1.0	False	0.0	0.0	0.0	"[nan nan nan nan nan nan nan nan nan nan nan nan nan nan nan nan nan nan
 nan nan]"	0.0	0.0	0.0
1823.6118668186311	2.0	trials	3.0	1.0	1.0	0.0	10000.0	1.0	False	0.0	0.0	0.0	"[nan nan nan nan nan nan nan nan nan nan nan nan nan nan nan nan nan nan
 nan nan]"	0.0	0.0	0.0
1830.9242718944156	2.0	trials	3.0	1.0	1.0	0.0	10000.0	1.0	False	0.0	0.0	0.0	"[nan nan nan nan nan nan nan nan nan nan nan nan nan nan nan nan nan nan
 nan nan]"	0.0	0.0	0.0
1840.908347808792	2.0	trials	3.0	1.0	1.0	0.0	10000.0	1.0	False	0.0	0.0	0.0	"[nan nan nan nan nan nan nan nan nan nan nan nan nan nan nan nan nan nan
 nan nan]"	0.0	0.0	0.0
1849.9199880693184	2.0	trials	3.0	1.0	1.0	0.0	10000.0	1.0	False	0.0	0.0	0.0	"[nan nan nan nan nan nan nan nan nan nan nan nan nan nan nan nan nan nan
 nan nan]"	0.0	0.0	0.0
1857.6238730160571	2.0	trials	3.0	1.0	1.0	0.0	10000.0	1.0	False	0.0	0.0	0.0	"[nan nan nan nan nan nan nan nan nan nan nan nan nan nan nan nan nan nan
 nan nan]"	0.0	0.0	0.0
1863.0598358412583	2.0	trials	3.0	1.0	1.0	0.0	10000.0	1.0	False	0.0	0.0	0.0	"[nan nan nan nan nan nan nan nan nan nan nan nan nan nan nan nan nan nan
 nan nan]"	0.0	0.0	0.0
1868.2466201301904	2.0	trials	3.0	1.0	1.0	0.0	10000.0	1.0	False	0.0	0.0	0.0	"[nan nan nan nan nan nan nan nan nan nan nan nan nan nan nan nan nan nan
 nan nan]"	0.0	0.0	0.0
1878.7260291057414	2.0	trials	3.0	1.0	1.0	0.0	10000.0	1.0	False	0.0	0.0	0.0	"[nan nan nan nan nan nan nan nan nan nan nan nan nan nan nan nan nan nan
 nan nan]"	0.0	0.0	0.0
1889.264535903348	2.0	trials	3.0	1.0	1.0	0.0	10000.0	1.0	False	0.0	0.0	0.0	"[nan nan nan nan nan nan nan nan nan nan nan nan nan nan nan nan nan nan
 nan nan]"	0.0	0.0	0.0
1895.4724856292287	2.0	trials	3.0	1.0	1.0	0.0	10000.0	1.0	False	0.0	0.0	0.0	"[nan nan nan nan nan nan nan nan nan nan nan nan nan nan nan nan nan nan
 nan nan]"	0.0	0.0	0.0
1905.3489931394251	2.0	trials	3.0	1.0	1.0	0.0	10000.0	1.0	False	0.0	0.0	0.0	"[nan nan nan nan nan nan nan nan nan nan nan nan nan nan nan nan nan nan
 nan nan]"	0.0	0.0	0.0
1916.233187635926	2.0	trials	3.0	1.0	1.0	0.0	10000.0	1.0	False	0.0	0.0	0.0	"[nan nan nan nan nan nan nan nan nan nan nan nan nan nan nan nan nan nan
 nan nan]"	0.0	0.0	0.0
1922.514491237428	2.0	trials	3.0	1.0	1.0	0.0	10000.0	1.0	False	0.0	0.0	0.0	"[nan nan nan nan nan nan nan nan nan nan nan nan nan nan nan nan nan nan
 nan nan]"	0.0	0.0	0.0
1930.8243880612088	2.0	trials	3.0	1.0	1.0	0.0	10000.0	1.0	False	0.0	0.0	0.0	"[nan nan nan nan nan nan nan nan nan nan nan nan nan nan nan nan nan nan
 nan nan]"	0.0	0.0	0.0
1936.9684879471788	2.0	trials	3.0	1.0	1.0	0.0	10000.0	1.0	False	0.0	0.0	0.0	"[nan nan nan nan nan nan nan nan nan nan nan nan nan nan nan nan nan nan
 nan nan]"	0.0	0.0	0.0
1942.4110171970524	2.0	trials	3.0	1.0	1.0	0.0	10000.0	1.0	False	0.0	0.0	0.0	"[nan nan nan nan nan nan nan nan nan nan nan nan nan nan nan nan nan nan
 nan nan]"	0.0	0.0	0.0
1950.750981333809	2.0	trials	3.0	1.0	1.0	0.0	10000.0	1.0	False	0.0	0.0	0.0	"[nan nan nan nan nan nan nan nan nan nan nan nan nan nan nan nan nan nan
 nan nan]"	0.0	0.0	0.0
1958.0410087255107	2.0	trials	3.0	1.0	1.0	0.0	10000.0	1.0	False	0.0	0.0	0.0	"[nan nan nan nan nan nan nan nan nan nan nan nan nan nan nan nan nan nan
 nan nan]"	0.0	0.0	0.0
1963.7588958100193	2.0	trials	3.0	1.0	1.0	0.0	10000.0	1.0	False	0.0	0.0	0.0	"[nan nan nan nan nan nan nan nan nan nan nan nan nan nan nan nan nan nan
 nan nan]"	0.0	0.0	0.0
1973.400567237838	2.0	trials	3.0	1.0	1.0	0.0	10000.0	1.0	False	0.0	0.0	0.0	"[nan nan nan nan nan nan nan nan nan nan nan nan nan nan nan nan nan nan
 nan nan]"	0.0	0.0	0.0
1983.5590854076675	2.0	trials	3.0	1.0	1.0	0.0	10000.0	1.0	False	0.0	0.0	0.0	"[nan nan nan nan nan nan nan nan nan nan nan nan nan nan nan nan nan nan
 nan nan]"	0.0	0.0	0.0
1988.9660177237886	2.0	trials	3.0	1.0	1.0	0.0	10000.0	1.0	False	0.0	0.0	0.0	"[nan nan nan nan nan nan nan nan nan nan nan nan nan nan nan nan nan nan
 nan nan]"	0.0	0.0	0.0
1994.5694243781463	2.0	trials	3.0	1.0	1.0	0.0	10000.0	1.0	False	0.0	0.0	0.0	"[nan nan nan nan nan nan nan nan nan nan nan nan nan nan nan nan nan nan
 nan nan]"	0.0	0.0	0.0
2002.999676854154	2.0	trials	3.0	1.0	1.0	0.0	10000.0	1.0	False	0.0	0.0	0.0	"[nan nan nan nan nan nan nan nan nan nan nan nan nan nan nan nan nan nan
 nan nan]"	0.0	0.0	0.0
2013.50690673424	2.0	trials	3.0	1.0	1.0	0.0	10000.0	1.0	False	0.0	0.0	0.0	"[nan nan nan nan nan nan nan nan nan nan nan nan nan nan nan nan nan nan
 nan nan]"	0.0	0.0	0.0
2022.4877020788688	2.0	trials	3.0	1.0	1.0	0.0	10000.0	1.0	False	0.0	0.0	0.0	"[nan nan nan nan nan nan nan nan nan nan nan nan nan nan nan nan nan nan
 nan nan]"	0.0	0.0	0.0
2028.5654465155135	2.0	trials	3.0	1.0	1.0	0.0	10000.0	1.0	False	0.0	0.0	0.0	"[nan nan nan nan nan nan nan nan nan nan nan nan nan nan nan nan nan nan
 nan nan]"	0.0	0.0	0.0
2036.6892370400144	2.0	trials	3.0	1.0	1.0	0.0	10000.0	1.0	False	0.0	0.0	0.0	"[nan nan nan nan nan nan nan nan nan nan nan nan nan nan nan nan nan nan
 nan nan]"	0.0	0.0	0.0
2044.2133229111726	2.0	trials	3.0	1.0	1.0	0.0	10000.0	1.0	False	0.0	0.0	0.0	"[nan nan nan nan nan nan nan nan nan nan nan nan nan nan nan nan nan nan
 nan nan]"	0.0	0.0	0.0
2051.0304813261064	2.0	trials	3.0	1.0	1.0	0.0	10000.0	1.0	False	0.0	0.0	0.0	"[nan nan nan nan nan nan nan nan nan nan nan nan nan nan nan nan nan nan
 nan nan]"	0.0	0.0	0.0
2059.8278487815196	2.0	trials	3.0	1.0	1.0	0.0	10000.0	1.0	False	0.0	0.0	0.0	"[nan nan nan nan nan nan nan nan nan nan nan nan nan nan nan nan nan nan
 nan nan]"	0.0	0.0	0.0
2070.24936953956	2.0	trials	3.0	1.0	1.0	0.0	10000.0	1.0	False	0.0	0.0	0.0	"[nan nan nan nan nan nan nan nan nan nan nan nan nan nan nan nan nan nan
 nan nan]"	0.0	0.0	0.0
2080.707869636548	2.0	trials	3.0	1.0	1.0	0.0	10000.0	1.0	False	0.0	0.0	0.0	"[nan nan nan nan nan nan nan nan nan nan nan nan nan nan nan nan nan nan
 nan nan]"	0.0	0.0	0.0
2089.8078974291834	2.0	trials	3.0	1.0	1.0	0.0	10000.0	1.0	False	0.0	0.0	0.0	"[nan nan nan nan nan nan nan nan nan nan nan nan nan nan nan nan nan nan
 nan nan]"	0.0	0.0	0.0
2098.5319974093	2.0	trials	3.0	1.0	1.0	0.0	10000.0	1.0	False	0.0	0.0	0.0	"[nan nan nan nan nan nan nan nan nan nan nan nan nan nan nan nan nan nan
 nan nan]"	0.0	0.0	0.0
2107.027827731711	2.0	trials	3.0	1.0	1.0	0.0	10000.0	1.0	False	0.0	0.0	0.0	"[nan nan nan nan nan nan nan nan nan nan nan nan nan nan nan nan nan nan
 nan nan]"	0.0	0.0	0.0
2115.5957159248737	2.0	trials	3.0	1.0	1.0	0.0	10000.0	1.0	False	0.0	0.0	0.0	"[nan nan nan nan nan nan nan nan nan nan nan nan nan nan nan nan nan nan
 nan nan]"	0.0	0.0	0.0
2247.959198870203	2.0	trials	4.0	1.0	1.0	1.0	0.0	1.0	False	0.0	0.0	0.0	"[nan nan nan nan nan nan nan nan nan nan nan nan nan nan nan nan nan nan
 nan nan]"	1.0	0.02	5.0
2253.946741367921	2.0	trials	4.0	1.0	1.0	1.0	0.0	1.0	False	0.0	0.0	0.0	"[nan nan nan nan nan nan nan nan nan nan nan nan nan nan nan nan nan nan
 nan nan]"	1.0	0.02	5.0
2262.233569305022	2.0	trials	4.0	1.0	1.0	1.0	0.0	1.0	False	0.0	0.0	0.0	"[nan nan nan nan nan nan nan nan nan nan nan nan nan nan nan nan nan nan
 nan nan]"	1.0	0.02	5.0
2272.5245391725284	2.0	trials	4.0	1.0	1.0	1.0	0.0	1.0	False	0.0	0.0	0.0	"[nan nan nan nan nan nan nan nan nan nan nan nan nan nan nan nan nan nan
 nan nan]"	1.0	0.02	5.0
2278.074809627231	2.0	trials	4.0	1.0	1.0	1.0	0.0	1.0	False	0.0	0.0	0.0	"[nan nan nan nan nan nan nan nan nan nan nan nan nan nan nan nan nan nan
 nan nan]"	1.0	0.02	5.0
2286.3322614539534	2.0	trials	4.0	1.0	1.0	1.0	0.0	1.0	False	0.0	0.0	0.0	"[nan nan nan nan nan nan nan nan nan nan nan nan nan nan nan nan nan nan
 nan nan]"	1.0	0.02	5.0
2294.7386674403597	2.0	trials	4.0	1.0	1.0	1.0	0.0	1.0	False	0.0	0.0	0.0	"[nan nan nan nan nan nan nan nan nan nan nan nan nan nan nan nan nan nan
 nan nan]"	1.0	0.02	5.0
2304.251602384461	2.0	trials	4.0	1.0	1.0	1.0	0.0	1.0	False	0.0	0.0	0.0	"[nan nan nan nan nan nan nan nan nan nan nan nan nan nan nan nan nan nan
 nan nan]"	1.0	0.02	5.0
2311.5299657323367	2.0	trials	4.0	1.0	1.0	1.0	0.0	1.0	False	0.0	0.0	0.0	"[nan nan nan nan nan nan nan nan nan nan nan nan nan nan nan nan nan nan
 nan nan]"	1.0	0.02	5.0
2320.015946417738	2.0	trials	4.0	1.0	1.0	1.0	0.0	1.0	False	0.0	0.0	0.0	"[nan nan nan nan nan nan nan nan nan nan nan nan nan nan nan nan nan nan
 nan nan]"	1.0	0.02	5.0
2330.0699201947505	2.0	trials	4.0	1.0	1.0	1.0	0.0	1.0	False	0.0	0.0	0.0	"[nan nan nan nan nan nan nan nan nan nan nan nan nan nan nan nan nan nan
 nan nan]"	1.0	0.02	5.0
2336.1834343657965	2.0	trials	4.0	1.0	1.0	1.0	0.0	1.0	False	0.0	0.0	0.0	"[nan nan nan nan nan nan nan nan nan nan nan nan nan nan nan nan nan nan
 nan nan]"	1.0	0.02	5.0
2344.7449289349365	2.0	trials	4.0	1.0	1.0	1.0	0.0	1.0	False	0.0	0.0	0.0	"[nan nan nan nan nan nan nan nan nan nan nan nan nan nan nan nan nan nan
 nan nan]"	1.0	0.02	5.0
2352.203523360016	2.0	trials	4.0	1.0	1.0	1.0	0.0	1.0	False	0.0	0.0	0.0	"[nan nan nan nan nan nan nan nan nan nan nan nan nan nan nan nan nan nan
 nan nan]"	1.0	0.02	5.0
2357.867237440974	2.0	trials	4.0	1.0	1.0	1.0	0.0	1.0	False	0.0	0.0	0.0	"[nan nan nan nan nan nan nan nan nan nan nan nan nan nan nan nan nan nan
 nan nan]"	1.0	0.02	5.0
2365.06075567005	2.0	trials	4.0	1.0	1.0	1.0	0.0	1.0	False	0.0	0.0	0.0	"[nan nan nan nan nan nan nan nan nan nan nan nan nan nan nan nan nan nan
 nan nan]"	1.0	0.02	5.0
2372.23163701407	2.0	trials	4.0	1.0	1.0	1.0	0.0	1.0	False	0.0	0.0	0.0	"[nan nan nan nan nan nan nan nan nan nan nan nan nan nan nan nan nan nan
 nan nan]"	1.0	0.02	5.0
2378.034369217378	2.0	trials	4.0	1.0	1.0	1.0	0.0	1.0	False	0.0	0.0	0.0	"[nan nan nan nan nan nan nan nan nan nan nan nan nan nan nan nan nan nan
 nan nan]"	1.0	0.02	5.0
2387.7726362081467	2.0	trials	4.0	1.0	1.0	1.0	0.0	1.0	False	0.0	0.0	0.0	"[nan nan nan nan nan nan nan nan nan nan nan nan nan nan nan nan nan nan
 nan nan]"	1.0	0.02	5.0
2394.5408920393334	2.0	trials	4.0	1.0	1.0	1.0	0.0	1.0	False	0.0	0.0	0.0	"[nan nan nan nan nan nan nan nan nan nan nan nan nan nan nan nan nan nan
 nan nan]"	1.0	0.02	5.0
2401.17012974817	2.0	trials	4.0	1.0	1.0	1.0	0.0	1.0	False	0.0	0.0	0.0	"[nan nan nan nan nan nan nan nan nan nan nan nan nan nan nan nan nan nan
 nan nan]"	1.0	0.02	5.0
2409.2604833470346	2.0	trials	4.0	1.0	1.0	1.0	0.0	1.0	False	0.0	0.0	0.0	"[nan nan nan nan nan nan nan nan nan nan nan nan nan nan nan nan nan nan
 nan nan]"	1.0	0.02	5.0
2418.7563110268566	2.0	trials	4.0	1.0	1.0	1.0	0.0	1.0	False	0.0	0.0	0.0	"[nan nan nan nan nan nan nan nan nan nan nan nan nan nan nan nan nan nan
 nan nan]"	1.0	0.02	5.0
2428.974531821014	2.0	trials	4.0	1.0	1.0	1.0	0.0	1.0	False	0.0	0.0	0.0	"[nan nan nan nan nan nan nan nan nan nan nan nan nan nan nan nan nan nan
 nan nan]"	1.0	0.02	5.0
2437.310435142512	2.0	trials	4.0	1.0	1.0	1.0	0.0	1.0	False	0.0	0.0	0.0	"[nan nan nan nan nan nan nan nan nan nan nan nan nan nan nan nan nan nan
 nan nan]"	1.0	0.02	5.0
2443.376688335979	2.0	trials	4.0	1.0	1.0	1.0	0.0	1.0	False	0.0	0.0	0.0	"[nan nan nan nan nan nan nan nan nan nan nan nan nan nan nan nan nan nan
 nan nan]"	1.0	0.02	5.0
2453.754490529751	2.0	trials	4.0	1.0	1.0	1.0	0.0	1.0	False	0.0	0.0	0.0	"[nan nan nan nan nan nan nan nan nan nan nan nan nan nan nan nan nan nan
 nan nan]"	1.0	0.02	5.0
2461.0338042811973	2.0	trials	4.0	1.0	1.0	1.0	0.0	1.0	False	0.0	0.0	0.0	"[nan nan nan nan nan nan nan nan nan nan nan nan nan nan nan nan nan nan
 nan nan]"	1.0	0.02	5.0
2470.222133205617	2.0	trials	4.0	1.0	1.0	1.0	0.0	1.0	False	0.0	0.0	0.0	"[nan nan nan nan nan nan nan nan nan nan nan nan nan nan nan nan nan nan
 nan nan]"	1.0	0.02	5.0
2479.1951525210284	2.0	trials	4.0	1.0	1.0	1.0	0.0	1.0	False	0.0	0.0	0.0	"[nan nan nan nan nan nan nan nan nan nan nan nan nan nan nan nan nan nan
 nan nan]"	1.0	0.02	5.0
2488.4885442402133	2.0	trials	4.0	1.0	1.0	1.0	0.0	1.0	False	0.0	0.0	0.0	"[nan nan nan nan nan nan nan nan nan nan nan nan nan nan nan nan nan nan
 nan nan]"	1.0	0.02	5.0
2498.346648481261	2.0	trials	4.0	1.0	1.0	1.0	0.0	1.0	False	0.0	0.0	0.0	"[nan nan nan nan nan nan nan nan nan nan nan nan nan nan nan nan nan nan
 nan nan]"	1.0	0.02	5.0
2506.2004379912546	2.0	trials	4.0	1.0	1.0	1.0	0.0	1.0	False	0.0	0.0	0.0	"[nan nan nan nan nan nan nan nan nan nan nan nan nan nan nan nan nan nan
 nan nan]"	1.0	0.02	5.0
2511.70292906643	2.0	trials	4.0	1.0	1.0	1.0	0.0	1.0	False	0.0	0.0	0.0	"[nan nan nan nan nan nan nan nan nan nan nan nan nan nan nan nan nan nan
 nan nan]"	1.0	0.02	5.0
2518.674916863123	2.0	trials	4.0	1.0	1.0	1.0	0.0	1.0	False	0.0	0.0	0.0	"[nan nan nan nan nan nan nan nan nan nan nan nan nan nan nan nan nan nan
 nan nan]"	1.0	0.02	5.0
2525.0045182461004	2.0	trials	4.0	1.0	1.0	1.0	0.0	1.0	False	0.0	0.0	0.0	"[nan nan nan nan nan nan nan nan nan nan nan nan nan nan nan nan nan nan
 nan nan]"	1.0	0.02	5.0
2534.2220504802494	2.0	trials	4.0	1.0	1.0	1.0	0.0	1.0	False	0.0	0.0	0.0	"[nan nan nan nan nan nan nan nan nan nan nan nan nan nan nan nan nan nan
 nan nan]"	1.0	0.02	5.0
2539.994628970257	2.0	trials	4.0	1.0	1.0	1.0	0.0	1.0	False	0.0	0.0	0.0	"[nan nan nan nan nan nan nan nan nan nan nan nan nan nan nan nan nan nan
 nan nan]"	1.0	0.02	5.0
2550.3659511396804	2.0	trials	4.0	1.0	1.0	1.0	0.0	1.0	False	0.0	0.0	0.0	"[nan nan nan nan nan nan nan nan nan nan nan nan nan nan nan nan nan nan
 nan nan]"	1.0	0.02	5.0
2560.1233126021953	2.0	trials	4.0	1.0	1.0	1.0	0.0	1.0	False	0.0	0.0	0.0	"[nan nan nan nan nan nan nan nan nan nan nan nan nan nan nan nan nan nan
 nan nan]"	1.0	0.02	5.0
2569.803172973506	2.0	trials	4.0	1.0	1.0	1.0	0.0	1.0	False	0.0	0.0	0.0	"[nan nan nan nan nan nan nan nan nan nan nan nan nan nan nan nan nan nan
 nan nan]"	1.0	0.02	5.0
2577.997466162915	2.0	trials	4.0	1.0	1.0	1.0	0.0	1.0	False	0.0	0.0	0.0	"[nan nan nan nan nan nan nan nan nan nan nan nan nan nan nan nan nan nan
 nan nan]"	1.0	0.02	5.0
2587.0815098954918	2.0	trials	4.0	1.0	1.0	1.0	0.0	1.0	False	0.0	0.0	0.0	"[nan nan nan nan nan nan nan nan nan nan nan nan nan nan nan nan nan nan
 nan nan]"	1.0	0.02	5.0
2596.285477278672	2.0	trials	4.0	1.0	1.0	1.0	0.0	1.0	False	0.0	0.0	0.0	"[nan nan nan nan nan nan nan nan nan nan nan nan nan nan nan nan nan nan
 nan nan]"	1.0	0.02	5.0
2604.9039096617507	2.0	trials	4.0	1.0	1.0	1.0	0.0	1.0	False	0.0	0.0	0.0	"[nan nan nan nan nan nan nan nan nan nan nan nan nan nan nan nan nan nan
 nan nan]"	1.0	0.02	5.0
2612.2232267635063	2.0	trials	4.0	1.0	1.0	1.0	0.0	1.0	False	0.0	0.0	0.0	"[nan nan nan nan nan nan nan nan nan nan nan nan nan nan nan nan nan nan
 nan nan]"	1.0	0.02	5.0
2622.992249627259	2.0	trials	4.0	1.0	1.0	1.0	0.0	1.0	False	0.0	0.0	0.0	"[nan nan nan nan nan nan nan nan nan nan nan nan nan nan nan nan nan nan
 nan nan]"	1.0	0.02	5.0
2632.2739773026174	2.0	trials	4.0	1.0	1.0	1.0	0.0	1.0	False	0.0	0.0	0.0	"[nan nan nan nan nan nan nan nan nan nan nan nan nan nan nan nan nan nan
 nan nan]"	1.0	0.02	5.0
2639.4433898411185	2.0	trials	4.0	1.0	1.0	1.0	0.0	1.0	False	0.0	0.0	0.0	"[nan nan nan nan nan nan nan nan nan nan nan nan nan nan nan nan nan nan
 nan nan]"	1.0	0.02	5.0
2648.4859614178667	2.0	trials	4.0	1.0	1.0	1.0	0.0	1.0	False	0.0	0.0	0.0	"[nan nan nan nan nan nan nan nan nan nan nan nan nan nan nan nan nan nan
 nan nan]"	1.0	0.02	5.0
2747.688654164146	2.0	trials	5.0	0.0	0.0	0.0	0.0	0.0	True	40.0	0.0	0.005	"[31810064.04606546 31810352.0471476  31810642.04823725 31810931.04932315
 31811222.05041656 31811511.05150246 31811801.05259212 31812090.05367801
 31812381.05477142 31812671.05586107 31812960.05694698 31813250.05803663
 31813539.05912253 31813829.06021218 31814117.06129432 31814407.06238397
 31814697.06347363 31814987.06456328 31815276.06564918 31815566.06673883]"	0.0	0.0	0.0
2753.8325812494672	2.0	trials	5.0	0.0	0.0	0.0	0.0	0.0	True	40.0	0.0	0.005	"[31881174.31325622 31881464.31434587 31881754.31543553 31882043.31652142
 31882333.31761108 31882622.31869697 31882912.31978663 31883201.32087253
 31883491.32196217 31883781.32305184 31884070.32413773 31884361.32523114
 31884649.32631328 31884940.32740669 31885229.32849259 31885519.32958224
 31885807.33066439 31886099.33176155 31886387.33284369 31886677.33393334]"	0.0	0.0	0.0
2761.0870117074164	2.0	trials	5.0	0.0	0.0	0.0	0.0	0.0	True	40.0	0.0	0.005	"[31965138.62874496 31965426.6298271  31965716.63091675 31966006.6320064
 31966296.63309606 31966584.6341782  31966875.63527162 31967164.63635751
 31967454.63744716 31967743.63853306 31968034.63962647 31968323.64071237
 31968612.64179827 31968902.64288792 31969191.64397382 31969481.64506347
 31969770.64614937 31970061.64724278 31970349.64832492 31970641.64942209]"	0.0	0.0	0.0
2770.3388448704486	2.0	trials	5.0	0.0	0.0	0.0	0.0	0.0	True	40.0	0.0	0.005	"[32072217.03108291 32072508.03217632 32072797.03326222 32073086.03434812
 32073376.03543777 32073666.03652743 32073956.03761708 32074246.03870673
 32074534.03978887 32074825.04088228 32075115.04197194 32075405.04306159
 32075694.0441475  32075983.04523339 32076273.04632304 32076562.04740893
 32076851.04849484 32077142.04958824 32077431.05067414 32077722.05176756]"	0.0	0.0	0.0
2779.926775296339	2.0	trials	5.0	0.0	0.0	0.0	0.0	0.0	True	40.0	0.0	0.005	"[32183190.44805605 32183479.44914194 32183769.4502316  32184058.4513175
 32184349.45241091 32184638.45349681 32184929.45459022 32185217.45567235
 32185507.45676201 32185796.4578479  32186086.45893756 32186376.46002721
 32186666.46111687 32186956.46220652 32187244.46328866 32187534.46437831
 32187824.46546797 32188114.46655763 32188404.46764728 32188693.46873318]"	0.0	0.0	0.0
2786.3471834205156	2.0	trials	5.0	0.0	0.0	0.0	0.0	0.0	True	40.0	0.0	0.005	"[32257500.72727057 32257789.72835647 32258078.72944237 32258368.73053202
 32258658.73162168 32258949.73271509 32259237.73379723 32259527.73488688
 32259817.73597654 32260106.73706243 32260396.73815209 32260685.73923798
 32260975.74032764 32261265.74141729 32261555.74250695 32261844.74359285
 32262134.74468249 32262423.74576839 32262713.74685805 32263002.74794395]"	0.0	0.0	0.0
2793.6369516112436	2.0	trials	5.0	0.0	0.0	0.0	0.0	0.0	True	40.0	0.0	0.005	"[32341872.04428859 32342161.04537449 32342452.0464679  32342741.0475538
 32343032.04864721 32343321.04973311 32343611.05082276 32343900.05190866
 32344190.05299831 32344479.0540842  32344768.0551701  32345058.05625976
 32345348.05734941 32345639.05844283 32345928.05952872 32346217.06061462
 32346507.06170427 32346796.06279017 32347085.06387607 32347375.06496572]"	0.0	0.0	0.0
2799.733099317037	2.0	trials	5.0	0.0	0.0	0.0	0.0	0.0	True	40.0	0.0	0.005	"[32412430.30940524 32412718.31048738 32413008.31157704 32413299.31267045
 32413587.31375259 32413877.31484225 32414167.3159319  32414457.31702156
 32414747.3181112  32415036.3191971  32415325.32028301 32415616.32137641
 32415905.32246231 32416194.32354821 32416485.32464162 32416774.32572751
 32417065.32682093 32417353.32790307 32417644.32899648 32417932.33007862]"	0.0	0.0	0.0
2805.554493990467	2.0	trials	5.0	0.0	0.0	0.0	0.0	0.0	True	40.0	0.0	0.005	"[32479806.56256576 32480097.56365918 32480386.56474507 32480676.56583472
 32480965.56692062 32481256.56801403 32481545.56909993 32481835.57018958
 32482123.57127172 32482414.57236513 32482703.57345103 32482992.57453693
 32483282.57562658 32483571.57671248 32483862.57780589 32484152.57889555
 32484442.5799852  32484730.58106734 32485021.58216075 32485311.58325041]"	0.0	0.0	0.0
2810.996936840016	2.0	trials	5.0	0.0	0.0	0.0	0.0	0.0	True	40.0	0.0	0.005	"[32542797.79924995 32543086.80033585 32543377.80142927 32543666.80251516
 32543956.80360482 32544245.80469071 32544535.80578037 32544824.80686627
 32545114.80795591 32545403.80904182 32545694.81013522 32545984.81122488
 32546273.81231077 32546562.81339667 32546852.81448632 32547142.81557598
 32547432.81666564 32547721.81775153 32548011.81884119 32548301.81993084]"	0.0	0.0	0.0
2816.653825295328	2.0	trials	5.0	0.0	0.0	0.0	0.0	0.0	True	40.0	0.0	0.005	"[32608270.04525632 32608562.04635349 32608851.04743939 32609139.04852153
 32609430.04961494 32609720.0507046  32610009.05179049 32610299.05288015
 32610587.05396229 32610877.05505195 32611169.05614912 32611457.05723125
 32611747.05832091 32612037.05941056 32612326.06049646 32612616.06158611
 32612906.06267577 32613195.06376167 32613485.06485131 32613774.06593721]"	0.0	0.0	0.0
2823.9856704441568	2.0	trials	5.0	0.0	0.0	0.0	0.0	0.0	True	40.0	0.0	0.005	"[32693131.36411548 32693421.36520514 32693710.36629103 32694000.36738069
 32694289.36846659 32694579.36955624 32694869.3706459  32695159.37173555
 32695448.37282145 32695738.3739111  32696028.37500076 32696316.37608289
 32696607.37717631 32696897.37826596 32697186.37935186 32697475.38043776
 32697765.38152741 32698055.38261707 32698344.38370296 32698635.38479637]"	0.0	0.0	0.0
2833.555111200574	2.0	trials	5.0	0.0	0.0	0.0	0.0	0.0	True	40.0	0.0	0.005	"[32803887.78027326 32804177.78136291 32804468.78245632 32804756.78353846
 32805046.78462812 32805336.78571777 32805625.78680367 32805914.78788957
 32806204.78897922 32806494.79006888 32806785.79116229 32807074.79224818
 32807363.79333408 32807653.79442374 32807942.79550963 32808232.79659928
 32808521.79768518 32808812.79877859 32809101.79986449 32809392.8009579 ]"	0.0	0.0	0.0
2843.101483070312	2.0	trials	5.0	0.0	0.0	0.0	0.0	0.0	True	40.0	0.0	0.005	"[32914378.19543155 32914668.19652121 32914958.19761087 32915246.198693
 32915536.19978266 32915826.20087231 32916116.20196197 32916405.20304787
 32916694.20413376 32916985.20522717 32917273.20630931 32917564.20740272
 32917854.20849238 32918144.20958203 32918432.21066417 32918722.21175383
 32919012.21284348 32919302.21393314 32919592.21502279 32919882.21611244]"	0.0	0.0	0.0
2849.9235663037507	2.0	trials	5.0	0.0	0.0	0.0	0.0	0.0	True	40.0	0.0	0.005	"[32993338.49211812 32993628.49320778 32993918.49429743 32994206.49537957
 32994497.49647298 32994785.49755512 32995076.49864854 32995365.49973443
 32995655.50082409 32995944.50190998 32996234.50299964 32996525.50409305
 32996813.50517519 32997103.50626485 32997394.50735825 32997682.50844039
 32997971.50952629 32998262.5106197  32998551.5117056  32998841.51279525]"	0.0	0.0	0.0
2859.6080058922676	2.0	trials	5.0	0.0	0.0	0.0	0.0	0.0	True	40.0	0.0	0.005	"[33105425.91327703 33105715.9143667  33106004.91545259 33106295.916546
 33106584.91763189 33106874.91872155 33107163.91980745 33107453.9208971
 33107743.92198676 33108033.92307641 33108322.92416231 33108612.92525196
 33108901.92633786 33109190.92742376 33109480.92851341 33109770.92960307
 33110060.93069272 33110350.93178238 33110640.93287203 33110928.93395417]"	0.0	0.0	0.0
2866.86770677002	2.0	trials	5.0	0.0	0.0	0.0	0.0	0.0	True	40.0	0.0	0.005	"[33189450.22899123 33189739.23007713 33190029.23116678 33190318.23225268
 33190609.23334609 33190898.23443199 33191188.23552163 33191477.23660754
 33191768.23770094 33192057.23878685 33192346.23987274 33192635.24095863
 33192926.24205205 33193215.24313794 33193504.24422384 33193794.2453135
 33194084.24640315 33194375.24749657 33194663.2485787  33194954.24967211]"	0.0	0.0	0.0
2874.0442041351416	2.0	trials	5.0	0.0	0.0	0.0	0.0	0.0	True	40.0	0.0	0.005	"[33272511.54108701 33272801.54217666 33273091.54326632 33273381.54435598
 33273670.54544187 33273960.54653153 33274250.54762118 33274539.54870708
 33274829.54979673 33275119.55088639 33275408.55197229 33275697.55305818
 33275987.55414784 33276278.55524125 33276567.55632714 33276856.55741304
 33277145.55849894 33277436.55959235 33277725.56067824 33278014.56176414]"	0.0	0.0	0.0
2880.9915678393118	2.0	trials	5.0	0.0	0.0	0.0	0.0	0.0	True	40.0	0.0	0.005	"[33352920.84321809 33353210.84430775 33353501.84540116 33353789.8464833
 33354079.84757296 33354369.84866261 33354658.84974851 33354947.85083441
 33355237.85192406 33355527.85301372 33355816.85409961 33356107.85519303
 33356396.85627892 33356685.85736481 33356975.85845447 33357265.85954412
 33357554.86063002 33357845.86172343 33358134.86280933 33358423.86389522]"	0.0	0.0	0.0
2891.7021840836064	2.0	trials	5.0	0.0	0.0	0.0	0.0	0.0	True	40.0	0.0	0.005	"[33476886.30900775 33477177.31010116 33477466.31118705 33477756.31227671
 33478045.31336261 33478335.31445226 33478624.31553815 33478914.31662782
 33479204.31771746 33479493.31880337 33479783.31989301 33480073.32098268
 33480363.32207233 33480653.32316198 33480942.32424788 33481231.32533377
 33481521.32642343 33481810.32750932 33482101.32860273 33482390.32968863]"	0.0	0.0	0.0
2897.4681097486164	2.0	trials	5.0	0.0	0.0	0.0	0.0	0.0	True	40.0	0.0	0.005	"[33543622.55976351 33543911.5608494  33544201.56193906 33544490.56302496
 33544781.56411837 33545069.56520051 33545359.56629016 33545650.56738358
 33545939.56846947 33546228.56955537 33546518.57064502 33546806.57172716
 33547098.57282433 33547386.57390647 33547676.57499613 33547966.57608578
 33548256.57717543 33548545.57826133 33548834.57934723 33549124.58043689]"	0.0	0.0	0.0
2902.761944039781	2.0	trials	5.0	0.0	0.0	0.0	0.0	0.0	True	40.0	0.0	0.005	"[33604892.78998116 33605182.79107082 33605472.79216047 33605761.79324637
 33606051.79433603 33606341.79542568 33606630.79651158 33606919.79759748
 33607210.79869089 33607499.79977679 33607789.80086643 33608078.80195233
 33608368.80304199 33608658.80413164 33608948.8052213  33609237.8063072
 33609527.80739685 33609817.8084865  33610106.8095724  33610396.81066205]"	0.0	0.0	0.0
2913.2661499085043	2.0	trials	5.0	0.0	0.0	0.0	0.0	0.0	True	40.0	0.0	0.005	"[33726469.24679432 33726758.24788021 33727048.24896987 33727339.25006328
 33727628.25114918 33727918.25223883 33728207.25332472 33728497.25441439
 33728786.25550028 33729077.2565937  33729365.25767583 33729656.25876924
 33729945.25985514 33730235.26094479 33730524.26203069 33730814.26312035
 33731103.26420625 33731393.2652959  33731683.26638556 33731973.26747521]"	0.0	0.0	0.0
2924.0428624011497	2.0	trials	5.0	0.0	0.0	0.0	0.0	0.0	True	40.0	0.0	0.005	"[33851200.71546216 33851489.71654806 33851779.71763771 33852068.7187236
 33852357.7198095  33852648.72090291 33852937.72198881 33853228.72308223
 33853517.72416812 33853806.72525401 33854096.72634367 33854385.72742957
 33854675.72851922 33854964.72960512 33855254.73069478 33855543.73178067
 33855833.73287033 33856123.73395998 33856412.73504587 33856702.73613553]"	0.0	0.0	0.0
2933.2036296220085	2.0	trials	5.0	0.0	0.0	0.0	0.0	0.0	True	40.0	0.0	0.005	"[33957227.11384729 33957517.11493695 33957808.11603036 33958097.11711626
 33958387.11820591 33958677.11929557 33958965.1203777  33959255.12146736
 33959545.12255701 33959835.12364666 33960124.12473256 33960414.12582222
 33960703.12690812 33960993.12799778 33961283.12908743 33961572.13017332
 33961862.13126297 33962152.13235263 33962442.13344228 33962730.13452443]"	0.0	0.0	0.0
2941.310917684503	2.0	trials	5.0	0.0	0.0	0.0	0.0	0.0	True	40.0	0.0	0.005	"[34051062.46642561 34051351.46751151 34051642.46860493 34051932.46969458
 34052221.47078048 34052510.47186638 34052800.47295603 34053090.47404568
 34053379.47513158 34053668.47621748 34053958.47730713 34054248.47839679
 34054537.47948268 34054827.48057234 34055117.48166199 34055406.48274788
 34055697.4838413  34055986.48492719 34056276.48601685 34056565.48710275]"	0.0	0.0	0.0
2946.8901322479605	2.0	trials	5.0	0.0	0.0	0.0	0.0	0.0	True	40.0	0.0	0.005	"[34115635.70905406 34115925.71014372 34116214.71122961 34116504.71231926
 34116793.71340516 34117084.71449857 34117373.71558447 34117663.71667413
 34117953.71776378 34118242.71884968 34118532.71993934 34118822.72102898
 34119110.72211112 34119400.72320078 34119689.72428668 34119979.72537633
 34120268.72646223 34120560.7275594  34120848.72864153 34121138.72973119]"	0.0	0.0	0.0
2954.3357666243437	2.0	trials	5.0	0.0	0.0	0.0	0.0	0.0	True	40.0	0.0	0.005	"[34201812.03285424 34202102.03394389 34202392.03503354 34202681.03611945
 34202971.03720909 34203260.03829499 34203550.03938465 34203840.0404743
 34204130.04156396 34204420.04265361 34204708.04373575 34204998.0448254
 34205287.0459113  34205578.04700471 34205869.04809812 34206157.04918026
 34206447.05026992 34206737.05135957 34207026.05244547 34207316.05353513]"	0.0	0.0	0.0
2965.1542968741164	2.0	trials	5.0	0.0	0.0	0.0	0.0	0.0	True	40.0	0.0	0.005	"[34327027.50334067 34327317.50443033 34327606.50551622 34327896.50660588
 34328185.50769178 34328475.50878143 34328765.50987109 34329055.51096074
 34329343.51204288 34329633.51313253 34329923.51422219 34330213.51531184
 34330502.51639774 34330792.51748739 34331081.51857328 34331371.51966295
 34331660.52074884 34331951.52184226 34332240.52292815 34332529.52401404]"	0.0	0.0	0.0
2971.9644568627546	2.0	trials	5.0	0.0	0.0	0.0	0.0	0.0	True	40.0	0.0	0.005	"[34405848.79950497 34406137.80059086 34406427.80168051 34406716.80276641
 34407006.80385606 34407295.80494196 34407585.80603161 34407875.80712127
 34408165.80821092 34408455.80930058 34408744.81038647 34409034.81147613
 34409323.81256202 34409612.81364792 34409902.81473758 34410191.81582347
 34410481.81691313 34410771.81800278 34411060.81908868 34411351.82018209]"	0.0	0.0	0.0
2977.214486189325	2.0	trials	5.0	0.0	0.0	0.0	0.0	0.0	True	40.0	0.0	0.005	"[34466612.0278176  34466901.02890349 34467192.02999691 34467482.03108656
 34467770.0321687  34468061.03326212 34468350.03434801 34468639.03543391
 34468929.03652357 34469220.03761698 34469508.03869911 34469798.03978877
 34470088.04087842 34470378.04196808 34470667.04305398 34470958.04414739
 34471247.04523329 34471536.04631918 34471825.04740507 34472116.04849849]"	0.0	0.0	0.0
2988.146892066976	2.0	trials	5.0	0.0	0.0	0.0	0.0	0.0	True	40.0	0.0	0.005	"[34593145.50325633 34593434.50434222 34593724.50543188 34594013.50651778
 34594304.50761119 34594592.50869333 34594883.50978674 34595172.51087263
 34595462.51196229 34595751.51304819 34596041.51413784 34596331.5152275
 34596620.51631339 34596910.51740305 34597200.5184927  34597490.51958236
 34597779.52066825 34598067.52175039 34598359.52284756 34598648.52393346]"	0.0	0.0	0.0
2997.4227445202587	2.0	trials	5.0	0.0	0.0	0.0	0.0	0.0	True	40.0	0.0	0.005	"[34700504.90665012 34700793.90773601 34701083.90882567 34701372.90991157
 34701662.91100121 34701951.91208712 34702240.91317301 34702531.91426643
 34702820.91535232 34703111.91644573 34703400.91753163 34703689.91861752
 34703980.91971094 34704269.92079683 34704558.92188273 34704847.92296863
 34705137.92405828 34705427.92514794 34705716.92623383 34706006.92732349]"	0.0	0.0	0.0
3003.9209993369386	2.0	trials	5.0	0.0	0.0	0.0	0.0	0.0	True	40.0	0.0	0.005	"[34775714.18924257 34776005.19033598 34776294.19142188 34776584.19251153
 34776874.19360119 34777163.19468708 34777454.1957805  34777742.19686264
 34778031.19794853 34778322.19904195 34778611.20012784 34778901.20121749
 34779190.20230339 34779480.20339305 34779769.20447895 34780059.2055686
 34780350.20666201 34780639.20774791 34780929.20883756 34781218.20992345]"	0.0	0.0	0.0
3013.3544459823684	2.0	trials	5.0	0.0	0.0	0.0	0.0	0.0	True	40.0	0.0	0.005	"[34884899.59949742 34885187.60057956 34885478.60167298 34885767.60275887
 34886057.60384852 34886347.60493818 34886636.60602408 34886926.60711373
 34887215.60819963 34887504.60928553 34887795.61037894 34888085.61146859
 34888374.61255448 34888663.61364038 34888954.6147338  34889243.61581969
 34889532.61690559 34889822.61799525 34890111.61908114 34890401.6201708 ]"	0.0	0.0	0.0
3019.370327786569	2.0	trials	5.0	0.0	0.0	0.0	0.0	0.0	True	40.0	0.0	0.005	"[34954527.86111967 34954816.86220556 34955105.86329146 34955396.86438487
 34955686.86547453 34955975.86656043 34956263.86764257 34956553.86873222
 34956843.86982188 34957133.87091153 34957422.87199742 34957713.87309084
 34958002.87417673 34958292.87526639 34958581.87635229 34958872.8774457
 34959161.8785316  34959451.87962124 34959741.88071091 34960029.88179304]"	0.0	0.0	0.0
3029.7624724342313	2.0	trials	5.0	0.0	0.0	0.0	0.0	0.0	True	40.0	0.0	0.005	"[35074806.31305568 35075095.31414158 35075385.31523123 35075675.31632089
 35075964.31740678 35076254.31849644 35076543.31958234 35076833.32067199
 35077123.32176165 35077412.32284754 35077702.32393719 35077993.32503061
 35078282.3261165  35078572.32720616 35078572.32720616 35078860.32828829
 35079150.32937796 35079440.3304676  35079730.33155726 35080020.33264691]"	0.0	0.0	0.0
3038.2285810449653	2.0	trials	5.0	0.0	0.0	0.0	0.0	0.0	True	40.0	0.0	0.005	"[35080310.33373657 35172794.68123861 35173083.6823245  35173374.68341792
 35173662.68450005 35173953.68559346 35174241.6866756  35174532.68776901
 35174821.68885491 35175111.68994457 35175400.69103047 35175691.69212388
 35175980.69320977 35176269.69429567 35176559.69538533 35176849.69647498
 35177138.69756088 35177428.69865053 35177717.69973642 35178008.70082984]"	0.0	0.0	0.0
3047.696933421552	2.0	trials	5.0	0.0	0.0	0.0	0.0	0.0	True	40.0	0.0	0.005	"[35178298.70191949 35282381.09300019 35282670.09408608 35282961.0951795
 35283249.09626164 35283539.09735129 35283830.09844471 35284120.09953436
 35284409.10062025 35284697.10170238 35284989.10279956 35285278.10388545
 35285567.10497136 35285856.10605726 35286146.1071469  35286437.10824032
 35286725.10932246 35287016.11041587 35287305.11150176 35287594.11258766]"	0.0	0.0	0.0
3052.8395671445915	2.0	trials	5.0	0.0	0.0	0.0	0.0	0.0	True	40.0	0.0	0.005	"[35287884.11367732 35341904.31665362 35342192.31773575 35342483.31882916
 35342772.31991506 35343062.32100472 35343351.32209062 35343641.32318027
 35343931.32426992 35344220.32535582 35344510.32644547 35344798.32752761
 35345089.32862103 35345379.32971068 35345668.33079658 35345958.33188623
 35346248.33297589 35346538.33406554 35346827.33515143 35347116.33623733]"	0.0	0.0	0.0
3061.610928102287	2.0	trials	5.0	0.0	0.0	0.0	0.0	0.0	True	40.0	0.0	0.005	"[35347406.33732699 35443422.69810026 35443713.69919367 35444001.70027582
 35444292.70136923 35444581.70245513 35444871.70354478 35445160.70463067
 35445450.70572033 35445740.70680998 35446029.70789588 35446320.70898929
 35446609.71007519 35446899.71116484 35447188.71225074 35447477.71333664
 35447768.71443005 35448057.71551594 35448347.7166056  35448635.71768774]"	0.0	0.0	0.0
3071.720716489018	2.0	trials	5.0	0.0	0.0	0.0	0.0	0.0	True	40.0	0.0	0.005	"[35448927.71878491 35560435.13776451 35560724.13885041 35561014.13994006
 35561303.14102596 35561593.14211561 35561883.14320527 35562172.14429116
 35562463.14538458 35562751.14646672 35563042.14756013 35563332.14864978
 35563620.14973192 35563909.15081782 35564200.15191124 35564490.15300088
 35564779.15408678 35565070.15518019 35565358.15626233 35565647.15734823]"	0.0	0.0	0.0
3080.2174108146755	2.0	trials	5.0	0.0	0.0	0.0	0.0	0.0	True	40.0	0.0	0.005	"[35565937.15843789 35658775.50727005 35659064.50835595 35659355.50944936
 35659645.51053901 35659933.51162115 35660223.51271081 35660514.51380421
 35660804.51489387 35661093.51597977 35661382.51706567 35661672.51815532
 35661961.51924121 35662252.52033463 35662541.52142052 35662830.52250642
 35663120.52359608 35663410.52468573 35663699.52577163 35663989.52686128]"	0.0	0.0	0.0
3086.8710134150615	2.0	trials	5.0	0.0	0.0	0.0	0.0	0.0	True	40.0	0.0	0.005	"[35664277.52794342 35735784.79662587 35736074.79771553 35736364.79880518
 35736653.79989108 35736943.80098074 35737233.80207039 35737521.80315253
 35737812.80424594 35738102.8053356  35738391.8064215  35738680.8075074
 35738970.80859704 35739259.80968294 35739549.8107726  35739839.81186225
 35740129.81295191 35740418.8140378  35740708.81512745 35740997.81621335]"	0.0	0.0	0.0
3097.4452899470703	2.0	trials	5.0	0.0	0.0	0.0	0.0	0.0	True	40.0	0.0	0.005	"[35741288.81730676 35858172.2564863  35858462.25757595 35858753.25866937
 35859042.25975526 35859330.26083741 35859622.26193457 35859910.26301672
 35860201.26411013 35860490.26519603 35860779.26628192 35861069.26737157
 35861358.26845747 35861648.26954713 35861937.27063302 35862228.27172644
 35862517.27281233 35862807.27390198 35863097.27499164 35863386.27607753]"	0.0	0.0	0.0
3108.005310425513	2.0	trials	5.0	0.0	0.0	0.0	0.0	0.0	True	40.0	0.0	0.005	"[35863675.27716344 35980395.71573051 35980684.71681641 35980974.71790607
 35981263.71899196 35981553.72008161 35981843.72117127 35982132.72225717
 35982421.72334306 35982712.72443648 35983001.72552237 35983290.72660827
 35983580.72769792 35983869.72878382 35984160.72987723 35984448.73095937
 35984738.73204903 35985029.73314244 35985319.7342321  35985609.73532175]"	0.0	0.0	0.0
3114.351068669198	2.0	trials	5.0	0.0	0.0	0.0	0.0	0.0	True	40.0	0.0	0.005	"[35985897.73640388 36053841.99169862 36054130.99278452 36054419.99387041
 36054710.99496382 36054999.99604972 36055289.99713938 36055579.99822903
 36055867.99931117 36056159.00040459 36056449.00149424 36056739.0025839
 36057028.00366979 36057318.00475945 36057608.00584909 36057896.00693124
 36058186.00802089 36058477.0091143  36058766.0102002  36059056.01128986]"	0.0	0.0	0.0
3120.4724452697874	2.0	trials	5.0	0.0	0.0	0.0	0.0	0.0	True	40.0	0.0	0.005	"[36059345.01237575 36124691.25790869 36124980.25899458 36125269.26008048
 36125559.26117014 36125849.26225979 36126138.26334569 36126429.2644391
 36126718.26552499 36127008.26661465 36127296.26769679 36127587.26879021
 36127877.26987986 36128165.270962   36128455.27205165 36128745.2731413
 36129035.27423096 36129325.27532061 36129615.27641026 36129904.27749616]"	0.0	0.0	0.0
3126.2498621779746	2.0	trials	5.0	0.0	0.0	0.0	0.0	0.0	True	40.0	0.0	0.005	"[36130193.27858207 36191559.50916043 36191848.51024633 36192138.51133598
 36192426.51241812 36192717.51351153 36193007.51460119 36193296.51568709
 36193586.51677674 36193875.51786263 36194165.51895229 36194454.52003819
 36194744.52112784 36195034.5222175  36195324.52330715 36195613.52439305
 36195902.52547894 36196193.52657235 36196483.52766201 36196771.52874415]"	0.0	0.0	0.0
3135.3301042962667	2.0	trials	5.0	0.0	0.0	0.0	0.0	0.0	True	40.0	0.0	0.005	"[36197062.52983756 36296652.90403988 36296943.9051333  36297233.90622295
 36297522.90730885 36297812.9083985  36298101.90948439 36298391.91057406
 36298681.9116637  36298971.91275337 36299260.91383926 36299550.91492892
 36299840.91601857 36300129.91710446 36300420.91819788 36300708.91928001
 36300998.92036967 36301287.92145556 36301577.92254522 36301866.92363112]"	0.0	0.0	0.0
3173.2184610587738	2.0	trials	6.0	0.0	0.0	0.0	0.0	0.0	True	40.0	0.0	0.005	"[36302156.92472077 36735178.55176255 36735466.5528447  36735756.55393434
 36736045.55502024 36736336.55611366 36736625.55719955 36736915.55828921
 36737204.5593751  36737493.560461   36737784.56155441 36738074.56264406
 36738363.56372996 36738654.56482337 36738942.56590551 36739232.56699517
 36739521.56808107 36739812.56917447 36740100.57025661 36740390.57134628]"	0.0	0.0	0.0
3180.904461138312	2.0	trials	6.0	0.0	0.0	0.0	0.0	0.0	True	40.0	0.0	0.005	"[36740680.57243592 36824135.88601214 36824424.88709804 36824714.88818768
 36825004.88927735 36825293.89036324 36825583.89145289 36825872.89253879
 36826163.8936322  36826451.89471434 36826742.89580776 36827031.89689365
 36827320.89797954 36827611.89907296 36827900.90015885 36828190.90124851
 36828479.90233441 36828770.90342782 36829059.90451372 36829348.90559961]"	0.0	0.0	0.0
3187.8404199996294	2.0	trials	6.0	0.0	0.0	0.0	0.0	0.0	True	40.0	0.0	0.005	"[36829637.90668551 36904412.18764348 36904703.18873689 36904992.18982279
 36905282.19091245 36905572.1920021  36905862.19309176 36906151.19417765
 36906440.19526354 36906730.1963532  36907019.1974391  36907310.19853251
 36907599.19961841 36907888.20070431 36908178.20179396 36908468.20288362
 36908758.20397327 36909047.20505916 36909337.20614882 36909626.20723472]"	0.0	0.0	0.0
3197.8968129857312	2.0	trials	6.0	0.0	0.0	0.0	0.0	0.0	True	40.0	0.0	0.005	"[36909916.20832437 37020805.62498189 37021095.62607154 37021384.62715743
 37021674.62824709 37021964.62933674 37022253.63042264 37022544.63151605
 37022832.63259819 37023123.6336916  37023412.6347775  37023701.6358634
 37023990.63694929 37024280.63803895 37024571.63913236 37024860.64021826
 37025150.64130791 37025439.64239381 37025729.64348347 37026018.64456936]"	0.0	0.0	0.0
3205.7871498330487	2.0	trials	6.0	0.0	0.0	0.0	0.0	0.0	True	40.0	0.0	0.005	"[37026308.64565901 37112129.9681253  37112419.96921495 37112709.97030461
 37112997.97138675 37113288.97248016 37113577.97356606 37113865.9746482
 37114155.97573785 37114446.97683126 37114735.97791716 37115025.97900682
 37115314.98009271 37115604.98118237 37115894.98227202 37116183.98335792
 37116473.98444757 37116763.98553722 37117053.98662688 37117342.98771278]"	0.0	0.0	0.0
3215.02705975128	2.0	trials	6.0	0.0	0.0	0.0	0.0	0.0	True	40.0	0.0	0.005	"[37117632.98880243 37219072.36995224 37219363.37104566 37219653.3721353
 37219942.37322121 37220231.3743071  37220520.375393   37220810.37648265
 37221100.37757231 37221390.37866196 37221679.37974787 37221969.38083751
 37222260.38193093 37222548.38301307 37222839.38410648 37223128.38519237
 37223417.38627827 37223706.38736417 37223997.38845758 37224287.38954724]"	0.0	0.0	0.0
3225.364685794093	2.0	trials	6.0	0.0	0.0	0.0	0.0	0.0	True	40.0	0.0	0.005	"[37224577.39063689 37338721.81952483 37339010.82061073 37339300.82170038
 37339589.82278628 37339878.82387217 37340168.82496183 37340458.82605149
 37340749.82714489 37341038.82823079 37341327.82931669 37341617.83040635
 37341906.83149224 37342196.83258189 37342485.83366779 37342775.83475744
 37343065.8358471  37343354.83693299 37343645.83802641 37343934.8391123 ]"	0.0	0.0	0.0
3235.720887906704	2.0	trials	6.0	0.0	0.0	0.0	0.0	0.0	True	40.0	0.0	0.005	"[37344224.84020196 37458584.26989775 37458874.27098741 37459163.2720733
 37459454.27316671 37459743.27425261 37460033.27534226 37460323.27643192
 37460612.27751782 37460902.27860747 37461192.27969713 37461481.28078302
 37461770.28186892 37462060.28295857 37462350.28404823 37462639.28513412
 37462930.28622754 37463218.28730968 37463508.28839933 37463797.28948522]"	0.0	0.0	0.0
3245.702631012316	2.0	trials	6.0	0.0	0.0	0.0	0.0	0.0	True	40.0	0.0	0.005	"[37464088.29057863 37574114.70399349 37574403.70507938 37574693.70616904
 37574983.70725869 37575272.70834459 37575562.70943424 37575851.71052014
 37576141.7116098  37576430.7126957  37576721.71378911 37577011.71487876
 37577300.71596465 37577590.71705431 37577880.71814396 37578169.71922986
 37578460.72032327 37578748.72140542 37579038.72249507 37579327.72358096]"	0.0	0.0	0.0
3252.1072278770816	2.0	trials	6.0	0.0	0.0	0.0	0.0	0.0	True	40.0	0.0	0.005	"[37579617.72467062 37648241.9825204  37648531.98361006 37648820.98469596
 37649110.98578561 37649400.98687527 37649689.98796117 37649979.98905081
 37650268.99013671 37650558.99122637 37650847.99231226 37651137.99340192
 37651427.99449157 37651717.99558123 37652006.99666713 37652295.99775302
 37652586.99884643 37652875.99993233 37653165.00101823 37653456.00211164]"	0.0	0.0	0.0
3259.482013987258	2.0	trials	6.0	0.0	0.0	0.0	0.0	0.0	True	40.0	0.0	0.005	"[37653745.00319754 37733598.30323949 37733888.30432914 37734178.3054188
 37734466.30650094 37734756.3075906  37735046.30868024 37735336.3097699
 37735626.31085955 37735915.31194545 37736205.31303511 37736494.31412101
 37736784.31521066 37737073.31629656 37737363.31738621 37737653.31847586
 37737942.31956176 37738233.32065517 37738522.32174107 37738811.32282697]"	0.0	0.0	0.0
3265.0489597046167	2.0	trials	6.0	0.0	0.0	0.0	0.0	0.0	True	40.0	0.0	0.005	"[37739102.32392038 37798030.54533814 37798319.54642403 37798610.54751745
 37798899.54860334 37799189.549693   37799478.5507789  37799768.55186854
 37800058.55295821 37800347.5540441  37800636.55513    37800926.55621965
 37801217.55731306 37801505.5583952  37801796.55948862 37802085.56057451
 37802375.56166416 37802664.56275006 37802954.56383972 37803244.56492937]"	0.0	0.0	0.0
3273.472559355627	2.0	trials	6.0	0.0	0.0	0.0	0.0	0.0	True	40.0	0.0	0.005	"[37803532.56601151 37895524.9116649  37895814.91275454 37896104.91384421
 37896393.9149301  37896683.91601975 37896973.9171094  37897263.91819905
 37897552.91928496 37897842.92037461 37898131.92146051 37898421.92255016
 37898711.92363982 37899001.92472947 37899289.92581161 37899579.92690127
 37899869.92799091 37900159.92908058 37900449.93017022 37900737.93125237]"	0.0	0.0	0.0
3284.5131384397305	2.0	trials	6.0	0.0	0.0	0.0	0.0	0.0	True	40.0	0.0	0.005	"[37901028.93234578 38023310.39180792 38023599.39289381 38023889.39398347
 38024179.39507312 38024468.39615902 38024758.39724868 38025048.39833833
 38025337.39942423 38025627.40051388 38025916.40159978 38026207.40269319
 38026496.40377909 38026785.40486498 38027075.40595464 38027365.40704429
 38027655.40813395 38027944.40921985 38028234.41030949 38028524.41139916]"	0.0	0.0	0.0
3292.169157606618	2.0	trials	6.0	0.0	0.0	0.0	0.0	0.0	True	40.0	0.0	0.005	"[38028813.41248506 38111921.72475743 38112211.72584709 38112499.72692923
 38112790.72802264 38113079.72910853 38113368.73019443 38113658.73128408
 38113949.7323775  38114238.73346339 38114527.73454929 38114817.73563895
 38115106.73672485 38115396.7378145  38115686.73890415 38115975.73999005
 38116265.7410797  38116555.74216936 38116844.74325525 38117134.74434491]"	0.0	0.0	0.0
3303.089726639793	2.0	trials	6.0	0.0	0.0	0.0	0.0	0.0	True	40.0	0.0	0.005	"[38117424.74543457 38238316.19967388 38238607.20076729 38238897.20185695
 38239185.20293909 38239475.20402873 38239765.20511839 38240054.20620429
 38240344.20729394 38240635.20838735 38240923.2094695  38241213.21055914
 38241503.21164881 38241793.21273845 38242082.21382435 38242372.21491401
 38242661.2159999  38242951.21708956 38243240.21817546 38243530.21926511]"	0.0	0.0	0.0
3310.2536959578415	2.0	trials	6.0	0.0	0.0	0.0	0.0	0.0	True	40.0	0.0	0.005	"[38243820.22035477 38321233.5112286  38321523.51231825 38321812.51340415
 38322102.5144938  38322392.51558345 38322682.51667311 38322970.51775525
 38323261.51884866 38323550.51993456 38323840.52102421 38324130.52211387
 38324419.52319976 38324709.52428941 38324999.52537907 38325288.52646497
 38325578.52755462 38325868.52864428 38326157.52973018 38326447.53081983]"	0.0	0.0	0.0
3321.125708008568	2.0	trials	6.0	0.0	0.0	0.0	0.0	0.0	True	40.0	0.0	0.005	"[38326736.53190573 38447065.98403336 38447356.98512677 38447645.98621267
 38447935.98730233 38448225.98839198 38448514.98947788 38448803.99056377
 38449093.99165343 38449382.99273933 38449673.99383274 38449962.99491864
 38450251.99600453 38450542.99709795 38450831.99818384 38451120.99926974
 38451411.00035939 38451701.00144904 38451990.00253494 38452281.00362835]"	0.0	0.0	0.0
3330.179943629142	2.0	trials	6.0	0.0	0.0	0.0	0.0	0.0	True	40.0	0.0	0.005	"[38452569.0047105  38551860.37778935 38552150.378879   38552439.3799649
 38552729.38105456 38553020.38214796 38553308.38323011 38553599.38432351
 38553888.38540941 38554178.38649907 38554467.38758496 38554758.38867838
 38555046.38976052 38555336.39085017 38555626.39193983 38555916.39302948
 38556206.39411913 38556495.39520503 38556784.39629093 38557074.39738058]"	0.0	0.0	0.0
3337.861796493098	2.0	trials	6.0	0.0	0.0	0.0	0.0	0.0	True	40.0	0.0	0.005	"[38557364.39847024 38640772.71186984 38641061.71295574 38641350.71404164
 38641639.71512754 38641929.7162172  38642219.71730684 38642508.71839274
 38642799.71948615 38643088.72057205 38643379.72166546 38643667.7227476
 38643957.72383726 38644247.72492691 38644536.72601281 38644826.72710247
 38645116.72819212 38645405.72927801 38645695.73036767 38645984.73145357]"	0.0	0.0	0.0
3347.970029673985	2.0	trials	6.0	0.0	0.0	0.0	0.0	0.0	True	40.0	0.0	0.005	"[38646273.73253947 38757765.15145895 38758054.15254484 38758344.1536345
 38758634.15472415 38758923.15581004 38759212.15689594 38759503.15798936
 38759792.15907525 38760082.16016492 38760372.16125456 38760661.16234046
 38760950.16342636 38761240.16451601 38761530.16560566 38761819.16669156
 38762109.16778122 38762399.16887087 38762688.16995677 38762979.17105018]"	0.0	0.0	0.0
3357.90623980851	2.0	trials	6.0	0.0	0.0	0.0	0.0	0.0	True	40.0	0.0	0.005	"[38763267.17213231 38872766.58356701 38873057.58466041 38873347.58575007
 38873636.58683597 38873926.58792562 38874215.58901152 38874506.59010493
 38874795.59119083 38875083.59227297 38875374.59336638 38875663.59445228
 38875953.59554193 38876243.59663159 38876532.59771748 38876821.59880338
 38877112.59989679 38877401.60098269 38877690.60206859 38877980.60315824]"	0.0	0.0	0.0
3365.2919987599153	2.0	trials	6.0	0.0	0.0	0.0	0.0	0.0	True	40.0	0.0	0.005	"[38878270.6042479  38958249.90476329 38958540.90585669 38958829.90694259
 38959119.90803225 38959407.90911439 38959697.91020404 38959988.91129746
 38960277.91238335 38960566.91346924 38960856.9145589  38961147.91565231
 38961435.91673446 38961725.9178241  38962014.91891    38962305.92000341
 38962594.92108931 38962884.92217897 38963174.92326862 38963463.92435452]"	0.0	0.0	0.0
3374.9108605020283	2.0	trials	6.0	0.0	0.0	0.0	0.0	0.0	True	40.0	0.0	0.005	"[38963753.92544417 39069580.32307782 39069870.32416748 39070159.32525337
 39070449.32634303 39070739.32743268 39071028.32851858 39071318.32960823
 39071607.33069413 39071896.33178003 39072187.33287343 39072476.33395934
 39072765.33504523 39073055.33613488 39073344.33722078 39073635.33831419
 39073925.33940385 39074213.34048599 39074504.3415794  39074792.34266154]"	0.0	0.0	0.0
3382.553833219895	2.0	trials	6.0	0.0	0.0	0.0	0.0	0.0	True	40.0	0.0	0.005	"[39075082.34375119 39158039.65545621 39158328.65654211 39158619.65763552
 39158908.65872142 39159197.65980731 39159487.66089696 39159777.66198661
 39160066.66307251 39160357.66416592 39160646.66525182 39160936.66634148
 39161225.66742738 39161515.66851703 39161804.66960292 39162095.67069633
 39162385.67178599 39162673.67286813 39162963.67395779 39163253.67504744]"	0.0	0.0	0.0
3387.9300934207677	2.0	trials	6.0	0.0	0.0	0.0	0.0	0.0	True	40.0	0.0	0.005	"[39163542.67613334 39220265.88926597 39220554.89035186 39220844.89144152
 39221133.89252742 39221423.89361707 39221713.89470672 39222002.89579262
 39222291.89687852 39222581.89796817 39222871.89905783 39223160.90014372
 39223450.90123338 39223739.90231927 39224029.90340892 39224320.90450234
 39224609.90558823 39224899.90667789 39225188.90776379 39225477.90884969]"	0.0	0.0	0.0
3393.8222499600797	2.0	trials	6.0	0.0	0.0	0.0	0.0	0.0	True	40.0	0.0	0.005	"[39225767.90993934 39288461.14550381 39288751.14659347 39289040.14767937
 39289330.14876903 39289620.14985868 39289909.15094458 39290199.15203423
 39290489.15312388 39290779.15421354 39291067.15529567 39291358.15638909
 39291648.15747874 39291937.15856464 39292226.15965053 39292516.16074019
 39292805.16182609 39293096.16291949 39293385.1640054  39293674.16509129]"	0.0	0.0	0.0
3403.8786429461825	2.0	trials	6.0	0.0	0.0	0.0	0.0	0.0	True	40.0	0.0	0.005	"[39293964.16618095 39404854.58284222 39405144.58393187 39405433.58501777
 39405723.58610742 39406012.58719332 39406302.58828297 39406592.58937262
 39406882.59046228 39407171.59154817 39407462.59264159 39407751.59372748
 39408041.59481715 39408329.59589928 39408620.59699269 39408909.59807859
 39409199.59916824 39409488.60025414 39409778.60134379 39410068.60243345]"	0.0	0.0	0.0
3410.898323722078	2.0	trials	6.0	0.0	0.0	0.0	0.0	0.0	True	40.0	0.0	0.005	"[39410358.60352311 39486102.88812578 39486391.88921168 39486681.89030133
 39486969.89138348 39487260.89247689 39487550.89356654 39487839.89465243
 39488128.89573833 39488418.89682799 39488707.89791388 39488998.8990073
 39489287.9000932  39489576.90117909 39489866.90226875 39490156.90335839
 39490445.9044443  39490736.9055377  39491024.90661985 39491315.90771326]"	0.0	0.0	0.0
3418.5305827996885	2.0	trials	6.0	0.0	0.0	0.0	0.0	0.0	True	40.0	0.0	0.005	"[39491604.90879916 39574437.22003449 39574728.2211279  39575017.2222138
 39575307.22330346 39575596.22438935 39575886.225479   39576175.22656491
 39576465.22765455 39576755.22874421 39577044.22983011 39577334.23091976
 39577624.23200942 39577913.23309531 39578203.23418497 39578492.23527086
 39578783.23636428 39579072.23745017 39579362.23853983 39579651.23962573]"	0.0	0.0	0.0
3425.766091586541	2.0	trials	6.0	0.0	0.0	0.0	0.0	0.0	True	40.0	0.0	0.005	"[39579941.24071538 39658181.5346966  39658471.53578626 39658761.53687591
 39659050.5379618  39659339.5390477  39659629.54013736 39659918.54122326
 39660209.54231666 39660499.54340632 39660788.54449221 39661078.54558187
 39661367.54666777 39661657.54775742 39661946.54884332 39662236.54993297
 39662526.55102263 39662816.55211229 39663105.55319818 39663395.55428784]"	0.0	0.0	0.0
3432.1445091529413	2.0	trials	6.0	0.0	0.0	0.0	0.0	0.0	True	40.0	0.0	0.005	"[39663684.55537373 39732005.81208502 39732295.81317467 39732585.81426433
 39732874.81535022 39733164.81643987 39733454.81752953 39733744.81861918
 39734033.81970508 39734323.82079474 39734612.82188064 39734902.82297029
 39735191.82405619 39735480.82514209 39735771.82623549 39736060.8273214
 39736350.82841104 39736640.82950071 39736929.8305866  39737219.83167625]"	0.0	0.0	0.0
3442.428134992853	2.0	trials	6.0	0.0	0.0	0.0	0.0	0.0	True	40.0	0.0	0.005	"[39737509.83276591 39851030.25930921 39851319.26039511 39851610.26148852
 39851899.26257442 39852188.26366031 39852478.26474997 39852767.26583587
 39853057.26692552 39853348.26801893 39853637.26910483 39853927.27019449
 39854216.27128038 39854506.27237003 39854795.27345593 39855084.27454183
 39855375.27563524 39855664.27672113 39855954.2778108  39856243.27889669]"	0.0	0.0	0.0
3451.056330612616	2.0	trials	6.0	0.0	0.0	0.0	0.0	0.0	True	40.0	0.0	0.005	"[39856533.27998634 39950892.63453356 39951182.63562321 39951471.63670911
 39951762.63780252 39952050.63888466 39952340.63997431 39952630.64106397
 39952920.64215362 39953209.64323952 39953499.64432918 39953789.64541883
 39954078.64650472 39954367.64759062 39954658.64868403 39954947.64976993
 39955237.65085959 39955527.65194924 39955816.65303513 39956106.65412479]"	0.0	0.0	0.0
3458.7002537340536	2.0	trials	6.0	0.0	0.0	0.0	0.0	0.0	True	40.0	0.0	0.005	"[39956395.65521068 40039363.96695703 40039653.96804668 40039943.96913634
 40040233.97022599 40040522.97131189 40040812.97240155 40041102.9734912
 40041391.9745771  40041681.97566675 40041971.9767564  40042260.9778423
 40042550.97893196 40042839.98001786 40043129.98110751 40043419.98219717
 40043708.98328306 40043998.98437271 40044287.98545861 40044577.98654827]"	0.0	0.0	0.0
3469.806669865535	2.0	trials	6.0	0.0	0.0	0.0	0.0	0.0	True	40.0	0.0	0.005	"[40044867.98763792 40167911.44996322 40168201.45105287 40168490.45213877
 40168780.45322842 40169070.45431808 40169359.45540398 40169649.45649363
 40169938.45757953 40170228.45866918 40170517.45975508 40170807.46084473
 40171097.46193439 40171387.46302404 40171676.46410993 40171966.4651996
 40172256.46628924 40172545.46737514 40172834.46846104 40173124.46955069]"	0.0	0.0	0.0
3475.1467283303823	2.0	trials	6.0	0.0	0.0	0.0	0.0	0.0	True	40.0	0.0	0.005	"[40173414.47064035 40229717.68219486 40230007.68328451 40230296.68437041
 40230585.68545631 40230875.68654596 40231164.68763185 40231454.68872152
 40231745.68981492 40232034.69090082 40232323.69198672 40232613.69307637
 40232902.69416226 40233191.69524817 40233481.69633782 40233772.69743123
 40234062.69852088 40234351.69960678 40234640.70069268 40234929.70177858]"	0.0	0.0	0.0
3485.4613718868404	2.0	trials	6.0	0.0	0.0	0.0	0.0	0.0	True	40.0	0.0	0.005	"[40235220.70287199 40349100.13076421 40349390.13185387 40349680.13294352
 40349969.13402942 40350259.13511907 40350548.13620497 40350837.13729087
 40351127.13838052 40351417.13947017 40351707.14055982 40351997.14164948
 40352286.14273538 40352575.14382128 40352865.14491093 40353154.14599682
 40353444.14708648 40353734.14817613 40354023.14926203 40354313.1503517 ]"	0.0	0.0	0.0
3492.211742850826	2.0	trials	6.0	0.0	0.0	0.0	0.0	0.0	True	40.0	0.0	0.005	"[40354602.15143759 40427229.42432836 40427519.42541802 40427808.42650391
 40428098.42759357 40428386.4286757  40428677.42976911 40428965.43085126
 40429256.43194467 40429546.43303432 40429835.43412022 40430125.43520988
 40430415.43629953 40430704.43738542 40430994.43847508 40431283.43956097
 40431572.44064687 40431862.44173653 40432153.44282994 40432442.44391584]"	0.0	0.0	0.0
3498.870615871015	2.0	trials	6.0	0.0	0.0	0.0	0.0	0.0	True	40.0	0.0	0.005	"[40432732.44500549 40504299.71391339 40504588.71499929 40504878.71608894
 40505168.7171786  40505457.71826449 40505747.71935415 40506037.7204438
 40506327.72153345 40506616.72261935 40506906.72370901 40507196.72479866
 40507485.72588456 40507775.72697421 40508064.72806011 40508353.72914601
 40508644.73023941 40508932.73132156 40509223.73241497 40509512.73350087]"	0.0	0.0	0.0
3506.359191208745	2.0	trials	6.0	0.0	0.0	0.0	0.0	0.0	True	40.0	0.0	0.005	"[40509802.73459052 40590973.03958101 40591264.04067442 40591552.04175656
 40591841.04284246 40592132.04393587 40592421.04502176 40592710.04610766
 40593001.04720107 40593289.04828322 40593580.04937662 40593869.05046252
 40594159.05155218 40594449.05264183 40594738.05372773 40595027.05481362
 40595317.05590328 40595607.05699293 40595897.05808259 40596186.05916848]"	0.0	0.0	0.0
3512.8686780676276	2.0	trials	6.0	0.0	0.0	0.0	0.0	0.0	True	40.0	0.0	0.005	"[40596475.06025438 40666313.32266569 40666603.32375535 40666893.32484499
 40667183.32593465 40667472.32702054 40667762.3281102  40668052.32919985
 40668341.33028575 40668631.33137541 40668920.3324613  40669210.33355096
 40669500.33464061 40669789.33572651 40670079.33681616 40670368.33790206
 40670658.33899172 40670948.34008137 40671237.34116726 40671527.34225692]"	0.0	0.0	0.0
3522.0331605024467	2.0	trials	6.0	0.0	0.0	0.0	0.0	0.0	True	40.0	0.0	0.005	"[40671816.34334282 40772384.7212199  40772674.72230956 40772963.72339546
 40773253.72448511 40773542.72557101 40773832.72666067 40774121.72774656
 40774412.72883997 40774701.72992587 40774990.73101176 40775281.73210518
 40775570.73319107 40775859.73427697 40776149.73536663 40776439.73645628
 40776728.73754217 40777018.73863183 40777307.73971773 40777597.74080738]"	0.0	0.0	0.0
3528.342889810756	2.0	trials	6.0	0.0	0.0	0.0	0.0	0.0	True	40.0	0.0	0.005	"[40777888.74190079 40845413.99562117 40845703.99671082 40845992.99779672
 40846281.99888261 40846572.99997603 40846862.00106192 40847151.00214782
 40847441.00323748 40847731.00432713 40848020.00541303 40848310.00650268
 40848600.00759234 40848889.00867824 40849179.00976788 40849469.01085754
 40849759.01194719 40850049.01303685 40850338.01412275 40850627.01520865]"	0.0	0.0	0.0
3536.192186503868	2.0	trials	6.0	0.0	0.0	0.0	0.0	0.0	True	40.0	0.0	0.005	"[40850917.0162983  40936262.33697606 40936551.33806195 40936842.33915536
 40937131.34024125 40937420.34132715 40937709.34241305 40938000.34350646
 40938288.34458861 40938579.34568201 40938868.34676791 40939158.34785756
 40939448.34894722 40939737.35003312 40940027.35112277 40940317.35221243
 40940607.35330208 40940896.35438798 40941186.35547763 40941475.35656353]"	0.0	0.0	0.0
3543.840688842511	2.0	trials	6.0	0.0	0.0	0.0	0.0	0.0	True	40.0	0.0	0.005	"[40941765.35765318 41024785.66959491 41025075.67068457 41025365.67177422
 41025654.67286012 41025944.67394977 41026233.67503567 41026523.67612533
 41026812.67721123 41027102.67830087 41027392.67939053 41027681.68047643
 41027971.68156607 41028261.68265574 41028551.68374538 41028840.68483128
 41029130.68592094 41029420.68701059 41029709.68809649 41029998.68918239]"	0.0	0.0	0.0
3552.978819178314	2.0	trials	6.0	0.0	0.0	0.0	0.0	0.0	True	40.0	0.0	0.005	"[41030288.69027204 41130552.06700312 41130841.06808902 41131131.06917867
 41131421.07026833 41131710.07135422 41132000.07244388 41132290.07353353
 41132579.07461942 41132869.07570907 41133158.07679497 41133447.07788087
 41133737.07897053 41134027.08006018 41134316.08114608 41134606.08223573
 41134896.08332539 41135186.08441504 41135476.0855047  41135765.08659059]"	0.0	0.0	0.0
3558.2210724756665	2.0	trials	6.0	0.0	0.0	0.0	0.0	0.0	True	40.0	0.0	0.005	"[41136054.0876765  41191225.29497759 41191516.296071   41191804.29715314
 41192095.29824656 41192384.29933245 41192674.3004221  41192964.30151176
 41193252.3025939  41193543.30368731 41193832.30477321 41194122.30586286
 41194412.30695251 41194702.30804217 41194991.30912806 41195280.31021397
 41195570.31130362 41195860.31239328 41196150.31348293 41196439.31456883]"	0.0	0.0	0.0
3567.2707288790357	2.0	trials	6.0	0.0	0.0	0.0	0.0	0.0	True	40.0	0.0	0.005	"[41196729.31565848 41295967.68853819 41296256.68962409 41296547.69071749
 41296836.6918034  41297125.69288929 41297416.69398271 41297704.69506484
 41297994.6961545  41298284.69724414 41298573.69833004 41298864.69942345
 41299153.70050935 41299442.70159525 41299732.70268491 41300022.70377456
 41300311.70486046 41300602.70595387 41300891.70703977 41301181.70812941]"	0.0	0.0	0.0
3575.9451486724815	2.0	trials	6.0	0.0	0.0	0.0	0.0	0.0	True	40.0	0.0	0.005	"[41301470.70921531 41396365.06577276 41396654.06685866 41396945.06795207
 41397233.0690342  41397524.07012761 41397813.07121351 41398103.07230316
 41398393.07339282 41398682.07447872 41398973.07557213 41399261.07665427
 41399551.07774393 41399841.07883358 41400130.07991948 41400420.08100913
 41400710.08209878 41401000.08318844 41401289.08427434 41401578.08536023]"	0.0	0.0	0.0
3618.3084374491928	2.0	trials	7.0	0.0	0.0	0.0	0.0	0.0	True	40.0	0.0	0.005	"[41401868.08644989 41886680.90809266 41886970.90918231 41887260.91027196
 41887549.91135786 41887839.91244751 41888129.91353717 41888419.91462682
 41888708.91571272 41888997.91679861 41889287.91788828 41889577.91897792
 41889867.92006759 41890156.92115348 41890445.92223937 41890736.92333279
 41891025.92441868 41891315.92550834 41891604.92659424 41891894.92768389]"	0.0	0.0	0.0
3624.9910705586585	2.0	trials	7.0	0.0	0.0	0.0	0.0	0.0	True	40.0	0.0	0.005	"[41892183.92876979 41964026.19871098 41964316.19980063 41964606.20089029
 41964895.20197618 41965185.20306583 41965475.20415549 41965764.20524139
 41966053.20632729 41966343.20741694 41966633.2085066  41966923.20959625
 41967212.21068215 41967502.2117718  41967791.2128577  41968081.21394735
 41968371.21503701 41968660.2161229  41968950.21721256 41969240.21830221]"	0.0	0.0	0.0
3632.6378448908085	2.0	trials	7.0	0.0	0.0	0.0	0.0	0.0	True	40.0	0.0	0.005	"[41969529.2193881  42052530.53125845 42052820.5323481  42053110.53343776
 42053400.53452741 42053690.53561707 42053979.53670296 42054268.53778886
 42054558.53887852 42054848.53996817 42055137.54105406 42055427.54214372
 42055717.54323337 42056007.54432303 42056296.54540893 42056585.54649482
 42056876.54758824 42057165.54867413 42057455.54976378 42057744.55084968]"	0.0	0.0	0.0
3639.537688416426	2.0	trials	7.0	0.0	0.0	0.0	0.0	0.0	True	40.0	0.0	0.005	"[42058034.55193934 42132389.83132295 42132680.83241636 42132969.83350226
 42133259.83459191 42133548.83567781 42133838.83676746 42134128.83785711
 42134417.83894302 42134707.84003267 42134997.84112233 42135286.84220822
 42135575.84329411 42135866.84438752 42136156.84547718 42136445.84656308
 42136734.84764898 42137023.84873488 42137314.84982828 42137603.85091418]"	0.0	0.0	0.0
3650.2935784308324	2.0	trials	7.0	0.0	0.0	0.0	0.0	0.0	True	40.0	0.0	0.005	"[42137892.85200008 42256879.29908149 42257169.30017114 42257459.3012608
 42257748.3023467  42258038.30343635 42258328.30452601 42258618.30561566
 42258907.30670156 42259196.30778745 42259486.3088771  42259775.30996301
 42260065.31105266 42260355.31214231 42260645.31323197 42260935.31432162
 42261224.31540751 42261514.31649717 42261803.31758307 42262093.31867272]"	0.0	0.0	0.0
3658.6875427704904	2.0	trials	7.0	0.0	0.0	0.0	0.0	0.0	True	40.0	0.0	0.005	"[42262382.31975862 42354031.66412321 42354321.66521285 42354611.66630252
 42354900.66738841 42355190.66847806 42355479.66956396 42355770.67065737
 42356058.67173951 42356349.67283292 42356638.67391882 42356928.67500848
 42357218.67609813 42357507.67718402 42357796.67826992 42358087.67936333
 42358376.68044923 42358665.68153513 42358956.68262853 42359245.68371444]"	0.0	0.0	0.0
3668.941792500024	2.0	trials	7.0	0.0	0.0	0.0	0.0	0.0	True	40.0	0.0	0.005	"[42359535.68480409 42472716.11006987 42473005.11115576 42473295.11224543
 42473584.11333132 42473874.11442098 42474163.11550687 42474454.11660028
 42474742.11768242 42475032.11877207 42475323.11986549 42475612.12095138
 42475902.12204104 42476191.12312694 42476480.12421283 42476770.12530249
 42477060.12639214 42477350.1274818  42477639.12856769 42477929.12965735]"	0.0	0.0	0.0
3674.5277462888034	2.0	trials	7.0	0.0	0.0	0.0	0.0	0.0	True	40.0	0.0	0.005	"[42478218.13074325 42537368.35299516 42537658.3540848  42537947.3551707
 42538236.3562566  42538527.35735001 42538816.35843591 42539105.35952181
 42539395.36061146 42539684.36169735 42539974.36278702 42540264.36387666
 42540554.36496633 42540844.36605597 42541133.36714187 42541423.36823153
 42541712.36931743 42542002.37040707 42542291.37149297 42542581.37258263]"	0.0	0.0	0.0
3685.052169833493	2.0	trials	7.0	0.0	0.0	0.0	0.0	0.0	True	40.0	0.0	0.005	"[42542870.37366852 42659177.81068379 42659466.81176969 42659757.8128631
 42660047.81395275 42660335.81503489 42660626.8161283  42660916.81721795
 42661205.81830385 42661494.81938975 42661784.8204794  42662074.82156906
 42662363.82265496 42662653.82374461 42662943.82483426 42663233.82592392
 42663522.82700981 42663813.82810322 42664101.82918537 42664391.83027501]"	0.0	0.0	0.0
3695.3426212990516	2.0	trials	7.0	0.0	0.0	0.0	0.0	0.0	True	40.0	0.0	0.005	"[42664680.83136092 42778281.25820482 42778570.25929072 42778859.26037661
 42779149.26146626 42779439.26255592 42779729.26364557 42780018.26473147
 42780308.26582112 42780597.26690702 42780887.26799668 42781177.26908633
 42781466.27017223 42781756.27126188 42782046.27235153 42782335.27343743
 42782625.27452709 42782914.27561298 42783204.27670264 42783493.27778853]"	0.0	0.0	0.0
3704.084001344097	2.0	trials	7.0	0.0	0.0	0.0	0.0	0.0	True	40.0	0.0	0.005	"[42783783.27887819 42879454.63835515 42879744.63944481 42880032.64052695
 42880323.64162035 42880613.64271002 42880901.64379215 42881192.64488556
 42881481.64597146 42881770.64705735 42882060.64814701 42882350.64923666
 42882639.65032256 42882929.65141221 42883220.65250563 42883509.65359153
 42883799.65468118 42884087.65576332 42884377.65685297 42884667.65794263]"	0.0	0.0	0.0
3709.525493790075	2.0	trials	7.0	0.0	0.0	0.0	0.0	0.0	True	40.0	0.0	0.005	"[42884957.65903228 42942434.87499801 42942722.87608016 42943013.87717357
 42943302.87825947 42943592.87934911 42943882.88043877 42944171.88152467
 42944461.88261432 42944751.88370398 42945040.88478987 42945330.88587952
 42945619.88696542 42945909.88805508 42946199.88914473 42946489.89023439
 42946778.89132028 42947068.89240994 42947358.89349959 42947647.89458548]"	0.0	0.0	0.0
3716.6297604837955	2.0	trials	7.0	0.0	0.0	0.0	0.0	0.0	True	40.0	0.0	0.005	"[42947936.89567138 43024660.18395259 43024949.18503848 43025239.18612814
 43025528.18721403 43025818.18830369 43026108.18939334 43026398.190483
 43026687.1915689  43026977.19265854 43027267.19374821 43027556.1948341
 43027845.19592    43028135.19700965 43028424.19809555 43028714.1991852
 43029004.20027485 43029293.20136075 43029583.2024504  43029873.20354006]"	0.0	0.0	0.0
3725.743871529348	2.0	trials	7.0	0.0	0.0	0.0	0.0	0.0	True	40.0	0.0	0.005	"[43030163.20462972 43130146.58030871 43130436.58139836 43130724.58248051
 43131015.58357392 43131305.58466357 43131594.58574947 43131885.58684288
 43132174.58792878 43132463.58901467 43132753.59010433 43133042.59119023
 43133333.59228364 43133621.59336578 43133911.59445543 43134202.59554885
 43134491.59663474 43134781.59772439 43135070.59881029 43135359.59989619]"	0.0	0.0	0.0
3734.948184513826	2.0	trials	7.0	0.0	0.0	0.0	0.0	0.0	True	40.0	0.0	0.005	"[43135649.60098584 43236677.98059135 43236968.98168476 43237256.9827669
 43237546.98385655 43237836.98494621 43238126.98603586 43238415.98712176
 43238705.98821142 43238995.98930107 43239285.99039073 43239574.99147662
 43239864.99256627 43240153.99365216 43240443.99474183 43240733.99583147
 43241022.99691738 43241312.99800703 43241602.99909668 43241892.00018258]"	0.0	0.0	0.0
3741.710133121314	2.0	trials	7.0	0.0	0.0	0.0	0.0	0.0	True	40.0	0.0	0.005	"[43242182.00127223 43314942.27466275 43315231.27574865 43315521.2768383
 43315810.27792419 43316100.27901385 43316390.2801035  43316679.2811894
 43316969.28227905 43317258.28336495 43317549.28445837 43317838.28554426
 43318128.28663392 43318417.28771981 43318707.28880947 43318997.28989912
 43319287.29098878 43319576.29207468 43319866.29316433 43320155.29425022]"	0.0	0.0	0.0
3746.8596788703258	2.0	trials	7.0	0.0	0.0	0.0	0.0	0.0	True	40.0	0.0	0.005	"[43320445.29533987 43374542.4986055  43374832.49969515 43375121.50078105
 43375411.50187071 43375701.50296036 43375991.50405002 43376280.50513591
 43376569.50622181 43376859.50731146 43377149.50840112 43377439.50949077
 43377728.51057667 43378018.51166633 43378307.51275222 43378598.51384564
 43378887.51493153 43379176.51601742 43379466.51710708 43379755.51819298]"	0.0	0.0	0.0
3755.546021908572	2.0	trials	7.0	0.0	0.0	0.0	0.0	0.0	True	40.0	0.0	0.005	"[43380045.51928263 43475078.87636235 43475368.87745201 43475657.8785379
 43475947.87962756 43476237.88071721 43476526.88180311 43476816.88289277
 43477106.88398241 43477395.88506832 43477685.88615797 43477975.88724762
 43478265.88833728 43478554.88942318 43478844.89051283 43479133.89159872
 43479422.89268462 43479712.89377427 43480002.89486393 43480291.89594983]"	0.0	0.0	0.0
3766.4188115622205	2.0	trials	7.0	0.0	0.0	0.0	0.0	0.0	True	40.0	0.0	0.005	"[43480581.89703949 43600921.3492047  43601211.35029435 43601500.35138024
 43601790.3524699  43602080.35355955 43602370.35464921 43602659.35573511
 43602948.356821   43603239.35791442 43603528.35900031 43603818.36008997
 43604108.36117962 43604396.36226176 43604687.36335517 43604976.36444107
 43605266.36553072 43605555.36661662 43605845.36770628 43606134.36879218]"	0.0	0.0	0.0
3775.4362406444975	2.0	trials	7.0	0.0	0.0	0.0	0.0	0.0	True	40.0	0.0	0.005	"[43606425.36988559 43705290.74136377 43705579.74244967 43705869.74353933
 43706158.74462523 43706449.74571864 43706739.74680829 43707028.74789418
 43707317.74898008 43707607.75006974 43707897.75115938 43708186.75224528
 43708476.75333494 43708765.75442084 43709055.75551049 43709345.75660015
 43709634.75768604 43709925.75877945 43710214.75986535 43710504.76095501]"	0.0	0.0	0.0
3784.1627598337045	2.0	trials	7.0	0.0	0.0	0.0	0.0	0.0	True	40.0	0.0	0.005	"[43710793.76204091 43806292.12086783 43806581.12195373 43806871.12304338
 43807160.12412928 43807450.12521893 43807740.12630858 43808028.12739073
 43808318.12848038 43808608.12957004 43808898.13065969 43809188.13174935
 43809478.132839   43809768.13392865 43810056.13501079 43810347.1361042
 43810636.1371901  43810925.138276   43811216.13936941 43811505.14045531]"	0.0	0.0	0.0
3792.4704102490446	2.0	trials	7.0	0.0	0.0	0.0	0.0	0.0	True	40.0	0.0	0.005	"[43811796.14154872 43902445.48215587 43902734.48324177 43903024.48433142
 43903313.48541732 43903603.48650698 43903893.48759663 43904182.48868252
 43904471.48976842 43904762.49086183 43905051.49194773 43905341.49303739
 43905630.49412329 43905920.49521293 43906209.49629883 43906500.49739224
 43906789.49847814 43907079.49956779 43907369.50065745 43907657.50173959]"	0.0	0.0	0.0
3797.8401904255693	2.0	trials	7.0	0.0	0.0	0.0	0.0	0.0	True	40.0	0.0	0.005	"[43907948.502833   43964594.71567631 43964883.71676221 43965174.71785562
 43965463.71894152 43965753.72003116 43966043.72112082 43966332.72220672
 43966622.72329637 43966912.72438603 43967201.72547193 43967490.72655782
 43967780.72764748 43968070.72873713 43968359.72982302 43968649.73091269
 43968940.73200609 43969228.73308823 43969518.73417789 43969808.73526754]"	0.0	0.0	0.0
3805.580536309307	2.0	trials	7.0	0.0	0.0	0.0	0.0	0.0	True	40.0	0.0	0.005	"[43970097.73635343 44054182.05229307 44054472.05338273 44054761.05446862
 44055051.05555828 44055340.05664418 44055630.05773383 44055920.05882348
 44056209.05990938 44056499.06099904 44056789.06208869 44057079.06317835
 44057368.06426425 44057658.0653539  44057947.06643979 44058237.06752945
 44058526.06861534 44058816.069705   44059106.07079465 44059396.07188431]"	0.0	0.0	0.0
3812.126484105189	2.0	trials	7.0	0.0	0.0	0.0	0.0	0.0	True	40.0	0.0	0.005	"[44059685.0729702  44129945.33696715 44130235.3380568  44130525.33914646
 44130815.34023611 44131105.34132577 44131393.3424079  44131684.34350131
 44131973.34458721 44132263.34567686 44132552.34676276 44132842.34785242
 44133131.34893832 44133421.35002797 44133710.35111386 44134000.35220352
 44134290.35329317 44134580.35438283 44134870.35547248 44135159.35655838]"	0.0	0.0	0.0
3817.8988033942223	2.0	trials	7.0	0.0	0.0	0.0	0.0	0.0	True	40.0	0.0	0.005	"[44135449.35764804 44196755.58800095 44197045.58909061 44197334.59017651
 44197624.59126616 44197913.59235206 44198203.59344172 44198492.59452761
 44198783.59562103 44199073.59671067 44199362.59779657 44199652.59888623
 44199941.59997212 44200231.60106178 44200521.60215143 44200810.60323733
 44201099.60432322 44201390.60541664 44201679.60650253 44201968.60758843]"	0.0	0.0	0.0
3825.18632517651	2.0	trials	7.0	0.0	0.0	0.0	0.0	0.0	True	40.0	0.0	0.005	"[44202259.60868184 44281100.90492128 44281390.90601094 44281679.90709683
 44281970.90819025 44282259.90927614 44282549.9103658  44282839.91145544
 44283128.91254134 44283418.913631   44283708.91472065 44283996.9158028
 44284286.91689245 44284576.9179821  44284865.91906799 44285156.92016141
 44285445.92124731 44285735.92233696 44286025.92342662 44286314.92451251]"	0.0	0.0	0.0
3834.1967558324905	2.0	trials	7.0	0.0	0.0	0.0	0.0	0.0	True	40.0	0.0	0.005	"[44286603.92559841 44385388.29677225 44385678.2978619  44385968.29895156
 44386257.30003746 44386547.30112711 44386837.30221676 44387126.30330266
 44387416.30439231 44387706.30548197 44387996.30657162 44388285.30765752
 44388574.30874342 44388864.30983307 44389154.31092273 44389443.31200862
 44389734.31310203 44390023.31418793 44390313.31527758 44390602.31636348]"	0.0	0.0	0.0
3843.675303447385	2.0	trials	7.0	0.0	0.0	0.0	0.0	0.0	True	40.0	0.0	0.005	"[44390892.31745314 44495093.70898096 44495383.71007062 44495673.71116028
 44495962.71224617 44496252.71333583 44496542.71442548 44496832.71551514
 44497121.71660103 44497411.71769068 44497701.71878034 44497990.71986623
 44498280.72095589 44498569.72204179 44498859.72313144 44499149.7242211
 44499439.72531075 44499727.72639289 44500018.7274863  44500307.7285722 ]"	0.0	0.0	0.0
3854.440438296528	2.0	trials	7.0	0.0	0.0	0.0	0.0	0.0	True	40.0	0.0	0.005	"[44500597.72966185 44619690.17714155 44619980.1782312  44620269.1793171
 44620559.18040676 44620849.18149641 44621138.18258231 44621428.18367197
 44621718.18476161 44622007.18584751 44622296.18693341 44622587.18802682
 44622876.18911272 44623166.19020237 44623455.19128827 44623745.19237792
 44624035.19346758 44624324.19455348 44624614.19564313 44624904.19673278]"	0.0	0.0	0.0
3860.6426856009825	2.0	trials	7.0	0.0	0.0	0.0	0.0	0.0	True	40.0	0.0	0.005	"[44625194.19782244 44691475.44686858 44691764.44795447 44692054.44904412
 44692344.45013378 44692634.45122343 44692923.45230933 44693213.45339898
 44693502.45448488 44693792.45557453 44694082.45666419 44694372.45775384
 44694661.45883974 44694951.45992939 44695241.46101905 44695530.46210495
 44695820.46319459 44696109.4642805  44696399.46537015 44696688.46645604]"	0.0	0.0	0.0
3867.3330947396666	2.0	trials	7.0	0.0	0.0	0.0	0.0	0.0	True	40.0	0.0	0.005	"[44696979.46754946 44768911.73782882 44769200.73891471 44769490.74000438
 44769779.74109027 44770069.74217992 44770359.74326958 44770649.74435923
 44770938.74544513 44771227.74653102 44771517.74762068 44771807.74871033
 44772096.74979623 44772386.75088588 44772676.75197554 44772966.75306519
 44773255.75415109 44773545.75524075 44773834.75632665 44774125.75742006]"	0.0	0.0	0.0
3876.075165987308	2.0	trials	7.0	0.0	0.0	0.0	0.0	0.0	True	40.0	0.0	0.005	"[44774414.75850596 44870092.11800545 44870382.11909511 44870672.12018477
 44870961.12127066 44871250.12235656 44871540.12344621 44871830.12453587
 44872119.12562177 44872409.12671142 44872699.12780108 44872989.12889072
 44873278.12997663 44873568.13106628 44873857.13215218 44874147.13324183
 44874437.13433149 44874726.13541738 44875016.13650703 44875306.13759669]"	0.0	0.0	0.0
3886.983034172761	2.0	trials	7.0	0.0	0.0	0.0	0.0	0.0	True	40.0	0.0	0.005	"[44875595.13868258 44996341.59237707 44996630.59346297 44996921.59455638
 44997210.59564228 44997500.59673194 44997789.59781783 44998078.59890372
 44998368.59999339 44998658.60108303 44998948.60217269 44999237.60325859
 44999527.60434824 44999817.6054379  45000106.60652379 45000395.60760969
 45000685.60869934 45000976.60979275 45001264.6108749  45001555.61196831]"	0.0	0.0	0.0
3895.1312759891357	2.0	trials	7.0	0.0	0.0	0.0	0.0	0.0	True	40.0	0.0	0.005	"[45001844.61305421 45090648.9467289  45090938.94781855 45091228.94890822
 45091517.94999411 45091807.95108376 45092096.95216966 45092386.95325931
 45092676.95434897 45092965.95543487 45093255.95652452 45093544.95761041
 45093834.95870008 45094124.95978972 45094413.96087562 45094703.96196528
 45094993.96305493 45095282.96414082 45095572.96523048 45095862.96632013]"	0.0	0.0	0.0
3902.036821936179	2.0	trials	7.0	0.0	0.0	0.0	0.0	0.0	True	40.0	0.0	0.005	"[45096152.96740979 45170575.24704515 45170865.2481348  45171154.2492207
 45171444.25031035 45171734.25140001 45172023.25248591 45172313.25357556
 45172602.25466146 45172893.25575487 45173182.25684077 45173471.25792667
 45173761.25901632 45174051.26010597 45174340.26119187 45174630.26228152
 45174920.26337118 45175209.26445707 45175499.26554672 45175788.26663262]"	0.0	0.0	0.0
3908.540779174285	2.0	trials	7.0	0.0	0.0	0.0	0.0	0.0	True	40.0	0.0	0.005	"[45176079.26772604 45245851.52988935 45246142.53098276 45246431.53206866
 45246721.53315832 45247010.53424422 45247300.53533386 45247590.53642353
 45247880.53751317 45248169.53859907 45248458.53968497 45248748.54077462
 45249038.54186428 45249328.54295393 45249617.54403983 45249906.54512572
 45250196.54621538 45250486.54730503 45250775.54839093 45251066.54948434]"	0.0	0.0	0.0
3919.647627307389	2.0	trials	7.0	0.0	0.0	0.0	0.0	0.0	True	40.0	0.0	0.005	"[45251355.55057023 45374404.01291433 45374693.01400023 45374982.01508612
 45375273.01617954 45375562.01726543 45375852.01835509 45376141.01944098
 45376431.02053063 45376721.02162029 45377010.02270619 45377300.02379584
 45377590.0248855  45377879.02597139 45378169.02706105 45378458.02814694
 45378748.0292366  45379037.03032249 45379327.03141215 45379616.03249805]"	0.0	0.0	0.0
3926.919251429942	2.0	trials	7.0	0.0	0.0	0.0	0.0	0.0	True	40.0	0.0	0.005	"[45379907.03359146 45458566.32914704 45458855.33023294 45459145.33132259
 45459435.33241225 45459725.3335019  45460015.33459156 45460303.3356737
 45460594.33676711 45460882.33784924 45461173.33894265 45461461.3400248
 45461752.34111822 45462041.34220411 45462331.34329376 45462621.34438342
 45462911.34547307 45463201.34656273 45463490.34764862 45463779.34873452]"	0.0	0.0	0.0
3934.9552592246064	2.0	trials	7.0	0.0	0.0	0.0	0.0	0.0	True	40.0	0.0	0.005	"[45464068.34982041 45551574.67861797 45551864.67970763 45552153.68079352
 45552443.68188317 45552732.68296908 45553023.68406248 45553312.68514839
 45553601.68623428 45553892.6873277  45554181.68841359 45554471.68950325
 45554760.69058914 45555050.69167879 45555339.69276469 45555630.6938581
 45555919.694944   45556209.69603365 45556499.69712331 45556788.6982092 ]"	0.0	0.0	0.0
3945.8692618331092	2.0	trials	7.0	0.0	0.0	0.0	0.0	0.0	True	40.0	0.0	0.005	"[45557077.6992951  45677895.15325636 45678184.15434226 45678474.15543191
 45678763.15651782 45679053.15760747 45679343.15869713 45679632.15978302
 45679922.16087268 45680211.16195857 45680501.16304822 45680791.16413788
 45681080.16522378 45681370.16631343 45681660.16740309 45681949.16848898
 45682239.16957863 45682529.17066829 45682818.17175419 45683108.17284384]"	0.0	0.0	0.0
3952.638640868516	2.0	trials	7.0	0.0	0.0	0.0	0.0	0.0	True	40.0	0.0	0.005	"[45683397.17392974 45756244.44764715 45756534.4487368  45756823.44982269
 45757113.45091236 45757402.45199825 45757692.4530879  45757982.45417756
 45758272.45526721 45758561.45635311 45758851.45744276 45759141.45853242
 45759430.45961832 45759720.46070797 45760009.46179387 45760299.46288352
 45760589.46397318 45760878.46505907 45761168.46614873 45761458.46723837]"	0.0	0.0	0.0
3962.7941350269825	2.0	trials	7.0	0.0	0.0	0.0	0.0	0.0	True	40.0	0.0	0.005	"[45761747.46832428 45873783.88929155 45874073.89038122 45874362.89146712
 45874652.89255676 45874941.89364266 45875231.89473231 45875521.89582197
 45875810.89690787 45876100.89799752 45876390.89908718 45876679.90017308
 45876969.90126273 45877259.90235239 45877548.90343828 45877839.90453169
 45878129.90562134 45878417.90670349 45878708.9077969  45878997.9088828 ]"	0.0	0.0	0.0
3973.4862616018036	2.0	trials	7.0	0.0	0.0	0.0	0.0	0.0	True	40.0	0.0	0.005	"[45879286.90996869 45997536.35428087 45997825.35536678 45998115.35645643
 45998404.35754233 45998694.35863198 45998983.35971788 45999273.36080753
 45999562.36189343 45999852.36298309 46000142.36407273 46000431.36515863
 46000722.36625204 46001011.36733794 46001300.36842384 46001590.36951349
 46001880.37060315 46002169.37168904 46002459.3727787  46002748.3738646 ]"	0.0	0.0	0.0
3979.773958827329	2.0	trials	7.0	0.0	0.0	0.0	0.0	0.0	True	40.0	0.0	0.005	"[46003039.37495801 46070309.62772024 46070599.62880988 46070889.62989955
 46071178.63098544 46071468.6320751  46071758.63316475 46072047.63425065
 46072336.63533654 46072626.6364262  46072916.63751585 46073205.63860175
 46073496.63969516 46073785.64078106 46074074.64186696 46074365.64296037
 46074654.64404626 46074943.64513216 46075234.64622557 46075523.64731147]"	0.0	0.0	0.0
3986.6135813266706	2.0	trials	7.0	0.0	0.0	0.0	0.0	0.0	True	40.0	0.0	0.005	"[46075812.64839737 46149471.9251658  46149761.92625546 46150050.92734136
 46150340.92843101 46150630.92952067 46150920.93061032 46151209.93169622
 46151498.93278211 46151788.93387177 46152077.93495766 46152368.93605108
 46152658.93714073 46152947.93822663 46153236.93931253 46153527.94040594
 46153816.94149183 46154106.94258149 46154395.94366739 46154685.94475704]"	0.0	0.0	0.0
3995.517825983666	2.0	trials	7.0	0.0	0.0	0.0	0.0	0.0	True	40.0	0.0	0.005	"[46154975.94584669 46252531.31240265 46252820.31348855 46253110.31457821
 46253399.3156641  46253690.31675752 46253979.31784341 46254269.31893306
 46254558.32001896 46254848.32110861 46255138.32219827 46255428.32328792
 46255717.32437382 46256007.32546347 46256297.32655313 46256586.32763903
 46256875.32872492 46257165.32981458 46257455.33090423 46257744.33199013]"	0.0	0.0	0.0
4006.4020204801664	2.0	trials	7.0	0.0	0.0	0.0	0.0	0.0	True	40.0	0.0	0.005	"[46258033.33307603 46378505.78574098 46378795.78683063 46379084.78791653
 46379374.78900618 46379663.79009208 46379953.79118174 46380243.79227139
 46380532.79335728 46380821.79444318 46381112.79553659 46381401.79662249
 46381691.79771215 46381980.79879805 46382270.79988769 46382559.80097359
 46382849.80206324 46383138.80314914 46383428.8042388  46383717.8053247 ]"	0.0	0.0	0.0
4016.260815923811	2.0	trials	7.0	0.0	0.0	0.0	0.0	0.0	True	40.0	0.0	0.005	"[46384008.80641811 46492611.21448238 46492901.21557203 46493190.21665793
 46493480.21774758 46493770.21883724 46494060.21992689 46494350.22101655
 46494638.22209869 46494929.2231921  46495218.224278   46495507.2253639
 46495798.22645731 46496087.22754321 46496376.2286291  46496666.22971875
 46496956.23080841 46497246.23189806 46497536.23298771 46497825.23407361]"	0.0	0.0	0.0
4025.254139315514	2.0	trials	7.0	0.0	0.0	0.0	0.0	0.0	True	40.0	0.0	0.005	"[46498115.23516327 46596701.60559314 46596990.60667903 46597280.60776868
 46597570.60885834 46597859.60994424 46598149.61103389 46598438.61211979
 46598729.6132132  46599018.61429909 46599308.61538875 46599598.6164784
 46599887.61756431 46600176.6186502  46600467.61974361 46600756.62082951
 46601046.62191916 46601335.62300505 46601624.62409095 46601914.62518061]"	0.0	0.0	0.0
4068.5980717769153	2.0	trials	8.0	0.0	0.0	0.0	0.0	0.0	True	40.0	0.0	0.005	"[46602205.62627403 47098367.49055985 47098656.49164575 47098945.49273164
 47099235.49382129 47099524.49490719 47099815.4960006  47100104.4970865
 47100394.49817616 47100683.49926206 47100973.5003517  47101263.50144136
 47101552.50252726 47101842.50361691 47102131.50470281 47102421.50579246
 47102711.50688212 47103000.50796802 47103290.50905767 47103580.51014733]"	0.0	0.0	0.0
4073.7451119165125	2.0	trials	8.0	0.0	0.0	0.0	0.0	0.0	True	40.0	0.0	0.005	"[47103870.51123697 47157938.71439363 47158228.71548329 47158518.71657294
 47158807.71765884 47159097.71874849 47159386.71983439 47159676.72092405
 47159966.7220137  47160256.72310335 47160545.72418925 47160835.7252789
 47161124.7263648  47161414.72745445 47161704.72854411 47161993.72963001
 47162283.73071966 47162573.73180932 47162863.73289897 47163152.73398487]"	0.0	0.0	0.0
4080.231875490013	2.0	trials	8.0	0.0	0.0	0.0	0.0	0.0	True	40.0	0.0	0.005	"[47163442.73507452 47233016.99649386 47233306.99758352 47233596.99867317
 47233885.99975908 47234176.00084873 47234465.00193462 47234755.00302428
 47235045.00411393 47235335.00520359 47235624.00628948 47235914.00737914
 47236203.00846503 47236493.00955469 47236783.01064434 47237072.01173024
 47237362.01281989 47237652.01390954 47237941.01499545 47238230.01608135]"	0.0	0.0	0.0
4086.8666428196275	2.0	trials	8.0	0.0	0.0	0.0	0.0	0.0	True	40.0	0.0	0.005	"[47238521.01717476 47309808.28503057 47310098.28612023 47310388.28720988
 47310677.28829578 47310967.28938543 47311256.29047133 47311546.29156099
 47311836.29265064 47312125.29373654 47312415.29482619 47312705.29591584
 47312994.29700174 47313284.2980914  47313574.29918105 47313864.30027071
 47314153.3013566  47314443.30244626 47314732.30353215 47315022.30462181]"	0.0	0.0	0.0
4092.298285628596	2.0	trials	8.0	0.0	0.0	0.0	0.0	0.0	True	40.0	0.0	0.005	"[47315312.30571146 47372674.52124508 47372964.52233475 47373253.52342064
 47373543.52451029 47373833.52559994 47374122.52668584 47374412.5277755
 47374702.52886515 47374991.52995105 47375281.53104071 47375571.53213036
 47375860.53321625 47376150.53430591 47376440.53539556 47376729.53648145
 47377019.53757112 47377308.53865701 47377598.53974667 47377888.54083632]"	0.0	0.0	0.0
4098.268375260737	2.0	trials	8.0	0.0	0.0	0.0	0.0	0.0	True	40.0	0.0	0.005	"[47378178.54192597 47441773.78087966 47442062.78196556 47442352.78305521
 47442642.78414486 47442931.78523076 47443221.78632041 47443511.78741007
 47443801.78849972 47444090.78958562 47444380.79067528 47444669.79176117
 47444959.79285081 47445249.79394048 47445538.79502638 47445828.79611603
 47446118.79720569 47446407.79829158 47446697.79938124 47446987.80047089]"	0.0	0.0	0.0
4105.816307621497	2.0	trials	8.0	0.0	0.0	0.0	0.0	0.0	True	40.0	0.0	0.005	"[47447276.80155679 47529133.10912488 47529423.11021452 47529713.11130418
 47530002.11239008 47530292.11347974 47530581.11456563 47530871.11565527
 47531161.11674494 47531450.11783084 47531740.11892049 47532030.12001014
 47532319.12109604 47532609.1221857  47532899.12327535 47533188.12436125
 47533478.12545089 47533768.12654056 47534057.12762645 47534347.12871611]"	0.0	0.0	0.0
4115.578248301216	2.0	trials	8.0	0.0	0.0	0.0	0.0	0.0	True	40.0	0.0	0.005	"[47534637.12980575 47642118.53365795 47642408.53474761 47642697.53583351
 47642988.53692692 47643276.53800906 47643566.53909871 47643856.54018836
 47644146.54127802 47644435.54236392 47644725.54345357 47645015.54454323
 47645304.54562913 47645594.54671878 47645884.54780843 47646173.54889432
 47646463.54998398 47646753.55107364 47647043.55216329 47647332.55324919]"	0.0	0.0	0.0
4121.982499564685	2.0	trials	8.0	0.0	0.0	0.0	0.0	0.0	True	40.0	0.0	0.005	"[47647622.55433884 47716242.8121736  47716531.81325949 47716821.81434915
 47717111.81543881 47717401.81652845 47717690.81761436 47717979.81870025
 47718269.81978991 47718559.82087956 47718848.82196546 47719138.82305511
 47719427.82414101 47719717.82523067 47720007.82632032 47720297.82740997
 47720587.82849963 47720876.82958552 47721166.83067518 47721456.83176482]"	0.0	0.0	0.0
4131.041660003764	2.0	trials	8.0	0.0	0.0	0.0	0.0	0.0	True	40.0	0.0	0.005	"[47721745.83285073 47821093.20614    47821383.20722966 47821673.20831931
 47821963.20940897 47822252.21049485 47822542.21158452 47822831.21267041
 47823121.21376007 47823410.21484597 47823700.21593561 47823990.21702527
 47824279.21811116 47824569.21920083 47824859.22029048 47825148.22137637
 47825438.22246603 47825727.22355193 47826017.22464158 47826307.22573124]"	0.0	0.0	0.0
4140.688256250088	2.0	trials	8.0	0.0	0.0	0.0	0.0	0.0	True	40.0	0.0	0.005	"[47826597.22682089 47932744.62566067 47933033.62674657 47933323.62783623
 47933613.62892588 47933902.63001177 47934192.63110143 47934482.63219108
 47934771.63327698 47935061.63436664 47935351.63545629 47935640.63654219
 47935930.63763185 47936219.63871774 47936509.63980738 47936798.64089329
 47937088.64198294 47937378.6430726  47937667.6441585  47937957.64524814]"	0.0	0.0	0.0
4150.829407954665	2.0	trials	8.0	0.0	0.0	0.0	0.0	0.0	True	40.0	0.0	0.005	"[47938247.64633781 48050118.06668136 48050408.067771   48050698.06886066
 48050987.06994656 48051277.07103622 48051566.07212212 48051856.07321176
 48052146.07430141 48052436.07539108 48052725.07647698 48053015.07756662
 48053304.07865252 48053594.07974217 48053883.08082808 48054173.08191773
 48054463.08300737 48054752.08409327 48055042.08518293 48055332.08627259]"	0.0	0.0	0.0
4160.440666468208	2.0	trials	8.0	0.0	0.0	0.0	0.0	0.0	True	40.0	0.0	0.005	"[48055622.08736224 48161360.48466524 48161650.48575489 48161939.48684078
 48162229.48793044 48162518.48901633 48162808.49010599 48163097.49119189
 48163387.49228154 48163677.4933712  48163967.49446085 48164256.49554674
 48164546.49663641 48164835.49772229 48165125.49881195 48165414.49989785
 48165704.50098751 48165994.50207717 48166284.50316681 48166573.50425271]"	0.0	0.0	0.0
4169.700362060783	2.0	trials	8.0	0.0	0.0	0.0	0.0	0.0	True	40.0	0.0	0.005	"[48166863.50534236 48268531.88735263 48268821.88844229 48269110.88952819
 48269400.89061783 48269690.89170749 48269979.89279338 48270269.89388304
 48270559.8949727  48270849.89606234 48271138.89714824 48271428.8982379
 48271717.89932379 48272007.90041345 48272296.90149934 48272586.902589
 48272876.90367866 48273166.90476831 48273455.90585421 48273745.90694386]"	0.0	0.0	0.0
4178.440791702257	2.0	trials	8.0	0.0	0.0	0.0	0.0	0.0	True	40.0	0.0	0.005	"[48274034.90802976 48369693.26745787 48369983.26854753 48370273.26963718
 48370563.27072683 48370853.27181649 48371142.27290239 48371432.27399205
 48371722.27508169 48372011.27616759 48372301.27725725 48372591.2783469
 48372880.2794328  48373170.28052245 48373460.2816121  48373749.282698
 48374039.28378766 48374329.28487731 48374618.28596321 48374907.28704911]"	0.0	0.0	0.0
4185.145111293207	2.0	trials	8.0	0.0	0.0	0.0	0.0	0.0	True	40.0	0.0	0.005	"[48375197.28813876 48447290.55902306 48447580.56011272 48447869.56119862
 48448159.56228828 48448449.56337793 48448738.56446382 48449028.56555348
 48449318.56664313 48449608.5677328  48449897.5688187  48450186.56990458
 48450476.57099424 48450765.57208014 48451055.57316978 48451345.57425944
 48451635.57534909 48451924.57643499 48452214.57752465 48452503.57861055]"	0.0	0.0	0.0
4190.999338090003	2.0	trials	8.0	0.0	0.0	0.0	0.0	0.0	True	40.0	0.0	0.005	"[48452793.5797002  48515048.81361893 48515337.81470481 48515627.81579448
 48515917.81688413 48516206.81797003 48516496.81905968 48516786.82014932
 48517075.82123522 48517365.82232489 48517655.82341454 48517944.82450044
 48518234.82559009 48518523.82667599 48518813.82776564 48519102.82885154
 48519392.8299412  48519682.83103085 48519971.83211675 48520262.83321016]"	0.0	0.0	0.0
4199.393648030959	2.0	trials	8.0	0.0	0.0	0.0	0.0	0.0	True	40.0	0.0	0.005	"[48520551.83429606 48612205.17867567 48612495.17976533 48612784.18085121
 48613073.18193711 48613364.18303052 48613653.18411642 48613942.18520233
 48614233.18629573 48614522.18738163 48614812.18847129 48615101.18955719
 48615391.19064684 48615680.19173273 48615970.19282238 48616260.19391204
 48616549.19499794 48616839.19608758 48617129.19717725 48617418.19826315]"	0.0	0.0	0.0
4208.833142699114	2.0	trials	8.0	0.0	0.0	0.0	0.0	0.0	True	40.0	0.0	0.005	"[48617708.19935279 48721457.58918227 48721748.59027567 48722037.59136157
 48722326.59244747 48722616.59353713 48722905.59462302 48723196.59571643
 48723485.59680233 48723775.59789199 48724065.59898164 48724354.60006754
 48724643.60115343 48724933.60224309 48725223.60333274 48725513.60442241
 48725802.60550831 48726092.60659794 48726381.60768385 48726671.6087735 ]"	0.0	0.0	0.0
4219.1327525990855	2.0	trials	8.0	0.0	0.0	0.0	0.0	0.0	True	40.0	0.0	0.005	"[48726961.60986315 48840667.03710159 48840956.03818748 48841246.03927714
 48841535.04036304 48841825.0414527  48842114.04253859 48842405.04363199
 48842694.04471789 48842983.04580379 48843273.04689345 48843563.04798311
 48843852.04906899 48844142.05015864 48844432.0512483  48844721.0523342
 48845011.05342386 48845301.05451351 48845590.05559941 48845879.05668531]"	0.0	0.0	0.0
4228.325919941684	2.0	trials	8.0	0.0	0.0	0.0	0.0	0.0	True	40.0	0.0	0.005	"[48846170.05777872 48947068.43689576 48947358.43798541 48947648.43907507
 48947937.44016096 48948227.44125061 48948517.44234027 48948806.44342617
 48949097.44451958 48949385.44560172 48949675.44669138 48949965.44778103
 48950255.44887068 48950544.44995658 48950834.45104624 48951123.45213213
 48951413.45322179 48951703.45431144 48951993.4554011  48952282.45648699]"	0.0	0.0	0.0
4238.057102105833	2.0	trials	8.0	0.0	0.0	0.0	0.0	0.0	True	40.0	0.0	0.005	"[48952572.45757664 49059698.86009495 49059988.86118461 49060277.8622705
 49060567.86336016 49060857.86444982 49061146.86553571 49061436.86662535
 49061725.86771125 49062015.86880092 49062304.86988681 49062594.87097647
 49062884.87206612 49063174.87315577 49063463.87424168 49063752.87532757
 49064043.87642098 49064333.87751064 49064622.87859653 49064911.87968243]"	0.0	0.0	0.0
4249.1454605694635	2.0	trials	8.0	0.0	0.0	0.0	0.0	0.0	True	40.0	0.0	0.005	"[49065201.88077209 49188036.34231208 49188326.34340174 49188615.34448763
 49188905.34557729 49189195.34666694 49189484.34775284 49189774.34884249
 49190063.34992839 49190353.35101805 49190642.35210393 49190932.3531936
 49191222.35428325 49191511.35536915 49191801.35645881 49192091.35754845
 49192381.35863811 49192670.35972401 49192960.36081366 49193249.36189955]"	0.0	0.0	0.0
4258.595841678524	2.0	trials	8.0	0.0	0.0	0.0	0.0	0.0	True	40.0	0.0	0.005	"[49193539.36298921 49297415.75329588 49297705.75438552 49297994.75547142
 49298283.75655732 49298573.75764698 49298863.75873663 49299153.75982629
 49299443.76091594 49299732.76200183 49300022.7630915  49300311.76417738
 49300601.76526704 49300891.7663567  49301180.7674426  49301470.76853226
 49301759.76961815 49302049.77070779 49302338.77179369 49302629.77288711]"	0.0	0.0	0.0
4268.587520821469	2.0	trials	8.0	0.0	0.0	0.0	0.0	0.0	True	40.0	0.0	0.005	"[49302918.773973   49413060.18781997 49413349.18890585 49413639.18999551
 49413929.19108517 49414219.19217483 49414508.19326073 49414798.19435036
 49415088.19544002 49415377.19652592 49415667.19761558 49415956.19870148
 49416246.19979113 49416535.20087703 49416825.20196669 49417115.20305634
 49417404.20414224 49417694.20523188 49417984.20632154 49418273.20740744]"	0.0	0.0	0.0
4274.729806300621	2.0	trials	8.0	0.0	0.0	0.0	0.0	0.0	True	40.0	0.0	0.005	"[49418564.20850085 49484151.45493933 49484440.45602523 49484730.45711488
 49485019.45820078 49485309.45929042 49485599.46038008 49485889.46146974
 49486178.46255563 49486468.46364529 49486757.46473119 49487047.46582085
 49487337.46691048 49487627.46800014 49487916.46908604 49488206.4701757
 49488495.4712616  49488785.47235125 49489074.47343715 49489364.47452679]"	0.0	0.0	0.0
4283.639753379044	2.0	trials	8.0	0.0	0.0	0.0	0.0	0.0	True	40.0	0.0	0.005	"[49489654.47561646 49587274.84241664 49587564.84350629 49587854.84459595
 49588143.84568185 49588433.84677151 49588722.84785741 49589012.84894705
 49589302.85003671 49589592.85112637 49589881.85221227 49590171.85330191
 49590460.85438781 49590750.85547747 49591039.85656337 49591330.85765678
 49591619.85874267 49591909.85983232 49592198.86091822 49592488.86200789]"	0.0	0.0	0.0
4292.215676802398	2.0	trials	8.0	0.0	0.0	0.0	0.0	0.0	True	40.0	0.0	0.005	"[49592777.86309378 49686533.2153715  49686823.21646115 49687113.21755081
 49687403.21864047 49687692.21972637 49687982.22081602 49688272.22190567
 49688561.22299156 49688850.22407746 49689141.22517087 49689430.22625677
 49689720.22734644 49690010.22843608 49690299.22952199 49690589.23061163
 49690878.23169752 49691168.23278718 49691457.23387308 49691747.23496274]"	0.0	0.0	0.0
4300.829443567946	2.0	trials	8.0	0.0	0.0	0.0	0.0	0.0	True	40.0	0.0	0.005	"[49692037.23605239 49786229.58997211 49786519.59106177 49786809.59215143
 49787098.59323733 49787388.59432698 49787677.59541287 49787967.59650252
 49788257.59759218 49788547.59868183 49788836.59976773 49789126.60085739
 49789416.60194704 49789705.60303295 49789995.60412259 49790285.60521225
 49790574.60629814 49790863.60738404 49791153.6084737  49791443.60956335]"	0.0	0.0	0.0
4309.34376355983	2.0	trials	8.0	0.0	0.0	0.0	0.0	0.0	True	40.0	0.0	0.005	"[49791732.61064925 49884774.96024793 49885064.96133758 49885354.96242724
 49885643.96351313 49885933.96460279 49886222.96568868 49886512.96677834
 49886802.967868   49887092.96895765 49887381.97004355 49887671.97113319
 49887960.97221909 49888250.97330875 49888540.97439841 49888830.97548806
 49889119.97657396 49889408.97765985 49889699.97875327 49889988.97983916]"	0.0	0.0	0.0
4315.009637648905	2.0	trials	8.0	0.0	0.0	0.0	0.0	0.0	True	40.0	0.0	0.005	"[49890277.98092505 49950352.20664883 49950642.20773849 49950932.20882814
 49951221.20991404 49951510.21099994 49951800.21208958 49952090.21317924
 49952380.2142689  49952669.2153548  49952960.2164482  49953248.21753035
 49953538.21861999 49953827.2197059  49954117.22079554 49954407.2218852
 49954697.22297486 49954986.22406076 49955276.22515042 49955565.22623631]"	0.0	0.0	0.0
4323.961748085752	2.0	trials	8.0	0.0	0.0	0.0	0.0	0.0	True	40.0	0.0	0.005	"[49955855.22732595 50053965.59596729 50054254.59705319 50054544.59814284
 50054834.5992325  50055123.60031839 50055413.60140805 50055702.60249395
 50055992.6035836  50056282.60467325 50056571.60575914 50056861.6068488
 50057150.6079347  50057441.60902812 50057730.61011402 50058020.61120366
 50058309.61228956 50058599.61337922 50058889.61446887 50059178.61555476]"	0.0	0.0	0.0
4331.408678467004	2.0	trials	8.0	0.0	0.0	0.0	0.0	0.0	True	40.0	0.0	0.005	"[50059468.61664442 50140155.91982006 50140445.92090973 50140734.92199562
 50141024.92308528 50141314.92417493 50141603.92526082 50141893.92635048
 50142183.92744014 50142472.92852604 50142762.92961568 50143052.93070535
 50143341.93179124 50143631.93288089 50143920.93396679 50144210.93505644
 50144499.93614233 50144790.93723576 50145079.93832166 50145369.9394113 ]"	0.0	0.0	0.0
4341.602534369614	2.0	trials	8.0	0.0	0.0	0.0	0.0	0.0	True	40.0	0.0	0.005	"[50145658.9404972  50258140.36313654 50258430.36422618 50258720.36531585
 50259010.36640551 50259299.3674914  50259589.36858106 50259879.3696707
 50260168.3707566  50260458.37184626 50260748.37293592 50261037.37402181
 50261327.37511147 50261616.37619736 50261906.37728702 50262195.37837292
 50262485.37946256 50262775.38055222 50263064.38163812 50263354.38272778]"	0.0	0.0	0.0
4347.156001636328	2.0	trials	8.0	0.0	0.0	0.0	0.0	0.0	True	40.0	0.0	0.005	"[50263644.38381743 50322416.60464902 50322706.60573868 50322995.60682457
 50323285.60791423 50323575.60900389 50323864.61008979 50324154.61117944
 50324444.61226909 50324734.61335874 50325023.61444464 50325313.61553431
 50325602.61662019 50325892.61770985 50326181.61879575 50326471.6198854
 50326761.62097505 50327051.62206471 50327340.6231506  50327630.62424026]"	0.0	0.0	0.0
4353.02413888539	2.0	trials	8.0	0.0	0.0	0.0	0.0	0.0	True	40.0	0.0	0.005	"[50327920.62532991 50390334.85984608 50390624.86093572 50390913.86202163
 50391203.86311127 50391493.86420093 50391782.86528683 50392072.86637648
 50392362.86746614 50392651.86855204 50392941.86964168 50393230.87072758
 50393520.87181723 50393810.87290689 50394100.87399655 50394389.87508245
 50394678.87616834 50394968.877258   50395259.87835141 50395548.87943731]"	0.0	0.0	0.0
4359.185864437587	2.0	trials	8.0	0.0	0.0	0.0	0.0	0.0	True	40.0	0.0	0.005	"[50395837.8805232  50461651.12781085 50461941.12890051 50462231.12999016
 50462521.13107982 50462810.13216572 50463100.13325537 50463389.13434126
 50463679.13543092 50463969.13652057 50464259.13761023 50464548.13869613
 50464838.13978578 50465127.14087168 50465417.14196133 50465707.14305098
 50465997.14414065 50466286.14522655 50466575.14631243 50466865.14740209]"	0.0	0.0	0.0
4366.763950511646	2.0	trials	8.0	0.0	0.0	0.0	0.0	0.0	True	40.0	0.0	0.005	"[50467155.14849174 50549360.45737117 50549650.45846082 50549940.45955048
 50550229.46063638 50550519.46172602 50550809.46281568 50551099.46390534
 50551388.46499124 50551677.46607713 50551967.46716679 50552257.46825644
 50552546.46934234 50552836.47043199 50553126.47152165 50553415.47260754
 50553706.47370095 50553994.4747831  50554284.47587276 50554574.4769624 ]"	0.0	0.0	0.0
4376.945969569779	2.0	trials	8.0	0.0	0.0	0.0	0.0	0.0	True	40.0	0.0	0.005	"[50554864.47805206 50667208.90017663 50667497.90126253 50667787.90235218
 50668077.90344183 50668366.90452773 50668656.90561739 50668946.90670703
 50669236.90779669 50669525.90888259 50669815.90997225 50670104.91105814
 50670394.9121478  50670683.91323369 50670973.91432335 50671263.915413
 50671552.9164989  50671842.91758855 50672132.91867821 50672422.91976786]"	0.0	0.0	0.0
4386.913197420849	2.0	trials	8.0	0.0	0.0	0.0	0.0	0.0	True	40.0	0.0	0.005	"[50672711.92085376 50782570.33363736 50782859.33472326 50783149.33581291
 50783438.33689881 50783728.33798846 50784018.33907812 50784308.34016777
 50784597.34125367 50784887.34234332 50785177.34343298 50785467.34452263
 50785756.34560852 50786045.34669442 50786335.34778408 50786625.34887374
 50786915.34996339 50787204.35104929 50787494.35213894 50787783.35322484]"	0.0	0.0	0.0
4396.572494514895	2.0	trials	8.0	0.0	0.0	0.0	0.0	0.0	True	40.0	0.0	0.005	"[50788073.35431449 50894367.75370662 50894656.75479252 50894946.75588217
 50895235.75696806 50895525.75805771 50895814.75914361 50896104.76023328
 50896394.76132293 50896684.76241259 50896973.76349848 50897263.76458813
 50897553.76567779 50897842.76676368 50898132.76785333 50898422.768943
 50898711.7700289  50899001.77111854 50899290.77220444 50899580.77329409]"	0.0	0.0	0.0
4403.594248898583	2.0	trials	8.0	0.0	0.0	0.0	0.0	0.0	True	40.0	0.0	0.005	"[50899869.77437998 50975637.0590691  50975927.06015874 50976217.0612484
 50976506.06233429 50976796.06342395 50977086.0645136  50977376.06560326
 50977665.06668916 50977955.06777881 50978245.06886847 50978534.06995436
 50978824.07104402 50979113.07212991 50979402.07321581 50979693.07430922
 50979982.07539511 50980272.07648477 50980562.07757443 50980851.07866032]"	0.0	0.0	0.0
4411.938533051571	2.0	trials	8.0	0.0	0.0	0.0	0.0	0.0	True	40.0	0.0	0.005	"[50981141.07974999 51072215.42195404 51072504.42303994 51072794.42412959
 51073084.42521924 51073373.42630514 51073663.4273948  51073952.4284807
 51074242.42957035 51074532.43065999 51074821.43174589 51075111.43283555
 51075401.43392521 51075690.43501111 51075980.43610076 51076270.43719042
 51076559.43827631 51076849.43936597 51077139.44045562 51077428.44154152]"	0.0	0.0	0.0
4417.452083368301	2.0	trials	8.0	0.0	0.0	0.0	0.0	0.0	True	40.0	0.0	0.005	"[51077718.44263117 51136029.66173059 51136318.66281649 51136608.66390614
 51136898.6649958  51137187.6660817  51137477.66717135 51137767.66826101
 51138056.66934691 51138346.67043655 51138636.67152622 51138925.6726121
 51139215.67370176 51139504.67478766 51139794.67587732 51140084.67696697
 51140374.67805662 51140663.67914252 51140952.68022841 51141242.68131807]"	0.0	0.0	0.0
4424.029308081703	2.0	trials	8.0	0.0	0.0	0.0	0.0	0.0	True	40.0	0.0	0.005	"[51141532.68240772 51212154.94776485 51212443.94885075 51212733.94994041
 51213023.95103007 51213312.95211596 51213602.95320561 51213891.95429151
 51214181.95538116 51214471.95647082 51214760.95755671 51215049.95864261
 51215339.95973227 51215629.96082193 51215919.96191157 51216209.96300123
 51216498.96408712 51216788.96517678 51217077.96626268 51217367.96735233]"	0.0	0.0	0.0
4432.111885651349	2.0	trials	8.0	0.0	0.0	0.0	0.0	0.0	True	40.0	0.0	0.005	"[51217657.96844198 51305703.2992648  51305992.3003507  51306282.30144035
 51306572.30253    51306861.3036159  51307151.30470556 51307440.30579146
 51307730.30688111 51308020.30797075 51308310.30906042 51308599.31014631
 51308889.31123597 51309178.31232186 51309468.31341152 51309758.31450117
 51310047.31558707 51310337.31667673 51310626.31776261 51310916.31885228]"	0.0	0.0	0.0
4440.697140309765	2.0	trials	8.0	0.0	0.0	0.0	0.0	0.0	True	40.0	0.0	0.005	"[51311206.31994193 51405069.67262546 51405358.67371136 51405648.67480101
 51405938.67589065 51406227.67697655 51406517.67806622 51406807.67915587
 51407096.68024177 51407386.68133142 51407675.68241732 51407966.68351073
 51408255.68459663 51408544.68568253 51408834.68677218 51409124.68786184
 51409414.68895148 51409703.69003738 51409993.69112703 51410282.69221292]"	0.0	0.0	0.0
4447.268662601741	2.0	trials	8.0	0.0	0.0	0.0	0.0	0.0	True	40.0	0.0	0.005	"[51410572.69330259 51481127.95840796 51481416.95949386 51481707.96058729
 51481996.96167318 51482285.96275908 51482575.96384872 51482865.96493838
 51483155.96602803 51483444.96711393 51483734.96820358 51484024.96929324
 51484313.97037914 51484603.9714688  51484892.9725547  51485183.9736481
 51485472.97473399 51485761.97581989 51486051.97690956 51486341.97799921]"	0.0	0.0	0.0
4454.487150524639	2.0	trials	8.0	0.0	0.0	0.0	0.0	0.0	True	40.0	0.0	0.005	"[51486630.9790851  51564675.27232986 51564964.27341576 51565255.27450918
 51565544.27559508 51565834.27668472 51566123.27777062 51566413.27886027
 51566703.27994993 51566993.28103959 51567282.28212548 51567571.28321138
 51567862.28430479 51568151.2853907  51568440.2864766  51568730.28756623
 51569020.28865589 51569310.28974555 51569599.29083145 51569889.2919211 ]"	0.0	0.0	0.0
4462.32098155964	2.0	trials	8.0	0.0	0.0	0.0	0.0	0.0	True	40.0	0.0	0.005	"[51570179.29301075 51655345.61301592 51655634.61410182 51655924.61519148
 51656213.61627737 51656503.61736703 51656792.61845292 51657082.61954258
 51657372.62063225 51657661.62171814 51657951.62280778 51658240.62389368
 51658530.62498334 51658820.626073   51659110.62716264 51659399.62824854
 51659689.62933819 51659978.6304241  51660268.63151375 51660557.63259964]"	0.0	0.0	0.0
4519.1109645435145	2.0	trials	9.0	0.0	0.0	0.0	0.0	0.0	True	5.0	0.0	0.01	"[51660847.6336893  52312685.08291285 52315002.09161881               nan
               nan               nan               nan               nan
               nan               nan               nan               nan
               nan               nan               nan               nan
               nan               nan               nan               nan]"	0.0	0.0	0.0
4527.09115772846	2.0	trials	9.0	0.0	0.0	0.0	0.0	0.0	True	5.0	0.0	0.01	"[52317319.10032476 52405047.42995647 52407364.43866243               nan
               nan               nan               nan               nan
               nan               nan               nan               nan
               nan               nan               nan               nan
               nan               nan               nan               nan]"	0.0	0.0	0.0
4533.104015521298	2.0	trials	9.0	0.0	0.0	0.0	0.0	0.0	True	5.0	0.0	0.01	"[52409681.44736839 52474640.69144721 52476957.70015316               nan
               nan               nan               nan               nan
               nan               nan               nan               nan
               nan               nan               nan               nan
               nan               nan               nan               nan]"	0.0	0.0	0.0
4539.271357094596	2.0	trials	9.0	0.0	0.0	0.0	0.0	0.0	True	5.0	0.0	0.01	"[52479274.70885912 52546022.95965997 52548339.96836594               nan
               nan               nan               nan               nan
               nan               nan               nan               nan
               nan               nan               nan               nan
               nan               nan               nan               nan]"	0.0	0.0	0.0
4548.580128071568	2.0	trials	9.0	0.0	0.0	0.0	0.0	0.0	True	5.0	0.0	0.01	"[52550656.9770719  52653763.36448535 52656080.37319131               nan
               nan               nan               nan               nan
               nan               nan               nan               nan
               nan               nan               nan               nan
               nan               nan               nan               nan]"	0.0	0.0	0.0
4558.369371253875	2.0	trials	9.0	0.0	0.0	0.0	0.0	0.0	True	5.0	0.0	0.01	"[52658397.38189728 52767063.79020202 52769380.79890798               nan
               nan               nan               nan               nan
               nan               nan               nan               nan
               nan               nan               nan               nan
               nan               nan               nan               nan]"	0.0	0.0	0.0
4563.607650136294	2.0	trials	9.0	0.0	0.0	0.0	0.0	0.0	True	5.0	0.0	0.01	"[52771697.80761395 52827693.01801118 52830010.02671713               nan
               nan               nan               nan               nan
               nan               nan               nan               nan
               nan               nan               nan               nan
               nan               nan               nan               nan]"	0.0	0.0	0.0
4569.307393152629	2.0	trials	9.0	0.0	0.0	0.0	0.0	0.0	True	5.0	0.0	0.01	"[52832327.03542309 52893661.26588123 52895978.27458718               nan
               nan               nan               nan               nan
               nan               nan               nan               nan
               nan               nan               nan               nan
               nan               nan               nan               nan]"	0.0	0.0	0.0
4577.5694241965575	2.0	trials	9.0	0.0	0.0	0.0	0.0	0.0	True	5.0	0.0	0.01	"[52898295.28329315 52989287.6251891  52991604.63389507               nan
               nan               nan               nan               nan
               nan               nan               nan               nan
               nan               nan               nan               nan
               nan               nan               nan               nan]"	0.0	0.0	0.0
4585.78946468271	2.0	trials	9.0	0.0	0.0	0.0	0.0	0.0	True	5.0	0.0	0.01	"[52993921.64260103 53084425.98266336 53086742.99136932               nan
               nan               nan               nan               nan
               nan               nan               nan               nan
               nan               nan               nan               nan
               nan               nan               nan               nan]"	0.0	0.0	0.0
4591.5939248925115	2.0	trials	9.0	0.0	0.0	0.0	0.0	0.0	True	5.0	0.0	0.01	"[53089061.00007904 53151608.23509493 53153925.24380089               nan
               nan               nan               nan               nan
               nan               nan               nan               nan
               nan               nan               nan               nan
               nan               nan               nan               nan]"	0.0	0.0	0.0
4598.905638765698	2.0	trials	9.0	0.0	0.0	0.0	0.0	0.0	True	5.0	0.0	0.01	"[53156242.25250687 53236233.55306733 53238550.5617733                nan
               nan               nan               nan               nan
               nan               nan               nan               nan
               nan               nan               nan               nan
               nan               nan               nan               nan]"	0.0	0.0	0.0
4606.046107195443	2.0	trials	9.0	0.0	0.0	0.0	0.0	0.0	True	5.0	0.0	0.01	"[53240867.57047926 53318878.86360004 53321195.87230599               nan
               nan               nan               nan               nan
               nan               nan               nan               nan
               nan               nan               nan               nan
               nan               nan               nan               nan]"	0.0	0.0	0.0
4615.046256212792	2.0	trials	9.0	0.0	0.0	0.0	0.0	0.0	True	5.0	0.0	0.01	"[53323512.88101195 53423047.25500386 53425364.26370982               nan
               nan               nan               nan               nan
               nan               nan               nan               nan
               nan               nan               nan               nan
               nan               nan               nan               nan]"	0.0	0.0	0.0
4625.7839157587005	2.0	trials	9.0	0.0	0.0	0.0	0.0	0.0	True	5.0	0.0	0.01	"[53427681.27241579 53547324.72196583 53549642.73067556               nan
               nan               nan               nan               nan
               nan               nan               nan               nan
               nan               nan               nan               nan
               nan               nan               nan               nan]"	0.0	0.0	0.0
4635.698007410116	2.0	trials	9.0	0.0	0.0	0.0	0.0	0.0	True	5.0	0.0	0.01	"[53551959.73938152 53662071.15311575 53664388.16182172               nan
               nan               nan               nan               nan
               nan               nan               nan               nan
               nan               nan               nan               nan
               nan               nan               nan               nan]"	0.0	0.0	0.0
4641.620317662729	2.0	trials	9.0	0.0	0.0	0.0	0.0	0.0	True	5.0	0.0	0.01	"[53666705.17052767 53730616.4106687  53732933.41937467               nan
               nan               nan               nan               nan
               nan               nan               nan               nan
               nan               nan               nan               nan
               nan               nan               nan               nan]"	0.0	0.0	0.0
4648.519988387697	2.0	trials	9.0	0.0	0.0	0.0	0.0	0.0	True	5.0	0.0	0.01	"[53735250.42808063 53810473.71072567 53812790.71943165               nan
               nan               nan               nan               nan
               nan               nan               nan               nan
               nan               nan               nan               nan
               nan               nan               nan               nan]"	0.0	0.0	0.0
4653.788075382116	2.0	trials	9.0	0.0	0.0	0.0	0.0	0.0	True	5.0	0.0	0.01	"[53815108.72814137 53871446.93982738 53873764.9485371                nan
               nan               nan               nan               nan
               nan               nan               nan               nan
               nan               nan               nan               nan
               nan               nan               nan               nan]"	0.0	0.0	0.0
4663.220398823328	2.0	trials	9.0	0.0	0.0	0.0	0.0	0.0	True	5.0	0.0	0.01	"[53876081.95724306 53980618.35002963 53982935.35873559               nan
               nan               nan               nan               nan
               nan               nan               nan               nan
               nan               nan               nan               nan
               nan               nan               nan               nan]"	0.0	0.0	0.0
4669.650829385162	2.0	trials	9.0	0.0	0.0	0.0	0.0	0.0	True	5.0	0.0	0.01	"[53985252.36744156 54055043.62967626 54057360.63838223               nan
               nan               nan               nan               nan
               nan               nan               nan               nan
               nan               nan               nan               nan
               nan               nan               nan               nan]"	0.0	0.0	0.0
4675.1661941087095	2.0	trials	9.0	0.0	0.0	0.0	0.0	0.0	True	5.0	0.0	0.01	"[54059677.64708819 54118878.86953172 54121195.87823769               nan
               nan               nan               nan               nan
               nan               nan               nan               nan
               nan               nan               nan               nan
               nan               nan               nan               nan]"	0.0	0.0	0.0
4686.212389213914	2.0	trials	9.0	0.0	0.0	0.0	0.0	0.0	True	5.0	0.0	0.01	"[54123512.88694365 54246728.34991524 54249045.35862119               nan
               nan               nan               nan               nan
               nan               nan               nan               nan
               nan               nan               nan               nan
               nan               nan               nan               nan]"	0.0	0.0	0.0
4691.774323712444	2.0	trials	9.0	0.0	0.0	0.0	0.0	0.0	True	5.0	0.0	0.01	"[54251362.36732715 54311102.59179594 54313419.6005019                nan
               nan               nan               nan               nan
               nan               nan               nan               nan
               nan               nan               nan               nan
               nan               nan               nan               nan]"	0.0	0.0	0.0
4699.2567646271245	2.0	trials	9.0	0.0	0.0	0.0	0.0	0.0	True	5.0	0.0	0.01	"[54315736.60920786 54397705.91720054 54400022.92590649               nan
               nan               nan               nan               nan
               nan               nan               nan               nan
               nan               nan               nan               nan
               nan               nan               nan               nan]"	0.0	0.0	0.0
4706.754844000566	2.0	trials	9.0	0.0	0.0	0.0	0.0	0.0	True	5.0	0.0	0.01	"[54402339.93461247 54484488.24327771 54486805.25198367               nan
               nan               nan               nan               nan
               nan               nan               nan               nan
               nan               nan               nan               nan
               nan               nan               nan               nan]"	0.0	0.0	0.0
4714.208686407789	2.0	trials	9.0	0.0	0.0	0.0	0.0	0.0	True	5.0	0.0	0.01	"[54489122.26068965 54570759.56743485 54573077.57614458               nan
               nan               nan               nan               nan
               nan               nan               nan               nan
               nan               nan               nan               nan
               nan               nan               nan               nan]"	0.0	0.0	0.0
4723.09478699661	2.0	trials	9.0	0.0	0.0	0.0	0.0	0.0	True	5.0	0.0	0.01	"[54575394.58485052 54673607.95387887 54675924.96258483               nan
               nan               nan               nan               nan
               nan               nan               nan               nan
               nan               nan               nan               nan
               nan               nan               nan               nan]"	0.0	0.0	0.0
4731.688940888464	2.0	trials	9.0	0.0	0.0	0.0	0.0	0.0	True	5.0	0.0	0.01	"[54678241.9712908  54773077.32762656 54775394.33633251               nan
               nan               nan               nan               nan
               nan               nan               nan               nan
               nan               nan               nan               nan
               nan               nan               nan               nan]"	0.0	0.0	0.0
4742.168522664665	2.0	trials	9.0	0.0	0.0	0.0	0.0	0.0	True	5.0	0.0	0.01	"[54777712.34504223 54894369.7833726  54896686.79207856               nan
               nan               nan               nan               nan
               nan               nan               nan               nan
               nan               nan               nan               nan
               nan               nan               nan               nan]"	0.0	0.0	0.0
4785.982732093095	2.0	trials	10.0	0.0	0.0	0.0	0.0	0.0	True	10.0	0.0	0.005	"[54899003.80078452 55401429.68860688 55402587.69295798 55403746.69731284
 55404905.7016677                nan               nan               nan
               nan               nan               nan               nan
               nan               nan               nan               nan
               nan               nan               nan               nan]"	0.0	0.0	0.0
4791.9559321369225	2.0	trials	10.0	0.0	0.0	0.0	0.0	0.0	True	10.0	0.0	0.005	"[55406064.70602256 55470564.94837672 55471721.95272406 55472880.95707891
 55474039.96143378               nan               nan               nan
               nan               nan               nan               nan
               nan               nan               nan               nan
               nan               nan               nan               nan]"	0.0	0.0	0.0
4798.052684644988	2.0	trials	10.0	0.0	0.0	0.0	0.0	0.0	True	10.0	0.0	0.005	"[55475198.96578863 55541129.21351591 55542287.21786702 55543446.22222187
 55544604.22657298               nan               nan               nan
               nan               nan               nan               nan
               nan               nan               nan               nan
               nan               nan               nan               nan]"	0.0	0.0	0.0
4803.362157394912	2.0	trials	10.0	0.0	0.0	0.0	0.0	0.0	True	10.0	0.0	0.005	"[55545762.23092408 55602581.44441742 55603738.44876476 55604898.45312338
 55606056.45747449               nan               nan               nan
               nan               nan               nan               nan
               nan               nan               nan               nan
               nan               nan               nan               nan]"	0.0	0.0	0.0
4808.8044274438125	2.0	trials	10.0	0.0	0.0	0.0	0.0	0.0	True	10.0	0.0	0.005	"[55607214.4618256  55665570.6810941  55666729.68544896 55667887.68980006
 55669046.69415492               nan               nan               nan
               nan               nan               nan               nan
               nan               nan               nan               nan
               nan               nan               nan               nan]"	0.0	0.0	0.0
4817.084948157214	2.0	trials	10.0	0.0	0.0	0.0	0.0	0.0	True	10.0	0.0	0.005	"[55670204.69850602 55761409.04119855 55762568.04555341 55763726.04990451
 55764885.05425938               nan               nan               nan
               nan               nan               nan               nan
               nan               nan               nan               nan
               nan               nan               nan               nan]"	0.0	0.0	0.0
4824.890180684758	2.0	trials	10.0	0.0	0.0	0.0	0.0	0.0	True	10.0	0.0	0.005	"[55766043.05861048 55851748.3806409  55852906.384992   55854064.38934311
 55855223.39369797               nan               nan               nan
               nan               nan               nan               nan
               nan               nan               nan               nan
               nan               nan               nan               nan]"	0.0	0.0	0.0
4834.886352644585	2.0	trials	10.0	0.0	0.0	0.0	0.0	0.0	True	10.0	0.0	0.005	"[55856382.39805283 55967443.81535662 55968602.81971148 55969760.82406258
 55970919.82841744               nan               nan               nan
               nan               nan               nan               nan
               nan               nan               nan               nan
               nan               nan               nan               nan]"	0.0	0.0	0.0
4845.16427606307	2.0	trials	10.0	0.0	0.0	0.0	0.0	0.0	True	10.0	0.0	0.005	"[55972078.8327723  56086403.26233658 56087560.26668392 56088719.27103878
 56089877.27538988               nan               nan               nan
               nan               nan               nan               nan
               nan               nan               nan               nan
               nan               nan               nan               nan]"	0.0	0.0	0.0
4853.786942062056	2.0	trials	10.0	0.0	0.0	0.0	0.0	0.0	True	10.0	0.0	0.005	"[56091036.27974475 56186200.63731668 56187359.64167155 56188518.64602642
 56189676.65037752               nan               nan               nan
               nan               nan               nan               nan
               nan               nan               nan               nan
               nan               nan               nan               nan]"	0.0	0.0	0.0
4862.450648215248	2.0	trials	10.0	0.0	0.0	0.0	0.0	0.0	True	10.0	0.0	0.005	"[56190834.65472861 56286476.01409286 56287634.01844396 56288793.02279882
 56289952.02715367               nan               nan               nan
               nan               nan               nan               nan
               nan               nan               nan               nan
               nan               nan               nan               nan]"	0.0	0.0	0.0
4871.36284170211	2.0	trials	10.0	0.0	0.0	0.0	0.0	0.0	True	10.0	0.0	0.005	"[56291110.03150478 56389625.40166786 56390784.40602272 56391943.41037758
 56393101.41472869               nan               nan               nan
               nan               nan               nan               nan
               nan               nan               nan               nan
               nan               nan               nan               nan]"	0.0	0.0	0.0
4876.63464391049	2.0	trials	10.0	0.0	0.0	0.0	0.0	0.0	True	10.0	0.0	0.005	"[56394259.4190798  56450641.63093113 56451800.635286   56452959.63964087
 56454117.64399195               nan               nan               nan
               nan               nan               nan               nan
               nan               nan               nan               nan
               nan               nan               nan               nan]"	0.0	0.0	0.0
4883.8587478544905	2.0	trials	10.0	0.0	0.0	0.0	0.0	0.0	True	10.0	0.0	0.005	"[56455275.64834306 56534253.94509727 56535412.94945212 56536570.95380323
 56537729.95815808               nan               nan               nan
               nan               nan               nan               nan
               nan               nan               nan               nan
               nan               nan               nan               nan]"	0.0	0.0	0.0
4894.286921437529	2.0	trials	10.0	0.0	0.0	0.0	0.0	0.0	True	10.0	0.0	0.005	"[56538887.9625092  56654951.39860764 56656110.4029625  56657268.40731361
 56658426.4116647                nan               nan               nan
               nan               nan               nan               nan
               nan               nan               nan               nan
               nan               nan               nan               nan]"	0.0	0.0	0.0
4904.564844856014	2.0	trials	10.0	0.0	0.0	0.0	0.0	0.0	True	10.0	0.0	0.005	"[56659585.41601957 56773908.84558009 56775066.84993119 56776225.85428604
 56777384.85864091               nan               nan               nan
               nan               nan               nan               nan
               nan               nan               nan               nan
               nan               nan               nan               nan]"	0.0	0.0	0.0
4912.082969104772	2.0	trials	10.0	0.0	0.0	0.0	0.0	0.0	True	10.0	0.0	0.005	"[56778542.86299201 56860924.17253274 56862082.17688385 56863241.1812387
 56864399.18558981               nan               nan               nan
               nan               nan               nan               nan
               nan               nan               nan               nan
               nan               nan               nan               nan]"	0.0	0.0	0.0
4921.377052026554	2.0	trials	10.0	0.0	0.0	0.0	0.0	0.0	True	10.0	0.0	0.005	"[56865558.18994466 56968493.57671559 56969651.58106669 56970811.58542531
 56971969.58977641               nan               nan               nan
               nan               nan               nan               nan
               nan               nan               nan               nan
               nan               nan               nan               nan]"	0.0	0.0	0.0
4930.8753853157905	2.0	trials	10.0	0.0	0.0	0.0	0.0	0.0	True	10.0	0.0	0.005	"[56973128.59413128 57078428.98978852 57079586.99413961 57080745.99849448
 57081905.00284933               nan               nan               nan
               nan               nan               nan               nan
               nan               nan               nan               nan
               nan               nan               nan               nan]"	0.0	0.0	0.0
4938.69280028911	2.0	trials	10.0	0.0	0.0	0.0	0.0	0.0	True	10.0	0.0	0.005	"[57083063.00720045 57168908.32975692 57170066.33410801 57171225.33846287
 57172383.34281397               nan               nan               nan
               nan               nan               nan               nan
               nan               nan               nan               nan
               nan               nan               nan               nan]"	0.0	0.0	0.0
4944.819015307879	2.0	trials	10.0	0.0	0.0	0.0	0.0	0.0	True	10.0	0.0	0.005	"[57173542.34716883 57239812.59617364 57240971.6005285  57242129.6048796
 57243288.60923445               nan               nan               nan
               nan               nan               nan               nan
               nan               nan               nan               nan
               nan               nan               nan               nan]"	0.0	0.0	0.0
4954.814928066732	2.0	trials	10.0	0.0	0.0	0.0	0.0	0.0	True	10.0	0.0	0.005	"[57244446.61358556 57355507.03088558 57356665.0352367  57357824.03959156
 57358983.04394642               nan               nan               nan
               nan               nan               nan               nan
               nan               nan               nan               nan
               nan               nan               nan               nan]"	0.0	0.0	0.0
4962.285532136936	2.0	trials	10.0	0.0	0.0	0.0	0.0	0.0	True	10.0	0.0	0.005	"[57360141.04829752 57441971.35576791 57443131.36012652 57444288.36447387
 57445448.36883249               nan               nan               nan
               nan               nan               nan               nan
               nan               nan               nan               nan
               nan               nan               nan               nan]"	0.0	0.0	0.0
4972.845293414404	2.0	trials	10.0	0.0	0.0	0.0	0.0	0.0	True	10.0	0.0	0.005	"[57446605.37317983 57564191.81500085 57565350.8193557  57566507.82370305
 57567667.82806166               nan               nan               nan
               nan               nan               nan               nan
               nan               nan               nan               nan
               nan               nan               nan               nan]"	0.0	0.0	0.0
4983.399438670771	2.0	trials	10.0	0.0	0.0	0.0	0.0	0.0	True	10.0	0.0	0.005	"[57568825.83241277 57686344.27397827 57687504.27833688 57688662.282688
 57689821.28704286               nan               nan               nan
               nan               nan               nan               nan
               nan               nan               nan               nan
               nan               nan               nan               nan]"	0.0	0.0	0.0
4990.40149378044	2.0	trials	10.0	0.0	0.0	0.0	0.0	0.0	True	10.0	0.0	0.005	"[57690980.29139772 57767387.57849158 57768546.58284643 57769704.58719753
 57770863.59155239               nan               nan               nan
               nan               nan               nan               nan
               nan               nan               nan               nan
               nan               nan               nan               nan]"	0.0	0.0	0.0
4997.433184201461	2.0	trials	10.0	0.0	0.0	0.0	0.0	0.0	True	10.0	0.0	0.005	"[57772022.59590725 57848773.88429366 57849931.88864475 57851090.89299963
 57852248.89735073               nan               nan               nan
               nan               nan               nan               nan
               nan               nan               nan               nan
               nan               nan               nan               nan]"	0.0	0.0	0.0
5002.63534774818	2.0	trials	10.0	0.0	0.0	0.0	0.0	0.0	True	10.0	0.0	0.005	"[57853407.90170559 57908984.11052845 57910141.11487579 57911300.11923065
 57912459.12358551               nan               nan               nan
               nan               nan               nan               nan
               nan               nan               nan               nan
               nan               nan               nan               nan]"	0.0	0.0	0.0
5010.447665102345	2.0	trials	10.0	0.0	0.0	0.0	0.0	0.0	True	10.0	0.0	0.005	"[57913618.12794037 57999403.4502714  58000562.45462625 58001720.45897736
 58002879.46333221               nan               nan               nan
               nan               nan               nan               nan
               nan               nan               nan               nan
               nan               nan               nan               nan]"	0.0	0.0	0.0
5018.487906512916	2.0	trials	10.0	0.0	0.0	0.0	0.0	0.0	True	10.0	0.0	0.005	"[58004038.46768708 58092461.79993019 58093619.8042813  58094778.80863616
 58095937.81299102               nan               nan               nan
               nan               nan               nan               nan
               nan               nan               nan               nan
               nan               nan               nan               nan]"	0.0	0.0	0.0
5089.209941845376	2.0	trials	11.0	0.0	0.0	0.0	0.0	0.0	True	20.0	0.0	0.005	"[58097095.81734212 58911004.87553589 58911583.87771145 58912163.87989074
 58912741.88206254 58913322.8842456  58913901.88642116 58914480.88859671
 58915059.89077226 58915639.89295157               nan               nan
               nan               nan               nan               nan
               nan               nan               nan               nan]"	0.0	0.0	0.0
5097.508174625331	2.0	trials	11.0	0.0	0.0	0.0	0.0	0.0	True	20.0	0.0	0.005	"[58916217.89512336 59007049.23641437 59007628.23858991 59008207.24076547
 59008787.24294479 59009366.24512032 59009945.24729589 59010524.24947143
 59011104.25165075 59011683.25382628               nan               nan
               nan               nan               nan               nan
               nan               nan               nan               nan]"	0.0	0.0	0.0
5103.400417564968	2.0	trials	11.0	0.0	0.0	0.0	0.0	0.0	True	20.0	0.0	0.005	"[59012263.25600561 59075246.49265974 59075825.49483529 59076405.4970146
 59076984.49919015 59077562.50136194 59078142.50354125 59078722.50572056
 59079300.50789235 59079880.51007166               nan               nan
               nan               nan               nan               nan
               nan               nan               nan               nan]"	0.0	0.0	0.0
5109.652604257065	2.0	trials	11.0	0.0	0.0	0.0	0.0	0.0	True	20.0	0.0	0.005	"[59080459.5122472  59147609.76455855 59148188.7667341  59148768.7689134
 59149346.7710852  59149925.77326076 59150505.77544007 59151084.77761561
 59151663.77979115 59152242.78196672               nan               nan
               nan               nan               nan               nan
               nan               nan               nan               nan]"	0.0	0.0	0.0
5115.165290570549	2.0	trials	11.0	0.0	0.0	0.0	0.0	0.0	True	20.0	0.0	0.005	"[59152821.78414227 59211413.00429377 59211993.00647308 59212571.00864486
 59213151.01082418 59213731.01300349 59214309.01517528 59214889.0173546
 59215469.01953389 59216048.02170945               nan               nan
               nan               nan               nan               nan
               nan               nan               nan               nan]"	0.0	0.0	0.0
5124.886018295415	2.0	trials	11.0	0.0	0.0	0.0	0.0	0.0	True	20.0	0.0	0.005	"[59216627.023885   59323922.42703832 59324502.42921763 59325081.43139318
 59325660.43356873 59326239.43574427 59326819.43792359 59327398.44009915
 59327977.4422747  59328556.44445024               nan               nan
               nan               nan               nan               nan
               nan               nan               nan               nan]"	0.0	0.0	0.0
5132.412696176313	2.0	trials	11.0	0.0	0.0	0.0	0.0	0.0	True	20.0	0.0	0.005	"[59329135.44662578 59411035.7543592  59411614.75653475 59412194.75871406
 59412773.76088961 59413353.76306892 59413931.76524072 59414510.76741627
 59415090.76959558 59415670.77177488               nan               nan
               nan               nan               nan               nan
               nan               nan               nan               nan]"	0.0	0.0	0.0
5138.83647391315	2.0	trials	11.0	0.0	0.0	0.0	0.0	0.0	True	20.0	0.0	0.005	"[59416249.77395044 59485385.03372028 59485965.03589957 59486544.03807513
 59487123.04025069 59487703.04242999 59488282.04460555 59488861.04678109
 59489441.0489604  59490020.05113595               nan               nan
               nan               nan               nan               nan
               nan               nan               nan               nan]"	0.0	0.0	0.0
5145.328421506129	2.0	trials	11.0	0.0	0.0	0.0	0.0	0.0	True	20.0	0.0	0.005	"[59490599.0533115  59560524.3160497  59561103.31822526 59561682.32040081
 59562262.32258012 59562841.32475568 59563420.32693122 59564000.32911053
 59564579.33128608 59565158.33346163               nan               nan
               nan               nan               nan               nan
               nan               nan               nan               nan]"	0.0	0.0	0.0
5153.770770027587	2.0	trials	11.0	0.0	0.0	0.0	0.0	0.0	True	20.0	0.0	0.005	"[59565738.33564094 59658236.68319558 59658815.68537114 59659394.68754669
 59659973.68972223 59660553.69190155 59661132.6940771  59661712.69625641
 59662290.69842819 59662871.70061126               nan               nan
               nan               nan               nan               nan
               nan               nan               nan               nan]"	0.0	0.0	0.0
5161.286215866282	2.0	trials	11.0	0.0	0.0	0.0	0.0	0.0	True	20.0	0.0	0.005	"[59663449.70278306 59745221.01003176 59745800.01220731 59746379.01438286
 59746958.01655842 59747537.01873396 59748117.02091328 59748696.02308883
 59749275.02526437 59749854.02743991               nan               nan
               nan               nan               nan               nan
               nan               nan               nan               nan]"	0.0	0.0	0.0
5169.952686829862	2.0	trials	11.0	0.0	0.0	0.0	0.0	0.0	True	20.0	0.0	0.005	"[59750434.02961924 59845527.3869244  59846107.38910371 59846685.39127551
 59847265.39345481 59847844.39563036 59848424.39780967 59849003.39998523
 59849582.40216079 59850161.40433633               nan               nan
               nan               nan               nan               nan
               nan               nan               nan               nan]"	0.0	0.0	0.0
5176.336893218013	2.0	trials	11.0	0.0	0.0	0.0	0.0	0.0	True	20.0	0.0	0.005	"[59850740.40651188 59919417.66456082 59919997.66674011 59920575.66891191
 59921155.67109122 59921734.67326678 59922313.67544232 59922893.67762163
 59923472.67979719 59924051.68197273               nan               nan
               nan               nan               nan               nan
               nan               nan               nan               nan]"	0.0	0.0	0.0
5184.1369417260785	2.0	trials	11.0	0.0	0.0	0.0	0.0	0.0	True	20.0	0.0	0.005	"[59924631.68415204 60009696.00377396 60010276.00595327 60010855.00812881
 60011434.01030438 60012014.01248367 60012594.01466299 60013173.01683854
 60013751.01901034 60014331.02118964               nan               nan
               nan               nan               nan               nan
               nan               nan               nan               nan]"	0.0	0.0	0.0
5189.285450671194	2.0	trials	11.0	0.0	0.0	0.0	0.0	0.0	True	20.0	0.0	0.005	"[60014911.02336895 60069285.22767538 60069865.22985469 60070444.23203024
 60071022.23420203 60071602.23638134 60072182.23856065 60072761.2407362
 60073340.24291175 60073919.2450873                nan               nan
               nan               nan               nan               nan
               nan               nan               nan               nan]"	0.0	0.0	0.0
5199.856616791515	2.0	trials	11.0	0.0	0.0	0.0	0.0	0.0	True	20.0	0.0	0.005	"[60074498.24726286 60191637.68740429 60192216.68957984 60192795.69175539
 60193374.69393095 60193954.69611026 60194533.6982858  60195112.70046136
 60195691.70263691 60196271.70481621               nan               nan
               nan               nan               nan               nan
               nan               nan               nan               nan]"	0.0	0.0	0.0
5209.385190194377	2.0	trials	11.0	0.0	0.0	0.0	0.0	0.0	True	20.0	0.0	0.005	"[60196850.70699176 60301921.10178481 60302501.10396411 60303081.10614342
 60303660.10831897 60304239.11049452 60304818.11267008 60305397.11484563
 60305976.11702118 60306556.11920049               nan               nan
               nan               nan               nan               nan
               nan               nan               nan               nan]"	0.0	0.0	0.0
5218.954976552093	2.0	trials	11.0	0.0	0.0	0.0	0.0	0.0	True	20.0	0.0	0.005	"[60307136.1213798  60412682.51796137 60413261.52013692 60413841.52231622
 60414421.52449553 60414999.52666733 60415579.52884663 60416158.53102218
 60416738.5332015  60417316.53537329               nan               nan
               nan               nan               nan               nan
               nan               nan               nan               nan]"	0.0	0.0	0.0
5225.658345739474	2.0	trials	11.0	0.0	0.0	0.0	0.0	0.0	True	20.0	0.0	0.005	"[60417895.53754885 60490268.80948523 60490847.81166077 60491425.81383257
 60492006.81601564 60492584.81818744 60493164.82036675 60493743.82254229
 60494322.82471785 60494902.82689715               nan               nan
               nan               nan               nan               nan
               nan               nan               nan               nan]"	0.0	0.0	0.0
5232.839249521152	2.0	trials	11.0	0.0	0.0	0.0	0.0	0.0	True	20.0	0.0	0.005	"[60495481.82907271 60573381.12177264 60573960.1239482  60574539.12612374
 60575118.12829929 60575698.13047861 60576277.13265416 60576857.13483347
 60577435.13700526 60578015.13918457               nan               nan
               nan               nan               nan               nan
               nan               nan               nan               nan]"	0.0	0.0	0.0
5243.691994299483	2.0	trials	11.0	0.0	0.0	0.0	0.0	0.0	True	20.0	0.0	0.005	"[60578594.14136013 60698990.59373951 60699569.59591506 60700150.59809812
 60700729.60027367 60701308.60244923 60701887.60462478 60702467.6068041
 60703045.60897588 60703624.61115143               nan               nan
               nan               nan               nan               nan
               nan               nan               nan               nan]"	0.0	0.0	0.0
5254.393711310339	2.0	trials	11.0	0.0	0.0	0.0	0.0	0.0	True	20.0	0.0	0.005	"[60704204.61333074 60822854.0591459  60823432.06131768 60824012.063497
 60824592.0656763  60825171.06785186 60825750.07002742 60826329.07220296
 60826908.07437852 60827488.07655782               nan               nan
               nan               nan               nan               nan
               nan               nan               nan               nan]"	0.0	0.0	0.0
5264.083939720606	2.0	trials	11.0	0.0	0.0	0.0	0.0	0.0	True	20.0	0.0	0.005	"[60828067.07873338 60935009.48056031 60935588.48273586 60936168.48491517
 60936747.48709073 60937326.48926627 60937904.49143808 60938484.49361739
 60939064.49579668 60939642.49796849               nan               nan
               nan               nan               nan               nan
               nan               nan               nan               nan]"	0.0	0.0	0.0
5274.335511040075	2.0	trials	11.0	0.0	0.0	0.0	0.0	0.0	True	20.0	0.0	0.005	"[60940222.50014778 61053660.92638298 61054239.92855854 61054819.93073785
 61055398.9329134  61055978.93509272 61056557.93726825 61057136.93944381
 61057716.94162312 61058295.94379867               nan               nan
               nan               nan               nan               nan
               nan               nan               nan               nan]"	0.0	0.0	0.0
5282.327541069497	2.0	trials	11.0	0.0	0.0	0.0	0.0	0.0	True	20.0	0.0	0.005	"[61058874.94597422 61146161.27394515 61146741.27612445 61147320.27829999
 61147900.28047932 61148478.2826511  61149059.28483417 61149637.28700597
 61150217.28918528 61150796.29136083               nan               nan
               nan               nan               nan               nan
               nan               nan               nan               nan]"	0.0	0.0	0.0
5293.319476770827	2.0	trials	11.0	0.0	0.0	0.0	0.0	0.0	True	20.0	0.0	0.005	"[61151375.29353637 61273382.75196897 61273961.75414453 61274540.75632008
 61275120.75849939 61275699.76067495 61276278.76285049 61276858.7650298
 61277437.76720535 61278017.76938467               nan               nan
               nan               nan               nan               nan
               nan               nan               nan               nan]"	0.0	0.0	0.0
5302.7180176851025	2.0	trials	11.0	0.0	0.0	0.0	0.0	0.0	True	20.0	0.0	0.005	"[61278596.77156021 61382163.16070208 61382742.16287763 61383321.16505318
 61383900.16722873 61384480.16940804 61385059.17158359 61385638.17375913
 61386218.17593845 61386797.178114                 nan               nan
               nan               nan               nan               nan
               nan               nan               nan               nan]"	0.0	0.0	0.0
5311.104378796192	2.0	trials	11.0	0.0	0.0	0.0	0.0	0.0	True	20.0	0.0	0.005	"[61387376.18028955 61479226.52540938 61479806.5275887  61480385.52976424
 61480964.53193979 61481544.5341191  61482122.53629089 61482701.53846645
 61483281.54064575 61483860.5428213                nan               nan
               nan               nan               nan               nan
               nan               nan               nan               nan]"	0.0	0.0	0.0
5317.751587772554	2.0	trials	11.0	0.0	0.0	0.0	0.0	0.0	True	20.0	0.0	0.005	"[61484440.54500061 61556162.81449091 61556741.81666646 61557320.81884201
 61557899.82101757 61558479.82319688 61559059.82537619 61559638.82755174
 61560217.82972728 61560796.83190284               nan               nan
               nan               nan               nan               nan
               nan               nan               nan               nan]"	0.0	0.0	0.0
5326.763746435028	2.0	trials	11.0	0.0	0.0	0.0	0.0	0.0	True	20.0	0.0	0.005	"[61561375.83407839 61660470.20641703 61661049.20859258 61661628.21076813
 61662207.21294369 61662787.21512299 61663366.21729854 61663946.21947785
 61664524.22164965 61665104.22382895               nan               nan
               nan               nan               nan               nan
               nan               nan               nan               nan]"	0.0	0.0	0.0
5386.388351269769	2.0	trials	12.0	0.0	0.0	0.0	0.0	0.0	True	1.0	0.0	1.0	"[61665683.2260045              nan              nan              nan
              nan              nan              nan              nan
              nan              nan              nan              nan
              nan              nan              nan              nan
              nan              nan              nan              nan]"	0.0	0.0	0.0
5395.675954167204	2.0	trials	12.0	0.0	0.0	0.0	0.0	0.0	True	1.0	0.0	1.0	"[62351468.80278523               nan               nan               nan
               nan               nan               nan               nan
               nan               nan               nan               nan
               nan               nan               nan               nan
               nan               nan               nan               nan]"	0.0	0.0	0.0
5402.4626132675385	2.0	trials	12.0	0.0	0.0	0.0	0.0	0.0	True	1.0	0.0	1.0	"[62351473.80280402               nan               nan               nan
               nan               nan               nan               nan
               nan               nan               nan               nan
               nan               nan               nan               nan
               nan               nan               nan               nan]"	0.0	0.0	0.0
5411.792897925347	2.0	trials	12.0	0.0	0.0	0.0	0.0	0.0	True	1.0	0.0	1.0	"[62361186.83929993               nan               nan               nan
               nan               nan               nan               nan
               nan               nan               nan               nan
               nan               nan               nan               nan
               nan               nan               nan               nan]"	0.0	0.0	0.0
5421.453750225236	2.0	trials	12.0	0.0	0.0	0.0	0.0	0.0	True	1.0	0.0	1.0	"[62458968.20670506               nan               nan               nan
               nan               nan               nan               nan
               nan               nan               nan               nan
               nan               nan               nan               nan
               nan               nan               nan               nan]"	0.0	0.0	0.0
5427.848324652344	2.0	trials	12.0	0.0	0.0	0.0	0.0	0.0	True	1.0	0.0	1.0	"[62458971.20671634               nan               nan               nan
               nan               nan               nan               nan
               nan               nan               nan               nan
               nan               nan               nan               nan
               nan               nan               nan               nan]"	0.0	0.0	0.0
5439.48860838979	2.0	trials	12.0	0.0	0.0	0.0	0.0	0.0	True	1.0	0.0	1.0	"[62468683.24320848               nan               nan               nan
               nan               nan               nan               nan
               nan               nan               nan               nan
               nan               nan               nan               nan
               nan               nan               nan               nan]"	0.0	0.0	0.0
5447.060905642099	2.0	trials	12.0	0.0	0.0	0.0	0.0	0.0	True	0.0	0.0	0.0	"[nan nan nan nan nan nan nan nan nan nan nan nan nan nan nan nan nan nan
 nan nan]"	0.0	0.0	0.0
5454.350760233151	2.0	trials	12.0	0.0	0.0	0.0	0.0	0.0	True	1.0	0.0	1.0	"[62537521.50186236               nan               nan               nan
               nan               nan               nan               nan
               nan               nan               nan               nan
               nan               nan               nan               nan
               nan               nan               nan               nan]"	0.0	0.0	0.0
5463.127305210326	2.0	trials	12.0	0.0	0.0	0.0	0.0	0.0	True	1.0	0.0	1.0	"[62547232.53835075               nan               nan               nan
               nan               nan               nan               nan
               nan               nan               nan               nan
               nan               nan               nan               nan
               nan               nan               nan               nan]"	0.0	0.0	0.0
5472.992407877669	2.0	trials	12.0	0.0	0.0	0.0	0.0	0.0	True	1.0	0.0	1.0	"[62645512.90763085               nan               nan               nan
               nan               nan               nan               nan
               nan               nan               nan               nan
               nan               nan               nan               nan
               nan               nan               nan               nan]"	0.0	0.0	0.0
5482.10332211121	2.0	trials	12.0	0.0	0.0	0.0	0.0	0.0	True	1.0	0.0	1.0	"[62655219.94410421               nan               nan               nan
               nan               nan               nan               nan
               nan               nan               nan               nan
               nan               nan               nan               nan
               nan               nan               nan               nan]"	0.0	0.0	0.0
5489.830967147225	2.0	trials	12.0	0.0	0.0	0.0	0.0	0.0	True	1.0	0.0	1.0	"[62655221.94411172               nan               nan               nan
               nan               nan               nan               nan
               nan               nan               nan               nan
               nan               nan               nan               nan
               nan               nan               nan               nan]"	0.0	0.0	0.0
5501.685178088486	2.0	trials	12.0	0.0	0.0	0.0	0.0	0.0	True	1.0	0.0	1.0	"[62655224.944123             nan             nan             nan
             nan             nan             nan             nan
             nan             nan             nan             nan
             nan             nan             nan             nan
             nan             nan             nan             nan]"	0.0	0.0	0.0
5513.234914285707	2.0	trials	12.0	0.0	0.0	0.0	0.0	0.0	True	1.0	0.0	1.0	"[62757325.32775646               nan               nan               nan
               nan               nan               nan               nan
               nan               nan               nan               nan
               nan               nan               nan               nan
               nan               nan               nan               nan]"	0.0	0.0	0.0
5521.497204530611	2.0	trials	12.0	0.0	0.0	0.0	0.0	0.0	True	1.0	0.0	1.0	"[62757328.32776773               nan               nan               nan
               nan               nan               nan               nan
               nan               nan               nan               nan
               nan               nan               nan               nan
               nan               nan               nan               nan]"	0.0	0.0	0.0
5528.637759360681	2.0	trials	12.0	0.0	0.0	0.0	0.0	0.0	True	0.0	0.0	0.0	"[nan nan nan nan nan nan nan nan nan nan nan nan nan nan nan nan nan nan
 nan nan]"	0.0	0.0	0.0
5538.003295350943	2.0	trials	12.0	0.0	0.0	0.0	0.0	0.0	True	1.0	0.0	1.0	"[62767037.3642486              nan              nan              nan
              nan              nan              nan              nan
              nan              nan              nan              nan
              nan              nan              nan              nan
              nan              nan              nan              nan]"	0.0	0.0	0.0
5546.912896828067	2.0	trials	12.0	0.0	0.0	0.0	0.0	0.0	True	1.0	0.0	1.0	"[62831337.60585129               nan               nan               nan
               nan               nan               nan               nan
               nan               nan               nan               nan
               nan               nan               nan               nan
               nan               nan               nan               nan]"	0.0	0.0	0.0
5558.681485047607	2.0	trials	12.0	0.0	0.0	0.0	0.0	0.0	True	1.0	0.0	1.0	"[62841042.64231712               nan               nan               nan
               nan               nan               nan               nan
               nan               nan               nan               nan
               nan               nan               nan               nan
               nan               nan               nan               nan]"	0.0	0.0	0.0
5568.220080888126	2.0	trials	12.0	0.0	0.0	0.0	0.0	0.0	True	0.0	0.0	0.0	"[nan nan nan nan nan nan nan nan nan nan nan nan nan nan nan nan nan nan
 nan nan]"	0.0	0.0	0.0
5576.92180318416	2.0	trials	12.0	0.0	0.0	0.0	0.0	0.0	True	1.0	0.0	1.0	"[62841047.64233591               nan               nan               nan
               nan               nan               nan               nan
               nan               nan               nan               nan
               nan               nan               nan               nan
               nan               nan               nan               nan]"	0.0	0.0	0.0
5586.3097168585045	2.0	trials	12.0	0.0	0.0	0.0	0.0	0.0	True	1.0	0.0	1.0	"[62841050.64234718               nan               nan               nan
               nan               nan               nan               nan
               nan               nan               nan               nan
               nan               nan               nan               nan
               nan               nan               nan               nan]"	0.0	0.0	0.0
5592.717683335932	2.0	trials	12.0	0.0	0.0	0.0	0.0	0.0	True	1.0	0.0	1.0	"[62966063.11207086               nan               nan               nan
               nan               nan               nan               nan
               nan               nan               nan               nan
               nan               nan               nan               nan
               nan               nan               nan               nan]"	0.0	0.0	0.0
5603.085463092046	2.0	trials	12.0	0.0	0.0	0.0	0.0	0.0	True	1.0	0.0	1.0	"[62975771.14854797               nan               nan               nan
               nan               nan               nan               nan
               nan               nan               nan               nan
               nan               nan               nan               nan
               nan               nan               nan               nan]"	0.0	0.0	0.0
5610.3206262776	2.0	trials	12.0	0.0	0.0	0.0	0.0	0.0	True	0.0	0.0	0.0	"[nan nan nan nan nan nan nan nan nan nan nan nan nan nan nan nan nan nan
 nan nan]"	0.0	0.0	0.0
5621.159201402689	2.0	trials	12.0	0.0	0.0	0.0	0.0	0.0	True	1.0	0.0	1.0	"[62975775.14856301               nan               nan               nan
               nan               nan               nan               nan
               nan               nan               nan               nan
               nan               nan               nan               nan
               nan               nan               nan               nan]"	0.0	0.0	0.0
5631.9159554203425	2.0	trials	12.0	0.0	0.0	0.0	0.0	0.0	True	1.0	0.0	1.0	"[62975778.14857429               nan               nan               nan
               nan               nan               nan               nan
               nan               nan               nan               nan
               nan               nan               nan               nan
               nan               nan               nan               nan]"	0.0	0.0	0.0
5638.7442594771555	2.0	trials	12.0	0.0	0.0	0.0	0.0	0.0	True	1.0	0.0	1.0	"[63063417.47787158               nan               nan               nan
               nan               nan               nan               nan
               nan               nan               nan               nan
               nan               nan               nan               nan
               nan               nan               nan               nan]"	0.0	0.0	0.0
5649.507752720131	2.0	trials	12.0	0.0	0.0	0.0	0.0	0.0	True	0.0	0.0	0.0	"[nan nan nan nan nan nan nan nan nan nan nan nan nan nan nan nan nan nan
 nan nan]"	0.0	0.0	0.0
