onset	duration	nwb_table	Block	sound	sound_puretone	sound_bluenoise	sound_freq	sound_amp	optogenetics	opto_freq	opto_power	opto_pulse_duration	opto_pulse_ts	airpuff	airpuff_duration	airpuff_amp
336.39500108579654	2.0	trials	1.0	1.0	1.0	0.0	10000.0	1.0	False	0.0	0.0	0.0	[NaN, NaN, NaN, NaN, NaN, NaN, NaN, NaN, NaN, NaN, NaN, NaN, NaN, NaN, NaN, NaN, NaN, NaN, NaN, NaN]	0.0	0.0	0.0
344.68116525781255	2.0	trials	1.0	1.0	1.0	0.0	10000.0	1.0	False	0.0	0.0	0.0	[NaN, NaN, NaN, NaN, NaN, NaN, NaN, NaN, NaN, NaN, NaN, NaN, NaN, NaN, NaN, NaN, NaN, NaN, NaN, NaN]	0.0	0.0	0.0
351.7933301725496	2.0	trials	1.0	1.0	1.0	0.0	10000.0	1.0	False	0.0	0.0	0.0	[NaN, NaN, NaN, NaN, NaN, NaN, NaN, NaN, NaN, NaN, NaN, NaN, NaN, NaN, NaN, NaN, NaN, NaN, NaN, NaN]	0.0	0.0	0.0
358.3573753280741	2.0	trials	1.0	1.0	1.0	0.0	10000.0	1.0	False	0.0	0.0	0.0	[NaN, NaN, NaN, NaN, NaN, NaN, NaN, NaN, NaN, NaN, NaN, NaN, NaN, NaN, NaN, NaN, NaN, NaN, NaN, NaN]	0.0	0.0	0.0
366.7490335458024	2.0	trials	1.0	1.0	1.0	0.0	10000.0	1.0	False	0.0	0.0	0.0	[NaN, NaN, NaN, NaN, NaN, NaN, NaN, NaN, NaN, NaN, NaN, NaN, NaN, NaN, NaN, NaN, NaN, NaN, NaN, NaN]	0.0	0.0	0.0
373.41451196067675	2.0	trials	1.0	1.0	1.0	0.0	10000.0	1.0	False	0.0	0.0	0.0	[NaN, NaN, NaN, NaN, NaN, NaN, NaN, NaN, NaN, NaN, NaN, NaN, NaN, NaN, NaN, NaN, NaN, NaN, NaN, NaN]	0.0	0.0	0.0
383.23694937332283	2.0	trials	1.0	1.0	1.0	0.0	10000.0	1.0	False	0.0	0.0	0.0	[NaN, NaN, NaN, NaN, NaN, NaN, NaN, NaN, NaN, NaN, NaN, NaN, NaN, NaN, NaN, NaN, NaN, NaN, NaN, NaN]	0.0	0.0	0.0
391.7988150194321	2.0	trials	1.0	1.0	1.0	0.0	10000.0	1.0	False	0.0	0.0	0.0	[NaN, NaN, NaN, NaN, NaN, NaN, NaN, NaN, NaN, NaN, NaN, NaN, NaN, NaN, NaN, NaN, NaN, NaN, NaN, NaN]	0.0	0.0	0.0
400.9667746300551	2.0	trials	1.0	1.0	1.0	0.0	10000.0	1.0	False	0.0	0.0	0.0	[NaN, NaN, NaN, NaN, NaN, NaN, NaN, NaN, NaN, NaN, NaN, NaN, NaN, NaN, NaN, NaN, NaN, NaN, NaN, NaN]	0.0	0.0	0.0
410.30528726789834	2.0	trials	1.0	1.0	1.0	0.0	10000.0	1.0	False	0.0	0.0	0.0	[NaN, NaN, NaN, NaN, NaN, NaN, NaN, NaN, NaN, NaN, NaN, NaN, NaN, NaN, NaN, NaN, NaN, NaN, NaN, NaN]	0.0	0.0	0.0
419.6215087806034	2.0	trials	1.0	1.0	1.0	0.0	10000.0	1.0	False	0.0	0.0	0.0	[NaN, NaN, NaN, NaN, NaN, NaN, NaN, NaN, NaN, NaN, NaN, NaN, NaN, NaN, NaN, NaN, NaN, NaN, NaN, NaN]	0.0	0.0	0.0
429.4014375360092	2.0	trials	1.0	1.0	1.0	0.0	10000.0	1.0	False	0.0	0.0	0.0	[NaN, NaN, NaN, NaN, NaN, NaN, NaN, NaN, NaN, NaN, NaN, NaN, NaN, NaN, NaN, NaN, NaN, NaN, NaN, NaN]	0.0	0.0	0.0
439.61915362116423	2.0	trials	1.0	1.0	1.0	0.0	10000.0	1.0	False	0.0	0.0	0.0	[NaN, NaN, NaN, NaN, NaN, NaN, NaN, NaN, NaN, NaN, NaN, NaN, NaN, NaN, NaN, NaN, NaN, NaN, NaN, NaN]	0.0	0.0	0.0
446.962956157977	2.0	trials	1.0	1.0	1.0	0.0	10000.0	1.0	False	0.0	0.0	0.0	[NaN, NaN, NaN, NaN, NaN, NaN, NaN, NaN, NaN, NaN, NaN, NaN, NaN, NaN, NaN, NaN, NaN, NaN, NaN, NaN]	0.0	0.0	0.0
455.75326263689794	2.0	trials	1.0	1.0	1.0	0.0	10000.0	1.0	False	0.0	0.0	0.0	[NaN, NaN, NaN, NaN, NaN, NaN, NaN, NaN, NaN, NaN, NaN, NaN, NaN, NaN, NaN, NaN, NaN, NaN, NaN, NaN]	0.0	0.0	0.0
463.4334192441101	2.0	trials	1.0	1.0	1.0	0.0	10000.0	1.0	False	0.0	0.0	0.0	[NaN, NaN, NaN, NaN, NaN, NaN, NaN, NaN, NaN, NaN, NaN, NaN, NaN, NaN, NaN, NaN, NaN, NaN, NaN, NaN]	0.0	0.0	0.0
472.111751699081	2.0	trials	1.0	1.0	1.0	0.0	10000.0	1.0	False	0.0	0.0	0.0	[NaN, NaN, NaN, NaN, NaN, NaN, NaN, NaN, NaN, NaN, NaN, NaN, NaN, NaN, NaN, NaN, NaN, NaN, NaN, NaN]	0.0	0.0	0.0
478.6744144592482	2.0	trials	1.0	1.0	1.0	0.0	10000.0	1.0	False	0.0	0.0	0.0	[NaN, NaN, NaN, NaN, NaN, NaN, NaN, NaN, NaN, NaN, NaN, NaN, NaN, NaN, NaN, NaN, NaN, NaN, NaN, NaN]	0.0	0.0	0.0
487.7454335954329	2.0	trials	1.0	1.0	1.0	0.0	10000.0	1.0	False	0.0	0.0	0.0	[NaN, NaN, NaN, NaN, NaN, NaN, NaN, NaN, NaN, NaN, NaN, NaN, NaN, NaN, NaN, NaN, NaN, NaN, NaN, NaN]	0.0	0.0	0.0
497.2634848303196	2.0	trials	1.0	1.0	1.0	0.0	10000.0	1.0	False	0.0	0.0	0.0	[NaN, NaN, NaN, NaN, NaN, NaN, NaN, NaN, NaN, NaN, NaN, NaN, NaN, NaN, NaN, NaN, NaN, NaN, NaN, NaN]	0.0	0.0	0.0
506.95753227414633	2.0	trials	1.0	1.0	1.0	0.0	10000.0	1.0	False	0.0	0.0	0.0	[NaN, NaN, NaN, NaN, NaN, NaN, NaN, NaN, NaN, NaN, NaN, NaN, NaN, NaN, NaN, NaN, NaN, NaN, NaN, NaN]	0.0	0.0	0.0
515.4228894443664	2.0	trials	1.0	1.0	1.0	0.0	10000.0	1.0	False	0.0	0.0	0.0	[NaN, NaN, NaN, NaN, NaN, NaN, NaN, NaN, NaN, NaN, NaN, NaN, NaN, NaN, NaN, NaN, NaN, NaN, NaN, NaN]	0.0	0.0	0.0
523.4810447821201	2.0	trials	1.0	1.0	1.0	0.0	10000.0	1.0	False	0.0	0.0	0.0	[NaN, NaN, NaN, NaN, NaN, NaN, NaN, NaN, NaN, NaN, NaN, NaN, NaN, NaN, NaN, NaN, NaN, NaN, NaN, NaN]	0.0	0.0	0.0
531.6810684434276	2.0	trials	1.0	1.0	1.0	0.0	10000.0	1.0	False	0.0	0.0	0.0	[NaN, NaN, NaN, NaN, NaN, NaN, NaN, NaN, NaN, NaN, NaN, NaN, NaN, NaN, NaN, NaN, NaN, NaN, NaN, NaN]	0.0	0.0	0.0
539.1168866712179	2.0	trials	1.0	1.0	1.0	0.0	10000.0	1.0	False	0.0	0.0	0.0	[NaN, NaN, NaN, NaN, NaN, NaN, NaN, NaN, NaN, NaN, NaN, NaN, NaN, NaN, NaN, NaN, NaN, NaN, NaN, NaN]	0.0	0.0	0.0
546.5872647829432	2.0	trials	1.0	1.0	1.0	0.0	10000.0	1.0	False	0.0	0.0	0.0	[NaN, NaN, NaN, NaN, NaN, NaN, NaN, NaN, NaN, NaN, NaN, NaN, NaN, NaN, NaN, NaN, NaN, NaN, NaN, NaN]	0.0	0.0	0.0
557.6583508021686	2.0	trials	1.0	1.0	1.0	0.0	10000.0	1.0	False	0.0	0.0	0.0	[NaN, NaN, NaN, NaN, NaN, NaN, NaN, NaN, NaN, NaN, NaN, NaN, NaN, NaN, NaN, NaN, NaN, NaN, NaN, NaN]	0.0	0.0	0.0
567.7252993936562	2.0	trials	1.0	1.0	1.0	0.0	10000.0	1.0	False	0.0	0.0	0.0	[NaN, NaN, NaN, NaN, NaN, NaN, NaN, NaN, NaN, NaN, NaN, NaN, NaN, NaN, NaN, NaN, NaN, NaN, NaN, NaN]	0.0	0.0	0.0
575.1650056083892	2.0	trials	1.0	1.0	1.0	0.0	10000.0	1.0	False	0.0	0.0	0.0	[NaN, NaN, NaN, NaN, NaN, NaN, NaN, NaN, NaN, NaN, NaN, NaN, NaN, NaN, NaN, NaN, NaN, NaN, NaN, NaN]	0.0	0.0	0.0
581.5191858687172	2.0	trials	1.0	1.0	1.0	0.0	10000.0	1.0	False	0.0	0.0	0.0	[NaN, NaN, NaN, NaN, NaN, NaN, NaN, NaN, NaN, NaN, NaN, NaN, NaN, NaN, NaN, NaN, NaN, NaN, NaN, NaN]	0.0	0.0	0.0
588.077183044553	2.0	trials	1.0	1.0	1.0	0.0	10000.0	1.0	False	0.0	0.0	0.0	[NaN, NaN, NaN, NaN, NaN, NaN, NaN, NaN, NaN, NaN, NaN, NaN, NaN, NaN, NaN, NaN, NaN, NaN, NaN, NaN]	0.0	0.0	0.0
596.7769426275637	2.0	trials	1.0	1.0	1.0	0.0	10000.0	1.0	False	0.0	0.0	0.0	[NaN, NaN, NaN, NaN, NaN, NaN, NaN, NaN, NaN, NaN, NaN, NaN, NaN, NaN, NaN, NaN, NaN, NaN, NaN, NaN]	0.0	0.0	0.0
605.7437637136837	2.0	trials	1.0	1.0	1.0	0.0	10000.0	1.0	False	0.0	0.0	0.0	[NaN, NaN, NaN, NaN, NaN, NaN, NaN, NaN, NaN, NaN, NaN, NaN, NaN, NaN, NaN, NaN, NaN, NaN, NaN, NaN]	0.0	0.0	0.0
612.826984725625	2.0	trials	1.0	1.0	1.0	0.0	10000.0	1.0	False	0.0	0.0	0.0	[NaN, NaN, NaN, NaN, NaN, NaN, NaN, NaN, NaN, NaN, NaN, NaN, NaN, NaN, NaN, NaN, NaN, NaN, NaN, NaN]	0.0	0.0	0.0
620.3522266530977	2.0	trials	1.0	1.0	1.0	0.0	10000.0	1.0	False	0.0	0.0	0.0	[NaN, NaN, NaN, NaN, NaN, NaN, NaN, NaN, NaN, NaN, NaN, NaN, NaN, NaN, NaN, NaN, NaN, NaN, NaN, NaN]	0.0	0.0	0.0
629.2433615933996	2.0	trials	1.0	1.0	1.0	0.0	10000.0	1.0	False	0.0	0.0	0.0	[NaN, NaN, NaN, NaN, NaN, NaN, NaN, NaN, NaN, NaN, NaN, NaN, NaN, NaN, NaN, NaN, NaN, NaN, NaN, NaN]	0.0	0.0	0.0
638.7649552163897	2.0	trials	1.0	1.0	1.0	0.0	10000.0	1.0	False	0.0	0.0	0.0	[NaN, NaN, NaN, NaN, NaN, NaN, NaN, NaN, NaN, NaN, NaN, NaN, NaN, NaN, NaN, NaN, NaN, NaN, NaN, NaN]	0.0	0.0	0.0
647.9451835858096	2.0	trials	1.0	1.0	1.0	0.0	10000.0	1.0	False	0.0	0.0	0.0	[NaN, NaN, NaN, NaN, NaN, NaN, NaN, NaN, NaN, NaN, NaN, NaN, NaN, NaN, NaN, NaN, NaN, NaN, NaN, NaN]	0.0	0.0	0.0
658.3373406851276	2.0	trials	1.0	1.0	1.0	0.0	10000.0	1.0	False	0.0	0.0	0.0	[NaN, NaN, NaN, NaN, NaN, NaN, NaN, NaN, NaN, NaN, NaN, NaN, NaN, NaN, NaN, NaN, NaN, NaN, NaN, NaN]	0.0	0.0	0.0
669.3138190220802	2.0	trials	1.0	1.0	1.0	0.0	10000.0	1.0	False	0.0	0.0	0.0	[NaN, NaN, NaN, NaN, NaN, NaN, NaN, NaN, NaN, NaN, NaN, NaN, NaN, NaN, NaN, NaN, NaN, NaN, NaN, NaN]	0.0	0.0	0.0
679.9498825022711	2.0	trials	1.0	1.0	1.0	0.0	10000.0	1.0	False	0.0	0.0	0.0	[NaN, NaN, NaN, NaN, NaN, NaN, NaN, NaN, NaN, NaN, NaN, NaN, NaN, NaN, NaN, NaN, NaN, NaN, NaN, NaN]	0.0	0.0	0.0
690.7012031953858	2.0	trials	1.0	1.0	1.0	0.0	10000.0	1.0	False	0.0	0.0	0.0	[NaN, NaN, NaN, NaN, NaN, NaN, NaN, NaN, NaN, NaN, NaN, NaN, NaN, NaN, NaN, NaN, NaN, NaN, NaN, NaN]	0.0	0.0	0.0
699.755979186121	2.0	trials	1.0	1.0	1.0	0.0	10000.0	1.0	False	0.0	0.0	0.0	[NaN, NaN, NaN, NaN, NaN, NaN, NaN, NaN, NaN, NaN, NaN, NaN, NaN, NaN, NaN, NaN, NaN, NaN, NaN, NaN]	0.0	0.0	0.0
709.5715910216899	2.0	trials	1.0	1.0	1.0	0.0	10000.0	1.0	False	0.0	0.0	0.0	[NaN, NaN, NaN, NaN, NaN, NaN, NaN, NaN, NaN, NaN, NaN, NaN, NaN, NaN, NaN, NaN, NaN, NaN, NaN, NaN]	0.0	0.0	0.0
715.8201044368859	2.0	trials	1.0	1.0	1.0	0.0	10000.0	1.0	False	0.0	0.0	0.0	[NaN, NaN, NaN, NaN, NaN, NaN, NaN, NaN, NaN, NaN, NaN, NaN, NaN, NaN, NaN, NaN, NaN, NaN, NaN, NaN]	0.0	0.0	0.0
722.5732785572459	2.0	trials	1.0	1.0	1.0	0.0	10000.0	1.0	False	0.0	0.0	0.0	[NaN, NaN, NaN, NaN, NaN, NaN, NaN, NaN, NaN, NaN, NaN, NaN, NaN, NaN, NaN, NaN, NaN, NaN, NaN, NaN]	0.0	0.0	0.0
731.2794317187847	2.0	trials	1.0	1.0	1.0	0.0	10000.0	1.0	False	0.0	0.0	0.0	[NaN, NaN, NaN, NaN, NaN, NaN, NaN, NaN, NaN, NaN, NaN, NaN, NaN, NaN, NaN, NaN, NaN, NaN, NaN, NaN]	0.0	0.0	0.0
738.4494844391129	2.0	trials	1.0	1.0	1.0	0.0	10000.0	1.0	False	0.0	0.0	0.0	[NaN, NaN, NaN, NaN, NaN, NaN, NaN, NaN, NaN, NaN, NaN, NaN, NaN, NaN, NaN, NaN, NaN, NaN, NaN, NaN]	0.0	0.0	0.0
748.9431611974908	2.0	trials	1.0	1.0	1.0	0.0	10000.0	1.0	False	0.0	0.0	0.0	[NaN, NaN, NaN, NaN, NaN, NaN, NaN, NaN, NaN, NaN, NaN, NaN, NaN, NaN, NaN, NaN, NaN, NaN, NaN, NaN]	0.0	0.0	0.0
757.3552961464507	2.0	trials	1.0	1.0	1.0	0.0	10000.0	1.0	False	0.0	0.0	0.0	[NaN, NaN, NaN, NaN, NaN, NaN, NaN, NaN, NaN, NaN, NaN, NaN, NaN, NaN, NaN, NaN, NaN, NaN, NaN, NaN]	0.0	0.0	0.0
814.1651789579903	2.0	trials	2.0	1.0	1.0	0.0	10000.0	1.0	True	40.0	0.0	0.005	[9431319.062491568, 9431609.061517643, 9431898.060547076, 9432189.059569793, 9432478.058599226, 9432767.057628658, 9433057.056654733, 9433346.055684168, 9433637.054706883, 9433927.053732958, 9434216.052762391, 9434506.051788466, 9434795.0508179, 9435084.049847333, 9435374.048873408, 9435663.04790284, 9435953.046928914, 9436243.04595499, 9436532.044984424, 9436822.0440105]	0.0	0.0	0.0
821.9130729377155	2.0	trials	2.0	1.0	1.0	0.0	10000.0	1.0	True	40.0	0.0	0.005	[9520994.761327047, 9521283.76035648, 9521573.759382555, 9521863.75840863, 9522152.757438064, 9522442.756464139, 9522731.755493572, 9523021.754519647, 9523310.75354908, 9523600.752575155, 9523889.751604587, 9524179.750630662, 9524469.749656737, 9524759.748682812, 9525048.747712245, 9525337.746741679, 9525628.745764395, 9525916.744797187, 9526207.743819904, 9526495.742852693]	0.0	0.0	0.0
828.6976101527467	2.0	trials	2.0	1.0	1.0	0.0	10000.0	1.0	True	40.0	0.0	0.005	[9599519.497611627, 9599809.496637704, 9600098.495667135, 9600388.49469321, 9600678.493719285, 9600967.492748719, 9601257.491774794, 9601547.490800869, 9601836.489830302, 9602126.488856377, 9602416.487882452, 9602705.486911885, 9602995.48593796, 9603284.484967394, 9603574.483993469, 9603864.483019544, 9604153.482048975, 9604442.481078409, 9604733.480101125, 9605022.479130559]	0.0	0.0	0.0
839.1735749706077	2.0	trials	2.0	1.0	1.0	0.0	10000.0	1.0	True	40.0	0.0	0.005	[9720768.090413526, 9721058.0894396, 9721348.088465676, 9721637.087495109, 9721927.086521184, 9722216.085550617, 9722506.084576692, 9722795.083606124, 9723084.08263556, 9723375.081658276, 9723664.080687707, 9723954.079713782, 9724244.078739857, 9724534.077765932, 9724823.076795366, 9725113.07582144, 9725403.074847516, 9725692.073876949, 9725982.072903024, 9726271.071932457]	0.0	0.0	0.0
846.4701168661389	2.0	trials	2.0	1.0	1.0	0.0	10000.0	1.0	True	40.0	0.0	0.005	[9805219.806793094, 9805508.805822525, 9805798.8048486, 9806088.803874675, 9806378.80290075, 9806666.801933542, 9806957.800956259, 9807247.799982332, 9807536.799011765, 9807826.79803784, 9808115.797067275, 9808405.79609335, 9808694.795122782, 9808984.794148857, 9809273.79317829, 9809563.792204365, 9809853.79123044, 9810142.790259873, 9810432.789285949, 9810722.788312024]	0.0	0.0	0.0
855.5254112551331	2.0	trials	2.0	1.0	1.0	0.0	10000.0	1.0	True	40.0	0.0	0.005	[9910025.454816544, 9910315.45384262, 9910604.452872055, 9910894.45189813, 9911183.450927563, 9911474.44995028, 9911763.448979711, 9912052.448009145, 9912343.447031861, 9912632.446061295, 9912922.44508737, 9913211.444116801, 9913501.443142876, 9913790.442172311, 9914081.441195026, 9914369.440227818, 9914659.439253893, 9914949.438279968, 9915238.437309401, 9915528.436335476]	0.0	0.0	0.0
863.6001553371756	2.0	trials	2.0	1.0	1.0	0.0	10000.0	1.0	True	40.0	0.0	0.005	[10003483.140950697, 10003772.139980132, 10004063.139002848, 10004353.138028923, 10004641.137061713, 10004932.136084432, 10005220.135117222, 10005511.134139938, 10005801.133166013, 10006091.132192088, 10006380.131221522, 10006669.130250955, 10006958.129280388, 10007248.128306463, 10007538.127332538, 10007828.126358613, 10008117.125388047, 10008407.124414122, 10008696.123443555, 10008987.122466272]	0.0	0.0	0.0
870.7035938812189	2.0	trials	2.0	1.0	1.0	0.0	10000.0	1.0	True	40.0	0.0	0.005	[10085699.864836203, 10085988.863865638, 10086279.862888353, 10086568.861917786, 10086858.860943861, 10087147.859973295, 10087436.859002728, 10087727.858025445, 10088015.857058235, 10088305.85608431, 10088595.855110385, 10088884.85413982, 10089174.853165895, 10089464.852191968, 10089755.851214685, 10090043.850247476, 10090333.849273551, 10090623.848299626, 10090912.84732906, 10091201.846358493]	0.0	0.0	0.0
878.2946723875881	2.0	trials	2.0	1.0	1.0	0.0	10000.0	1.0	True	40.0	0.0	0.005	[10173560.569767112, 10173848.568799904, 10174138.567825979, 10174427.566855412, 10174717.565881487, 10175007.564907562, 10175296.563936993, 10175587.56295971, 10175876.561989143, 10176166.561015218, 10176456.560041294, 10176744.559074085, 10177035.558096802, 10177324.557126235, 10177614.55615231, 10177904.555178385, 10178194.55420446, 10178483.553233892, 10178773.552259967, 10179062.551289402]	0.0	0.0	0.0
885.4516787517309	2.0	trials	2.0	1.0	1.0	0.0	10000.0	1.0	True	40.0	0.0	0.005	[10256394.291580508, 10256684.290606583, 10256973.289636014, 10257264.28865873, 10257553.287688164, 10257842.2867176, 10258132.285743674, 10258422.28476975, 10258711.28379918, 10259001.282825256, 10259290.28185469, 10259580.280880764, 10259870.27990684, 10260160.278932914, 10260449.277962347, 10260739.276988422, 10261028.276017856, 10261318.27504393, 10261608.274070004, 10261898.27309608]	0.0	0.0	0.0
894.0283187482225	2.0	trials	2.0	1.0	1.0	0.0	10000.0	1.0	True	40.0	0.0	0.005	[10355660.958205933, 10355950.957232008, 10356240.95625808, 10356529.955287514, 10356818.954316948, 10357109.953339664, 10357398.952369098, 10357687.95139853, 10357977.950424606, 10358267.949450681, 10358556.948480114, 10358846.94750619, 10359136.946532264, 10359425.945561696, 10359715.94458777, 10360005.943613846, 10360294.94264328, 10360585.941665998, 10360874.94069543, 10361164.939721504]	0.0	0.0	0.0
904.4597877155168	2.0	trials	2.0	1.0	1.0	0.0	10000.0	1.0	True	40.0	0.0	0.005	[10476396.55273067, 10476684.551763464, 10476975.550786179, 10477264.549815612, 10477553.548845045, 10477843.54787112, 10478133.546897195, 10478423.54592327, 10478712.544952702, 10479002.543978777, 10479292.543004852, 10479581.542034287, 10479871.541060362, 10480161.540086435, 10480450.539115869, 10480740.538141944, 10481029.537171377, 10481320.536194094, 10481609.535223525, 10481899.5342496]	0.0	0.0	0.0
910.8102527883217	2.0	trials	2.0	1.0	1.0	0.0	10000.0	1.0	True	40.0	0.0	0.005	[10549897.305887664, 10550186.304917097, 10550474.30394989, 10550765.302972605, 10551054.302002039, 10551345.301024755, 10551634.300054189, 10551924.299080264, 10552214.298106339, 10552502.297139129, 10552793.296161845, 10553082.295191279, 10553371.294220712, 10553662.293243429, 10553952.292269504, 10554241.291298937, 10554530.29032837, 10554821.289351087, 10555109.288383879, 10555399.287409952]	0.0	0.0	0.0
920.1576645962783	2.0	trials	2.0	1.0	1.0	0.0	10000.0	1.0	True	40.0	0.0	0.005	[10658083.942556495, 10658374.941579212, 10658664.940605287, 10658952.939638076, 10659241.93866751, 10659532.937690226, 10659822.936716301, 10660112.935742376, 10660401.93477181, 10660690.933801243, 10660981.93282396, 10661270.931853393, 10661560.930879468, 10661849.929908901, 10662139.928934975, 10662428.927964408, 10662718.926990483, 10663008.926016558, 10663297.925045993, 10663587.924072066]	0.0	0.0	0.0
930.7902720880757	2.0	trials	2.0	1.0	1.0	0.0	10000.0	1.0	True	40.0	0.0	0.005	[10781145.529269682, 10781435.528295757, 10781726.527318474, 10782016.526344547, 10782305.525373982, 10782595.524400057, 10782884.52342949, 10783173.522458922, 10783463.521484997, 10783752.52051443, 10784042.519540505, 10784333.518563222, 10784621.517596014, 10784912.51661873, 10785201.515648164, 10785491.514674239, 10785781.513700314, 10786070.512729747, 10786360.51175582, 10786650.510781895]	0.0	0.0	0.0
938.8543026060981	2.0	trials	2.0	1.0	1.0	0.0	10000.0	1.0	True	40.0	0.0	0.005	[10874481.215813555, 10874771.21483963, 10875060.213869061, 10875350.212895136, 10875640.211921213, 10875929.210950645, 10876218.209980078, 10876508.209006153, 10876798.208032228, 10877087.207061661, 10877377.206087736, 10877666.20511717, 10877958.204136528, 10878246.20316932, 10878536.202195395, 10878826.20122147, 10879115.200250903, 10879405.199276978, 10879694.19830641, 10879983.197335843]	0.0	0.0	0.0
946.2394042042134	2.0	trials	2.0	1.0	1.0	0.0	10000.0	1.0	True	40.0	0.0	0.005	[10959955.928757515, 10960245.92778359, 10960534.926813023, 10960825.92583574, 10961113.924868532, 10961404.923891248, 10961694.922917323, 10961983.921946757, 10962272.920976188, 10962563.919998905, 10962852.919028338, 10963142.918054413, 10963431.917083846, 10963721.916109923, 10964011.915135998, 10964301.914162071, 10964589.913194863, 10964879.912220938, 10965170.911243655, 10965459.910273088]	0.0	0.0	0.0
956.9063123808164	2.0	trials	2.0	1.0	1.0	0.0	10000.0	1.0	True	40.0	0.0	0.005	[11083416.514130715, 11083706.51315679, 11083995.512186224, 11084285.511212299, 11084573.51024509, 11084864.509267807, 11085152.508300599, 11085442.507326674, 11085732.506352747, 11086022.505378822, 11086313.504401539, 11086601.503434332, 11086891.502460407, 11087180.50148984, 11087471.500512555, 11087760.499541989, 11088050.498568064, 11088339.497597497, 11088628.49662693, 11088919.495649647]	0.0	0.0	0.0
964.9896964338426	2.0	trials	2.0	1.0	1.0	0.0	10000.0	1.0	True	40.0	0.0	0.005	[11176973.19993239, 11177264.198955107, 11177553.19798454, 11177842.197013974, 11178132.196040047, 11178422.195066122, 11178711.194095556, 11179001.19312163, 11179290.192151064, 11179581.19117378, 11179869.190206572, 11180159.189232647, 11180449.188258722, 11180739.187284797, 11181029.186310872, 11181318.185340304, 11181607.18436974, 11181898.183392454, 11182187.18242189, 11182477.181447964]	0.0	0.0	0.0
974.5965665704429	2.0	trials	2.0	1.0	1.0	0.0	10000.0	1.0	True	40.0	0.0	0.005	[11288163.826512698, 11288453.825538773, 11288743.824564848, 11289032.823594281, 11289321.822623715, 11289611.82164979, 11289901.820675865, 11290191.81970194, 11290481.818728015, 11290769.817760805, 11291060.816783523, 11291349.815812955, 11291639.81483903, 11291929.813865105, 11292219.812891182, 11292508.811920613, 11292797.810950046, 11293088.809972763, 11293376.809005555, 11293666.80803163]	0.0	0.0	0.0
983.251830302887	2.0	trials	2.0	1.0	1.0	0.0	10000.0	1.0	True	40.0	0.0	0.005	[11388340.490082014, 11388631.48910473, 11388920.488134163, 11389210.487160238, 11389500.486186313, 11389789.485215746, 11390079.48424182, 11390368.483271254, 11390658.48229733, 11390947.481326763, 11391237.480352838, 11391526.47938227, 11391816.478408344, 11392105.477437777, 11392396.476460494, 11392686.475486571, 11392975.474516002, 11393265.473542077, 11393554.47257151, 11393843.471600944]	0.0	0.0	0.0
992.2339441376485	2.0	trials	2.0	1.0	1.0	0.0	10000.0	1.0	True	40.0	0.0	0.005	[11492301.140943283, 11492590.139972717, 11492880.138998792, 11493170.138024867, 11493460.137050942, 11493750.136077017, 11494039.13510645, 11494328.134135883, 11494618.133161958, 11494907.13219139, 11495196.131220825, 11495487.130243542, 11495777.129269617, 11496066.128299048, 11496356.127325123, 11496646.1263512, 11496935.125380632, 11497224.124410065, 11497514.12343614, 11497804.122462215]	0.0	0.0	0.0
999.518649272932	2.0	trials	2.0	1.0	1.0	0.0	10000.0	1.0	True	40.0	0.0	0.005	[11576613.857789662, 11576903.856815737, 11577193.855841812, 11577483.854867885, 11577773.85389396, 11578061.852926753, 11578351.851952828, 11578641.850978903, 11578931.850004977, 11579220.84903441, 11579510.848060485, 11579799.847089918, 11580089.846115993, 11580379.845142066, 11580669.844168141, 11580958.843197577, 11581248.842223652, 11581537.841253085, 11581827.840279158, 11582117.839305233]	0.0	0.0	0.0
1008.9919454581225	2.0	trials	2.0	1.0	1.0	0.0	10000.0	1.0	True	40.0	0.0	0.005	[11686259.48955864, 11686549.488584716, 11686837.487617506, 11687128.486640224, 11687417.485669656, 11687707.48469573, 11687998.48371845, 11688286.482751241, 11688576.481777314, 11688865.480806747, 11689156.479829466, 11689445.478858897, 11689734.47788833, 11690024.476914406, 11690314.47594048, 11690603.474969914, 11690893.47399599, 11691183.473022064, 11691472.472051498, 11691762.471077573]	0.0	0.0	0.0
1019.9234959459594	2.0	trials	2.0	1.0	1.0	0.0	10000.0	1.0	True	40.0	0.0	0.005	[11812783.064645177, 11813071.063677968, 11813361.062704043, 11813651.061730118, 11813941.060756193, 11814230.059785627, 11814520.058811702, 11814809.057841133, 11815099.056867208, 11815390.055889927, 11815679.05491936, 11815968.053948792, 11816257.052978225, 11816547.0520043, 11816836.051033733, 11817126.050059808, 11817417.049082525, 11817705.048115317, 11817996.047138033, 11818285.046167467]	0.0	0.0	0.0
1027.3010807693188	2.0	trials	2.0	1.0	1.0	0.0	10000.0	1.0	True	40.0	0.0	0.005	[11898169.777884673, 11898460.776907388, 11898749.775936823, 11899038.774966255, 11899329.773988971, 11899619.773015046, 11899908.77204448, 11900198.771070555, 11900487.77009999, 11900777.769126065, 11901066.768155497, 11901356.767181572, 11901645.766211007, 11901935.765237082, 11902226.764259797, 11902515.76328923, 11902805.762315305, 11903094.761344738, 11903384.760370813, 11903672.759403603]	0.0	0.0	0.0
1037.9717905331547	2.0	trials	2.0	1.0	1.0	0.0	10000.0	1.0	True	40.0	0.0	0.005	[12021674.363110106, 12021963.362139538, 12022253.361165613, 12022542.360195048, 12022832.359221123, 12023122.358247198, 12023412.35727327, 12023701.356302705, 12023991.35532878, 12024280.354358215, 12024570.35338429, 12024859.352413721, 12025150.35143644, 12025438.35046923, 12025728.349495305, 12026019.348518021, 12026308.347547457, 12026598.346573528, 12026887.345602963, 12027176.344632395]	0.0	0.0	0.0
1045.4538326057082	2.0	trials	2.0	1.0	1.0	0.0	10000.0	1.0	True	40.0	0.0	0.005	[12108272.072282623, 12108561.071312059, 12108850.070341494, 12109140.069367569, 12109430.068393644, 12109719.067423075, 12110010.066445794, 12110298.065478584, 12110589.0645013, 12110878.063530732, 12111168.062556807, 12111457.061586242, 12111747.060612317, 12112037.059638392, 12112326.058667824, 12112616.057693899, 12112906.056719974, 12113196.055746049, 12113485.05477548, 12113775.053801555]	0.0	0.0	0.0
1054.640022555107	2.0	trials	2.0	1.0	1.0	0.0	10000.0	1.0	True	40.0	0.0	0.005	[12214593.715214802, 12214882.714244235, 12215172.71327031, 12215461.712299744, 12215751.711325817, 12216040.71035525, 12216330.709381325, 12216620.708407402, 12216909.707436834, 12217200.706459552, 12217489.705488984, 12217779.704515059, 12218068.703544492, 12218357.702573927, 12218648.701596642, 12218937.700626075, 12219225.699658865, 12219516.698681584, 12219806.697707659, 12220096.696733734]	0.0	0.0	0.0
1061.2004389228184	2.0	trials	2.0	1.0	1.0	0.0	10000.0	1.0	True	40.0	0.0	0.005	[12290523.460214334, 12290813.459240409, 12291102.45826984, 12291393.457292557, 12291682.456321992, 12291972.455348067, 12292262.454374142, 12292552.453400217, 12292840.452433005, 12293131.451455723, 12293420.450485155, 12293710.44951123, 12294000.448537305, 12294289.447566742, 12294578.446596174, 12294869.44561889, 12295158.444648324, 12295447.443677757, 12295737.442703832, 12296027.441729907]	0.0	0.0	0.0
1068.8240037200865	2.0	trials	2.0	1.0	1.0	0.0	10000.0	1.0	True	40.0	0.0	0.005	[12378760.163882496, 12379049.16291193, 12379338.161941366, 12379629.16096408, 12379918.159993513, 12380207.159022948, 12380498.158045663, 12380787.157075098, 12381077.156101173, 12381367.155127244, 12381656.15415668, 12381945.15318611, 12382235.152212186, 12382524.15124162, 12382815.150264336, 12383104.14929377, 12383394.148319844, 12383683.147349278, 12383973.146375353, 12384262.145404784]	0.0	0.0	0.0
1079.8105908230903	2.0	trials	2.0	1.0	1.0	0.0	10000.0	1.0	True	40.0	0.0	0.005	[12505919.736833116, 12506208.735862548, 12506498.734888623, 12506787.733918054, 12507078.732940773, 12507368.731966848, 12507656.730999636, 12507947.730022354, 12508237.729048429, 12508527.728074504, 12508816.727103936, 12509104.726136731, 12509395.725159446, 12509685.72418552, 12509974.723214956, 12510264.722241031, 12510554.721267106, 12510842.720299894, 12511132.719325969, 12511423.718348688]	0.0	0.0	0.0
1089.9322304309053	2.0	trials	2.0	1.0	1.0	0.0	10000.0	1.0	True	40.0	0.0	0.005	[12623068.343404299, 12623358.342430374, 12623647.341459805, 12623937.34048588, 12624227.339511955, 12624517.33853803, 12624806.337567465, 12625096.33659354, 12625384.335626332, 12625675.33464905, 12625964.333678482, 12626254.332704557, 12626543.331733989, 12626834.330756707, 12627123.329786139, 12627412.32881557, 12627702.327841645, 12627992.32686772, 12628282.325893795, 12628571.32492323]	0.0	0.0	0.0
1099.8140244442102	2.0	trials	2.0	1.0	1.0	0.0	10000.0	1.0	True	40.0	0.0	0.005	[12737439.959301656, 12737729.958327731, 12738018.957357163, 12738309.956379881, 12738598.955409313, 12738888.954435388, 12739177.953464823, 12739467.952490896, 12739756.951520333, 12740047.950543046, 12740336.949572483, 12740625.948601915, 12740916.947624633, 12741205.946654065, 12741494.945683496, 12741784.944709571, 12742074.943735646, 12742364.942761721, 12742653.941791153, 12742942.940820588]	0.0	0.0	0.0
1110.3682673991846	2.0	trials	2.0	1.0	1.0	0.0	10000.0	1.0	True	40.0	0.0	0.005	[12859596.549054163, 12859885.548083594, 12860175.54710967, 12860464.546139104, 12860755.54516182, 12861043.54419461, 12861334.543217327, 12861624.542243402, 12861913.541272836, 12862202.54030227, 12862492.539328344, 12862782.53835442, 12863072.537380494, 12863362.53640657, 12863651.535436003, 12863941.534462078, 12864231.533488153, 12864519.532520944, 12864810.53154366, 12865099.530573094]	0.0	0.0	0.0
1120.6357497172062	2.0	trials	2.0	1.0	1.0	0.0	10000.0	1.0	True	40.0	0.0	0.005	[12978433.149956433, 12978722.148985865, 12979012.14801194, 12979302.147038015, 12979591.146067446, 12979881.145093521, 12980171.144119596, 12980460.143149031, 12980750.142175104, 12981039.141204538, 12981329.140230613, 12981619.139256688, 12981908.138286121, 12982197.137315555, 12982488.136338271, 12982777.135367705, 12983066.13439714, 12983357.133419855, 12983647.13244593, 12983936.131475361]	0.0	0.0	0.0
1127.5580944694289	2.0	trials	2.0	1.0	1.0	0.0	10000.0	1.0	True	40.0	0.0	0.005	[13058552.880884426, 13058841.879913857, 13059132.878936574, 13059421.877966007, 13059711.876992082, 13060000.876021516, 13060289.875050947, 13060580.874073666, 13060870.87309974, 13061158.87213253, 13061448.871158607, 13061738.870184682, 13062028.869210754, 13062316.868243545, 13062607.867266264, 13062897.866292339, 13063187.865318414, 13063475.864351206, 13063766.86337392, 13064056.862399995]	0.0	0.0	0.0
1136.1286864862318	2.0	trials	2.0	1.0	1.0	0.0	10000.0	1.0	True	40.0	0.0	0.005	[13157748.547748294, 13158037.546777725, 13158328.54580044, 13158617.544829875, 13158907.54385595, 13159196.542885382, 13159486.541911457, 13159776.540937532, 13160066.539963607, 13160355.538993038, 13160645.538019113, 13160934.537048548, 13161225.536071265, 13161513.535104055, 13161804.534126772, 13162093.533156205, 13162382.53218564, 13162673.531208355, 13162962.53023779, 13163252.529263865]	0.0	0.0	0.0
1145.2218239481351	2.0	trials	2.0	1.0	1.0	0.0	10000.0	1.0	True	40.0	0.0	0.005	[13262994.194294067, 13263283.193323499, 13263572.19235293, 13263862.191379005, 13264152.19040508, 13264441.189434515, 13264731.18846059, 13265021.187486663, 13265311.186512738, 13265600.185542172, 13265889.184571607, 13266179.183597682, 13266470.182620397, 13266758.181653189, 13267048.180679264, 13267338.179705339, 13267628.178731414, 13267916.177764205, 13268207.176786922, 13268497.175812997]	0.0	0.0	0.0
1152.2724722694672	2.0	trials	2.0	1.0	1.0	0.0	10000.0	1.0	True	40.0	0.0	0.005	[13344598.92023489, 13344887.919264324, 13345178.91828704, 13345467.917316474, 13345756.916345906, 13346046.91537198, 13346336.914398056, 13346625.91342749, 13346915.912453566, 13347205.911479637, 13347495.910505712, 13347784.909535147, 13348073.908564579, 13348364.907587297, 13348653.906616729, 13348943.905642804, 13349232.904672235, 13349522.90369831, 13349811.902727747, 13350101.90175382]	0.0	0.0	0.0
1163.2032451599157	2.0	trials	2.0	1.0	1.0	0.0	10000.0	1.0	True	40.0	0.0	0.005	[13471112.49535501, 13471401.494384442, 13471691.493410517, 13471980.49243995, 13472270.491466025, 13472559.490495462, 13472849.489521533, 13473139.488547608, 13473428.487577043, 13473719.486599758, 13474007.48563255, 13474297.484658625, 13474587.4836847, 13474878.482707417, 13475166.481740206, 13475456.480766281, 13475745.479795715, 13476035.47882179, 13476325.477847865, 13476614.476877298]	0.0	0.0	0.0
1172.9441212464749	2.0	trials	2.0	1.0	1.0	0.0	10000.0	1.0	True	40.0	0.0	0.005	[13583853.116729856, 13584143.11575593, 13584433.114782006, 13584722.11381144, 13585012.112837516, 13585302.11186359, 13585592.110889662, 13585881.109919097, 13586171.108945172, 13586461.107971247, 13586751.106997322, 13587040.106026754, 13587330.105052829, 13587619.104082262, 13587909.103108337, 13588199.102134412, 13588489.101160487, 13588778.10018992, 13589068.099215996, 13589357.09824543]	0.0	0.0	0.0
1182.1640070827102	2.0	trials	2.0	1.0	1.0	0.0	10000.0	1.0	True	40.0	0.0	0.005	[13690565.758348916, 13690854.757378347, 13691145.756401066, 13691433.755433854, 13691724.754456572, 13692013.753486004, 13692303.752512079, 13692592.751541512, 13692882.750567587, 13693172.749593662, 13693462.748619737, 13693751.74764917, 13694040.746678602, 13694331.745701319, 13694620.744730752, 13694909.743760185, 13695199.74278626, 13695488.741815694, 13695778.740841769, 13696068.739867844]	0.0	0.0	0.0
1189.9582977066186	2.0	trials	2.0	1.0	1.0	0.0	10000.0	1.0	True	40.0	0.0	0.005	[13780776.455387669, 13781066.454413744, 13781357.45343646, 13781646.452465894, 13781936.451491967, 13782225.450521402, 13782514.449550834, 13782805.448573552, 13783094.447602984, 13783383.446632417, 13783674.445655134, 13783963.444684567, 13784252.443714002, 13784542.442740077, 13784832.441766152, 13785121.440795584, 13785411.439821659, 13785700.438851092, 13785991.437873809, 13786280.436903242]	0.0	0.0	0.0
1198.4426628130032	2.0	trials	2.0	1.0	1.0	0.0	10000.0	1.0	True	40.0	0.0	0.005	[13878975.125599824, 13879265.124625899, 13879555.123651974, 13879845.122678047, 13880134.121707482, 13880424.120733557, 13880714.119759632, 13881003.118789064, 13881292.117818499, 13881583.116841214, 13881872.115870649, 13882162.114896724, 13882451.113926157, 13882741.112952232, 13883031.111978306, 13883320.111007739, 13883610.110033816, 13883899.109063247, 13884189.108089322, 13884478.107118754]	0.0	0.0	0.0
1205.0724581477143	2.0	trials	2.0	1.0	1.0	0.0	10000.0	1.0	True	40.0	0.0	0.005	[13955709.867895875, 13955999.86692195, 13956288.865951382, 13956578.864977457, 13956867.864006888, 13957157.863032963, 13957447.862059038, 13957736.861088473, 13958026.860114548, 13958316.85914062, 13958605.858170057, 13958895.857196132, 13959183.856228923, 13959475.85524828, 13959763.854281072, 13960053.853307147, 13960344.852329865, 13960632.851362657, 13960923.850385372, 13961212.849414803]	0.0	0.0	0.0
1212.440193404152	2.0	trials	2.0	1.0	1.0	0.0	10000.0	1.0	True	40.0	0.0	0.005	[14040983.581514865, 14041274.580537582, 14041562.579570375, 14041853.57859309, 14042143.577619165, 14042431.576651957, 14042722.575674674, 14043011.574704107, 14043301.573730182, 14043590.572759615, 14043881.57178233, 14044170.570811765, 14044459.569841197, 14044749.568867272, 14045038.567896703, 14045329.566919422, 14045618.565948853, 14045907.564978288, 14046197.564004363, 14046486.563033797]	0.0	0.0	0.0
1221.538428448936	2.0	trials	2.0	1.0	1.0	0.0	10000.0	1.0	True	40.0	0.0	0.005	[14146288.227862496, 14146577.22689193, 14146866.225921363, 14147157.22494408, 14147446.223973513, 14147735.223002944, 14148024.222032381, 14148315.221055094, 14148605.22008117, 14148894.219110606, 14149184.218136678, 14149474.217162754, 14149763.216192188, 14150052.21522162, 14150342.214247694, 14150632.21327377, 14150921.212303203, 14151211.211329278, 14151501.210355353, 14151790.209384786]	0.0	0.0	0.0
1231.4619535220925	2.0	trials	2.0	1.0	1.0	0.0	10000.0	1.0	True	40.0	0.0	0.005	[14261142.842137765, 14261431.841167197, 14261721.840193272, 14262011.839219347, 14262300.838248784, 14262590.837274855, 14262880.836300932, 14263170.835327007, 14263460.834353082, 14263748.833385872, 14264038.832411947, 14264328.831438022, 14264618.830464097, 14264907.82949353, 14265197.828519605, 14265487.82754568, 14265777.826571755, 14266066.825601187, 14266356.824627262, 14266646.823653337]	0.0	0.0	0.0
1239.6622363825297	2.0	trials	2.0	1.0	1.0	0.0	10000.0	1.0	True	40.0	0.0	0.005	[14356055.523385502, 14356343.522418292, 14356633.521444365, 14356923.52047044, 14357212.519499876, 14357501.518529307, 14357791.517555382, 14358081.516581457, 14358371.515607532, 14358662.514630247, 14358950.513663039, 14359240.512689114, 14359530.511715189, 14359819.51074462, 14360109.509770695, 14360399.50879677, 14360688.507826207, 14360977.50685564, 14361267.505881716, 14361556.504911147]	0.0	0.0	0.0
1247.792449078288	2.0	trials	2.0	1.0	1.0	0.0	10000.0	1.0	True	40.0	0.0	0.005	[14450154.207366941, 14450443.206396377, 14450732.205425808, 14451023.204448525, 14451312.203477958, 14451601.20250739, 14451891.201533465, 14452181.20055954, 14452470.199588973, 14452761.198611692, 14453050.197641123, 14453339.196670556, 14453630.195693273, 14453919.194722705, 14454209.19374878, 14454498.192778217, 14454788.191804292, 14455077.190833723, 14455367.189859798, 14455656.18888923]	0.0	0.0	0.0
1256.056322125166	2.0	trials	2.0	1.0	1.0	0.0	10000.0	1.0	True	40.0	0.0	0.005	[14545799.886152996, 14546088.88518243, 14546378.884208504, 14546669.88323122, 14546958.882260654, 14547247.881290087, 14547537.880316162, 14547827.879342237, 14548116.878371673, 14548406.877397746, 14548697.876420463, 14548985.875453254, 14549274.874482686, 14549565.873505404, 14549853.872538194, 14550144.871560913, 14550434.870586988, 14550723.86961642, 14551013.868642494, 14551303.86766857]	0.0	0.0	0.0
1262.6303032473218	2.0	trials	2.0	1.0	1.0	0.0	10000.0	1.0	True	40.0	0.0	0.005	[14621888.630618548, 14622178.629644625, 14622468.6286707, 14622756.62770349, 14623047.626726206, 14623336.625755638, 14623626.624781713, 14623915.623811148, 14624205.622837223, 14624495.621863298, 14624784.62089273, 14625073.619922163, 14625364.61894488, 14625654.617970955, 14625943.61700039, 14626233.616026465, 14626523.61505254, 14626812.614081971, 14627101.613111405, 14627391.61213748]	0.0	0.0	0.0
1273.3762671584266	2.0	trials	2.0	1.0	1.0	0.0	10000.0	1.0	True	40.0	0.0	0.005	[14746263.212922206, 14746553.211948281, 14746841.210981073, 14747133.210000431, 14747422.209029865, 14747712.20805594, 14748000.20708873, 14748291.206111446, 14748580.20514088, 14748869.204170313, 14749159.203196388, 14749449.202222463, 14749738.201251894, 14750028.20027797, 14750319.199300688, 14750607.19833348, 14750898.197356194, 14751187.196385626, 14751477.1954117, 14751766.194441138]	0.0	0.0	0.0
1282.3463714335205	2.0	trials	2.0	1.0	1.0	0.0	10000.0	1.0	True	40.0	0.0	0.005	[14850082.864257004, 14850372.86328308, 14850661.862312512, 14850952.861335231, 14851241.860364662, 14851530.859394094, 14851820.858420169, 14852110.857446244, 14852400.856472319, 14852690.855498394, 14852978.854531188, 14853268.853557263, 14853558.852583338, 14853847.85161277, 14854137.850638846, 14854427.849664921, 14854716.848694352, 14855006.847720427, 14855295.84674986, 14855586.845772577]	0.0	0.0	0.0
1291.690586452213	2.0	trials	2.0	1.0	1.0	0.0	10000.0	1.0	True	40.0	0.0	0.005	[14958233.501046738, 14958524.500069452, 14958813.499098888, 14959103.498124963, 14959392.497154394, 14959681.49618383, 14959971.4952099, 14960260.494239336, 14960551.49326205, 14960841.492288126, 14961130.49131756, 14961420.490343636, 14961710.489369709, 14961999.488399142, 14962288.487428576, 14962579.486451292, 14962868.485480726, 14963157.484510157, 14963448.483532876, 14963736.48256567]	0.0	0.0	0.0
1302.608140187056	2.0	trials	2.0	1.0	1.0	0.0	10000.0	1.0	True	40.0	0.0	0.005	[15084594.076680686, 15084884.075706761, 15085174.074732836, 15085464.073758911, 15085753.072788343, 15086042.071817776, 15086332.070843851, 15086622.069869926, 15086912.068896001, 15087201.067925435, 15087491.066951508, 15087780.065980943, 15088071.065003658, 15088360.064033093, 15088649.063062526, 15088939.062088601, 15089229.061114676, 15089518.060144108, 15089809.059166826, 15090097.058199618]	0.0	0.0	0.0
1309.166655761151	2.0	trials	2.0	1.0	1.0	0.0	10000.0	1.0	True	40.0	0.0	0.005	[15160502.821750743, 15160793.820773458, 15161083.819799533, 15161372.818828968, 15161662.817855043, 15161951.816884475, 15162240.815913906, 15162530.814939981, 15162821.8139627, 15163110.812992131, 15163399.812021563, 15163689.811047638, 15163979.810073713, 15164267.809106508, 15164558.808129227, 15164848.807155302, 15165137.806184733, 15165427.805210808, 15165716.80424024, 15166006.803266315]	0.0	0.0	0.0
1319.2176204063187	2.0	trials	2.0	1.0	1.0	0.0	10000.0	1.0	True	40.0	0.0	0.005	[15276834.431065708, 15277123.430095145, 15277412.429124577, 15277703.42814729, 15277991.427180083, 15278282.426202802, 15278571.425232233, 15278860.424261667, 15279151.423284383, 15279440.422313817, 15279730.421339892, 15280020.420365967, 15280309.4193954, 15280598.418424832, 15280888.417450909, 15281178.416476984, 15281468.415503059, 15281757.41453249, 15282046.413561923, 15282337.41258464]	0.0	0.0	0.0
1327.4906518224393	2.0	trials	2.0	1.0	1.0	0.0	10000.0	1.0	True	40.0	0.0	0.005	[15372587.10949242, 15372876.10852185, 15373167.10754457, 15373455.106577361, 15373746.105600078, 15374034.104632871, 15374324.103658946, 15374615.10268166, 15374905.101707734, 15375193.100740528, 15375483.099766603, 15375774.098789318, 15376063.097818753, 15376352.096848184, 15376641.09587762, 15376931.094903693, 15377221.093929768, 15377511.092955843, 15377800.091985276, 15378090.091011351]	0.0	0.0	0.0
1336.3464492814178	2.0	trials	2.0	1.0	1.0	0.0	10000.0	1.0	True	40.0	0.0	0.005	[15475083.765270334, 15475374.76429305, 15475663.763322482, 15475953.762348557, 15476242.761377992, 15476531.760407424, 15476822.759430142, 15477111.758459574, 15477401.757485649, 15477691.756511724, 15477980.755541155, 15478270.75456723, 15478560.753593305, 15478849.752622737, 15479139.751648812, 15479429.750674888, 15479717.749707682, 15480008.7487304, 15480297.747759832, 15480587.746785907]	0.0	0.0	0.0
1346.4968599926087	2.0	trials	2.0	1.0	1.0	0.0	10000.0	1.0	True	40.0	0.0	0.005	[15592566.370719828, 15592856.369745899, 15593144.36877869, 15593435.36780141, 15593724.36683084, 15594014.365856916, 15594303.364886347, 15594593.363912424, 15594884.36293514, 15595172.361967932, 15595461.360997364, 15595752.360020082, 15596042.359046156, 15596331.358075589, 15596621.357101664, 15596910.356131097, 15597200.355157172, 15597490.354183247, 15597780.353209322, 15598068.352242116]	0.0	0.0	0.0
1357.2203599791558	2.0	trials	2.0	1.0	1.0	0.0	10000.0	1.0	True	40.0	0.0	0.005	[15716679.953900015, 15716970.95292273, 15717260.951948805, 15717549.95097824, 15717839.950004315, 15718128.949033746, 15718417.948063178, 15718707.947089255, 15718997.94611533, 15719287.945141405, 15719576.944170838, 15719866.943196911, 15720156.942222986, 15720446.941249061, 15720734.940281855, 15721025.939304573, 15721314.938334005, 15721604.93736008, 15721893.936389511, 15722181.935422303]	0.0	0.0	0.0
1366.1671363325934	2.0	trials	2.0	1.0	1.0	0.0	10000.0	1.0	True	40.0	0.0	0.005	[15820230.606138213, 15820519.605167648, 15820809.604193723, 15821099.603219798, 15821389.602245873, 15821678.601275304, 15821968.60030138, 15822258.599327454, 15822546.598360246, 15822837.597382963, 15823127.596409038, 15823416.595438471, 15823705.594467903, 15823996.593490621, 15824285.592520053, 15824575.591546128, 15824865.590572204, 15825155.58959828, 15825444.588627711, 15825733.587657142]	0.0	0.0	0.0
1376.3369869784983	2.0	trials	2.0	1.0	1.0	0.0	10000.0	1.0	True	40.0	0.0	0.005	[15937937.210835434, 15938227.20986151, 15938517.20888758, 15938807.207913656, 15939097.20693973, 15939385.205972522, 15939674.205001954, 15939965.204024673, 15940255.203050748, 15940544.202080179, 15940834.201106254, 15941123.200135691, 15941413.199161764, 15941703.19818784, 15941992.197217274, 15942282.19624335, 15942572.195269424, 15942862.1942955, 15943150.193328287, 15943440.192354362]	0.0	0.0	0.0
1386.6658130905048	2.0	trials	2.0	1.0	1.0	0.0	10000.0	1.0	True	40.0	0.0	0.005	[16057483.809353264, 16057772.8083827, 16058063.807405416, 16058352.806434847, 16058642.805460922, 16058932.804486997, 16059220.80351979, 16059510.802545864, 16059801.80156858, 16060090.800598014, 16060380.79962409, 16060670.798650164, 16060959.797679596, 16061249.79670567, 16061538.795735102, 16061827.794764537, 16062117.793790612, 16062407.792816687, 16062697.791842762, 16062987.790868834]	0.0	0.0	0.0
1394.6238311645563	2.0	trials	2.0	1.0	1.0	0.0	10000.0	1.0	True	40.0	0.0	0.005	[16149590.500024566, 16149881.499047281, 16150170.498076713, 16150459.497106148, 16150750.496128863, 16151039.495158298, 16151328.49418773, 16151619.493210446, 16151908.49223988, 16152197.491269311, 16152488.49029203, 16152776.489324821, 16153066.488350896, 16153356.487376971, 16153646.486403046, 16153936.485429121, 16154225.484458556, 16154515.483484628, 16154804.482514063, 16155093.481543494]	0.0	0.0	0.0
1405.4790043088963	2.0	trials	2.0	1.0	1.0	0.0	10000.0	1.0	True	40.0	0.0	0.005	[16275230.078079892, 16275520.077105967, 16275810.076132042, 16276099.075161478, 16276388.074190909, 16276678.073216984, 16276968.072243059, 16277257.071272492, 16277547.070298567, 16277836.069328, 16278127.068350717, 16278416.06738015, 16278706.066406226, 16278995.06543566, 16279285.064461732, 16279574.063491168, 16279864.062517243, 16280153.061546674, 16280443.060572749, 16280733.059598824]	0.0	0.0	0.0
1413.2974004518492	2.0	trials	2.0	1.0	1.0	0.0	10000.0	1.0	True	40.0	0.0	0.005	[16365720.774178308, 16366010.773204383, 16366299.772233814, 16366589.771259889, 16366880.770282606, 16367167.769318758, 16367457.768344834, 16367747.76737091, 16368037.76639698, 16368327.765423056, 16368617.76444913, 16368905.763481922, 16369195.762507997, 16369485.761534072, 16369775.760560147, 16370064.759589579, 16370354.758615654, 16370643.75764509, 16370933.756671162, 16371222.755700596]	0.0	0.0	0.0
1423.5800891188026	2.0	trials	2.0	1.0	1.0	0.0	10000.0	1.0	True	40.0	0.0	0.005	[16484731.37449622, 16485022.373518938, 16485312.372545013, 16485601.371574445, 16485891.37060052, 16486180.369629951, 16486470.368656026, 16486760.367682103, 16487049.366711535, 16487339.36573761, 16487628.364767047, 16487919.36378976, 16488209.362815835, 16488498.361845272, 16488788.360871343, 16489077.359900778, 16489367.358926853, 16489656.357956285, 16489946.35698236, 16490235.356011793]	0.0	0.0	0.0
1430.504680263481	2.0	trials	2.0	1.0	1.0	0.0	10000.0	1.0	True	40.0	0.0	0.005	[16564878.105333537, 16565168.104359612, 16565458.103385687, 16565747.102415118, 16566036.101444554, 16566327.100467268, 16566616.099496704, 16566905.098526135, 16567195.09755221, 16567485.096578285, 16567774.09560772, 16568065.094630435, 16568354.09365987, 16568644.092685945, 16568934.09171202, 16569223.090741452, 16569512.089770887, 16569803.088793602, 16570091.087826394, 16570382.086849108]	0.0	0.0	0.0
1439.1022289897535	2.0	trials	2.0	1.0	1.0	0.0	10000.0	1.0	True	40.0	0.0	0.005	[16664386.771146238, 16664676.770172313, 16664965.769201744, 16665254.76823118, 16665545.767253894, 16665836.766276613, 16666125.765306044, 16666413.764338836, 16666703.763364911, 16666994.762387628, 16667283.761417061, 16667573.760443136, 16667861.759475928, 16668152.758498644, 16668442.75752472, 16668731.756554153, 16669021.755580228, 16669310.75460966, 16669599.753639095, 16669890.75266181]	0.0	0.0	0.0
1447.4004027214369	2.0	trials	2.0	1.0	1.0	0.0	10000.0	1.0	True	40.0	0.0	0.005	[16760431.448592305, 16760720.447621737, 16761010.446647814, 16761299.44567725, 16761589.444703322, 16761879.443729397, 16762168.442758832, 16762458.441784907, 16762748.440810982, 16763038.439837057, 16763328.438863128, 16763617.437892564, 16763907.436918639, 16764196.43594807, 16764485.434977503, 16764775.434003578, 16765064.433033012, 16765354.432059087, 16765644.431085162, 16765934.430111237]	0.0	0.0	0.0
1456.0949783218575	2.0	trials	2.0	1.0	1.0	0.0	10000.0	1.0	True	40.0	0.0	0.005	[16861062.110636923, 16861353.109659642, 16861643.108685717, 16861932.10771515, 16862221.10674458, 16862512.1057673, 16862801.10479673, 16863091.103822805, 16863380.102852236, 16863670.10187831, 16863960.100904386, 16864249.09993382, 16864538.098963253, 16864828.09798933, 16865117.097018763, 16865407.09604484, 16865697.095070913, 16865987.09409699, 16866276.09312642, 16866567.09214914]	0.0	0.0	0.0
1465.0842633325353	2.0	trials	2.0	1.0	1.0	0.0	10000.0	1.0	True	40.0	0.0	0.005	[16965105.76121945, 16965393.76025224, 16965684.759274956, 16965974.75830103, 16966263.757330462, 16966553.756356537, 16966842.755385976, 16967132.75441205, 16967422.753438126, 16967712.7524642, 16968000.75149699, 16968291.750519708, 16968581.749545783, 16968870.748575214, 16969159.747604646, 16969450.746627364, 16969739.745656796, 16970029.74468287, 16970318.743712306, 16970608.74273838]	0.0	0.0	0.0
1472.2288281384617	2.0	trials	2.0	1.0	1.0	0.0	10000.0	1.0	True	40.0	0.0	0.005	[17047796.48351309, 17048086.482539166, 17048375.4815686, 17048665.480594676, 17048954.479624107, 17049244.478650182, 17049533.477679618, 17049824.476702332, 17050114.475728408, 17050402.4747612, 17050693.473783918, 17050982.47281335, 17051272.471839424, 17051562.4708655, 17051851.46989493, 17052141.46892101, 17052430.46795044, 17052719.466979872, 17053010.46600259, 17053299.465032022]	0.0	0.0	0.0
1480.8022713456892	2.0	trials	2.0	1.0	1.0	0.0	10000.0	1.0	True	40.0	0.0	0.005	[17147026.150262777, 17147317.14928549, 17147606.148314927, 17147896.147341, 17148186.146367077, 17148475.14539651, 17148765.144422583, 17149055.14344866, 17149343.14248145, 17149633.141507525, 17149924.14053024, 17150213.139559675, 17150502.138589107, 17150792.137615185, 17151082.13664126, 17151372.135667335, 17151661.134696767, 17151951.13372284, 17152241.132748917, 17152531.13177499]	0.0	0.0	0.0
1487.2527008827767	2.0	trials	2.0	1.0	1.0	0.0	10000.0	1.0	True	40.0	0.0	0.005	[17221683.899534144, 17221973.89856022, 17222263.897586294, 17222552.89661573, 17222843.895638444, 17223133.89466452, 17223421.89369731, 17223712.892720025, 17224001.89174946, 17224290.89077889, 17224580.889804967, 17224870.88883104, 17225160.887857117, 17225450.88688319, 17225738.885915983, 17226029.8849387, 17226318.88396813, 17226608.882994205, 17226898.88202028, 17227187.88104972]	0.0	0.0	0.0
1494.6702023720811	2.0	trials	2.0	1.0	1.0	0.0	10000.0	1.0	True	40.0	0.0	0.005	[17307534.61121536, 17307825.61023808, 17308113.609270867, 17308403.608296942, 17308693.607323017, 17308982.606352452, 17309272.605378523, 17309563.604401242, 17309851.603434034, 17310142.60245675, 17310431.601486184, 17310721.60051226, 17311010.59954169, 17311300.598567765, 17311590.59759384, 17311878.596626636, 17312168.595652707, 17312458.594678782, 17312748.593704857, 17313038.592730932]	0.0	0.0	0.0
1501.6830940202144	2.0	trials	2.0	1.0	1.0	0.0	10000.0	1.0	True	40.0	0.0	0.005	[17388702.33862379, 17388992.337649863, 17389281.336679295, 17389571.33570537, 17389861.334731445, 17390151.33375752, 17390441.332783595, 17390730.33181303, 17391020.330839105, 17391309.329868536, 17391599.32889461, 17391889.327920686, 17392178.32695012, 17392468.325976193, 17392757.32500563, 17393046.32403506, 17393337.32305778, 17393626.32208721, 17393916.321113285, 17394206.32013936]	0.0	0.0	0.0
1508.1268707796444	2.0	trials	2.0	1.0	1.0	0.0	10000.0	1.0	True	40.0	0.0	0.005	[17463283.08815375, 17463573.087179825, 17463863.0862059, 17464153.085231975, 17464442.08426141, 17464732.083287485, 17465022.08231356, 17465311.08134299, 17465601.080369066, 17465891.07939514, 17466180.078424573, 17466470.077450648, 17466760.076476727, 17467050.0755028, 17467339.074532233, 17467629.07355831, 17467919.072584383, 17468208.071613815, 17468497.07064325, 17468787.069669325]	0.0	0.0	0.0
1517.1443220957294	2.0	trials	2.0	1.0	1.0	0.0	10000.0	1.0	True	40.0	0.0	0.005	[17567652.73764145, 17567941.736670885, 17568230.735700317, 17568520.73472639, 17568810.733752467, 17569100.73277854, 17569389.731807973, 17569679.73083405, 17569968.729863483, 17570259.7288862, 17570548.727915633, 17570837.726945065, 17571127.72597114, 17571417.724997215, 17571706.724026646, 17571996.723052725, 17572285.722082157, 17572575.72110823, 17572865.720134307, 17573154.719163742]	0.0	0.0	0.0
1527.5243832356703	2.0	trials	2.0	1.0	1.0	0.0	10000.0	1.0	True	40.0	0.0	0.005	[17687792.33416777, 17688081.333197206, 17688371.33222328, 17688661.331249356, 17688950.330278788, 17689241.329301506, 17689529.328334298, 17689819.327360373, 17690109.326386448, 17690399.325412523, 17690687.324445315, 17690978.32346803, 17691268.322494105, 17691557.32152354, 17691847.320549615, 17692136.319579046, 17692426.31860512, 17692715.317634553, 17693005.316660628, 17693295.315686703]	0.0	0.0	0.0
1534.1136571064674	2.0	trials	2.0	1.0	1.0	0.0	10000.0	1.0	True	40.0	0.0	0.005	[17764056.078045614, 17764346.07707169, 17764636.076097764, 17764924.075130552, 17765215.07415327, 17765505.073179346, 17765793.072212137, 17766083.07123821, 17766374.070260927, 17766663.06929036, 17766952.068319794, 17767243.06734251, 17767532.066371944, 17767822.065398015, 17768112.06442409, 17768401.063453525, 17768691.0624796, 17768980.061509036, 17769271.06053175, 17769559.059564542]	0.0	0.0	0.0
1545.1950246911636	2.0	trials	2.0	1.0	1.0	0.0	10000.0	1.0	True	40.0	0.0	0.005	[17892312.64731211, 17892602.646338183, 17892891.645367615, 17893181.64439369, 17893471.643419765, 17893760.642449196, 17894050.64147527, 17894339.640504707, 17894630.63952742, 17894919.638556853, 17895208.63758629, 17895498.636612363, 17895788.63563844, 17896078.634664513, 17896367.63369395, 17896656.63272338, 17896947.6317461, 17897236.63077553, 17897526.629801605, 17897816.62882768]	0.0	0.0	0.0
1552.1013854970663	2.0	trials	2.0	1.0	1.0	0.0	10000.0	1.0	True	40.0	0.0	0.005	[17972247.378861398, 17972537.377887473, 17972826.376916904, 17973117.37593962, 17973405.37497241, 17973695.373998486, 17973986.373021204, 17974275.372050636, 17974564.37108007, 17974855.370102786, 17975144.36913222, 17975434.368158296, 17975722.367191087, 17976013.366213802, 17976301.365246594, 17976591.36427267, 17976881.363298744, 17977172.362321462, 17977460.36135425, 17977751.36037697]	0.0	0.0	0.0
1560.7529340419874	2.0	trials	2.0	1.0	1.0	0.0	10000.0	1.0	True	40.0	0.0	0.005	[18072382.04257176, 18072671.041601196, 18072960.040630627, 18073250.039656702, 18073540.038682777, 18073829.03771221, 18074119.036738284, 18074408.03576772, 18074699.034790434, 18074989.03381651, 18075278.032845944, 18075568.03187202, 18075857.03090145, 18076146.029930886, 18076435.028960317, 18076726.027983036, 18077015.027012467, 18077306.026035186, 18077595.025064617, 18077885.024090692]	0.0	0.0	0.0
1569.4464728458895	2.0	trials	2.0	1.0	1.0	0.0	10000.0	1.0	True	40.0	0.0	0.005	[18173001.70465332, 18173291.703679394, 18173581.70270547, 18173869.70173826, 18174159.700764336, 18174449.69979041, 18174738.698819846, 18175028.69784592, 18175319.696868636, 18175608.69589807, 18175898.694924146, 18176187.693953577, 18176477.692979652, 18176766.692009088, 18177055.69103852, 18177345.690064594, 18177636.68908731, 18177924.6881201, 18178214.687146176, 18178504.68617225]	0.0	0.0	0.0
1576.1910069952658	2.0	trials	2.0	1.0	1.0	0.0	10000.0	1.0	True	40.0	0.0	0.005	[18251063.44249282, 18251352.441522256, 18251641.440551687, 18251931.439577762, 18252221.438603837, 18252511.437629912, 18252800.436659347, 18253090.435685422, 18253380.434711497, 18253669.43374093, 18253959.432767004, 18254248.431796435, 18254538.43082251, 18254828.42984859, 18255117.42887802, 18255407.427904096, 18255697.42693017, 18255987.425956246, 18256275.424989037, 18256566.424011752]	0.0	0.0	0.0
1585.0647755938903	2.0	trials	2.0	1.0	1.0	0.0	10000.0	1.0	True	40.0	0.0	0.005	[18353768.097572196, 18354058.09659827, 18354348.095624346, 18354637.094653778, 18354927.093679853, 18355216.092709288, 18355507.091732003, 18355796.090761438, 18356085.08979087, 18356375.088816945, 18356664.08784638, 18356954.086872455, 18357243.085901886, 18357534.084924605, 18357824.08395068, 18358113.08298011, 18358402.082009543, 18358693.08103226, 18358982.080061693, 18359271.079091128]	0.0	0.0	0.0
1594.286994222292	2.0	trials	2.0	1.0	1.0	0.0	10000.0	1.0	True	40.0	0.0	0.005	[18460506.739103936, 18460795.73813337, 18461086.737156086, 18461376.73618216, 18461664.735214952, 18461954.734241027, 18462245.733263742, 18462535.732289817, 18462824.73131925, 18463113.730348684, 18463403.72937476, 18463692.72840419, 18463982.727430265, 18464272.72645634, 18464562.725482415, 18464851.72451185, 18465141.723537926, 18465431.722564, 18465720.721593432, 18466010.720619507]	0.0	0.0	0.0
1603.595007762562	2.0	trials	2.0	1.0	1.0	0.0	10000.0	1.0	True	40.0	0.0	0.005	[18568238.37730082, 18568527.376330253, 18568818.37535297, 18569108.374379046, 18569396.373411834, 18569686.372437913, 18569976.371463988, 18570266.370490063, 18570555.369519494, 18570845.36854557, 18571135.367571644, 18571424.366601076, 18571713.36563051, 18572003.364656586, 18572292.363686018, 18572583.362708736, 18572873.36173481, 18573162.360764243, 18573451.359793678, 18573741.358819753]	0.0	0.0	0.0
1610.049930084561	2.0	trials	2.0	1.0	1.0	0.0	10000.0	1.0	True	40.0	0.0	0.005	[18642948.126397554, 18643238.12542363, 18643528.124449704, 18643817.12347914, 18644107.12250521, 18644396.121534646, 18644687.12055736, 18644975.119590152, 18645266.11861287, 18645556.117638946, 18645845.116668377, 18646134.11569781, 18646425.114720527, 18646714.11374996, 18647003.112779394, 18647294.11180211, 18647583.110831544, 18647873.10985762, 18648162.10888705, 18648451.107916486]	0.0	0.0	0.0
1620.6116034145814	2.0	trials	2.0	1.0	1.0	0.0	10000.0	1.0	True	40.0	0.0	0.005	[18765189.7158646, 18765479.714890674, 18765769.71391675, 18766059.712942824, 18766348.711972255, 18766637.71100169, 18766927.710027765, 18767217.70905384, 18767506.708083272, 18767796.707109347, 18768086.706135422, 18768376.705161497, 18768665.704190932, 18768955.703217007, 18769245.702243082, 18769534.701272514, 18769823.700301945, 18770113.69932802, 18770402.698357455, 18770693.69738017]	0.0	0.0	0.0
1627.293497774325	2.0	trials	2.0	1.0	1.0	0.0	10000.0	1.0	True	40.0	0.0	0.005	[18842526.456138913, 18842817.45516163, 18843105.454194423, 18843395.453220494, 18843685.45224657, 18843975.451272644, 18844264.45030208, 18844554.449328154, 18844843.448357586, 18845134.4473803, 18845422.446413096, 18845712.44543917, 18846001.444468606, 18846291.44349468, 18846581.442520753, 18846870.441550188, 18847160.440576263, 18847449.439605694, 18847739.43863177, 18848030.437654488]	0.0	0.0	0.0
1635.4649231316762	2.0	trials	2.0	1.0	1.0	0.0	10000.0	1.0	True	40.0	0.0	0.005	[18937103.13851506, 18937394.137537774, 18937682.136570565, 18937972.13559664, 18938261.134626072, 18938551.133652147, 18938840.132681582, 18939131.1317043, 18939420.130733732, 18939710.129759807, 18939999.12878924, 18940289.127815314, 18940579.12684139, 18940868.125870824, 18941159.12489354, 18941447.12392633, 18941737.122952405, 18942028.121975124, 18942316.121007916, 18942607.12003063]	0.0	0.0	0.0
1644.266979971135	2.0	trials	2.0	1.0	1.0	0.0	10000.0	1.0	True	40.0	0.0	0.005	[19038978.796378516, 19039268.79540459, 19039557.794434022, 19039847.793460097, 19040137.792486172, 19040427.791512247, 19040716.79054168, 19041005.789571114, 19041295.78859719, 19041585.787623264, 19041875.78664934, 19042163.78568213, 19042454.78470485, 19042744.783730924, 19043033.782760356, 19043323.78178643, 19043612.780815862, 19043902.779841937, 19044191.778871372, 19044481.777897447]	0.0	0.0	0.0
1653.9147171704888	2.0	trials	2.0	1.0	1.0	0.0	10000.0	1.0	True	40.0	0.0	0.005	[19150643.42136696, 19150933.420393035, 19151222.419422466, 19151512.41844854, 19151801.417477977, 19152091.41650405, 19152379.415536843, 19152670.414559558, 19152960.413585633, 19153249.412615065, 19153540.411637783, 19153828.410670575, 19154118.40969665, 19154408.408722725, 19154697.407752156, 19154987.40677823, 19155277.405804306, 19155567.40483038, 19155857.403856456, 19156145.402889248]	0.0	0.0	0.0
1661.9370166286592	2.0	trials	2.0	1.0	1.0	0.0	10000.0	1.0	True	40.0	0.0	0.005	[19243493.109542996, 19243783.10856907, 19244073.10759515, 19244362.10662458, 19244652.105650656, 19244942.10467673, 19245231.103706162, 19245521.102732237, 19245811.101758312, 19246100.100787748, 19246390.099813823, 19246679.098843254, 19246970.097865973, 19247258.09689876, 19247549.09592148, 19247838.09495091, 19248127.093980346, 19248418.09300306, 19248707.092032492, 19248996.091061927]	0.0	0.0	0.0
1668.872839735617	2.0	trials	2.0	1.0	1.0	0.0	10000.0	1.0	True	40.0	0.0	0.005	[19323769.839943726, 19324058.83897316, 19324348.837999232, 19324638.837025307, 19324927.836054742, 19325216.835084178, 19325506.834110253, 19325797.833132967, 19326086.832162403, 19326375.831191834, 19326666.830214553, 19326954.829247344, 19327244.828273416, 19327534.82729949, 19327824.826325566, 19328113.825355, 19328402.824384432, 19328692.823410507, 19328981.82243994, 19329271.821466014]	0.0	0.0	0.0
1701.464970279267	2.0	trials	3.0	1.0	1.0	0.0	10000.0	1.0	False	0.0	0.0	0.0	[NaN, NaN, NaN, NaN, NaN, NaN, NaN, NaN, NaN, NaN, NaN, NaN, NaN, NaN, NaN, NaN, NaN, NaN, NaN, NaN]	0.0	0.0	0.0
1710.2091393131348	2.0	trials	3.0	1.0	1.0	0.0	10000.0	1.0	False	0.0	0.0	0.0	[NaN, NaN, NaN, NaN, NaN, NaN, NaN, NaN, NaN, NaN, NaN, NaN, NaN, NaN, NaN, NaN, NaN, NaN, NaN, NaN]	0.0	0.0	0.0
1716.8126691360553	2.0	trials	3.0	1.0	1.0	0.0	10000.0	1.0	False	0.0	0.0	0.0	[NaN, NaN, NaN, NaN, NaN, NaN, NaN, NaN, NaN, NaN, NaN, NaN, NaN, NaN, NaN, NaN, NaN, NaN, NaN, NaN]	0.0	0.0	0.0
1724.1844651788558	2.0	trials	3.0	1.0	1.0	0.0	10000.0	1.0	False	0.0	0.0	0.0	[NaN, NaN, NaN, NaN, NaN, NaN, NaN, NaN, NaN, NaN, NaN, NaN, NaN, NaN, NaN, NaN, NaN, NaN, NaN, NaN]	0.0	0.0	0.0
1734.8130118842903	2.0	trials	3.0	1.0	1.0	0.0	10000.0	1.0	False	0.0	0.0	0.0	[NaN, NaN, NaN, NaN, NaN, NaN, NaN, NaN, NaN, NaN, NaN, NaN, NaN, NaN, NaN, NaN, NaN, NaN, NaN, NaN]	0.0	0.0	0.0
1743.144795103101	2.0	trials	3.0	1.0	1.0	0.0	10000.0	1.0	False	0.0	0.0	0.0	[NaN, NaN, NaN, NaN, NaN, NaN, NaN, NaN, NaN, NaN, NaN, NaN, NaN, NaN, NaN, NaN, NaN, NaN, NaN, NaN]	0.0	0.0	0.0
1754.034096132827	2.0	trials	3.0	1.0	1.0	0.0	10000.0	1.0	False	0.0	0.0	0.0	[NaN, NaN, NaN, NaN, NaN, NaN, NaN, NaN, NaN, NaN, NaN, NaN, NaN, NaN, NaN, NaN, NaN, NaN, NaN, NaN]	0.0	0.0	0.0
1762.3921448634285	2.0	trials	3.0	1.0	1.0	0.0	10000.0	1.0	False	0.0	0.0	0.0	[NaN, NaN, NaN, NaN, NaN, NaN, NaN, NaN, NaN, NaN, NaN, NaN, NaN, NaN, NaN, NaN, NaN, NaN, NaN, NaN]	0.0	0.0	0.0
1769.5207257230345	2.0	trials	3.0	1.0	1.0	0.0	10000.0	1.0	False	0.0	0.0	0.0	[NaN, NaN, NaN, NaN, NaN, NaN, NaN, NaN, NaN, NaN, NaN, NaN, NaN, NaN, NaN, NaN, NaN, NaN, NaN, NaN]	0.0	0.0	0.0
1778.1721878682458	2.0	trials	3.0	1.0	1.0	0.0	10000.0	1.0	False	0.0	0.0	0.0	[NaN, NaN, NaN, NaN, NaN, NaN, NaN, NaN, NaN, NaN, NaN, NaN, NaN, NaN, NaN, NaN, NaN, NaN, NaN, NaN]	0.0	0.0	0.0
1789.2483714703515	2.0	trials	3.0	1.0	1.0	0.0	10000.0	1.0	False	0.0	0.0	0.0	[NaN, NaN, NaN, NaN, NaN, NaN, NaN, NaN, NaN, NaN, NaN, NaN, NaN, NaN, NaN, NaN, NaN, NaN, NaN, NaN]	0.0	0.0	0.0
1795.8723780245036	2.0	trials	3.0	1.0	1.0	0.0	10000.0	1.0	False	0.0	0.0	0.0	[NaN, NaN, NaN, NaN, NaN, NaN, NaN, NaN, NaN, NaN, NaN, NaN, NaN, NaN, NaN, NaN, NaN, NaN, NaN, NaN]	0.0	0.0	0.0
1803.6375519461963	2.0	trials	3.0	1.0	1.0	0.0	10000.0	1.0	False	0.0	0.0	0.0	[NaN, NaN, NaN, NaN, NaN, NaN, NaN, NaN, NaN, NaN, NaN, NaN, NaN, NaN, NaN, NaN, NaN, NaN, NaN, NaN]	0.0	0.0	0.0
1813.8970854909135	2.0	trials	3.0	1.0	1.0	0.0	10000.0	1.0	False	0.0	0.0	0.0	[NaN, NaN, NaN, NaN, NaN, NaN, NaN, NaN, NaN, NaN, NaN, NaN, NaN, NaN, NaN, NaN, NaN, NaN, NaN, NaN]	0.0	0.0	0.0
1824.378666289913	2.0	trials	3.0	1.0	1.0	0.0	10000.0	1.0	False	0.0	0.0	0.0	[NaN, NaN, NaN, NaN, NaN, NaN, NaN, NaN, NaN, NaN, NaN, NaN, NaN, NaN, NaN, NaN, NaN, NaN, NaN, NaN]	0.0	0.0	0.0
1831.794612584441	2.0	trials	3.0	1.0	1.0	0.0	10000.0	1.0	False	0.0	0.0	0.0	[NaN, NaN, NaN, NaN, NaN, NaN, NaN, NaN, NaN, NaN, NaN, NaN, NaN, NaN, NaN, NaN, NaN, NaN, NaN, NaN]	0.0	0.0	0.0
1842.4626439572717	2.0	trials	3.0	1.0	1.0	0.0	10000.0	1.0	False	0.0	0.0	0.0	[NaN, NaN, NaN, NaN, NaN, NaN, NaN, NaN, NaN, NaN, NaN, NaN, NaN, NaN, NaN, NaN, NaN, NaN, NaN, NaN]	0.0	0.0	0.0
1853.0929186569033	2.0	trials	3.0	1.0	1.0	0.0	10000.0	1.0	False	0.0	0.0	0.0	[NaN, NaN, NaN, NaN, NaN, NaN, NaN, NaN, NaN, NaN, NaN, NaN, NaN, NaN, NaN, NaN, NaN, NaN, NaN, NaN]	0.0	0.0	0.0
1863.2707180761133	2.0	trials	3.0	1.0	1.0	0.0	10000.0	1.0	False	0.0	0.0	0.0	[NaN, NaN, NaN, NaN, NaN, NaN, NaN, NaN, NaN, NaN, NaN, NaN, NaN, NaN, NaN, NaN, NaN, NaN, NaN, NaN]	0.0	0.0	0.0
1873.512885279153	2.0	trials	3.0	1.0	1.0	0.0	10000.0	1.0	False	0.0	0.0	0.0	[NaN, NaN, NaN, NaN, NaN, NaN, NaN, NaN, NaN, NaN, NaN, NaN, NaN, NaN, NaN, NaN, NaN, NaN, NaN, NaN]	0.0	0.0	0.0
1883.4612070690325	2.0	trials	3.0	1.0	1.0	0.0	10000.0	1.0	False	0.0	0.0	0.0	[NaN, NaN, NaN, NaN, NaN, NaN, NaN, NaN, NaN, NaN, NaN, NaN, NaN, NaN, NaN, NaN, NaN, NaN, NaN, NaN]	0.0	0.0	0.0
1891.5128824285482	2.0	trials	3.0	1.0	1.0	0.0	10000.0	1.0	False	0.0	0.0	0.0	[NaN, NaN, NaN, NaN, NaN, NaN, NaN, NaN, NaN, NaN, NaN, NaN, NaN, NaN, NaN, NaN, NaN, NaN, NaN, NaN]	0.0	0.0	0.0
1901.2108178593178	2.0	trials	3.0	1.0	1.0	0.0	10000.0	1.0	False	0.0	0.0	0.0	[NaN, NaN, NaN, NaN, NaN, NaN, NaN, NaN, NaN, NaN, NaN, NaN, NaN, NaN, NaN, NaN, NaN, NaN, NaN, NaN]	0.0	0.0	0.0
1908.054538875588	2.0	trials	3.0	1.0	1.0	0.0	10000.0	1.0	False	0.0	0.0	0.0	[NaN, NaN, NaN, NaN, NaN, NaN, NaN, NaN, NaN, NaN, NaN, NaN, NaN, NaN, NaN, NaN, NaN, NaN, NaN, NaN]	0.0	0.0	0.0
1918.1467161823482	2.0	trials	3.0	1.0	1.0	0.0	10000.0	1.0	False	0.0	0.0	0.0	[NaN, NaN, NaN, NaN, NaN, NaN, NaN, NaN, NaN, NaN, NaN, NaN, NaN, NaN, NaN, NaN, NaN, NaN, NaN, NaN]	0.0	0.0	0.0
1928.2629990081537	2.0	trials	3.0	1.0	1.0	0.0	10000.0	1.0	False	0.0	0.0	0.0	[NaN, NaN, NaN, NaN, NaN, NaN, NaN, NaN, NaN, NaN, NaN, NaN, NaN, NaN, NaN, NaN, NaN, NaN, NaN, NaN]	0.0	0.0	0.0
1938.5105229932028	2.0	trials	3.0	1.0	1.0	0.0	10000.0	1.0	False	0.0	0.0	0.0	[NaN, NaN, NaN, NaN, NaN, NaN, NaN, NaN, NaN, NaN, NaN, NaN, NaN, NaN, NaN, NaN, NaN, NaN, NaN, NaN]	0.0	0.0	0.0
1946.2144395206203	2.0	trials	3.0	1.0	1.0	0.0	10000.0	1.0	False	0.0	0.0	0.0	[NaN, NaN, NaN, NaN, NaN, NaN, NaN, NaN, NaN, NaN, NaN, NaN, NaN, NaN, NaN, NaN, NaN, NaN, NaN, NaN]	0.0	0.0	0.0
1957.1409788252868	2.0	trials	3.0	1.0	1.0	0.0	10000.0	1.0	False	0.0	0.0	0.0	[NaN, NaN, NaN, NaN, NaN, NaN, NaN, NaN, NaN, NaN, NaN, NaN, NaN, NaN, NaN, NaN, NaN, NaN, NaN, NaN]	0.0	0.0	0.0
1964.256599728417	2.0	trials	3.0	1.0	1.0	0.0	10000.0	1.0	False	0.0	0.0	0.0	[NaN, NaN, NaN, NaN, NaN, NaN, NaN, NaN, NaN, NaN, NaN, NaN, NaN, NaN, NaN, NaN, NaN, NaN, NaN, NaN]	0.0	0.0	0.0
1971.1506917755228	2.0	trials	3.0	1.0	1.0	0.0	10000.0	1.0	False	0.0	0.0	0.0	[NaN, NaN, NaN, NaN, NaN, NaN, NaN, NaN, NaN, NaN, NaN, NaN, NaN, NaN, NaN, NaN, NaN, NaN, NaN, NaN]	0.0	0.0	0.0
1979.7428837197851	2.0	trials	3.0	1.0	1.0	0.0	10000.0	1.0	False	0.0	0.0	0.0	[NaN, NaN, NaN, NaN, NaN, NaN, NaN, NaN, NaN, NaN, NaN, NaN, NaN, NaN, NaN, NaN, NaN, NaN, NaN, NaN]	0.0	0.0	0.0
1986.2227755579274	2.0	trials	3.0	1.0	1.0	0.0	10000.0	1.0	False	0.0	0.0	0.0	[NaN, NaN, NaN, NaN, NaN, NaN, NaN, NaN, NaN, NaN, NaN, NaN, NaN, NaN, NaN, NaN, NaN, NaN, NaN, NaN]	0.0	0.0	0.0
1993.3130813460755	2.0	trials	3.0	1.0	1.0	0.0	10000.0	1.0	False	0.0	0.0	0.0	[NaN, NaN, NaN, NaN, NaN, NaN, NaN, NaN, NaN, NaN, NaN, NaN, NaN, NaN, NaN, NaN, NaN, NaN, NaN, NaN]	0.0	0.0	0.0
2003.1539218969172	2.0	trials	3.0	1.0	1.0	0.0	10000.0	1.0	False	0.0	0.0	0.0	[NaN, NaN, NaN, NaN, NaN, NaN, NaN, NaN, NaN, NaN, NaN, NaN, NaN, NaN, NaN, NaN, NaN, NaN, NaN, NaN]	0.0	0.0	0.0
2012.4731673994665	2.0	trials	3.0	1.0	1.0	0.0	10000.0	1.0	False	0.0	0.0	0.0	[NaN, NaN, NaN, NaN, NaN, NaN, NaN, NaN, NaN, NaN, NaN, NaN, NaN, NaN, NaN, NaN, NaN, NaN, NaN, NaN]	0.0	0.0	0.0
2022.1511444972634	2.0	trials	3.0	1.0	1.0	0.0	10000.0	1.0	False	0.0	0.0	0.0	[NaN, NaN, NaN, NaN, NaN, NaN, NaN, NaN, NaN, NaN, NaN, NaN, NaN, NaN, NaN, NaN, NaN, NaN, NaN, NaN]	0.0	0.0	0.0
2031.7870449363693	2.0	trials	3.0	1.0	1.0	0.0	10000.0	1.0	False	0.0	0.0	0.0	[NaN, NaN, NaN, NaN, NaN, NaN, NaN, NaN, NaN, NaN, NaN, NaN, NaN, NaN, NaN, NaN, NaN, NaN, NaN, NaN]	0.0	0.0	0.0
2039.1545209936771	2.0	trials	3.0	1.0	1.0	0.0	10000.0	1.0	False	0.0	0.0	0.0	[NaN, NaN, NaN, NaN, NaN, NaN, NaN, NaN, NaN, NaN, NaN, NaN, NaN, NaN, NaN, NaN, NaN, NaN, NaN, NaN]	0.0	0.0	0.0
2049.546591693286	2.0	trials	3.0	1.0	1.0	0.0	10000.0	1.0	False	0.0	0.0	0.0	[NaN, NaN, NaN, NaN, NaN, NaN, NaN, NaN, NaN, NaN, NaN, NaN, NaN, NaN, NaN, NaN, NaN, NaN, NaN, NaN]	0.0	0.0	0.0
2057.2086043614318	2.0	trials	3.0	1.0	1.0	0.0	10000.0	1.0	False	0.0	0.0	0.0	[NaN, NaN, NaN, NaN, NaN, NaN, NaN, NaN, NaN, NaN, NaN, NaN, NaN, NaN, NaN, NaN, NaN, NaN, NaN, NaN]	0.0	0.0	0.0
2065.237210998421	2.0	trials	3.0	1.0	1.0	0.0	10000.0	1.0	False	0.0	0.0	0.0	[NaN, NaN, NaN, NaN, NaN, NaN, NaN, NaN, NaN, NaN, NaN, NaN, NaN, NaN, NaN, NaN, NaN, NaN, NaN, NaN]	0.0	0.0	0.0
2072.239993880503	2.0	trials	3.0	1.0	1.0	0.0	10000.0	1.0	False	0.0	0.0	0.0	[NaN, NaN, NaN, NaN, NaN, NaN, NaN, NaN, NaN, NaN, NaN, NaN, NaN, NaN, NaN, NaN, NaN, NaN, NaN, NaN]	0.0	0.0	0.0
2082.384788610555	2.0	trials	3.0	1.0	1.0	0.0	10000.0	1.0	False	0.0	0.0	0.0	[NaN, NaN, NaN, NaN, NaN, NaN, NaN, NaN, NaN, NaN, NaN, NaN, NaN, NaN, NaN, NaN, NaN, NaN, NaN, NaN]	0.0	0.0	0.0
2091.372777625585	2.0	trials	3.0	1.0	1.0	0.0	10000.0	1.0	False	0.0	0.0	0.0	[NaN, NaN, NaN, NaN, NaN, NaN, NaN, NaN, NaN, NaN, NaN, NaN, NaN, NaN, NaN, NaN, NaN, NaN, NaN, NaN]	0.0	0.0	0.0
2101.3210130157554	2.0	trials	3.0	1.0	1.0	0.0	10000.0	1.0	False	0.0	0.0	0.0	[NaN, NaN, NaN, NaN, NaN, NaN, NaN, NaN, NaN, NaN, NaN, NaN, NaN, NaN, NaN, NaN, NaN, NaN, NaN, NaN]	0.0	0.0	0.0
2109.072967781843	2.0	trials	3.0	1.0	1.0	0.0	10000.0	1.0	False	0.0	0.0	0.0	[NaN, NaN, NaN, NaN, NaN, NaN, NaN, NaN, NaN, NaN, NaN, NaN, NaN, NaN, NaN, NaN, NaN, NaN, NaN, NaN]	0.0	0.0	0.0
2118.099577467171	2.0	trials	3.0	1.0	1.0	0.0	10000.0	1.0	False	0.0	0.0	0.0	[NaN, NaN, NaN, NaN, NaN, NaN, NaN, NaN, NaN, NaN, NaN, NaN, NaN, NaN, NaN, NaN, NaN, NaN, NaN, NaN]	0.0	0.0	0.0
2125.6749312263496	2.0	trials	3.0	1.0	1.0	0.0	10000.0	1.0	False	0.0	0.0	0.0	[NaN, NaN, NaN, NaN, NaN, NaN, NaN, NaN, NaN, NaN, NaN, NaN, NaN, NaN, NaN, NaN, NaN, NaN, NaN, NaN]	0.0	0.0	0.0
2136.367154517935	2.0	trials	3.0	1.0	1.0	0.0	10000.0	1.0	False	0.0	0.0	0.0	[NaN, NaN, NaN, NaN, NaN, NaN, NaN, NaN, NaN, NaN, NaN, NaN, NaN, NaN, NaN, NaN, NaN, NaN, NaN, NaN]	0.0	0.0	0.0
2204.0306552790375	2.0	trials	4.0	1.0	1.0	1.0	0.0	1.0	False	0.0	0.0	0.0	[NaN, NaN, NaN, NaN, NaN, NaN, NaN, NaN, NaN, NaN, NaN, NaN, NaN, NaN, NaN, NaN, NaN, NaN, NaN, NaN]	1.0	0.02	5.0
2210.978315146243	2.0	trials	4.0	1.0	1.0	1.0	0.0	1.0	False	0.0	0.0	0.0	[NaN, NaN, NaN, NaN, NaN, NaN, NaN, NaN, NaN, NaN, NaN, NaN, NaN, NaN, NaN, NaN, NaN, NaN, NaN, NaN]	1.0	0.02	5.0
2222.0449947802667	2.0	trials	4.0	1.0	1.0	1.0	0.0	1.0	False	0.0	0.0	0.0	[NaN, NaN, NaN, NaN, NaN, NaN, NaN, NaN, NaN, NaN, NaN, NaN, NaN, NaN, NaN, NaN, NaN, NaN, NaN, NaN]	1.0	0.02	5.0
2228.4024582295688	2.0	trials	4.0	1.0	1.0	1.0	0.0	1.0	False	0.0	0.0	0.0	[NaN, NaN, NaN, NaN, NaN, NaN, NaN, NaN, NaN, NaN, NaN, NaN, NaN, NaN, NaN, NaN, NaN, NaN, NaN, NaN]	1.0	0.02	5.0
2239.4851218099116	2.0	trials	4.0	1.0	1.0	1.0	0.0	1.0	False	0.0	0.0	0.0	[NaN, NaN, NaN, NaN, NaN, NaN, NaN, NaN, NaN, NaN, NaN, NaN, NaN, NaN, NaN, NaN, NaN, NaN, NaN, NaN]	1.0	0.02	5.0
2250.4342978385557	2.0	trials	4.0	1.0	1.0	1.0	0.0	1.0	False	0.0	0.0	0.0	[NaN, NaN, NaN, NaN, NaN, NaN, NaN, NaN, NaN, NaN, NaN, NaN, NaN, NaN, NaN, NaN, NaN, NaN, NaN, NaN]	1.0	0.02	5.0
2259.320767194526	2.0	trials	4.0	1.0	1.0	1.0	0.0	1.0	False	0.0	0.0	0.0	[NaN, NaN, NaN, NaN, NaN, NaN, NaN, NaN, NaN, NaN, NaN, NaN, NaN, NaN, NaN, NaN, NaN, NaN, NaN, NaN]	1.0	0.02	5.0
2267.4141736138936	2.0	trials	4.0	1.0	1.0	1.0	0.0	1.0	False	0.0	0.0	0.0	[NaN, NaN, NaN, NaN, NaN, NaN, NaN, NaN, NaN, NaN, NaN, NaN, NaN, NaN, NaN, NaN, NaN, NaN, NaN, NaN]	1.0	0.02	5.0
2278.418559057124	2.0	trials	4.0	1.0	1.0	1.0	0.0	1.0	False	0.0	0.0	0.0	[NaN, NaN, NaN, NaN, NaN, NaN, NaN, NaN, NaN, NaN, NaN, NaN, NaN, NaN, NaN, NaN, NaN, NaN, NaN, NaN]	1.0	0.02	5.0
2286.3560140002337	2.0	trials	4.0	1.0	1.0	1.0	0.0	1.0	False	0.0	0.0	0.0	[NaN, NaN, NaN, NaN, NaN, NaN, NaN, NaN, NaN, NaN, NaN, NaN, NaN, NaN, NaN, NaN, NaN, NaN, NaN, NaN]	1.0	0.02	5.0
2297.1165794623016	2.0	trials	4.0	1.0	1.0	1.0	0.0	1.0	False	0.0	0.0	0.0	[NaN, NaN, NaN, NaN, NaN, NaN, NaN, NaN, NaN, NaN, NaN, NaN, NaN, NaN, NaN, NaN, NaN, NaN, NaN, NaN]	1.0	0.02	5.0
2307.4403943911375	2.0	trials	4.0	1.0	1.0	1.0	0.0	1.0	False	0.0	0.0	0.0	[NaN, NaN, NaN, NaN, NaN, NaN, NaN, NaN, NaN, NaN, NaN, NaN, NaN, NaN, NaN, NaN, NaN, NaN, NaN, NaN]	1.0	0.02	5.0
2318.483227705246	2.0	trials	4.0	1.0	1.0	1.0	0.0	1.0	False	0.0	0.0	0.0	[NaN, NaN, NaN, NaN, NaN, NaN, NaN, NaN, NaN, NaN, NaN, NaN, NaN, NaN, NaN, NaN, NaN, NaN, NaN, NaN]	1.0	0.02	5.0
2326.333937339678	2.0	trials	4.0	1.0	1.0	1.0	0.0	1.0	False	0.0	0.0	0.0	[NaN, NaN, NaN, NaN, NaN, NaN, NaN, NaN, NaN, NaN, NaN, NaN, NaN, NaN, NaN, NaN, NaN, NaN, NaN, NaN]	1.0	0.02	5.0
2334.986522681117	2.0	trials	4.0	1.0	1.0	1.0	0.0	1.0	False	0.0	0.0	0.0	[NaN, NaN, NaN, NaN, NaN, NaN, NaN, NaN, NaN, NaN, NaN, NaN, NaN, NaN, NaN, NaN, NaN, NaN, NaN, NaN]	1.0	0.02	5.0
2341.640596334293	2.0	trials	4.0	1.0	1.0	1.0	0.0	1.0	False	0.0	0.0	0.0	[NaN, NaN, NaN, NaN, NaN, NaN, NaN, NaN, NaN, NaN, NaN, NaN, NaN, NaN, NaN, NaN, NaN, NaN, NaN, NaN]	1.0	0.02	5.0
2349.0207731489477	2.0	trials	4.0	1.0	1.0	1.0	0.0	1.0	False	0.0	0.0	0.0	[NaN, NaN, NaN, NaN, NaN, NaN, NaN, NaN, NaN, NaN, NaN, NaN, NaN, NaN, NaN, NaN, NaN, NaN, NaN, NaN]	1.0	0.02	5.0
2358.248607758488	2.0	trials	4.0	1.0	1.0	1.0	0.0	1.0	False	0.0	0.0	0.0	[NaN, NaN, NaN, NaN, NaN, NaN, NaN, NaN, NaN, NaN, NaN, NaN, NaN, NaN, NaN, NaN, NaN, NaN, NaN, NaN]	1.0	0.02	5.0
2366.7163841205843	2.0	trials	4.0	1.0	1.0	1.0	0.0	1.0	False	0.0	0.0	0.0	[NaN, NaN, NaN, NaN, NaN, NaN, NaN, NaN, NaN, NaN, NaN, NaN, NaN, NaN, NaN, NaN, NaN, NaN, NaN, NaN]	1.0	0.02	5.0
2372.9872750606282	2.0	trials	4.0	1.0	1.0	1.0	0.0	1.0	False	0.0	0.0	0.0	[NaN, NaN, NaN, NaN, NaN, NaN, NaN, NaN, NaN, NaN, NaN, NaN, NaN, NaN, NaN, NaN, NaN, NaN, NaN, NaN]	1.0	0.02	5.0
2381.9542689461678	2.0	trials	4.0	1.0	1.0	1.0	0.0	1.0	False	0.0	0.0	0.0	[NaN, NaN, NaN, NaN, NaN, NaN, NaN, NaN, NaN, NaN, NaN, NaN, NaN, NaN, NaN, NaN, NaN, NaN, NaN, NaN]	1.0	0.02	5.0
2389.34645532049	2.0	trials	4.0	1.0	1.0	1.0	0.0	1.0	False	0.0	0.0	0.0	[NaN, NaN, NaN, NaN, NaN, NaN, NaN, NaN, NaN, NaN, NaN, NaN, NaN, NaN, NaN, NaN, NaN, NaN, NaN, NaN]	1.0	0.02	5.0
2399.9841603951677	2.0	trials	4.0	1.0	1.0	1.0	0.0	1.0	False	0.0	0.0	0.0	[NaN, NaN, NaN, NaN, NaN, NaN, NaN, NaN, NaN, NaN, NaN, NaN, NaN, NaN, NaN, NaN, NaN, NaN, NaN, NaN]	1.0	0.02	5.0
2410.9647859181923	2.0	trials	4.0	1.0	1.0	1.0	0.0	1.0	False	0.0	0.0	0.0	[NaN, NaN, NaN, NaN, NaN, NaN, NaN, NaN, NaN, NaN, NaN, NaN, NaN, NaN, NaN, NaN, NaN, NaN, NaN, NaN]	1.0	0.02	5.0
2421.6865579105424	2.0	trials	4.0	1.0	1.0	1.0	0.0	1.0	False	0.0	0.0	0.0	[NaN, NaN, NaN, NaN, NaN, NaN, NaN, NaN, NaN, NaN, NaN, NaN, NaN, NaN, NaN, NaN, NaN, NaN, NaN, NaN]	1.0	0.02	5.0
2428.3587755027843	2.0	trials	4.0	1.0	1.0	1.0	0.0	1.0	False	0.0	0.0	0.0	[NaN, NaN, NaN, NaN, NaN, NaN, NaN, NaN, NaN, NaN, NaN, NaN, NaN, NaN, NaN, NaN, NaN, NaN, NaN, NaN]	1.0	0.02	5.0
2434.7019829999626	2.0	trials	4.0	1.0	1.0	1.0	0.0	1.0	False	0.0	0.0	0.0	[NaN, NaN, NaN, NaN, NaN, NaN, NaN, NaN, NaN, NaN, NaN, NaN, NaN, NaN, NaN, NaN, NaN, NaN, NaN, NaN]	1.0	0.02	5.0
2444.921254279895	2.0	trials	4.0	1.0	1.0	1.0	0.0	1.0	False	0.0	0.0	0.0	[NaN, NaN, NaN, NaN, NaN, NaN, NaN, NaN, NaN, NaN, NaN, NaN, NaN, NaN, NaN, NaN, NaN, NaN, NaN, NaN]	1.0	0.02	5.0
2453.9724014828166	2.0	trials	4.0	1.0	1.0	1.0	0.0	1.0	False	0.0	0.0	0.0	[NaN, NaN, NaN, NaN, NaN, NaN, NaN, NaN, NaN, NaN, NaN, NaN, NaN, NaN, NaN, NaN, NaN, NaN, NaN, NaN]	1.0	0.02	5.0
2463.71647435864	2.0	trials	4.0	1.0	1.0	1.0	0.0	1.0	False	0.0	0.0	0.0	[NaN, NaN, NaN, NaN, NaN, NaN, NaN, NaN, NaN, NaN, NaN, NaN, NaN, NaN, NaN, NaN, NaN, NaN, NaN, NaN]	1.0	0.02	5.0
2470.3530088707184	2.0	trials	4.0	1.0	1.0	1.0	0.0	1.0	False	0.0	0.0	0.0	[NaN, NaN, NaN, NaN, NaN, NaN, NaN, NaN, NaN, NaN, NaN, NaN, NaN, NaN, NaN, NaN, NaN, NaN, NaN, NaN]	1.0	0.02	5.0
2478.353017203751	2.0	trials	4.0	1.0	1.0	1.0	0.0	1.0	False	0.0	0.0	0.0	[NaN, NaN, NaN, NaN, NaN, NaN, NaN, NaN, NaN, NaN, NaN, NaN, NaN, NaN, NaN, NaN, NaN, NaN, NaN, NaN]	1.0	0.02	5.0
2484.9385758870253	2.0	trials	4.0	1.0	1.0	1.0	0.0	1.0	False	0.0	0.0	0.0	[NaN, NaN, NaN, NaN, NaN, NaN, NaN, NaN, NaN, NaN, NaN, NaN, NaN, NaN, NaN, NaN, NaN, NaN, NaN, NaN]	1.0	0.02	5.0
2493.8906226227627	2.0	trials	4.0	1.0	1.0	1.0	0.0	1.0	False	0.0	0.0	0.0	[NaN, NaN, NaN, NaN, NaN, NaN, NaN, NaN, NaN, NaN, NaN, NaN, NaN, NaN, NaN, NaN, NaN, NaN, NaN, NaN]	1.0	0.02	5.0
2503.3349749051577	2.0	trials	4.0	1.0	1.0	1.0	0.0	1.0	False	0.0	0.0	0.0	[NaN, NaN, NaN, NaN, NaN, NaN, NaN, NaN, NaN, NaN, NaN, NaN, NaN, NaN, NaN, NaN, NaN, NaN, NaN, NaN]	1.0	0.02	5.0
2511.2848714064844	2.0	trials	4.0	1.0	1.0	1.0	0.0	1.0	False	0.0	0.0	0.0	[NaN, NaN, NaN, NaN, NaN, NaN, NaN, NaN, NaN, NaN, NaN, NaN, NaN, NaN, NaN, NaN, NaN, NaN, NaN, NaN]	1.0	0.02	5.0
2520.356495340638	2.0	trials	4.0	1.0	1.0	1.0	0.0	1.0	False	0.0	0.0	0.0	[NaN, NaN, NaN, NaN, NaN, NaN, NaN, NaN, NaN, NaN, NaN, NaN, NaN, NaN, NaN, NaN, NaN, NaN, NaN, NaN]	1.0	0.02	5.0
2527.484644201695	2.0	trials	4.0	1.0	1.0	1.0	0.0	1.0	False	0.0	0.0	0.0	[NaN, NaN, NaN, NaN, NaN, NaN, NaN, NaN, NaN, NaN, NaN, NaN, NaN, NaN, NaN, NaN, NaN, NaN, NaN, NaN]	1.0	0.02	5.0
2535.2665796670967	2.0	trials	4.0	1.0	1.0	1.0	0.0	1.0	False	0.0	0.0	0.0	[NaN, NaN, NaN, NaN, NaN, NaN, NaN, NaN, NaN, NaN, NaN, NaN, NaN, NaN, NaN, NaN, NaN, NaN, NaN, NaN]	1.0	0.02	5.0
2543.1746587088614	2.0	trials	4.0	1.0	1.0	1.0	0.0	1.0	False	0.0	0.0	0.0	[NaN, NaN, NaN, NaN, NaN, NaN, NaN, NaN, NaN, NaN, NaN, NaN, NaN, NaN, NaN, NaN, NaN, NaN, NaN, NaN]	1.0	0.02	5.0
2549.678310467209	2.0	trials	4.0	1.0	1.0	1.0	0.0	1.0	False	0.0	0.0	0.0	[NaN, NaN, NaN, NaN, NaN, NaN, NaN, NaN, NaN, NaN, NaN, NaN, NaN, NaN, NaN, NaN, NaN, NaN, NaN, NaN]	1.0	0.02	5.0
2556.107312876257	2.0	trials	4.0	1.0	1.0	1.0	0.0	1.0	False	0.0	0.0	0.0	[NaN, NaN, NaN, NaN, NaN, NaN, NaN, NaN, NaN, NaN, NaN, NaN, NaN, NaN, NaN, NaN, NaN, NaN, NaN, NaN]	1.0	0.02	5.0
2567.0372217696067	2.0	trials	4.0	1.0	1.0	1.0	0.0	1.0	False	0.0	0.0	0.0	[NaN, NaN, NaN, NaN, NaN, NaN, NaN, NaN, NaN, NaN, NaN, NaN, NaN, NaN, NaN, NaN, NaN, NaN, NaN, NaN]	1.0	0.02	5.0
2576.553199411457	2.0	trials	4.0	1.0	1.0	1.0	0.0	1.0	False	0.0	0.0	0.0	[NaN, NaN, NaN, NaN, NaN, NaN, NaN, NaN, NaN, NaN, NaN, NaN, NaN, NaN, NaN, NaN, NaN, NaN, NaN, NaN]	1.0	0.02	5.0
2582.8351495143606	2.0	trials	4.0	1.0	1.0	1.0	0.0	1.0	False	0.0	0.0	0.0	[NaN, NaN, NaN, NaN, NaN, NaN, NaN, NaN, NaN, NaN, NaN, NaN, NaN, NaN, NaN, NaN, NaN, NaN, NaN, NaN]	1.0	0.02	5.0
2589.398589871916	2.0	trials	4.0	1.0	1.0	1.0	0.0	1.0	False	0.0	0.0	0.0	[NaN, NaN, NaN, NaN, NaN, NaN, NaN, NaN, NaN, NaN, NaN, NaN, NaN, NaN, NaN, NaN, NaN, NaN, NaN, NaN]	1.0	0.02	5.0
2598.5249048223973	2.0	trials	4.0	1.0	1.0	1.0	0.0	1.0	False	0.0	0.0	0.0	[NaN, NaN, NaN, NaN, NaN, NaN, NaN, NaN, NaN, NaN, NaN, NaN, NaN, NaN, NaN, NaN, NaN, NaN, NaN, NaN]	1.0	0.02	5.0
2605.7912932191953	2.0	trials	4.0	1.0	1.0	1.0	0.0	1.0	False	0.0	0.0	0.0	[NaN, NaN, NaN, NaN, NaN, NaN, NaN, NaN, NaN, NaN, NaN, NaN, NaN, NaN, NaN, NaN, NaN, NaN, NaN, NaN]	1.0	0.02	5.0
2612.1220591581573	2.0	trials	4.0	1.0	1.0	1.0	0.0	1.0	False	0.0	0.0	0.0	[NaN, NaN, NaN, NaN, NaN, NaN, NaN, NaN, NaN, NaN, NaN, NaN, NaN, NaN, NaN, NaN, NaN, NaN, NaN, NaN]	1.0	0.02	5.0
2622.1288735515973	2.0	trials	4.0	1.0	1.0	1.0	0.0	1.0	False	0.0	0.0	0.0	[NaN, NaN, NaN, NaN, NaN, NaN, NaN, NaN, NaN, NaN, NaN, NaN, NaN, NaN, NaN, NaN, NaN, NaN, NaN, NaN]	1.0	0.02	5.0
2770.8893019594193	2.0	trials	5.0	0.0	0.0	0.0	0.0	0.0	True	40.0	0.0	0.005	[32078590.004489433, 32078879.00351887, 32079168.002548303, 32079458.00157437, 32079747.000603806, 32080037.99962652, 32080326.998655956, 32080616.99768203, 32080906.996708106, 32081195.99573754, 32081485.994763616, 32081774.99379305, 32082065.992815766, 32082354.9918452, 32082643.99087463, 32082933.989900712, 32083223.98892678, 32083512.987956215, 32083802.98698229, 32084091.986011725]	0.0	0.0	0.0
2780.6808946756532	2.0	trials	5.0	0.0	0.0	0.0	0.0	0.0	True	40.0	0.0	0.005	[32191918.623889565, 32192208.62291564, 32192497.621945076, 32192786.620974503, 32193076.620000582, 32193367.6190233, 32193656.618052732, 32193945.617082164, 32194235.61610824, 32194524.615137674, 32194814.61416375, 32195105.613186464, 32195394.6122159, 32195683.611245327, 32195972.610274762, 32196263.609297477, 32196553.608323555, 32196841.60735634, 32197131.606382422, 32197421.60540849]	0.0	0.0	0.0
2788.420926281783	2.0	trials	5.0	0.0	0.0	0.0	0.0	0.0	True	40.0	0.0	0.005	[32281501.32303737, 32281791.322063446, 32282081.32108952, 32282370.320118953, 32282659.31914839, 32282950.318171103, 32283239.317200534, 32283529.31622661, 32283819.315252684, 32284108.31428212, 32284397.313311554, 32284688.312334266, 32284977.311363705, 32285268.310386416, 32285557.309415855, 32285846.30844529, 32286135.307474717, 32286426.30649744, 32286714.305530228, 32287004.304556303]	0.0	0.0	0.0
2795.135134133006	2.0	trials	5.0	0.0	0.0	0.0	0.0	0.0	True	40.0	0.0	0.005	[32359212.06205566, 32359503.061078377, 32359792.06010781, 32360081.059137244, 32360370.05816667, 32360660.057192754, 32360949.056222185, 32361240.055244904, 32361528.054277696, 32361819.053300407, 32362109.052326486, 32362398.051355917, 32362688.050381992, 32362978.049408067, 32363267.048437502, 32363557.04746357, 32363846.04649301, 32364135.04552244, 32364425.044548515, 32364715.04357459]	0.0	0.0	0.0
2803.925959010186	2.0	trials	5.0	0.0	0.0	0.0	0.0	0.0	True	40.0	0.0	0.005	[32460958.720352348, 32461249.71937506, 32461537.71840785, 32461827.717433926, 32462116.71646336, 32462406.715489432, 32462695.714518867, 32462985.713544946, 32463275.712571017, 32463564.711600456, 32463854.710626524, 32464143.70965596, 32464434.708678674, 32464724.70770475, 32465013.706734184, 32465302.70576362, 32465592.70478969, 32465882.70381577, 32466171.7028452, 32466461.701871276]	0.0	0.0	0.0
2811.2642319655693	2.0	trials	5.0	0.0	0.0	0.0	0.0	0.0	True	40.0	0.0	0.005	[32545892.43511318, 32546182.434139255, 32546471.433168687, 32546762.432191405, 32547050.431224197, 32547340.43025027, 32547630.429276343, 32547920.42830242, 32548209.427331854, 32548498.426361285, 32548788.42538736, 32549078.424413435, 32549368.42343951, 32549657.422468945, 32549948.421491664, 32550236.420524456, 32550526.419550527, 32550816.418576602, 32551105.417606037, 32551395.416632112]	0.0	0.0	0.0
2820.121411819905	2.0	trials	5.0	0.0	0.0	0.0	0.0	0.0	True	40.0	0.0	0.005	[32648406.090833995, 32648695.089863434, 32648985.08888951, 32649274.08791894, 32649563.086948376, 32649854.08597109, 32650143.085000526, 32650432.084029954, 32650723.083052676, 32651011.082085464, 32651302.081108183, 32651591.080137614, 32651881.07916369, 32652171.078189764, 32652460.0772192, 32652750.076245274, 32653040.07527135, 32653329.074300777, 32653619.07332686, 32653909.072352927]	0.0	0.0	0.0
2830.0789783787372	2.0	trials	5.0	0.0	0.0	0.0	0.0	0.0	True	40.0	0.0	0.005	[32763654.703786075, 32763944.702812146, 32764234.701838225, 32764523.700867657, 32764813.69989373, 32765103.698919807, 32765393.69794588, 32765682.696975313, 32765973.69599803, 32766262.695027463, 32766551.6940569, 32766840.693086334, 32767131.69210905, 32767421.691135123, 32767709.69016791, 32768000.689190634, 32768289.688220065, 32768578.687249497, 32768868.686275568, 32769157.685305007]	0.0	0.0	0.0
2836.3142726383285	2.0	trials	5.0	0.0	0.0	0.0	0.0	0.0	True	40.0	0.0	0.005	[32835822.46141976, 32836112.46044584, 32836402.45947191, 32836691.45850135, 32836982.45752406, 32837271.456553496, 32837560.455582935, 32837850.454609007, 32838141.45363172, 32838429.452664513, 32838718.45169395, 32839009.450716663, 32839299.44974274, 32839587.44877553, 32839878.44779825, 32840168.44682432, 32840457.445853755, 32840747.44487983, 32841036.443909265, 32841326.44293534]	0.0	0.0	0.0
2845.8229063048425	2.0	trials	5.0	0.0	0.0	0.0	0.0	0.0	True	40.0	0.0	0.005	[32945876.091818534, 32946166.090844605, 32946455.08987404, 32946746.088896755, 32947035.08792619, 32947325.08695227, 32947614.0859817, 32947904.085007776, 32948194.08403385, 32948483.083063282, 32948772.082092714, 32949062.081118792, 32949352.080144864, 32949641.0791743, 32949932.078197014, 32950220.077229805, 32950510.076255877, 32950800.075281955, 32951089.074311387, 32951380.073334105]	0.0	0.0	0.0
2853.5512739501446	2.0	trials	5.0	0.0	0.0	0.0	0.0	0.0	True	40.0	0.0	0.005	[33035325.791413, 33035614.790442437, 33035904.789468504, 33036194.788494587, 33036483.787524015, 33036774.786546737, 33037063.785576165, 33037353.784602247, 33037641.78363503, 33037931.78266111, 33038222.781683825, 33038511.78071326, 33038799.779746056, 33039091.77876541, 33039380.777794845, 33039670.776820913, 33039959.775850356, 33040249.774876423, 33040539.7739025, 33040829.772928573]	0.0	0.0	0.0
2864.484638831888	2.0	trials	5.0	0.0	0.0	0.0	0.0	0.0	True	40.0	0.0	0.005	[33161869.36643237, 33162159.365458447, 33162448.36448788, 33162737.363517314, 33163027.36254338, 33163316.36157282, 33163607.36059553, 33163897.359621614, 33164186.358651042, 33164476.357677117, 33164764.356709912, 33165055.355732627, 33165345.354758706, 33165634.353788137, 33165924.352814212, 33166213.35184364, 33166503.350869723, 33166793.34989579, 33167083.348921873, 33167372.3479513]	0.0	0.0	0.0
2875.439171642542	2.0	trials	5.0	0.0	0.0	0.0	0.0	0.0	True	40.0	0.0	0.005	[33288656.9406323, 33288946.939658374, 33289235.93868781, 33289525.937713884, 33289815.93673996, 33290105.935766034, 33290394.93479546, 33290683.933824897, 33290974.93284761, 33291262.931880407, 33291552.930906482, 33291843.929929197, 33292133.92895527, 33292421.927988067, 33292711.927014142, 33293000.92604357, 33293290.92506965, 33293581.92409236, 33293870.9231218, 33294159.92215123]	0.0	0.0	0.0
2884.0732674460755	2.0	trials	5.0	0.0	0.0	0.0	0.0	0.0	True	40.0	0.0	0.005	[33388588.605024412, 33388878.604050487, 33389168.603076562, 33389458.602102637, 33389748.601128712, 33390036.600161508, 33390327.599184215, 33390616.59821365, 33390906.597239725, 33391196.5962658, 33391485.595295236, 33391774.59432467, 33392065.593347386, 33392354.59237682, 33392644.591402896, 33392933.590432324, 33393223.589458406, 33393512.588487834, 33393803.587510556, 33394092.586539984]	0.0	0.0	0.0
2893.631408146327	2.0	trials	5.0	0.0	0.0	0.0	0.0	0.0	True	40.0	0.0	0.005	[33499214.233502194, 33499505.232524913, 33499795.231550988, 33500085.230577063, 33500374.22960649, 33500664.228632573, 33500953.227662005, 33501243.22668808, 33501532.225717515, 33501822.224743586, 33502111.22377302, 33502402.222795736, 33502691.22182517, 33502980.220854603, 33503271.21987732, 33503561.218903396, 33503849.217936188, 33504140.2169589, 33504428.215991694, 33504718.21501777]	0.0	0.0	0.0
2904.551726671885	2.0	trials	5.0	0.0	0.0	0.0	0.0	0.0	True	40.0	0.0	0.005	[33625607.809025325, 33625899.80804468, 33626188.807074115, 33626477.80610354, 33626767.805129625, 33627057.80415569, 33627347.803181775, 33627636.8022112, 33627926.80123728, 33628214.800270066, 33628504.79929615, 33628794.798322216, 33629083.79735165, 33629373.796377726, 33629662.79540716, 33629953.794429876, 33630243.79345595, 33630532.79248538, 33630821.791514814, 33631111.7905409]	0.0	0.0	0.0
2915.524662620734	2.0	trials	5.0	0.0	0.0	0.0	0.0	0.0	True	40.0	0.0	0.005	[33752610.382503204, 33752898.38153599, 33753189.380558714, 33753478.37958814, 33753768.37861422, 33754057.37764365, 33754348.37666637, 33754638.37569244, 33754925.37472859, 33755216.373751305, 33755506.37277739, 33755796.371803455, 33756085.37083289, 33756374.369862325, 33756664.3688884, 33756955.367911115, 33757243.3669439, 33757533.365969986, 33757823.36499605, 33758112.364025496]	0.0	0.0	0.0
2925.1870013710504	2.0	trials	5.0	0.0	0.0	0.0	0.0	0.0	True	40.0	0.0	0.005	[33864443.00692744, 33864732.00595687, 33865023.00497959, 33865312.00400902, 33865600.00304182, 33865891.00206453, 33866180.00109397, 33866470.00012004, 33866759.99914612, 33867048.99817555, 33867338.99720162, 33867628.9962277, 33867918.99525377, 33868208.99427985, 33868497.99330928, 33868787.99233535, 33869076.99136479, 33869366.99039086, 33869656.98941694, 33869946.98844301]	0.0	0.0	0.0
2934.730626920049	2.0	trials	5.0	0.0	0.0	0.0	0.0	0.0	True	40.0	0.0	0.005	[33974900.63596943, 33975190.634995505, 33975479.63402493, 33975769.633051015, 33976059.63207708, 33976347.63110988, 33976640.63012588, 33976928.62915867, 33977217.6281881, 33977507.62721418, 33977798.62623689, 33978086.62526969, 33978375.62429912, 33978665.62332519, 33978955.62235127, 33979245.62137734, 33979535.62040342, 33979824.61943285, 33980114.61845893, 33980404.617485]	0.0	0.0	0.0
2941.0607880610414	2.0	trials	5.0	0.0	0.0	0.0	0.0	0.0	True	40.0	0.0	0.005	[34048166.38991564, 34048456.38894171, 34048745.38797114, 34049036.38699386, 34049324.38602665, 34049614.385052726, 34049905.38407545, 34050194.383104876, 34050484.38213095, 34050773.381160386, 34051063.38018646, 34051352.379215896, 34051643.37823861, 34051932.377268046, 34052221.376297474, 34052510.37532691, 34052800.374352984, 34053091.3733757, 34053380.372405134, 34053669.37143457]	0.0	0.0	0.0
2948.741290267094	2.0	trials	5.0	0.0	0.0	0.0	0.0	0.0	True	40.0	0.0	0.005	[34137061.091373995, 34137351.09040007, 34137642.089422785, 34137931.08845222, 34138221.087478295, 34138510.08650773, 34138800.0855338, 34139090.08455988, 34139378.083592676, 34139669.08261539, 34139958.081644826, 34140249.08066754, 34140538.079696976, 34140828.07872304, 34141116.07775584, 34141407.07677855, 34141697.07580463, 34141986.074834056, 34142275.0738635, 34142564.07289293]	0.0	0.0	0.0
2958.437324904247	2.0	trials	5.0	0.0	0.0	0.0	0.0	0.0	True	40.0	0.0	0.005	[34249282.71449184, 34249573.71351455, 34249863.71254063, 34250151.71157342, 34250442.71059614, 34250730.709628925, 34251022.70864829, 34251311.70767772, 34251600.70670715, 34251890.705733225, 34252180.7047593, 34252469.703788735, 34252759.70281481, 34253048.701844245, 34253337.70087368, 34253628.699896395, 34253918.69892247, 34254208.697948545, 34254496.69698133, 34254786.69600741]	0.0	0.0	0.0
2967.0472287890257	2.0	trials	5.0	0.0	0.0	0.0	0.0	0.0	True	40.0	0.0	0.005	[34348935.379820935, 34349224.37885037, 34349515.37787308, 34349804.37690252, 34350094.37592859, 34350383.37495802, 34350674.37398074, 34350962.37301353, 34351252.3720396, 34351543.37106232, 34351832.37009175, 34352121.369121194, 34352412.3681439, 34352701.36717334, 34352991.36619941, 34353280.36522885, 34353570.36425492, 34353860.363281, 34354150.362307064, 34354438.36133986]	0.0	0.0	0.0
2973.60090597937	2.0	trials	5.0	0.0	0.0	0.0	0.0	0.0	True	40.0	0.0	0.005	[34424788.12507905, 34425079.12410177, 34425368.12313121, 34425658.12215728, 34425948.12118336, 34426237.120212786, 34426526.11924222, 34426816.118268296, 34427107.11729101, 34427395.11632381, 34427685.11534988, 34427975.11437596, 34428264.11340539, 34428554.11243146, 34428844.11145754, 34429134.11048361, 34429423.109513044, 34429712.10854248, 34430003.107565194, 34430292.10659463]	0.0	0.0	0.0
2980.8431888571226	2.0	trials	5.0	0.0	0.0	0.0	0.0	0.0	True	40.0	0.0	0.005	[34508611.84356768, 34508900.842597105, 34509189.84162655, 34509481.8406459, 34509771.83967198, 34510059.838704765, 34510349.83773084, 34510638.836760275, 34510928.83578635, 34511218.834812425, 34511508.8338385, 34511796.83287129, 34512087.83189401, 34512376.83092344, 34512667.82994616, 34512955.82897895, 34513246.82800166, 34513534.82703446, 34513824.82606053, 34514114.82508661]	0.0	0.0	0.0
2991.113781564699	2.0	trials	5.0	0.0	0.0	0.0	0.0	0.0	True	40.0	0.0	0.005	[34627483.444352396, 34627773.44337848, 34628064.44240119, 34628353.44143063, 34628643.440456696, 34628933.43948278, 34629222.43851221, 34629512.43753828, 34629801.436567724, 34630091.43559379, 34630381.43461987, 34630670.4336493, 34630960.43267538, 34631249.431704804, 34631538.43073424, 34631829.429756954, 34632120.42877968, 34632408.427812465, 34632697.4268419, 34632987.425867975]	0.0	0.0	0.0
3000.7573715779804	2.0	trials	5.0	0.0	0.0	0.0	0.0	0.0	True	40.0	0.0	0.005	[34739099.0695054, 34739389.06853148, 34739679.06755755, 34739969.06658363, 34740259.0656097, 34740548.064639136, 34740837.06366857, 34741127.06269465, 34741417.061720714, 34741708.060743436, 34741995.05977959, 34742285.05880566, 34742575.05783174, 34742865.05685781, 34743154.055887245, 34743445.05490996, 34743734.053939395, 34744024.05296547, 34744312.051998265, 34744603.05102097]	0.0	0.0	0.0
3008.1145660698176	2.0	trials	5.0	0.0	0.0	0.0	0.0	0.0	True	40.0	0.0	0.005	[34824252.783527404, 34824542.78255347, 34824831.78158291, 34825121.78060899, 34825410.77963842, 34825700.7786645, 34825990.77769057, 34826278.77672336, 34826570.77574272, 34826858.77477551, 34827148.77380158, 34827438.77282766, 34827727.77185709, 34828017.770883165, 34828307.76990924, 34828597.768935315, 34828886.76796475, 34829176.766990826, 34829465.76602025, 34829756.765042976]	0.0	0.0	0.0
3016.931570059079	2.0	trials	5.0	0.0	0.0	0.0	0.0	0.0	True	40.0	0.0	0.005	[34926301.44080986, 34926590.439839296, 34926881.43886201, 34927170.437891446, 34927459.43692088, 34927749.43594696, 34928038.434976384, 34928328.43400246, 34928618.433028534, 34928907.43205797, 34929197.431084044, 34929488.43010677, 34929776.42913955, 34930066.42816563, 34930355.427195065, 34930645.42622114, 34930935.425247215, 34931225.42427328, 34931514.42330272, 34931803.42233215]	0.0	0.0	0.0
3025.1458496725095	2.0	trials	5.0	0.0	0.0	0.0	0.0	0.0	True	40.0	0.0	0.005	[35021372.12152698, 35021663.120549686, 35021952.11957912, 35022241.11860856, 35022531.11763463, 35022822.11665735, 35023110.11569014, 35023401.11471286, 35023690.11374229, 35023979.11277172, 35024269.111797795, 35024558.11082723, 35024849.109849945, 35025138.10887938, 35025428.107905455, 35025718.10693153, 35026008.105957605, 35026297.10498704, 35026587.104013115, 35026876.10304254]	0.0	0.0	0.0
3032.579507907554	2.0	trials	5.0	0.0	0.0	0.0	0.0	0.0	True	40.0	0.0	0.005	[35107410.83257682, 35107700.831602894, 35107990.83062897, 35108279.829658404, 35108569.82868448, 35108858.82771391, 35109148.82673999, 35109438.82576606, 35109727.8247955, 35110017.82382157, 35110306.822851, 35110596.82187708, 35110885.82090651, 35111176.81992923, 35111465.81895866, 35111754.8179881, 35112043.817017525, 35112334.81604025, 35112623.815069675, 35112912.81409911]	0.0	0.0	0.0
3040.2054918966974	2.0	trials	5.0	0.0	0.0	0.0	0.0	0.0	True	40.0	0.0	0.005	[35195675.53615095, 35195964.535180375, 35196254.53420646, 35196544.533232525, 35196833.53226196, 35197122.531291395, 35197412.53031747, 35197703.529340185, 35197991.52837298, 35198281.52739905, 35198570.52642848, 35198861.5254512, 35199149.52448399, 35199439.52351007, 35199730.52253278, 35200019.52156222, 35200309.52058829, 35200599.51961437, 35200887.51864716, 35201178.51766988]	0.0	0.0	0.0
3049.523355003889	2.0	trials	5.0	0.0	0.0	0.0	0.0	0.0	True	40.0	0.0	0.005	[35303520.17396834, 35303811.17299105, 35304100.17202049, 35304390.17104656, 35304679.17007599, 35304969.16910207, 35305258.1681315, 35305549.16715422, 35305837.16618701, 35306127.165213086, 35306418.1642358, 35306707.163265236, 35306996.16229466, 35307286.161320746, 35307575.16035017, 35307864.15937961, 35308155.15840232, 35308444.15743176, 35308734.156457834, 35309024.15548391]	0.0	0.0	0.0
3060.3729985667997	2.0	trials	5.0	0.0	0.0	0.0	0.0	0.0	True	40.0	0.0	0.005	[35429096.75223524, 35429384.75126803, 35429674.75029411, 35429963.74932355, 35430253.748349614, 35430544.74737233, 35430833.746401764, 35431123.74542785, 35431413.744453914, 35431702.74348335, 35431991.742512785, 35432282.7415355, 35432570.74056829, 35432861.73959101, 35433149.7386238, 35433440.73764652, 35433729.73667595, 35434019.73570202, 35434309.7347281, 35434598.73375753]	0.0	0.0	0.0
3070.169516066495	2.0	trials	5.0	0.0	0.0	0.0	0.0	0.0	True	40.0	0.0	0.005	[35542480.37145066, 35542771.370473385, 35543059.36950617, 35543350.36852889, 35543639.36755832, 35543930.36658104, 35544219.36561047, 35544508.36463991, 35544798.36366598, 35545088.36269206, 35545377.36172149, 35545667.36074756, 35545957.35977364, 35546247.35879971, 35546535.35783251, 35546825.356858574, 35547114.35588802, 35547405.354910724, 35547694.35394017, 35547983.352969594]	0.0	0.0	0.0
3077.4295972844748	2.0	trials	5.0	0.0	0.0	0.0	0.0	0.0	True	40.0	0.0	0.005	[35626509.08925082, 35626800.08827353, 35627088.08730633, 35627379.08632904, 35627669.08535512, 35627957.084387906, 35628248.08341063, 35628537.082440056, 35628826.08146949, 35629116.080495566, 35629406.07952164, 35629696.078547716, 35629986.07757379, 35630275.07660322, 35630565.0756293, 35630854.07465873, 35631144.073684804, 35631433.07271425, 35631724.071736954, 35632013.0707664]	0.0	0.0	0.0
3087.2096124395894	2.0	trials	5.0	0.0	0.0	0.0	0.0	0.0	True	40.0	0.0	0.005	[35739704.70909761, 35739993.708127044, 35740283.70715312, 35740572.70618255, 35740862.70520862, 35741152.7042347, 35741442.70326077, 35741732.70228685, 35742021.70131628, 35742311.70034236, 35742600.69937179, 35742890.69839787, 35743179.697427295, 35743468.69645673, 35743759.695479445, 35744049.69450552, 35744338.693534955, 35744627.69256439, 35744917.691590466, 35745207.69061654]	0.0	0.0	0.0
3097.757634615455	2.0	trials	5.0	0.0	0.0	0.0	0.0	0.0	True	40.0	0.0	0.005	[35861786.29910199, 35862076.29812807, 35862366.29715414, 35862656.29618022, 35862945.295209646, 35863236.29423237, 35863525.293261796, 35863814.29229123, 35864105.291313946, 35864394.29034338, 35864682.28937617, 35864973.28839889, 35865263.28742497, 35865552.286454394, 35865842.28548047, 35866131.284509905, 35866421.28353598, 35866711.282562055, 35867001.28158813, 35867290.280617565]	0.0	0.0	0.0
3107.561755289616	2.0	trials	5.0	0.0	0.0	0.0	0.0	0.0	True	40.0	0.0	0.005	[35975260.9180118, 35975551.91703452, 35975839.91606731, 35976129.915093385, 35976419.91411946, 35976709.913145535, 35976998.91217496, 35977287.911204405, 35977577.91023047, 35977866.90925991, 35978156.90828598, 35978447.9073087, 35978735.90634149, 35979025.90536757, 35979314.904397, 35979604.90342307, 35979895.90244579, 35980183.90147858, 35980473.90050466, 35980763.89953073]	0.0	0.0	0.0
3116.4955716865784	2.0	trials	5.0	0.0	0.0	0.0	0.0	0.0	True	40.0	0.0	0.005	[36078661.57075375, 36078952.56977647, 36079242.56880255, 36079529.5678387, 36079820.56686141, 36080111.56588413, 36080399.56491692, 36080689.563943, 36080979.56296907, 36081268.5619985, 36081558.56102458, 36081847.56005401, 36082138.55907673, 36082427.55810616, 36082716.55713559, 36083005.55616503, 36083296.55518774, 36083586.55421382, 36083875.55324325, 36084165.55226933]	0.0	0.0	0.0
3126.2514813226494	2.0	trials	5.0	0.0	0.0	0.0	0.0	0.0	True	40.0	0.0	0.005	[36191578.19153753, 36191868.190563604, 36192156.1895964, 36192446.188622475, 36192736.18764855, 36193026.186674625, 36193316.1857007, 36193605.18473013, 36193894.18375956, 36194184.18278564, 36194473.18181507, 36194764.18083779, 36195054.17986386, 36195343.17889329, 36195632.17792273, 36195922.1769488, 36196212.17597488, 36196500.17500766, 36196791.174030386, 36197081.17305646]	0.0	0.0	0.0
3132.835052812596	2.0	trials	5.0	0.0	0.0	0.0	0.0	0.0	True	40.0	0.0	0.005	[36267776.93563366, 36268065.934663095, 36268355.93368917, 36268644.932718605, 36268934.93174467, 36269225.930767395, 36269513.92980018, 36269803.92882626, 36270094.92784897, 36270383.92687841, 36270671.925911196, 36270962.92493392, 36271250.923966706, 36271541.92298942, 36271831.9220155, 36272120.92104493, 36272410.920071006, 36272700.91909708, 36272990.918123156, 36273278.91715595]	0.0	0.0	0.0
3139.9366769627336	2.0	trials	5.0	0.0	0.0	0.0	0.0	0.0	True	40.0	0.0	0.005	[36349971.65959305, 36350261.65861913, 36350550.657648556, 36350840.65667463, 36351129.655704066, 36351419.65473014, 36351709.653756216, 36351998.65278565, 36352287.65181508, 36352578.6508378, 36352867.64986723, 36353156.648896664, 36353447.64791938, 36353736.646948814, 36354026.64597489, 36354316.645000964, 36354605.6440304, 36354895.643056475, 36355185.64208255, 36355474.641111985]	0.0	0.0	0.0
3148.589348703882	2.0	trials	5.0	0.0	0.0	0.0	0.0	0.0	True	40.0	0.0	0.005	[36450117.32326648, 36450407.32229255, 36450696.32132198, 36450986.320348054, 36451275.31937749, 36451566.318400204, 36451855.31742964, 36452144.316459075, 36452435.31548179, 36452725.314507864, 36453014.3135373, 36453304.312563375, 36453593.3115928, 36453883.31061888, 36454173.30964495, 36454461.30867775, 36454751.30770382, 36455041.3067299, 36455330.30575933, 36455622.30477869]	0.0	0.0	0.0
3154.9563161212664	2.0	trials	5.0	0.0	0.0	0.0	0.0	0.0	True	40.0	0.0	0.005	[36523808.075785376, 36524098.07481145, 36524388.073837526, 36524677.07286696, 36524967.07189304, 36525259.07091239, 36525545.0699519, 36525837.068971254, 36526126.0680007, 36526416.067026764, 36526705.0660562, 36526995.06508228, 36527285.06410835, 36527575.06313443, 36527863.06216721, 36528154.061189935, 36528443.06021936, 36528733.059245445, 36529023.05827151, 36529313.057297595]	0.0	0.0	0.0
3163.6682580633646	2.0	trials	5.0	0.0	0.0	0.0	0.0	0.0	True	40.0	0.0	0.005	[36624641.73714825, 36624932.73617096, 36625221.7352004, 36625511.73422647, 36625800.73325591, 36626089.73228534, 36626380.73130806, 36626668.73034085, 36626958.72936692, 36627249.72838964, 36627538.72741907, 36627827.726448506, 36628117.72547458, 36628407.724500656, 36628697.72352673, 36628986.72255617, 36629275.721585594, 36629565.72061168, 36629855.719637744, 36630145.71866383]	0.0	0.0	0.0
3173.9583771053635	2.0	trials	5.0	0.0	0.0	0.0	0.0	0.0	True	40.0	0.0	0.005	[36743742.33716391, 36744029.336200066, 36744319.33522613, 36744610.334248856, 36744899.33327828, 36745189.332304366, 36745478.33133379, 36745768.33035987, 36746057.3293893, 36746347.32841538, 36746637.32744145, 36746926.32647088, 36747216.32549696, 36747505.32452639, 36747796.32354911, 36748085.32257854, 36748375.32160462, 36748665.32063069, 36748954.31966012, 36749244.3186862]	0.0	0.0	0.0
3184.4841945558005	2.0	trials	5.0	0.0	0.0	0.0	0.0	0.0	True	40.0	0.0	0.005	[36865566.92803139, 36865856.92705747, 36866146.92608354, 36866435.92511297, 36866724.924142405, 36867014.92316848, 36867304.922194555, 36867594.92122063, 36867884.920246705, 36868174.91927278, 36868462.918305576, 36868751.917335, 36869041.91636108, 36869331.91538715, 36869621.91441323, 36869910.913442664, 36870200.91246874, 36870491.91149145, 36870779.91052425, 36871069.909550324]	0.0	0.0	0.0
3191.1902808342993	2.0	trials	5.0	0.0	0.0	0.0	0.0	0.0	True	40.0	0.0	0.005	[36943183.667365365, 36943473.66639145, 36943763.665417515, 36944052.66444695, 36944343.663469665, 36944631.66250246, 36944921.66152853, 36945212.66055125, 36945501.65958068, 36945790.65861011, 36946080.65763619, 36946370.65666226, 36946659.655691706, 36946949.65471777, 36947239.65374385, 36947528.65277328, 36947818.65179936, 36948108.65082543, 36948397.64985487, 36948686.6488843]	0.0	0.0	0.0
3198.9416308024183	2.0	trials	5.0	0.0	0.0	0.0	0.0	0.0	True	40.0	0.0	0.005	[37032898.36606987, 37033188.36509594, 37033477.36412538, 37033768.36314809, 37034057.36217753, 37034346.361206956, 37034636.36023303, 37034927.35925575, 37035216.35828519, 37035506.357311256, 37035795.35634069, 37036085.35536677, 37036375.35439284, 37036663.35342564, 37036954.35244835, 37037244.35147443, 37037533.35050386, 37037823.34952994, 37038112.348559365, 37038402.34758544]	0.0	0.0	0.0
3223.621362318811	2.0	trials	6.0	0.0	0.0	0.0	0.0	0.0	True	40.0	0.0	0.005	[37318543.40676703, 37318834.405789755, 37319123.40481919, 37319413.403845266, 37319702.40287469, 37319991.40190413, 37320282.40092684, 37320572.39995292, 37320861.39898235, 37321150.39801179, 37321440.397037864, 37321729.39606729, 37322020.395090014, 37322309.39411944, 37322599.39314552, 37322888.39217495, 37323178.39120103, 37323468.3902271, 37323756.3892599, 37324047.38828261]	0.0	0.0	0.0
3232.561917893141	2.0	trials	6.0	0.0	0.0	0.0	0.0	0.0	True	40.0	0.0	0.005	[37422023.05924368, 37422312.058273114, 37422601.05730255, 37422891.056328624, 37423182.05535134, 37423471.054380774, 37423760.0534102, 37424050.05243628, 37424340.05146235, 37424629.05049179, 37424920.0495145, 37425208.0485473, 37425499.04757001, 37425788.04659945, 37426077.04562888, 37426368.0446516, 37426657.04368103, 37426947.04270711, 37427236.041736536, 37427526.04076261]	0.0	0.0	0.0
3241.909588900227	2.0	trials	6.0	0.0	0.0	0.0	0.0	0.0	True	40.0	0.0	0.005	[37530212.69590244, 37530502.69492851, 37530792.69395459, 37531082.69298066, 37531372.69200674, 37531661.691036165, 37531950.6900656, 37532240.68909168, 37532530.68811775, 37532819.68714719, 37533109.68617326, 37533400.68519598, 37533688.68422877, 37533978.683254845, 37534268.68228092, 37534558.681306995, 37534847.68033642, 37535136.67936586, 37535426.67839193, 37535716.67741801]	0.0	0.0	0.0
3251.156431445932	2.0	trials	6.0	0.0	0.0	0.0	0.0	0.0	True	40.0	0.0	0.005	[37637236.33647704, 37637526.33550312, 37637816.33452919, 37638106.33355527, 37638396.33258134, 37638685.33161078, 37638975.33063685, 37639264.32966629, 37639554.328692354, 37639844.32771844, 37640133.326747864, 37640423.32577394, 37640713.324800014, 37641003.32382609, 37641291.322858885, 37641582.3218816, 37641871.320911035, 37642161.31993711, 37642451.318963185, 37642739.31799597]	0.0	0.0	0.0
3260.98336164349	2.0	trials	6.0	0.0	0.0	0.0	0.0	0.0	True	40.0	0.0	0.005	[37750974.95450024, 37751262.95353303, 37751553.95255575, 37751843.95158183, 37752131.95061462, 37752421.94964069, 37752711.94866677, 37753001.94769284, 37753290.94672228, 37753581.94574499, 37753870.94477443, 37754159.943803854, 37754449.94282994, 37754738.941859365, 37755029.94088209, 37755318.939911515, 37755608.93893759, 37755898.937963665, 37756188.93698974, 37756477.936019175]	0.0	0.0	0.0
3270.5235312040954	2.0	trials	6.0	0.0	0.0	0.0	0.0	0.0	True	40.0	0.0	0.005	[37861393.58367321, 37861683.58269929, 37861972.58172872, 37862262.580754794, 37862551.57978422, 37862841.578810304, 37863131.57783637, 37863420.576865815, 37863710.57589188, 37864000.57491796, 37864289.57394739, 37864579.57297347, 37864868.572002895, 37865158.57102898, 37865448.570055045, 37865738.56908113, 37866028.568107195, 37866317.56713663, 37866607.56616271, 37866896.56519214]	0.0	0.0	0.0
3277.741535763383	2.0	trials	6.0	0.0	0.0	0.0	0.0	0.0	True	40.0	0.0	0.005	[37944935.303108886, 37945225.30213496, 37945514.30116439, 37945803.300193824, 37946093.2992199, 37946383.298245974, 37946673.29727205, 37946962.296301484, 37947252.29532756, 37947541.294356994, 37947830.29338643, 37948120.292412505, 37948411.29143522, 37948700.29046465, 37948990.28949073, 37949279.28852016, 37949569.28754623, 37949858.28657567, 37950148.28560174, 37950438.28462782]	0.0	0.0	0.0
3284.953405943273	2.0	trials	6.0	0.0	0.0	0.0	0.0	0.0	True	40.0	0.0	0.005	[38028405.022786364, 38028696.02180908, 38028986.020835154, 38029274.01986794, 38029565.018890664, 38029854.01792009, 38030144.016946174, 38030434.01597224, 38030722.01500504, 38031012.01403111, 38031303.01305383, 38031591.01208662, 38031881.0111127, 38032172.01013541, 38032462.00916149, 38032750.008194275, 38033040.00722035, 38033330.006246425, 38033619.00527586, 38033909.004301935]	0.0	0.0	0.0
3296.0231959668513	2.0	trials	6.0	0.0	0.0	0.0	0.0	0.0	True	40.0	0.0	0.005	[38156527.59250288, 38156818.59152559, 38157107.59055503, 38157396.589584455, 38157686.58861054, 38157976.587636605, 38158266.58666269, 38158555.585692115, 38158845.58471819, 38159134.583747625, 38159424.5827737, 38159713.581803136, 38160003.58082921, 38160293.579855286, 38160582.57888471, 38160872.577910796, 38161162.57693686, 38161451.5759663, 38161741.57499237, 38162031.57401845]	0.0	0.0	0.0
3304.9577899612013	2.0	trials	6.0	0.0	0.0	0.0	0.0	0.0	True	40.0	0.0	0.005	[38259939.24520789, 38260227.24424068, 38260518.24326339, 38260806.24229619, 38261097.241318904, 38261387.24034498, 38261675.23937777, 38261966.23840049, 38262255.23742992, 38262545.236456, 38262835.23548207, 38263123.23451486, 38263413.23354093, 38263703.23256701, 38263993.23159308, 38264282.230622515, 38264572.22964859, 38264862.228674665, 38265151.2277041, 38265441.226730175]	0.0	0.0	0.0
3312.889456123752	2.0	trials	6.0	0.0	0.0	0.0	0.0	0.0	True	40.0	0.0	0.005	[38351738.936910205, 38352029.93593292, 38352318.934962355, 38352607.93399178, 38352897.93301786, 38353186.9320473, 38353476.93107337, 38353765.9301028, 38354055.92912888, 38354345.92815495, 38354635.92718103, 38354925.9262071, 38355214.92523653, 38355504.92426261, 38355793.92329204, 38356082.922321476, 38356372.92134755, 38356661.920376986, 38356952.9193997, 38357242.918425776]	0.0	0.0	0.0
3319.639519854559	2.0	trials	6.0	0.0	0.0	0.0	0.0	0.0	True	40.0	0.0	0.005	[38429864.674534775, 38430154.67356085, 38430444.672586925, 38430734.671613, 38431023.670642436, 38431314.66966515, 38431603.668694586, 38431892.66772401, 38432183.666746736, 38432471.66577952, 38432761.6648056, 38433051.663831666, 38433341.66285775, 38433631.661883816, 38433919.66091661, 38434209.65994269, 38434500.6589654, 38434789.65799484, 38435078.65702427, 38435368.65605035]	0.0	0.0	0.0
3328.617659302667	2.0	trials	6.0	0.0	0.0	0.0	0.0	0.0	True	40.0	0.0	0.005	[38533779.32555053, 38534069.3245766, 38534359.32360268, 38534648.32263211, 38534938.32165818, 38535228.32068426, 38535517.3197137, 38535806.318743125, 38536096.31776921, 38536386.316795275, 38536676.31582136, 38536964.314854145, 38537254.31388022, 38537544.31290629, 38537834.31193237, 38538124.31095844, 38538414.30998452, 38538703.30901395, 38538992.30804338, 38539282.30706946]	0.0	0.0	0.0
3339.517673896413	2.0	trials	6.0	0.0	0.0	0.0	0.0	0.0	True	40.0	0.0	0.005	[38659936.90186623, 38660226.9008923, 38660515.89992173, 38660804.89895117, 38661094.89797724, 38661385.89699996, 38661674.89602939, 38661964.895055465, 38662253.8940849, 38662542.893114336, 38662831.89214376, 38663121.89116984, 38663412.89019255, 38663701.88922199, 38663990.888251424, 38664281.88727414, 38664570.88630357, 38664859.88533301, 38665150.88435572, 38665438.88338851]	0.0	0.0	0.0
3348.961507780549	2.0	trials	6.0	0.0	0.0	0.0	0.0	0.0	True	40.0	0.0	0.005	[38769240.53478376, 38769530.53380984, 38769819.53283927, 38770108.5318687, 38770399.53089142, 38770688.52992085, 38770978.52894692, 38771267.527976364, 38771557.52700243, 38771846.52603187, 38772136.52505795, 38772426.52408402, 38772716.5231101, 38773005.52213953, 38773294.52116896, 38773585.52019168, 38773875.51921775, 38774164.51824718, 38774454.51727326, 38774743.51630269]	0.0	0.0	0.0
3359.8516728073732	2.0	trials	6.0	0.0	0.0	0.0	0.0	0.0	True	40.0	0.0	0.005	[38895283.11148567, 38895573.11051174, 38895862.10954118, 38896152.10856725, 38896442.10759333, 38896732.1066194, 38897022.10564548, 38897310.104678266, 38897599.1037077, 38897890.102730416, 38898180.1017565, 38898469.100785926, 38898759.099812, 38899048.098841436, 38899339.09786415, 38899628.096893586, 38899917.095923014, 38900206.09495245, 38900497.093975164, 38900787.09300124]	0.0	0.0	0.0
3370.867635811722	2.0	trials	6.0	0.0	0.0	0.0	0.0	0.0	True	40.0	0.0	0.005	[39022782.68329445, 39023072.68232052, 39023361.681349955, 39023651.68037603, 39023940.679405466, 39024231.67842818, 39024519.677460976, 39024810.67648368, 39025098.67551648, 39025388.67454255, 39025678.67356863, 39025969.67259134, 39026257.67162414, 39026547.67065021, 39026837.66967629, 39027126.668705724, 39027417.66772844, 39027705.666761234, 39027996.66578394, 39028285.66481338]	0.0	0.0	0.0
3381.158014052851	2.0	trials	6.0	0.0	0.0	0.0	0.0	0.0	True	40.0	0.0	0.005	[39141884.28330675, 39142174.28233282, 39142464.2813589, 39142753.28038833, 39143043.2794144, 39143332.278443836, 39143622.27746992, 39143912.276495986, 39144202.27552207, 39144490.27455485, 39144780.27358093, 39145071.272603646, 39145360.27163308, 39145649.27066251, 39145939.26968859, 39146229.26871466, 39146519.267740734, 39146808.26677017, 39147097.265799604, 39147387.26482568]	0.0	0.0	0.0
3390.6383086145383	2.0	trials	6.0	0.0	0.0	0.0	0.0	0.0	True	40.0	0.0	0.005	[39251609.91480705, 39251898.913836494, 39252189.9128592, 39252478.911888644, 39252768.91091471, 39253058.90994079, 39253347.90897023, 39253637.9079963, 39253927.90702238, 39254216.90605181, 39254506.90507788, 39254795.90410731, 39255085.90313339, 39255375.90215946, 39255664.9011889, 39255953.90021833, 39256244.899241045, 39256533.89827048, 39256823.897296555, 39257112.89632598]	0.0	0.0	0.0
3400.766601000011	2.0	trials	6.0	0.0	0.0	0.0	0.0	0.0	True	40.0	0.0	0.005	[39368835.52111965, 39369125.52014573, 39369414.51917516, 39369704.51820123, 39369995.51722395, 39370284.51625338, 39370574.51527946, 39370863.51430889, 39371153.51333496, 39371443.51236104, 39371732.51139047, 39372021.510419905, 39372311.50944599, 39372601.508472055, 39372890.50750149, 39373181.506524205, 39373470.50555364, 39373759.50458307, 39374049.50360915, 39374339.50263522]	0.0	0.0	0.0
3407.953760862887	2.0	trials	6.0	0.0	0.0	0.0	0.0	0.0	True	40.0	0.0	0.005	[39452019.24175762, 39452309.24078369, 39452600.23980641, 39452889.23883584, 39453179.23786192, 39453469.23688799, 39453758.23591743, 39454048.2349435, 39454338.23396958, 39454627.23299901, 39454917.23202508, 39455206.23105452, 39455495.23008395, 39455785.229110025, 39456076.22813274, 39456365.227162175, 39456654.2261916, 39456944.225217685, 39457234.22424375, 39457523.22327319]	0.0	0.0	0.0
3417.8835931148624	2.0	trials	6.0	0.0	0.0	0.0	0.0	0.0	True	40.0	0.0	0.005	[39566948.85578101, 39567238.85480709, 39567527.85383652, 39567818.85285924, 39568107.85188867, 39568397.85091475, 39568686.849944174, 39568977.8489669, 39569266.847996324, 39569556.84702241, 39569845.846051835, 39570135.84507791, 39570425.844103985, 39570714.84313342, 39571003.84216285, 39571294.84118557, 39571583.840215, 39571871.83924779, 39572163.83826715, 39572451.83729994]	0.0	0.0	0.0
3426.40346850199	2.0	trials	6.0	0.0	0.0	0.0	0.0	0.0	True	40.0	0.0	0.005	[39665558.52461288, 39665847.52364232, 39666138.52266503, 39666427.52169447, 39666716.520723894, 39667007.51974662, 39667296.518776044, 39667585.51780548, 39667876.516828194, 39668165.51585763, 39668454.51488706, 39668745.51390978, 39669034.51293921, 39669324.51196529, 39669613.510994725, 39669902.51002415, 39670193.509046875, 39670482.5080763, 39670772.50710238, 39671061.506131805]	0.0	0.0	0.0
3434.544999559737	2.0	trials	6.0	0.0	0.0	0.0	0.0	0.0	True	40.0	0.0	0.005	[39759790.20814766, 39760080.207173735, 39760369.20620317, 39760659.20522924, 39760949.20425532, 39761238.20328475, 39761528.20231082, 39761817.201340266, 39762107.20036633, 39762396.19939577, 39762686.19842184, 39762975.19745128, 39763265.196477346, 39763555.19550343, 39763844.19453286, 39764135.19355558, 39764424.19258501, 39764713.19161444, 39765003.19064052, 39765294.18966323]	0.0	0.0	0.0
3443.971035103647	2.0	trials	6.0	0.0	0.0	0.0	0.0	0.0	True	40.0	0.0	0.005	[39868887.84175702, 39869176.84078646, 39869465.839815885, 39869755.83884197, 39870046.837864675, 39870335.83689412, 39870624.83592355, 39870914.83494962, 39871203.833979055, 39871494.83300177, 39871783.832031205, 39872073.83105728, 39872363.830083355, 39872651.82911614, 39872942.828138866, 39873232.82716493, 39873521.826194376, 39873811.82522044, 39874100.82424988, 39874389.82327931]	0.0	0.0	0.0
3452.804023039227	2.0	trials	6.0	0.0	0.0	0.0	0.0	0.0	True	40.0	0.0	0.005	[39971121.49841818, 39971411.49744426, 39971701.49647033, 39971989.49550312, 39972279.4945292, 39972569.49355527, 39972859.492581345, 39973149.49160742, 39973438.490636855, 39973727.48966629, 39974017.488692366, 39974306.4877218, 39974597.486744516, 39974886.48577395, 39975176.48480002, 39975465.48382945, 39975754.48285889, 39976044.481884964, 39976334.48091104, 39976624.479937114]	0.0	0.0	0.0
3461.06003371251	2.0	trials	6.0	0.0	0.0	0.0	0.0	0.0	True	40.0	0.0	0.005	[40066677.17750649, 40066966.17653593, 40067255.175565355, 40067545.17459144, 40067835.173617505, 40068124.17264694, 40068414.171673015, 40068704.17069909, 40068994.169725165, 40069282.16875796, 40069573.16778067, 40069862.1668101, 40070152.165836185, 40070442.16486225, 40070731.163891695, 40071021.16291776, 40071310.1619472, 40071600.16097327, 40071889.16000271, 40072180.15902542]	0.0	0.0	0.0
3472.1236893566893	2.0	trials	6.0	0.0	0.0	0.0	0.0	0.0	True	40.0	0.0	0.005	[40194729.74745809, 40195018.74648752, 40195308.745513596, 40195596.74454639, 40195886.743572466, 40196177.74259518, 40196465.74162798, 40196756.74065069, 40197045.73968013, 40197334.738709554, 40197625.73773227, 40197914.736761704, 40198204.73578778, 40198493.734817214, 40198782.73384665, 40199073.732869364, 40199363.73189544, 40199652.730924875, 40199941.7299543, 40200231.72898038]	0.0	0.0	0.0
3479.623529769469	2.0	trials	6.0	0.0	0.0	0.0	0.0	0.0	True	40.0	0.0	0.005	[40281532.45594215, 40281821.45497158, 40282110.45400101, 40282400.453027084, 40282691.45204981, 40282980.451079234, 40283269.45010867, 40283558.449138105, 40283849.44816082, 40284138.447190255, 40284428.44621633, 40284717.44524576, 40285007.44427183, 40285296.44330127, 40285586.44232734, 40285876.44135342, 40286166.44037949, 40286456.43940557, 40286744.43843836, 40287035.43746108]	0.0	0.0	0.0
3490.5800497734494	2.0	trials	6.0	0.0	0.0	0.0	0.0	0.0	True	40.0	0.0	0.005	[40408344.030061476, 40408632.029094264, 40408923.02811698, 40409213.02714305, 40409502.02617249, 40409791.025201924, 40410081.024228, 40410371.023254074, 40410660.0222835, 40410951.021306224, 40411240.02033565, 40411530.01936173, 40411819.01839116, 40412108.0174206, 40412398.01644667, 40412688.01547275, 40412978.01449882, 40413267.01352826, 40413556.012557685, 40413847.01158041]	0.0	0.0	0.0
3500.34675937325	2.0	trials	6.0	0.0	0.0	0.0	0.0	0.0	True	40.0	0.0	0.005	[40521384.65042881, 40521674.64945489, 40521962.64848768, 40522254.64750704, 40522542.64653983, 40522832.645565905, 40523122.64459198, 40523411.643621415, 40523701.64264748, 40523990.641676925, 40524280.64070299, 40524569.63973243, 40524860.63875514, 40525148.63778794, 40525438.63681401, 40525728.63584009, 40526018.63486616, 40526307.63389559, 40526598.63291831, 40526887.63194774]	0.0	0.0	0.0
3509.881658551555	2.0	trials	6.0	0.0	0.0	0.0	0.0	0.0	True	40.0	0.0	0.005	[40631742.279806636, 40632032.27883271, 40632322.27785879, 40632611.27688822, 40632901.2759143, 40633191.27494037, 40633479.27397316, 40633769.272999234, 40634059.27202531, 40634349.271051385, 40634638.27008083, 40634927.269110255, 40635217.26813633, 40635507.267162405, 40635796.26619184, 40636086.26521791, 40636376.26424399, 40636666.26327006, 40636955.26229949, 40637244.26132893]	0.0	0.0	0.0
3517.526218478314	2.0	trials	6.0	0.0	0.0	0.0	0.0	0.0	True	40.0	0.0	0.005	[40720220.982662074, 40720509.98169151, 40720798.980720945, 40721089.97974366, 40721377.978776455, 40721668.97779917, 40721957.9768286, 40722247.97585467, 40722536.97488411, 40722825.97391354, 40723116.97293626, 40723406.97196233, 40723695.97099177, 40723984.970021196, 40724275.96904392, 40724564.968073346, 40724854.96709942, 40725143.966128856, 40725433.96515493, 40725724.964177646]	0.0	0.0	0.0
3525.134144928101	2.0	trials	6.0	0.0	0.0	0.0	0.0	0.0	True	40.0	0.0	0.005	[40808275.68694146, 40808564.685970895, 40808854.68499697, 40809143.684026405, 40809433.68305247, 40809722.68208191, 40810013.68110462, 40810301.68013742, 40810591.67916349, 40810882.67818621, 40811170.677218996, 40811461.67624172, 40811749.675274506, 40812040.67429723, 40812329.673326656, 40812619.67235273, 40812909.671378806, 40813199.67040488, 40813487.66943768, 40813778.66846039]	0.0	0.0	0.0
3535.634042465587	2.0	trials	6.0	0.0	0.0	0.0	0.0	0.0	True	40.0	0.0	0.005	[40929801.278813094, 40930091.27783917, 40930380.2768686, 40930670.27589468, 40930960.27492075, 40931250.27394683, 40931539.27297626, 40931829.27200233, 40932118.27103177, 40932409.27005448, 40932698.26908392, 40932987.26811335, 40933278.26713607, 40933567.2661655, 40933856.26519493, 40934146.264221005, 40934436.26324708, 40934726.262273155, 40935015.26130259, 40935304.260332026]	0.0	0.0	0.0
3545.2278662460026	2.0	trials	6.0	0.0	0.0	0.0	0.0	0.0	True	40.0	0.0	0.005	[41040840.905900516, 41041130.90492659, 41041419.903956026, 41041709.9029821, 41041999.902008176, 41042288.90103761, 41042579.900060326, 41042868.89908975, 41043158.898115836, 41043448.8971419, 41043737.89617135, 41044027.895197414, 41044316.89422685, 41044605.89325628, 41044896.892279, 41045185.89130843, 41045475.89033451, 41045765.88936058, 41046054.88839001, 41046344.887416095]	0.0	0.0	0.0
3551.9661796162695	2.0	trials	6.0	0.0	0.0	0.0	0.0	0.0	True	40.0	0.0	0.005	[41118830.64398182, 41119121.64300454, 41119409.64203733, 41119700.64106005, 41119990.64008612, 41120278.63911891, 41120569.63814163, 41120858.63717106, 41121147.636200495, 41121438.63522321, 41121728.634249285, 41122017.63327872, 41122307.632304795, 41122597.63133087, 41122886.630360305, 41123174.62939309, 41123465.62841581, 41123755.62744188, 41124045.62646796, 41124334.62549739]	0.0	0.0	0.0
3559.627673886157	2.0	trials	6.0	0.0	0.0	0.0	0.0	0.0	True	40.0	0.0	0.005	[41207505.346179016, 41207795.3452051, 41208085.344231166, 41208375.34325725, 41208664.342286676, 41208954.34131275, 41209244.340338826, 41209533.33936826, 41209823.33839434, 41210112.33742377, 41210402.33644984, 41210692.33547592, 41210981.33450535, 41211271.333531424, 41211561.3325575, 41211850.331586935, 41212141.33060965, 41212430.329639085, 41212720.32866515, 41213010.327691235]	0.0	0.0	0.0
3565.886468866824	2.0	trials	6.0	0.0	0.0	0.0	0.0	0.0	True	40.0	0.0	0.005	[41279945.10289923, 41280234.10192867, 41280524.10095474, 41280814.09998082, 41281103.09901026, 41281394.09803297, 41281683.09706241, 41281972.09609184, 41282262.09511791, 41282551.09414735, 41282842.09317006, 41283132.09219614, 41283420.09122893, 41283710.090255, 41284000.08928108, 41284290.08830715, 41284579.087336585, 41284870.0863593, 41285159.085388735, 41285448.08441816]	0.0	0.0	0.0
3572.0204162667746	2.0	trials	6.0	0.0	0.0	0.0	0.0	0.0	True	40.0	0.0	0.005	[41350939.86447229, 41351229.86349836, 41351518.862527795, 41351808.86155387, 41352098.860579945, 41352388.85960602, 41352677.858635455, 41352966.85766489, 41353257.856687605, 41353546.85571704, 41353835.85474647, 41354126.85376919, 41354414.85280198, 41354704.85182805, 41354994.85085413, 41355284.8498802, 41355573.84890963, 41355862.847939074, 41356152.84696514, 41356442.84599122]	0.0	0.0	0.0
3582.697951607688	2.0	trials	6.0	0.0	0.0	0.0	0.0	0.0	True	40.0	0.0	0.005	[41474522.44943576, 41474812.448461846, 41475101.44749128, 41475392.446513996, 41475682.44554006, 41475971.4445695, 41476260.44359893, 41476550.44262501, 41476840.44165108, 41477129.44068051, 41477419.439706594, 41477709.43873266, 41477999.437758744, 41478288.43678817, 41478578.435814254, 41478868.43484032, 41479156.43387312, 41479447.43289583, 41479736.43192527, 41480025.430954695]	0.0	0.0	0.0
3590.1500129809274	2.0	trials	6.0	0.0	0.0	0.0	0.0	0.0	True	40.0	0.0	0.005	[41560773.15977364, 41561064.158796355, 41561354.15782243, 41561643.15685186, 41561933.15587794, 41562222.15490737, 41562512.15393344, 41562802.15295952, 41563091.15198895, 41563381.15101503, 41563670.15004446, 41563959.1490739, 41564249.14809997, 41564540.14712269, 41564829.14615212, 41565119.1451782, 41565408.14420763, 41565698.1432337, 41565988.14225978, 41566278.14128585]	0.0	0.0	0.0
3600.8057755949612	2.0	trials	6.0	0.0	0.0	0.0	0.0	0.0	True	40.0	0.0	0.005	[41684103.74558343, 41684393.744609505, 41684683.74363557, 41684973.742661655, 41685263.74168772, 41685552.740717165, 41685842.73974323, 41686132.738769315, 41686420.737802096, 41686711.73682482, 41687000.735854246, 41687289.73488369, 41687580.733906396, 41687869.73293583, 41688159.731961906, 41688449.73098798, 41688738.730017416, 41689028.72904349, 41689316.72807629, 41689607.727099]	0.0	0.0	0.0
3609.1098245069147	2.0	trials	6.0	0.0	0.0	0.0	0.0	0.0	True	40.0	0.0	0.005	[41780215.42280448, 41780506.421827205, 41780794.42085999, 41781085.419882715, 41781374.41891214, 41781664.41793822, 41781954.41696429, 41782242.41599709, 41782532.41502316, 41782822.41404924, 41783111.41307867, 41783402.41210139, 41783691.41113082, 41783981.41015689, 41784271.40918297, 41784560.4082124, 41784850.407238476, 41785139.406267904, 41785430.405290626, 41785718.404323414]	0.0	0.0	0.0
3617.461825257827	2.0	trials	6.0	0.0	0.0	0.0	0.0	0.0	True	40.0	0.0	0.005	[41876882.09816165, 41877173.097184375, 41877462.0962138, 41877752.09523988, 41878042.09426595, 41878332.09329203, 41878621.09232146, 41878911.09134754, 41879200.09037697, 41879489.0894064, 41879779.088432476, 41880069.08745855, 41880359.086484626, 41880648.08551406, 41880938.084540136, 41881228.08356621, 41881517.08259565, 41881806.081625074, 41882095.08065451, 41882387.079673864]	0.0	0.0	0.0
3624.8058005940593	2.0	trials	6.0	0.0	0.0	0.0	0.0	0.0	True	40.0	0.0	0.005	[41961882.81269748, 41962171.81172691, 41962462.81074963, 41962751.80977906, 41963040.8088085, 41963330.807834566, 41963620.80686065, 41963909.805890076, 41964199.80491615, 41964489.803942226, 41964778.80297166, 41965067.80200109, 41965357.80102717, 41965648.80004988, 41965937.799079314, 41966227.79810539, 41966515.797138184, 41966806.7961609, 41967095.795190334, 41967385.79421641]	0.0	0.0	0.0
3635.0350942403325	2.0	trials	6.0	0.0	0.0	0.0	0.0	0.0	True	40.0	0.0	0.005	[42080277.415084146, 42080565.414116934, 42080855.41314301, 42081146.412165724, 42081434.41119852, 42081724.41022459, 42082014.40925067, 42082304.40827674, 42082594.40730281, 42082884.40632889, 42083173.40535832, 42083463.404384404, 42083751.403417185, 42084041.40244327, 42084331.401469335, 42084620.40049878, 42084910.399524845, 42085201.39854757, 42085490.397576995, 42085780.39660307]	0.0	0.0	0.0
3644.6899162158925	2.0	trials	6.0	0.0	0.0	0.0	0.0	0.0	True	40.0	0.0	0.005	[42192022.03980392, 42192311.03883336, 42192602.03785607, 42192891.03688551, 42193181.035911575, 42193470.03494102, 42193759.033970445, 42194050.03299316, 42194339.032022595, 42194629.03104867, 42194919.030074745, 42195208.02910418, 42195498.02813025, 42195788.02715633, 42196077.02618576, 42196367.02521183, 42196656.02424126, 42196945.023270704, 42197236.02229341, 42197525.021322854]	0.0	0.0	0.0
3654.811642223418	2.0	trials	6.0	0.0	0.0	0.0	0.0	0.0	True	40.0	0.0	0.005	[42309171.646371745, 42309462.64539446, 42309751.644423895, 42310040.64345332, 42310329.642482765, 42310619.64150883, 42310909.64053491, 42311199.63956098, 42311489.63858706, 42311778.63761649, 42312068.63664257, 42312357.635672, 42312647.63469808, 42312936.633727506, 42313227.63275023, 42313516.631779656, 42313806.63080573, 42314095.629835166, 42314385.62886124, 42314675.627887316]	0.0	0.0	0.0
3663.8239095569124	2.0	trials	6.0	0.0	0.0	0.0	0.0	0.0	True	40.0	0.0	0.005	[42413481.29606095, 42413770.295090385, 42414059.29411981, 42414350.293142535, 42414640.2921686, 42414929.291198045, 42415218.29022747, 42415508.28925355, 42415799.28827626, 42416088.2873057, 42416377.286335126, 42416666.28536457, 42416957.284387276, 42417246.28341671, 42417536.282442786, 42417827.28146551, 42418116.280494936, 42418405.27952437, 42418695.27855044, 42418984.27757988]	0.0	0.0	0.0
3683.5303873753187	2.0	trials	7.0	0.0	0.0	0.0	0.0	0.0	True	40.0	0.0	0.005	[42641565.53006882, 42641854.52909826, 42642144.52812433, 42642434.52715041, 42642723.52617984, 42643012.52520927, 42643302.524235345, 42643592.52326142, 42643882.522287495, 42644171.52131693, 42644461.520343006, 42644751.51936908, 42645040.518398516, 42645329.51742794, 42645620.516450666, 42645910.51547674, 42646199.51450617, 42646489.51353224, 42646778.51256168, 42647068.511587754]	0.0	0.0	0.0
3691.7984076082694	2.0	trials	7.0	0.0	0.0	0.0	0.0	0.0	True	40.0	0.0	0.005	[42737260.208690315, 42737550.20771639, 42737840.206742465, 42738128.20577526, 42738419.204797976, 42738708.20382741, 42738997.20285684, 42739287.20188292, 42739577.20090899, 42739866.199938424, 42740156.1989645, 42740446.197990574, 42740735.19702001, 42741025.196046084, 42741315.19507216, 42741604.194101594, 42741893.19313102, 42742183.1921571, 42742473.19118317, 42742763.19020925]	0.0	0.0	0.0
3701.3142124507003	2.0	trials	7.0	0.0	0.0	0.0	0.0	0.0	True	40.0	0.0	0.005	[42847396.83881034, 42847686.837836415, 42847975.83686585, 42848264.835895285, 42848555.83491799, 42848844.833947435, 42849134.83297351, 42849424.831999585, 42849713.83102902, 42850003.83005509, 42850292.82908452, 42850582.8281106, 42850871.82714003, 42851161.82616611, 42851451.82519218, 42851741.82421825, 42852030.82324769, 42852319.82227712, 42852609.821303196, 42852899.82032927]	0.0	0.0	0.0
3709.6008086212655	2.0	trials	7.0	0.0	0.0	0.0	0.0	0.0	True	40.0	0.0	0.005	[42943306.51670979, 42943595.51573922, 42943885.5147653, 42944175.513791375, 42944465.51281745, 42944754.51184688, 42945044.51087295, 42945333.50990239, 42945624.5089251, 42945912.5079579, 42946202.50698397, 42946492.50601005, 42946782.50503612, 42947071.50406555, 42947361.503091626, 42947650.50212106, 42947940.501147136, 42948229.50017657, 42948520.499199286, 42948808.498232074]	0.0	0.0	0.0
3718.9541820092004	2.0	trials	7.0	0.0	0.0	0.0	0.0	0.0	True	40.0	0.0	0.005	[43051563.15314353, 43051852.15217297, 43052143.15119568, 43052433.15022176, 43052721.14925455, 43053012.14827727, 43053301.1473067, 43053591.14633278, 43053880.145362206, 43054170.14438828, 43054459.143417716, 43054749.14244379, 43055039.141469866, 43055329.14049594, 43055618.139525376, 43055907.138554804, 43056197.13758089, 43056487.136606954, 43056776.13563639, 43057067.134659104]	0.0	0.0	0.0
3726.240528738971	2.0	trials	7.0	0.0	0.0	0.0	0.0	0.0	True	40.0	0.0	0.005	[43135894.8699261, 43136185.868948825, 43136474.86797825, 43136764.86700433, 43137054.8660304, 43137343.86505984, 43137633.864085905, 43137923.86311199, 43138211.862144776, 43138502.86116749, 43138791.860196926, 43139081.859223, 43139370.85825243, 43139659.85728186, 43139949.856307946, 43140239.85533401, 43140529.854360096, 43140819.85338616, 43141109.852412246, 43141397.851445034]	0.0	0.0	0.0
3735.8144805861234	2.0	trials	7.0	0.0	0.0	0.0	0.0	0.0	True	40.0	0.0	0.005	[43246704.49778595, 43246995.49680866, 43247283.49584146, 43247574.49486417, 43247863.49389361, 43248152.492923036, 43248443.49194576, 43248732.490975186, 43249021.49000462, 43249312.489027336, 43249601.48805677, 43249890.48708621, 43250180.48611228, 43250469.48514172, 43250760.48416443, 43251049.48319387, 43251339.482219934, 43251629.48124602, 43251919.480272084, 43252207.47930488]	0.0	0.0	0.0
3743.6922333297352	2.0	trials	7.0	0.0	0.0	0.0	0.0	0.0	True	40.0	0.0	0.005	[43337882.19157717, 43338172.19060324, 43338462.18962932, 43338752.18865539, 43339041.18768483, 43339330.186714254, 43339620.18574033, 43339910.184766404, 43340200.18379248, 43340489.182821915, 43340779.18184799, 43341068.180877425, 43341358.1799035, 43341648.178929575, 43341938.17795565, 43342227.176985085, 43342516.17601451, 43342806.17504059, 43343096.17406666, 43343386.17309274]	0.0	0.0	0.0
3752.4308727821726	2.0	trials	7.0	0.0	0.0	0.0	0.0	0.0	True	40.0	0.0	0.005	[43439023.85190567, 43439313.85093174, 43439603.84995782, 43439892.848987244, 43440181.84801668, 43440471.847042754, 43440761.84606883, 43441050.845098265, 43441340.84412434, 43441630.843150415, 43441920.84217648, 43442209.841205925, 43442499.84023199, 43442789.839258075, 43443079.83828414, 43443369.837310225, 43443658.83633965, 43443947.83536909, 43444237.83439516, 43444527.83342124]	0.0	0.0	0.0
3762.388439341006	2.0	trials	7.0	0.0	0.0	0.0	0.0	0.0	True	40.0	0.0	0.005	[43554273.464854375, 43554563.46388045, 43554853.462906525, 43555143.4619326, 43555432.460962035, 43555722.45998811, 43556011.459017545, 43556301.45804362, 43556590.45707305, 43556880.45609912, 43557170.4551252, 43557460.45415127, 43557749.45318071, 43558039.45220678, 43558328.45123622, 43558619.45025893, 43558907.44929173, 43559197.4483178, 43559487.44734388, 43559777.44636995]	0.0	0.0	0.0
3769.6323638132462	2.0	trials	7.0	0.0	0.0	0.0	0.0	0.0	True	40.0	0.0	0.005	[43638115.18328254, 43638405.18230862, 43638694.18133806, 43638984.180364124, 43639274.17939021, 43639564.178416274, 43639853.17744572, 43640143.176471785, 43640432.17550122, 43640722.174527295, 43641013.17355001, 43641302.172579445, 43641591.17160888, 43641881.17063495, 43642170.16966438, 43642460.16869046, 43642750.16771653, 43643040.16674261, 43643329.16577204, 43643618.16480148]	0.0	0.0	0.0
3779.0990936204885	2.0	trials	7.0	0.0	0.0	0.0	0.0	0.0	True	40.0	0.0	0.005	[43747684.81530676, 43747973.814336196, 43748262.81336562, 43748552.8123917, 43748842.81141777, 43749131.81044721, 43749421.809473276, 43749711.80849936, 43750001.807525426, 43750290.80655487, 43750580.80558094, 43750869.80461037, 43751160.80363309, 43751448.80266588, 43751738.80169196, 43752027.80072139, 43752317.79974747, 43752607.798773535, 43752897.79779962, 43753186.796829045]	0.0	0.0	0.0
3786.5650653470125	2.0	trials	7.0	0.0	0.0	0.0	0.0	0.0	True	40.0	0.0	0.005	[43834095.52510729, 43834385.52413337, 43834674.523162805, 43834965.52218552, 43835254.521214955, 43835544.52024102, 43835832.51927382, 43836123.51829653, 43836412.51732597, 43836703.51634868, 43836991.51538148, 43837282.514404185, 43837572.51343027, 43837860.512463056, 43838150.51148913, 43838440.510515206, 43838729.50954464, 43839019.50857071, 43839309.50759679, 43839599.50662286]	0.0	0.0	0.0
3796.144719575014	2.0	trials	7.0	0.0	0.0	0.0	0.0	0.0	True	40.0	0.0	0.005	[43944972.152742125, 43945262.15176821, 43945551.150797635, 43945841.14982372, 43946131.148849785, 43946420.14787922, 43946710.146905296, 43947000.14593137, 43947290.144957446, 43947578.14399024, 43947869.14301295, 43948158.14204238, 43948448.14106846, 43948737.140097894, 43949027.13912397, 43949316.138153404, 43949606.13717948, 43949896.136205554, 43950185.13523499, 43950476.134257704]	0.0	0.0	0.0
3801.8027773731765	2.0	trials	7.0	0.0	0.0	0.0	0.0	0.0	True	40.0	0.0	0.005	[44010457.93281639, 44010747.93184247, 44011037.93086854, 44011326.92989798, 44011617.92892069, 44011906.92795013, 44012195.926979564, 44012484.92600899, 44012775.925031714, 44013063.9240645, 44013354.92308722, 44013643.92211665, 44013933.92114273, 44014223.9201688, 44014512.91919824, 44014802.91822431, 44015091.91725374, 44015381.91627982, 44015671.9153059, 44015961.91433197]	0.0	0.0	0.0
3811.499071209459	2.0	trials	7.0	0.0	0.0	0.0	0.0	0.0	True	40.0	0.0	0.005	[44122683.5559208, 44122973.55494688, 44123263.55397295, 44123552.55300238, 44123842.55202846, 44124131.55105789, 44124420.550087325, 44124711.54911004, 44125001.548136115, 44125291.54716219, 44125580.546191625, 44125870.5452177, 44126159.544247136, 44126448.54327656, 44126738.54230264, 44127028.54132871, 44127317.54035815, 44127607.53938422, 44127897.5384103, 44128187.537436366]	0.0	0.0	0.0
3817.294418146554	2.0	trials	7.0	0.0	0.0	0.0	0.0	0.0	True	40.0	0.0	0.005	[44189760.33065192, 44190050.32967799, 44190338.32871078, 44190629.3277335, 44190919.32675958, 44191208.325789005, 44191497.32481844, 44191788.32384116, 44192077.32287059, 44192366.321900025, 44192656.3209261, 44192946.319952175, 44193236.31897825, 44193525.31800768, 44193815.31703376, 44194104.31606319, 44194394.31508926, 44194684.31411534, 44194974.31314141, 44195263.31217085]	0.0	0.0	0.0
3823.4926469306247	2.0	trials	7.0	0.0	0.0	0.0	0.0	0.0	True	40.0	0.0	0.005	[44261499.089726344, 44261788.08875577, 44262078.087781854, 44262367.08681128, 44262656.08584072, 44262946.08486679, 44263236.08389287, 44263526.08291894, 44263816.08194502, 44264105.08097445, 44264394.08000388, 44264684.07902996, 44264974.07805603, 44265264.07708211, 44265554.07610818, 44265843.075137615, 44266133.07416369, 44266422.073193125, 44266712.0722192, 44267002.071245275]	0.0	0.0	0.0
3831.521339967324	2.0	trials	7.0	0.0	0.0	0.0	0.0	0.0	True	40.0	0.0	0.005	[44354422.77765386, 44354712.77667994, 44355002.77570601, 44355291.77473544, 44355581.77376152, 44355871.77278759, 44356159.77182039, 44356449.770846464, 44356739.76987254, 44357029.76889861, 44357318.76792805, 44357608.76695412, 44357898.7659802, 44358187.76500963, 44358477.7640357, 44358767.76306178, 44359057.76208785, 44359346.76111728, 44359636.76014336, 44359925.75917279]	0.0	0.0	0.0
3838.3749969502255	2.0	trials	7.0	0.0	0.0	0.0	0.0	0.0	True	40.0	0.0	0.005	[44433747.51125175, 44434037.51027783, 44434327.5093039, 44434618.50832662, 44434907.50735605, 44435196.50638548, 44435485.50541491, 44435775.50444099, 44436064.50347042, 44436355.50249314, 44436644.50152257, 44436933.500552006, 44437224.49957472, 44437513.498604156, 44437802.49763359, 44438092.49665967, 44438382.49568574, 44438672.49471182, 44438961.49374125, 44439251.49276732]	0.0	0.0	0.0
3848.404707266773	2.0	trials	7.0	0.0	0.0	0.0	0.0	0.0	True	40.0	0.0	0.005	[44549833.12139288, 44550122.12042231, 44550412.119448386, 44550701.11847782, 44550991.1175039, 44551281.11652997, 44551570.11555941, 44551860.114585474, 44552150.11361156, 44552439.112640984, 44552728.11167042, 44553018.110696495, 44553308.10972257, 44553598.108748645, 44553887.10777808, 44554177.106804155, 44554467.10583023, 44554756.104859665, 44555045.10388909, 44555335.10291517]	0.0	0.0	0.0
3855.202636436829	2.0	trials	7.0	0.0	0.0	0.0	0.0	0.0	True	40.0	0.0	0.005	[44628511.85716026, 44628801.856186345, 44629090.85521577, 44629381.854238495, 44629670.85326792, 44629959.85229736, 44630249.85132344, 44630539.85034951, 44630828.84937894, 44631118.84840502, 44631407.84743445, 44631697.84646052, 44631987.8454866, 44632276.84451603, 44632566.84354211, 44632855.84257154, 44633145.84159762, 44633436.84062033, 44633725.83964977, 44634014.838679194]	0.0	0.0	0.0
3863.99285651604	2.0	trials	7.0	0.0	0.0	0.0	0.0	0.0	True	40.0	0.0	0.005	[44730251.51548046, 44730540.514509894, 44730831.51353261, 44731119.512565404, 44731410.51158812, 44731699.510617554, 44731989.50964363, 44732278.50867306, 44732568.50769914, 44732857.50672857, 44733147.50575465, 44733437.50478072, 44733726.50381015, 44734016.50283623, 44734306.5018623, 44734596.50088838, 44734885.49991781, 44735175.49894388, 44735465.49796996, 44735754.49699939]	0.0	0.0	0.0
3871.70619061183	2.0	trials	7.0	0.0	0.0	0.0	0.0	0.0	True	40.0	0.0	0.005	[44819525.215666, 44819815.21469208, 44820104.213721514, 44820394.21274759, 44820684.211773664, 44820974.21079974, 44821264.209825814, 44821553.20885525, 44821842.20788468, 44822133.2069074, 44822422.20593683, 44822711.20496626, 44823001.20399234, 44823291.20301841, 44823580.20204785, 44823870.20107392, 44824159.20010336, 44824450.19912607, 44824739.19815551, 44825029.19718158]	0.0	0.0	0.0
3879.388593611498	2.0	trials	7.0	0.0	0.0	0.0	0.0	0.0	True	40.0	0.0	0.005	[44908441.91705047, 44908731.916076556, 44909020.91510598, 44909310.914132066, 44909600.91315813, 44909890.912184216, 44910180.91121028, 44910469.91023972, 44910758.909269154, 44911048.90829523, 44911337.907324664, 44911628.90634738, 44911917.905376814, 44912207.90440288, 44912497.903428964, 44912787.90245503, 44913076.90148447, 44913365.9005139, 44913655.89953998, 44913945.89856605]	0.0	0.0	0.0
3887.69281532287	2.0	trials	7.0	0.0	0.0	0.0	0.0	0.0	True	40.0	0.0	0.005	[45004556.59426146, 45004845.593290895, 45005135.59231697, 45005424.591346405, 45005714.59037248, 45006003.589401916, 45006294.58842463, 45006583.58745406, 45006873.58648014, 45007162.58550957, 45007452.58453565, 45007741.58356508, 45008031.58259115, 45008321.58161723, 45008611.5806433, 45008901.57966938, 45009190.578698814, 45009480.57772488, 45009770.576750964, 45010059.57578039]	0.0	0.0	0.0
3895.835123978006	2.0	trials	7.0	0.0	0.0	0.0	0.0	0.0	True	40.0	0.0	0.005	[45098795.27777274, 45099084.27680217, 45099374.27582824, 45099664.27485432, 45099954.27388039, 45100243.27290982, 45100533.2719359, 45100823.27096197, 45101112.269991405, 45101401.26902084, 45101692.268043555, 45101981.26707299, 45102271.266099066, 45102560.2651285, 45102850.264154576, 45103140.26318065, 45103430.262206726, 45103719.26123615, 45104008.26026559, 45104299.2592883]	0.0	0.0	0.0
3904.6847006578764	2.0	trials	7.0	0.0	0.0	0.0	0.0	0.0	True	40.0	0.0	0.005	[45201220.9337891, 45201510.932815164, 45201800.93184125, 45202090.930867314, 45202379.92989676, 45202669.928922825, 45202958.92795226, 45203248.926978335, 45203538.92600441, 45203828.925030485, 45204117.92405992, 45204407.92308599, 45204697.92211207, 45204986.9211415, 45205275.92017093, 45205566.91919365, 45205855.91822308, 45206144.91725252, 45206434.91627859, 45206724.91530467]	0.0	0.0	0.0
3911.641432494614	2.0	trials	7.0	0.0	0.0	0.0	0.0	0.0	True	40.0	0.0	0.005	[45281738.66338045, 45282028.662406534, 45282317.66143596, 45282607.66046204, 45282897.65948811, 45283187.65851419, 45283477.65754026, 45283765.65657306, 45284056.65559577, 45284344.65462856, 45284634.653654635, 45284924.65268071, 45285214.651706785, 45285503.65073622, 45285793.649762295, 45286083.64878837, 45286373.647814445, 45286663.64684052, 45286952.645869955, 45287242.64489603]	0.0	0.0	0.0
3918.0651645213616	2.0	trials	7.0	0.0	0.0	0.0	0.0	0.0	True	40.0	0.0	0.005	[45356088.4136862, 45356378.412712276, 45356667.411741704, 45356956.41077114, 45357246.409797214, 45357536.40882329, 45357824.40785608, 45358115.4068788, 45358404.40590823, 45358694.40493431, 45358984.40396038, 45359273.40298981, 45359563.40201589, 45359853.40104196, 45360142.4000714, 45360431.39910083, 45360721.3981269, 45361011.39715298, 45361300.39618241, 45361590.395208485]	0.0	0.0	0.0
3926.963125038741	2.0	trials	7.0	0.0	0.0	0.0	0.0	0.0	True	40.0	0.0	0.005	[45459074.06782187, 45459363.06685131, 45459652.065880746, 45459943.06490346, 45460232.063932896, 45460521.06296232, 45460811.0619884, 45461101.06101447, 45461391.06004055, 45461680.059069976, 45461970.05809606, 45462260.057122126, 45462550.05614821, 45462839.05517764, 45463129.05420371, 45463418.05323315, 45463708.05225922, 45463997.05128865, 45464286.050318085, 45464576.04934417]	0.0	0.0	0.0
3935.7886825992764	2.0	trials	7.0	0.0	0.0	0.0	0.0	0.0	True	40.0	0.0	0.005	[45561221.72477186, 45561510.72380129, 45561800.72282736, 45562089.721856795, 45562379.72088287, 45562668.719912305, 45562959.71893502, 45563247.717967816, 45563537.71699389, 45563828.716016605, 45564117.71504604, 45564406.71407547, 45564696.71310155, 45564986.71212762, 45565275.71115705, 45565565.71018313, 45565854.709212564, 45566145.70823528, 45566434.707264714, 45566723.70629414]	0.0	0.0	0.0
3945.203054182357	2.0	trials	7.0	0.0	0.0	0.0	0.0	0.0	True	40.0	0.0	0.005	[45670183.358837955, 45670473.35786403, 45670763.356890105, 45671053.35591617, 45671341.35494897, 45671632.35397168, 45671921.35300112, 45672211.35202719, 45672500.35105663, 45672790.3500827, 45673079.34911214, 45673370.34813485, 45673659.34716428, 45673948.34619372, 45674238.34521979, 45674528.34424587, 45674818.34327194, 45675107.342301376, 45675396.341330804, 45675687.340353526]	0.0	0.0	0.0
3953.8010349071783	2.0	trials	7.0	0.0	0.0	0.0	0.0	0.0	True	40.0	0.0	0.005	[45769697.02463386, 45769987.02365994, 45770277.02268601, 45770567.02171209, 45770856.02074152, 45771146.01976759, 45771435.01879703, 45771725.0178231, 45772014.016852535, 45772305.01587525, 45772594.014904685, 45772883.01393412, 45773173.012960196, 45773463.01198627, 45773753.011012346, 45774042.01004178, 45774331.00907121, 45774622.00809393, 45774911.00712336, 45775200.006152794]	0.0	0.0	0.0
3961.280225789307	2.0	trials	7.0	0.0	0.0	0.0	0.0	0.0	True	40.0	0.0	0.005	[45856262.733913854, 45856552.73293992, 45856840.73197272, 45857131.73099543, 45857419.73002823, 45857710.72905094, 45858000.72807702, 45858289.72710645, 45858578.72613588, 45858868.72516196, 45859158.72418803, 45859447.723217465, 45859737.72224354, 45860027.721269615, 45860317.72029569, 45860606.719325125, 45860896.71835119, 45861186.717377275, 45861475.7164067, 45861765.71543278]	0.0	0.0	0.0
3968.734619954713	2.0	trials	7.0	0.0	0.0	0.0	0.0	0.0	True	40.0	0.0	0.005	[45942540.44416104, 45942829.44319048, 45943119.44221655, 45943409.44124263, 45943699.4402687, 45943988.43929814, 45944278.43832421, 45944568.43735029, 45944857.43637972, 45945147.4354058, 45945436.434435226, 45945726.4334613, 45946015.432490736, 45946305.43151681, 45946595.430542886, 45946885.42956896, 45947174.4285984, 45947464.42762447, 45947753.4266539, 45948044.42567662]	0.0	0.0	0.0
3974.890858479802	2.0	trials	7.0	0.0	0.0	0.0	0.0	0.0	True	40.0	0.0	0.005	[46013793.20486764, 46014082.203897074, 46014372.20292315, 46014662.201949224, 46014952.2009753, 46015241.20000473, 46015530.19903416, 46015821.19805688, 46016110.19708631, 46016400.19611239, 46016689.19514182, 46016979.19416789, 46017268.19319733, 46017558.1922234, 46017848.191249475, 46018138.19027555, 46018427.189304985, 46018716.18833442, 46019007.187357135, 46019297.18638321]	0.0	0.0	0.0
3982.8153534664357	2.0	trials	7.0	0.0	0.0	0.0	0.0	0.0	True	40.0	0.0	0.005	[46105510.89684535, 46105800.895871416, 46106090.8948975, 46106379.893926926, 46106669.892953, 46106958.891982436, 46107248.89100851, 46107538.89003458, 46107827.88906402, 46108117.88809009, 46108406.887119524, 46108697.88614224, 46108986.885171674, 46109275.8842011, 46109565.883227184, 46109855.88225325, 46110144.881282695, 46110434.88030877, 46110724.87933484, 46111013.87836428]	0.0	0.0	0.0
3990.59590653648	2.0	trials	7.0	0.0	0.0	0.0	0.0	0.0	True	40.0	0.0	0.005	[46195564.594411366, 46195853.59344079, 46196143.59246687, 46196433.59149294, 46196723.59051902, 46197012.58954845, 46197302.58857453, 46197591.587603964, 46197882.58662668, 46198170.58565947, 46198460.58468554, 46198750.58371162, 46199039.58274105, 46199328.58177049, 46199619.5807932, 46199908.57982264, 46200198.578848705, 46200488.57787479, 46200777.576904215, 46201068.57592694]	0.0	0.0	0.0
3996.950605195066	2.0	trials	7.0	0.0	0.0	0.0	0.0	0.0	True	40.0	0.0	0.005	[46269114.347403795, 46269403.34643323, 46269692.34546266, 46269982.34448873, 46270271.34351817, 46270561.34254424, 46270852.34156696, 46271141.34059639, 46271430.33962583, 46271721.33864854, 46272009.33768133, 46272300.33670405, 46272589.33573348, 46272879.33475956, 46273168.33378899, 46273457.332818426, 46273748.33184114, 46274037.330870576, 46274326.32990001, 46274616.32892609]	0.0	0.0	0.0
4002.593370244588	2.0	trials	7.0	0.0	0.0	0.0	0.0	0.0	True	40.0	0.0	0.005	[46334424.12806914, 46334713.127098575, 46335002.126128, 46335292.125154085, 46335582.12418015, 46335872.12320623, 46336162.1222323, 46336451.12126174, 46336741.12028781, 46337030.11931725, 46337320.118343316, 46337609.11737275, 46337900.116395466, 46338189.1154249, 46338478.11445434, 46338768.11348041, 46339057.11250984, 46339348.11153256, 46339638.11055863, 46339927.10958807]	0.0	0.0	0.0
4011.2811202679313	2.0	trials	7.0	0.0	0.0	0.0	0.0	0.0	True	40.0	0.0	0.005	[46434975.79037907, 46435265.789405145, 46435555.78843122, 46435844.78746065, 46436134.78648672, 46436423.78551616, 46436714.78453887, 46437003.78356831, 46437292.78259774, 46437582.78162382, 46437872.780649886, 46438161.77967933, 46438451.778705396, 46438741.77773148, 46439030.776760906, 46439320.77578698, 46439609.77481641, 46439900.77383913, 46440189.77286856, 46440479.77189464]	0.0	0.0	0.0
4018.55269264732	2.0	trials	7.0	0.0	0.0	0.0	0.0	0.0	True	40.0	0.0	0.005	[46519138.507729195, 46519428.50675527, 46519717.5057847, 46520007.50481078, 46520297.50383685, 46520586.50286629, 46520876.50189236, 46521165.50092179, 46521456.49994451, 46521744.4989773, 46522034.49800338, 46522324.49702945, 46522613.49605889, 46522904.4950816, 46523193.49411104, 46523482.49314047, 46523772.49216655, 46524063.49118926, 46524352.49021869, 46524641.48924813]	0.0	0.0	0.0
4028.087073427366	2.0	trials	7.0	0.0	0.0	0.0	0.0	0.0	True	40.0	0.0	0.005	[46629490.137127176, 46629779.1361566, 46630069.13518268, 46630359.13420875, 46630648.13323819, 46630937.13226762, 46631227.1312937, 46631516.130323134, 46631806.1293492, 46632097.12837192, 46632385.12740471, 46632675.12643079, 46632965.12545686, 46633254.1244863, 46633545.12350901, 46633834.12253845, 46634124.121564515, 46634414.1205906, 46634703.119620025, 46634992.11864946]	0.0	0.0	0.0
4037.8552518222336	2.0	trials	7.0	0.0	0.0	0.0	0.0	0.0	True	40.0	0.0	0.005	[46742546.757440776, 46742836.75646685, 46743126.755492926, 46743416.754519, 46743705.753548436, 46743995.7525745, 46744284.751603946, 46744573.750633374, 46744864.74965609, 46745153.748685524, 46745444.74770824, 46745733.746737674, 46746022.74576711, 46746312.74479318, 46746601.74382261, 46746892.74284533, 46747180.74187812, 46747470.740904205, 46747760.73993027, 46748050.73895635]	0.0	0.0	0.0
4046.698607722995	2.0	trials	7.0	0.0	0.0	0.0	0.0	0.0	True	40.0	0.0	0.005	[46844901.41369558, 46845191.412721656, 46845480.411751084, 46845770.41077717, 46846059.409806594, 46846349.40883267, 46846638.407862104, 46846928.40688818, 46847217.40591761, 46847508.40494033, 46847797.40396976, 46848087.40299584, 46848376.40202527, 46848666.40105134, 46848955.40008078, 46849245.39910685, 46849535.39813293, 46849824.39716236, 46850114.39618844, 46850404.39521451]	0.0	0.0	0.0
4055.8439306096407	2.0	trials	7.0	0.0	0.0	0.0	0.0	0.0	True	40.0	0.0	0.005	[46950749.05821962, 46951039.057245694, 46951329.05627177, 46951619.055297844, 46951909.05432392, 46952197.05335671, 46952487.05238279, 46952777.05140886, 46953066.05043829, 46953357.04946101, 46953646.04849044, 46953936.04751652, 46954225.04654595, 46954514.04557538, 46954804.044601455, 46955095.04362417, 46955384.042653605, 46955673.04168304, 46955963.040709116, 46956253.03973519]	0.0	0.0	0.0
4064.1530771044736	2.0	trials	7.0	0.0	0.0	0.0	0.0	0.0	True	40.0	0.0	0.005	[47046920.73523917, 47047209.734268606, 47047498.73329804, 47047788.732324116, 47048078.73135019, 47048368.730376266, 47048658.72940234, 47048946.72843513, 47049237.72745785, 47049526.72648728, 47049815.725516714, 47050106.72453943, 47050395.723568864, 47050684.72259829, 47050975.721621014, 47051264.72065044, 47051553.71967988, 47051843.71870595, 47052133.71773203, 47052422.71676146]	0.0	0.0	0.0
4071.1848038893518	2.0	trials	7.0	0.0	0.0	0.0	0.0	0.0	True	40.0	0.0	0.005	[47128306.46191548, 47128595.46094491, 47128886.45996763, 47129175.45899706, 47129465.458023146, 47129754.45705257, 47130043.45608201, 47130334.45510472, 47130623.45413416, 47130913.45316023, 47131202.45218967, 47131492.45121574, 47131782.45024181, 47132072.44926789, 47132361.44829732, 47132651.4473234, 47132941.44634947, 47133229.44538226, 47133520.44440498, 47133809.44343441]	0.0	0.0	0.0
4080.8748769465255	2.0	trials	7.0	0.0	0.0	0.0	0.0	0.0	True	40.0	0.0	0.005	[47240459.08526504, 47240750.08428776, 47241039.08331719, 47241329.082343265, 47241618.0813727, 47241907.080402136, 47242197.07942821, 47242487.07845428, 47242777.07748036, 47243066.07650979, 47243356.07553587, 47243646.07456194, 47243936.07358801, 47244226.07261409, 47244514.071646884, 47244805.0706696, 47245094.069699034, 47245383.06872846, 47245673.06775454, 47245963.06678061]	0.0	0.0	0.0
4103.106040686109	2.0	trials	8.0	0.0	0.0	0.0	0.0	0.0	True	40.0	0.0	0.005	[47497764.2211382, 47498054.22016429, 47498343.21919372, 47498633.218219794, 47498923.217245854, 47499212.216275305, 47499502.21530137, 47499791.2143308, 47500081.21335689, 47500371.212382965, 47500660.21141239, 47500950.21043847, 47501240.20946454, 47501530.20849062, 47501819.207520045, 47502109.20654612, 47502398.20557556, 47502688.20460164, 47502977.203631066, 47503267.20265714]	0.0	0.0	0.0
4108.8479062028155	2.0	trials	8.0	0.0	0.0	0.0	0.0	0.0	True	40.0	0.0	0.005	[47564221.99794815, 47564510.99697759, 47564800.99600365, 47565089.99503309, 47565379.99405917, 47565668.993088596, 47565958.99211467, 47566248.99114075, 47566537.99017019, 47566827.98919625, 47567117.98822232, 47567406.987251766, 47567696.98627784, 47567986.985303916, 47568275.98433335, 47568565.983359426, 47568855.982385494, 47569144.98141492, 47569434.98044101, 47569723.97947044]	0.0	0.0	0.0
4115.201827264013	2.0	trials	8.0	0.0	0.0	0.0	0.0	0.0	True	40.0	0.0	0.005	[47637762.75097081, 47638051.75000024, 47638341.74902631, 47638630.74805575, 47638921.74707846, 47639210.7461079, 47639499.745137334, 47639789.74416341, 47640079.743189484, 47640368.74221891, 47640658.74124499, 47640947.74027443, 47641238.73929714, 47641527.73832657, 47641817.73735265, 47642106.73638208, 47642396.73540816, 47642686.73443423, 47642975.73346366, 47643265.73248975]	0.0	0.0	0.0
4121.059641191322	2.0	trials	8.0	0.0	0.0	0.0	0.0	0.0	True	40.0	0.0	0.005	[47705560.523280546, 47705849.52230998, 47706140.521332696, 47706429.520362124, 47706718.51939155, 47707008.51841764, 47707298.51744372, 47707588.51646978, 47707878.51549585, 47708167.514525294, 47708456.51355472, 47708746.5125808, 47709035.51161024, 47709325.510636315, 47709615.50966239, 47709905.50868845, 47710195.50771454, 47710484.50674397, 47710773.505773395, 47711063.50479947]	0.0	0.0	0.0
4126.751999674291	2.0	trials	8.0	0.0	0.0	0.0	0.0	0.0	True	40.0	0.0	0.005	[47771445.30201483, 47771734.301044255, 47772024.300070345, 47772314.29909642, 47772603.29812585, 47772893.29715191, 47773182.29618135, 47773473.29520407, 47773763.29423015, 47774051.29326293, 47774342.29228565, 47774631.29131508, 47774920.29034452, 47775210.28937058, 47775500.28839667, 47775790.28742275, 47776079.286452174, 47776368.28548162, 47776659.284504324, 47776949.2835304]	0.0	0.0	0.0
4131.942289443391	2.0	trials	8.0	0.0	0.0	0.0	0.0	0.0	True	40.0	0.0	0.005	[47831518.10026791, 47831807.099297345, 47832096.09832678, 47832386.097352855, 47832676.09637893, 47832966.095405, 47833255.09443443, 47833545.09346051, 47833834.09248994, 47834124.091516025, 47834414.0905421, 47834704.08956817, 47834994.08859424, 47835282.087627046, 47835572.086653106, 47835861.08568254, 47836152.084705256, 47836441.0837347, 47836731.08276077, 47837020.0817902]	0.0	0.0	0.0
4137.587560084497	2.0	trials	8.0	0.0	0.0	0.0	0.0	0.0	True	40.0	0.0	0.005	[47896856.88083587, 47897145.879865296, 47897435.87889137, 47897725.877917446, 47898015.87694352, 47898304.87597295, 47898594.87499904, 47898884.8740251, 47899173.87305454, 47899462.87208397, 47899752.871110044, 47900042.87013612, 47900331.86916555, 47900621.86819162, 47900911.86721771, 47901201.86624377, 47901490.865273215, 47901779.86430265, 47902070.863325365, 47902359.86235479]	0.0	0.0	0.0
4144.7339392843305	2.0	trials	8.0	0.0	0.0	0.0	0.0	0.0	True	40.0	0.0	0.005	[47979568.60305898, 47979857.602088414, 47980147.60111449, 47980438.600137204, 47980727.59916664, 47981016.59819607, 47981305.5972255, 47981595.59625158, 47981885.59527765, 47982175.59430373, 47982465.5933298, 47982754.59235924, 47983043.591388665, 47983334.59041139, 47983623.58944082, 47983913.5884669, 47984202.587496325, 47984492.58652239, 47984782.585548475, 47985072.58457455]	0.0	0.0	0.0
4154.814452630263	2.0	trials	8.0	0.0	0.0	0.0	0.0	0.0	True	40.0	0.0	0.005	[48096242.21122538, 48096530.21025818, 48096820.209284246, 48097110.20831033, 48097399.207339756, 48097689.20636583, 48097979.205391906, 48098268.20442135, 48098558.203447424, 48098848.20247349, 48099138.20149957, 48099427.200529, 48099717.19955508, 48100007.19858115, 48100296.197610594, 48100586.196636654, 48100876.19566273, 48101164.194695525, 48101454.1937216, 48101744.192747675]	0.0	0.0	0.0
4162.0486139352915	2.0	trials	8.0	0.0	0.0	0.0	0.0	0.0	True	40.0	0.0	0.005	[48179970.93003305, 48180259.92906248, 48180550.928085186, 48180839.92711463, 48181128.92614407, 48181418.92517013, 48181707.92419957, 48181997.92322565, 48182287.92225172, 48182576.92128115, 48182866.92030724, 48183156.9193333, 48183446.91835938, 48183735.917388804, 48184024.91641825, 48184314.91544432, 48184604.9144704, 48184893.913499825, 48185184.91252255, 48185473.911551975]	0.0	0.0	0.0
4169.785016753607	2.0	trials	8.0	0.0	0.0	0.0	0.0	0.0	True	40.0	0.0	0.005	[48269512.62931855, 48269802.628344625, 48270091.62737405, 48270380.62640348, 48270670.62542956, 48270960.62445564, 48271250.62348171, 48271539.622511156, 48271829.62153722, 48272119.6205633, 48272407.61959609, 48272698.61861881, 48272988.61764488, 48273277.61667431, 48273567.61570038, 48273857.61472646, 48274146.6137559, 48274436.61278197, 48274726.61180805, 48275015.61083748]	0.0	0.0	0.0
4178.940016407754	2.0	trials	8.0	0.0	0.0	0.0	0.0	0.0	True	40.0	0.0	0.005	[48375473.2734631, 48375763.27248917, 48376053.27151524, 48376342.27054467, 48376631.269574106, 48376921.26860018, 48377210.267629616, 48377501.26665233, 48377789.265685126, 48378079.2647112, 48378369.26373727, 48378659.26276335, 48378949.261789426, 48379238.260818854, 48379528.25984493, 48379817.25887437, 48380107.25790044, 48380396.256929874, 48380686.25595594, 48380976.254982024]	0.0	0.0	0.0
4185.144033972385	2.0	trials	8.0	0.0	0.0	0.0	0.0	0.0	True	40.0	0.0	0.005	[48447279.03231251, 48447568.03134194, 48447858.030368015, 48448148.029394105, 48448437.02842353, 48448727.02744959, 48449017.02647567, 48449306.02550511, 48449596.024531186, 48449886.02355726, 48450176.02258333, 48450465.02161278, 48450755.02063884, 48451044.019668266, 48451334.018694356, 48451623.017723784, 48451914.016746506, 48452203.015775934, 48452492.01480538, 48452782.01383145]	0.0	0.0	0.0
4193.022391513965	2.0	trials	8.0	0.0	0.0	0.0	0.0	0.0	True	40.0	0.0	0.005	[48538463.726080224, 48538753.7251063, 48539041.72413909, 48539331.72316516, 48539621.722191244, 48539911.72121731, 48540200.72024674, 48540490.719272815, 48540780.7182989, 48541069.71732833, 48541359.71635441, 48541649.71538048, 48541938.71440992, 48542228.713435985, 48542517.71246541, 48542808.71148814, 48543097.71051757, 48543387.709543645, 48543676.70857308, 48543966.707599156]	0.0	0.0	0.0
4202.2500533240855	2.0	trials	8.0	0.0	0.0	0.0	0.0	0.0	True	40.0	0.0	0.005	[48645265.367400385, 48645554.36642982, 48645844.365455896, 48646134.36448196, 48646422.363514766, 48646712.36254083, 48647003.36156355, 48647292.36059298, 48647581.35962242, 48647872.35864513, 48648160.35767792, 48648451.35670064, 48648740.35573007, 48649030.35475615, 48649319.35378558, 48649608.35281501, 48649899.35183774, 48650188.35086717, 48650478.349893235, 48650768.34891931]	0.0	0.0	0.0
4208.658147003353	2.0	trials	8.0	0.0	0.0	0.0	0.0	0.0	True	40.0	0.0	0.005	[48719431.11832407, 48719721.11735013, 48720011.11637622, 48720301.115402296, 48720590.114431724, 48720880.1134578, 48721170.112483874, 48721459.11151332, 48721750.110536024, 48722038.10956882, 48722329.10859154, 48722618.10762097, 48722908.106647044, 48723198.10567312, 48723487.10470255, 48723776.103731975, 48724066.10275805, 48724356.10178414, 48724646.100810215, 48724935.09983964]	0.0	0.0	0.0
4213.998253869312	2.0	trials	8.0	0.0	0.0	0.0	0.0	0.0	True	40.0	0.0	0.005	[48781239.910747044, 48781528.90977647, 48781818.90880254, 48782108.90782862, 48782397.90685805, 48782686.90588748, 48782977.9049102, 48783266.90393964, 48783555.90296907, 48783845.901995145, 48784135.90102122, 48784424.90005065, 48784715.89907337, 48785003.89810615, 48785294.89712889, 48785583.896158315, 48785873.895184375, 48786162.89421381, 48786452.89323989, 48786742.89226597]	0.0	0.0	0.0
4219.757831326534	2.0	trials	8.0	0.0	0.0	0.0	0.0	0.0	True	40.0	0.0	0.005	[48847901.68687187, 48848191.68589795, 48848481.68492402, 48848770.68395346, 48849059.682982884, 48849349.68200896, 48849639.681035034, 48849929.68006111, 48850219.67908719, 48850508.67811662, 48850797.67714605, 48851087.67617213, 48851376.675201565, 48851666.67422764, 48851956.673253715, 48852246.67227979, 48852536.671305865, 48852825.67033529, 48853115.66936137, 48853404.6683908]	0.0	0.0	0.0
4229.423971664083	2.0	trials	8.0	0.0	0.0	0.0	0.0	0.0	True	40.0	0.0	0.005	[48959777.311151706, 48960067.31017778, 48960356.30920721, 48960646.30823328, 48960936.30725936, 48961225.30628879, 48961515.30531487, 48961804.3043443, 48962094.30337038, 48962384.302396454, 48962673.30142588, 48962963.30045195, 48963253.29947804, 48963542.29850747, 48963832.29753354, 48964121.29656297, 48964411.29558905, 48964701.29461513, 48964991.293641195, 48965280.29267064]	0.0	0.0	0.0
4235.4407610574945	2.0	trials	8.0	0.0	0.0	0.0	0.0	0.0	True	40.0	0.0	0.005	[49029416.077278696, 49029706.07630476, 49029996.075330846, 49030285.074360274, 49030575.07338635, 49030865.072412424, 49031154.07144187, 49031444.070467934, 49031733.06949737, 49032023.06852344, 49032313.06754952, 49032603.066575594, 49032892.06560502, 49033181.06463446, 49033471.06366054, 49033761.06268661, 49034051.06171268, 49034340.06074211, 49034630.05976819, 49034920.05879427]	0.0	0.0	0.0
4245.414052363518	2.0	trials	8.0	0.0	0.0	0.0	0.0	0.0	True	40.0	0.0	0.005	[49144847.68961619, 49145138.6886389, 49145427.68766833, 49145716.68669777, 49146006.68572385, 49146296.68474992, 49146585.68377936, 49146875.68280543, 49147164.681834854, 49147454.68086093, 49147744.67988701, 49148034.67891309, 49148322.677945875, 49148612.67697195, 49148903.67599467, 49149192.6750241, 49149482.674050175, 49149771.6730796, 49150061.67210569, 49150350.67113512]	0.0	0.0	0.0
4254.503301838478	2.0	trials	8.0	0.0	0.0	0.0	0.0	0.0	True	40.0	0.0	0.005	[49250047.33631644, 49250337.33534251, 49250627.3343686, 49250917.33339468, 49251206.332424104, 49251496.33145017, 49251785.33047961, 49252075.32950568, 49252365.32853176, 49252654.3275612, 49252944.326587275, 49253233.3256167, 49253524.32463941, 49253813.32366885, 49254103.32269493, 49254392.321724355, 49254682.32075043, 49254972.31977652, 49255261.31880595, 49255551.317832015]	0.0	0.0	0.0
4260.143820495544	2.0	trials	8.0	0.0	0.0	0.0	0.0	0.0	True	40.0	0.0	0.005	[49315332.11706574, 49315621.11609517, 49315911.11512125, 49316201.11414733, 49316491.1131734, 49316780.11220284, 49317069.11123227, 49317359.11025835, 49317649.109284416, 49317938.10831384, 49318228.107339926, 49318518.106366, 49318807.10539544, 49319097.10442152, 49319387.10344759, 49319677.10247366, 49319965.10150645, 49320256.10052917, 49320545.0995586, 49320835.098584674]	0.0	0.0	0.0
4269.204298867128	2.0	trials	8.0	0.0	0.0	0.0	0.0	0.0	True	40.0	0.0	0.005	[49420198.764884345, 49420487.76391377, 49420776.7629432, 49421066.761969276, 49421356.760995366, 49421645.76002479, 49421936.7590475, 49422224.758080296, 49422515.75710302, 49422804.756132446, 49423093.755161874, 49423384.754184596, 49423673.753214024, 49423963.7522401, 49424252.75126953, 49424542.75029562, 49424832.74932169, 49425121.74835112, 49425411.747377194, 49425701.74640327]	0.0	0.0	0.0
4274.430185316681	2.0	trials	8.0	0.0	0.0	0.0	0.0	0.0	True	40.0	0.0	0.005	[49480683.56175378, 49480973.56077986, 49481262.55980929, 49481552.55883536, 49481841.5578648, 49482131.556890875, 49482420.5559203, 49482711.554943025, 49483000.55397246, 49483289.55300189, 49483579.55202796, 49483869.55105403, 49484158.55008347, 49484448.54910955, 49484737.548138976, 49485027.54716505, 49485317.54619113, 49485606.54522056, 49485897.544243276, 49486186.54327271]	0.0	0.0	0.0
4281.467960081248	2.0	trials	8.0	0.0	0.0	0.0	0.0	0.0	True	40.0	0.0	0.005	[49562138.28819836, 49562427.28722779, 49562718.2862505, 49563007.28527995, 49563297.28430601, 49563587.28333209, 49563876.28236153, 49564166.281387605, 49564455.28041703, 49564745.27944311, 49565035.27846918, 49565324.27749861, 49565613.27652805, 49565904.27555076, 49566193.2745802, 49566482.27360963, 49566773.27263235, 49567062.27166178, 49567351.27069122, 49567641.26971728]	0.0	0.0	0.0
4290.48670739298	2.0	trials	8.0	0.0	0.0	0.0	0.0	0.0	True	40.0	0.0	0.005	[49666522.93763568, 49666812.936661765, 49667101.93569119, 49667391.93471726, 49667680.93374669, 49667971.93276942, 49668260.93179885, 49668549.93082828, 49668839.92985436, 49669129.92888043, 49669419.927906506, 49669708.92693593, 49669998.925962016, 49670287.92499145, 49670577.924017526, 49670866.923046954, 49671156.92207304, 49671446.921099104, 49671736.92012518, 49672025.91915461]	0.0	0.0	0.0
4298.684743860962	2.0	trials	8.0	0.0	0.0	0.0	0.0	0.0	True	40.0	0.0	0.005	[49761407.61897745, 49761696.61800688, 49761986.61703296, 49762276.616059035, 49762565.61508847, 49762855.614114545, 49763144.61314398, 49763435.612166695, 49763724.61119612, 49764014.6102222, 49764303.60925163, 49764592.60828107, 49764883.60730378, 49765172.60633322, 49765462.60535929, 49765752.60438537, 49766041.6034148, 49766331.60244088, 49766621.601466954, 49766910.60049638]	0.0	0.0	0.0
4306.236596899065	2.0	trials	8.0	0.0	0.0	0.0	0.0	0.0	True	40.0	0.0	0.005	[49848812.32543977, 49849103.32446249, 49849391.323495276, 49849681.32252136, 49849971.321547434, 49850261.3205735, 49850550.31960294, 49850840.31862901, 49851129.31765845, 49851419.31668452, 49851709.315710604, 49851999.31473667, 49852288.3137661, 49852578.312792175, 49852867.31182162, 49853157.31084769, 49853447.30987377, 49853736.308903195, 49854025.30793263, 49854316.306955345]	0.0	0.0	0.0
4315.338287932243	2.0	trials	8.0	0.0	0.0	0.0	0.0	0.0	True	40.0	0.0	0.005	[49954156.971653074, 49954445.9706825, 49954735.96970858, 49955024.96873802, 49955314.967764094, 49955604.966790155, 49955893.96581958, 49956183.96484567, 49956472.9638751, 49956762.962901175, 49957052.96192725, 49957342.960953325, 49957630.95998612, 49957921.95900883, 49958211.95803492, 49958500.957064345, 49958789.95609377, 49959080.955116495, 49959369.95414593, 49959659.953172]	0.0	0.0	0.0
4322.357141160353	2.0	trials	8.0	0.0	0.0	0.0	0.0	0.0	True	40.0	0.0	0.005	[50035393.69882977, 50035682.69785921, 50035972.69688527, 50036262.69591135, 50036551.69494078, 50036841.693966866, 50037130.69299629, 50037421.69201901, 50037710.691048436, 50038000.69007452, 50038290.68910059, 50038578.68813338, 50038869.68715611, 50039158.68618554, 50039448.685211614, 50039737.68424104, 50040026.683270484, 50040316.68229655, 50040606.68132263, 50040896.6803487]	0.0	0.0	0.0
4331.027956840569	2.0	trials	8.0	0.0	0.0	0.0	0.0	0.0	True	40.0	0.0	0.005	[50135750.36179458, 50136039.36082401, 50136329.359850086, 50136618.35887953, 50136908.35790559, 50137198.356931664, 50137488.355957754, 50137777.35498718, 50138067.35401326, 50138356.3530427, 50138646.35206876, 50138935.35109819, 50139225.35012426, 50139515.34915035, 50139804.34817978, 50140095.34720249, 50140384.34623192, 50140673.34526137, 50140963.34428743, 50141253.34331351]	0.0	0.0	0.0
4336.410053965509	2.0	trials	8.0	0.0	0.0	0.0	0.0	0.0	True	40.0	0.0	0.005	[50198042.15259546, 50198332.151621535, 50198621.15065098, 50198912.149673685, 50199201.14870311, 50199491.14772919, 50199780.14675863, 50200070.145784706, 50200360.14481077, 50200650.14383685, 50200939.14286628, 50201229.14189236, 50201518.14092179, 50201807.13995122, 50202097.138977304, 50202388.13800001, 50202677.13702945, 50202966.136058874, 50203257.135081604, 50203546.13411103]	0.0	0.0	0.0
4344.738035597087	2.0	trials	8.0	0.0	0.0	0.0	0.0	0.0	True	40.0	0.0	0.005	[50294430.828886256, 50294720.82791232, 50295010.8269384, 50295300.82596448, 50295588.82499727, 50295879.82401998, 50296168.82304942, 50296457.822078854, 50296747.82110492, 50297037.820131, 50297326.819160424, 50297616.818186514, 50297906.81721259, 50298196.81623865, 50298485.8152681, 50298774.81429753, 50299065.81332024, 50299354.81234967, 50299644.81137575, 50299933.81040519]	0.0	0.0	0.0
4354.285721932448	2.0	trials	8.0	0.0	0.0	0.0	0.0	0.0	True	40.0	0.0	0.005	[50404937.45776367, 50405227.45678976, 50405517.45581584, 50405806.454845265, 50406095.45387469, 50406385.45290078, 50406674.45193021, 50406964.45095627, 50407254.449982345, 50407544.449008435, 50407833.44803786, 50408123.44706394, 50408412.44609338, 50408703.44511609, 50408992.444145516, 50409281.44317494, 50409571.44220103, 50409861.44122711, 50410150.440256536, 50410441.43927924]	0.0	0.0	0.0
4362.480388811745	2.0	trials	8.0	0.0	0.0	0.0	0.0	0.0	True	40.0	0.0	0.005	[50499783.13923642, 50500072.13826586, 50500362.13729194, 50500652.136318006, 50500941.13534744, 50501230.13437688, 50501520.13340294, 50501810.13242902, 50502100.13145511, 50502389.13048454, 50502679.12951061, 50502969.12853668, 50503258.127566114, 50503548.12659219, 50503838.125618264, 50504127.12464769, 50504417.12367378, 50504707.12269984, 50504996.12172928, 50505286.12075535]	0.0	0.0	0.0
4369.662105492902	2.0	trials	8.0	0.0	0.0	0.0	0.0	0.0	True	40.0	0.0	0.005	[50582904.86008262, 50583194.85910868, 50583483.85813812, 50583773.8571642, 50584062.856193624, 50584352.8552197, 50584642.85424578, 50584931.85327522, 50585222.852297924, 50585510.85133073, 50585800.850356795, 50586090.84938287, 50586379.8484123, 50586670.84743503, 50586959.846464455, 50587249.84549052, 50587539.8445166, 50587828.84354604, 50588118.842572115, 50588407.84160154]	0.0	0.0	0.0
4379.33412101072	2.0	trials	8.0	0.0	0.0	0.0	0.0	0.0	True	40.0	0.0	0.005	[50694848.48413408, 50695138.48316015, 50695429.48218287, 50695717.481215656, 50696007.48024173, 50696297.47926781, 50696587.47829388, 50696876.47732331, 50697166.47634938, 50697456.475375466, 50697745.4744049, 50698034.47343433, 50698324.47246041, 50698613.47148984, 50698903.470515914, 50699193.46954198, 50699482.46857143, 50699773.46759415, 50700062.466623574, 50700352.46564965]	0.0	0.0	0.0
4388.0584181113245	2.0	trials	8.0	0.0	0.0	0.0	0.0	0.0	True	40.0	0.0	0.005	[50795825.1450167, 50796115.144042775, 50796405.14306885, 50796695.142094925, 50796983.141127706, 50797273.14015378, 50797563.13917987, 50797853.138205945, 50798141.137238726, 50798432.13626145, 50798721.13529089, 50799011.13431695, 50799300.13334638, 50799590.13237247, 50799880.13139854, 50800170.13042462, 50800459.12945405, 50800749.12848012, 50801038.12750955, 50801328.126535624]	0.0	0.0	0.0
4396.146035750133	2.0	trials	8.0	0.0	0.0	0.0	0.0	0.0	True	40.0	0.0	0.005	[50889431.830650456, 50889720.829679884, 50890010.828705974, 50890299.8277354, 50890589.82676146, 50890879.82578754, 50891168.82481698, 50891458.823843054, 50891748.82286913, 50892037.82189857, 50892327.82092465, 50892617.81995071, 50892906.818980135, 50893196.818006225, 50893485.81703565, 50893776.816058375, 50894065.8150878, 50894355.81411388, 50894644.81314332, 50894934.81216938]	0.0	0.0	0.0
4404.138786507539	2.0	trials	8.0	0.0	0.0	0.0	0.0	0.0	True	40.0	0.0	0.005	[50981939.51997505, 50982229.51900113, 50982519.518027194, 50982808.517056644, 50983098.51608271, 50983388.51510879, 50983678.51413486, 50983967.5131643, 50984256.512193725, 50984547.51121644, 50984836.51024587, 50985125.50927531, 50985415.508301385, 50985705.50732746, 50985995.50635354, 50986284.50538297, 50986574.50440904, 50986863.50343847, 50987154.502461195, 50987443.50149062]	0.0	0.0	0.0
4413.172826567913	2.0	trials	8.0	0.0	0.0	0.0	0.0	0.0	True	40.0	0.0	0.005	[51086501.168817945, 51086790.16784738, 51087080.166873455, 51087370.16589954, 51087659.164928965, 51087949.16395504, 51088238.16298447, 51088528.16201054, 51088818.16103662, 51089107.16006605, 51089397.15909213, 51089687.15811821, 51089976.15714764, 51090266.156173706, 51090556.15519978, 51090846.15422586, 51091135.15325529, 51091424.15228473, 51091715.151307434, 51092003.15034024]	0.0	0.0	0.0
4421.98689296704	2.0	trials	8.0	0.0	0.0	0.0	0.0	0.0	True	40.0	0.0	0.005	[51188515.82621459, 51188804.82524402, 51189094.82427011, 51189383.823299535, 51189674.82232224, 51189963.821351685, 51190253.82037776, 51190542.81940719, 51190832.81843326, 51191122.81745934, 51191412.81648542, 51191701.815514855, 51191990.81454428, 51192280.81357036, 51192569.81259979, 51192859.81162586, 51193150.81064858, 51193438.80968138, 51193728.80870745, 51194018.80773353]	0.0	0.0	0.0
4427.628016422074	2.0	trials	8.0	0.0	0.0	0.0	0.0	0.0	True	40.0	0.0	0.005	[51253805.6069471, 51254095.60597318, 51254384.605002604, 51254674.60402869, 51254963.603058115, 51255254.60208083, 51255543.60111026, 51255833.60013634, 51256122.599165775, 51256412.59819185, 51256702.597217925, 51256991.59624736, 51257281.595273435, 51257571.5942995, 51257860.59332893, 51258150.59235501, 51258439.59138445, 51258730.59040716, 51259018.58943996, 51259309.58846267]	0.0	0.0	0.0
4436.808849589463	2.0	trials	8.0	0.0	0.0	0.0	0.0	0.0	True	40.0	0.0	0.005	[51360066.25008414, 51360355.249113575, 51360644.248143, 51360934.247169085, 51361224.24619515, 51361513.24522458, 51361803.244250655, 51362093.24327674, 51362382.24230617, 51362672.24133225, 51362962.24035831, 51363252.2393844, 51363541.238413826, 51363830.23744325, 51364120.23646933, 51364410.23549541, 51364699.234524846, 51364989.23355092, 51365279.23257698, 51365568.231606424]	0.0	0.0	0.0
4442.778637540722	2.0	trials	8.0	0.0	0.0	0.0	0.0	0.0	True	40.0	0.0	0.005	[51429161.01803807, 51429450.017067514, 51429740.01609359, 51430030.01511965, 51430319.01414909, 51430608.013178535, 51430898.012204595, 51431188.01123067, 51431478.010256745, 51431766.00928954, 51432057.00831226, 51432346.00734169, 51432636.006367765, 51432925.00539721, 51433215.00442327, 51433504.003452696, 51433795.00247543, 51434084.00150486, 51434374.000530936, 51434662.99956036]	0.0	0.0	0.0
4452.624230075605	2.0	trials	8.0	0.0	0.0	0.0	0.0	0.0	True	40.0	0.0	0.005	[51543113.63534259, 51543404.6343653, 51543693.63339474, 51543983.632420816, 51544272.63145024, 51544561.63047967, 51544851.62950576, 51545141.62853182, 51545431.627557896, 51545720.62658733, 51546009.62561677, 51546300.62463949, 51546589.62366892, 51546879.62269501, 51547168.621724434, 51547458.620750494, 51547747.61977993, 51548036.61880938, 51548327.61783209, 51548617.61685816]	0.0	0.0	0.0
4459.968119012127	2.0	trials	8.0	0.0	0.0	0.0	0.0	0.0	True	40.0	0.0	0.005	[51628113.34988177, 51628402.348911196, 51628692.34793728, 51628982.34696335, 51629271.34599278, 51629561.34501887, 51629850.3440483, 51630140.34307437, 51630430.34210044, 51630719.34112988, 51631010.3401526, 51631299.33918203, 51631588.33821146, 51631879.33723418, 51632168.33626361, 51632458.33528969, 51632747.334319115, 51633037.3333452, 51633327.33237127, 51633616.3314007]	0.0	0.0	0.0
4468.422676218617	2.0	trials	8.0	0.0	0.0	0.0	0.0	0.0	True	40.0	0.0	0.005	[51725967.02125256, 51726256.02028199, 51726545.01931142, 51726835.0183375, 51727125.01736358, 51727415.01638965, 51727704.01541908, 51727994.014445156, 51728284.01347123, 51728574.012497306, 51728863.01152674, 51729152.01055618, 51729442.00958225, 51729732.00860833, 51730021.007637754, 51730312.00666048, 51730601.005689904, 51730890.00471934, 51731180.00374542, 51731470.0027715]	0.0	0.0	0.0
4476.912225307592	2.0	trials	8.0	0.0	0.0	0.0	0.0	0.0	True	40.0	0.0	0.005	[51824224.69126657, 51824514.69029266, 51824804.68931872, 51825093.68834816, 51825383.68737423, 51825673.68640031, 51825962.68542974, 51826252.68445581, 51826541.68348524, 51826830.68251468, 51827120.68154076, 51827410.68056683, 51827699.679596275, 51827990.67861898, 51828279.67764841, 51828569.676674485, 51828859.675700575, 51829148.67473, 51829438.67375606, 51829727.6727855]	0.0	0.0	0.0
4505.669591129792	2.0	trials	9.0	0.0	0.0	0.0	0.0	0.0	True	5.0	0.0	0.01	[52157109.57331469, 52159426.56553336, 52161743.557752036, NaN, NaN, NaN, NaN, NaN, NaN, NaN, NaN, NaN, NaN, NaN, NaN, NaN, NaN, NaN, NaN, NaN]	0.0	0.0	0.0
4513.463622554571	2.0	trials	9.0	0.0	0.0	0.0	0.0	0.0	True	5.0	0.0	0.01	[52247318.270360164, 52249635.26257884, 52251953.25479416, NaN, NaN, NaN, NaN, NaN, NaN, NaN, NaN, NaN, NaN, NaN, NaN, NaN, NaN, NaN, NaN, NaN]	0.0	0.0	0.0
4519.061546154686	2.0	trials	9.0	0.0	0.0	0.0	0.0	0.0	True	5.0	0.0	0.01	[52312109.0527685, 52314427.04498382, 52316744.03720249, NaN, NaN, NaN, NaN, NaN, NaN, NaN, NaN, NaN, NaN, NaN, NaN, NaN, NaN, NaN, NaN, NaN]	0.0	0.0	0.0
4529.0695701440645	2.0	trials	9.0	0.0	0.0	0.0	0.0	0.0	True	5.0	0.0	0.01	[52427943.66375257, 52430260.65597125, 52432577.648189925, NaN, NaN, NaN, NaN, NaN, NaN, NaN, NaN, NaN, NaN, NaN, NaN, NaN, NaN, NaN, NaN, NaN]	0.0	0.0	0.0
4534.853253120331	2.0	trials	9.0	0.0	0.0	0.0	0.0	0.0	True	5.0	0.0	0.01	[52494884.43894042, 52497201.431159094, 52499518.42337777, NaN, NaN, NaN, NaN, NaN, NaN, NaN, NaN, NaN, NaN, NaN, NaN, NaN, NaN, NaN, NaN, NaN]	0.0	0.0	0.0
4544.8076228899	2.0	trials	9.0	0.0	0.0	0.0	0.0	0.0	True	5.0	0.0	0.01	[52610097.0520134, 52612413.04423542, 52614731.03645074, NaN, NaN, NaN, NaN, NaN, NaN, NaN, NaN, NaN, NaN, NaN, NaN, NaN, NaN, NaN, NaN, NaN]	0.0	0.0	0.0
4552.649606153639	2.0	trials	9.0	0.0	0.0	0.0	0.0	0.0	True	5.0	0.0	0.01	[52700859.747198336, 52703176.739417024, 52705493.7316357, NaN, NaN, NaN, NaN, NaN, NaN, NaN, NaN, NaN, NaN, NaN, NaN, NaN, NaN, NaN, NaN, NaN]	0.0	0.0	0.0
4561.847200864737	2.0	trials	9.0	0.0	0.0	0.0	0.0	0.0	True	5.0	0.0	0.01	[52807314.38968385, 52809631.38190252, 52811948.3741212, NaN, NaN, NaN, NaN, NaN, NaN, NaN, NaN, NaN, NaN, NaN, NaN, NaN, NaN, NaN, NaN, NaN]	0.0	0.0	0.0
4567.960412334326	2.0	trials	9.0	0.0	0.0	0.0	0.0	0.0	True	5.0	0.0	0.01	[52878069.152062915, 52880386.14428159, 52882703.13650025, NaN, NaN, NaN, NaN, NaN, NaN, NaN, NaN, NaN, NaN, NaN, NaN, NaN, NaN, NaN, NaN, NaN]	0.0	0.0	0.0
4573.2927432264	2.0	trials	9.0	0.0	0.0	0.0	0.0	0.0	True	5.0	0.0	0.01	[52939784.9447982, 52942101.93701689, 52944419.929232195, NaN, NaN, NaN, NaN, NaN, NaN, NaN, NaN, NaN, NaN, NaN, NaN, NaN, NaN, NaN, NaN, NaN]	0.0	0.0	0.0
4578.8575757376475	2.0	trials	9.0	0.0	0.0	0.0	0.0	0.0	True	5.0	0.0	0.01	[53004192.72849279, 53006509.72071146, 53008826.712930135, NaN, NaN, NaN, NaN, NaN, NaN, NaN, NaN, NaN, NaN, NaN, NaN, NaN, NaN, NaN, NaN, NaN]	0.0	0.0	0.0
4584.869785946436	2.0	trials	9.0	0.0	0.0	0.0	0.0	0.0	True	5.0	0.0	0.01	[53073778.49479777, 53076096.48701308, 53078413.47923177, NaN, NaN, NaN, NaN, NaN, NaN, NaN, NaN, NaN, NaN, NaN, NaN, NaN, NaN, NaN, NaN, NaN]	0.0	0.0	0.0
4594.235255293749	2.0	trials	9.0	0.0	0.0	0.0	0.0	0.0	True	5.0	0.0	0.01	[53182175.13076135, 53184492.12298002, 53186809.115198694, NaN, NaN, NaN, NaN, NaN, NaN, NaN, NaN, NaN, NaN, NaN, NaN, NaN, NaN, NaN, NaN, NaN]	0.0	0.0	0.0
4601.129347340854	2.0	trials	9.0	0.0	0.0	0.0	0.0	0.0	True	5.0	0.0	0.01	[53261968.86278417, 53264285.85500284, 53266602.847221516, NaN, NaN, NaN, NaN, NaN, NaN, NaN, NaN, NaN, NaN, NaN, NaN, NaN, NaN, NaN, NaN, NaN]	0.0	0.0	0.0
4606.577453844112	2.0	trials	9.0	0.0	0.0	0.0	0.0	0.0	True	5.0	0.0	0.01	[53325024.65101926, 53327341.64323793, 53329659.635453254, NaN, NaN, NaN, NaN, NaN, NaN, NaN, NaN, NaN, NaN, NaN, NaN, NaN, NaN, NaN, NaN, NaN]	0.0	0.0	0.0
4616.075633145736	2.0	trials	9.0	0.0	0.0	0.0	0.0	0.0	True	5.0	0.0	0.01	[53434957.28182438, 53437275.2740397, 53439592.26625838, NaN, NaN, NaN, NaN, NaN, NaN, NaN, NaN, NaN, NaN, NaN, NaN, NaN, NaN, NaN, NaN, NaN]	0.0	0.0	0.0
4625.4001490305845	2.0	trials	9.0	0.0	0.0	0.0	0.0	0.0	True	5.0	0.0	0.01	[53542879.91937983, 53545196.9115985, 53547513.90381718, NaN, NaN, NaN, NaN, NaN, NaN, NaN, NaN, NaN, NaN, NaN, NaN, NaN, NaN, NaN, NaN, NaN]	0.0	0.0	0.0
4633.670588455411	2.0	trials	9.0	0.0	0.0	0.0	0.0	0.0	True	5.0	0.0	0.01	[53638603.59790393, 53640920.5901226, 53643237.582341276, NaN, NaN, NaN, NaN, NaN, NaN, NaN, NaN, NaN, NaN, NaN, NaN, NaN, NaN, NaN, NaN, NaN]	0.0	0.0	0.0
4642.121776073218	2.0	trials	9.0	0.0	0.0	0.0	0.0	0.0	True	5.0	0.0	0.01	[53736417.269409046, 53738734.26162772, 53741051.25384639, NaN, NaN, NaN, NaN, NaN, NaN, NaN, NaN, NaN, NaN, NaN, NaN, NaN, NaN, NaN, NaN, NaN]	0.0	0.0	0.0
4647.306709060307	2.0	trials	9.0	0.0	0.0	0.0	0.0	0.0	True	5.0	0.0	0.01	[53796429.067867, 53798746.06008568, 53801063.05230435, NaN, NaN, NaN, NaN, NaN, NaN, NaN, NaN, NaN, NaN, NaN, NaN, NaN, NaN, NaN, NaN, NaN]	0.0	0.0	0.0
4657.331840192233	2.0	trials	9.0	0.0	0.0	0.0	0.0	0.0	True	5.0	0.0	0.01	[53912460.67818947, 53914777.670408145, 53917094.662626825, NaN, NaN, NaN, NaN, NaN, NaN, NaN, NaN, NaN, NaN, NaN, NaN, NaN, NaN, NaN, NaN, NaN]	0.0	0.0	0.0
4663.709607573347	2.0	trials	9.0	0.0	0.0	0.0	0.0	0.0	True	5.0	0.0	0.01	[53986276.43028858, 53988593.422507256, 53990910.41472593, NaN, NaN, NaN, NaN, NaN, NaN, NaN, NaN, NaN, NaN, NaN, NaN, NaN, NaN, NaN, NaN, NaN]	0.0	0.0	0.0
4670.153557132197	2.0	trials	9.0	0.0	0.0	0.0	0.0	0.0	True	5.0	0.0	0.01	[54060859.17981183, 54063176.1720305, 54065493.164249174, NaN, NaN, NaN, NaN, NaN, NaN, NaN, NaN, NaN, NaN, NaN, NaN, NaN, NaN, NaN, NaN, NaN]	0.0	0.0	0.0
4675.913480188258	2.0	trials	9.0	0.0	0.0	0.0	0.0	0.0	True	5.0	0.0	0.01	[54127524.95592324, 54129842.94813854, 54132159.940357216, NaN, NaN, NaN, NaN, NaN, NaN, NaN, NaN, NaN, NaN, NaN, NaN, NaN, NaN, NaN, NaN, NaN]	0.0	0.0	0.0
4685.80762936007	2.0	trials	9.0	0.0	0.0	0.0	0.0	0.0	True	5.0	0.0	0.01	[54242040.57133699, 54244357.563555665, 54246675.55577098, NaN, NaN, NaN, NaN, NaN, NaN, NaN, NaN, NaN, NaN, NaN, NaN, NaN, NaN, NaN, NaN, NaN]	0.0	0.0	0.0
4691.321745241643	2.0	trials	9.0	0.0	0.0	0.0	0.0	0.0	True	5.0	0.0	0.01	[54305862.35699957, 54308179.34921824, 54310496.341436915, NaN, NaN, NaN, NaN, NaN, NaN, NaN, NaN, NaN, NaN, NaN, NaN, NaN, NaN, NaN, NaN, NaN]	0.0	0.0	0.0
4698.384057523804	2.0	trials	9.0	0.0	0.0	0.0	0.0	0.0	True	5.0	0.0	0.01	[54387601.08249038, 54389919.07470569, 54392236.06692436, NaN, NaN, NaN, NaN, NaN, NaN, NaN, NaN, NaN, NaN, NaN, NaN, NaN, NaN, NaN, NaN, NaN]	0.0	0.0	0.0
4706.405838583715	2.0	trials	9.0	0.0	0.0	0.0	0.0	0.0	True	5.0	0.0	0.01	[54480446.77067985, 54482763.76289852, 54485080.75511719, NaN, NaN, NaN, NaN, NaN, NaN, NaN, NaN, NaN, NaN, NaN, NaN, NaN, NaN, NaN, NaN, NaN]	0.0	0.0	0.0
4714.3078696457915	2.0	trials	9.0	0.0	0.0	0.0	0.0	0.0	True	5.0	0.0	0.01	[54571905.46352737, 54574222.45574604, 54576539.44796471, NaN, NaN, NaN, NaN, NaN, NaN, NaN, NaN, NaN, NaN, NaN, NaN, NaN, NaN, NaN, NaN, NaN]	0.0	0.0	0.0
4719.5096505762995	2.0	trials	9.0	0.0	0.0	0.0	0.0	0.0	True	5.0	0.0	0.01	[54632111.261333786, 54634428.25355246, 54636745.24577113, NaN, NaN, NaN, NaN, NaN, NaN, NaN, NaN, NaN, NaN, NaN, NaN, NaN, NaN, NaN, NaN, NaN]	0.0	0.0	0.0
4776.4264098289095	2.0	trials	10.0	0.0	0.0	0.0	0.0	0.0	True	10.0	0.0	0.005	[55290826.04912328, 55291983.04523765, 55293142.04134531, 55294300.03745632, 55295459.033563994, NaN, NaN, NaN, NaN, NaN, NaN, NaN, NaN, NaN, NaN, NaN, NaN, NaN, NaN, NaN]	0.0	0.0	0.0
4783.800452264165	2.0	trials	10.0	0.0	0.0	0.0	0.0	0.0	True	10.0	0.0	0.005	[55376171.76250048, 55377330.75860813, 55378489.754715785, 55379648.75082345, 55380806.74693446, NaN, NaN, NaN, NaN, NaN, NaN, NaN, NaN, NaN, NaN, NaN, NaN, NaN, NaN, NaN]	0.0	0.0	0.0
4793.0458260148025	2.0	trials	10.0	0.0	0.0	0.0	0.0	0.0	True	10.0	0.0	0.005	[55483178.40313217, 55484337.39923982, 55485494.3953542, 55486654.391458504, 55487812.38756952, NaN, NaN, NaN, NaN, NaN, NaN, NaN, NaN, NaN, NaN, NaN, NaN, NaN, NaN, NaN]	0.0	0.0	0.0
4800.1925508134755	2.0	trials	10.0	0.0	0.0	0.0	0.0	0.0	True	10.0	0.0	0.005	[55565896.12533513, 55567054.12144615, 55568213.117553815, 55569371.113664836, 55570529.10977584, NaN, NaN, NaN, NaN, NaN, NaN, NaN, NaN, NaN, NaN, NaN, NaN, NaN, NaN, NaN]	0.0	0.0	0.0
4810.07961520908	2.0	trials	10.0	0.0	0.0	0.0	0.0	0.0	True	10.0	0.0	0.005	[55680329.74102427, 55681487.73713528, 55682645.73324631, 55683804.729353964, 55684963.72546163, NaN, NaN, NaN, NaN, NaN, NaN, NaN, NaN, NaN, NaN, NaN, NaN, NaN, NaN, NaN]	0.0	0.0	0.0
4816.466368160017	2.0	trials	10.0	0.0	0.0	0.0	0.0	0.0	True	10.0	0.0	0.005	[55754250.492770754, 55755408.48888177, 55756567.48498943, 55757725.48110044, 55758883.47721146, NaN, NaN, NaN, NaN, NaN, NaN, NaN, NaN, NaN, NaN, NaN, NaN, NaN, NaN, NaN]	0.0	0.0	0.0
4822.712116784498	2.0	trials	10.0	0.0	0.0	0.0	0.0	0.0	True	10.0	0.0	0.005	[55826538.25000144, 55827697.24610909, 55828855.242220126, 55830014.23832778, 55831173.23443543, NaN, NaN, NaN, NaN, NaN, NaN, NaN, NaN, NaN, NaN, NaN, NaN, NaN, NaN, NaN]	0.0	0.0	0.0
4830.654410111359	2.0	trials	10.0	0.0	0.0	0.0	0.0	0.0	True	10.0	0.0	0.005	[55918462.94128397, 55919621.937391624, 55920779.933502644, 55921938.9296103, 55923096.92572132, NaN, NaN, NaN, NaN, NaN, NaN, NaN, NaN, NaN, NaN, NaN, NaN, NaN, NaN, NaN]	0.0	0.0	0.0
4838.726475802397	2.0	trials	10.0	0.0	0.0	0.0	0.0	0.0	True	10.0	0.0	0.005	[56011889.627522215, 56013048.62362988, 56014206.6197409, 56015366.6158452, 56016524.611956224, NaN, NaN, NaN, NaN, NaN, NaN, NaN, NaN, NaN, NaN, NaN, NaN, NaN, NaN, NaN]	0.0	0.0	0.0
4844.970410032971	2.0	trials	10.0	0.0	0.0	0.0	0.0	0.0	True	10.0	0.0	0.005	[56084158.38481671, 56085317.38092438, 56086474.37703876, 56087633.373146415, 56088792.369254075, NaN, NaN, NaN, NaN, NaN, NaN, NaN, NaN, NaN, NaN, NaN, NaN, NaN, NaN, NaN]	0.0	0.0	0.0
4852.392836305737	2.0	trials	10.0	0.0	0.0	0.0	0.0	0.0	True	10.0	0.0	0.005	[56170065.09630987, 56171224.09241753, 56172383.08852518, 56173542.084632844, 56174701.080740504, NaN, NaN, NaN, NaN, NaN, NaN, NaN, NaN, NaN, NaN, NaN, NaN, NaN, NaN, NaN]	0.0	0.0	0.0
4857.7503095133725	2.0	trials	10.0	0.0	0.0	0.0	0.0	0.0	True	10.0	0.0	0.005	[56232073.888061166, 56233231.88417218, 56234390.88027984, 56235549.87638749, 56236708.87249515, NaN, NaN, NaN, NaN, NaN, NaN, NaN, NaN, NaN, NaN, NaN, NaN, NaN, NaN, NaN]	0.0	0.0	0.0
4866.139116540677	2.0	trials	10.0	0.0	0.0	0.0	0.0	0.0	True	10.0	0.0	0.005	[56329166.56198767, 56330324.55809869, 56331482.55420971, 56332641.55031736, 56333799.54642838, NaN, NaN, NaN, NaN, NaN, NaN, NaN, NaN, NaN, NaN, NaN, NaN, NaN, NaN, NaN]	0.0	0.0	0.0
4873.591782711885	2.0	trials	10.0	0.0	0.0	0.0	0.0	0.0	True	10.0	0.0	0.005	[56415424.27230203, 56416583.268409684, 56417741.264520705, 56418900.26062837, 56420059.256736025, NaN, NaN, NaN, NaN, NaN, NaN, NaN, NaN, NaN, NaN, NaN, NaN, NaN, NaN, NaN]	0.0	0.0	0.0
4879.569865035288	2.0	trials	10.0	0.0	0.0	0.0	0.0	0.0	True	10.0	0.0	0.005	[56484614.03993694, 56485773.03604459, 56486933.03214889, 56488090.02826326, 56489249.024370916, NaN, NaN, NaN, NaN, NaN, NaN, NaN, NaN, NaN, NaN, NaN, NaN, NaN, NaN, NaN]	0.0	0.0	0.0
4885.279244261095	2.0	trials	10.0	0.0	0.0	0.0	0.0	0.0	True	10.0	0.0	0.005	[56550694.818012975, 56551854.814117275, 56553011.81023165, 56554170.80633931, 56555329.80244696, NaN, NaN, NaN, NaN, NaN, NaN, NaN, NaN, NaN, NaN, NaN, NaN, NaN, NaN, NaN]	0.0	0.0	0.0
4891.2300242761885	2.0	trials	10.0	0.0	0.0	0.0	0.0	0.0	True	10.0	0.0	0.005	[56619569.58670576, 56620728.58281341, 56621886.57892443, 56623045.575032085, 56624204.571139745, NaN, NaN, NaN, NaN, NaN, NaN, NaN, NaN, NaN, NaN, NaN, NaN, NaN, NaN, NaN]	0.0	0.0	0.0
4900.5735480972035	2.0	trials	10.0	0.0	0.0	0.0	0.0	0.0	True	10.0	0.0	0.005	[56727713.22351899, 56728871.21963001, 56730030.21573766, 56731188.21184868, 56732348.20795298, NaN, NaN, NaN, NaN, NaN, NaN, NaN, NaN, NaN, NaN, NaN, NaN, NaN, NaN, NaN]	0.0	0.0	0.0
4906.31429041768	2.0	trials	10.0	0.0	0.0	0.0	0.0	0.0	True	10.0	0.0	0.005	[56794157.00037596, 56795314.99648697, 56796473.99259463, 56797631.98870564, 56798790.9848133, NaN, NaN, NaN, NaN, NaN, NaN, NaN, NaN, NaN, NaN, NaN, NaN, NaN, NaN, NaN]	0.0	0.0	0.0
4913.970082306719	2.0	trials	10.0	0.0	0.0	0.0	0.0	0.0	True	10.0	0.0	0.005	[56882765.702794805, 56883924.69890246, 56885082.69501348, 56886241.69112113, 56887399.68723215, NaN, NaN, NaN, NaN, NaN, NaN, NaN, NaN, NaN, NaN, NaN, NaN, NaN, NaN, NaN]	0.0	0.0	0.0
4921.261008221111	2.0	trials	10.0	0.0	0.0	0.0	0.0	0.0	True	10.0	0.0	0.005	[56967150.41939937, 56968309.41550704, 56969467.41161805, 56970627.40772235, 56971785.40383337, NaN, NaN, NaN, NaN, NaN, NaN, NaN, NaN, NaN, NaN, NaN, NaN, NaN, NaN, NaN]	0.0	0.0	0.0
4928.928464070977	2.0	trials	10.0	0.0	0.0	0.0	0.0	0.0	True	10.0	0.0	0.005	[57055895.121361494, 57057052.117475875, 57058212.11358016, 57059370.10969118, 57060528.1058022, NaN, NaN, NaN, NaN, NaN, NaN, NaN, NaN, NaN, NaN, NaN, NaN, NaN, NaN, NaN]	0.0	0.0	0.0
4937.827720584004	2.0	trials	10.0	0.0	0.0	0.0	0.0	0.0	True	10.0	0.0	0.005	[57158894.77545015, 57160053.771557815, 57161213.767662115, 57162371.76377312, 57163530.75988077, NaN, NaN, NaN, NaN, NaN, NaN, NaN, NaN, NaN, NaN, NaN, NaN, NaN, NaN, NaN]	0.0	0.0	0.0
4943.822391651695	2.0	trials	10.0	0.0	0.0	0.0	0.0	0.0	True	10.0	0.0	0.005	[57228278.54243353, 57229436.538544536, 57230595.5346522, 57231754.530759856, 57232912.52687087, NaN, NaN, NaN, NaN, NaN, NaN, NaN, NaN, NaN, NaN, NaN, NaN, NaN, NaN, NaN]	0.0	0.0	0.0
4949.581969108917	2.0	trials	10.0	0.0	0.0	0.0	0.0	0.0	True	10.0	0.0	0.005	[57294939.31856172, 57296098.31466938, 57297257.31077704, 57298415.30688805, 57299575.30299235, NaN, NaN, NaN, NaN, NaN, NaN, NaN, NaN, NaN, NaN, NaN, NaN, NaN, NaN, NaN]	0.0	0.0	0.0
4957.232663415075	2.0	trials	10.0	0.0	0.0	0.0	0.0	0.0	True	10.0	0.0	0.005	[57383489.02117871, 57384647.01728973, 57385807.01339403, 57386964.0095084, 57388123.005616054, NaN, NaN, NaN, NaN, NaN, NaN, NaN, NaN, NaN, NaN, NaN, NaN, NaN, NaN, NaN]	0.0	0.0	0.0
4963.086589355441	2.0	trials	10.0	0.0	0.0	0.0	0.0	0.0	True	10.0	0.0	0.005	[57451242.793636225, 57452400.78974723, 57453559.78585489, 57454718.78196255, 57455877.77807021, NaN, NaN, NaN, NaN, NaN, NaN, NaN, NaN, NaN, NaN, NaN, NaN, NaN, NaN, NaN]	0.0	0.0	0.0
4971.678262901444	2.0	trials	10.0	0.0	0.0	0.0	0.0	0.0	True	10.0	0.0	0.005	[57550683.45967729, 57551842.45578494, 57553001.4518926, 57554160.44800026, 57555318.444111265, NaN, NaN, NaN, NaN, NaN, NaN, NaN, NaN, NaN, NaN, NaN, NaN, NaN, NaN, NaN]	0.0	0.0	0.0
4979.816597169927	2.0	trials	10.0	0.0	0.0	0.0	0.0	0.0	True	10.0	0.0	0.005	[57644878.143336326, 57646036.13944735, 57647195.135555, 57648352.13166938, 57649511.12777703, NaN, NaN, NaN, NaN, NaN, NaN, NaN, NaN, NaN, NaN, NaN, NaN, NaN, NaN, NaN]	0.0	0.0	0.0
4985.555957095048	2.0	trials	10.0	0.0	0.0	0.0	0.0	0.0	True	10.0	0.0	0.005	[57711304.92025037, 57712463.91635803, 57713622.91246569, 57714780.908576705, 57715938.904687725, NaN, NaN, NaN, NaN, NaN, NaN, NaN, NaN, NaN, NaN, NaN, NaN, NaN, NaN, NaN]	0.0	0.0	0.0
4992.540077639805	2.0	trials	10.0	0.0	0.0	0.0	0.0	0.0	True	10.0	0.0	0.005	[57792140.648773775, 57793297.64488816, 57794457.64099246, 57795615.63710347, 57796773.63321449, NaN, NaN, NaN, NaN, NaN, NaN, NaN, NaN, NaN, NaN, NaN, NaN, NaN, NaN, NaN]	0.0	0.0	0.0
5013.849702074256	2.0	trials	11.0	0.0	0.0	0.0	0.0	0.0	True	20.0	0.0	0.005	[58038779.82046724, 58039357.81852611, 58039937.81657826, 58040517.81463041, 58041095.812689275, 58041674.810744785, 58042255.808793575, 58042833.80685244, 58043412.80490795, 58043992.80296009, NaN, NaN, NaN, NaN, NaN, NaN, NaN, NaN, NaN, NaN]	0.0	0.0	0.0
5021.901809432321	2.0	trials	11.0	0.0	0.0	0.0	0.0	0.0	True	20.0	0.0	0.005	[58131975.507481284, 58132553.50554014, 58133132.50359566, 58133712.50164781, 58134291.49970332, 58134871.49775546, 58135449.49581433, 58136029.49386648, 58136608.49192198, 58137187.4899775, NaN, NaN, NaN, NaN, NaN, NaN, NaN, NaN, NaN, NaN]	0.0	0.0	0.0
5027.91963562225	2.0	trials	11.0	0.0	0.0	0.0	0.0	0.0	True	20.0	0.0	0.005	[58201625.273571335, 58202205.27162347, 58202784.26967899, 58203363.26773449, 58203943.26578664, 58204521.26384551, 58205101.26189766, 58205681.25994981, 58206260.25800531, 58206839.25606083, NaN, NaN, NaN, NaN, NaN, NaN, NaN, NaN, NaN, NaN]	0.0	0.0	0.0
5033.122021350727	2.0	trials	11.0	0.0	0.0	0.0	0.0	0.0	True	20.0	0.0	0.005	[58261839.07135089, 58262418.06940639, 58262997.06746191, 58263577.06551405, 58264155.06357293, 58264736.06162171, 58265314.05968058, 58265893.057736084, 58266473.055788234, 58267052.05384374, NaN, NaN, NaN, NaN, NaN, NaN, NaN, NaN, NaN, NaN]	0.0	0.0	0.0
5039.808581294802	2.0	trials	11.0	0.0	0.0	0.0	0.0	0.0	True	20.0	0.0	0.005	[58339229.81144386, 58339808.80949935, 58340387.80755486, 58340966.805610366, 58341545.803665884, 58342126.801714666, 58342704.79977354, 58343283.797829054, 58343863.79588119, 58344442.79393671, NaN, NaN, NaN, NaN, NaN, NaN, NaN, NaN, NaN, NaN]	0.0	0.0	0.0
5046.183497485491	2.0	trials	11.0	0.0	0.0	0.0	0.0	0.0	True	20.0	0.0	0.005	[58413013.56365043, 58413592.56170594, 58414171.55976145, 58414751.55781359, 58415329.55587246, 58415909.55392461, 58416489.55197676, 58417067.55003562, 58417648.548084415, 58418226.546143286, NaN, NaN, NaN, NaN, NaN, NaN, NaN, NaN, NaN, NaN]	0.0	0.0	0.0
5053.503972100648	2.0	trials	11.0	0.0	0.0	0.0	0.0	0.0	True	20.0	0.0	0.005	[58497741.279103085, 58498321.277155235, 58498899.275214106, 58499479.27326624, 58500059.271318406, 58500637.26937726, 58501217.26742942, 58501795.26548829, 58502375.26354043, 58502954.26159595, NaN, NaN, NaN, NaN, NaN, NaN, NaN, NaN, NaN, NaN]	0.0	0.0	0.0
5061.646539954912	2.0	trials	11.0	0.0	0.0	0.0	0.0	0.0	True	20.0	0.0	0.005	[58591982.96260428, 58592561.960659795, 58593140.9587153, 58593720.95676745, 58594300.9548196, 58594878.95287847, 58595457.95093397, 58596038.94898277, 58596617.94703827, 58597195.94509714, NaN, NaN, NaN, NaN, NaN, NaN, NaN, NaN, NaN, NaN]	0.0	0.0	0.0
5069.01980479278	2.0	trials	11.0	0.0	0.0	0.0	0.0	0.0	True	20.0	0.0	0.005	[58677321.67600498, 58677900.674060486, 58678480.672112636, 58679059.67016815, 58679639.6682203, 58680218.6662758, 58680797.66433131, 58681376.66238682, 58681956.66043897, 58682535.65849447, NaN, NaN, NaN, NaN, NaN, NaN, NaN, NaN, NaN, NaN]	0.0	0.0	0.0
5075.529936529366	2.0	trials	11.0	0.0	0.0	0.0	0.0	0.0	True	20.0	0.0	0.005	[58752671.42295237, 58753250.42100787, 58753828.41906674, 58754408.41711888, 58754987.415174395, 58755567.413226545, 58756145.411285415, 58756726.4093342, 58757304.40739307, 58757884.40544522, NaN, NaN, NaN, NaN, NaN, NaN, NaN, NaN, NaN, NaN]	0.0	0.0	0.0
5081.385504064218	2.0	trials	11.0	0.0	0.0	0.0	0.0	0.0	True	20.0	0.0	0.005	[58820444.19534606, 58821023.19340156, 58821602.19145707, 58822181.18951258, 58822761.18756472, 58823340.18562023, 58823920.18367238, 58824499.1817279, 58825078.1797834, 58825657.17783891, NaN, NaN, NaN, NaN, NaN, NaN, NaN, NaN, NaN, NaN]	0.0	0.0	0.0
5090.213826415468	2.0	trials	11.0	0.0	0.0	0.0	0.0	0.0	True	20.0	0.0	0.005	[58922622.852191925, 58923202.85024408, 58923781.848299585, 58924361.846351735, 58924940.84440724, 58925519.842462756, 58926099.840514906, 58926678.83857041, 58927257.83662592, 58927837.83467806, NaN, NaN, NaN, NaN, NaN, NaN, NaN, NaN, NaN, NaN]	0.0	0.0	0.0
5097.699497275835	2.0	trials	11.0	0.0	0.0	0.0	0.0	0.0	True	20.0	0.0	0.005	[59009262.561223395, 59009842.559275545, 59010421.55733106, 59011001.5553832, 59011580.553438716, 59012159.55149422, 59012738.549549736, 59013318.54760187, 59013898.545654036, 59014477.543709524, NaN, NaN, NaN, NaN, NaN, NaN, NaN, NaN, NaN, NaN]	0.0	0.0	0.0
5104.884497145966	2.0	trials	11.0	0.0	0.0	0.0	0.0	0.0	True	20.0	0.0	0.005	[59092423.281938605, 59093001.27999746, 59093580.27805298, 59094160.27610514, 59094740.27415728, 59095319.272212796, 59095898.2702683, 59096478.26832045, 59097056.26637932, 59097635.26443482, NaN, NaN, NaN, NaN, NaN, NaN, NaN, NaN, NaN, NaN]	0.0	0.0	0.0
5113.504509796795	2.0	trials	11.0	0.0	0.0	0.0	0.0	0.0	True	20.0	0.0	0.005	[59192191.94687813, 59192770.944933645, 59193350.942985795, 59193929.9410413, 59194508.939096816, 59195087.93715232, 59195666.93520782, 59196245.93326333, 59196825.93131549, 59197404.929370984, NaN, NaN, NaN, NaN, NaN, NaN, NaN, NaN, NaN, NaN]	0.0	0.0	0.0
5120.0042735682	2.0	trials	11.0	0.0	0.0	0.0	0.0	0.0	True	20.0	0.0	0.005	[59267420.69423188, 59267999.69228738, 59268579.69033954, 59269158.688395046, 59269736.686453916, 59270316.68450605, 59270895.68256157, 59271475.68061372, 59272055.67866587, 59272633.67672474, NaN, NaN, NaN, NaN, NaN, NaN, NaN, NaN, NaN, NaN]	0.0	0.0	0.0
5127.620235191003	2.0	trials	11.0	0.0	0.0	0.0	0.0	0.0	True	20.0	0.0	0.005	[59355568.39819893, 59356146.39625781, 59356726.39430995, 59357306.3923621, 59357884.390420966, 59358464.388473116, 59359043.386528626, 59359622.38458414, 59360201.38263964, 59360781.38069179, NaN, NaN, NaN, NaN, NaN, NaN, NaN, NaN, NaN, NaN]	0.0	0.0	0.0
5135.685820903803	2.0	trials	11.0	0.0	0.0	0.0	0.0	0.0	True	20.0	0.0	0.005	[59448919.08469243, 59449499.08274458, 59450078.08080009, 59450657.07885559, 59451236.07691111, 59451815.07496661, 59452395.073018774, 59452974.07107426, 59453554.06912643, 59454132.06718528, NaN, NaN, NaN, NaN, NaN, NaN, NaN, NaN, NaN, NaN]	0.0	0.0	0.0
5145.05440064067	2.0	trials	11.0	0.0	0.0	0.0	0.0	0.0	True	20.0	0.0	0.005	[59557351.72053511, 59557930.718590625, 59558510.71664276, 59559089.71469828, 59559668.71275378, 59560248.71080593, 59560827.70886143, 59561407.70691358, 59561986.70496909, 59562565.7030246, NaN, NaN, NaN, NaN, NaN, NaN, NaN, NaN, NaN, NaN]	0.0	0.0	0.0
5153.036697033185	2.0	trials	11.0	0.0	0.0	0.0	0.0	0.0	True	20.0	0.0	0.005	[59649740.41025935, 59650319.40831486, 59650899.406367004, 59651478.404422514, 59652057.402478024, 59652635.400536895, 59653216.39858568, 59653795.396641195, 59654375.39469333, 59654953.3927522, NaN, NaN, NaN, NaN, NaN, NaN, NaN, NaN, NaN, NaN]	0.0	0.0	0.0
5161.028929392332	2.0	trials	11.0	0.0	0.0	0.0	0.0	0.0	True	20.0	0.0	0.005	[59742243.09960074, 59742821.09765961, 59743401.095711745, 59743979.093770616, 59744560.09181941, 59745139.089874916, 59745718.08793042, 59746297.085985936, 59746876.08404144, 59747455.08209696, NaN, NaN, NaN, NaN, NaN, NaN, NaN, NaN, NaN, NaN]	0.0	0.0	0.0
5168.577931240011	2.0	trials	11.0	0.0	0.0	0.0	0.0	0.0	True	20.0	0.0	0.005	[59829614.806173876, 59830195.80422268, 59830774.802278176, 59831353.80033369, 59831932.7983892, 59832512.79644135, 59833090.79450022, 59833670.79255237, 59834249.79060787, 59834828.78866338, NaN, NaN, NaN, NaN, NaN, NaN, NaN, NaN, NaN, NaN]	0.0	0.0	0.0
5174.971336968605	2.0	trials	11.0	0.0	0.0	0.0	0.0	0.0	True	20.0	0.0	0.005	[59903612.55766177, 59904191.55571729, 59904771.553769425, 59905350.55182494, 59905929.549880445, 59906509.547932595, 59907088.5459881, 59907667.544043615, 59908247.54209575, 59908826.54015127, NaN, NaN, NaN, NaN, NaN, NaN, NaN, NaN, NaN, NaN]	0.0	0.0	0.0
5180.685986576712	2.0	trials	11.0	0.0	0.0	0.0	0.0	0.0	True	20.0	0.0	0.005	[59969754.335532956, 59970333.333588466, 59970913.33164061, 59971492.32969613, 59972071.32775163, 59972650.32580713, 59973230.32385928, 59973809.3219148, 59974389.319966935, 59974968.31802245, NaN, NaN, NaN, NaN, NaN, NaN, NaN, NaN, NaN, NaN]	0.0	0.0	0.0
5186.5482068892225	2.0	trials	11.0	0.0	0.0	0.0	0.0	0.0	True	20.0	0.0	0.005	[60037605.1076647, 60038183.10572356, 60038763.10377571, 60039342.10183123, 60039920.09989009, 60040501.09793888, 60041080.09599439, 60041659.0940499, 60042238.092105396, 60042818.09015755, NaN, NaN, NaN, NaN, NaN, NaN, NaN, NaN, NaN, NaN]	0.0	0.0	0.0
5192.505985280814	2.0	trials	11.0	0.0	0.0	0.0	0.0	0.0	True	20.0	0.0	0.005	[60106560.876085445, 60107138.874144316, 60107718.872196466, 60108296.87025532, 60108876.868307486, 60109455.86636298, 60110035.86441514, 60110614.86247066, 60111194.86052279, 60111772.85858166, NaN, NaN, NaN, NaN, NaN, NaN, NaN, NaN, NaN, NaN]	0.0	0.0	0.0
5202.460873448641	2.0	trials	11.0	0.0	0.0	0.0	0.0	0.0	True	20.0	0.0	0.005	[60221779.489138275, 60222358.487193786, 60222936.48525265, 60223516.48330479, 60224095.48136031, 60224675.47941246, 60225255.47746461, 60225834.47552011, 60226413.47357562, 60226992.47163113, NaN, NaN, NaN, NaN, NaN, NaN, NaN, NaN, NaN, NaN]	0.0	0.0	0.0
5208.519739500743	2.0	trials	11.0	0.0	0.0	0.0	0.0	0.0	True	20.0	0.0	0.005	[60291905.25362974, 60292484.25168525, 60293063.24974076, 60293642.24779627, 60294221.24585177, 60294802.24390057, 60295381.24195608, 60295960.24001158, 60296538.23807045, 60297118.2361226, NaN, NaN, NaN, NaN, NaN, NaN, NaN, NaN, NaN, NaN]	0.0	0.0	0.0
5215.264100850699	2.0	trials	11.0	0.0	0.0	0.0	0.0	0.0	True	20.0	0.0	0.005	[60369963.991479315, 60370542.989534825, 60371122.987586975, 60371702.985639125, 60372281.98369463, 60372860.98175014, 60373440.97980229, 60374019.9778578, 60374599.975909956, 60375177.97396881, NaN, NaN, NaN, NaN, NaN, NaN, NaN, NaN, NaN, NaN]	0.0	0.0	0.0
5222.589759448446	2.0	trials	11.0	0.0	0.0	0.0	0.0	0.0	True	20.0	0.0	0.005	[60454752.70672711, 60455331.70478263, 60455911.70283476, 60456490.70089028, 60457070.69894243, 60457648.6970013, 60458228.695053436, 60458806.69311231, 60459386.69116447, 60459965.689219974, NaN, NaN, NaN, NaN, NaN, NaN, NaN, NaN, NaN, NaN]	0.0	0.0	0.0
5248.154483192709	2.0	trials	12.0	0.0	0.0	0.0	0.0	0.0	True	0.0	0.0	0.0	[NaN, NaN, NaN, NaN, NaN, NaN, NaN, NaN, NaN, NaN, NaN, NaN, NaN, NaN, NaN, NaN, NaN, NaN, NaN, NaN]	0.0	0.0	0.0
5255.684477104224	2.0	trials	12.0	0.0	0.0	0.0	0.0	0.0	True	0.0	0.0	0.0	[NaN, NaN, NaN, NaN, NaN, NaN, NaN, NaN, NaN, NaN, NaN, NaN, NaN, NaN, NaN, NaN, NaN, NaN, NaN, NaN]	0.0	0.0	0.0
5265.410406040981	2.0	trials	12.0	0.0	0.0	0.0	0.0	0.0	True	0.0	0.0	0.0	[NaN, NaN, NaN, NaN, NaN, NaN, NaN, NaN, NaN, NaN, NaN, NaN, NaN, NaN, NaN, NaN, NaN, NaN, NaN, NaN]	0.0	0.0	0.0
5271.890211479414	2.0	trials	12.0	0.0	0.0	0.0	0.0	0.0	True	0.0	0.0	0.0	[NaN, NaN, NaN, NaN, NaN, NaN, NaN, NaN, NaN, NaN, NaN, NaN, NaN, NaN, NaN, NaN, NaN, NaN, NaN, NaN]	0.0	0.0	0.0
5279.779887382982	2.0	trials	12.0	0.0	0.0	0.0	0.0	0.0	True	0.0	0.0	0.0	[NaN, NaN, NaN, NaN, NaN, NaN, NaN, NaN, NaN, NaN, NaN, NaN, NaN, NaN, NaN, NaN, NaN, NaN, NaN, NaN]	0.0	0.0	0.0
5287.736868660516	2.0	trials	12.0	0.0	0.0	0.0	0.0	0.0	True	0.0	0.0	0.0	[NaN, NaN, NaN, NaN, NaN, NaN, NaN, NaN, NaN, NaN, NaN, NaN, NaN, NaN, NaN, NaN, NaN, NaN, NaN, NaN]	0.0	0.0	0.0
5294.584996061987	2.0	trials	12.0	0.0	0.0	0.0	0.0	0.0	True	0.0	0.0	0.0	[NaN, NaN, NaN, NaN, NaN, NaN, NaN, NaN, NaN, NaN, NaN, NaN, NaN, NaN, NaN, NaN, NaN, NaN, NaN, NaN]	0.0	0.0	0.0
5300.1084431122235	2.0	trials	12.0	0.0	0.0	0.0	0.0	0.0	True	0.0	0.0	0.0	[NaN, NaN, NaN, NaN, NaN, NaN, NaN, NaN, NaN, NaN, NaN, NaN, NaN, NaN, NaN, NaN, NaN, NaN, NaN, NaN]	0.0	0.0	0.0
5306.666872286608	2.0	trials	12.0	0.0	0.0	0.0	0.0	0.0	True	0.0	0.0	0.0	[NaN, NaN, NaN, NaN, NaN, NaN, NaN, NaN, NaN, NaN, NaN, NaN, NaN, NaN, NaN, NaN, NaN, NaN, NaN, NaN]	0.0	0.0	0.0
5314.773238662451	2.0	trials	12.0	0.0	0.0	0.0	0.0	0.0	True	0.0	0.0	0.0	[NaN, NaN, NaN, NaN, NaN, NaN, NaN, NaN, NaN, NaN, NaN, NaN, NaN, NaN, NaN, NaN, NaN, NaN, NaN, NaN]	0.0	0.0	0.0
5324.720350856393	2.0	trials	12.0	0.0	0.0	0.0	0.0	0.0	True	0.0	0.0	0.0	[NaN, NaN, NaN, NaN, NaN, NaN, NaN, NaN, NaN, NaN, NaN, NaN, NaN, NaN, NaN, NaN, NaN, NaN, NaN, NaN]	0.0	0.0	0.0
5332.540734192672	2.0	trials	12.0	0.0	0.0	0.0	0.0	0.0	True	0.0	0.0	0.0	[NaN, NaN, NaN, NaN, NaN, NaN, NaN, NaN, NaN, NaN, NaN, NaN, NaN, NaN, NaN, NaN, NaN, NaN, NaN, NaN]	0.0	0.0	0.0
5341.36499575756	2.0	trials	12.0	0.0	0.0	0.0	0.0	0.0	True	0.0	0.0	0.0	[NaN, NaN, NaN, NaN, NaN, NaN, NaN, NaN, NaN, NaN, NaN, NaN, NaN, NaN, NaN, NaN, NaN, NaN, NaN, NaN]	0.0	0.0	0.0
5347.718744019338	2.0	trials	12.0	0.0	0.0	0.0	0.0	0.0	True	0.0	0.0	0.0	[NaN, NaN, NaN, NaN, NaN, NaN, NaN, NaN, NaN, NaN, NaN, NaN, NaN, NaN, NaN, NaN, NaN, NaN, NaN, NaN]	0.0	0.0	0.0
5352.967526391999	2.0	trials	12.0	0.0	0.0	0.0	0.0	0.0	True	0.0	0.0	0.0	[NaN, NaN, NaN, NaN, NaN, NaN, NaN, NaN, NaN, NaN, NaN, NaN, NaN, NaN, NaN, NaN, NaN, NaN, NaN, NaN]	0.0	0.0	0.0
5362.202877776296	2.0	trials	12.0	0.0	0.0	0.0	0.0	0.0	True	0.0	0.0	0.0	[NaN, NaN, NaN, NaN, NaN, NaN, NaN, NaN, NaN, NaN, NaN, NaN, NaN, NaN, NaN, NaN, NaN, NaN, NaN, NaN]	0.0	0.0	0.0
5370.638513446331	2.0	trials	12.0	0.0	0.0	0.0	0.0	0.0	True	0.0	0.0	0.0	[NaN, NaN, NaN, NaN, NaN, NaN, NaN, NaN, NaN, NaN, NaN, NaN, NaN, NaN, NaN, NaN, NaN, NaN, NaN, NaN]	0.0	0.0	0.0
5380.358740002239	2.0	trials	12.0	0.0	0.0	0.0	0.0	0.0	True	0.0	0.0	0.0	[NaN, NaN, NaN, NaN, NaN, NaN, NaN, NaN, NaN, NaN, NaN, NaN, NaN, NaN, NaN, NaN, NaN, NaN, NaN, NaN]	0.0	0.0	0.0
5386.025005772837	2.0	trials	12.0	0.0	0.0	0.0	0.0	0.0	True	0.0	0.0	0.0	[NaN, NaN, NaN, NaN, NaN, NaN, NaN, NaN, NaN, NaN, NaN, NaN, NaN, NaN, NaN, NaN, NaN, NaN, NaN, NaN]	0.0	0.0	0.0
5393.470759967258	2.0	trials	12.0	0.0	0.0	0.0	0.0	0.0	True	0.0	0.0	0.0	[NaN, NaN, NaN, NaN, NaN, NaN, NaN, NaN, NaN, NaN, NaN, NaN, NaN, NaN, NaN, NaN, NaN, NaN, NaN, NaN]	0.0	0.0	0.0
5402.9424145579615	2.0	trials	12.0	0.0	0.0	0.0	0.0	0.0	True	0.0	0.0	0.0	[NaN, NaN, NaN, NaN, NaN, NaN, NaN, NaN, NaN, NaN, NaN, NaN, NaN, NaN, NaN, NaN, NaN, NaN, NaN, NaN]	0.0	0.0	0.0
5411.9310083709615	2.0	trials	12.0	0.0	0.0	0.0	0.0	0.0	True	0.0	0.0	0.0	[NaN, NaN, NaN, NaN, NaN, NaN, NaN, NaN, NaN, NaN, NaN, NaN, NaN, NaN, NaN, NaN, NaN, NaN, NaN, NaN]	0.0	0.0	0.0
5419.597686623439	2.0	trials	12.0	0.0	0.0	0.0	0.0	0.0	True	0.0	0.0	0.0	[NaN, NaN, NaN, NaN, NaN, NaN, NaN, NaN, NaN, NaN, NaN, NaN, NaN, NaN, NaN, NaN, NaN, NaN, NaN, NaN]	0.0	0.0	0.0
5428.202752124466	2.0	trials	12.0	0.0	0.0	0.0	0.0	0.0	True	0.0	0.0	0.0	[NaN, NaN, NaN, NaN, NaN, NaN, NaN, NaN, NaN, NaN, NaN, NaN, NaN, NaN, NaN, NaN, NaN, NaN, NaN, NaN]	0.0	0.0	0.0
5436.423857314975	2.0	trials	12.0	0.0	0.0	0.0	0.0	0.0	True	0.0	0.0	0.0	[NaN, NaN, NaN, NaN, NaN, NaN, NaN, NaN, NaN, NaN, NaN, NaN, NaN, NaN, NaN, NaN, NaN, NaN, NaN, NaN]	0.0	0.0	0.0
5441.750745025329	2.0	trials	12.0	0.0	0.0	0.0	0.0	0.0	True	0.0	0.0	0.0	[NaN, NaN, NaN, NaN, NaN, NaN, NaN, NaN, NaN, NaN, NaN, NaN, NaN, NaN, NaN, NaN, NaN, NaN, NaN, NaN]	0.0	0.0	0.0
5448.362396420975	2.0	trials	12.0	0.0	0.0	0.0	0.0	0.0	True	0.0	0.0	0.0	[NaN, NaN, NaN, NaN, NaN, NaN, NaN, NaN, NaN, NaN, NaN, NaN, NaN, NaN, NaN, NaN, NaN, NaN, NaN, NaN]	0.0	0.0	0.0
5454.098818755961	2.0	trials	12.0	0.0	0.0	0.0	0.0	0.0	True	0.0	0.0	0.0	[NaN, NaN, NaN, NaN, NaN, NaN, NaN, NaN, NaN, NaN, NaN, NaN, NaN, NaN, NaN, NaN, NaN, NaN, NaN, NaN]	0.0	0.0	0.0
5463.824920492138	2.0	trials	12.0	0.0	0.0	0.0	0.0	0.0	True	0.0	0.0	0.0	[NaN, NaN, NaN, NaN, NaN, NaN, NaN, NaN, NaN, NaN, NaN, NaN, NaN, NaN, NaN, NaN, NaN, NaN, NaN, NaN]	0.0	0.0	0.0
5470.760657199385	2.0	trials	12.0	0.0	0.0	0.0	0.0	0.0	True	0.0	0.0	0.0	[NaN, NaN, NaN, NaN, NaN, NaN, NaN, NaN, NaN, NaN, NaN, NaN, NaN, NaN, NaN, NaN, NaN, NaN, NaN, NaN]	0.0	0.0	0.0
