onset	duration	nwb_table	Block	sound	sound_puretone	sound_bluenoise	sound_freq	sound_amp	optogenetics	opto_freq	opto_power	opto_pulse_duration	opto_pulse_ts	airpuff	airpuff_duration	airpuff_amp
315.31356354971126	2.0	trials	1.0	1.0	1.0	0.0	10000.0	1.0	False	0.0	0.0	0.0	[NaN, NaN, NaN, NaN, NaN, NaN, NaN, NaN, NaN, NaN, NaN, NaN, NaN, NaN, NaN, NaN, NaN, NaN, NaN, NaN]	0.0	0.0	0.0
324.72249308856635	2.0	trials	1.0	1.0	1.0	0.0	10000.0	1.0	False	0.0	0.0	0.0	[NaN, NaN, NaN, NaN, NaN, NaN, NaN, NaN, NaN, NaN, NaN, NaN, NaN, NaN, NaN, NaN, NaN, NaN, NaN, NaN]	0.0	0.0	0.0
331.54962618591475	2.0	trials	1.0	1.0	1.0	0.0	10000.0	1.0	False	0.0	0.0	0.0	[NaN, NaN, NaN, NaN, NaN, NaN, NaN, NaN, NaN, NaN, NaN, NaN, NaN, NaN, NaN, NaN, NaN, NaN, NaN, NaN]	0.0	0.0	0.0
339.3858216164523	2.0	trials	1.0	1.0	1.0	0.0	10000.0	1.0	False	0.0	0.0	0.0	[NaN, NaN, NaN, NaN, NaN, NaN, NaN, NaN, NaN, NaN, NaN, NaN, NaN, NaN, NaN, NaN, NaN, NaN, NaN, NaN]	0.0	0.0	0.0
346.8378838906101	2.0	trials	1.0	1.0	1.0	0.0	10000.0	1.0	False	0.0	0.0	0.0	[NaN, NaN, NaN, NaN, NaN, NaN, NaN, NaN, NaN, NaN, NaN, NaN, NaN, NaN, NaN, NaN, NaN, NaN, NaN, NaN]	0.0	0.0	0.0
354.3017829264468	2.0	trials	1.0	1.0	1.0	0.0	10000.0	1.0	False	0.0	0.0	0.0	[NaN, NaN, NaN, NaN, NaN, NaN, NaN, NaN, NaN, NaN, NaN, NaN, NaN, NaN, NaN, NaN, NaN, NaN, NaN, NaN]	0.0	0.0	0.0
361.4659613326205	2.0	trials	1.0	1.0	1.0	0.0	10000.0	1.0	False	0.0	0.0	0.0	[NaN, NaN, NaN, NaN, NaN, NaN, NaN, NaN, NaN, NaN, NaN, NaN, NaN, NaN, NaN, NaN, NaN, NaN, NaN, NaN]	0.0	0.0	0.0
370.2677600370445	2.0	trials	1.0	1.0	1.0	0.0	10000.0	1.0	False	0.0	0.0	0.0	[NaN, NaN, NaN, NaN, NaN, NaN, NaN, NaN, NaN, NaN, NaN, NaN, NaN, NaN, NaN, NaN, NaN, NaN, NaN, NaN]	0.0	0.0	0.0
378.00183099820714	2.0	trials	1.0	1.0	1.0	0.0	10000.0	1.0	False	0.0	0.0	0.0	[NaN, NaN, NaN, NaN, NaN, NaN, NaN, NaN, NaN, NaN, NaN, NaN, NaN, NaN, NaN, NaN, NaN, NaN, NaN, NaN]	0.0	0.0	0.0
386.3477847784163	2.0	trials	1.0	1.0	1.0	0.0	10000.0	1.0	False	0.0	0.0	0.0	[NaN, NaN, NaN, NaN, NaN, NaN, NaN, NaN, NaN, NaN, NaN, NaN, NaN, NaN, NaN, NaN, NaN, NaN, NaN, NaN]	0.0	0.0	0.0
392.7629640094539	2.0	trials	1.0	1.0	1.0	0.0	10000.0	1.0	False	0.0	0.0	0.0	[NaN, NaN, NaN, NaN, NaN, NaN, NaN, NaN, NaN, NaN, NaN, NaN, NaN, NaN, NaN, NaN, NaN, NaN, NaN, NaN]	0.0	0.0	0.0
402.00185889879134	2.0	trials	1.0	1.0	1.0	0.0	10000.0	1.0	False	0.0	0.0	0.0	[NaN, NaN, NaN, NaN, NaN, NaN, NaN, NaN, NaN, NaN, NaN, NaN, NaN, NaN, NaN, NaN, NaN, NaN, NaN, NaN]	0.0	0.0	0.0
412.6695459624542	2.0	trials	1.0	1.0	1.0	0.0	10000.0	1.0	False	0.0	0.0	0.0	[NaN, NaN, NaN, NaN, NaN, NaN, NaN, NaN, NaN, NaN, NaN, NaN, NaN, NaN, NaN, NaN, NaN, NaN, NaN, NaN]	0.0	0.0	0.0
421.39358491862333	2.0	trials	1.0	1.0	1.0	0.0	10000.0	1.0	False	0.0	0.0	0.0	[NaN, NaN, NaN, NaN, NaN, NaN, NaN, NaN, NaN, NaN, NaN, NaN, NaN, NaN, NaN, NaN, NaN, NaN, NaN, NaN]	0.0	0.0	0.0
430.8858901875518	2.0	trials	1.0	1.0	1.0	0.0	10000.0	1.0	False	0.0	0.0	0.0	[NaN, NaN, NaN, NaN, NaN, NaN, NaN, NaN, NaN, NaN, NaN, NaN, NaN, NaN, NaN, NaN, NaN, NaN, NaN, NaN]	0.0	0.0	0.0
441.3556354920456	2.0	trials	1.0	1.0	1.0	0.0	10000.0	1.0	False	0.0	0.0	0.0	[NaN, NaN, NaN, NaN, NaN, NaN, NaN, NaN, NaN, NaN, NaN, NaN, NaN, NaN, NaN, NaN, NaN, NaN, NaN, NaN]	0.0	0.0	0.0
451.32244802477015	2.0	trials	1.0	1.0	1.0	0.0	10000.0	1.0	False	0.0	0.0	0.0	[NaN, NaN, NaN, NaN, NaN, NaN, NaN, NaN, NaN, NaN, NaN, NaN, NaN, NaN, NaN, NaN, NaN, NaN, NaN, NaN]	0.0	0.0	0.0
459.6136243823197	2.0	trials	1.0	1.0	1.0	0.0	10000.0	1.0	False	0.0	0.0	0.0	[NaN, NaN, NaN, NaN, NaN, NaN, NaN, NaN, NaN, NaN, NaN, NaN, NaN, NaN, NaN, NaN, NaN, NaN, NaN, NaN]	0.0	0.0	0.0
467.06655065368045	2.0	trials	1.0	1.0	1.0	0.0	10000.0	1.0	False	0.0	0.0	0.0	[NaN, NaN, NaN, NaN, NaN, NaN, NaN, NaN, NaN, NaN, NaN, NaN, NaN, NaN, NaN, NaN, NaN, NaN, NaN, NaN]	0.0	0.0	0.0
476.0297440355937	2.0	trials	1.0	1.0	1.0	0.0	10000.0	1.0	False	0.0	0.0	0.0	[NaN, NaN, NaN, NaN, NaN, NaN, NaN, NaN, NaN, NaN, NaN, NaN, NaN, NaN, NaN, NaN, NaN, NaN, NaN, NaN]	0.0	0.0	0.0
484.97574387317064	2.0	trials	1.0	1.0	1.0	0.0	10000.0	1.0	False	0.0	0.0	0.0	[NaN, NaN, NaN, NaN, NaN, NaN, NaN, NaN, NaN, NaN, NaN, NaN, NaN, NaN, NaN, NaN, NaN, NaN, NaN, NaN]	0.0	0.0	0.0
493.9941466763451	2.0	trials	1.0	1.0	1.0	0.0	10000.0	1.0	False	0.0	0.0	0.0	[NaN, NaN, NaN, NaN, NaN, NaN, NaN, NaN, NaN, NaN, NaN, NaN, NaN, NaN, NaN, NaN, NaN, NaN, NaN, NaN]	0.0	0.0	0.0
501.76372792254415	2.0	trials	1.0	1.0	1.0	0.0	10000.0	1.0	False	0.0	0.0	0.0	[NaN, NaN, NaN, NaN, NaN, NaN, NaN, NaN, NaN, NaN, NaN, NaN, NaN, NaN, NaN, NaN, NaN, NaN, NaN, NaN]	0.0	0.0	0.0
508.62265611695676	2.0	trials	1.0	1.0	1.0	0.0	10000.0	1.0	False	0.0	0.0	0.0	[NaN, NaN, NaN, NaN, NaN, NaN, NaN, NaN, NaN, NaN, NaN, NaN, NaN, NaN, NaN, NaN, NaN, NaN, NaN, NaN]	0.0	0.0	0.0
516.0201137678955	2.0	trials	1.0	1.0	1.0	0.0	10000.0	1.0	False	0.0	0.0	0.0	[NaN, NaN, NaN, NaN, NaN, NaN, NaN, NaN, NaN, NaN, NaN, NaN, NaN, NaN, NaN, NaN, NaN, NaN, NaN, NaN]	0.0	0.0	0.0
522.5356894739024	2.0	trials	1.0	1.0	1.0	0.0	10000.0	1.0	False	0.0	0.0	0.0	[NaN, NaN, NaN, NaN, NaN, NaN, NaN, NaN, NaN, NaN, NaN, NaN, NaN, NaN, NaN, NaN, NaN, NaN, NaN, NaN]	0.0	0.0	0.0
531.1939782429358	2.0	trials	1.0	1.0	1.0	0.0	10000.0	1.0	False	0.0	0.0	0.0	[NaN, NaN, NaN, NaN, NaN, NaN, NaN, NaN, NaN, NaN, NaN, NaN, NaN, NaN, NaN, NaN, NaN, NaN, NaN, NaN]	0.0	0.0	0.0
540.0562567515582	2.0	trials	1.0	1.0	1.0	0.0	10000.0	1.0	False	0.0	0.0	0.0	[NaN, NaN, NaN, NaN, NaN, NaN, NaN, NaN, NaN, NaN, NaN, NaN, NaN, NaN, NaN, NaN, NaN, NaN, NaN, NaN]	0.0	0.0	0.0
546.7638990357548	2.0	trials	1.0	1.0	1.0	0.0	10000.0	1.0	False	0.0	0.0	0.0	[NaN, NaN, NaN, NaN, NaN, NaN, NaN, NaN, NaN, NaN, NaN, NaN, NaN, NaN, NaN, NaN, NaN, NaN, NaN, NaN]	0.0	0.0	0.0
553.1358784066507	2.0	trials	1.0	1.0	1.0	0.0	10000.0	1.0	False	0.0	0.0	0.0	[NaN, NaN, NaN, NaN, NaN, NaN, NaN, NaN, NaN, NaN, NaN, NaN, NaN, NaN, NaN, NaN, NaN, NaN, NaN, NaN]	0.0	0.0	0.0
560.5629711616466	2.0	trials	1.0	1.0	1.0	0.0	10000.0	1.0	False	0.0	0.0	0.0	[NaN, NaN, NaN, NaN, NaN, NaN, NaN, NaN, NaN, NaN, NaN, NaN, NaN, NaN, NaN, NaN, NaN, NaN, NaN, NaN]	0.0	0.0	0.0
570.3802257785607	2.0	trials	1.0	1.0	1.0	0.0	10000.0	1.0	False	0.0	0.0	0.0	[NaN, NaN, NaN, NaN, NaN, NaN, NaN, NaN, NaN, NaN, NaN, NaN, NaN, NaN, NaN, NaN, NaN, NaN, NaN, NaN]	0.0	0.0	0.0
577.2803666395486	2.0	trials	1.0	1.0	1.0	0.0	10000.0	1.0	False	0.0	0.0	0.0	[NaN, NaN, NaN, NaN, NaN, NaN, NaN, NaN, NaN, NaN, NaN, NaN, NaN, NaN, NaN, NaN, NaN, NaN, NaN, NaN]	0.0	0.0	0.0
583.5246472238656	2.0	trials	1.0	1.0	1.0	0.0	10000.0	1.0	False	0.0	0.0	0.0	[NaN, NaN, NaN, NaN, NaN, NaN, NaN, NaN, NaN, NaN, NaN, NaN, NaN, NaN, NaN, NaN, NaN, NaN, NaN, NaN]	0.0	0.0	0.0
591.8356955170804	2.0	trials	1.0	1.0	1.0	0.0	10000.0	1.0	False	0.0	0.0	0.0	[NaN, NaN, NaN, NaN, NaN, NaN, NaN, NaN, NaN, NaN, NaN, NaN, NaN, NaN, NaN, NaN, NaN, NaN, NaN, NaN]	0.0	0.0	0.0
601.904978118061	2.0	trials	1.0	1.0	1.0	0.0	10000.0	1.0	False	0.0	0.0	0.0	[NaN, NaN, NaN, NaN, NaN, NaN, NaN, NaN, NaN, NaN, NaN, NaN, NaN, NaN, NaN, NaN, NaN, NaN, NaN, NaN]	0.0	0.0	0.0
612.4040129277307	2.0	trials	1.0	1.0	1.0	0.0	10000.0	1.0	False	0.0	0.0	0.0	[NaN, NaN, NaN, NaN, NaN, NaN, NaN, NaN, NaN, NaN, NaN, NaN, NaN, NaN, NaN, NaN, NaN, NaN, NaN, NaN]	0.0	0.0	0.0
618.6738678292517	2.0	trials	1.0	1.0	1.0	0.0	10000.0	1.0	False	0.0	0.0	0.0	[NaN, NaN, NaN, NaN, NaN, NaN, NaN, NaN, NaN, NaN, NaN, NaN, NaN, NaN, NaN, NaN, NaN, NaN, NaN, NaN]	0.0	0.0	0.0
625.1720771914815	2.0	trials	1.0	1.0	1.0	0.0	10000.0	1.0	False	0.0	0.0	0.0	[NaN, NaN, NaN, NaN, NaN, NaN, NaN, NaN, NaN, NaN, NaN, NaN, NaN, NaN, NaN, NaN, NaN, NaN, NaN, NaN]	0.0	0.0	0.0
634.5499028310346	2.0	trials	1.0	1.0	1.0	0.0	10000.0	1.0	False	0.0	0.0	0.0	[NaN, NaN, NaN, NaN, NaN, NaN, NaN, NaN, NaN, NaN, NaN, NaN, NaN, NaN, NaN, NaN, NaN, NaN, NaN, NaN]	0.0	0.0	0.0
641.2823418349525	2.0	trials	1.0	1.0	1.0	0.0	10000.0	1.0	False	0.0	0.0	0.0	[NaN, NaN, NaN, NaN, NaN, NaN, NaN, NaN, NaN, NaN, NaN, NaN, NaN, NaN, NaN, NaN, NaN, NaN, NaN, NaN]	0.0	0.0	0.0
651.6923849327306	2.0	trials	1.0	1.0	1.0	0.0	10000.0	1.0	False	0.0	0.0	0.0	[NaN, NaN, NaN, NaN, NaN, NaN, NaN, NaN, NaN, NaN, NaN, NaN, NaN, NaN, NaN, NaN, NaN, NaN, NaN, NaN]	0.0	0.0	0.0
660.4400974122573	2.0	trials	1.0	1.0	1.0	0.0	10000.0	1.0	False	0.0	0.0	0.0	[NaN, NaN, NaN, NaN, NaN, NaN, NaN, NaN, NaN, NaN, NaN, NaN, NaN, NaN, NaN, NaN, NaN, NaN, NaN, NaN]	0.0	0.0	0.0
670.6701698926851	2.0	trials	1.0	1.0	1.0	0.0	10000.0	1.0	False	0.0	0.0	0.0	[NaN, NaN, NaN, NaN, NaN, NaN, NaN, NaN, NaN, NaN, NaN, NaN, NaN, NaN, NaN, NaN, NaN, NaN, NaN, NaN]	0.0	0.0	0.0
680.0829010192327	2.0	trials	1.0	1.0	1.0	0.0	10000.0	1.0	False	0.0	0.0	0.0	[NaN, NaN, NaN, NaN, NaN, NaN, NaN, NaN, NaN, NaN, NaN, NaN, NaN, NaN, NaN, NaN, NaN, NaN, NaN, NaN]	0.0	0.0	0.0
688.6039870324562	2.0	trials	1.0	1.0	1.0	0.0	10000.0	1.0	False	0.0	0.0	0.0	[NaN, NaN, NaN, NaN, NaN, NaN, NaN, NaN, NaN, NaN, NaN, NaN, NaN, NaN, NaN, NaN, NaN, NaN, NaN, NaN]	0.0	0.0	0.0
697.3699298529626	2.0	trials	1.0	1.0	1.0	0.0	10000.0	1.0	False	0.0	0.0	0.0	[NaN, NaN, NaN, NaN, NaN, NaN, NaN, NaN, NaN, NaN, NaN, NaN, NaN, NaN, NaN, NaN, NaN, NaN, NaN, NaN]	0.0	0.0	0.0
708.4823162769238	2.0	trials	1.0	1.0	1.0	0.0	10000.0	1.0	False	0.0	0.0	0.0	[NaN, NaN, NaN, NaN, NaN, NaN, NaN, NaN, NaN, NaN, NaN, NaN, NaN, NaN, NaN, NaN, NaN, NaN, NaN, NaN]	0.0	0.0	0.0
717.5779604300316	2.0	trials	1.0	1.0	1.0	0.0	10000.0	1.0	False	0.0	0.0	0.0	[NaN, NaN, NaN, NaN, NaN, NaN, NaN, NaN, NaN, NaN, NaN, NaN, NaN, NaN, NaN, NaN, NaN, NaN, NaN, NaN]	0.0	0.0	0.0
724.6521103276701	2.0	trials	1.0	1.0	1.0	0.0	10000.0	1.0	False	0.0	0.0	0.0	[NaN, NaN, NaN, NaN, NaN, NaN, NaN, NaN, NaN, NaN, NaN, NaN, NaN, NaN, NaN, NaN, NaN, NaN, NaN, NaN]	0.0	0.0	0.0
769.4713604266074	2.0	trials	2.0	1.0	1.0	0.0	10000.0	1.0	True	40.0	0.0	0.005	[8914030.497136768, 8914320.496197904, 8914610.495259037, 8914899.494323408, 8915189.493384544, 8915479.492445676, 8915767.491513286, 8916057.49057442, 8916347.489635555, 8916637.48869669, 8916927.487757822, 8917216.486822195, 8917506.48588333, 8917796.484944465, 8918086.484005598, 8918375.483069971, 8918664.482134342, 8918954.481195478, 8919244.480256611, 8919533.479320982]	0.0	0.0	0.0
778.6959993620982	2.0	trials	2.0	1.0	1.0	0.0	10000.0	1.0	True	40.0	0.0	0.005	[9020796.15148528, 9021086.150546413, 9021376.149607547, 9021666.148668682, 9021955.147733055, 9022245.146794189, 9022535.145855322, 9022824.144919693, 9023114.143980829, 9023404.143041963, 9023694.142103098, 9023983.14116747, 9024273.140228605, 9024562.139292976, 9024852.13835411, 9025141.137418482, 9025431.136479616, 9025721.13554075, 9026011.134601885, 9026300.133666256]	0.0	0.0	0.0
785.9021680323295	2.0	trials	2.0	1.0	1.0	0.0	10000.0	1.0	True	40.0	0.0	0.005	[9104200.881464276, 9104490.88052541, 9104779.879589783, 9105070.87864768, 9105359.87771205, 9105649.876773186, 9105939.87583432, 9106229.874895453, 9106518.873959826, 9106808.87302096, 9107097.872085331, 9107387.871146467, 9107677.870207602, 9107966.869271973, 9108256.868333107, 9108546.86739424, 9108834.86646185, 9109126.86551651, 9109415.864580883, 9109704.863645254]	0.0	0.0	0.0
793.1206054628414	2.0	trials	2.0	1.0	1.0	0.0	10000.0	1.0	True	40.0	0.0	0.005	[9187748.610980315, 9188037.610044686, 9188326.609109059, 9188616.608170193, 9188905.607234566, 9189196.606292462, 9189485.605356833, 9189775.604417969, 9190064.60348234, 9190354.602543473, 9190643.601607846, 9190933.60066898, 9191223.599730114, 9191512.598794486, 9191803.597852385, 9192091.596919993, 9192381.595981127, 9192672.595039023, 9192961.594103396, 9193250.593167767]	0.0	0.0	0.0
799.8112270021421	2.0	trials	2.0	1.0	1.0	0.0	10000.0	1.0	True	40.0	0.0	0.005	[9265185.360280521, 9265475.359341655, 9265764.358406026, 9266054.35746716, 9266344.356528295, 9266634.355589429, 9266924.354650564, 9267212.353718173, 9267503.35277607, 9267792.351840442, 9268082.350901576, 9268372.349962711, 9268661.349027082, 9268951.348088216, 9269241.347149352, 9269530.346213723, 9269819.345278094, 9270109.344339227, 9270399.343400363, 9270688.342464734]	0.0	0.0	0.0
807.706087842752	2.0	trials	2.0	1.0	1.0	0.0	10000.0	1.0	True	40.0	0.0	0.005	[9356562.064450422, 9356851.063514795, 9357141.06257593, 9357430.061640302, 9357720.060701435, 9358010.059762571, 9358299.058826942, 9358590.057884838, 9358878.056952449, 9359168.056013582, 9359458.055074718, 9359747.054139089, 9360036.05320346, 9360327.052261356, 9360617.051322492, 9360906.050386865, 9361196.049447998, 9361485.04851237, 9361775.047573503, 9362064.046637876]	0.0	0.0	0.0
815.6260910019644	2.0	trials	2.0	1.0	1.0	0.0	10000.0	1.0	True	40.0	0.0	0.005	[9448228.76768146, 9448518.766742596, 9448807.765806967, 9449097.764868101, 9449387.763929235, 9449675.762996845, 9449965.76205798, 9450255.761119114, 9450544.760183487, 9450833.759247858, 9451123.758308992, 9451414.757366888, 9451704.756428024, 9451993.755492395, 9452283.754553529, 9452572.7536179, 9452863.752675798, 9453152.75174017, 9453441.750804543, 9453731.749865677]	0.0	0.0	0.0
826.3361139285661	2.0	trials	2.0	1.0	1.0	0.0	10000.0	1.0	True	40.0	0.0	0.005	[9572186.366371425, 9572476.36543256, 9572766.364493694, 9573055.363558067, 9573344.362622438, 9573634.361683572, 9573924.360744707, 9574213.359809078, 9574503.358870212, 9574793.357931348, 9575082.35699572, 9575372.356056854, 9575662.355117988, 9575950.354185598, 9576241.353243494, 9576531.352304628, 9576820.351369001, 9577111.350426897, 9577400.349491268, 9577689.34855564]	0.0	0.0	0.0
833.7937921845424	2.0	trials	2.0	1.0	1.0	0.0	10000.0	1.0	True	40.0	0.0	0.005	[9658503.086922918, 9658792.085987289, 9659083.085045185, 9659371.084112795, 9659661.083173929, 9659951.082235064, 9660240.081299435, 9660531.080357332, 9660819.079424942, 9661110.078482838, 9661399.077547211, 9661689.076608343, 9661978.075672716, 9662268.07473385, 9662558.073794983, 9662848.072856119, 9663137.07192049, 9663427.070981625, 9663716.070045996, 9664006.06910713]	0.0	0.0	0.0
841.5760741896231	2.0	trials	2.0	1.0	1.0	0.0	10000.0	1.0	True	40.0	0.0	0.005	[9748575.795314478, 9748865.794375613, 9749154.793439984, 9749443.792504355, 9749733.79156549, 9750023.790626625, 9750312.789690996, 9750602.788752131, 9750891.787816502, 9751182.786874399, 9751471.785938771, 9751761.784999907, 9752050.784064278, 9752340.783125412, 9752630.782186547, 9752919.781250918, 9753209.780312052, 9753499.779373188, 9753788.778437559, 9754078.777498692]	0.0	0.0	0.0
850.4983141041221	2.0	trials	2.0	1.0	1.0	0.0	10000.0	1.0	True	40.0	0.0	0.005	[9851842.460990889, 9852131.460055262, 9852422.459113158, 9852710.458180767, 9853000.457241902, 9853290.456303036, 9853579.455367407, 9853870.454425305, 9854160.453486439, 9854448.452554049, 9854738.451615183, 9855027.450679554, 9855317.44974069, 9855607.448801823, 9855896.447866194, 9856187.44692409, 9856476.445988463, 9856766.445049597, 9857055.44411397, 9857344.44317834]	0.0	0.0	0.0
857.3504167206324	2.0	trials	2.0	1.0	1.0	0.0	10000.0	1.0	True	40.0	0.0	0.005	[9931148.204240266, 9931438.2033014, 9931729.202359298, 9932018.201423671, 9932306.20049128, 9932597.199549176, 9932886.198613547, 9933176.197674682, 9933466.196735816, 9933756.195796952, 9934045.194861323, 9934334.193925694, 9934624.192986827, 9934914.192047963, 9935204.191109098, 9935493.19017347, 9935783.189234603, 9936072.188298974, 9936362.18736011, 9936652.186421243]	0.0	0.0	0.0
867.4120961462279	2.0	trials	2.0	1.0	1.0	0.0	10000.0	1.0	True	40.0	0.0	0.005	[10047602.827220952, 10047892.826282088, 10048181.825346459, 10048471.824407594, 10048761.823468726, 10049051.822529862, 10049339.82159747, 10049629.820658606, 10049919.81971974, 10050209.818780873, 10050498.817845246, 10050789.816903142, 10051078.815967515, 10051368.815028649, 10051657.81409302, 10051947.813154154, 10052236.812218526, 10052526.811279662, 10052816.810340796, 10053105.809405167]	0.0	0.0	0.0
875.5841272895069	2.0	trials	2.0	1.0	1.0	0.0	10000.0	1.0	True	40.0	0.0	0.005	[10142187.521005059, 10142476.520069432, 10142766.519130565, 10143056.5181917, 10143346.517252833, 10143635.516317206, 10143925.515378341, 10144214.514442712, 10144504.513503846, 10144793.512568217, 10145082.51163259, 10145373.510690488, 10145663.509751622, 10145952.508815993, 10146241.507880364, 10146531.5069415, 10146822.505999396, 10147110.505067006, 10147401.504124902, 10147690.503189273]	0.0	0.0	0.0
882.3366110285306	2.0	trials	2.0	1.0	1.0	0.0	10000.0	1.0	True	40.0	0.0	0.005	[10220341.267984, 10220631.267045135, 10220920.266109506, 10221210.26517064, 10221499.264235012, 10221789.263296146, 10222079.26235728, 10222370.261415178, 10222658.260482786, 10222948.25954392, 10223237.258608293, 10223527.257669427, 10223817.256730562, 10224106.255794933, 10224396.254856067, 10224685.25392044, 10224975.252981575, 10225265.252042707, 10225555.251103843, 10225844.250168214]	0.0	0.0	0.0
891.0326564753278	2.0	trials	2.0	1.0	1.0	0.0	10000.0	1.0	True	40.0	0.0	0.005	[10320988.942139339, 10321278.941200472, 10321569.940258369, 10321857.939325979, 10322147.938387113, 10322438.937445011, 10322726.93651262, 10323017.935570516, 10323305.934638126, 10323595.93369926, 10323886.932757158, 10324175.931821529, 10324464.9308859, 10324754.929947035, 10325043.929011408, 10325333.928072542, 10325622.927136913, 10325913.92619481, 10326203.925255943, 10326492.924320316]	0.0	0.0	0.0
898.0720736854126	2.0	trials	2.0	1.0	1.0	0.0	10000.0	1.0	True	40.0	0.0	0.005	[10402464.67836341, 10402754.677424544, 10403043.676488917, 10403332.67555329, 10403622.674614424, 10403911.673678795, 10404202.672736691, 10404490.671804301, 10404781.670862198, 10405070.66992657, 10405360.668987704, 10405651.6680456, 10405939.66711321, 10406229.666174345, 10406518.665238718, 10406808.664299851, 10407098.663360985, 10407387.662425356, 10407676.661489729, 10407967.660547625]	0.0	0.0	0.0
904.3904852297327	2.0	trials	2.0	1.0	1.0	0.0	10000.0	1.0	True	40.0	0.0	0.005	[10475593.441610629, 10475883.440671762, 10476172.439736132, 10476463.43879403, 10476751.43786164, 10477041.436922774, 10477331.43598391, 10477621.435045043, 10477910.434109414, 10478200.433170548, 10478490.432231683, 10478780.431292817, 10479069.43035719, 10479358.42942156, 10479648.428482695, 10479938.427543828, 10480227.426608201, 10480517.425669337, 10480807.42473047, 10481096.423794841]	0.0	0.0	0.0
915.304065897322	2.0	trials	2.0	1.0	1.0	0.0	10000.0	1.0	True	40.0	0.0	0.005	[10601908.03266988, 10602198.031731015, 10602489.030788912, 10602778.029853282, 10603068.028914416, 10603357.027978789, 10603647.027039925, 10603936.026104296, 10604226.02516543, 10604515.024229802, 10604805.023290936, 10605095.022352071, 10605385.021413205, 10605674.020477576, 10605963.019541947, 10606254.018599844, 10606542.017667456, 10606832.01672859, 10607122.015789723, 10607412.014850857]	0.0	0.0	0.0
924.2028050879039	2.0	trials	2.0	1.0	1.0	0.0	10000.0	1.0	True	40.0	0.0	0.005	[10704903.699223645, 10705193.698284779, 10705482.69734915, 10705771.696413523, 10706062.695471419, 10706351.694535792, 10706640.693600163, 10706930.692661297, 10707221.691719195, 10707509.690786805, 10707800.689844701, 10708089.688909074, 10708378.687973443, 10708669.687031342, 10708958.686095713, 10709247.685160086, 10709537.684221221, 10709826.68328559, 10710116.682346724, 10710406.68140786]	0.0	0.0	0.0
934.0846002958696	2.0	trials	2.0	1.0	1.0	0.0	10000.0	1.0	True	40.0	0.0	0.005	[10819275.328947976, 10819565.32800911, 10819855.327070246, 10820144.326134618, 10820434.32519575, 10820723.324260123, 10821013.323321257, 10821303.32238239, 10821592.321446763, 10821882.320507899, 10822171.31957227, 10822461.318633404, 10822751.317694537, 10823041.316755673, 10823330.315820046, 10823619.314884417, 10823909.31394555, 10824199.313006684, 10824489.312067818, 10824778.31113219]	0.0	0.0	0.0
942.7483322472809	2.0	trials	2.0	1.0	1.0	0.0	10000.0	1.0	True	40.0	0.0	0.005	[10919550.004310891, 10919840.003372027, 10920130.002433158, 10920420.001494294, 10920709.000558665, 10920997.999623038, 10921287.998684173, 10921577.997745305, 10921866.996809678, 10922156.995870812, 10922446.994931947, 10922735.993996318, 10923025.993057452, 10923314.992121825, 10923604.99118296, 10923894.990244094, 10924183.989308465, 10924473.988369599, 10924763.987430733, 10925053.986491868]	0.0	0.0	0.0
949.9970959796123	2.0	trials	2.0	1.0	1.0	0.0	10000.0	1.0	True	40.0	0.0	0.005	[11003447.732693816, 11003737.73175495, 11004027.730816085, 11004316.729880458, 11004606.728941591, 11004896.728002725, 11005185.727067096, 11005474.726131469, 11005765.725189365, 11006054.724253738, 11006343.72331811, 11006633.722379243, 11006923.721440377, 11007212.72050475, 11007502.719565885, 11007792.718627019, 11008082.717688153, 11008371.716752524, 11008661.71581366, 11008951.714874793]	0.0	0.0	0.0
957.2805923994971	2.0	trials	2.0	1.0	1.0	0.0	10000.0	1.0	True	40.0	0.0	0.005	[11087747.45977528, 11088036.458839651, 11088326.457900785, 11088617.456958681, 11088905.456026291, 11089195.455087427, 11089484.454151798, 11089775.453209694, 11090064.452274065, 11090354.451335201, 11090644.450396335, 11090933.449460708, 11091222.448525079, 11091513.447582975, 11091802.446647346, 11092092.445708482, 11092381.444772854, 11092671.44383399, 11092961.442895124, 11093250.441959493]	0.0	0.0	0.0
966.3703613716256	2.0	trials	2.0	1.0	1.0	0.0	10000.0	1.0	True	40.0	0.0	0.005	[11192954.119171003, 11193243.118235376, 11193533.11729651, 11193823.116357643, 11194112.115422014, 11194401.114486387, 11194691.113547523, 11194981.112608656, 11195271.11166979, 11195561.110730924, 11195851.109792057, 11196140.10885643, 11196430.107917566, 11196720.1069787, 11197009.10604307, 11197299.105104206, 11197588.104168577, 11197878.10322971, 11198167.102294084, 11198457.10135522]	0.0	0.0	0.0
976.6546928763912	2.0	trials	2.0	1.0	1.0	0.0	10000.0	1.0	True	40.0	0.0	0.005	[11311984.733811973, 11312274.732873106, 11312564.73193424, 11312854.730995374, 11313143.730059747, 11313433.72912088, 11313723.728182016, 11314012.727246387, 11314301.726310758, 11314592.725368656, 11314881.724433027, 11315171.723494163, 11315460.722558534, 11315750.721619667, 11316039.720684038, 11316329.719745174, 11316618.718809545, 11316909.717867441, 11317198.716931814, 11317488.71599295]	0.0	0.0	0.0
987.2326106306799	2.0	trials	2.0	1.0	1.0	0.0	10000.0	1.0	True	40.0	0.0	0.005	[11434415.33744555, 11434704.336509923, 11434994.335571056, 11435283.334635427, 11435573.333696561, 11435863.332757695, 11436153.33181883, 11436441.33088644, 11436731.329947574, 11437022.32900547, 11437310.32807308, 11437600.327134214, 11437890.32619535, 11438180.325256484, 11438470.324317617, 11438759.323381988, 11439048.322446361, 11439338.321507497, 11439627.320571868, 11439917.319633001]	0.0	0.0	0.0
993.5141294944392	2.0	trials	2.0	1.0	1.0	0.0	10000.0	1.0	True	40.0	0.0	0.005	[11507117.102075165, 11507407.101136299, 11507696.10020067, 11507986.099261805, 11508276.09832294, 11508566.097384073, 11508856.096445208, 11509145.095509581, 11509434.094573952, 11509724.093635086, 11510014.09269622, 11510304.091757353, 11510593.090821726, 11510883.08988286, 11511173.088943996, 11511462.088008367, 11511751.08707274, 11512041.086133873, 11512331.085195007, 11512621.08425614]	0.0	0.0	0.0
1002.4661773124358	2.0	trials	2.0	1.0	1.0	0.0	10000.0	1.0	True	40.0	0.0	0.005	[11610729.766631411, 11611019.765692547, 11611308.764756918, 11611598.763818052, 11611887.762882423, 11612177.761943558, 11612467.761004692, 11612757.760065828, 11613046.7591302, 11613335.75819457, 11613625.757255705, 11613914.756320078, 11614204.755381212, 11614495.754439108, 11614783.753506716, 11615073.752567852, 11615363.751628986, 11615652.750693358, 11615942.749754494, 11616232.748815626]	0.0	0.0	0.0
1013.0993044879856	2.0	trials	2.0	1.0	1.0	0.0	10000.0	1.0	True	40.0	0.0	0.005	[11733798.368199486, 11734087.367263857, 11734377.366324991, 11734666.365389364, 11734955.364453735, 11735245.36351487, 11735535.362576002, 11735825.361637138, 11736115.360698272, 11736405.359759407, 11736694.358823778, 11736983.35788815, 11737273.356949285, 11737562.356013658, 11737852.355074791, 11738141.354139162, 11738431.353200296, 11738721.35226143, 11739011.351322565, 11739301.3503837]	0.0	0.0	0.0
1023.797058654307	2.0	trials	2.0	1.0	1.0	0.0	10000.0	1.0	True	40.0	0.0	0.005	[11857613.967349168, 11857904.966407066, 11858192.965474676, 11858482.96453581, 11858772.963596944, 11859062.962658077, 11859352.961719211, 11859640.960786821, 11859931.95984472, 11860220.958909089, 11860509.957973462, 11860799.957034595, 11861089.956095729, 11861378.955160104, 11861668.954221237, 11861958.953282371, 11862247.952346744, 11862537.951407878, 11862827.950469013, 11863116.949533382]	0.0	0.0	0.0
1031.8962548333868	2.0	trials	2.0	1.0	1.0	0.0	10000.0	1.0	True	40.0	0.0	0.005	[11951355.66386246, 11951645.662923593, 11951933.661991205, 11952224.6610491, 11952513.660113474, 11952803.659174608, 11953093.658235742, 11953382.657300115, 11953671.656364484, 11953961.65542562, 11954251.654486753, 11954541.653547887, 11954830.652612261, 11955120.651673393, 11955410.650734527, 11955700.649795664, 11955989.648860035, 11956278.647924408, 11956568.646985542, 11956858.646046676]	0.0	0.0	0.0
1038.0527533018962	2.0	trials	2.0	1.0	1.0	0.0	10000.0	1.0	True	40.0	0.0	0.005	[12022610.433176694, 12022900.432237824, 12023189.431302197, 12023480.430360096, 12023768.429427704, 12024058.42848884, 12024348.427549973, 12024638.426611107, 12024927.42567548, 12025217.424736613, 12025507.423797747, 12025797.42285888, 12026086.421923252, 12026375.420987625, 12026665.420048762, 12026955.419109896, 12027244.418174267, 12027534.4172354, 12027825.416293297, 12028114.415357668]	0.0	0.0	0.0
1044.975530889598	2.0	trials	2.0	1.0	1.0	0.0	10000.0	1.0	True	40.0	0.0	0.005	[12102736.173771346, 12103026.17283248, 12103316.171893617, 12103605.170957986, 12103894.170022357, 12104184.169083491, 12104474.168144627, 12104764.167205762, 12105053.166270131, 12105343.165331265, 12105632.16439564, 12105922.163456773, 12106212.162517907, 12106501.16158228, 12106791.160643414, 12107081.159704547, 12107370.15876892, 12107660.157830054, 12107949.156894425, 12108239.155955559]	0.0	0.0	0.0
1054.8911083881949	2.0	trials	2.0	1.0	1.0	0.0	10000.0	1.0	True	40.0	0.0	0.005	[12217498.80222983, 12217787.801294198, 12218077.800355332, 12218367.79941647, 12218656.798480839, 12218946.797541972, 12219236.796603108, 12219525.795667479, 12219816.794725375, 12220104.793792987, 12220395.792850882, 12220685.791912016, 12220974.790976388, 12221263.79004076, 12221553.789101897, 12221843.78816303, 12222132.7872274, 12222422.786288535, 12222711.785352906, 12223001.784414042]	0.0	0.0	0.0
1065.6999725948006	2.0	trials	2.0	1.0	1.0	0.0	10000.0	1.0	True	40.0	0.0	0.005	[12342601.397212893, 12342891.396274026, 12343180.395338396, 12343470.394399533, 12343759.393463902, 12344050.3925218, 12344339.391586173, 12344629.390647307, 12344918.389711676, 12345208.388772812, 12345499.38783071, 12345787.38689832, 12346077.385959454, 12346367.385020586, 12346656.38408496, 12346946.383146094, 12347235.382210463, 12347525.3812716, 12347815.380332734, 12348105.379393868]	0.0	0.0	0.0
1072.870112581674	2.0	trials	2.0	1.0	1.0	0.0	10000.0	1.0	True	40.0	0.0	0.005	[12425590.128538674, 12425880.127599807, 12426168.12666742, 12426459.125725318, 12426749.124786448, 12427037.123854058, 12427327.122915192, 12427617.121976325, 12427907.121037463, 12428197.120098596, 12428486.119162966, 12428775.11822734, 12429066.117285237, 12429355.116349608, 12429644.11541398, 12429935.114471875, 12430224.113536248, 12430514.112597384, 12430804.111658517, 12431093.11072289]	0.0	0.0	0.0
1079.6625129914685	2.0	trials	2.0	1.0	1.0	0.0	10000.0	1.0	True	40.0	0.0	0.005	[12504205.874021905, 12504495.873083038, 12504785.872144174, 12505074.871208543, 12505364.870269677, 12505653.869334051, 12505942.868398422, 12506233.867456323, 12506522.866520692, 12506812.865581825, 12507102.864642963, 12507391.863707332, 12507681.862768466, 12507970.861832837, 12508259.86089721, 12508549.859958345, 12508839.859019479, 12509129.858080612, 12509418.857144985, 12509708.856206119]	0.0	0.0	0.0
1088.1349559621724	2.0	trials	2.0	1.0	1.0	0.0	10000.0	1.0	True	40.0	0.0	0.005	[12602266.556552574, 12602555.555616947, 12602845.55467808, 12603135.553739214, 12603424.552803585, 12603713.551867958, 12604003.55092909, 12604293.549990226, 12604582.549054598, 12604873.548112493, 12605162.547176868, 12605451.546241237, 12605741.545302374, 12606031.544363508, 12606320.543427877, 12606611.542485775, 12606901.541546911, 12607190.540611282, 12607480.539672418, 12607769.538736787]	0.0	0.0	0.0
1097.9027035393642	2.0	trials	2.0	1.0	1.0	0.0	10000.0	1.0	True	40.0	0.0	0.005	[12715318.190550363, 12715609.189608261, 12715898.18867263, 12716188.187733766, 12716478.1867949, 12716767.185859269, 12717056.184923643, 12717346.183984779, 12717636.183045909, 12717926.182107046, 12718216.18116818, 12718505.180232555, 12718795.179293688, 12719085.178354822, 12719374.177419193, 12719664.176480327, 12719954.17554146, 12720243.174605833, 12720532.173670202, 12720822.172731336]	0.0	0.0	0.0
1108.1146320785326	2.0	trials	2.0	1.0	1.0	0.0	10000.0	1.0	True	40.0	0.0	0.005	[12833512.807897853, 12833802.806958986, 12834091.80602336, 12834382.805081258, 12834670.804148866, 12834960.803210001, 12835249.80227437, 12835539.801335504, 12835829.800396642, 12836119.799457775, 12836408.798522145, 12836698.797583282, 12836988.796644416, 12837277.795708787, 12837567.79476992, 12837857.793831054, 12838146.792895429, 12838436.791956563, 12838725.791020934, 12839015.79008207]	0.0	0.0	0.0
1118.1752747074847	2.0	trials	2.0	1.0	1.0	0.0	10000.0	1.0	True	40.0	0.0	0.005	[12949954.430920625, 12950244.429981759, 12950534.429042893, 12950824.42810403, 12951114.427165164, 12951403.426229533, 12951693.42529067, 12951981.424358277, 12952271.423419414, 12952562.422477312, 12952851.421541682, 12953140.420606053, 12953430.419667186, 12953720.418728322, 12954010.417789457, 12954299.416853826, 12954588.415918201, 12954878.414979335, 12955169.414037231, 12955458.413101606]	0.0	0.0	0.0
1129.201088611722	2.0	trials	2.0	1.0	1.0	0.0	10000.0	1.0	True	40.0	0.0	0.005	[13077569.017771171, 13077859.016832305, 13078148.015896678, 13078438.014957812, 13078727.01402218, 13079017.013083318, 13079307.012144452, 13079596.011208827, 13079886.010269957, 13080176.00933109, 13080465.008395465, 13080755.007456599, 13081044.00652097, 13081334.005582105, 13081624.00464324, 13081914.003704373, 13082203.002768746, 13082493.00182988, 13082782.00089425, 13083071.999955384]	0.0	0.0	0.0
1137.5090265150066	2.0	trials	2.0	1.0	1.0	0.0	10000.0	1.0	True	40.0	0.0	0.005	[13173725.706465976, 13174015.705527112, 13174304.704591485, 13174594.703652618, 13174884.702713756, 13175174.701774886, 13175462.700842496, 13175752.69990363, 13176042.698964763, 13176332.6980259, 13176621.69709027, 13176911.696151404, 13177200.695215778, 13177490.694276912, 13177780.693338046, 13178069.692402419, 13178359.691463552, 13178649.690524688, 13178938.689589057, 13179228.688650193]	0.0	0.0	0.0
1144.8406475790896	2.0	trials	2.0	1.0	1.0	0.0	10000.0	1.0	True	40.0	0.0	0.005	[13258581.43174741, 13258870.43081178, 13259160.429872913, 13259450.42893405, 13259740.427995184, 13260029.427059554, 13260319.42612069, 13260608.425185062, 13260899.424242957, 13261188.423307331, 13261478.422368467, 13261767.421432838, 13262057.420493972, 13262346.41955834, 13262636.418619478, 13262925.41768385, 13263215.416744981, 13263505.415806117, 13263795.414867252, 13264084.413931627]	0.0	0.0	0.0
1152.1680350568786	2.0	trials	2.0	1.0	1.0	0.0	10000.0	1.0	True	40.0	0.0	0.005	[13343389.15718424, 13343679.156245373, 13343969.155306505, 13344258.15437088, 13344549.153428776, 13344838.15249315, 13345128.151554285, 13345418.150615418, 13345707.14967979, 13345997.148740923, 13346286.147805292, 13346575.146869669, 13346865.145930799, 13347155.144991932, 13347445.14405307, 13347735.143114204, 13348024.142178578, 13348313.141242947, 13348603.140304081, 13348893.139365217]	0.0	0.0	0.0
1158.808631158135	2.0	trials	2.0	1.0	1.0	0.0	10000.0	1.0	True	40.0	0.0	0.005	[13420247.908355698, 13420538.907413596, 13420827.90647797, 13421116.90554234, 13421407.904600237, 13421696.90366461, 13421985.90272898, 13422275.901790118, 13422565.900851252, 13422854.89991562, 13423144.898976756, 13423434.89803789, 13423724.897099024, 13424013.896163397, 13424303.89522453, 13424592.894288903, 13424882.893350037, 13425171.892414408, 13425462.891472304, 13425751.890536679]	0.0	0.0	0.0
1168.7924644357556	2.0	trials	2.0	1.0	1.0	0.0	10000.0	1.0	True	40.0	0.0	0.005	[13535802.534250107, 13536092.53331124, 13536381.532375613, 13536671.531436747, 13536960.530501118, 13537250.529562255, 13537539.528626624, 13537829.52768776, 13538119.526748894, 13538409.525810027, 13538698.5248744, 13538987.523938773, 13539277.522999903, 13539568.522057805, 13539856.521125412, 13540147.520183308, 13540435.519250918, 13540726.518308816, 13541015.517373187, 13541305.516434321]	0.0	0.0	0.0
1177.642906182699	2.0	trials	2.0	1.0	1.0	0.0	10000.0	1.0	True	40.0	0.0	0.005	[13638237.20262009, 13638527.201681225, 13638816.200745597, 13639106.199806731, 13639396.198867867, 13639685.197932236, 13639975.19699337, 13640264.196057744, 13640555.19511564, 13640843.19418325, 13641133.193244385, 13641424.19230228, 13641713.191366652, 13642003.19042779, 13642293.189488923, 13642582.188553294, 13642871.187617663, 13643161.186678797, 13643450.185743172, 13643741.184801068]	0.0	0.0	0.0
1188.142804989572	2.0	trials	2.0	1.0	1.0	0.0	10000.0	1.0	True	40.0	0.0	0.005	[13759765.809173863, 13760053.808241475, 13760344.80729937, 13760633.806363745, 13760923.805424878, 13761212.804489248, 13761502.803550385, 13761791.802614754, 13762081.801675888, 13762371.800737023, 13762661.799798157, 13762950.79886253, 13763239.797926903, 13763529.796988036, 13763819.796049172, 13764108.795113541, 13764398.794174675, 13764688.793235812, 13764977.792300181, 13765268.79135808]	0.0	0.0	0.0
1197.4725923846472	2.0	trials	2.0	1.0	1.0	0.0	10000.0	1.0	True	40.0	0.0	0.005	[13867747.459585615, 13868036.45864999, 13868327.457707884, 13868615.456775494, 13868906.45583339, 13869196.454894524, 13869485.453958895, 13869774.453023268, 13870064.452084402, 13870353.451148774, 13870644.450206673, 13870933.449271042, 13871223.448332177, 13871513.447393311, 13871802.44645768, 13872092.445518818, 13872382.444579951, 13872671.443644326, 13872960.442708695, 13873250.441769829]	0.0	0.0	0.0
1207.8540371750116	2.0	trials	2.0	1.0	1.0	0.0	10000.0	1.0	True	40.0	0.0	0.005	[13987903.070584433, 13988193.069645567, 13988483.0687067, 13988772.067771073, 13989061.066835444, 13989352.065893343, 13989641.064957712, 13989931.064018846, 13990220.06308322, 13990510.062144354, 13990799.061208727, 13991090.060266625, 13991379.059330994, 13991668.058395367, 13991958.0574565, 13992248.056517635, 13992537.055582006, 13992826.054646378, 13993117.053704273, 13993406.052768648]	0.0	0.0	0.0
1215.1191304544764	2.0	trials	2.0	1.0	1.0	0.0	10000.0	1.0	True	40.0	0.0	0.005	[14071989.798355477, 14072279.797416609, 14072569.796477744, 14072859.795538878, 14073148.79460325, 14073437.793667624, 14073726.792731993, 14074017.791789893, 14074306.790854262, 14074597.78991216, 14074886.788976533, 14075176.788037667, 14075465.787102036, 14075755.786163172, 14076044.785227545, 14076334.784288678, 14076624.783349816, 14076913.782414185, 14077203.78147532, 14077492.78053969]	0.0	0.0	0.0
1221.6047254575446	2.0	trials	2.0	1.0	1.0	0.0	10000.0	1.0	True	40.0	0.0	0.005	[14147055.555331718, 14147344.554396087, 14147633.553460462, 14147923.552521596, 14148212.551585969, 14148503.550643863, 14148792.549708236, 14149081.548772609, 14149372.547830507, 14149661.546894876, 14149950.545959247, 14150241.545017146, 14150531.54407828, 14150820.543142652, 14151110.542203786, 14151399.541268155, 14151689.540329292, 14151978.539393663, 14152267.538458036, 14152557.53751917]	0.0	0.0	0.0
1229.8428523868404	2.0	trials	2.0	1.0	1.0	0.0	10000.0	1.0	True	40.0	0.0	0.005	[14242404.2466424, 14242694.245703535, 14242983.244767904, 14243273.243829038, 14243562.24289341, 14243852.241954545, 14244141.24101892, 14244431.24008005, 14244721.239141185, 14245010.23820556, 14245300.237266693, 14245590.236327827, 14245880.235388963, 14246169.234453332, 14246459.23351447, 14246748.232578838, 14247037.231643213, 14247328.230701108, 14247617.229765479, 14247907.228826612]	0.0	0.0	0.0
1236.1489951708802	2.0	trials	2.0	1.0	1.0	0.0	10000.0	1.0	True	40.0	0.0	0.005	[14315391.010349335, 14315681.00941047, 14315971.008471604, 14316260.007535974, 14316551.006593872, 14316840.005658245, 14317130.004719378, 14317420.003780514, 14317709.002844883, 14317998.00190926, 14318287.000973629, 14318578.000031527, 14318867.99909266, 14319156.998157032, 14319446.997218166, 14319735.996282538, 14320024.99534691, 14320314.994408041, 14320604.993469179, 14320894.992530312]	0.0	0.0	0.0
1246.87966763063	2.0	trials	2.0	1.0	1.0	0.0	10000.0	1.0	True	40.0	0.0	0.005	[14439588.60826231, 14439878.607323444, 14440167.606387813, 14440457.60544895, 14440746.60451332, 14441037.603571218, 14441326.602635588, 14441616.601696722, 14441905.600761095, 14442196.599818993, 14442484.5988866, 14442774.597947737, 14443064.59700887, 14443353.59607324, 14443643.595134377, 14443932.594198747, 14444222.593259882, 14444512.592321016, 14444802.59138215, 14445092.590443283]	0.0	0.0	0.0
1256.5477099306147	2.0	trials	2.0	1.0	1.0	0.0	10000.0	1.0	True	40.0	0.0	0.005	[14551488.24598966, 14551778.245050794, 14552066.244118406, 14552356.24317954, 14552647.242237434, 14552936.241301807, 14553226.240362942, 14553515.239427311, 14553804.238491684, 14554095.237549582, 14554385.236610716, 14554673.235678324, 14554964.23473622, 14555254.233797355, 14555543.232861727, 14555832.2319261, 14556122.230987234, 14556413.230045132, 14556701.229112739, 14556991.228173876]	0.0	0.0	0.0
1265.8249662957578	2.0	trials	2.0	1.0	1.0	0.0	10000.0	1.0	True	40.0	0.0	0.005	[14658862.898366554, 14659153.89742445, 14659441.896492058, 14659731.895553192, 14660021.894614326, 14660310.893678699, 14660601.892736597, 14660890.891800968, 14661180.890862102, 14661469.889926475, 14661759.888987608, 14662049.888048742, 14662338.887113115, 14662627.886177484, 14662917.88523862, 14663207.884299753, 14663497.883360887, 14663786.882425262, 14664076.881486397, 14664366.880547527]	0.0	0.0	0.0
1276.049077195486	2.0	trials	2.0	1.0	1.0	0.0	10000.0	1.0	True	40.0	0.0	0.005	[14777197.515260799, 14777487.514321934, 14777777.513383068, 14778067.512444202, 14778356.511508575, 14778645.510572944, 14778935.50963408, 14779225.508695213, 14779515.507756347, 14779804.506820722, 14780095.505878618, 14780383.504946226, 14780673.504007362, 14780963.503068496, 14781253.50212963, 14781543.501190767, 14781832.500255136, 14782122.49931627, 14782411.49838064, 14782701.497441774]	0.0	0.0	0.0
1285.9249972224727	2.0	trials	2.0	1.0	1.0	0.0	10000.0	1.0	True	40.0	0.0	0.005	[14891503.145198803, 14891792.144263173, 14892081.14332755, 14892372.142385444, 14892661.141449817, 14892951.14051095, 14893240.139575321, 14893530.138636455, 14893819.137700828, 14894109.136761962, 14894398.135826334, 14894688.134887468, 14894977.133951839, 14895267.133012976, 14895557.13207411, 14895847.131135244, 14896136.130199615, 14896427.129257511, 14896717.128318645, 14897006.12738302]	0.0	0.0	0.0
1293.8450867814051	2.0	trials	2.0	1.0	1.0	0.0	10000.0	1.0	True	40.0	0.0	0.005	[14983170.848426605, 14983459.847490974, 14983749.846552111, 14984038.84561648, 14984328.844677614, 14984618.84373875, 14984908.842799883, 14985197.841864256, 14985487.84092539, 14985776.839989763, 14986066.839050898, 14986356.838112032, 14986646.837173166, 14986936.8362343, 14987225.835298672, 14987515.834359806, 14987804.833424177, 14988094.83248531, 14988384.831546444, 14988674.830607582]	0.0	0.0	0.0
1302.7433939733858	2.0	trials	2.0	1.0	1.0	0.0	10000.0	1.0	True	40.0	0.0	0.005	[15086160.514999792, 15086449.514064165, 15086740.51312206, 15087028.512189671, 15087318.511250805, 15087608.51031194, 15087898.509373074, 15088187.508437444, 15088477.507498581, 15088767.506559715, 15089057.505620848, 15089346.50468522, 15089636.503746353, 15089925.502810728, 15090215.50187186, 15090504.500936233, 15090794.499997368, 15091084.499058502, 15091373.498122875, 15091663.497184008]	0.0	0.0	0.0
1313.687214543074	2.0	trials	2.0	1.0	1.0	0.0	10000.0	1.0	True	40.0	0.0	0.005	[15212824.104929168, 15213115.103987066, 15213403.103054678, 15213694.102112573, 15213982.101180183, 15214273.10023808, 15214562.09930245, 15214853.098360347, 15215143.097421482, 15215432.096485855, 15215722.095546985, 15216011.09461136, 15216301.093672493, 15216590.092736866, 15216879.09180124, 15217170.090859134, 15217459.089923507, 15217748.088987878, 15218039.088045774, 15218328.087110149]	0.0	0.0	0.0
1324.0070563328766	2.0	trials	2.0	1.0	1.0	0.0	10000.0	1.0	True	40.0	0.0	0.005	[15332266.718236303, 15332557.7172942, 15332845.71636181, 15333135.715422943, 15333425.714484077, 15333714.713548448, 15334005.712606346, 15334295.711667478, 15334583.710735088, 15334873.709796222, 15335163.708857356, 15335453.707918493, 15335743.706979627, 15336032.706043996, 15336322.705105131, 15336611.704169504, 15336902.703227399, 15337191.702291772, 15337480.701356145, 15337769.700420516]	0.0	0.0	0.0
1331.0692830691157	2.0	trials	2.0	1.0	1.0	0.0	10000.0	1.0	True	40.0	0.0	0.005	[15414006.45360568, 15414296.452666817, 15414585.451731188, 15414876.450789085, 15415164.449856695, 15415454.448917829, 15415743.4479822, 15416033.447043333, 15416323.446104467, 15416613.445165604, 15416902.444229977, 15417192.443291107, 15417482.442352245, 15417771.441416616, 15418060.440480988, 15418350.439542122, 15418640.438603256, 15418930.437664391, 15419219.436728762, 15419510.435786659]	0.0	0.0	0.0
1339.43502238527	2.0	trials	2.0	1.0	1.0	0.0	10000.0	1.0	True	40.0	0.0	0.005	[15510831.14013786, 15511121.139198994, 15511411.13826013, 15511701.137321264, 15511990.136385636, 15512279.135450007, 15512569.134511141, 15512858.133575514, 15513147.132639887, 15513438.131697781, 15513728.130758917, 15514018.12982005, 15514306.128887663, 15514596.127948796, 15514887.127006691, 15515175.126074301, 15515466.125132198, 15515755.124196569, 15516045.123257702, 15516335.12231884]	0.0	0.0	0.0
1346.5969543987162	2.0	trials	2.0	1.0	1.0	0.0	10000.0	1.0	True	40.0	0.0	0.005	[15593724.871771205, 15594014.870832339, 15594303.86989671, 15594592.86896108, 15594883.868018977, 15595172.86708335, 15595461.866147723, 15595751.865208859, 15596041.864269992, 15596331.863331124, 15596620.862395499, 15596910.861456633, 15597199.860521002, 15597490.859578902, 15597779.858643271, 15598069.857704405, 15598358.856768778, 15598648.855829911, 15598938.854891045, 15599227.853955418]	0.0	0.0	0.0
1353.076587821085	2.0	trials	2.0	1.0	1.0	0.0	10000.0	1.0	True	40.0	0.0	0.005	[15668721.62897083, 15669010.628035204, 15669299.627099574, 15669588.626163948, 15669879.625221843, 15670168.624286212, 15670458.623347346, 15670747.622411722, 15671037.621472856, 15671326.620537227, 15671616.61959836, 15671906.618659494, 15672196.617720632, 15672485.616785001, 15672775.615846135, 15673064.614910508, 15673354.613971641, 15673644.613032775, 15673934.61209391, 15674223.611158283]	0.0	0.0	0.0
1360.7088799117541	2.0	trials	2.0	1.0	1.0	0.0	10000.0	1.0	True	40.0	0.0	0.005	[15757057.342985874, 15757346.342050243, 15757635.341114618, 15757925.340175752, 15758215.339236885, 15758504.338301258, 15758795.337359155, 15759084.336423526, 15759374.335484661, 15759663.33454903, 15759953.333610168, 15760242.332674539, 15760532.33173567, 15760821.330800045, 15761111.329861179, 15761400.328925552, 15761691.327983448, 15761980.32704782, 15762269.32611219, 15762560.325170089]	0.0	0.0	0.0
1370.1177230508888	2.0	trials	2.0	1.0	1.0	0.0	10000.0	1.0	True	40.0	0.0	0.005	[15865954.990432102, 15866244.989493236, 15866534.988554373, 15866823.987618743, 15867114.98667664, 15867403.985741014, 15867692.984805383, 15867982.983866518, 15868272.982927652, 15868562.981988786, 15868851.98105316, 15869140.980117531, 15869430.979178665, 15869720.9782398, 15870009.97730417, 15870299.976365304, 15870589.975426441, 15870878.97449081, 15871169.973548708, 15871457.972616319]	0.0	0.0	0.0
1380.328701193134	2.0	trials	2.0	1.0	1.0	0.0	10000.0	1.0	True	40.0	0.0	0.005	[15984138.607815206, 15984428.606876343, 15984717.605940713, 15985007.605001848, 15985297.604062982, 15985586.603127351, 15985876.602188488, 15986165.601252861, 15986455.600313995, 15986744.599378366, 15987034.5984395, 15987324.597500633, 15987613.596565006, 15987903.59562614, 15988193.594687276, 15988483.59374841, 15988773.592809543, 15989062.591873916, 15989351.590938289, 15989642.589996183]	0.0	0.0	0.0
1387.10321686083	2.0	trials	2.0	1.0	1.0	0.0	10000.0	1.0	True	40.0	0.0	0.005	[16062547.35396859, 16062836.353032965, 16063125.352097336, 16063415.351158472, 16063705.350219605, 16063994.349283975, 16064284.348345112, 16064574.347406246, 16064864.34646738, 16065153.34553175, 16065443.344592886, 16065732.34365726, 16066022.342718394, 16066312.341779528, 16066601.3408439, 16066890.339908268, 16067180.338969402, 16067470.33803054, 16067760.337091673, 16068049.336156046]	0.0	0.0	0.0
1397.63283717148	2.0	trials	2.0	1.0	1.0	0.0	10000.0	1.0	True	40.0	0.0	0.005	[16184417.959415155, 16184706.958479524, 16184996.957540661, 16185285.95660503, 16185575.955666164, 16185865.9547273, 16186154.95379167, 16186444.952852804, 16186733.951917179, 16187024.950975074, 16187312.950042684, 16187602.949103817, 16187892.948164951, 16188182.947226088, 16188472.946287222, 16188762.945348356, 16189051.944412727, 16189341.94347386, 16189629.942541473, 16189919.941602606]	0.0	0.0	0.0
1407.3411417411169	2.0	trials	2.0	1.0	1.0	0.0	10000.0	1.0	True	40.0	0.0	0.005	[16296781.595640322, 16297071.594701456, 16297360.593765825, 16297650.59282696, 16297939.591891332, 16298229.590952465, 16298519.5900136, 16298808.58907797, 16299099.588135868, 16299388.587200241, 16299677.586264612, 16299967.58532575, 16300257.584386883, 16300546.583451252, 16300836.582512388, 16301125.581576759, 16301415.580637893, 16301705.579699028, 16301995.578760162, 16302284.577824535]	0.0	0.0	0.0
1416.1131325420433	2.0	trials	2.0	1.0	1.0	0.0	10000.0	1.0	True	40.0	0.0	0.005	[16398308.266949924, 16398600.266004583, 16398889.265068956, 16399178.264133329, 16399467.263197698, 16399757.262258833, 16400047.261319967, 16400337.2603811, 16400626.259445475, 16400916.25850661, 16401205.25757098, 16401495.256632116, 16401784.255696485, 16402075.254754383, 16402365.25381552, 16402653.252883125, 16402943.25194426, 16403233.251005394, 16403522.250069767, 16403813.249127662]	0.0	0.0	0.0
1424.8791617622699	2.0	trials	2.0	1.0	1.0	0.0	10000.0	1.0	True	40.0	0.0	0.005	[16499767.938476438, 16500058.937534336, 16500347.936598709, 16500636.935663082, 16500926.934724215, 16501215.933788586, 16501506.932846483, 16501795.931910858, 16502085.930971991, 16502375.930033125, 16502664.929097496, 16502953.928161867, 16503243.927223003, 16503533.926284136, 16503822.925348505, 16504112.924409643, 16504402.923470777, 16504692.92253191, 16504981.921596285, 16505271.920657419]	0.0	0.0	0.0
1433.9947642507632	2.0	trials	2.0	1.0	1.0	0.0	10000.0	1.0	True	40.0	0.0	0.005	[16605273.59690416, 16605563.595965294, 16605852.595029667, 16606142.594090803, 16606431.593155172, 16606721.592216305, 16607011.591277443, 16607300.590341812, 16607589.589406187, 16607879.58846732, 16608169.587528452, 16608459.586589588, 16608749.585650722, 16609038.584715094, 16609328.58377623, 16609617.5828406, 16609907.581901737, 16610196.580966106, 16610486.58002724, 16610776.579088377]	0.0	0.0	0.0
1440.6404579355167	2.0	trials	2.0	1.0	1.0	0.0	10000.0	1.0	True	40.0	0.0	0.005	[16682190.34788785, 16682481.346945746, 16682769.346013356, 16683059.34507449, 16683349.344135623, 16683638.343199996, 16683929.342257893, 16684218.341322264, 16684508.3403834, 16684797.339447768, 16685087.338508902, 16685376.337573277, 16685667.336631173, 16685956.335695544, 16686245.334759917, 16686535.33382105, 16686825.332882185, 16687115.331943322, 16687404.331007691, 16687694.330068827]	0.0	0.0	0.0
1447.7711132502204	2.0	trials	2.0	1.0	1.0	0.0	10000.0	1.0	True	40.0	0.0	0.005	[16764722.080693157, 16765011.079757527, 16765301.07881866, 16765591.077879798, 16765879.076947404, 16766170.0760053, 16766459.075069675, 16766748.074134044, 16767038.07319518, 16767328.072256315, 16767619.07131421, 16767907.07038182, 16768197.069442954, 16768486.068507327, 16768776.06756846, 16769066.066629594, 16769355.065693969, 16769645.064755103, 16769935.063816234, 16770225.06287737]	0.0	0.0	0.0
1457.1167981938281	2.0	trials	2.0	1.0	1.0	0.0	10000.0	1.0	True	40.0	0.0	0.005	[16872889.730502736, 16873178.729567107, 16873468.728628244, 16873757.727692615, 16874048.72675051, 16874336.72581812, 16874627.72487602, 16874915.72394363, 16875205.723004762, 16875496.72206266, 16875785.72112703, 16876074.720191404, 16876365.719249297, 16876654.71831367, 16876943.717378043, 16877233.716439176, 16877523.715500314, 16877812.71456468, 16878102.713625815, 16878392.712686952]	0.0	0.0	0.0
1467.023130922354	2.0	trials	2.0	1.0	1.0	0.0	10000.0	1.0	True	40.0	0.0	0.005	[16987545.359307628, 16987835.35836876, 16988125.357429896, 16988414.356494267, 16988704.3555554, 16988994.354616534, 16989283.35368091, 16989573.352742042, 16989863.351803176, 16990152.35086755, 16990442.349928685, 16990731.348993056, 16991022.348050952, 16991311.347115323, 16991601.346176457, 16991890.345240828, 16992180.34430196, 16992470.3433631, 16992760.342424233, 16993049.341488604]	0.0	0.0	0.0
1476.7011955898918	2.0	trials	2.0	1.0	1.0	0.0	10000.0	1.0	True	40.0	0.0	0.005	[17099559.99666267, 17099850.995720565, 17100139.99478494, 17100428.993849307, 17100718.992910445, 17101008.99197158, 17101297.99103595, 17101587.990097083, 17101877.989158217, 17102166.98822259, 17102456.987283725, 17102746.98634486, 17103036.985405993, 17103326.984467126, 17103615.9835315, 17103904.982595872, 17104194.981657006, 17104484.98071814, 17104773.97978251, 17105063.978843644]	0.0	0.0	0.0
1487.3814970127162	2.0	trials	2.0	1.0	1.0	0.0	10000.0	1.0	True	40.0	0.0	0.005	[17223174.596463084, 17223464.595524218, 17223753.594588593, 17224043.593649726, 17224333.59271086, 17224622.591775235, 17224912.59083637, 17225201.589900736, 17225492.588958632, 17225781.588023007, 17226070.587087378, 17226361.586145278, 17226650.585209645, 17226940.58427078, 17227229.583335154, 17227518.582399525, 17227808.581460662, 17228099.58051856, 17228388.579582926, 17228677.5786473]	0.0	0.0	0.0
1496.7132716013582	2.0	trials	2.0	1.0	1.0	0.0	10000.0	1.0	True	40.0	0.0	0.005	[17331182.246790662, 17331471.245855033, 17331761.244916167, 17332051.2439773, 17332340.243041676, 17332630.242102806, 17332919.24116718, 17333209.240228314, 17333500.23928621, 17333788.238353822, 17334078.237414956, 17334368.23647609, 17334658.235537224, 17334946.23460483, 17335237.23366273, 17335526.232727103, 17335815.231791474, 17336106.23084937, 17336395.22991374, 17336686.228971638]	0.0	0.0	0.0
1505.6450154850886	2.0	trials	2.0	1.0	1.0	0.0	10000.0	1.0	True	40.0	0.0	0.005	[17434558.91211095, 17434847.91117532, 17435138.910233222, 17435427.90929759, 17435716.908361964, 17436006.907423098, 17436296.90648423, 17436585.905548606, 17436874.904612977, 17437164.90367411, 17437454.902735244, 17437743.901799615, 17438034.900857516, 17438323.899921883, 17438612.898986258, 17438903.898044154, 17439192.897108525, 17439481.8961729, 17439772.895230792, 17440061.894295167]	0.0	0.0	0.0
1513.7693539827708	2.0	trials	2.0	1.0	1.0	0.0	10000.0	1.0	True	40.0	0.0	0.005	[17528590.60768538, 17528880.606746513, 17529169.605810884, 17529458.604875255, 17529748.60393639, 17530038.602997523, 17530327.602061898, 17530618.601119794, 17530908.600180928, 17531196.599248536, 17531487.598306432, 17531776.597370807, 17532065.596435174, 17532356.595493075, 17532645.594557445, 17532934.593621816, 17533225.592679713, 17533513.591747325, 17533803.59080846, 17534093.589869592]	0.0	0.0	0.0
1520.1111798512877	2.0	trials	2.0	1.0	1.0	0.0	10000.0	1.0	True	40.0	0.0	0.005	[17601991.370052002, 17602280.369116373, 17602570.36817751, 17602859.367241878, 17603149.366303016, 17603439.36536415, 17603729.364425283, 17604018.363489658, 17604307.36255403, 17604597.361615162, 17604887.360676296, 17605177.35973743, 17605466.3588018, 17605755.35786617, 17606046.356924072, 17606335.355988443, 17606624.355052814, 17606914.354113948, 17607204.353175085, 17607494.352236215]	0.0	0.0	0.0
1529.238100703138	2.0	trials	2.0	1.0	1.0	0.0	10000.0	1.0	True	40.0	0.0	0.005	[17707627.028058853, 17707916.027123224, 17708207.026181124, 17708496.02524549, 17708785.024309866, 17709075.023371, 17709365.022432134, 17709654.02149651, 17709945.0205544, 17710234.019618776, 17710523.018683147, 17710813.01774428, 17711102.01680865, 17711392.015869785, 17711682.01493092, 17711972.013992056, 17712261.013056427, 17712551.01211756, 17712841.011178695, 17713131.01023983]	0.0	0.0	0.0
1539.4012998000665	2.0	trials	2.0	1.0	1.0	0.0	10000.0	1.0	True	40.0	0.0	0.005	[17825255.647238754, 17825545.646299887, 17825834.645364255, 17826124.644425392, 17826414.643486526, 17826703.642550897, 17826992.64161527, 17827282.640676405, 17827572.63973754, 17827861.63880191, 17828151.637863044, 17828440.636927415, 17828731.635985315, 17829021.63504645, 17829310.63411082, 17829600.633171953, 17829889.632236324, 17830179.631297458, 17830469.63035859, 17830758.629422966]	0.0	0.0	0.0
1550.0334765786931	2.0	trials	2.0	1.0	1.0	0.0	10000.0	1.0	True	40.0	0.0	0.005	[17948314.2488392, 17948603.24790357, 17948893.246964704, 17949182.246029075, 17949473.245086975, 17949763.24414811, 17950051.243215717, 17950341.24227685, 17950631.241337985, 17950921.240399122, 17951210.239463493, 17951500.23852463, 17951789.237588998, 17952078.23665337, 17952368.235714503, 17952659.234772403, 17952948.233836774, 17953238.232897907, 17953528.23195904, 17953817.231023412]	0.0	0.0	0.0
1559.90965580484	2.0	trials	2.0	1.0	1.0	0.0	10000.0	1.0	True	40.0	0.0	0.005	[18062621.878770728, 18062911.877831865, 18063200.876896232, 18063490.875957366, 18063780.875018504, 18064069.874082875, 18064358.87314725, 18064648.872208383, 18064938.871269517, 18065228.87033065, 18065518.869391784, 18065807.868456155, 18066097.867517292, 18066386.86658166, 18066676.865642793, 18066965.86470717, 18067256.863765065, 18067544.862832677, 18067834.86189381, 18068125.860951703]	0.0	0.0	0.0
1567.5051416146684	2.0	trials	2.0	1.0	1.0	0.0	10000.0	1.0	True	40.0	0.0	0.005	[18150531.59416493, 18150822.59322283, 18151112.592283964, 18151401.591348335, 18151690.590412706, 18151979.58947708, 18152270.588534974, 18152560.587596107, 18152848.58666372, 18153138.585724853, 18153427.584789224, 18153718.583847124, 18154007.58291149, 18154296.581975866, 18154586.581037, 18154876.580098134, 18155165.57916251, 18155456.5782204, 18155745.577284776, 18156034.576349147]	0.0	0.0	0.0
1577.3793336472495	2.0	trials	2.0	1.0	1.0	0.0	10000.0	1.0	True	40.0	0.0	0.005	[18264816.224170927, 18265107.22322882, 18265395.22229643, 18265685.221357565, 18265975.2204187, 18266265.219479833, 18266555.21854097, 18266844.217605338, 18267134.21666647, 18267424.21572761, 18267713.21479198, 18268002.213856354, 18268292.212917484, 18268582.211978618, 18268871.211042993, 18269162.21010089, 18269450.209168497, 18269741.208226398, 18270031.207287528, 18270319.20635514]	0.0	0.0	0.0
1585.6494284730497	2.0	trials	2.0	1.0	1.0	0.0	10000.0	1.0	True	40.0	0.0	0.005	[18360535.914280504, 18360825.913341638, 18361114.91240601, 18361404.911467146, 18361693.910531513, 18361982.909595888, 18362273.908653785, 18362563.90771492, 18362852.906779293, 18363142.905840423, 18363432.904901557, 18363721.90396593, 18364011.903027065, 18364301.9020882, 18364589.901155807, 18364880.900213707, 18365168.899281316, 18365459.898339212, 18365749.897400346, 18366038.896464717]	0.0	0.0	0.0
1593.4193553181299	2.0	trials	2.0	1.0	1.0	0.0	10000.0	1.0	True	40.0	0.0	0.005	[18450464.62313826, 18450755.622196157, 18451044.62126053, 18451334.620321665, 18451623.619386036, 18451913.618447173, 18452203.617508303, 18452492.616572674, 18452781.61563705, 18453071.614698183, 18453361.613759317, 18453651.61282045, 18453940.61188482, 18454230.61094596, 18454520.610007092, 18454809.609071463, 18455099.608132597, 18455388.607196968, 18455678.6062581, 18455968.60531924]	0.0	0.0	0.0
1601.3219057338451	2.0	trials	2.0	1.0	1.0	0.0	10000.0	1.0	True	40.0	0.0	0.005	[18541930.32702003, 18542219.3260844, 18542509.325145535, 18542799.324206673, 18543088.32327104, 18543377.322335415, 18543668.32139331, 18543957.320457682, 18544247.319518816, 18544536.31858319, 18544826.317644324, 18545116.316705458, 18545405.31576983, 18545695.314830963, 18545985.3138921, 18546275.312953234, 18546563.312020842, 18546853.311081976, 18547143.31014311, 18547433.309204243]	0.0	0.0	0.0
1609.0079384505302	2.0	trials	2.0	1.0	1.0	0.0	10000.0	1.0	True	40.0	0.0	0.005	[18630888.03902137, 18631178.038082503, 18631467.037146874, 18631757.036208007, 18632047.03526914, 18632336.034333512, 18632627.033391412, 18632916.032455783, 18633205.031520158, 18633495.030581288, 18633785.029642425, 18634075.02870356, 18634364.02776793, 18634653.0268323, 18634943.025893435, 18635233.02495457, 18635523.024015706, 18635812.023080077, 18636102.02214121, 18636391.021205585]	0.0	0.0	0.0
1616.1243378113875	2.0	trials	2.0	1.0	1.0	0.0	10000.0	1.0	True	40.0	0.0	0.005	[18713253.772364095, 18713543.77142523, 18713833.770486362, 18714122.769550737, 18714411.768615104, 18714701.767676238, 18714990.766740613, 18715280.765801746, 18715570.76486288, 18715861.76392078, 18716149.76298839, 18716439.762049522, 18716729.761110656, 18717019.76017179, 18717308.759236164, 18717597.75830053, 18717887.757361665, 18718177.756422803, 18718466.755487174, 18718756.754548308]	0.0	0.0	0.0
1622.285242665631	2.0	trials	2.0	1.0	1.0	0.0	10000.0	1.0	True	40.0	0.0	0.005	[18784560.541509975, 18784851.540567875, 18785140.539632246, 18785430.53869338, 18785720.537754513, 18786008.536822125, 18786298.535883255, 18786588.534944393, 18786878.534005526, 18787167.533069897, 18787457.532131035, 18787747.53119217, 18788036.530256536, 18788326.529317673, 18788616.528378807, 18788905.527443178, 18789195.52650431, 18789485.52556545, 18789775.524626583, 18790064.523690954]	0.0	0.0	0.0
1650.0027049311261	2.0	trials	3.0	1.0	1.0	0.0	10000.0	1.0	False	0.0	0.0	0.0	[NaN, NaN, NaN, NaN, NaN, NaN, NaN, NaN, NaN, NaN, NaN, NaN, NaN, NaN, NaN, NaN, NaN, NaN, NaN, NaN]	0.0	0.0	0.0
1659.1772320288521	2.0	trials	3.0	1.0	1.0	0.0	10000.0	1.0	False	0.0	0.0	0.0	[NaN, NaN, NaN, NaN, NaN, NaN, NaN, NaN, NaN, NaN, NaN, NaN, NaN, NaN, NaN, NaN, NaN, NaN, NaN, NaN]	0.0	0.0	0.0
1667.9855971120176	2.0	trials	3.0	1.0	1.0	0.0	10000.0	1.0	False	0.0	0.0	0.0	[NaN, NaN, NaN, NaN, NaN, NaN, NaN, NaN, NaN, NaN, NaN, NaN, NaN, NaN, NaN, NaN, NaN, NaN, NaN, NaN]	0.0	0.0	0.0
1677.7542086864123	2.0	trials	3.0	1.0	1.0	0.0	10000.0	1.0	False	0.0	0.0	0.0	[NaN, NaN, NaN, NaN, NaN, NaN, NaN, NaN, NaN, NaN, NaN, NaN, NaN, NaN, NaN, NaN, NaN, NaN, NaN, NaN]	0.0	0.0	0.0
1685.4999436098133	2.0	trials	3.0	1.0	1.0	0.0	10000.0	1.0	False	0.0	0.0	0.0	[NaN, NaN, NaN, NaN, NaN, NaN, NaN, NaN, NaN, NaN, NaN, NaN, NaN, NaN, NaN, NaN, NaN, NaN, NaN, NaN]	0.0	0.0	0.0
1694.2356465282205	2.0	trials	3.0	1.0	1.0	0.0	10000.0	1.0	False	0.0	0.0	0.0	[NaN, NaN, NaN, NaN, NaN, NaN, NaN, NaN, NaN, NaN, NaN, NaN, NaN, NaN, NaN, NaN, NaN, NaN, NaN, NaN]	0.0	0.0	0.0
1701.0816147645905	2.0	trials	3.0	1.0	1.0	0.0	10000.0	1.0	False	0.0	0.0	0.0	[NaN, NaN, NaN, NaN, NaN, NaN, NaN, NaN, NaN, NaN, NaN, NaN, NaN, NaN, NaN, NaN, NaN, NaN, NaN, NaN]	0.0	0.0	0.0
1709.4562532519337	2.0	trials	3.0	1.0	1.0	0.0	10000.0	1.0	False	0.0	0.0	0.0	[NaN, NaN, NaN, NaN, NaN, NaN, NaN, NaN, NaN, NaN, NaN, NaN, NaN, NaN, NaN, NaN, NaN, NaN, NaN, NaN]	0.0	0.0	0.0
1717.3778116061114	2.0	trials	3.0	1.0	1.0	0.0	10000.0	1.0	False	0.0	0.0	0.0	[NaN, NaN, NaN, NaN, NaN, NaN, NaN, NaN, NaN, NaN, NaN, NaN, NaN, NaN, NaN, NaN, NaN, NaN, NaN, NaN]	0.0	0.0	0.0
1726.8900752104253	2.0	trials	3.0	1.0	1.0	0.0	10000.0	1.0	False	0.0	0.0	0.0	[NaN, NaN, NaN, NaN, NaN, NaN, NaN, NaN, NaN, NaN, NaN, NaN, NaN, NaN, NaN, NaN, NaN, NaN, NaN, NaN]	0.0	0.0	0.0
1733.937700393937	2.0	trials	3.0	1.0	1.0	0.0	10000.0	1.0	False	0.0	0.0	0.0	[NaN, NaN, NaN, NaN, NaN, NaN, NaN, NaN, NaN, NaN, NaN, NaN, NaN, NaN, NaN, NaN, NaN, NaN, NaN, NaN]	0.0	0.0	0.0
1744.3598394525545	2.0	trials	3.0	1.0	1.0	0.0	10000.0	1.0	False	0.0	0.0	0.0	[NaN, NaN, NaN, NaN, NaN, NaN, NaN, NaN, NaN, NaN, NaN, NaN, NaN, NaN, NaN, NaN, NaN, NaN, NaN, NaN]	0.0	0.0	0.0
1753.7364554960238	2.0	trials	3.0	1.0	1.0	0.0	10000.0	1.0	False	0.0	0.0	0.0	[NaN, NaN, NaN, NaN, NaN, NaN, NaN, NaN, NaN, NaN, NaN, NaN, NaN, NaN, NaN, NaN, NaN, NaN, NaN, NaN]	0.0	0.0	0.0
1762.1017628135762	2.0	trials	3.0	1.0	1.0	0.0	10000.0	1.0	False	0.0	0.0	0.0	[NaN, NaN, NaN, NaN, NaN, NaN, NaN, NaN, NaN, NaN, NaN, NaN, NaN, NaN, NaN, NaN, NaN, NaN, NaN, NaN]	0.0	0.0	0.0
1768.8700577014117	2.0	trials	3.0	1.0	1.0	0.0	10000.0	1.0	False	0.0	0.0	0.0	[NaN, NaN, NaN, NaN, NaN, NaN, NaN, NaN, NaN, NaN, NaN, NaN, NaN, NaN, NaN, NaN, NaN, NaN, NaN, NaN]	0.0	0.0	0.0
1778.7937567737151	2.0	trials	3.0	1.0	1.0	0.0	10000.0	1.0	False	0.0	0.0	0.0	[NaN, NaN, NaN, NaN, NaN, NaN, NaN, NaN, NaN, NaN, NaN, NaN, NaN, NaN, NaN, NaN, NaN, NaN, NaN, NaN]	0.0	0.0	0.0
1785.1654769454499	2.0	trials	3.0	1.0	1.0	0.0	10000.0	1.0	False	0.0	0.0	0.0	[NaN, NaN, NaN, NaN, NaN, NaN, NaN, NaN, NaN, NaN, NaN, NaN, NaN, NaN, NaN, NaN, NaN, NaN, NaN, NaN]	0.0	0.0	0.0
1794.0998128207887	2.0	trials	3.0	1.0	1.0	0.0	10000.0	1.0	False	0.0	0.0	0.0	[NaN, NaN, NaN, NaN, NaN, NaN, NaN, NaN, NaN, NaN, NaN, NaN, NaN, NaN, NaN, NaN, NaN, NaN, NaN, NaN]	0.0	0.0	0.0
1803.69363776105	2.0	trials	3.0	1.0	1.0	0.0	10000.0	1.0	False	0.0	0.0	0.0	[NaN, NaN, NaN, NaN, NaN, NaN, NaN, NaN, NaN, NaN, NaN, NaN, NaN, NaN, NaN, NaN, NaN, NaN, NaN, NaN]	0.0	0.0	0.0
1811.211536622064	2.0	trials	3.0	1.0	1.0	0.0	10000.0	1.0	False	0.0	0.0	0.0	[NaN, NaN, NaN, NaN, NaN, NaN, NaN, NaN, NaN, NaN, NaN, NaN, NaN, NaN, NaN, NaN, NaN, NaN, NaN, NaN]	0.0	0.0	0.0
1821.3917564638882	2.0	trials	3.0	1.0	1.0	0.0	10000.0	1.0	False	0.0	0.0	0.0	[NaN, NaN, NaN, NaN, NaN, NaN, NaN, NaN, NaN, NaN, NaN, NaN, NaN, NaN, NaN, NaN, NaN, NaN, NaN, NaN]	0.0	0.0	0.0
1828.7799693447566	2.0	trials	3.0	1.0	1.0	0.0	10000.0	1.0	False	0.0	0.0	0.0	[NaN, NaN, NaN, NaN, NaN, NaN, NaN, NaN, NaN, NaN, NaN, NaN, NaN, NaN, NaN, NaN, NaN, NaN, NaN, NaN]	0.0	0.0	0.0
1836.5321842471787	2.0	trials	3.0	1.0	1.0	0.0	10000.0	1.0	False	0.0	0.0	0.0	[NaN, NaN, NaN, NaN, NaN, NaN, NaN, NaN, NaN, NaN, NaN, NaN, NaN, NaN, NaN, NaN, NaN, NaN, NaN, NaN]	0.0	0.0	0.0
1844.7996870813706	2.0	trials	3.0	1.0	1.0	0.0	10000.0	1.0	False	0.0	0.0	0.0	[NaN, NaN, NaN, NaN, NaN, NaN, NaN, NaN, NaN, NaN, NaN, NaN, NaN, NaN, NaN, NaN, NaN, NaN, NaN, NaN]	0.0	0.0	0.0
1850.970182304566	2.0	trials	3.0	1.0	1.0	0.0	10000.0	1.0	False	0.0	0.0	0.0	[NaN, NaN, NaN, NaN, NaN, NaN, NaN, NaN, NaN, NaN, NaN, NaN, NaN, NaN, NaN, NaN, NaN, NaN, NaN, NaN]	0.0	0.0	0.0
1858.5282570355112	2.0	trials	3.0	1.0	1.0	0.0	10000.0	1.0	False	0.0	0.0	0.0	[NaN, NaN, NaN, NaN, NaN, NaN, NaN, NaN, NaN, NaN, NaN, NaN, NaN, NaN, NaN, NaN, NaN, NaN, NaN, NaN]	0.0	0.0	0.0
1869.052088564902	2.0	trials	3.0	1.0	1.0	0.0	10000.0	1.0	False	0.0	0.0	0.0	[NaN, NaN, NaN, NaN, NaN, NaN, NaN, NaN, NaN, NaN, NaN, NaN, NaN, NaN, NaN, NaN, NaN, NaN, NaN, NaN]	0.0	0.0	0.0
1875.6337600569261	2.0	trials	3.0	1.0	1.0	0.0	10000.0	1.0	False	0.0	0.0	0.0	[NaN, NaN, NaN, NaN, NaN, NaN, NaN, NaN, NaN, NaN, NaN, NaN, NaN, NaN, NaN, NaN, NaN, NaN, NaN, NaN]	0.0	0.0	0.0
1882.1466573716036	2.0	trials	3.0	1.0	1.0	0.0	10000.0	1.0	False	0.0	0.0	0.0	[NaN, NaN, NaN, NaN, NaN, NaN, NaN, NaN, NaN, NaN, NaN, NaN, NaN, NaN, NaN, NaN, NaN, NaN, NaN, NaN]	0.0	0.0	0.0
1888.9961679965056	2.0	trials	3.0	1.0	1.0	0.0	10000.0	1.0	False	0.0	0.0	0.0	[NaN, NaN, NaN, NaN, NaN, NaN, NaN, NaN, NaN, NaN, NaN, NaN, NaN, NaN, NaN, NaN, NaN, NaN, NaN, NaN]	0.0	0.0	0.0
1898.326214590742	2.0	trials	3.0	1.0	1.0	0.0	10000.0	1.0	False	0.0	0.0	0.0	[NaN, NaN, NaN, NaN, NaN, NaN, NaN, NaN, NaN, NaN, NaN, NaN, NaN, NaN, NaN, NaN, NaN, NaN, NaN, NaN]	0.0	0.0	0.0
1907.9139051508632	2.0	trials	3.0	1.0	1.0	0.0	10000.0	1.0	False	0.0	0.0	0.0	[NaN, NaN, NaN, NaN, NaN, NaN, NaN, NaN, NaN, NaN, NaN, NaN, NaN, NaN, NaN, NaN, NaN, NaN, NaN, NaN]	0.0	0.0	0.0
1916.218214265896	2.0	trials	3.0	1.0	1.0	0.0	10000.0	1.0	False	0.0	0.0	0.0	[NaN, NaN, NaN, NaN, NaN, NaN, NaN, NaN, NaN, NaN, NaN, NaN, NaN, NaN, NaN, NaN, NaN, NaN, NaN, NaN]	0.0	0.0	0.0
1927.091187064952	2.0	trials	3.0	1.0	1.0	0.0	10000.0	1.0	False	0.0	0.0	0.0	[NaN, NaN, NaN, NaN, NaN, NaN, NaN, NaN, NaN, NaN, NaN, NaN, NaN, NaN, NaN, NaN, NaN, NaN, NaN, NaN]	0.0	0.0	0.0
1937.3198771498555	2.0	trials	3.0	1.0	1.0	0.0	10000.0	1.0	False	0.0	0.0	0.0	[NaN, NaN, NaN, NaN, NaN, NaN, NaN, NaN, NaN, NaN, NaN, NaN, NaN, NaN, NaN, NaN, NaN, NaN, NaN, NaN]	0.0	0.0	0.0
1944.4481996721113	2.0	trials	3.0	1.0	1.0	0.0	10000.0	1.0	False	0.0	0.0	0.0	[NaN, NaN, NaN, NaN, NaN, NaN, NaN, NaN, NaN, NaN, NaN, NaN, NaN, NaN, NaN, NaN, NaN, NaN, NaN, NaN]	0.0	0.0	0.0
1953.4245258115077	2.0	trials	3.0	1.0	1.0	0.0	10000.0	1.0	False	0.0	0.0	0.0	[NaN, NaN, NaN, NaN, NaN, NaN, NaN, NaN, NaN, NaN, NaN, NaN, NaN, NaN, NaN, NaN, NaN, NaN, NaN, NaN]	0.0	0.0	0.0
1962.8258521749785	2.0	trials	3.0	1.0	1.0	0.0	10000.0	1.0	False	0.0	0.0	0.0	[NaN, NaN, NaN, NaN, NaN, NaN, NaN, NaN, NaN, NaN, NaN, NaN, NaN, NaN, NaN, NaN, NaN, NaN, NaN, NaN]	0.0	0.0	0.0
1970.6503836432773	2.0	trials	3.0	1.0	1.0	0.0	10000.0	1.0	False	0.0	0.0	0.0	[NaN, NaN, NaN, NaN, NaN, NaN, NaN, NaN, NaN, NaN, NaN, NaN, NaN, NaN, NaN, NaN, NaN, NaN, NaN, NaN]	0.0	0.0	0.0
1978.7518262150847	2.0	trials	3.0	1.0	1.0	0.0	10000.0	1.0	False	0.0	0.0	0.0	[NaN, NaN, NaN, NaN, NaN, NaN, NaN, NaN, NaN, NaN, NaN, NaN, NaN, NaN, NaN, NaN, NaN, NaN, NaN, NaN]	0.0	0.0	0.0
1985.6198263801273	2.0	trials	3.0	1.0	1.0	0.0	10000.0	1.0	False	0.0	0.0	0.0	[NaN, NaN, NaN, NaN, NaN, NaN, NaN, NaN, NaN, NaN, NaN, NaN, NaN, NaN, NaN, NaN, NaN, NaN, NaN, NaN]	0.0	0.0	0.0
1992.339996623765	2.0	trials	3.0	1.0	1.0	0.0	10000.0	1.0	False	0.0	0.0	0.0	[NaN, NaN, NaN, NaN, NaN, NaN, NaN, NaN, NaN, NaN, NaN, NaN, NaN, NaN, NaN, NaN, NaN, NaN, NaN, NaN]	0.0	0.0	0.0
2001.112505823013	2.0	trials	3.0	1.0	1.0	0.0	10000.0	1.0	False	0.0	0.0	0.0	[NaN, NaN, NaN, NaN, NaN, NaN, NaN, NaN, NaN, NaN, NaN, NaN, NaN, NaN, NaN, NaN, NaN, NaN, NaN, NaN]	0.0	0.0	0.0
2010.568436809702	2.0	trials	3.0	1.0	1.0	0.0	10000.0	1.0	False	0.0	0.0	0.0	[NaN, NaN, NaN, NaN, NaN, NaN, NaN, NaN, NaN, NaN, NaN, NaN, NaN, NaN, NaN, NaN, NaN, NaN, NaN, NaN]	0.0	0.0	0.0
2020.128565859053	2.0	trials	3.0	1.0	1.0	0.0	10000.0	1.0	False	0.0	0.0	0.0	[NaN, NaN, NaN, NaN, NaN, NaN, NaN, NaN, NaN, NaN, NaN, NaN, NaN, NaN, NaN, NaN, NaN, NaN, NaN, NaN]	0.0	0.0	0.0
2029.7199716071464	2.0	trials	3.0	1.0	1.0	0.0	10000.0	1.0	False	0.0	0.0	0.0	[NaN, NaN, NaN, NaN, NaN, NaN, NaN, NaN, NaN, NaN, NaN, NaN, NaN, NaN, NaN, NaN, NaN, NaN, NaN, NaN]	0.0	0.0	0.0
2037.7780415193715	2.0	trials	3.0	1.0	1.0	0.0	10000.0	1.0	False	0.0	0.0	0.0	[NaN, NaN, NaN, NaN, NaN, NaN, NaN, NaN, NaN, NaN, NaN, NaN, NaN, NaN, NaN, NaN, NaN, NaN, NaN, NaN]	0.0	0.0	0.0
2047.0723186294108	2.0	trials	3.0	1.0	1.0	0.0	10000.0	1.0	False	0.0	0.0	0.0	[NaN, NaN, NaN, NaN, NaN, NaN, NaN, NaN, NaN, NaN, NaN, NaN, NaN, NaN, NaN, NaN, NaN, NaN, NaN, NaN]	0.0	0.0	0.0
2055.0463216138	2.0	trials	3.0	1.0	1.0	0.0	10000.0	1.0	False	0.0	0.0	0.0	[NaN, NaN, NaN, NaN, NaN, NaN, NaN, NaN, NaN, NaN, NaN, NaN, NaN, NaN, NaN, NaN, NaN, NaN, NaN, NaN]	0.0	0.0	0.0
2065.290650048075	2.0	trials	3.0	1.0	1.0	0.0	10000.0	1.0	False	0.0	0.0	0.0	[NaN, NaN, NaN, NaN, NaN, NaN, NaN, NaN, NaN, NaN, NaN, NaN, NaN, NaN, NaN, NaN, NaN, NaN, NaN, NaN]	0.0	0.0	0.0
2130.565811521574	2.0	trials	4.0	1.0	1.0	1.0	0.0	1.0	False	0.0	0.0	0.0	[NaN, NaN, NaN, NaN, NaN, NaN, NaN, NaN, NaN, NaN, NaN, NaN, NaN, NaN, NaN, NaN, NaN, NaN, NaN, NaN]	1.0	0.02	5.0
2140.2514793644964	2.0	trials	4.0	1.0	1.0	1.0	0.0	1.0	False	0.0	0.0	0.0	[NaN, NaN, NaN, NaN, NaN, NaN, NaN, NaN, NaN, NaN, NaN, NaN, NaN, NaN, NaN, NaN, NaN, NaN, NaN, NaN]	1.0	0.02	5.0
2149.964622318469	2.0	trials	4.0	1.0	1.0	1.0	0.0	1.0	False	0.0	0.0	0.0	[NaN, NaN, NaN, NaN, NaN, NaN, NaN, NaN, NaN, NaN, NaN, NaN, NaN, NaN, NaN, NaN, NaN, NaN, NaN, NaN]	1.0	0.02	5.0
2160.3019168517685	2.0	trials	4.0	1.0	1.0	1.0	0.0	1.0	False	0.0	0.0	0.0	[NaN, NaN, NaN, NaN, NaN, NaN, NaN, NaN, NaN, NaN, NaN, NaN, NaN, NaN, NaN, NaN, NaN, NaN, NaN, NaN]	1.0	0.02	5.0
2169.259839850745	2.0	trials	4.0	1.0	1.0	1.0	0.0	1.0	False	0.0	0.0	0.0	[NaN, NaN, NaN, NaN, NaN, NaN, NaN, NaN, NaN, NaN, NaN, NaN, NaN, NaN, NaN, NaN, NaN, NaN, NaN, NaN]	1.0	0.02	5.0
2175.4695605469483	2.0	trials	4.0	1.0	1.0	1.0	0.0	1.0	False	0.0	0.0	0.0	[NaN, NaN, NaN, NaN, NaN, NaN, NaN, NaN, NaN, NaN, NaN, NaN, NaN, NaN, NaN, NaN, NaN, NaN, NaN, NaN]	1.0	0.02	5.0
2186.2156121569083	2.0	trials	4.0	1.0	1.0	1.0	0.0	1.0	False	0.0	0.0	0.0	[NaN, NaN, NaN, NaN, NaN, NaN, NaN, NaN, NaN, NaN, NaN, NaN, NaN, NaN, NaN, NaN, NaN, NaN, NaN, NaN]	1.0	0.02	5.0
2193.1940311644726	2.0	trials	4.0	1.0	1.0	1.0	0.0	1.0	False	0.0	0.0	0.0	[NaN, NaN, NaN, NaN, NaN, NaN, NaN, NaN, NaN, NaN, NaN, NaN, NaN, NaN, NaN, NaN, NaN, NaN, NaN, NaN]	1.0	0.02	5.0
2201.131659866623	2.0	trials	4.0	1.0	1.0	1.0	0.0	1.0	False	0.0	0.0	0.0	[NaN, NaN, NaN, NaN, NaN, NaN, NaN, NaN, NaN, NaN, NaN, NaN, NaN, NaN, NaN, NaN, NaN, NaN, NaN, NaN]	1.0	0.02	5.0
2209.7540063520187	2.0	trials	4.0	1.0	1.0	1.0	0.0	1.0	False	0.0	0.0	0.0	[NaN, NaN, NaN, NaN, NaN, NaN, NaN, NaN, NaN, NaN, NaN, NaN, NaN, NaN, NaN, NaN, NaN, NaN, NaN, NaN]	1.0	0.02	5.0
2218.755906808619	2.0	trials	4.0	1.0	1.0	1.0	0.0	1.0	False	0.0	0.0	0.0	[NaN, NaN, NaN, NaN, NaN, NaN, NaN, NaN, NaN, NaN, NaN, NaN, NaN, NaN, NaN, NaN, NaN, NaN, NaN, NaN]	1.0	0.02	5.0
2226.445913912437	2.0	trials	4.0	1.0	1.0	1.0	0.0	1.0	False	0.0	0.0	0.0	[NaN, NaN, NaN, NaN, NaN, NaN, NaN, NaN, NaN, NaN, NaN, NaN, NaN, NaN, NaN, NaN, NaN, NaN, NaN, NaN]	1.0	0.02	5.0
2233.5260253907754	2.0	trials	4.0	1.0	1.0	1.0	0.0	1.0	False	0.0	0.0	0.0	[NaN, NaN, NaN, NaN, NaN, NaN, NaN, NaN, NaN, NaN, NaN, NaN, NaN, NaN, NaN, NaN, NaN, NaN, NaN, NaN]	1.0	0.02	5.0
2242.741937954517	2.0	trials	4.0	1.0	1.0	1.0	0.0	1.0	False	0.0	0.0	0.0	[NaN, NaN, NaN, NaN, NaN, NaN, NaN, NaN, NaN, NaN, NaN, NaN, NaN, NaN, NaN, NaN, NaN, NaN, NaN, NaN]	1.0	0.02	5.0
2253.6084307745523	2.0	trials	4.0	1.0	1.0	1.0	0.0	1.0	False	0.0	0.0	0.0	[NaN, NaN, NaN, NaN, NaN, NaN, NaN, NaN, NaN, NaN, NaN, NaN, NaN, NaN, NaN, NaN, NaN, NaN, NaN, NaN]	1.0	0.02	5.0
2261.000358843393	2.0	trials	4.0	1.0	1.0	1.0	0.0	1.0	False	0.0	0.0	0.0	[NaN, NaN, NaN, NaN, NaN, NaN, NaN, NaN, NaN, NaN, NaN, NaN, NaN, NaN, NaN, NaN, NaN, NaN, NaN, NaN]	1.0	0.02	5.0
2271.1897370555666	2.0	trials	4.0	1.0	1.0	1.0	0.0	1.0	False	0.0	0.0	0.0	[NaN, NaN, NaN, NaN, NaN, NaN, NaN, NaN, NaN, NaN, NaN, NaN, NaN, NaN, NaN, NaN, NaN, NaN, NaN, NaN]	1.0	0.02	5.0
2279.2405493912884	2.0	trials	4.0	1.0	1.0	1.0	0.0	1.0	False	0.0	0.0	0.0	[NaN, NaN, NaN, NaN, NaN, NaN, NaN, NaN, NaN, NaN, NaN, NaN, NaN, NaN, NaN, NaN, NaN, NaN, NaN, NaN]	1.0	0.02	5.0
2288.3958957511118	2.0	trials	4.0	1.0	1.0	1.0	0.0	1.0	False	0.0	0.0	0.0	[NaN, NaN, NaN, NaN, NaN, NaN, NaN, NaN, NaN, NaN, NaN, NaN, NaN, NaN, NaN, NaN, NaN, NaN, NaN, NaN]	1.0	0.02	5.0
2298.0559028771104	2.0	trials	4.0	1.0	1.0	1.0	0.0	1.0	False	0.0	0.0	0.0	[NaN, NaN, NaN, NaN, NaN, NaN, NaN, NaN, NaN, NaN, NaN, NaN, NaN, NaN, NaN, NaN, NaN, NaN, NaN, NaN]	1.0	0.02	5.0
2306.1797229764707	2.0	trials	4.0	1.0	1.0	1.0	0.0	1.0	False	0.0	0.0	0.0	[NaN, NaN, NaN, NaN, NaN, NaN, NaN, NaN, NaN, NaN, NaN, NaN, NaN, NaN, NaN, NaN, NaN, NaN, NaN, NaN]	1.0	0.02	5.0
2315.7029593452608	2.0	trials	4.0	1.0	1.0	1.0	0.0	1.0	False	0.0	0.0	0.0	[NaN, NaN, NaN, NaN, NaN, NaN, NaN, NaN, NaN, NaN, NaN, NaN, NaN, NaN, NaN, NaN, NaN, NaN, NaN, NaN]	1.0	0.02	5.0
2324.8523441243847	2.0	trials	4.0	1.0	1.0	1.0	0.0	1.0	False	0.0	0.0	0.0	[NaN, NaN, NaN, NaN, NaN, NaN, NaN, NaN, NaN, NaN, NaN, NaN, NaN, NaN, NaN, NaN, NaN, NaN, NaN, NaN]	1.0	0.02	5.0
2334.0282536176355	2.0	trials	4.0	1.0	1.0	1.0	0.0	1.0	False	0.0	0.0	0.0	[NaN, NaN, NaN, NaN, NaN, NaN, NaN, NaN, NaN, NaN, NaN, NaN, NaN, NaN, NaN, NaN, NaN, NaN, NaN, NaN]	1.0	0.02	5.0
2340.7756397731628	2.0	trials	4.0	1.0	1.0	1.0	0.0	1.0	False	0.0	0.0	0.0	[NaN, NaN, NaN, NaN, NaN, NaN, NaN, NaN, NaN, NaN, NaN, NaN, NaN, NaN, NaN, NaN, NaN, NaN, NaN, NaN]	1.0	0.02	5.0
2349.0560161656767	2.0	trials	4.0	1.0	1.0	1.0	0.0	1.0	False	0.0	0.0	0.0	[NaN, NaN, NaN, NaN, NaN, NaN, NaN, NaN, NaN, NaN, NaN, NaN, NaN, NaN, NaN, NaN, NaN, NaN, NaN, NaN]	1.0	0.02	5.0
2357.7290792868785	2.0	trials	4.0	1.0	1.0	1.0	0.0	1.0	False	0.0	0.0	0.0	[NaN, NaN, NaN, NaN, NaN, NaN, NaN, NaN, NaN, NaN, NaN, NaN, NaN, NaN, NaN, NaN, NaN, NaN, NaN, NaN]	1.0	0.02	5.0
2367.758186017927	2.0	trials	4.0	1.0	1.0	1.0	0.0	1.0	False	0.0	0.0	0.0	[NaN, NaN, NaN, NaN, NaN, NaN, NaN, NaN, NaN, NaN, NaN, NaN, NaN, NaN, NaN, NaN, NaN, NaN, NaN, NaN]	1.0	0.02	5.0
2373.889974166436	2.0	trials	4.0	1.0	1.0	1.0	0.0	1.0	False	0.0	0.0	0.0	[NaN, NaN, NaN, NaN, NaN, NaN, NaN, NaN, NaN, NaN, NaN, NaN, NaN, NaN, NaN, NaN, NaN, NaN, NaN, NaN]	1.0	0.02	5.0
2383.970143132172	2.0	trials	4.0	1.0	1.0	1.0	0.0	1.0	False	0.0	0.0	0.0	[NaN, NaN, NaN, NaN, NaN, NaN, NaN, NaN, NaN, NaN, NaN, NaN, NaN, NaN, NaN, NaN, NaN, NaN, NaN, NaN]	1.0	0.02	5.0
2394.9499923852186	2.0	trials	4.0	1.0	1.0	1.0	0.0	1.0	False	0.0	0.0	0.0	[NaN, NaN, NaN, NaN, NaN, NaN, NaN, NaN, NaN, NaN, NaN, NaN, NaN, NaN, NaN, NaN, NaN, NaN, NaN, NaN]	1.0	0.02	5.0
2404.064212478187	2.0	trials	4.0	1.0	1.0	1.0	0.0	1.0	False	0.0	0.0	0.0	[NaN, NaN, NaN, NaN, NaN, NaN, NaN, NaN, NaN, NaN, NaN, NaN, NaN, NaN, NaN, NaN, NaN, NaN, NaN, NaN]	1.0	0.02	5.0
2413.4425565160623	2.0	trials	4.0	1.0	1.0	1.0	0.0	1.0	False	0.0	0.0	0.0	[NaN, NaN, NaN, NaN, NaN, NaN, NaN, NaN, NaN, NaN, NaN, NaN, NaN, NaN, NaN, NaN, NaN, NaN, NaN, NaN]	1.0	0.02	5.0
2422.3044894258032	2.0	trials	4.0	1.0	1.0	1.0	0.0	1.0	False	0.0	0.0	0.0	[NaN, NaN, NaN, NaN, NaN, NaN, NaN, NaN, NaN, NaN, NaN, NaN, NaN, NaN, NaN, NaN, NaN, NaN, NaN, NaN]	1.0	0.02	5.0
2429.972378201229	2.0	trials	4.0	1.0	1.0	1.0	0.0	1.0	False	0.0	0.0	0.0	[NaN, NaN, NaN, NaN, NaN, NaN, NaN, NaN, NaN, NaN, NaN, NaN, NaN, NaN, NaN, NaN, NaN, NaN, NaN, NaN]	1.0	0.02	5.0
2438.5508336287203	2.0	trials	4.0	1.0	1.0	1.0	0.0	1.0	False	0.0	0.0	0.0	[NaN, NaN, NaN, NaN, NaN, NaN, NaN, NaN, NaN, NaN, NaN, NaN, NaN, NaN, NaN, NaN, NaN, NaN, NaN, NaN]	1.0	0.02	5.0
2449.342763490151	2.0	trials	4.0	1.0	1.0	1.0	0.0	1.0	False	0.0	0.0	0.0	[NaN, NaN, NaN, NaN, NaN, NaN, NaN, NaN, NaN, NaN, NaN, NaN, NaN, NaN, NaN, NaN, NaN, NaN, NaN, NaN]	1.0	0.02	5.0
2457.920182120999	2.0	trials	4.0	1.0	1.0	1.0	0.0	1.0	False	0.0	0.0	0.0	[NaN, NaN, NaN, NaN, NaN, NaN, NaN, NaN, NaN, NaN, NaN, NaN, NaN, NaN, NaN, NaN, NaN, NaN, NaN, NaN]	1.0	0.02	5.0
2468.234235129542	2.0	trials	4.0	1.0	1.0	1.0	0.0	1.0	False	0.0	0.0	0.0	[NaN, NaN, NaN, NaN, NaN, NaN, NaN, NaN, NaN, NaN, NaN, NaN, NaN, NaN, NaN, NaN, NaN, NaN, NaN, NaN]	1.0	0.02	5.0
2477.9747667948445	2.0	trials	4.0	1.0	1.0	1.0	0.0	1.0	False	0.0	0.0	0.0	[NaN, NaN, NaN, NaN, NaN, NaN, NaN, NaN, NaN, NaN, NaN, NaN, NaN, NaN, NaN, NaN, NaN, NaN, NaN, NaN]	1.0	0.02	5.0
2488.7423319351556	2.0	trials	4.0	1.0	1.0	1.0	0.0	1.0	False	0.0	0.0	0.0	[NaN, NaN, NaN, NaN, NaN, NaN, NaN, NaN, NaN, NaN, NaN, NaN, NaN, NaN, NaN, NaN, NaN, NaN, NaN, NaN]	1.0	0.02	5.0
2497.826398525745	2.0	trials	4.0	1.0	1.0	1.0	0.0	1.0	False	0.0	0.0	0.0	[NaN, NaN, NaN, NaN, NaN, NaN, NaN, NaN, NaN, NaN, NaN, NaN, NaN, NaN, NaN, NaN, NaN, NaN, NaN, NaN]	1.0	0.02	5.0
2507.0840421543835	2.0	trials	4.0	1.0	1.0	1.0	0.0	1.0	False	0.0	0.0	0.0	[NaN, NaN, NaN, NaN, NaN, NaN, NaN, NaN, NaN, NaN, NaN, NaN, NaN, NaN, NaN, NaN, NaN, NaN, NaN, NaN]	1.0	0.02	5.0
2515.0761890800327	2.0	trials	4.0	1.0	1.0	1.0	0.0	1.0	False	0.0	0.0	0.0	[NaN, NaN, NaN, NaN, NaN, NaN, NaN, NaN, NaN, NaN, NaN, NaN, NaN, NaN, NaN, NaN, NaN, NaN, NaN, NaN]	1.0	0.02	5.0
2523.752448990885	2.0	trials	4.0	1.0	1.0	1.0	0.0	1.0	False	0.0	0.0	0.0	[NaN, NaN, NaN, NaN, NaN, NaN, NaN, NaN, NaN, NaN, NaN, NaN, NaN, NaN, NaN, NaN, NaN, NaN, NaN, NaN]	1.0	0.02	5.0
2534.366395428532	2.0	trials	4.0	1.0	1.0	1.0	0.0	1.0	False	0.0	0.0	0.0	[NaN, NaN, NaN, NaN, NaN, NaN, NaN, NaN, NaN, NaN, NaN, NaN, NaN, NaN, NaN, NaN, NaN, NaN, NaN, NaN]	1.0	0.02	5.0
2543.2882897441496	2.0	trials	4.0	1.0	1.0	1.0	0.0	1.0	False	0.0	0.0	0.0	[NaN, NaN, NaN, NaN, NaN, NaN, NaN, NaN, NaN, NaN, NaN, NaN, NaN, NaN, NaN, NaN, NaN, NaN, NaN, NaN]	1.0	0.02	5.0
2551.1494546938493	2.0	trials	4.0	1.0	1.0	1.0	0.0	1.0	False	0.0	0.0	0.0	[NaN, NaN, NaN, NaN, NaN, NaN, NaN, NaN, NaN, NaN, NaN, NaN, NaN, NaN, NaN, NaN, NaN, NaN, NaN, NaN]	1.0	0.02	5.0
2558.240538936663	2.0	trials	4.0	1.0	1.0	1.0	0.0	1.0	False	0.0	0.0	0.0	[NaN, NaN, NaN, NaN, NaN, NaN, NaN, NaN, NaN, NaN, NaN, NaN, NaN, NaN, NaN, NaN, NaN, NaN, NaN, NaN]	1.0	0.02	5.0
2567.450317120265	2.0	trials	4.0	1.0	1.0	1.0	0.0	1.0	False	0.0	0.0	0.0	[NaN, NaN, NaN, NaN, NaN, NaN, NaN, NaN, NaN, NaN, NaN, NaN, NaN, NaN, NaN, NaN, NaN, NaN, NaN, NaN]	1.0	0.02	5.0
2641.7879452542834	2.0	trials	5.0	0.0	0.0	0.0	0.0	0.0	True	40.0	0.0	0.005	[30584360.33991423, 30584650.338975362, 30584941.338033263, 30585230.337097637, 30585519.336162, 30585810.335219905, 30586098.334287513, 30586389.333345402, 30586678.33240978, 30586967.33147415, 30587258.330532048, 30587547.329596423, 30587836.328660794, 30588125.327725165, 30588415.3267863, 30588705.325847432, 30588995.324908573, 30589284.323972937, 30589574.323034074, 30589865.322091967]	0.0	0.0	0.0
2648.189818928397	2.0	trials	5.0	0.0	0.0	0.0	0.0	0.0	True	40.0	0.0	0.005	[30658456.100030817, 30658747.09908871, 30659036.098153085, 30659325.097217456, 30659615.09627859, 30659904.095342956, 30660194.094404094, 30660484.093465228, 30660774.09252636, 30661063.091590736, 30661353.090651873, 30661643.089713003, 30661932.088777374, 30662222.087838512, 30662512.086899642, 30662802.085960783, 30663091.085025154, 30663381.084086288, 30663670.083150655, 30663959.08221503]	0.0	0.0	0.0
2657.5015487819333	2.0	trials	5.0	0.0	0.0	0.0	0.0	0.0	True	40.0	0.0	0.005	[30766230.75111272, 30766521.75017062, 30766809.749238227, 30767100.748296123, 30767390.74735726, 30767680.74641839, 30767968.745486002, 30768259.744543903, 30768549.74360503, 30768837.74267264, 30769127.741733775, 30769417.740794912, 30769706.73985928, 30769997.73891718, 30770287.737978313, 30770575.73704592, 30770865.73610706, 30771155.735168193, 30771444.73423256, 30771734.733293697]	0.0	0.0	0.0
2665.6346136513644	2.0	trials	5.0	0.0	0.0	0.0	0.0	0.0	True	40.0	0.0	0.005	[30860364.446356926, 30860653.445421297, 30860943.44448243, 30861233.443543565, 30861522.44260794, 30861811.44167231, 30862101.440733444, 30862391.439794578, 30862681.438855715, 30862971.437916845, 30863260.436981216, 30863550.436042357, 30863840.435103483, 30864130.434164625, 30864419.433228996, 30864708.432293367, 30864998.431354497, 30865288.430415634, 30865577.42948001, 30865866.428544376]	0.0	0.0	0.0
2675.2445089395983	2.0	trials	5.0	0.0	0.0	0.0	0.0	0.0	True	40.0	0.0	0.005	[30971589.08626957, 30971880.08532747, 30972168.084395073, 30972458.083456207, 30972748.08251734, 30973038.08157848, 30973327.080642845, 30973618.079700746, 30973906.078768358, 30974196.077829488, 30974486.076890625, 30974775.075954996, 30975066.075012892, 30975355.074077263, 30975645.073138397, 30975935.07219953, 30976225.071260665, 30976513.070328277, 30976803.06938941, 30977092.06845378]	0.0	0.0	0.0
2685.2938332051936	2.0	trials	5.0	0.0	0.0	0.0	0.0	0.0	True	40.0	0.0	0.005	[31087901.709709976, 31088191.70877111, 31088481.707832243, 31088770.706896614, 31089059.705960985, 31089349.70502212, 31089638.704086494, 31089927.703150865, 31090218.70220876, 31090508.701269895, 31090798.700331032, 31091087.6993954, 31091376.69845977, 31091666.69752091, 31091955.69658528, 31092246.69564318, 31092534.694710787, 31092825.69376868, 31093115.692829818, 31093404.69189419]	0.0	0.0	0.0
2691.3664375453077	2.0	trials	5.0	0.0	0.0	0.0	0.0	0.0	True	40.0	0.0	0.005	[31158185.482167788, 31158474.48123216, 31158764.480293293, 31159054.479354426, 31159344.47841556, 31159634.4774767, 31159924.476537827, 31160213.475602202, 31160502.474666573, 31160791.473730944, 31161083.472785607, 31161370.471856453, 31161661.470914345, 31161950.46997872, 31162239.46904309, 31162529.468104225, 31162819.46716536, 31163108.46622973, 31163397.465294108, 31163688.464351997]	0.0	0.0	0.0
2700.7861670491984	2.0	trials	5.0	0.0	0.0	0.0	0.0	0.0	True	40.0	0.0	0.005	[31267211.129199617, 31267500.12826399, 31267790.12732513, 31268080.12638626, 31268370.125447392, 31268658.124515, 31268949.123572905, 31269239.12263404, 31269528.12169841, 31269817.12076278, 31270108.119820677, 31270397.118885048, 31270686.117949422, 31270976.117010556, 31271265.116074927, 31271554.1151393, 31271845.114197195, 31272135.11325833, 31272424.1123227, 31272714.111383833]	0.0	0.0	0.0
2710.0146075723815	2.0	trials	5.0	0.0	0.0	0.0	0.0	0.0	True	40.0	0.0	0.005	[31374020.783405688, 31374310.782466814, 31374601.781524714, 31374890.78058909, 31375178.779656693, 31375469.778714593, 31375758.777778964, 31376047.77684333, 31376337.775904473, 31376627.774965607, 31376917.77402674, 31377206.77309111, 31377496.772152245, 31377786.77121338, 31378076.770274512, 31378364.769342124, 31378655.768400017, 31378945.76746115, 31379233.766528763, 31379524.765586663]	0.0	0.0	0.0
2717.862380565437	2.0	trials	5.0	0.0	0.0	0.0	0.0	0.0	True	40.0	0.0	0.005	[31464852.489340004, 31465141.488404375, 31465431.487465516, 31465720.486529883, 31466010.48559102, 31466299.48465539, 31466589.48371652, 31466879.48277766, 31467168.481842034, 31467459.480899926, 31467748.4799643, 31468038.479025435, 31468327.478089802, 31468617.47715094, 31468906.47621531, 31469197.475273207, 31469486.474337578, 31469775.473401953, 31470065.47246309, 31470355.47152422]	0.0	0.0	0.0
2724.1363826535317	2.0	trials	5.0	0.0	0.0	0.0	0.0	0.0	True	40.0	0.0	0.005	[31537467.25425128, 31537757.253312413, 31538047.252373546, 31538336.251437925, 31538626.250499055, 31538917.249556955, 31539206.248621326, 31539495.247685693, 31539785.246746834, 31540074.245811205, 31540365.2448691, 31540654.243933473, 31540943.242997844, 31541234.24205574, 31541523.24112011, 31541812.240184482, 31542102.239245612, 31542391.23830999, 31542680.23737436, 31542970.236435495]	0.0	0.0	0.0
2733.4322149585355	2.0	trials	5.0	0.0	0.0	0.0	0.0	0.0	True	40.0	0.0	0.005	[31645058.905925643, 31645348.904986776, 31645637.90405115, 31645928.903109044, 31646217.902173422, 31646506.90123779, 31646795.90030216, 31647086.89936006, 31647375.898424428, 31647665.89748556, 31647955.896546703, 31648244.89561107, 31648534.894672204, 31648823.89373658, 31649114.89279447, 31649402.89186208, 31649693.89091998, 31649981.88998759, 31650272.889045488, 31650560.888113096]	0.0	0.0	0.0
2739.618262131382	2.0	trials	5.0	0.0	0.0	0.0	0.0	0.0	True	40.0	0.0	0.005	[31716655.67413266, 31716945.673193797, 31717234.672258165, 31717525.671316065, 31717815.670377195, 31718104.669441566, 31718394.668502707, 31718683.667567078, 31718973.666628208, 31719263.665689345, 31719552.664753716, 31719842.663814846, 31720132.662875984, 31720421.66194036, 31720710.661004726, 31721002.660059385, 31721290.659126997, 31721580.65818813, 31721869.6572525, 31722159.656313635]	0.0	0.0	0.0
2745.006407887411	2.0	trials	5.0	0.0	0.0	0.0	0.0	0.0	True	40.0	0.0	0.005	[31779019.472231217, 31779309.47129235, 31779598.47035672, 31779887.469421096, 31780178.468478993, 31780467.467543367, 31780756.466607735, 31781047.46566563, 31781336.46473001, 31781625.463794373, 31781915.462855507, 31782204.461919885, 31782494.46098102, 31782783.460045386, 31783074.459103286, 31783363.45816766, 31783653.457228795, 31783943.45628993, 31784232.4553543, 31784522.454415433]	0.0	0.0	0.0
2750.268064452946	2.0	trials	5.0	0.0	0.0	0.0	0.0	0.0	True	40.0	0.0	0.005	[31839917.275075905, 31840207.27413704, 31840497.273198172, 31840787.272259306, 31841076.271323677, 31841365.270388044, 31841656.269445945, 31841945.26851032, 31842236.267568212, 31842525.266632587, 31842814.265696958, 31843104.26475809, 31843393.263822462, 31843683.262883596, 31843972.261947975, 31844261.26101234, 31844553.260067005, 31844841.259134613, 31845130.25819898, 31845420.257260114]	0.0	0.0	0.0
2757.8040208554994	2.0	trials	5.0	0.0	0.0	0.0	0.0	0.0	True	40.0	0.0	0.005	[31927139.992694244, 31927428.991758615, 31927718.990819756, 31928007.989884127, 31928298.988942023, 31928587.988006394, 31928876.987070765, 31929166.9861319, 31929456.985193033, 31929745.984257407, 31930035.98331854, 31930324.982382912, 31930615.981440812, 31930905.980501942, 31931194.979566313, 31931484.97862745, 31931773.977691818, 31932062.976756193, 31932353.975814093, 31932643.97487522]	0.0	0.0	0.0
2765.58025488016	2.0	trials	5.0	0.0	0.0	0.0	0.0	0.0	True	40.0	0.0	0.005	[32017142.701312434, 32017431.700376805, 32017721.69943794, 32018010.69850231, 32018300.697563443, 32018590.696624577, 32018880.69568571, 32019169.694750085, 32019460.69380798, 32019749.692872353, 32020037.69193996, 32020328.690997858, 32020618.69005899, 32020906.689126603, 32021197.688184496, 32021486.68724887, 32021776.68631001, 32022067.685367897, 32022355.68443551, 32022645.68349665]	0.0	0.0	0.0
2771.0163524809464	2.0	trials	5.0	0.0	0.0	0.0	0.0	0.0	True	40.0	0.0	0.005	[32080059.49762067, 32080349.496681802, 32080638.49574618, 32080929.49480407, 32081218.49386844, 32081508.49292958, 32081797.49199395, 32082086.49105832, 32082376.490119457, 32082666.489180587, 32082955.48824496, 32083245.4873061, 32083534.48637047, 32083825.485428367, 32084115.4844895, 32084403.48355711, 32084693.482618243, 32084983.481679376, 32085272.48074375, 32085562.479804885]	0.0	0.0	0.0
2779.8661894298484	2.0	trials	5.0	0.0	0.0	0.0	0.0	0.0	True	40.0	0.0	0.005	[32182489.16600684, 32182778.165071215, 32183068.164132345, 32183358.16319348, 32183647.162257858, 32183937.161318984, 32184227.160380125, 32184518.159438018, 32184806.158505626, 32185096.157566763, 32185386.156627897, 32185675.155692264, 32185965.154753402, 32186254.153817777, 32186543.152882148, 32186833.15194328, 32187122.151007652, 32187414.15006231, 32187703.149126682, 32187992.148191053]	0.0	0.0	0.0
2788.4582960131447	2.0	trials	5.0	0.0	0.0	0.0	0.0	0.0	True	40.0	0.0	0.005	[32281933.844056852, 32282223.84311799, 32282513.84217912, 32282803.841240257, 32283091.84030787, 32283381.839369, 32283671.838430136, 32283961.83749127, 32284251.8365524, 32284540.835616775, 32284830.83467791, 32285120.833739042, 32285409.832803417, 32285698.831867788, 32285989.830925684, 32286277.829993293, 32286567.829054426, 32286857.828115568, 32287147.827176694, 32287437.826237828]	0.0	0.0	0.0
2796.636547936284	2.0	trials	5.0	0.0	0.0	0.0	0.0	0.0	True	40.0	0.0	0.005	[32376591.537604626, 32376880.536668997, 32377169.535733372, 32377458.53479774, 32377748.533858877, 32378038.53292001, 32378327.531984378, 32378617.531045515, 32378907.53010665, 32379198.529164545, 32379486.528232157, 32379776.52729329, 32380065.526357662, 32380355.525418796, 32380646.524476696, 32380935.523541063, 32381224.522605434, 32381513.52166981, 32381804.52072771, 32382093.519792076]	0.0	0.0	0.0
2805.4803369047654	2.0	trials	5.0	0.0	0.0	0.0	0.0	0.0	True	40.0	0.0	0.005	[32478949.206223894, 32479239.205285028, 32479528.2043494, 32479818.203410532, 32480107.202474907, 32480398.201532807, 32480686.200600415, 32480977.199658312, 32481266.198722683, 32481556.197783813, 32481845.196848184, 32482135.195909325, 32482425.19497046, 32482715.194031592, 32483004.193095963, 32483292.192163575, 32483583.19122147, 32483873.190282602, 32484162.189346977, 32484452.18840811]	0.0	0.0	0.0
2811.2165007340964	2.0	trials	5.0	0.0	0.0	0.0	0.0	0.0	True	40.0	0.0	0.005	[32545338.991288405, 32545629.990346305, 32545917.989413913, 32546207.988475043, 32546496.98753942, 32546786.986600555, 32547076.98566169, 32547366.984722823, 32547656.98378396, 32547945.982848328, 32548236.981906224, 32548524.980973832, 32548814.980034966, 32549104.9790961, 32549393.978160474, 32549682.97722485, 32549972.97628598, 32550262.975347117, 32550551.97441149, 32550842.973469384]	0.0	0.0	0.0
2820.960142789329	2.0	trials	5.0	0.0	0.0	0.0	0.0	0.0	True	40.0	0.0	0.005	[32658113.626182973, 32658403.625244107, 32658693.62430524, 32658982.62336961, 32659272.622430746, 32659561.621495124, 32659851.620556254, 32660141.61961739, 32660431.618678525, 32660720.617742892, 32661010.616804034, 32661299.615868405, 32661588.61493277, 32661879.613990672, 32662169.613051806, 32662457.61211941, 32662748.61117731, 32663036.610244922, 32663327.60930282, 32663616.60836719]	0.0	0.0	0.0
2828.462835299573	2.0	trials	5.0	0.0	0.0	0.0	0.0	0.0	True	40.0	0.0	0.005	[32744949.34505422, 32745239.344115354, 32745529.343176488, 32745819.34223762, 32746107.34130523, 32746397.340366364, 32746688.33942426, 32746978.3384854, 32747267.337549765, 32747557.3366109, 32747846.335675277, 32748136.334736407, 32748425.333800778, 32748714.33286515, 32749005.331923045, 32749295.330984186, 32749584.330048557, 32749873.32911293, 32750163.328174062, 32750453.327235196]	0.0	0.0	0.0
2838.3662304376094	2.0	trials	5.0	0.0	0.0	0.0	0.0	0.0	True	40.0	0.0	0.005	[32859572.97396271, 32859862.973023843, 32860151.972088214, 32860440.971152585, 32860730.97021372, 32861020.96927486, 32861310.968335986, 32861599.96740036, 32861889.9664615, 32862178.96552587, 32862468.964587, 32862758.963648137, 32863047.96271251, 32863337.961773638, 32863626.960838016, 32863916.95989915, 32864206.95896028, 32864495.958024655, 32864785.95708579, 32865076.956143685]	0.0	0.0	0.0
2846.4842617557115	2.0	trials	5.0	0.0	0.0	0.0	0.0	0.0	True	40.0	0.0	0.005	[32953530.669776708, 32953821.6688346, 32954110.667898975, 32954400.666960113, 32954688.666027725, 32954979.665085614, 32955269.66414675, 32955559.66320788, 32955847.662275493, 32956137.66133663, 32956427.660397764, 32956716.65946213, 32957007.65852003, 32957295.657587644, 32957585.65664877, 32957875.65570991, 32958165.654771045, 32958455.65383218, 32958744.65289655, 32959034.651957683]	0.0	0.0	0.0
2855.3270139275496	2.0	trials	5.0	0.0	0.0	0.0	0.0	0.0	True	40.0	0.0	0.005	[33055878.338428352, 33056167.337492723, 33056456.33655709, 33056746.33561823, 33057035.334682602, 33057325.333743736, 33057615.33280487, 33057905.331866004, 33058194.330930375, 33058483.32999475, 33058773.329055883, 33059064.328113776, 33059353.32717815, 33059642.32624252, 33059932.32530366, 33060222.32436479, 33060511.32342916, 33060800.322493535, 33061091.321551427, 33061380.320615802]	0.0	0.0	0.0
2861.046329811425	2.0	trials	5.0	0.0	0.0	0.0	0.0	0.0	True	40.0	0.0	0.005	[33122075.12411769, 33122363.123185303, 33122653.12224644, 33122942.121310808, 33123232.12037194, 33123521.119436316, 33123811.11849745, 33124100.11756182, 33124391.11661972, 33124681.11568085, 33124971.11474199, 33125260.11380636, 33125550.11286749, 33125838.1119351, 33126129.110993, 33126418.110057373, 33126707.10912174, 33126997.108182877, 33127287.10724401, 33127576.10630838]	0.0	0.0	0.0
2870.688106596444	2.0	trials	5.0	0.0	0.0	0.0	0.0	0.0	True	40.0	0.0	0.005	[33233668.762835715, 33233957.761900082, 33234247.76096122, 33234536.76002559, 33234825.759089958, 33235115.75815109, 33235406.75720899, 33235694.756276604, 33235985.7553345, 33236274.75439887, 33236563.753463242, 33236854.75252114, 33237143.75158551, 33237432.750649884, 33237723.749707777, 33238013.74876891, 33238301.747836523, 33238592.74689442, 33238881.74595879, 33239171.745019928]	0.0	0.0	0.0
2877.0364988437022	2.0	trials	5.0	0.0	0.0	0.0	0.0	0.0	True	40.0	0.0	0.005	[33307145.52495629, 33307433.524023898, 33307723.52308503, 33308014.522142928, 33308303.5212073, 33308592.520271674, 33308882.519332808, 33309171.51839718, 33309462.517455075, 33309751.516519446, 33310041.515580583, 33310330.51464495, 33310620.513706084, 33310910.512767226, 33311200.51182835, 33311489.510892726, 33311778.5099571, 33312068.50901823, 33312358.50807937, 33312648.507140502]	0.0	0.0	0.0
2885.0706360334093	2.0	trials	5.0	0.0	0.0	0.0	0.0	0.0	True	40.0	0.0	0.005	[33400132.22391387, 33400422.222975004, 33400712.22203614, 33401001.22110051, 33401290.22016488, 33401580.219226014, 33401871.218283914, 33402160.21734829, 33402450.216409415, 33402739.21547379, 33403029.214534927, 33403319.213596057, 33403608.21266043, 33403898.211721566, 33404187.210785933, 33404477.209847074, 33404766.208911445, 33405055.207975812, 33405345.207036946, 33405635.206098083]	0.0	0.0	0.0
2891.760393575507	2.0	trials	5.0	0.0	0.0	0.0	0.0	0.0	True	40.0	0.0	0.005	[33477559.973243207, 33477849.972304344, 33478140.97136224, 33478428.970429845, 33478717.969494224, 33479007.968555357, 33479297.967616487, 33479587.966677625, 33479875.965745237, 33480167.964799892, 33480455.963867504, 33480745.962928638, 33481036.961986534, 33481325.961050905, 33481614.960115276, 33481904.959176417, 33482193.95824078, 33482484.957298685, 33482773.956363056, 33483063.955424182]	0.0	0.0	0.0
2899.66855997304	2.0	trials	5.0	0.0	0.0	0.0	0.0	0.0	True	40.0	0.0	0.005	[33569090.67691454, 33569379.675978914, 33569669.67504005, 33569959.67410118, 33570248.67316555, 33570538.67222669, 33570828.67128782, 33571117.6703522, 33571407.66941333, 33571697.668474466, 33571987.6675356, 33572276.66659997, 33572565.66566434, 33572855.66472548, 33573145.663786605, 33573434.66285098, 33573724.66191212, 33574014.66097325, 33574304.66003439, 33574594.65909552]	0.0	0.0	0.0
2907.066622422021	2.0	trials	5.0	0.0	0.0	0.0	0.0	0.0	True	40.0	0.0	0.005	[33654716.39970312, 33655005.39876749, 33655296.3978254, 33655585.39688976, 33655875.3959509, 33656164.39501527, 33656454.3940764, 33656743.39314078, 33657034.392198674, 33657323.391263045, 33657613.39032418, 33657901.38939179, 33658192.38844969, 33658481.387514055, 33658771.38657519, 33659060.38563956, 33659349.384703934, 33659639.38376507, 33659929.38282621, 33660219.38188734]	0.0	0.0	0.0
2916.8881106252293	2.0	trials	5.0	0.0	0.0	0.0	0.0	0.0	True	40.0	0.0	0.005	[33768390.03168721, 33768681.030745104, 33768970.029809475, 33769259.028873846, 33769549.02793498, 33769839.02699611, 33770129.02605725, 33770418.02512162, 33770708.02418275, 33770997.02324713, 33771287.02230827, 33771577.021369405, 33771866.02043377, 33772156.019494906, 33772446.01855604, 33772735.01762041, 33773025.016681544, 33773315.01574268, 33773604.01480705, 33773893.013871424]	0.0	0.0	0.0
2923.4883580571136	2.0	trials	5.0	0.0	0.0	0.0	0.0	0.0	True	40.0	0.0	0.005	[33844782.78436733, 33845072.78342847, 33845361.78249283, 33845650.78155721, 33845940.78061834, 33846229.77968272, 33846519.77874385, 33846808.77780822, 33847098.77686936, 33847389.77592725, 33847677.77499486, 33847968.77405276, 33848258.77311389, 33848547.77217826, 33848836.77124264, 33849126.77030377, 33849416.7693649, 33849705.76842928, 33849994.76749365, 33850285.76655155]	0.0	0.0	0.0
2932.6021461514806	2.0	trials	5.0	0.0	0.0	0.0	0.0	0.0	True	40.0	0.0	0.005	[33950267.44286303, 33950556.44192741, 33950845.44099178, 33951135.44005291, 33951425.43911405, 33951713.43818166, 33952003.43724279, 33952293.43630393, 33952583.435365066, 33952872.43442943, 33953162.43349057, 33953452.432551704, 33953741.43161607, 33954031.43067721, 33954321.42973834, 33954610.428802714, 33954900.42786385, 33955188.42693146, 33955480.42598612, 33955770.42504725]	0.0	0.0	0.0
2939.1483937581884	2.0	trials	5.0	0.0	0.0	0.0	0.0	0.0	True	40.0	0.0	0.005	[34026033.19757306, 34026323.19663418, 34026613.195695326, 34026902.1947597, 34027191.19382406, 34027481.1928852, 34027771.191946335, 34028060.1910107, 34028350.19007184, 34028641.18912973, 34028929.18819734, 34029218.187261716, 34029509.18631961, 34029798.18538398, 34030087.18444836, 34030377.18350949, 34030667.18257062, 34030957.18163176, 34031246.18069613, 34031534.17976374]	0.0	0.0	0.0
2945.78441067427	2.0	trials	5.0	0.0	0.0	0.0	0.0	0.0	True	40.0	0.0	0.005	[34102838.94891609, 34103128.94797724, 34103418.94703837, 34103707.94610274, 34103997.945163876, 34104286.94422825, 34104575.94329261, 34104866.942350514, 34105155.941414885, 34105444.940479256, 34105733.93954363, 34106024.93860152, 34106314.93766266, 34106603.93672703, 34106893.93578816, 34107182.93485254, 34107471.93391691, 34107762.93297481, 34108051.93203918, 34108341.93110031]	0.0	0.0	0.0
2954.784496736744	2.0	trials	5.0	0.0	0.0	0.0	0.0	0.0	True	40.0	0.0	0.005	[34207006.61167555, 34207295.610739924, 34207586.60979782, 34207875.60886219, 34208164.60792656, 34208454.6069877, 34208743.60605207, 34209034.60510997, 34209323.60417434, 34209613.60323547, 34209901.60230308, 34210192.60136098, 34210481.60042535, 34210770.59948972, 34211061.59854762, 34211351.59760875, 34211640.59667312, 34211929.5957375, 34212219.594798625, 34212508.593863]	0.0	0.0	0.0
2960.520660566075	2.0	trials	5.0	0.0	0.0	0.0	0.0	0.0	True	40.0	0.0	0.005	[34273397.39673683, 34273687.39579795, 34273977.3948591, 34274266.39392347, 34274555.39298784, 34274846.39204574, 34275135.39111011, 34275425.39017124, 34275714.389235616, 34276004.388296746, 34276293.38736112, 34276583.386422254, 34276873.385483384, 34277163.38454452, 34277451.38361213, 34277742.38267002, 34278030.381737635, 34278321.38079553, 34278609.37986314, 34278899.37892427]	0.0	0.0	0.0
2967.960454079953	2.0	trials	5.0	0.0	0.0	0.0	0.0	0.0	True	40.0	0.0	0.005	[34359506.117961705, 34359796.11702284, 34360084.116090454, 34360375.11514835, 34360664.11421272, 34360954.11327385, 34361244.11233499, 34361533.11139937, 34361823.11046049, 34362113.109521635, 34362402.108586006, 34362693.1076439, 34362981.10671151, 34363271.105772644, 34363561.104833774, 34363850.10389815, 34364140.10295928, 34364430.10202042, 34364719.10108479, 34365008.10014916]	0.0	0.0	0.0
2975.804771084197	2.0	trials	5.0	0.0	0.0	0.0	0.0	0.0	True	40.0	0.0	0.005	[34450295.82403201, 34450586.8230899, 34450875.822154276, 34451165.82121541, 34451454.82027978, 34451744.819340914, 34452033.818405285, 34452324.81746318, 34452613.81652755, 34452903.81558869, 34453192.81465306, 34453482.81371419, 34453771.81277857, 34454061.81183971, 34454351.81090084, 34454640.80996521, 34454929.80902958, 34455220.808087476, 34455510.80714861, 34455799.806212984]	0.0	0.0	0.0
2984.664457601211	2.0	trials	5.0	0.0	0.0	0.0	0.0	0.0	True	40.0	0.0	0.005	[34552839.492049105, 34553129.491110235, 34553418.490174614, 34553707.489238985, 34553996.488303356, 34554287.48736125, 34554575.486428864, 34554867.48548352, 34555157.48454466, 34555446.48360903, 34555735.4826734, 34556025.48173454, 34556315.48079567, 34556605.479856804, 34556893.478924416, 34557182.47798879, 34557472.47704992, 34557762.476111054, 34558052.475172184, 34558342.47423332]	0.0	0.0	0.0
2991.8225016272445	2.0	trials	5.0	0.0	0.0	0.0	0.0	0.0	True	40.0	0.0	0.005	[34635688.22382814, 34635976.22289575, 34636266.22195688, 34636555.22102125, 34636845.22008239, 34637134.21914676, 34637425.218204655, 34637715.21726579, 34638004.216330156, 34638294.21539129, 34638583.214455664, 34638873.213516794, 34639162.21258117, 34639451.21164554, 34639741.21070667, 34640031.20976781, 34640321.20882895, 34640611.20789008, 34640901.206951216, 34641190.20601559]	0.0	0.0	0.0
2999.784581450235	2.0	trials	5.0	0.0	0.0	0.0	0.0	0.0	True	40.0	0.0	0.005	[34727839.925489, 34728130.9245469, 34728420.92360803, 34728709.9226724, 34728998.92173678, 34729288.92079791, 34729578.919859044, 34729868.91892018, 34730157.91798455, 34730447.91704568, 34730736.91611006, 34731025.91517443, 34731316.91423233, 34731606.91329346, 34731894.91236107, 34732185.91141897, 34732475.9104801, 34732764.90954447, 34733053.90860885, 34733343.90766998]	0.0	0.0	0.0
3005.2052999008106	2.0	trials	5.0	0.0	0.0	0.0	0.0	0.0	True	40.0	0.0	0.005	[34790580.72236703, 34790868.72143464, 34791159.720492534, 34791448.719556905, 34791738.71861805, 34792028.71767917, 34792318.71674032, 34792607.71580469, 34792897.71486582, 34793187.713926956, 34793476.71299133, 34793765.7120557, 34794056.711113594, 34794345.710177965, 34794634.70924234, 34794923.70830671, 34795214.707364604, 34795503.706428975, 34795792.70549335, 34796082.70455448]	0.0	0.0	0.0
3014.586581529176	2.0	trials	5.0	0.0	0.0	0.0	0.0	0.0	True	40.0	0.0	0.005	[34899161.37083954, 34899450.369903915, 34899740.368965045, 34900029.36802942, 34900319.36709055, 34900609.36615169, 34900897.365219295, 34901188.36427719, 34901476.3633448, 34901766.36240593, 34902056.36146707, 34902346.36052821, 34902636.35958934, 34902925.35865371, 34903215.35771485, 34903504.35677922, 34903795.355837114, 34904083.354904726, 34904373.353965856, 34904663.35302699]	0.0	0.0	0.0
3023.57448523109	2.0	trials	5.0	0.0	0.0	0.0	0.0	0.0	True	40.0	0.0	0.005	[35003186.03406195, 35003476.03312308, 35003766.03218422, 35004056.03124535, 35004346.03030649, 35004635.02937086, 35004924.02843524, 35005215.02749313, 35005503.02656074, 35005794.025618635, 35006082.02468624, 35006372.02374738, 35006662.022808515, 35006951.02187288, 35007242.02093078, 35007531.01999515, 35007822.01905305, 35008110.01812066, 35008400.01718179, 35008689.01624617]	0.0	0.0	0.0
3053.581280884932	2.0	trials	6.0	0.0	0.0	0.0	0.0	0.0	True	40.0	0.0	0.005	[35350487.909679666, 35350776.90874404, 35351065.90780841, 35351355.906869546, 35351644.90593392, 35351934.90499505, 35352224.90405619, 35352513.903120555, 35352803.902181685, 35353093.90124283, 35353382.90030719, 35353673.8993651, 35353961.89843271, 35354251.89749383, 35354541.89655498, 35354831.89561611, 35355120.89468047, 35355410.893741615, 35355700.892802745, 35355989.891867116]	0.0	0.0	0.0
3059.4915401506337	2.0	trials	6.0	0.0	0.0	0.0	0.0	0.0	True	40.0	0.0	0.005	[35418894.688214205, 35419183.687278576, 35419472.68634295, 35419762.685404085, 35420051.684468456, 35420341.683529586, 35420631.68259072, 35420920.681655094, 35421210.68071623, 35421500.67977736, 35421789.67884173, 35422079.67790287, 35422368.67696725, 35422658.67602837, 35422947.67509275, 35423237.67415389, 35423527.67321502, 35423816.67227939, 35424106.671340525, 35424396.670401655]	0.0	0.0	0.0
3068.96794787103	2.0	trials	6.0	0.0	0.0	0.0	0.0	0.0	True	40.0	0.0	0.005	[35528573.33313198, 35528864.33218987, 35529153.331254244, 35529443.330315374, 35529732.329379745, 35530021.32844412, 35530312.32750201, 35530602.32656315, 35530891.32562752, 35531181.32468865, 35531471.323749796, 35531760.32281416, 35532049.32187853, 35532340.320936434, 35532629.320000805, 35532918.31906517, 35533208.31812631, 35533498.31718744, 35533788.31624858, 35534077.31531295]	0.0	0.0	0.0
3077.2702697924965	2.0	trials	6.0	0.0	0.0	0.0	0.0	0.0	True	40.0	0.0	0.005	[35624665.022037216, 35624955.021098346, 35625245.02015948, 35625534.019223854, 35625824.01828499, 35626113.01734937, 35626403.01641049, 35626692.01547486, 35626983.01453276, 35627271.01360037, 35627561.01266151, 35627851.01172265, 35628141.01078378, 35628431.009844914, 35628721.008906044, 35629010.007970415, 35629299.00703479, 35629589.00609592, 35629879.00515706, 35630168.00422143]	0.0	0.0	0.0
3084.21162332006	2.0	trials	6.0	0.0	0.0	0.0	0.0	0.0	True	40.0	0.0	0.005	[35705005.761935815, 35705294.76100019, 35705584.760061316, 35705873.75912569, 35706163.75818683, 35706452.757251196, 35706742.75631233, 35707032.75537347, 35707322.7544346, 35707611.75349897, 35707901.75256011, 35708191.75162124, 35708481.75068238, 35708770.74974675, 35709059.74881112, 35709349.747872256, 35709639.746933386, 35709929.74599452, 35710218.745058894, 35710508.74412003]	0.0	0.0	0.0
3091.4197791838574	2.0	trials	6.0	0.0	0.0	0.0	0.0	0.0	True	40.0	0.0	0.005	[35788432.49184359, 35788722.49090472, 35789011.48996909, 35789301.48903023, 35789590.4880946, 35789881.487152494, 35790170.48621687, 35790460.485277995, 35790749.484342374, 35791039.48340351, 35791328.482467875, 35791618.48152901, 35791908.48059015, 35792197.47965451, 35792487.47871566, 35792777.47777679, 35793067.476837926, 35793356.4759023, 35793645.47496667, 35793935.474027805]	0.0	0.0	0.0
3098.965498754802	2.0	trials	6.0	0.0	0.0	0.0	0.0	0.0	True	40.0	0.0	0.005	[35875768.2090961, 35876058.208157234, 35876347.207221605, 35876636.206285976, 35876927.20534387, 35877217.204405, 35877506.20346937, 35877796.20253051, 35878085.20159489, 35878374.20065925, 35878664.19972039, 35878953.19878476, 35879244.19784266, 35879532.19691027, 35879822.19597141, 35880111.19503577, 35880402.194093674, 35880691.193158045, 35880982.19221594, 35881271.19128031]	0.0	0.0	0.0
3106.8202701252003	2.0	trials	6.0	0.0	0.0	0.0	0.0	0.0	True	40.0	0.0	0.005	[35966678.91477466, 35966968.913835794, 35967258.91289693, 35967546.91196454, 35967836.91102567, 35968127.91008357, 35968416.90914794, 35968705.90821231, 35968995.90727345, 35969285.90633459, 35969575.90539572, 35969864.90446009, 35970154.903521225, 35970444.902582355, 35970732.90164997, 35971023.90070786, 35971312.899772234, 35971602.89883337, 35971892.89789451, 35972181.89695887]	0.0	0.0	0.0
3114.7396684863706	2.0	trials	6.0	0.0	0.0	0.0	0.0	0.0	True	40.0	0.0	0.005	[36058338.61802836, 36058627.61709273, 36058917.61615387, 36059208.61521176, 36059497.61427614, 36059787.61333727, 36060075.61240488, 36060365.61146601, 36060655.61052715, 36060944.60959152, 36061235.60864942, 36061524.60771379, 36061813.60677816, 36062104.605836056, 36062393.60490043, 36062682.6039648, 36062972.603025936, 36063262.602087066, 36063552.60114821, 36063842.60020933]	0.0	0.0	0.0
3124.2317145561387	2.0	trials	6.0	0.0	0.0	0.0	0.0	0.0	True	40.0	0.0	0.005	[36168201.26235043, 36168489.261418045, 36168779.260479175, 36169069.25954031, 36169359.25860145, 36169649.25766258, 36169939.25672372, 36170228.25578809, 36170518.25484922, 36170807.253913596, 36171096.25297797, 36171387.25203586, 36171677.25109699, 36171966.250161365, 36172256.24922251, 36172545.24828687, 36172835.24734801, 36173125.24640915, 36173414.24547351, 36173704.24453465]	0.0	0.0	0.0
3132.2837364879433	2.0	trials	6.0	0.0	0.0	0.0	0.0	0.0	True	40.0	0.0	0.005	[36261394.96063785, 36261684.95969899, 36261974.95876013, 36262263.9578245, 36262553.956885636, 36262842.95595001, 36263132.95501114, 36263421.95407551, 36263711.953136645, 36264000.95220102, 36264291.95125891, 36264580.95032328, 36264870.94938442, 36265159.94844879, 36265449.94750993, 36265739.94657106, 36266028.94563543, 36266318.94469657, 36266607.94376094, 36266898.942818835]	0.0	0.0	0.0
3138.555319383871	2.0	trials	6.0	0.0	0.0	0.0	0.0	0.0	True	40.0	0.0	0.005	[36333982.72563655, 36334271.72470091, 36334561.72376205, 36334851.72282319, 36335141.72188432, 36335430.72094869, 36335719.72001307, 36336009.71907419, 36336299.718135335, 36336589.717196465, 36336878.716260836, 36337168.71532197, 36337458.71438311, 36337748.71344424, 36338037.71250861, 36338327.71156975, 36338616.71063412, 36338906.70969525, 36339196.70875639, 36339486.70781752]	0.0	0.0	0.0
3146.8358685758253	2.0	trials	6.0	0.0	0.0	0.0	0.0	0.0	True	40.0	0.0	0.005	[36429822.41535763, 36430112.414418764, 36430401.413483135, 36430691.412544265, 36430981.4116054, 36431270.410669774, 36431560.40973091, 36431849.40879528, 36432140.40785318, 36432429.40691755, 36432718.40598192, 36433009.40503982, 36433298.40410419, 36433588.403165326, 36433877.4022297, 36434166.40129407, 36434456.400355205, 36434746.39941634, 36435036.39847747, 36435326.3975386]	0.0	0.0	0.0
3152.2520078412267	2.0	trials	6.0	0.0	0.0	0.0	0.0	0.0	True	40.0	0.0	0.005	[36492510.212407246, 36492799.21147162, 36493088.21053599, 36493378.209597126, 36493668.208658256, 36493958.20771939, 36494247.20678377, 36494537.205844894, 36494826.20490927, 36495116.20397041, 36495406.20303153, 36495695.20209591, 36495985.20115705, 36496276.200214945, 36496564.19928256, 36496854.19834369, 36497144.197404824, 36497434.196465954, 36497723.195530325, 36498013.19459146]	0.0	0.0	0.0
3157.731391701875	2.0	trials	6.0	0.0	0.0	0.0	0.0	0.0	True	40.0	0.0	0.005	[36555928.00709351, 36556218.00615465, 36556508.00521579, 36556797.00428016, 36557086.00334452, 36557376.00240566, 36557666.001466796, 36557955.00053117, 36558245.99958906, 36558534.998653434, 36558823.997717805, 36559113.99677894, 36559402.99584331, 36559693.99490121, 36559982.99396558, 36560273.99302348, 36560562.99208785, 36560852.991148986, 36561140.99021659, 36561431.98927449]	0.0	0.0	0.0
3165.579251094651	2.0	trials	6.0	0.0	0.0	0.0	0.0	0.0	True	40.0	0.0	0.005	[36646759.713027835, 36647049.71208897, 36647338.71115334, 36647628.71021447, 36647917.709278844, 36648207.70833999, 36648497.70740111, 36648787.70646226, 36649077.70552338, 36649366.70458776, 36649655.70365213, 36649945.702713266, 36650234.70177763, 36650525.70083553, 36650813.699903145, 36651104.69896104, 36651393.69802541, 36651683.69708654, 36651974.69614444, 36652262.69521205]	0.0	0.0	0.0
3175.575957930594	2.0	trials	6.0	0.0	0.0	0.0	0.0	0.0	True	40.0	0.0	0.005	[36762463.33843986, 36762752.33750423, 36763041.33656861, 36763331.33562974, 36763621.33469088, 36763910.33375525, 36764200.33281638, 36764490.331877515, 36764779.330941886, 36765069.330003016, 36765359.32906415, 36765648.328128524, 36765938.32718966, 36766228.32625079, 36766517.32531516, 36766807.32437631, 36767096.32344067, 36767386.3225018, 36767676.321562946, 36767966.32062407]	0.0	0.0	0.0
3181.4600380810493	2.0	trials	6.0	0.0	0.0	0.0	0.0	0.0	True	40.0	0.0	0.005	[36830564.117965065, 36830854.1170262, 36831144.11608734, 36831434.11514847, 36831724.1142096, 36832013.11327398, 36832304.11233187, 36832592.11139948, 36832883.110457376, 36833172.10952175, 36833461.10858612, 36833751.107647255, 36834041.106708385, 36834330.105772756, 36834620.1048339, 36834910.10389502, 36835200.10295617, 36835489.10202054, 36835779.10108167, 36836069.10014281]	0.0	0.0	0.0
3187.33038067598	2.0	trials	6.0	0.0	0.0	0.0	0.0	0.0	True	40.0	0.0	0.005	[36898508.897995315, 36898798.897056445, 36899089.89611435, 36899377.895181954, 36899667.89424309, 36899956.89330746, 36900246.8923686, 36900537.89142649, 36900826.89049087, 36901115.88955524, 36901405.88861637, 36901695.887677506, 36901985.886738636, 36902274.88580301, 36902563.884867385, 36902853.883928515, 36903144.88298641, 36903433.88205078, 36903722.88111516, 36904012.88017629]	0.0	0.0	0.0
3195.918599271864	2.0	trials	6.0	0.0	0.0	0.0	0.0	0.0	True	40.0	0.0	0.005	[36997910.57618454, 36998200.57524567, 36998489.57431004, 36998779.57337118, 36999069.57243231, 36999358.57149669, 36999647.57056106, 36999937.56962219, 37000227.568683326, 37000517.567744456, 37000806.56680883, 37001096.56586997, 37001386.564931095, 37001675.56399547, 37001965.56305661, 37002254.562120974, 37002544.56118211, 37002833.56024649, 37003124.55930438, 37003413.55836876]	0.0	0.0	0.0
3203.8176072990477	2.0	trials	6.0	0.0	0.0	0.0	0.0	0.0	True	40.0	0.0	0.005	[37089333.28020552, 37089624.279263414, 37089913.278327785, 37090203.27738892, 37090493.27645005, 37090782.275514424, 37091072.27457556, 37091362.27363669, 37091651.27270107, 37091940.27176544, 37092230.27082658, 37092519.26989094, 37092810.268948846, 37093100.268009976, 37093389.26707435, 37093679.266135484, 37093968.265199855, 37094257.264264226, 37094547.26332536, 37094837.26238649]	0.0	0.0	0.0
3213.391646703364	2.0	trials	6.0	0.0	0.0	0.0	0.0	0.0	True	40.0	0.0	0.005	[37200144.921455234, 37200434.92051637, 37200723.919580735, 37201013.91864188, 37201303.91770301, 37201592.91676738, 37201882.91582852, 37202171.91489289, 37202462.913950786, 37202751.91301516, 37203040.91207953, 37203329.9111439, 37203619.91020504, 37203910.90926293, 37204199.908327304, 37204489.907388434, 37204778.906452805, 37205068.90551395, 37205357.90457831, 37205647.90363945]	0.0	0.0	0.0
3220.424065536106	2.0	trials	6.0	0.0	0.0	0.0	0.0	0.0	True	40.0	0.0	0.005	[37281538.65794478, 37281828.65700591, 37282117.656070285, 37282407.65513142, 37282696.65419579, 37282986.65325692, 37283275.6523213, 37283565.65138243, 37283854.6504468, 37284144.64950794, 37284434.64856907, 37284724.64763021, 37285014.646691345, 37285303.64575571, 37285593.644816846, 37285882.64388122, 37286172.642942354, 37286462.642003484, 37286751.64106786, 37287041.640129]	0.0	0.0	0.0
3228.2862672824485	2.0	trials	6.0	0.0	0.0	0.0	0.0	0.0	True	40.0	0.0	0.005	[37372536.36334168, 37372825.36240606, 37373115.36146718, 37373405.36052833, 37373695.35958945, 37373984.35865383, 37374273.3577182, 37374563.35677934, 37374852.3558437, 37375143.354901604, 37375432.353965975, 37375721.35303035, 37376011.352091484, 37376301.351152614, 37376591.35021375, 37376880.34927812, 37377170.34833926, 37377460.34740039, 37377749.34646476, 37378039.3455259]	0.0	0.0	0.0
3236.3377708159323	2.0	trials	6.0	0.0	0.0	0.0	0.0	0.0	True	40.0	0.0	0.005	[37465725.06164529, 37466013.060712904, 37466304.0597708, 37466594.05883194, 37466883.05789631, 37467172.05696068, 37467462.05602181, 37467751.05508619, 37468041.05414732, 37468331.053208455, 37468621.05226959, 37468910.05133396, 37469199.05039833, 37469490.04945623, 37469780.04851736, 37470069.04758174, 37470358.04664611, 37470647.04571048, 37470938.04476838, 37471227.04383275]	0.0	0.0	0.0
3242.9978068542523	2.0	trials	6.0	0.0	0.0	0.0	0.0	0.0	True	40.0	0.0	0.005	[37542808.812088326, 37543097.8111527, 37543387.810213834, 37543675.809281446, 37543966.808339335, 37544256.80740047, 37544545.80646485, 37544835.80552597, 37545124.80459035, 37545415.80364824, 37545704.80271262, 37545993.80177699, 37546283.80083813, 37546572.79990249, 37546862.798963636, 37547152.798024766, 37547441.79708913, 37547731.796150275, 37548022.79520817, 37548311.79427254]	0.0	0.0	0.0
3248.480473904272	2.0	trials	6.0	0.0	0.0	0.0	0.0	0.0	True	40.0	0.0	0.005	[37606264.60665157, 37606554.605712704, 37606844.604773834, 37607133.603838205, 37607422.602902584, 37607711.601966955, 37608002.60102485, 37608293.60008275, 37608581.59915035, 37608871.59821149, 37609161.59727262, 37609451.596333764, 37609740.595398135, 37610030.594459265, 37610320.5935204, 37610608.592588015, 37610898.59164914, 37611188.59071028, 37611477.58977465, 37611768.58883254]	0.0	0.0	0.0
3255.52386550149	2.0	trials	6.0	0.0	0.0	0.0	0.0	0.0	True	40.0	0.0	0.005	[37687785.342729956, 37688075.341791086, 37688365.34085222, 37688655.33991336, 37688943.338980965, 37689233.3380421, 37689523.33710324, 37689813.33616437, 37690102.33522874, 37690392.33428988, 37690682.33335101, 37690971.33241538, 37691261.33147652, 37691550.33054089, 37691840.32960202, 37692130.328663155, 37692420.327724285, 37692709.326788664, 37692999.3258498, 37693288.32491417]	0.0	0.0	0.0
3263.173955934537	2.0	trials	6.0	0.0	0.0	0.0	0.0	0.0	True	40.0	0.0	0.005	[37776329.05607161, 37776618.05513597, 37776907.054200344, 37777198.05325825, 37777487.05232261, 37777777.05138375, 37778067.050444886, 37778356.04950926, 37778646.048570395, 37778934.047638, 37779224.04669914, 37779515.04575703, 37779805.04481817, 37780095.0438793, 37780384.04294367, 37780673.04200804, 37780962.04107242, 37781253.04013031, 37781541.03919792, 37781832.03825582]	0.0	0.0	0.0
3268.4977338989556	2.0	trials	6.0	0.0	0.0	0.0	0.0	0.0	True	40.0	0.0	0.005	[37837946.85658531, 37838235.85564968, 37838524.85471406, 37838815.85377195, 37839104.852836326, 37839393.851900704, 37839684.85095859, 37839973.85002297, 37840263.8490841, 37840553.84814523, 37840842.84720961, 37841131.84627398, 37841421.84533511, 37841710.84439948, 37842000.84346062, 37842290.84252175, 37842580.84158289, 37842870.840644024, 37843159.839708395, 37843449.838769525]	0.0	0.0	0.0
3275.912730693112	2.0	trials	6.0	0.0	0.0	0.0	0.0	0.0	True	40.0	0.0	0.005	[37923768.578739345, 37924057.57780372, 37924347.57686486, 37924637.57592599, 37924927.57498713, 37925215.57405474, 37925505.57311586, 37925795.57217701, 37926085.57123814, 37926375.570299275, 37926664.569363646, 37926955.56842154, 37927244.56748591, 37927533.566550285, 37927822.565614656, 37928113.56467255, 37928402.56373692, 37928691.562801294, 37928981.56186243, 37929271.56092356]	0.0	0.0	0.0
3281.8103755996517	2.0	trials	6.0	0.0	0.0	0.0	0.0	0.0	True	40.0	0.0	0.005	[37992028.3577498, 37992317.35681417, 37992607.355875306, 37992897.354936436, 37993186.35400081, 37993476.353061944, 37993765.352126315, 37994056.35118421, 37994344.35025182, 37994634.34931295, 37994923.348377325, 37995213.34743846, 37995503.3464996, 37995792.34556396, 37996082.3446251, 37996372.34368624, 37996662.34274737, 37996951.34181174, 37997241.340872884, 37997530.33993725]	0.0	0.0	0.0
3291.1833628548693	2.0	trials	6.0	0.0	0.0	0.0	0.0	0.0	True	40.0	0.0	0.005	[38100512.006536335, 38100801.005600706, 38101091.00466184, 38101380.003726214, 38101670.00278735, 38101959.00185172, 38102250.00090961, 38102538.99997399, 38102827.99903836, 38103118.99809626, 38103407.99716063, 38103697.996221766, 38103987.995282896, 38104275.99435051, 38104566.993408404, 38104856.99246954, 38105145.99153391, 38105434.99059828, 38105724.98965942, 38106013.98872379]	0.0	0.0	0.0
3299.5464237796946	2.0	trials	6.0	0.0	0.0	0.0	0.0	0.0	True	40.0	0.0	0.005	[38197305.69316888, 38197595.692230016, 38197884.69129438, 38198174.690355524, 38198464.689416654, 38198753.688481025, 38199043.68754216, 38199333.68660329, 38199622.685667664, 38199912.6847288, 38200202.68378993, 38200491.68285431, 38200780.68191868, 38201071.68097658, 38201360.68004095, 38201650.67910208, 38201939.67816645, 38202229.67722759, 38202518.67629196, 38202808.675353095]	0.0	0.0	0.0
3307.3876303940087	2.0	trials	6.0	0.0	0.0	0.0	0.0	0.0	True	40.0	0.0	0.005	[38288061.39934925, 38288350.39841362, 38288639.39747799, 38288930.39653589, 38289220.395597026, 38289509.3946614, 38289799.393722534, 38290087.39279014, 38290378.39184804, 38290667.39091241, 38290957.38997354, 38291246.389037915, 38291536.38809905, 38291826.38716018, 38292116.38622132, 38292406.38528245, 38292694.38435006, 38292984.3834112, 38293273.38247557, 38293563.3815367]	0.0	0.0	0.0
3317.2784111728834	2.0	trials	6.0	0.0	0.0	0.0	0.0	0.0	True	40.0	0.0	0.005	[38402537.02873688, 38402826.02780125, 38403117.02685916, 38403407.02592029, 38403696.024984665, 38403985.024049036, 38404275.02311016, 38404565.0221713, 38404854.021235675, 38405144.020296805, 38405434.01935794, 38405724.01841907, 38406013.01748344, 38406302.01654782, 38406592.01560895, 38406882.01467009, 38407172.01373122, 38407462.01279236, 38407751.01185673, 38408040.0109211]	0.0	0.0	0.0
3322.93094007298	2.0	trials	6.0	0.0	0.0	0.0	0.0	0.0	True	40.0	0.0	0.005	[38467959.81693202, 38468249.81599316, 38468539.8150543, 38468828.81411867, 38469119.813176565, 38469408.812240936, 38469698.811302066, 38469986.81036968, 38470276.809430815, 38470566.80849195, 38470855.807556316, 38471145.80661745, 38471435.80567859, 38471725.80473972, 38472014.80380409, 38472304.80286523, 38472593.8019296, 38472884.8009875, 38473173.800051875, 38473462.79911624]	0.0	0.0	0.0
3328.1961390270467	2.0	trials	6.0	0.0	0.0	0.0	0.0	0.0	True	40.0	0.0	0.005	[38528901.61963426, 38529189.61870187, 38529480.61775977, 38529769.61682414, 38530058.61588851, 38530348.61494965, 38530638.61401078, 38530927.61307515, 38531217.61213629, 38531506.61120066, 38531796.6102618, 38532086.60932293, 38532376.608384065, 38532664.60745167, 38532956.60650633, 38533244.60557394, 38533535.60463184, 38533824.603696205, 38534114.60275734, 38534403.60182172]	0.0	0.0	0.0
3333.957013176378	2.0	trials	6.0	0.0	0.0	0.0	0.0	0.0	True	40.0	0.0	0.005	[38595577.40377286, 38595866.40283723, 38596157.40189513, 38596446.4009595, 38596735.40002387, 38597025.39908501, 38597316.398142904, 38597604.39721051, 38597894.396271646, 38598184.39533278, 38598474.39439391, 38598763.393458284, 38599052.392522655, 38599342.3915838, 38599632.39064493, 38599922.38970606, 38600211.38877044, 38600501.38783157, 38600790.38689594, 38601081.385953836]	0.0	0.0	0.0
3340.095713302509	2.0	trials	6.0	0.0	0.0	0.0	0.0	0.0	True	40.0	0.0	0.005	[38666627.17375077, 38666916.172815144, 38667207.17187304, 38667496.17093741, 38667785.17000179, 38668075.16906291, 38668365.16812406, 38668654.16718843, 38668944.16624956, 38669234.165310696, 38669523.16437507, 38669813.1634362, 38670103.162497334, 38670392.161561705, 38670682.16062284, 38670972.15968397, 38671260.158751585, 38671551.15780948, 38671840.15687385, 38672130.15593498]	0.0	0.0	0.0
3345.457679943293	2.0	trials	6.0	0.0	0.0	0.0	0.0	0.0	True	40.0	0.0	0.005	[38728685.972836755, 38728975.97189789, 38729264.97096226, 38729555.97002016, 38729844.96908453, 38730134.96814566, 38730424.9672068, 38730714.966267936, 38731003.96533231, 38731293.96439344, 38731583.963454574, 38731872.96251895, 38732161.96158332, 38732451.960644454, 38732741.95970559, 38733031.95876672, 38733320.95783109, 38733609.95689547, 38733899.9559566, 38734188.95502097]	0.0	0.0	0.0
3355.5864919515484	2.0	trials	6.0	0.0	0.0	0.0	0.0	0.0	True	40.0	0.0	0.005	[38845918.59329869, 38846207.59236306, 38846496.59142744, 38846786.59048857, 38847075.58955294, 38847366.58861084, 38847655.587675214, 38847945.586736344, 38848235.58579748, 38848525.58485861, 38848814.58392298, 38849103.58298736, 38849393.58204849, 38849682.58111286, 38849973.58017076, 38850262.57923513, 38850551.5782995, 38850842.5773574, 38851130.57642501, 38851421.575482905]	0.0	0.0	0.0
3362.9658920609486	2.0	trials	6.0	0.0	0.0	0.0	0.0	0.0	True	40.0	0.0	0.005	[38931327.316789806, 38931618.3158477, 38931907.31491207, 38932197.31397321, 38932485.313040815, 38932776.31209871, 38933065.31116309, 38933355.31022422, 38933644.30928859, 38933934.30834973, 38934225.30740762, 38934514.306471996, 38934803.30553637, 38935093.3045975, 38935382.30366187, 38935671.30272625, 38935962.301784135, 38936252.30084527, 38936541.299909644, 38936830.29897402]	0.0	0.0	0.0
3370.315743466011	2.0	trials	6.0	0.0	0.0	0.0	0.0	0.0	True	40.0	0.0	0.005	[39016395.0413849, 39016685.04044602, 39016974.0395104, 39017264.03857154, 39017553.0376359, 39017844.036693804, 39018132.035761416, 39018422.03482254, 39018712.03388368, 39019002.03294481, 39019292.03200594, 39019581.03107032, 39019872.03012822, 39020160.02919582, 39020450.02825696, 39020739.02732133, 39021029.02638246, 39021319.0254436, 39021609.024504736, 39021898.023569115]	0.0	0.0	0.0
3379.3904788868103	2.0	trials	6.0	0.0	0.0	0.0	0.0	0.0	True	40.0	0.0	0.005	[39121427.70134393, 39121716.70040831, 39122006.69946944, 39122295.69853381, 39122585.69759495, 39122875.69665608, 39123164.69572045, 39123454.694781594, 39123744.69384272, 39124033.692907095, 39124323.69196823, 39124613.69102936, 39124903.6900905, 39125192.68915487, 39125481.688219234, 39125771.68728038, 39126061.68634151, 39126350.68540588, 39126640.68446702, 39126930.68352815]	0.0	0.0	0.0
3384.9676672308196	2.0	trials	6.0	0.0	0.0	0.0	0.0	0.0	True	40.0	0.0	0.005	[39185977.49236538, 39186267.49142652, 39186557.49048766, 39186847.48954879, 39187136.488613166, 39187427.487671055, 39187715.48673867, 39188006.48579656, 39188296.4848577, 39188585.48392207, 39188875.4829832, 39189164.48204758, 39189453.48111194, 39189743.48017308, 39190033.47923422, 39190323.47829535, 39190613.477356486, 39190902.47642086, 39191192.47548199, 39191481.474546365]	0.0	0.0	0.0
3390.175842369499	2.0	trials	6.0	0.0	0.0	0.0	0.0	0.0	True	40.0	0.0	0.005	[39246258.29720759, 39246547.29627196, 39246838.295329854, 39247127.29439423, 39247417.29345536, 39247706.29251973, 39247996.29158087, 39248285.29064524, 39248575.28970637, 39248864.28877075, 39249155.28782864, 39249444.28689301, 39249734.285954155, 39250023.285018526, 39250313.284079656, 39250603.28314079, 39250892.282205164, 39251182.2812663, 39251471.28033067, 39251761.2793918]	0.0	0.0	0.0
3397.7719329773686	2.0	trials	6.0	0.0	0.0	0.0	0.0	0.0	True	40.0	0.0	0.005	[39334176.01257589, 39334466.01163703, 39334755.0107014, 39335045.00976253, 39335335.00882367, 39335624.00788804, 39335914.00694918, 39336203.00601355, 39336493.00507468, 39336782.00413905, 39337073.00319695, 39337362.00226132, 39337652.001322456, 39337941.00038683, 39338229.9994512, 39338519.998512335, 39338810.99757023, 39339099.9966346, 39339389.99569574, 39339678.9947601]	0.0	0.0	0.0
3404.6364771536	2.0	trials	6.0	0.0	0.0	0.0	0.0	0.0	True	40.0	0.0	0.005	[39413625.755359076, 39413916.75441697, 39414205.75348135, 39414495.75254248, 39414784.75160685, 39415075.75066475, 39415364.74972912, 39415654.74879026, 39415942.74785786, 39416232.746919, 39416522.74598013, 39416811.74504451, 39417101.74410564, 39417391.743166775, 39417681.74222791, 39417971.741289034, 39418261.74035018, 39418550.73941455, 39418840.73847568, 39419129.73754005]	0.0	0.0	0.0
3412.1897135002105	2.0	trials	6.0	0.0	0.0	0.0	0.0	0.0	True	40.0	0.0	0.005	[39501047.47233316, 39501337.4713943, 39501627.47045543, 39501917.46951657, 39502206.46858094, 39502495.46764531, 39502786.466703214, 39503075.46576758, 39503364.46483195, 39503655.46388985, 39503944.46295422, 39504234.46201535, 39504524.46107649, 39504812.4601441, 39505101.459208466, 39505392.45826637, 39505682.4573275, 39505971.45639187, 39506261.45545301, 39506550.45451738]	0.0	0.0	0.0
3433.9705645853164	2.0	trials	7.0	0.0	0.0	0.0	0.0	0.0	True	40.0	0.0	0.005	[39753141.65618372, 39753431.65524485, 39753720.65430922, 39754010.65337036, 39754299.65243473, 39754589.65149586, 39754879.650557, 39755168.64962137, 39755458.648682505, 39755748.647743635, 39756037.646808006, 39756327.64586914, 39756616.644933514, 39756906.64399465, 39757196.64305579, 39757486.64211691, 39757776.64117806, 39758066.64023918, 39758354.63930679, 39758645.638364695]	0.0	0.0	0.0
3441.4654811207347	2.0	trials	7.0	0.0	0.0	0.0	0.0	0.0	True	40.0	0.0	0.005	[39839887.37534633, 39840177.37440747, 39840467.37346861, 39840757.37252974, 39841046.37159411, 39841335.37065848, 39841625.36971961, 39841914.36878399, 39842204.36784512, 39842494.366906255, 39842784.365967385, 39843073.365031764, 39843363.364092894, 39843652.363157265, 39843943.36221517, 39844232.36127953, 39844522.36034067, 39844811.35940504, 39845101.35846618, 39845390.35753054]	0.0	0.0	0.0
3447.6450483145604	2.0	trials	7.0	0.0	0.0	0.0	0.0	0.0	True	40.0	0.0	0.005	[39911411.143789686, 39911701.142850816, 39911990.14191519, 39912280.140976325, 39912569.1400407, 39912859.13910183, 39913148.138166204, 39913439.1372241, 39913728.13628847, 39914018.13534961, 39914308.13441074, 39914597.13347511, 39914886.13253949, 39915176.13160062, 39915465.13066499, 39915756.129722886, 39916045.12878726, 39916335.127848394, 39916624.126912765, 39916915.12597066]	0.0	0.0	0.0
3455.3798104734847	2.0	trials	7.0	0.0	0.0	0.0	0.0	0.0	True	40.0	0.0	0.005	[40000933.85396185, 40001223.85302299, 40001512.85208736, 40001802.85114849, 40002092.85020963, 40002381.849274, 40002671.84833513, 40002960.84739951, 40003249.84646388, 40003539.84552501, 40003829.84458615, 40004119.84364728, 40004409.84270842, 40004698.84177279, 40004988.84083392, 40005277.839898296, 40005567.838959426, 40005856.8380238, 40006146.837084934, 40006435.83614931]	0.0	0.0	0.0
3462.634622186236	2.0	trials	7.0	0.0	0.0	0.0	0.0	0.0	True	40.0	0.0	0.005	[40084901.58211815, 40085190.58118253, 40085480.58024366, 40085769.57930803, 40086060.57836593, 40086349.5774303, 40086638.57649467, 40086929.57555257, 40087218.57461694, 40087507.57368132, 40087798.572739206, 40088087.571803585, 40088376.570867956, 40088666.569929086, 40088955.56899346, 40089245.5680546, 40089535.567115724, 40089824.5661801, 40090114.56524124, 40090404.56430237]	0.0	0.0	0.0
3468.093442913457	2.0	trials	7.0	0.0	0.0	0.0	0.0	0.0	True	40.0	0.0	0.005	[40148082.3775717, 40148372.37663284, 40148660.375700444, 40148951.37475834, 40149240.37382271, 40149529.37288709, 40149819.37194823, 40150110.371006116, 40150399.37007049, 40150688.369134866, 40150978.368195996, 40151268.36725713, 40151557.366321504, 40151847.365382634, 40152137.36444377, 40152426.36350814, 40152716.36256927, 40153006.36163041, 40153295.36069478, 40153584.35975915]	0.0	0.0	0.0
3473.481415870046	2.0	trials	7.0	0.0	0.0	0.0	0.0	0.0	True	40.0	0.0	0.005	[40210442.17568321, 40210732.174744345, 40211022.173805475, 40211311.172869846, 40211600.17193422, 40211890.17099536, 40212180.170056485, 40212470.16911763, 40212759.168182, 40213048.167246364, 40213338.1663075, 40213628.16536864, 40213918.16442977, 40214207.16349415, 40214497.16255528, 40214787.161616415, 40215076.160680786, 40215366.159741916, 40215656.15880305, 40215945.157867424]	0.0	0.0	0.0
3480.6519878555205	2.0	trials	7.0	0.0	0.0	0.0	0.0	0.0	True	40.0	0.0	0.005	[40293434.90699604, 40293724.90605718, 40294014.90511831, 40294303.90418269, 40294593.90324382, 40294883.902304955, 40295172.901369326, 40295462.900430456, 40295751.89949483, 40296041.898555964, 40296331.897617094, 40296621.89667824, 40296910.8957426, 40297200.89480374, 40297490.89386488, 40297779.89292924, 40298068.89199361, 40298358.89105476, 40298648.89011589, 40298937.88918026]	0.0	0.0	0.0
3488.541578313193	2.0	trials	7.0	0.0	0.0	0.0	0.0	0.0	True	40.0	0.0	0.005	[40384749.61136667, 40385038.61043104, 40385328.609492175, 40385618.608553305, 40385908.60761444, 40386197.60667881, 40386487.60573995, 40386777.60480108, 40387066.60386546, 40387355.60292983, 40387646.60198772, 40387936.601048864, 40388225.60011323, 40388514.5991776, 40388804.59823874, 40389093.597303115, 40389383.59636424, 40389673.59542538, 40389963.59448651, 40390252.59355088]	0.0	0.0	0.0
3497.457338248671	2.0	trials	7.0	0.0	0.0	0.0	0.0	0.0	True	40.0	0.0	0.005	[40487942.277282655, 40488231.276347026, 40488521.27540816, 40488811.27446929, 40489100.273533665, 40489390.2725948, 40489679.271659166, 40489969.2707203, 40490259.26978144, 40490548.26884581, 40490838.26790695, 40491128.26696808, 40491418.26602922, 40491708.26509035, 40491996.26415796, 40492286.26321909, 40492576.262280226, 40492866.26134136, 40493155.260405734, 40493445.259466864]	0.0	0.0	0.0
3504.14752778937	2.0	trials	7.0	0.0	0.0	0.0	0.0	0.0	True	40.0	0.0	0.005	[40565374.02659904, 40565663.02566341, 40565954.02472132, 40566243.02378568, 40566533.02284682, 40566823.021907955, 40567112.02097233, 40567402.020033464, 40567691.019097835, 40567981.018158965, 40568270.017223336, 40568561.01628124, 40568849.015348844, 40569139.014409974, 40569429.01347111, 40569718.01253549, 40570009.01159338, 40570298.01065776, 40570588.009718895, 40570877.00878326]	0.0	0.0	0.0
3512.0139631220068	2.0	trials	7.0	0.0	0.0	0.0	0.0	0.0	True	40.0	0.0	0.005	[40656420.73183731, 40656709.73090168, 40657000.729959585, 40657290.729020715, 40657579.728085086, 40657869.72714622, 40658158.726210594, 40658448.725271724, 40658738.72433286, 40659027.72339724, 40659316.7224616, 40659607.72151951, 40659896.72058388, 40660185.71964824, 40660475.71870938, 40660764.71777376, 40661055.71683165, 40661343.71589926, 40661633.7149604, 40661923.71402153]	0.0	0.0	0.0
3518.734219765365	2.0	trials	7.0	0.0	0.0	0.0	0.0	0.0	True	40.0	0.0	0.005	[40734202.48002059, 40734492.47908173, 40734781.4781461, 40735071.477207236, 40735360.47627161, 40735650.47533274, 40735940.474393874, 40736229.473458245, 40736520.47251614, 40736808.47158375, 40737098.470644884, 40737387.469709255, 40737678.46876715, 40737968.46782829, 40738257.46689266, 40738546.46595703, 40738836.46501817, 40739126.464079306, 40739415.46314367, 40739705.46220481]	0.0	0.0	0.0
3524.266739453988	2.0	trials	7.0	0.0	0.0	0.0	0.0	0.0	True	40.0	0.0	0.005	[40798236.27271258, 40798525.271776944, 40798815.27083808, 40799104.26990246, 40799394.26896358, 40799683.26802796, 40799974.26708586, 40800263.26615023, 40800553.265211366, 40800842.26427574, 40801132.26333687, 40801422.262398005, 40801711.261462376, 40802001.26052351, 40802290.259587884, 40802580.258649014, 40802870.25771015, 40803160.25677128, 40803449.25583565, 40803739.2548968]	0.0	0.0	0.0
3532.110019661589	2.0	trials	7.0	0.0	0.0	0.0	0.0	0.0	True	40.0	0.0	0.005	[40889014.97881849, 40889303.977882855, 40889593.97694399, 40889883.97600513, 40890173.97506626, 40890462.97413063, 40890752.97319177, 40891041.97225614, 40891331.97131728, 40891620.97038165, 40891910.969442785, 40892199.96850715, 40892489.967568286, 40892779.96662942, 40893068.965693794, 40893358.964754924, 40893648.96381606, 40893938.96287719, 40894228.96193833, 40894517.96100271]	0.0	0.0	0.0
3540.9034375931456	2.0	trials	7.0	0.0	0.0	0.0	0.0	0.0	True	40.0	0.0	0.005	[40990789.6493252, 40991078.64838957, 40991368.64745071, 40991658.64651184, 40991948.645572975, 40992238.644634105, 40992527.643698476, 40992817.64275962, 40993106.641823985, 40993396.64088512, 40993686.63994626, 40993975.63901062, 40994265.63807176, 40994554.63713614, 40994845.63619403, 40995134.63525841, 40995423.63432278, 40995713.6333839, 40996003.632445045, 40996292.631509416]	0.0	0.0	0.0
3548.187366011632	2.0	trials	7.0	0.0	0.0	0.0	0.0	0.0	True	40.0	0.0	0.005	[41075094.37639048, 41075385.37544837, 41075675.374509506, 41075964.373573884, 41076254.372635014, 41076544.37169615, 41076833.37076052, 41077123.36982165, 41077412.368886024, 41077702.36794716, 41077991.36701153, 41078281.36607266, 41078570.36513704, 41078860.36419817, 41079150.36325931, 41079440.36232044, 41079729.36138482, 41080019.36044595, 41080308.35951032, 41080598.358571455]	0.0	0.0	0.0
3554.1759898236305	2.0	trials	7.0	0.0	0.0	0.0	0.0	0.0	True	40.0	0.0	0.005	[41144408.15198863, 41144697.151053, 41144987.15011414, 41145276.14917851, 41145566.14823964, 41145856.14730078, 41146145.14636515, 41146435.14542629, 41146725.14448742, 41147015.143548556, 41147303.14261616, 41147594.14167406, 41147883.14073843, 41148173.13979957, 41148462.138863936, 41148753.13792184, 41149042.13698621, 41149331.136050574, 41149621.13511171, 41149910.13417609]	0.0	0.0	0.0
3562.323137847468	2.0	trials	7.0	0.0	0.0	0.0	0.0	0.0	True	40.0	0.0	0.005	[41238703.84670837, 41238993.8457695, 41239282.84483387, 41239571.84389825, 41239862.84295614, 41240151.84202051, 41240440.84108489, 41240730.84014602, 41241020.83920716, 41241310.83826829, 41241599.83733266, 41241889.836393796, 41242179.835454926, 41242468.834519304, 41242757.833583675, 41243048.83264157, 41243337.83170594, 41243626.830770314, 41243917.82982821, 41244206.82889259]	0.0	0.0	0.0
3570.4536107252898	2.0	trials	7.0	0.0	0.0	0.0	0.0	0.0	True	40.0	0.0	0.005	[41332806.54205293, 41333096.54111407, 41333385.54017844, 41333675.53923957, 41333965.538300715, 41334254.53736508, 41334543.53642945, 41334833.53549059, 41335123.53455172, 41335412.53361609, 41335702.53267723, 41335992.531738356, 41336281.53080273, 41336571.52986387, 41336861.528924994, 41337150.52798937, 41337440.52705051, 41337729.52611488, 41338019.52517601, 41338309.52423715]	0.0	0.0	0.0
3579.15363055922	2.0	trials	7.0	0.0	0.0	0.0	0.0	0.0	True	40.0	0.0	0.005	[41433500.21605935, 41433790.21512048, 41434079.21418486, 41434369.21324599, 41434659.21230712, 41434948.2113715, 41435238.21043263, 41435528.209493764, 41435818.2085549, 41436108.20761603, 41436396.206683636, 41436687.20574154, 41436976.2048059, 41437265.20387028, 41437556.20292818, 41437844.20199579, 41438135.20105369, 41438424.20011806, 41438714.199179195, 41439003.198243566]	0.0	0.0	0.0
3586.557568189181	2.0	trials	7.0	0.0	0.0	0.0	0.0	0.0	True	40.0	0.0	0.005	[41519194.938624546, 41519484.937685676, 41519773.936750054, 41520062.935814425, 41520352.934875555, 41520642.93393669, 41520931.933001064, 41521221.932062194, 41521511.93112333, 41521800.9301877, 41522090.92924884, 41522380.92830997, 41522669.92737435, 41522959.92643548, 41523249.92549661, 41523539.924557745, 41523827.92362536, 41524118.922683254, 41524407.921747625, 41524697.92080876]	0.0	0.0	0.0
3593.4516610697488	2.0	trials	7.0	0.0	0.0	0.0	0.0	0.0	True	40.0	0.0	0.005	[41598986.68030052, 41599276.67936164, 41599566.67842279, 41599855.67748716, 41600145.67654829, 41600435.675609425, 41600725.674670555, 41601014.673734926, 41601304.67279606, 41601594.67185719, 41601883.670921564, 41602173.6699827, 41602462.66904707, 41602752.66810821, 41603041.66717258, 41603331.66623371, 41603621.665294856, 41603911.66435598, 41604200.66342036, 41604490.662481494]	0.0	0.0	0.0
3601.320429194833	2.0	trials	7.0	0.0	0.0	0.0	0.0	0.0	True	40.0	0.0	0.005	[41690061.38544813, 41690350.38451251, 41690641.383570395, 41690930.382634774, 41691219.381699145, 41691509.380760275, 41691799.37982141, 41692088.37888578, 41692378.37794691, 41692667.377011284, 41692958.37606919, 41693247.37513355, 41693537.3741947, 41693826.37325907, 41694116.3723202, 41694406.371381335, 41694695.370445706, 41694984.36951008, 41695275.36856797, 41695564.367632344]	0.0	0.0	0.0
3606.723867701353	2.0	trials	7.0	0.0	0.0	0.0	0.0	0.0	True	40.0	0.0	0.005	[41752602.18297366, 41752891.182038024, 41753181.18109916, 41753470.18016354, 41753759.17922791, 41754050.1782858, 41754339.17735018, 41754629.17641131, 41754918.17547568, 41755207.17454005, 41755497.17360119, 41755787.17266232, 41756076.171726696, 41756366.170787826, 41756656.16984896, 41756946.16891009, 41757236.16797123, 41757525.1670356, 41757815.16609674, 41758104.16516111]	0.0	0.0	0.0
3614.6077557774865	2.0	trials	7.0	0.0	0.0	0.0	0.0	0.0	True	40.0	0.0	0.005	[41843848.887564436, 41844137.88662881, 41844428.8856867, 41844717.884751074, 41845007.883812204, 41845297.88287334, 41845586.88193771, 41845876.88099884, 41846166.88005998, 41846455.87912435, 41846745.87818549, 41847034.87724986, 41847324.87631099, 41847613.87537536, 41847904.87443326, 41848194.873494394, 41848482.872562006, 41848772.871623136, 41849061.87068751, 41849351.869748645]	0.0	0.0	0.0
3621.1835520885315	2.0	trials	7.0	0.0	0.0	0.0	0.0	0.0	True	40.0	0.0	0.005	[41919957.64116399, 41920247.64022513, 41920537.63928626, 41920826.638350636, 41921116.637411766, 41921405.63647614, 41921695.635537274, 41921985.634598404, 41922274.633662775, 41922564.63272392, 41922854.63178504, 41923144.63084619, 41923434.62990732, 41923723.62897169, 41924012.62803606, 41924302.6270972, 41924591.62616157, 41924882.625219464, 41925171.624283835, 41925460.62334821]	0.0	0.0	0.0
3627.8015114630734	2.0	trials	7.0	0.0	0.0	0.0	0.0	0.0	True	40.0	0.0	0.005	[41996554.39318367, 41996844.39224481, 41997134.39130594, 41997423.39037031, 41997713.38943145, 41998002.38849582, 41998291.38756019, 41998582.386618085, 41998871.385682456, 41999161.38474359, 41999450.383807965, 41999740.3828691, 42000030.38193023, 42000320.38099137, 42000609.38005574, 42000898.37912011, 42001189.37817801, 42001478.37724238, 42001768.37630351, 42002058.37536465]	0.0	0.0	0.0
3635.9217891739027	2.0	trials	7.0	0.0	0.0	0.0	0.0	0.0	True	40.0	0.0	0.005	[42090540.088907026, 42090829.08797139, 42091119.08703253, 42091408.086096905, 42091698.08515803, 42091988.08421917, 42092277.08328354, 42092567.08234467, 42092857.08140581, 42093147.08046694, 42093436.07953131, 42093726.07859245, 42094015.07765682, 42094305.07671796, 42094595.07577909, 42094884.07484346, 42095174.073904596, 42095464.072965726, 42095753.0720301, 42096044.071088]	0.0	0.0	0.0
3641.2398647567825	2.0	trials	7.0	0.0	0.0	0.0	0.0	0.0	True	40.0	0.0	0.005	[42152091.8896344, 42152380.88869877, 42152670.88775991, 42152959.88682428, 42153248.88588865, 42153539.88494655, 42153828.88401092, 42154117.88307529, 42154407.88213643, 42154697.88119756, 42154986.88026193, 42155276.87932307, 42155566.878384195, 42155856.87744534, 42156145.87650971, 42156435.87557084, 42156725.87463198, 42157014.87369635, 42157303.87276071, 42157593.87182186]	0.0	0.0	0.0
3648.9942396522115	2.0	trials	7.0	0.0	0.0	0.0	0.0	0.0	True	40.0	0.0	0.005	[42241841.59907167, 42242131.5981328, 42242420.59719717, 42242710.596258305, 42242999.595322676, 42243289.59438381, 42243579.59344494, 42243868.59250932, 42244158.59157045, 42244448.59063159, 42244737.58969596, 42245027.58875709, 42245316.58782146, 42245606.5868826, 42245896.58594373, 42246186.585004866, 42246475.584069245, 42246764.583133616, 42247055.582191505, 42247344.58125588]	0.0	0.0	0.0
3657.567770295647	2.0	trials	7.0	0.0	0.0	0.0	0.0	0.0	True	40.0	0.0	0.005	[42341072.2778145, 42341362.27687563, 42341652.27593677, 42341941.27500114, 42342231.27406227, 42342520.27312664, 42342810.27218778, 42343099.27125215, 42343389.270313285, 42343679.269374415, 42343969.26843555, 42344259.26749669, 42344548.26656105, 42344837.265625425, 42345126.2646898, 42345417.2637477, 42345706.26281207, 42345996.26187321, 42346286.26093434, 42346575.25999871]	0.0	0.0	0.0
3663.2861357825996	2.0	trials	7.0	0.0	0.0	0.0	0.0	0.0	True	40.0	0.0	0.005	[42407256.06354593, 42407547.062603824, 42407836.061668195, 42408126.06072933, 42408414.059796944, 42408705.05885483, 42408994.05791921, 42409284.05698034, 42409574.05604147, 42409863.05510585, 42410153.05416698, 42410443.05322812, 42410732.05229249, 42411022.051353626, 42411311.05041799, 42411601.04947913, 42411890.0485435, 42412181.047601394, 42412470.046665765, 42412761.04572367]	0.0	0.0	0.0
3671.8057530005776	2.0	trials	7.0	0.0	0.0	0.0	0.0	0.0	True	40.0	0.0	0.005	[42505862.74430894, 42506152.74337007, 42506441.74243445, 42506731.74149558, 42507021.74055671, 42507310.73962109, 42507600.73868222, 42507889.73774659, 42508179.73680773, 42508469.73586886, 42508758.734933235, 42509048.733994365, 42509337.733058736, 42509627.73211987, 42509918.73117777, 42510207.73024214, 42510496.72930652, 42510786.72836764, 42511076.72742879, 42511366.72648992]	0.0	0.0	0.0
3677.610259008653	2.0	trials	7.0	0.0	0.0	0.0	0.0	0.0	True	40.0	0.0	0.005	[42573045.52680614, 42573334.5258705, 42573623.52493488, 42573913.52399602, 42574204.523053914, 42574493.522118285, 42574783.521179415, 42575072.520243794, 42575362.51930492, 42575652.51836606, 42575941.51743043, 42576231.51649156, 42576520.51555593, 42576810.51461708, 42577099.51368144, 42577389.51274258, 42577679.51180372, 42577969.51086485, 42578258.50992922, 42578548.508990355]	0.0	0.0	0.0
3684.2317607717277	2.0	trials	7.0	0.0	0.0	0.0	0.0	0.0	True	40.0	0.0	0.005	[42649683.27869308, 42649972.27775745, 42650262.27681858, 42650551.27588295, 42650841.2749441, 42651130.27400846, 42651420.2730696, 42651710.272130735, 42651999.2711951, 42652290.270253, 42652579.26931737, 42652869.2683785, 42653158.26744288, 42653448.26650401, 42653738.26556515, 42654027.26462952, 42654316.26369389, 42654606.26275502, 42654896.26181616, 42655186.2608773]	0.0	0.0	0.0
3689.91375197644	2.0	trials	7.0	0.0	0.0	0.0	0.0	0.0	True	40.0	0.0	0.005	[42715447.065784246, 42715737.06484538, 42716026.063909754, 42716316.062970884, 42716605.062035255, 42716896.06109316, 42717185.06015752, 42717474.0592219, 42717764.05828303, 42718053.0573474, 42718343.05640854, 42718632.05547291, 42718923.054530814, 42719213.053591944, 42719501.05265955, 42719792.05171745, 42720081.050781816, 42720370.04984619, 42720660.04890733, 42720950.04796846]	0.0	0.0	0.0
3698.157494887554	2.0	trials	7.0	0.0	0.0	0.0	0.0	0.0	True	40.0	0.0	0.005	[42810859.75688773, 42811149.755948864, 42811439.755009994, 42811728.75407437, 42812018.7531355, 42812308.75219664, 42812598.75125777, 42812887.75032214, 42813177.74938328, 42813466.74844766, 42813756.74750878, 42814045.74657316, 42814336.745631054, 42814625.744695425, 42814914.743759796, 42815204.74282093, 42815493.7418853, 42815783.74094644, 42816073.74000757, 42816362.73907194]	0.0	0.0	0.0
3706.4797751444057	2.0	trials	7.0	0.0	0.0	0.0	0.0	0.0	True	40.0	0.0	0.005	[42907182.44504512, 42907471.44410949, 42907761.44317062, 42908051.44223176, 42908341.44129289, 42908631.44035403, 42908920.4394184, 42909210.43847953, 42909500.43754067, 42909789.436605036, 42910078.43566941, 42910369.43472731, 42910658.43379168, 42910947.432856046, 42911237.43191719, 42911527.43097832, 42911817.43003946, 42912106.42910383, 42912396.42816496, 42912685.42722933]	0.0	0.0	0.0
3715.4444373215642	2.0	trials	7.0	0.0	0.0	0.0	0.0	0.0	True	40.0	0.0	0.005	[43010940.10913193, 43011230.10819306, 43011520.1072542, 43011810.10631533, 43012100.105376475, 43012389.10444084, 43012678.10350521, 43012969.10256311, 43013258.10162748, 43013547.10069185, 43013838.09974975, 43014127.098814115, 43014416.09787849, 43014707.09693639, 43014996.09600076, 43015286.0950619, 43015575.09412627, 43015864.09319064, 43016155.09224854, 43016444.09131291]	0.0	0.0	0.0
3724.0835453526947	2.0	trials	7.0	0.0	0.0	0.0	0.0	0.0	True	40.0	0.0	0.005	[43110930.785414286, 43111219.784478664, 43111508.78354303, 43111799.782600924, 43112087.78166854, 43112377.78072967, 43112667.779790804, 43112957.77885194, 43113246.77791631, 43113536.77697744, 43113826.77603858, 43114115.77510295, 43114404.77416732, 43114694.77322846, 43114984.7722896, 43115275.771347485, 43115563.7704151, 43115854.769473, 43116143.768537365, 43116433.7675985]	0.0	0.0	0.0
3730.2158518995243	2.0	trials	7.0	0.0	0.0	0.0	0.0	0.0	True	40.0	0.0	0.005	[43181906.55563177, 43182195.55469614, 43182485.55375728, 43182774.55282165, 43183064.55188278, 43183354.55094392, 43183643.55000829, 43183933.54906943, 43184222.5481338, 43184512.54719493, 43184801.5462593, 43185091.54532044, 43185380.54438481, 43185671.543442704, 43185961.542503834, 43186250.541568205, 43186539.54063258, 43186830.53969047, 43187119.53875485, 43187408.53781922]	0.0	0.0	0.0
3739.335774374032	2.0	trials	7.0	0.0	0.0	0.0	0.0	0.0	True	40.0	0.0	0.005	[43287461.21390085, 43287750.21296523, 43288040.212026365, 43288329.211090736, 43288618.21015511, 43288908.20921624, 43289198.208277375, 43289487.207341745, 43289778.20639964, 43290067.20546402, 43290356.204528384, 43290646.20358952, 43290936.20265066, 43291226.20171179, 43291515.20077616, 43291804.19984053, 43292095.19889843, 43292384.1979628, 43292673.19702718, 43292963.196088314]	0.0	0.0	0.0
3745.7841310976582	2.0	trials	7.0	0.0	0.0	0.0	0.0	0.0	True	40.0	0.0	0.005	[43362094.97227568, 43362384.97133681, 43362674.97039796, 43362963.96946233, 43363253.96852346, 43363542.967587836, 43363831.96665221, 43364122.9657101, 43364411.964774475, 43364701.963835604, 43364990.962899975, 43365280.96196111, 43365569.961025484, 43365860.96008338, 43366149.95914775, 43366438.95821212, 43366728.95727326, 43367018.95633439, 43367307.95539876, 43367597.9544599]	0.0	0.0	0.0
3752.871932151101	2.0	trials	7.0	0.0	0.0	0.0	0.0	0.0	True	40.0	0.0	0.005	[43444128.70669325, 43444418.705754384, 43444708.704815514, 43444997.703879885, 43445287.70294102, 43445577.70200215, 43445867.70106329, 43446156.70012767, 43446446.6991888, 43446735.69825317, 43447026.697311066, 43447315.69637544, 43447605.695436575, 43447894.694500946, 43448184.693562075, 43448472.69262969, 43448763.691687584, 43449052.690751955, 43449342.68981309, 43449631.68887746]	0.0	0.0	0.0
3759.6340062590766	2.0	trials	7.0	0.0	0.0	0.0	0.0	0.0	True	40.0	0.0	0.005	[43522394.453309596, 43522684.45237073, 43522973.4514351, 43523263.450496234, 43523553.44955737, 43523842.448621735, 43524132.44768287, 43524422.44674401, 43524711.44580837, 43525000.44487275, 43525290.44393389, 43525580.44299501, 43525870.44205616, 43526159.44112053, 43526448.4401849, 43526739.439242795, 43527029.43830393, 43527317.43737154, 43527607.436432675, 43527896.435497046]	0.0	0.0	0.0
3765.2077386142746	2.0	trials	7.0	0.0	0.0	0.0	0.0	0.0	True	40.0	0.0	0.005	[43586905.244457304, 43587195.24351844, 43587484.24258281, 43587774.24164395, 43588064.24070508, 43588353.23976945, 43588643.23883059, 43588933.23789172, 43589221.23695933, 43589511.23602047, 43589802.23507836, 43590091.234142736, 43590380.23320711, 43590670.23226824, 43590960.231329374, 43591249.230393745, 43591539.229454875, 43591829.22851601, 43592119.22757715, 43592408.22664152]	0.0	0.0	0.0
3771.333824381244	2.0	trials	7.0	0.0	0.0	0.0	0.0	0.0	True	40.0	0.0	0.005	[43657809.01490789, 43658098.01397226, 43658388.01303339, 43658677.01209777, 43658968.011155665, 43659257.010220036, 43659546.00928441, 43659836.008345544, 43660127.00740343, 43660417.00646457, 43660705.00553218, 43660995.00459332, 43661284.003657684, 43661574.00271882, 43661864.00177996, 43662153.00084433, 43662442.99990547, 43662732.9989666, 43663021.99803097, 43663310.99709534]	0.0	0.0	0.0
3779.1158471871636	2.0	trials	7.0	0.0	0.0	0.0	0.0	0.0	True	40.0	0.0	0.005	[43747877.7233124, 43748168.7223703, 43748457.72143467, 43748747.7204958, 43749036.719560176, 43749326.71862131, 43749615.717685685, 43749905.716746815, 43750195.71580795, 43750485.71486908, 43750774.71393345, 43751063.71299783, 43751353.71205896, 43751643.7111201, 43751933.71018123, 43752222.7092456, 43752512.70830674, 43752802.70736787, 43753091.706432246, 43753381.705493376]	0.0	0.0	0.0
3785.7565296881407	2.0	trials	7.0	0.0	0.0	0.0	0.0	0.0	True	40.0	0.0	0.005	[43824737.47448063, 43825027.47354176, 43825318.472599655, 43825606.47166727, 43825896.4707284, 43826186.469789535, 43826475.468853906, 43826765.467915036, 43827055.46697617, 43827344.466040544, 43827634.465101674, 43827923.46416605, 43828214.46322395, 43828503.46228831, 43828792.46135269, 43829081.46041706, 43829372.45947496, 43829661.45853933, 43829950.45760371, 43830241.4566616]	0.0	0.0	0.0
3809.749213612501	2.0	trials	8.0	0.0	0.0	0.0	0.0	0.0	True	40.0	0.0	0.005	[44102430.57545523, 44102720.57451637, 44103010.57357751, 44103300.57263864, 44103589.57170301, 44103878.57076738, 44104168.56982851, 44104458.568889655, 44104747.567954026, 44105037.567015156, 44105326.56607953, 44105617.56513743, 44105906.564201795, 44106196.56326293, 44106485.5623273, 44106775.56138844, 44107065.56044957, 44107354.55951394, 44107644.55857508, 44107933.55763945]	0.0	0.0	0.0
3816.2173558720724	2.0	trials	8.0	0.0	0.0	0.0	0.0	0.0	True	40.0	0.0	0.005	[44177294.33308544, 44177584.332146585, 44177873.331210956, 44178162.33027532, 44178453.32933322, 44178742.328397594, 44179032.327458724, 44179322.32651986, 44179611.32558423, 44179900.324648604, 44180190.32370974, 44180479.32277411, 44180770.32183201, 44181060.32089314, 44181349.31995751, 44181638.31902189, 44181929.31807978, 44182218.317144156, 44182507.31620853, 44182797.31526966]	0.0	0.0	0.0
3822.0193562882587	2.0	trials	8.0	0.0	0.0	0.0	0.0	0.0	True	40.0	0.0	0.005	[44244447.11567977, 44244737.11474091, 44245026.11380528, 44245316.11286641, 44245606.11192755, 44245895.11099192, 44246185.11005305, 44246475.109114185, 44246764.108178556, 44247053.10724293, 44247343.106304064, 44247633.105365194, 44247923.10442634, 44248212.1034907, 44248501.102555074, 44248791.10161621, 44249081.10067734, 44249370.09974171, 44249660.09880285, 44249950.09786398]	0.0	0.0	0.0
3830.1856850499994	2.0	trials	8.0	0.0	0.0	0.0	0.0	0.0	True	40.0	0.0	0.005	[44338963.80968402, 44339253.80874516, 44339542.80780953, 44339832.80687066, 44340122.8059318, 44340412.80499294, 44340701.8040573, 44340991.80311844, 44341281.802179575, 44341571.801240705, 44341860.80030508, 44342150.79936621, 44342439.798430584, 44342729.79749172, 44343018.79655609, 44343308.79561722, 44343597.794681594, 44343887.79374273, 44344177.79280387, 44344467.791865]	0.0	0.0	0.0
3837.9375543535402	2.0	trials	8.0	0.0	0.0	0.0	0.0	0.0	True	40.0	0.0	0.005	[44428684.519215174, 44428973.518279545, 44429264.51733744, 44429553.51640181, 44429842.51546618, 44430133.51452409, 44430422.51358845, 44430711.51265283, 44431001.51171396, 44431291.51077509, 44431580.50983947, 44431870.508900605, 44432160.507961735, 44432449.507026106, 44432739.50608724, 44433029.50514837, 44433319.50420951, 44433608.50327388, 44433898.50233501, 44434188.50139615]	0.0	0.0	0.0
3844.169911776458	2.0	trials	8.0	0.0	0.0	0.0	0.0	0.0	True	40.0	0.0	0.005	[44500819.285680436, 44501108.28474481, 44501398.28380594, 44501687.28287031, 44501977.281931445, 44502266.280995816, 44502556.280056946, 44502846.27911809, 44503136.27817921, 44503425.27724359, 44503715.27630473, 44504004.27536909, 44504294.27443023, 44504584.27349137, 44504874.272552505, 44505162.27162011, 44505453.270678006, 44505743.26973914, 44506031.26880675, 44506322.267864645]	0.0	0.0	0.0
3852.1173036470004	2.0	trials	8.0	0.0	0.0	0.0	0.0	0.0	True	40.0	0.0	0.005	[44592801.98788843, 44593091.98694957, 44593381.9860107, 44593670.98507507, 44593960.98413621, 44594249.98320057, 44594539.98226172, 44594829.98132285, 44595119.98038398, 44595409.979445115, 44595698.978509486, 44595987.97757386, 44596277.976634994, 44596567.975696124, 44596856.9747605, 44597146.97382163, 44597436.97288277, 44597726.9719439, 44598015.97100827, 44598305.97006941]	0.0	0.0	0.0
3860.6293176895942	2.0	trials	8.0	0.0	0.0	0.0	0.0	0.0	True	40.0	0.0	0.005	[44691320.66893634, 44691610.66799748, 44691899.66706184, 44692190.66611975, 44692479.66518412, 44692768.66424848, 44693059.663306385, 44693348.662370756, 44693637.66143513, 44693927.660496265, 44694217.659557395, 44694506.658621766, 44694796.6576829, 44695085.656747274, 44695375.65580841, 44695666.6548663, 44695955.65393068, 44696244.65299505, 44696534.65205618, 44696824.65111732]	0.0	0.0	0.0
3867.1035943293055	2.0	trials	8.0	0.0	0.0	0.0	0.0	0.0	True	40.0	0.0	0.005	[44766255.42633669, 44766544.425401054, 44766834.4244622, 44767123.42352657, 44767413.4225877, 44767702.42165208, 44767993.42070997, 44768282.41977434, 44768572.418835476, 44768861.41789985, 44769151.416960984, 44769441.416022114, 44769731.41508325, 44770020.41414762, 44770310.41320875, 44770599.41227313, 44770888.4113375, 44771179.4103954, 44771468.40945977, 44771758.40852091]	0.0	0.0	0.0
3873.085910961723	2.0	trials	8.0	0.0	0.0	0.0	0.0	0.0	True	40.0	0.0	0.005	[44835494.20217765, 44835784.20123879, 44836074.200299926, 44836363.1993643, 44836653.198425435, 44836942.197489806, 44837232.196550936, 44837522.19561207, 44837811.194676444, 44838100.193740815, 44838391.19279871, 44838681.19185985, 44838970.19092421, 44839259.18998859, 44839549.18904972, 44839838.1881141, 44840128.18717523, 44840418.18623637, 44840707.18530074, 44840997.18436187]	0.0	0.0	0.0
3879.2714397362474	2.0	trials	8.0	0.0	0.0	0.0	0.0	0.0	True	40.0	0.0	0.005	[44907085.97040086, 44907375.96946199, 44907665.96852313, 44907954.9675875, 44908244.96664863, 44908533.96571301, 44908823.96477414, 44909113.96383527, 44909402.96289965, 44909692.96196078, 44909982.961021915, 44910271.960086286, 44910561.95914742, 44910851.95820856, 44911140.957272924, 44911430.95633406, 44911719.95539843, 44912009.95445956, 44912299.9535207, 44912589.95258184]	0.0	0.0	0.0
3886.399157460462	2.0	trials	8.0	0.0	0.0	0.0	0.0	0.0	True	40.0	0.0	0.005	[44989582.703319475, 44989872.702380605, 44990161.70144498, 44990452.70050288, 44990742.69956401, 44991030.69863162, 44991320.69769276, 44991610.69675389, 44991900.69581503, 44992189.6948794, 44992479.693940535, 44992769.693001665, 44993058.692066036, 44993348.69112717, 44993638.6901883, 44993927.689252675, 44994217.68831382, 44994507.68737494, 44994796.68643932, 44995086.68550046]	0.0	0.0	0.0
3894.656983525983	2.0	trials	8.0	0.0	0.0	0.0	0.0	0.0	True	40.0	0.0	0.005	[45085160.39388878, 45085450.39294991, 45085739.39201428, 45086029.391075425, 45086318.39013979, 45086608.389200926, 45086897.3882653, 45087187.38732643, 45087476.3863908, 45087767.3854487, 45088056.384513065, 45088346.38357421, 45088635.38263858, 45088925.38169971, 45089214.38076408, 45089504.37982522, 45089794.37888635, 45090083.37795073, 45090373.37701186, 45090663.376072995]	0.0	0.0	0.0
3900.889686547781	2.0	trials	8.0	0.0	0.0	0.0	0.0	0.0	True	40.0	0.0	0.005	[45157297.160347566, 45157587.159408696, 45157877.158469826, 45158166.157534204, 45158457.1565921, 45158746.15565647, 45159035.15472084, 45159325.15378198, 45159614.15284635, 45159904.15190748, 45160194.15096862, 45160483.15003299, 45160773.14909412, 45161063.14815526, 45161353.147216395, 45161642.146280766, 45161931.14534514, 45162221.144406274, 45162510.14347064, 45162800.142531775]	0.0	0.0	0.0
3908.059826534655	2.0	trials	8.0	0.0	0.0	0.0	0.0	0.0	True	40.0	0.0	0.005	[45240284.89167659, 45240574.89073771, 45240863.88980209, 45241153.88886323, 45241443.88792436, 45241732.88698873, 45242021.88605311, 45242311.88511424, 45242601.88417537, 45242891.883236505, 45243181.882297635, 45243470.88136201, 45243759.880426385, 45244050.87948427, 45244339.87854865, 45244628.87761302, 45244918.87667416, 45245208.87573529, 45245497.87479966, 45245787.8738608]	0.0	0.0	0.0
3916.9767960662166	2.0	trials	8.0	0.0	0.0	0.0	0.0	0.0	True	40.0	0.0	0.005	[45343491.55754724, 45343781.55660838, 45344070.55567275, 45344360.55473388, 45344650.55379502, 45344939.55285939, 45345228.55192376, 45345518.5509849, 45345808.55004603, 45346098.549107164, 45346387.548171535, 45346677.54723267, 45346966.546297036, 45347256.54535817, 45347546.54441931, 45347835.54348368, 45348126.54254158, 45348415.54160596, 45348705.54066709, 45348994.53973146]	0.0	0.0	0.0
3923.763062095871	2.0	trials	8.0	0.0	0.0	0.0	0.0	0.0	True	40.0	0.0	0.005	[45422035.303263575, 45422325.3023247, 45422614.301389076, 45422904.30045021, 45423193.299514584, 45423483.298575714, 45423772.29764009, 45424062.29670122, 45424353.29575912, 45424642.29482349, 45424931.29388787, 45425221.292949, 45425510.29201337, 45425801.291071266, 45426090.29013564, 45426380.289196774, 45426669.288261145, 45426959.287322275, 45427249.28638341, 45427538.285447784]	0.0	0.0	0.0
3929.953515654451	2.0	trials	8.0	0.0	0.0	0.0	0.0	0.0	True	40.0	0.0	0.005	[45493684.071302235, 45493974.07036337, 45494263.06942774, 45494553.06848888, 45494842.06755325, 45495132.06661439, 45495422.06567552, 45495712.06473666, 45496001.06380103, 45496290.0628654, 45496580.06192653, 45496871.06098443, 45497160.060048796, 45497449.05911317, 45497739.058174305, 45498029.057235435, 45498318.05629981, 45498608.05536095, 45498898.05442209, 45499188.05348322]	0.0	0.0	0.0
3935.1556428127114	2.0	trials	8.0	0.0	0.0	0.0	0.0	0.0	True	40.0	0.0	0.005	[45553895.87636783, 45554183.87543544, 45554473.874496564, 45554763.87355771, 45555052.87262208, 45555342.87168321, 45555632.87074435, 45555921.86980872, 45556212.868866615, 45556501.867930986, 45556790.86699536, 45557080.866056494, 45557370.865117624, 45557660.86417876, 45557949.86324313, 45558238.862307504, 45558529.8613654, 45558818.86042978, 45559108.8594909, 45559397.85855528]	0.0	0.0	0.0
3940.599516388323	2.0	trials	8.0	0.0	0.0	0.0	0.0	0.0	True	40.0	0.0	0.005	[45616902.672384694, 45617192.67144583, 45617481.670510195, 45617771.66957133, 45618060.6686357, 45618350.66769683, 45618640.66675797, 45618929.66582235, 45619219.66488348, 45619509.66394461, 45619798.66300899, 45620088.66207012, 45620378.661131255, 45620668.66019239, 45620957.659256764, 45621246.65832113, 45621536.657382265, 45621826.6564434, 45622116.65550453, 45622405.65456891]	0.0	0.0	0.0
3947.809486646247	2.0	trials	8.0	0.0	0.0	0.0	0.0	0.0	True	40.0	0.0	0.005	[45700351.40222124, 45700641.40128238, 45700930.40034675, 45701220.39940788, 45701510.398469016, 45701799.39753339, 45702089.39659452, 45702378.395658895, 45702668.39472003, 45702958.39378116, 45703247.392845534, 45703537.39190667, 45703826.39097104, 45704116.39003217, 45704406.38909331, 45704696.38815445, 45704985.38721881, 45705274.38628319, 45705564.38534432, 45705854.38440546]	0.0	0.0	0.0
3956.5597911173822	2.0	trials	8.0	0.0	0.0	0.0	0.0	0.0	True	40.0	0.0	0.005	[45801628.07434021, 45801917.07340458, 45802207.07246572, 45802497.071526855, 45802786.070591226, 45803076.069652356, 45803366.06871349, 45803656.06777462, 45803945.066838995, 45804235.06590014, 45804524.06496451, 45804814.06402564, 45805104.06308678, 45805393.06215115, 45805683.06121228, 45805972.06027666, 45806262.05933779, 45806552.05839892, 45806841.057463296, 45807131.056524426]	0.0	0.0	0.0
3962.3060637139865	2.0	trials	8.0	0.0	0.0	0.0	0.0	0.0	True	40.0	0.0	0.005	[45868135.8590227, 45868425.85808384, 45868714.857148215, 45869003.85621258, 45869293.855273716, 45869582.85433809, 45869873.85339598, 45870162.852460355, 45870452.85152149, 45870741.85058586, 45871031.84964699, 45871321.84870813, 45871611.84776926, 45871900.84683364, 45872189.84589801, 45872479.84495915, 45872769.84402028, 45873059.843081415, 45873348.842145786, 45873638.841206916]	0.0	0.0	0.0
3969.2957146851872	2.0	trials	8.0	0.0	0.0	0.0	0.0	0.0	True	40.0	0.0	0.005	[45949033.597118035, 45949324.59617593, 45949612.59524354, 45949902.59430467, 45950192.59336581, 45950482.59242694, 45950772.59148808, 45951061.59055245, 45951351.58961358, 45951641.58867472, 45951930.58773909, 45952220.58680022, 45952509.585864596, 45952799.584925726, 45953089.58398686, 45953378.583051234, 45953667.58211561, 45953958.5811735, 45954247.58023788, 45954537.57929901]	0.0	0.0	0.0
3975.871770195393	2.0	trials	8.0	0.0	0.0	0.0	0.0	0.0	True	40.0	0.0	0.005	[46025145.35070788, 46025435.34976902, 46025725.34883015, 46026014.34789453, 46026304.34695566, 46026593.34602003, 46026883.345081165, 46027173.344142295, 46027463.34320343, 46027752.342267804, 46028042.341328934, 46028332.34039007, 46028621.33945444, 46028910.33851881, 46029200.33757995, 46029490.33664108, 46029779.33570545, 46030070.334763356, 46030359.33382772, 46030649.332888864]	0.0	0.0	0.0
3982.6579498253277	2.0	trials	8.0	0.0	0.0	0.0	0.0	0.0	True	40.0	0.0	0.005	[46103690.09642097, 46103980.0954821, 46104269.094546475, 46104559.09360762, 46104848.09267199, 46105138.09173311, 46105427.09079749, 46105717.08985863, 46106006.08892299, 46106297.087980896, 46106586.08704527, 46106876.0861064, 46107166.085167535, 46107454.08423515, 46107744.08329628, 46108034.082357414, 46108324.081418544, 46108614.08047968, 46108903.07954405, 46109193.07860519]	0.0	0.0	0.0
3989.5638794675747	2.0	trials	8.0	0.0	0.0	0.0	0.0	0.0	True	40.0	0.0	0.005	[46183618.837653406, 46183908.83671454, 46184198.83577567, 46184488.83483681, 46184778.83389794, 46185067.83296231, 46185356.83202669, 46185647.83108459, 46185936.83014896, 46186226.829210095, 46186515.82827446, 46186805.827335596, 46187094.826399975, 46187384.8254611, 46187674.82452224, 46187963.82358661, 46188253.82264774, 46188543.82170888, 46188832.82077325, 46189122.81983438]	0.0	0.0	0.0
3998.518260078018	2.0	trials	8.0	0.0	0.0	0.0	0.0	0.0	True	40.0	0.0	0.005	[46287257.50212548, 46287547.50118662, 46287837.50024775, 46288128.49930564, 46288417.498370014, 46288706.497434385, 46288996.49649553, 46289285.49555989, 46289575.49462102, 46289864.4936854, 46290155.49274329, 46290444.49180767, 46290734.49086881, 46291024.48992994, 46291313.488994315, 46291603.488055445, 46291892.487119816, 46292182.48618095, 46292471.485245325, 46292761.484306455]	0.0	0.0	0.0
4006.29155651219	2.0	trials	8.0	0.0	0.0	0.0	0.0	0.0	True	40.0	0.0	0.005	[46377227.21085051, 46377516.20991487, 46377805.20897924, 46378095.20804038, 46378385.20710151, 46378675.20616265, 46378965.205223784, 46379254.204288155, 46379544.20334929, 46379834.20241042, 46380123.20147479, 46380412.200539164, 46380702.1996003, 46380992.19866143, 46381281.1977258, 46381571.19678694, 46381861.19584807, 46382150.19491245, 46382440.19397358, 46382730.19303472]	0.0	0.0	0.0
4013.391971924794	2.0	trials	8.0	0.0	0.0	0.0	0.0	0.0	True	40.0	0.0	0.005	[46459407.94479216, 46459697.94385329, 46459986.94291767, 46460276.9419788, 46460566.941039935, 46460855.940104306, 46461145.93916544, 46461435.93822657, 46461724.937290944, 46462013.936355315, 46462304.93541321, 46462593.93447758, 46462882.93354195, 46463173.93259985, 46463462.93166423, 46463751.9307286, 46464041.92978974, 46464331.92885087, 46464620.92791524, 46464910.926976375]	0.0	0.0	0.0
4022.3241478071254	2.0	trials	8.0	0.0	0.0	0.0	0.0	0.0	True	40.0	0.0	0.005	[46562787.610102735, 46563078.60916063, 46563367.608225, 46563657.60728614, 46563947.60634727, 46564236.60541164, 46564526.60447278, 46564816.60353391, 46565105.60259829, 46565395.60165942, 46565684.600723796, 46565974.599784926, 46566263.5988493, 46566553.597910434, 46566843.596971564, 46567133.5960327, 46567423.59509384, 46567712.5941582, 46568002.59321934, 46568292.59228048]	0.0	0.0	0.0
4030.874696124966	2.0	trials	8.0	0.0	0.0	0.0	0.0	0.0	True	40.0	0.0	0.005	[46661754.289700255, 46662043.28876463, 46662333.28782576, 46662623.2868869, 46662912.28595127, 46663203.28500917, 46663491.28407677, 46663781.28313791, 46664072.28219581, 46664361.28126018, 46664651.280321315, 46664940.279385686, 46665229.27845006, 46665519.277511194, 46665809.27657233, 46666098.275636695, 46666388.27469783, 46666678.27375897, 46666967.272823334, 46667257.27188447]	0.0	0.0	0.0
4039.9699082794723	2.0	trials	8.0	0.0	0.0	0.0	0.0	0.0	True	40.0	0.0	0.005	[46767021.9488985, 46767311.94795963, 46767601.94702077, 46767891.9460819, 46768179.9451495, 46768469.94421065, 46768760.94326854, 46769049.94233291, 46769338.94139729, 46769629.94045518, 46769918.939519554, 46770207.938583925, 46770497.937645055, 46770786.93670943, 46771077.93576732, 46771366.9348317, 46771655.93389607, 46771946.93295397, 46772234.93202157, 46772525.93107947]	0.0	0.0	0.0
4049.0417925095016	2.0	trials	8.0	0.0	0.0	0.0	0.0	0.0	True	40.0	0.0	0.005	[46872020.60896761, 46872310.60802875, 46872599.607093126, 46872889.606154256, 46873179.605215386, 46873469.60427652, 46873758.603340894, 46874048.60240203, 46874338.60146316, 46874628.6005243, 46874917.59958867, 46875206.59865304, 46875496.59771417, 46875785.59677855, 46876075.59583968, 46876365.59490082, 46876655.59396195, 46876944.593026325, 46877234.59208746, 46877524.59114859]	0.0	0.0	0.0
4054.6214864454	2.0	trials	8.0	0.0	0.0	0.0	0.0	0.0	True	40.0	0.0	0.005	[46936601.3998887, 46936890.39895307, 46937179.39801745, 46937469.39707858, 46937759.39613972, 46938048.39520409, 46938338.39426522, 46938627.3933296, 46938917.39239073, 46939207.391451865, 46939496.39051624, 46939786.38957737, 46940076.388638504, 46940366.38769964, 46940656.38676077, 46940945.38582515, 46941235.38488628, 46941524.38395065, 46941814.38301179, 46942103.38207616]	0.0	0.0	0.0
4060.471611505784	2.0	trials	8.0	0.0	0.0	0.0	0.0	0.0	True	40.0	0.0	0.005	[47004311.18067976, 47004600.17974413, 47004890.17880526, 47005179.17786964, 47005470.17692753, 47005759.17599191, 47006048.17505628, 47006339.174114175, 47006628.173178546, 47006917.172242925, 47007207.17130405, 47007497.17036519, 47007786.16942956, 47008076.16849069, 47008365.167555064, 47008655.1666162, 47008944.165680565, 47009234.16474171, 47009524.16380284, 47009814.16286397]	0.0	0.0	0.0
4069.2496502871304	2.0	trials	8.0	0.0	0.0	0.0	0.0	0.0	True	40.0	0.0	0.005	[47105908.8517595, 47106197.85082388, 47106487.84988501, 47106777.84894615, 47107066.84801052, 47107355.84707489, 47107646.846132785, 47107935.845197156, 47108224.84426153, 47108514.84332266, 47108804.842383794, 47109094.84144493, 47109383.8405093, 47109673.83957044, 47109962.83863481, 47110252.83769594, 47110542.83675708, 47110832.835818216, 47111121.83488258, 47111410.83394696]	0.0	0.0	0.0
4075.2978035064048	2.0	trials	8.0	0.0	0.0	0.0	0.0	0.0	True	40.0	0.0	0.005	[47175910.62513028, 47176200.62419142, 47176489.62325578, 47176779.62231693, 47177068.6213813, 47177358.62044243, 47177648.619503565, 47177938.618564695, 47178227.617629066, 47178517.6166902, 47178806.615754575, 47179096.61481571, 47179386.61387684, 47179675.61294121, 47179964.612005584, 47180254.61106672, 47180544.61012785, 47180834.609188996, 47181123.60825336, 47181413.6073145]	0.0	0.0	0.0
4082.61205822671	2.0	trials	8.0	0.0	0.0	0.0	0.0	0.0	True	40.0	0.0	0.005	[47260565.35106245, 47260855.35012358, 47261144.349187955, 47261434.348249085, 47261724.347310215, 47262014.34637135, 47262303.34543572, 47262593.34449686, 47262882.34356123, 47263171.3426256, 47263462.3416835, 47263751.34074787, 47264040.33981224, 47264330.33887338, 47264620.33793452, 47264910.33699564, 47265200.336056784, 47265489.335121155, 47265778.334185526, 47266068.333246656]	0.0	0.0	0.0
4091.4319144726737	2.0	trials	8.0	0.0	0.0	0.0	0.0	0.0	True	40.0	0.0	0.005	[47362647.020575255, 47362937.019636385, 47363228.01869428, 47363516.01776189, 47363806.01682303, 47364096.01588417, 47364385.01494853, 47364675.01400967, 47364964.01307404, 47365254.01213517, 47365544.01119631, 47365833.01026069, 47366123.009321816, 47366413.00838295, 47366702.007447325, 47366992.006508455, 47367282.00556959, 47367571.00463396, 47367861.0036951, 47368150.002759464]	0.0	0.0	0.0
4096.867752874299	2.0	trials	8.0	0.0	0.0	0.0	0.0	0.0	True	40.0	0.0	0.005	[47425562.81688673, 47425851.81595111, 47426141.81501223, 47426431.81407336, 47426721.8131345, 47427010.81219888, 47427300.81126001, 47427590.81032114, 47427879.80938552, 47428169.808446646, 47428459.80750778, 47428748.80657216, 47429037.805636525, 47429327.80469766, 47429617.8037588, 47429906.80282317, 47430196.80188431, 47430486.80094544, 47430776.800006576, 47431065.79907095]	0.0	0.0	0.0
4104.487862604408	2.0	trials	8.0	0.0	0.0	0.0	0.0	0.0	True	40.0	0.0	0.005	[47513757.53135826, 47514046.530422635, 47514337.529480524, 47514626.528544895, 47514916.52760603, 47515205.5266704, 47515495.525731534, 47515784.52479591, 47516074.523857035, 47516363.52292142, 47516654.52197931, 47516943.52104368, 47517233.52010482, 47517523.51916595, 47517812.518230334, 47518102.51729145, 47518391.51635583, 47518681.515416965, 47518970.514481336, 47519260.51354247]	0.0	0.0	0.0
4113.54229409094	2.0	trials	8.0	0.0	0.0	0.0	0.0	0.0	True	40.0	0.0	0.005	[47618555.192078106, 47618845.191139236, 47619134.190203615, 47619424.189264745, 47619713.18832912, 47620003.187390245, 47620293.18645139, 47620583.18551251, 47620872.18457689, 47621162.183638036, 47621452.18269916, 47621741.18176353, 47622030.18082789, 47622320.17988903, 47622610.178950176, 47622899.17801454, 47623189.17707568, 47623479.17613681, 47623768.175201185, 47624058.174262315]	0.0	0.0	0.0
4119.440025397202	2.0	trials	8.0	0.0	0.0	0.0	0.0	0.0	True	40.0	0.0	0.005	[47686815.97108532, 47687105.970146455, 47687395.96920758, 47687684.96827195, 47687973.96733633, 47688263.96639746, 47688553.965458594, 47688842.964522965, 47689132.9635841, 47689421.962648466, 47689711.96170961, 47690001.96077073, 47690290.959835105, 47690581.958893016, 47690870.95795738, 47691160.95701852, 47691449.95608289, 47691738.95514727, 47692028.9542084, 47692319.95326629]	0.0	0.0	0.0
4125.382079759967	2.0	trials	8.0	0.0	0.0	0.0	0.0	0.0	True	40.0	0.0	0.005	[47755588.74843494, 47755879.74749283, 47756168.746557206, 47756458.745618336, 47756747.744682714, 47757037.74374385, 47757326.74280822, 47757616.74186936, 47757906.74093049, 47758196.73999161, 47758485.73905599, 47758775.73811713, 47759065.73717826, 47759354.73624264, 47759644.735303774, 47759934.7343649, 47760222.73343251, 47760513.73249041, 47760803.73155155, 47761092.730615914]	0.0	0.0	0.0
4131.206025705106	2.0	trials	8.0	0.0	0.0	0.0	0.0	0.0	True	40.0	0.0	0.005	[47822996.53020371, 47823286.52926484, 47823575.52832921, 47823865.527390346, 47824154.526454724, 47824444.525515854, 47824734.52457699, 47825023.52364137, 47825313.52270249, 47825602.52176687, 47825892.520828, 47826181.51989237, 47826471.51895351, 47826761.51801465, 47827051.51707578, 47827340.516140155, 47827630.51520128, 47827920.51426241, 47828209.51332679, 47828499.512387924]	0.0	0.0	0.0
4138.970595767529	2.0	trials	8.0	0.0	0.0	0.0	0.0	0.0	True	40.0	0.0	0.005	[47912863.23926218, 47913153.238323316, 47913442.237387694, 47913732.236448824, 47914021.2355132, 47914312.23457109, 47914601.23363547, 47914890.23269985, 47915180.23176098, 47915470.230822116, 47915760.229883246, 47916049.22894762, 47916339.22800876, 47916628.227073126, 47916919.226131015, 47917207.22519862, 47917497.224259764, 47917787.2233209, 47918077.22238204, 47918366.2214464]	0.0	0.0	0.0
4146.08241594321	2.0	trials	8.0	0.0	0.0	0.0	0.0	0.0	True	40.0	0.0	0.005	[47995176.97277327, 47995465.97183764, 47995754.970902, 47996044.96996314, 47996333.96902752, 47996623.96808864, 47996913.96714978, 47997202.96621416, 47997492.96527528, 47997782.964336425, 47998071.963400796, 47998362.96245869, 47998650.961526304, 47998940.960587434, 47999230.959648564, 47999519.95871294, 47999809.95777408, 48000099.95683521, 48000389.95589633, 48000678.95496071]	0.0	0.0	0.0
4155.043967730439	2.0	trials	8.0	0.0	0.0	0.0	0.0	0.0	True	40.0	0.0	0.005	[48098897.63697986, 48099187.636041, 48099477.63510213, 48099767.63416326, 48100056.63322765, 48100345.63229201, 48100636.63134991, 48100925.63041428, 48101214.62947865, 48101504.628539786, 48101794.62760092, 48102083.626665294, 48102373.625726424, 48102663.62478756, 48102952.623851925, 48103241.622916296, 48103532.62197421, 48103821.62103857, 48104111.62009971, 48104400.61916408]	0.0	0.0	0.0
4160.545901918082	2.0	trials	8.0	0.0	0.0	0.0	0.0	0.0	True	40.0	0.0	0.005	[48162577.43081791, 48162867.42987905, 48163156.42894341, 48163446.428004555, 48163735.42706893, 48164025.42613006, 48164315.425191194, 48164604.42425557, 48164894.423316695, 48165183.42238107, 48165474.42143897, 48165763.42050334, 48166052.41956771, 48166342.41862886, 48166633.417686746, 48166922.41675111, 48167212.41581225, 48167501.41487662, 48167791.413937755, 48168081.412998885]	0.0	0.0	0.0
4184.793465017277	2.0	trials	9.0	0.0	0.0	0.0	0.0	0.0	True	5.0	0.0	0.01	[48443266.52209307, 48445584.514588624, 48447901.50708741, NaN, NaN, NaN, NaN, NaN, NaN, NaN, NaN, NaN, NaN, NaN, NaN, NaN, NaN, NaN, NaN, NaN]	0.0	0.0	0.0
4192.116964507653	2.0	trials	9.0	0.0	0.0	0.0	0.0	0.0	True	5.0	0.0	0.01	[48528029.24767559, 48530346.240174375, 48532663.23267316, NaN, NaN, NaN, NaN, NaN, NaN, NaN, NaN, NaN, NaN, NaN, NaN, NaN, NaN, NaN, NaN, NaN]	0.0	0.0	0.0
4199.244595832148	2.0	trials	9.0	0.0	0.0	0.0	0.0	0.0	True	5.0	0.0	0.01	[48610524.98059744, 48612841.97309622, 48615158.965595014, NaN, NaN, NaN, NaN, NaN, NaN, NaN, NaN, NaN, NaN, NaN, NaN, NaN, NaN, NaN, NaN, NaN]	0.0	0.0	0.0
4204.838545721892	2.0	trials	9.0	0.0	0.0	0.0	0.0	0.0	True	5.0	0.0	0.01	[48675269.77098759, 48677586.76348638, 48679903.75598516, NaN, NaN, NaN, NaN, NaN, NaN, NaN, NaN, NaN, NaN, NaN, NaN, NaN, NaN, NaN, NaN, NaN]	0.0	0.0	0.0
4211.601224627909	2.0	trials	9.0	0.0	0.0	0.0	0.0	0.0	True	5.0	0.0	0.01	[48753541.51758451, 48755858.510083295, 48758175.50258208, NaN, NaN, NaN, NaN, NaN, NaN, NaN, NaN, NaN, NaN, NaN, NaN, NaN, NaN, NaN, NaN, NaN]	0.0	0.0	0.0
4219.501442251177	2.0	trials	9.0	0.0	0.0	0.0	0.0	0.0	True	5.0	0.0	0.01	[48844980.22155369, 48847296.21405572, 48849614.20655126, NaN, NaN, NaN, NaN, NaN, NaN, NaN, NaN, NaN, NaN, NaN, NaN, NaN, NaN, NaN, NaN, NaN]	0.0	0.0	0.0
4225.670295879687	2.0	trials	9.0	0.0	0.0	0.0	0.0	0.0	True	5.0	0.0	0.01	[48916377.990404956, 48918694.982903756, 48921011.97540254, NaN, NaN, NaN, NaN, NaN, NaN, NaN, NaN, NaN, NaN, NaN, NaN, NaN, NaN, NaN, NaN, NaN]	0.0	0.0	0.0
4232.5209297009515	2.0	trials	9.0	0.0	0.0	0.0	0.0	0.0	True	5.0	0.0	0.01	[48995667.73370614, 48997984.726204924, 49000302.718700476, NaN, NaN, NaN, NaN, NaN, NaN, NaN, NaN, NaN, NaN, NaN, NaN, NaN, NaN, NaN, NaN, NaN]	0.0	0.0	0.0
4239.414763382359	2.0	trials	9.0	0.0	0.0	0.0	0.0	0.0	True	5.0	0.0	0.01	[49075457.47538858, 49077774.467887364, 49080091.46038615, NaN, NaN, NaN, NaN, NaN, NaN, NaN, NaN, NaN, NaN, NaN, NaN, NaN, NaN, NaN, NaN, NaN]	0.0	0.0	0.0
4248.414676645393	2.0	trials	9.0	0.0	0.0	0.0	0.0	0.0	True	5.0	0.0	0.01	[49179623.13815451, 49181940.1306533, 49184257.123152085, NaN, NaN, NaN, NaN, NaN, NaN, NaN, NaN, NaN, NaN, NaN, NaN, NaN, NaN, NaN, NaN, NaN]	0.0	0.0	0.0
4253.577319131483	2.0	trials	9.0	0.0	0.0	0.0	0.0	0.0	True	5.0	0.0	0.01	[49239375.9447061, 49241692.93720488, 49244009.92970367, NaN, NaN, NaN, NaN, NaN, NaN, NaN, NaN, NaN, NaN, NaN, NaN, NaN, NaN, NaN, NaN, NaN]	0.0	0.0	0.0
4259.622707559707	2.0	trials	9.0	0.0	0.0	0.0	0.0	0.0	True	5.0	0.0	0.01	[49309345.71818048, 49311662.71067926, 49313979.70317804, NaN, NaN, NaN, NaN, NaN, NaN, NaN, NaN, NaN, NaN, NaN, NaN, NaN, NaN, NaN, NaN, NaN]	0.0	0.0	0.0
4267.266663612615	2.0	trials	9.0	0.0	0.0	0.0	0.0	0.0	True	5.0	0.0	0.01	[49397817.43175522, 49400134.42425401, 49402452.41674956, NaN, NaN, NaN, NaN, NaN, NaN, NaN, NaN, NaN, NaN, NaN, NaN, NaN, NaN, NaN, NaN, NaN]	0.0	0.0	0.0
4273.527360143786	2.0	trials	9.0	0.0	0.0	0.0	0.0	0.0	True	5.0	0.0	0.01	[49470279.197161816, 49472596.189660616, 49474913.1821594, NaN, NaN, NaN, NaN, NaN, NaN, NaN, NaN, NaN, NaN, NaN, NaN, NaN, NaN, NaN, NaN, NaN]	0.0	0.0	0.0
4282.255027888207	2.0	trials	9.0	0.0	0.0	0.0	0.0	0.0	True	5.0	0.0	0.01	[49571293.87012901, 49573610.8626278, 49575928.85512335, NaN, NaN, NaN, NaN, NaN, NaN, NaN, NaN, NaN, NaN, NaN, NaN, NaN, NaN, NaN, NaN, NaN]	0.0	0.0	0.0
4288.55011150805	2.0	trials	9.0	0.0	0.0	0.0	0.0	0.0	True	5.0	0.0	0.01	[49644153.6342471, 49646470.62674589, 49648787.61924469, NaN, NaN, NaN, NaN, NaN, NaN, NaN, NaN, NaN, NaN, NaN, NaN, NaN, NaN, NaN, NaN, NaN]	0.0	0.0	0.0
4295.71308031814	2.0	trials	9.0	0.0	0.0	0.0	0.0	0.0	True	5.0	0.0	0.01	[49727058.36584484, 49729376.35834039, 49731693.35083918, NaN, NaN, NaN, NaN, NaN, NaN, NaN, NaN, NaN, NaN, NaN, NaN, NaN, NaN, NaN, NaN, NaN]	0.0	0.0	0.0
4300.993399223256	2.0	trials	9.0	0.0	0.0	0.0	0.0	0.0	True	5.0	0.0	0.01	[49788173.167987004, 49790490.16048579, 49792808.15298133, NaN, NaN, NaN, NaN, NaN, NaN, NaN, NaN, NaN, NaN, NaN, NaN, NaN, NaN, NaN, NaN, NaN]	0.0	0.0	0.0
4306.433816810058	2.0	trials	9.0	0.0	0.0	0.0	0.0	0.0	True	5.0	0.0	0.01	[49851140.96413012, 49853457.95662892, 49855774.949127704, NaN, NaN, NaN, NaN, NaN, NaN, NaN, NaN, NaN, NaN, NaN, NaN, NaN, NaN, NaN, NaN, NaN]	0.0	0.0	0.0
4314.708922819634	2.0	trials	9.0	0.0	0.0	0.0	0.0	0.0	True	5.0	0.0	0.01	[49946917.65405517, 49949234.64655396, 49951551.63905274, NaN, NaN, NaN, NaN, NaN, NaN, NaN, NaN, NaN, NaN, NaN, NaN, NaN, NaN, NaN, NaN, NaN]	0.0	0.0	0.0
4321.812362222448	2.0	trials	9.0	0.0	0.0	0.0	0.0	0.0	True	5.0	0.0	0.01	[50029133.387883514, 50031450.3803823, 50033768.37287786, NaN, NaN, NaN, NaN, NaN, NaN, NaN, NaN, NaN, NaN, NaN, NaN, NaN, NaN, NaN, NaN, NaN]	0.0	0.0	0.0
4330.62867607988	2.0	trials	9.0	0.0	0.0	0.0	0.0	0.0	True	5.0	0.0	0.01	[50131174.05752906, 50133491.05002785, 50135808.04252663, NaN, NaN, NaN, NaN, NaN, NaN, NaN, NaN, NaN, NaN, NaN, NaN, NaN, NaN, NaN, NaN, NaN]	0.0	0.0	0.0
4337.868713440463	2.0	trials	9.0	0.0	0.0	0.0	0.0	0.0	True	5.0	0.0	0.01	[50214970.78623897, 50217288.77873452, 50219605.771233305, NaN, NaN, NaN, NaN, NaN, NaN, NaN, NaN, NaN, NaN, NaN, NaN, NaN, NaN, NaN, NaN, NaN]	0.0	0.0	0.0
4343.503011999579	2.0	trials	9.0	0.0	0.0	0.0	0.0	0.0	True	5.0	0.0	0.01	[50280182.575117216, 50282499.567616, 50284817.56011156, NaN, NaN, NaN, NaN, NaN, NaN, NaN, NaN, NaN, NaN, NaN, NaN, NaN, NaN, NaN, NaN, NaN]	0.0	0.0	0.0
4352.485126920235	2.0	trials	9.0	0.0	0.0	0.0	0.0	0.0	True	5.0	0.0	0.01	[50384142.23855007, 50386459.23104885, 50388776.223547645, NaN, NaN, NaN, NaN, NaN, NaN, NaN, NaN, NaN, NaN, NaN, NaN, NaN, NaN, NaN, NaN, NaN]	0.0	0.0	0.0
4359.9361523977495	2.0	trials	9.0	0.0	0.0	0.0	0.0	0.0	True	5.0	0.0	0.01	[50470380.95935407, 50472697.951852866, 50475014.94435165, NaN, NaN, NaN, NaN, NaN, NaN, NaN, NaN, NaN, NaN, NaN, NaN, NaN, NaN, NaN, NaN, NaN]	0.0	0.0	0.0
4365.645186714911	2.0	trials	9.0	0.0	0.0	0.0	0.0	0.0	True	5.0	0.0	0.01	[50536457.745431915, 50538774.7379307, 50541091.730429485, NaN, NaN, NaN, NaN, NaN, NaN, NaN, NaN, NaN, NaN, NaN, NaN, NaN, NaN, NaN, NaN, NaN]	0.0	0.0	0.0
4371.1092778250695	2.0	trials	9.0	0.0	0.0	0.0	0.0	0.0	True	5.0	0.0	0.01	[50599699.54068798, 50602016.53318676, 50604333.52568555, NaN, NaN, NaN, NaN, NaN, NaN, NaN, NaN, NaN, NaN, NaN, NaN, NaN, NaN, NaN, NaN, NaN]	0.0	0.0	0.0
4379.671317305708	2.0	trials	9.0	0.0	0.0	0.0	0.0	0.0	True	5.0	0.0	0.01	[50698797.219861396, 50701114.21236018, 50703431.204858966, NaN, NaN, NaN, NaN, NaN, NaN, NaN, NaN, NaN, NaN, NaN, NaN, NaN, NaN, NaN, NaN, NaN]	0.0	0.0	0.0
4388.043363801442	2.0	trials	9.0	0.0	0.0	0.0	0.0	0.0	True	5.0	0.0	0.01	[50795695.906154, 50798013.89864955, 50800330.891148336, NaN, NaN, NaN, NaN, NaN, NaN, NaN, NaN, NaN, NaN, NaN, NaN, NaN, NaN, NaN, NaN, NaN]	0.0	0.0	0.0
4405.340155803565	2.0	trials	10.0	0.0	0.0	0.0	0.0	0.0	True	10.0	0.0	0.005	[50995845.258174814, 50997003.25442582, 50998161.25067683, 50999320.246924624, 51000479.24317239, NaN, NaN, NaN, NaN, NaN, NaN, NaN, NaN, NaN, NaN, NaN, NaN, NaN, NaN, NaN]	0.0	0.0	0.0
4413.923536015112	2.0	trials	10.0	0.0	0.0	0.0	0.0	0.0	True	10.0	0.0	0.005	[51095188.93655181, 51096348.932796344, 51097506.92904737, 51098665.92529513, 51099823.92154615, NaN, NaN, NaN, NaN, NaN, NaN, NaN, NaN, NaN, NaN, NaN, NaN, NaN, NaN, NaN]	0.0	0.0	0.0
4419.52171949115	2.0	trials	10.0	0.0	0.0	0.0	0.0	0.0	True	10.0	0.0	0.005	[51159983.72678009, 51161142.723027855, 51162300.71927888, 51163458.71552988, 51164617.71177766, NaN, NaN, NaN, NaN, NaN, NaN, NaN, NaN, NaN, NaN, NaN, NaN, NaN, NaN, NaN]	0.0	0.0	0.0
4424.80022400214	2.0	trials	10.0	0.0	0.0	0.0	0.0	0.0	True	10.0	0.0	0.005	[51221076.52899347, 51222236.52523801, 51223395.521485776, 51224552.517740026, 51225712.51398456, NaN, NaN, NaN, NaN, NaN, NaN, NaN, NaN, NaN, NaN, NaN, NaN, NaN, NaN, NaN]	0.0	0.0	0.0
4431.809401310125	2.0	trials	10.0	0.0	0.0	0.0	0.0	0.0	True	10.0	0.0	0.005	[51302202.26635065, 51303360.26260166, 51304519.258849435, 51305677.255100444, 51306836.25134822, NaN, NaN, NaN, NaN, NaN, NaN, NaN, NaN, NaN, NaN, NaN, NaN, NaN, NaN, NaN]	0.0	0.0	0.0
4437.276084411893	2.0	trials	10.0	0.0	0.0	0.0	0.0	0.0	True	10.0	0.0	0.005	[51365473.06151283, 51366632.057760604, 51367790.05401161, 51368948.05026262, 51370108.04650716, NaN, NaN, NaN, NaN, NaN, NaN, NaN, NaN, NaN, NaN, NaN, NaN, NaN, NaN, NaN]	0.0	0.0	0.0
4443.299613710886	2.0	trials	10.0	0.0	0.0	0.0	0.0	0.0	True	10.0	0.0	0.005	[51435189.83580628, 51436348.832054056, 51437506.828305066, 51438665.82455284, 51439823.82080385, NaN, NaN, NaN, NaN, NaN, NaN, NaN, NaN, NaN, NaN, NaN, NaN, NaN, NaN, NaN]	0.0	0.0	0.0
4448.5074432506835	2.0	trials	10.0	0.0	0.0	0.0	0.0	0.0	True	10.0	0.0	0.005	[51495465.64066467, 51496624.636912435, 51497783.63316022, 51498941.62941122, 51500099.625662245, NaN, NaN, NaN, NaN, NaN, NaN, NaN, NaN, NaN, NaN, NaN, NaN, NaN, NaN, NaN]	0.0	0.0	0.0
4456.487667014933	2.0	trials	10.0	0.0	0.0	0.0	0.0	0.0	True	10.0	0.0	0.005	[51587829.34163918, 51588988.33788696, 51590146.33413798, 51591305.33038576, 51592464.32663353, NaN, NaN, NaN, NaN, NaN, NaN, NaN, NaN, NaN, NaN, NaN, NaN, NaN, NaN, NaN]	0.0	0.0	0.0
4464.389439833167	2.0	trials	10.0	0.0	0.0	0.0	0.0	0.0	True	10.0	0.0	0.005	[51679285.04555334, 51680444.04180111, 51681602.03805211, 51682761.034299895, 51683919.03055091, NaN, NaN, NaN, NaN, NaN, NaN, NaN, NaN, NaN, NaN, NaN, NaN, NaN, NaN, NaN]	0.0	0.0	0.0
4472.393855519096	2.0	trials	10.0	0.0	0.0	0.0	0.0	0.0	True	10.0	0.0	0.005	[51771928.745621376, 51773087.74186914, 51774246.73811691, 51775404.73436794, 51776564.73061247, NaN, NaN, NaN, NaN, NaN, NaN, NaN, NaN, NaN, NaN, NaN, NaN, NaN, NaN, NaN]	0.0	0.0	0.0
4480.721665358046	2.0	trials	10.0	0.0	0.0	0.0	0.0	0.0	True	10.0	0.0	0.005	[51868316.43356832, 51869474.42981933, 51870632.42607035, 51871792.42231488, 51872950.4185659, NaN, NaN, NaN, NaN, NaN, NaN, NaN, NaN, NaN, NaN, NaN, NaN, NaN, NaN, NaN]	0.0	0.0	0.0
4489.841760631994	2.0	trials	10.0	0.0	0.0	0.0	0.0	0.0	True	10.0	0.0	0.005	[51973872.09183417, 51975030.088085175, 51976189.08433296, 51977348.08058073, 51978507.0768285, NaN, NaN, NaN, NaN, NaN, NaN, NaN, NaN, NaN, NaN, NaN, NaN, NaN, NaN, NaN]	0.0	0.0	0.0
4497.185823255797	2.0	trials	10.0	0.0	0.0	0.0	0.0	0.0	True	10.0	0.0	0.005	[52058873.81664293, 52060031.81289394, 52061189.80914495, 52062348.80539273, 52063506.80164374, NaN, NaN, NaN, NaN, NaN, NaN, NaN, NaN, NaN, NaN, NaN, NaN, NaN, NaN, NaN]	0.0	0.0	0.0
4504.475540455543	2.0	trials	10.0	0.0	0.0	0.0	0.0	0.0	True	10.0	0.0	0.005	[52143245.5434913, 52144404.53973906, 52145563.53598684, 52146720.53224109, 52147879.52848887, NaN, NaN, NaN, NaN, NaN, NaN, NaN, NaN, NaN, NaN, NaN, NaN, NaN, NaN, NaN]	0.0	0.0	0.0
4511.3997868384895	2.0	trials	10.0	0.0	0.0	0.0	0.0	0.0	True	10.0	0.0	0.005	[52223387.28403414, 52224545.280285165, 52225704.27653293, 52226862.27278395, 52228021.26903172, NaN, NaN, NaN, NaN, NaN, NaN, NaN, NaN, NaN, NaN, NaN, NaN, NaN, NaN, NaN]	0.0	0.0	0.0
4518.773830165231	2.0	trials	10.0	0.0	0.0	0.0	0.0	0.0	True	10.0	0.0	0.005	[52308734.00772598, 52309893.00397375, 52311052.000221536, 52312209.99647254, 52313368.99272032, NaN, NaN, NaN, NaN, NaN, NaN, NaN, NaN, NaN, NaN, NaN, NaN, NaN, NaN, NaN]	0.0	0.0	0.0
4525.193761380884	2.0	trials	10.0	0.0	0.0	0.0	0.0	0.0	True	10.0	0.0	0.005	[52383038.76716594, 52384197.763413705, 52385356.759661496, 52386514.75591249, 52387673.75216028, NaN, NaN, NaN, NaN, NaN, NaN, NaN, NaN, NaN, NaN, NaN, NaN, NaN, NaN, NaN]	0.0	0.0	0.0
4531.602892631502	2.0	trials	10.0	0.0	0.0	0.0	0.0	0.0	True	10.0	0.0	0.005	[52457218.527010575, 52458377.52325835, 52459536.51950612, 52460693.51576037, 52461852.512008145, NaN, NaN, NaN, NaN, NaN, NaN, NaN, NaN, NaN, NaN, NaN, NaN, NaN, NaN, NaN]	0.0	0.0	0.0
4539.755829436599	2.0	trials	10.0	0.0	0.0	0.0	0.0	0.0	True	10.0	0.0	0.005	[52551582.22151016, 52552740.21776118, 52553899.21400894, 52555057.21025996, 52556215.20651097, NaN, NaN, NaN, NaN, NaN, NaN, NaN, NaN, NaN, NaN, NaN, NaN, NaN, NaN, NaN]	0.0	0.0	0.0
4546.109924065395	2.0	trials	10.0	0.0	0.0	0.0	0.0	0.0	True	10.0	0.0	0.005	[52625123.9834203, 52626282.97966807, 52627441.97591586, 52628598.97217011, 52629757.968417875, NaN, NaN, NaN, NaN, NaN, NaN, NaN, NaN, NaN, NaN, NaN, NaN, NaN, NaN, NaN]	0.0	0.0	0.0
4551.490639445481	2.0	trials	10.0	0.0	0.0	0.0	0.0	0.0	True	10.0	0.0	0.005	[52687401.781797275, 52688559.7780483, 52689718.77429606, 52690876.770547085, 52692034.766798094, NaN, NaN, NaN, NaN, NaN, NaN, NaN, NaN, NaN, NaN, NaN, NaN, NaN, NaN, NaN]	0.0	0.0	0.0
4558.806276561311	2.0	trials	10.0	0.0	0.0	0.0	0.0	0.0	True	10.0	0.0	0.005	[52772073.50767441, 52773232.50392219, 52774390.500173196, 52775548.496424206, 52776707.49267198, NaN, NaN, NaN, NaN, NaN, NaN, NaN, NaN, NaN, NaN, NaN, NaN, NaN, NaN, NaN]	0.0	0.0	0.0
4567.007683609486	2.0	trials	10.0	0.0	0.0	0.0	0.0	0.0	True	10.0	0.0	0.005	[52866996.200364254, 52868154.19661526, 52869314.19285979, 52870472.189110816, 52871630.185361825, NaN, NaN, NaN, NaN, NaN, NaN, NaN, NaN, NaN, NaN, NaN, NaN, NaN, NaN, NaN]	0.0	0.0	0.0
4574.7656872931675	2.0	trials	10.0	0.0	0.0	0.0	0.0	0.0	True	10.0	0.0	0.005	[52956788.90966231, 52957946.905913316, 52959105.90216109, 52960264.89840886, 52961422.89465988, NaN, NaN, NaN, NaN, NaN, NaN, NaN, NaN, NaN, NaN, NaN, NaN, NaN, NaN, NaN]	0.0	0.0	0.0
4581.096799596369	2.0	trials	10.0	0.0	0.0	0.0	0.0	0.0	True	10.0	0.0	0.005	[53030064.672433615, 53031223.66868138, 53032382.66492916, 53033540.66118017, 53034698.657431185, NaN, NaN, NaN, NaN, NaN, NaN, NaN, NaN, NaN, NaN, NaN, NaN, NaN, NaN, NaN]	0.0	0.0	0.0
4589.058965819079	2.0	trials	10.0	0.0	0.0	0.0	0.0	0.0	True	10.0	0.0	0.005	[53122219.374084756, 53123378.37033253, 53124537.366580315, 53125696.36282809, 53126854.3590791, NaN, NaN, NaN, NaN, NaN, NaN, NaN, NaN, NaN, NaN, NaN, NaN, NaN, NaN, NaN]	0.0	0.0	0.0
4595.909772439786	2.0	trials	10.0	0.0	0.0	0.0	0.0	0.0	True	10.0	0.0	0.005	[53201512.11737623, 53202670.11362723, 53203829.109875016, 53204988.10612279, 53206146.102373816, NaN, NaN, NaN, NaN, NaN, NaN, NaN, NaN, NaN, NaN, NaN, NaN, NaN, NaN, NaN]	0.0	0.0	0.0
4603.99177507453	2.0	trials	10.0	0.0	0.0	0.0	0.0	0.0	True	10.0	0.0	0.005	[53295053.81453702, 53296211.81078803, 53297369.80703903, 53298528.80328681, 53299687.79953459, NaN, NaN, NaN, NaN, NaN, NaN, NaN, NaN, NaN, NaN, NaN, NaN, NaN, NaN, NaN]	0.0	0.0	0.0
4611.827711305907	2.0	trials	10.0	0.0	0.0	0.0	0.0	0.0	True	10.0	0.0	0.005	[53385746.52092135, 53386905.51716912, 53388063.513420135, 53389222.50966791, 53390380.50591892, NaN, NaN, NaN, NaN, NaN, NaN, NaN, NaN, NaN, NaN, NaN, NaN, NaN, NaN, NaN]	0.0	0.0	0.0
4636.903502123738	2.0	trials	11.0	0.0	0.0	0.0	0.0	0.0	True	20.0	0.0	0.005	[53675975.58131106, 53676554.57943658, 53677133.57756208, 53677713.57568434, 53678293.573806606, 53678872.571932115, 53679450.57006086, 53680030.56818313, 53680610.56630539, 53681189.56443091, NaN, NaN, NaN, NaN, NaN, NaN, NaN, NaN, NaN, NaN]	0.0	0.0	0.0
4645.403074606611	2.0	trials	11.0	0.0	0.0	0.0	0.0	0.0	True	20.0	0.0	0.005	[53774351.26282193, 53774930.260947436, 53775510.2590697, 53776089.257195204, 53776667.255323954, 53777246.253449455, 53777827.25156849, 53778406.24969399, 53778985.2478195, 53779564.245945014, NaN, NaN, NaN, NaN, NaN, NaN, NaN, NaN, NaN, NaN]	0.0	0.0	0.0
4651.677854292188	2.0	trials	11.0	0.0	0.0	0.0	0.0	0.0	True	20.0	0.0	0.005	[53846976.027700834, 53847556.0258231, 53848134.02395184, 53848714.02207411, 53849293.02019962, 53849872.01832512, 53850452.01644739, 53851031.014572896, 53851610.012698404, 53852189.010823905, NaN, NaN, NaN, NaN, NaN, NaN, NaN, NaN, NaN, NaN]	0.0	0.0	0.0
4660.295189593807	2.0	trials	11.0	0.0	0.0	0.0	0.0	0.0	True	20.0	0.0	0.005	[53946713.70480227, 53947292.702927776, 53947871.70105327, 53948450.69917878, 53949029.69730429, 53949608.695429794, 53950188.693552054, 53950767.69167757, 53951346.68980308, 53951926.687925346, NaN, NaN, NaN, NaN, NaN, NaN, NaN, NaN, NaN, NaN]	0.0	0.0	0.0
4668.902329728434	2.0	trials	11.0	0.0	0.0	0.0	0.0	0.0	True	20.0	0.0	0.005	[54046333.38228572, 54046912.38041122, 54047491.37853674, 54048070.37666224, 54048651.374781266, 54049230.372906774, 54049808.371035516, 54050388.36915778, 54050967.3672833, 54051547.36540556, NaN, NaN, NaN, NaN, NaN, NaN, NaN, NaN, NaN, NaN]	0.0	0.0	0.0
4675.763331516133	2.0	trials	11.0	0.0	0.0	0.0	0.0	0.0	True	20.0	0.0	0.005	[54125742.12520164, 54126322.1233239, 54126901.12144942, 54127480.11957492, 54128059.11770043, 54128639.115822695, 54129218.1139482, 54129798.11207047, 54130376.11019921, 54130956.10832148, NaN, NaN, NaN, NaN, NaN, NaN, NaN, NaN, NaN, NaN]	0.0	0.0	0.0
4683.625792461637	2.0	trials	11.0	0.0	0.0	0.0	0.0	0.0	True	20.0	0.0	0.005	[54216743.830585584, 54217322.82871109, 54217901.82683661, 54218480.82496212, 54219059.82308762, 54219638.82121312, 54220219.81933215, 54220797.8174609, 54221377.81558317, 54221956.81370867, NaN, NaN, NaN, NaN, NaN, NaN, NaN, NaN, NaN, NaN]	0.0	0.0	0.0
4690.895032927675	2.0	trials	11.0	0.0	0.0	0.0	0.0	0.0	True	20.0	0.0	0.005	[54300877.55820447, 54301457.55632675, 54302036.554452255, 54302616.55257452, 54303194.55070326, 54303773.54882876, 54304353.54695104, 54304932.545076534, 54305511.54320205, 54306091.54132432, NaN, NaN, NaN, NaN, NaN, NaN, NaN, NaN, NaN, NaN]	0.0	0.0	0.0
4696.1288687832775	2.0	trials	11.0	0.0	0.0	0.0	0.0	0.0	True	20.0	0.0	0.005	[54361455.362085156, 54362034.36021066, 54362613.35833616, 54363193.35645843, 54363771.354587175, 54364351.35270944, 54364930.35083494, 54365509.34896046, 54366088.34708596, 54366668.34520823, NaN, NaN, NaN, NaN, NaN, NaN, NaN, NaN, NaN, NaN]	0.0	0.0	0.0
4703.645471648488	2.0	trials	11.0	0.0	0.0	0.0	0.0	0.0	True	20.0	0.0	0.005	[54448453.08043193, 54449031.07856066, 54449611.07668294, 54450191.07480521, 54450770.072930716, 54451349.07105622, 54451928.069181725, 54452507.067307234, 54453087.0654295, 54453666.063555, NaN, NaN, NaN, NaN, NaN, NaN, NaN, NaN, NaN, NaN]	0.0	0.0	0.0
4712.688066373342	2.0	trials	11.0	0.0	0.0	0.0	0.0	0.0	True	20.0	0.0	0.005	[54553111.74160178, 54553691.73972405, 54554270.73784956, 54554849.73597506, 54555429.73409734, 54556008.73222284, 54556587.73034835, 54557166.72847384, 54557746.726596124, 54558324.72472487, NaN, NaN, NaN, NaN, NaN, NaN, NaN, NaN, NaN, NaN]	0.0	0.0	0.0
4718.23147242672	2.0	trials	11.0	0.0	0.0	0.0	0.0	0.0	True	20.0	0.0	0.005	[54617272.53388261, 54617850.53201135, 54618430.53013362, 54619009.52825913, 54619588.52638463, 54620168.5245069, 54620747.522632405, 54621326.52075791, 54621906.51888018, 54622485.51700568, NaN, NaN, NaN, NaN, NaN, NaN, NaN, NaN, NaN, NaN]	0.0	0.0	0.0
4724.825758277905	2.0	trials	11.0	0.0	0.0	0.0	0.0	0.0	True	20.0	0.0	0.005	[54693594.286792584, 54694175.28491161, 54694753.28304037, 54695332.28116586, 54695911.27929137, 54696491.277413644, 54697070.27553915, 54697649.273664646, 54698229.27178693, 54698809.269909196, NaN, NaN, NaN, NaN, NaN, NaN, NaN, NaN, NaN, NaN]	0.0	0.0	0.0
4732.589637142565	2.0	trials	11.0	0.0	0.0	0.0	0.0	0.0	True	20.0	0.0	0.005	[54783453.995873734, 54784032.993999235, 54784612.9921215, 54785191.99024701, 54785770.98837253, 54786349.98649802, 54786928.98462353, 54787509.982742555, 54788088.980868064, 54788667.97899357, NaN, NaN, NaN, NaN, NaN, NaN, NaN, NaN, NaN, NaN]	0.0	0.0	0.0
4738.411768693579	2.0	trials	11.0	0.0	0.0	0.0	0.0	0.0	True	20.0	0.0	0.005	[54850840.77771049, 54851418.77583923, 54851998.77396151, 54852578.77208377, 54853157.770209275, 54853736.76833479, 54854315.766460285, 54854894.76458579, 54855474.76270807, 54856053.76083358, NaN, NaN, NaN, NaN, NaN, NaN, NaN, NaN, NaN, NaN]	0.0	0.0	0.0
4746.449275472376	2.0	trials	11.0	0.0	0.0	0.0	0.0	0.0	True	20.0	0.0	0.005	[54943867.47653856, 54944446.47466407, 54945025.47278958, 54945605.47091185, 54946184.46903735, 54946763.46716286, 54947343.46528514, 54947921.46341388, 54948500.46153938, 54949080.45966165, NaN, NaN, NaN, NaN, NaN, NaN, NaN, NaN, NaN, NaN]	0.0	0.0	0.0
4753.223618340631	2.0	trials	11.0	0.0	0.0	0.0	0.0	0.0	True	20.0	0.0	0.005	[55022274.222698435, 55022852.22082718, 55023432.218949445, 55024011.21707495, 55024591.215197206, 55025170.21332273, 55025750.211445, 55026329.2095705, 55026908.207696006, 55027486.20582475, NaN, NaN, NaN, NaN, NaN, NaN, NaN, NaN, NaN, NaN]	0.0	0.0	0.0
4760.477134057577	2.0	trials	11.0	0.0	0.0	0.0	0.0	0.0	True	20.0	0.0	0.005	[55106226.9509033, 55106806.949025564, 55107384.9471543, 55107963.945279814, 55108542.94340532, 55109122.94152758, 55109701.9396531, 55110280.9377786, 55110860.93590086, 55111439.934026375, NaN, NaN, NaN, NaN, NaN, NaN, NaN, NaN, NaN, NaN]	0.0	0.0	0.0
4767.773158436904	2.0	trials	11.0	0.0	0.0	0.0	0.0	0.0	True	20.0	0.0	0.005	[55190671.67751533, 55191251.675637595, 55191829.67376633, 55192409.671888605, 55192988.67001411, 55193567.66813962, 55194146.66626512, 55194726.66438739, 55195305.662512906, 55195885.660635166, NaN, NaN, NaN, NaN, NaN, NaN, NaN, NaN, NaN, NaN]	0.0	0.0	0.0
4775.345748320858	2.0	trials	11.0	0.0	0.0	0.0	0.0	0.0	True	20.0	0.0	0.005	[55278316.39376746, 55278895.39189296, 55279474.39001847, 55280054.38814074, 55280633.38626625, 55281213.38438852, 55281792.38251403, 55282371.38063952, 55282950.37876503, 55283530.37688731, NaN, NaN, NaN, NaN, NaN, NaN, NaN, NaN, NaN, NaN]	0.0	0.0	0.0
4783.337204048744	2.0	trials	11.0	0.0	0.0	0.0	0.0	0.0	True	20.0	0.0	0.005	[55370811.09431787, 55371390.092443384, 55371969.09056889, 55372549.088691145, 55373128.08681666, 55373708.08493893, 55374287.08306442, 55374866.081189945, 55375445.07931545, 55376024.077440955, NaN, NaN, NaN, NaN, NaN, NaN, NaN, NaN, NaN, NaN]	0.0	0.0	0.0
4791.373501231457	2.0	trials	11.0	0.0	0.0	0.0	0.0	0.0	True	20.0	0.0	0.005	[55463823.793191284, 55464402.791316785, 55464981.789442286, 55465560.7875678, 55466139.7856933, 55466719.78381557, 55467298.78194108, 55467878.780063346, 55468457.77818886, 55469037.77631112, NaN, NaN, NaN, NaN, NaN, NaN, NaN, NaN, NaN, NaN]	0.0	0.0	0.0
4797.0533324431635	2.0	trials	11.0	0.0	0.0	0.0	0.0	0.0	True	20.0	0.0	0.005	[55529561.58036663, 55530141.57848888, 55530719.576617636, 55531300.57473666, 55531878.57286541, 55532457.57099091, 55533037.56911318, 55533616.56723869, 55534196.565360956, 55534775.563486464, NaN, NaN, NaN, NaN, NaN, NaN, NaN, NaN, NaN, NaN]	0.0	0.0	0.0
4804.859201571881	2.0	trials	11.0	0.0	0.0	0.0	0.0	0.0	True	20.0	0.0	0.005	[55619908.287871115, 55620487.28599662, 55621066.284122124, 55621645.28224763, 55622224.28037314, 55622804.27849541, 55623384.276617676, 55623962.27474643, 55624541.27287193, 55625121.2709942, NaN, NaN, NaN, NaN, NaN, NaN, NaN, NaN, NaN, NaN]	0.0	0.0	0.0
4811.023821614097	2.0	trials	11.0	0.0	0.0	0.0	0.0	0.0	True	20.0	0.0	0.005	[55691257.056881025, 55691837.05500329, 55692417.05312557, 55692996.051251076, 55693574.04937982, 55694153.04750533, 55694733.04562758, 55695312.043753095, 55695891.0418786, 55696470.04000411, NaN, NaN, NaN, NaN, NaN, NaN, NaN, NaN, NaN, NaN]	0.0	0.0	0.0
4819.205529526048	2.0	trials	11.0	0.0	0.0	0.0	0.0	0.0	True	20.0	0.0	0.005	[55785951.75030901, 55786531.74843128, 55787111.74655355, 55787690.74467904, 55788269.74280456, 55788849.740926825, 55789427.739055574, 55790007.73717784, 55790586.73530334, 55791166.733425625, NaN, NaN, NaN, NaN, NaN, NaN, NaN, NaN, NaN, NaN]	0.0	0.0	0.0
4826.399429435999	2.0	trials	11.0	0.0	0.0	0.0	0.0	0.0	True	20.0	0.0	0.005	[55869216.480741255, 55869795.478866756, 55870373.476995505, 55870953.47511777, 55871533.47324004, 55872112.47136554, 55872691.46949105, 55873270.467616566, 55873849.46574206, 55874429.46386433, NaN, NaN, NaN, NaN, NaN, NaN, NaN, NaN, NaN, NaN]	0.0	0.0	0.0
4832.718186579201	2.0	trials	11.0	0.0	0.0	0.0	0.0	0.0	True	20.0	0.0	0.005	[55942349.24397553, 55942929.24209778, 55943509.24022005, 55944088.238345556, 55944666.2364743, 55945246.23459658, 55945825.23272208, 55946405.23084435, 55946983.22897308, 55947562.2270986, NaN, NaN, NaN, NaN, NaN, NaN, NaN, NaN, NaN, NaN]	0.0	0.0	0.0
4840.049634843843	2.0	trials	11.0	0.0	0.0	0.0	0.0	0.0	True	20.0	0.0	0.005	[56027204.96925695, 56027783.96738246, 56028363.96550473, 56028942.96363023, 56029521.96175574, 56030101.959878005, 56030680.95800351, 56031258.956132255, 56031838.95425452, 56032418.95237679, NaN, NaN, NaN, NaN, NaN, NaN, NaN, NaN, NaN, NaN]	0.0	0.0	0.0
4847.910367794941	2.0	trials	11.0	0.0	0.0	0.0	0.0	0.0	True	20.0	0.0	0.005	[56118185.67470889, 56118764.6728344, 56119343.670959905, 56119922.66908542, 56120501.667210914, 56121082.66532994, 56121660.6634587, 56122240.66158096, 56122819.65970646, 56123398.657831974, NaN, NaN, NaN, NaN, NaN, NaN, NaN, NaN, NaN, NaN]	0.0	0.0	0.0
4871.958433940003	2.0	trials	12.0	0.0	0.0	0.0	0.0	0.0	True	1.0	0.0	1.0	[56397649.76994996, NaN, NaN, NaN, NaN, NaN, NaN, NaN, NaN, NaN, NaN, NaN, NaN, NaN, NaN, NaN, NaN, NaN, NaN, NaN]	0.0	0.0	0.0
4878.396595496635	2.0	trials	12.0	0.0	0.0	0.0	0.0	0.0	True	1.0	0.0	1.0	[56406903.73999041, NaN, NaN, NaN, NaN, NaN, NaN, NaN, NaN, NaN, NaN, NaN, NaN, NaN, NaN, NaN, NaN, NaN, NaN, NaN]	0.0	0.0	0.0
4886.814606643561	2.0	trials	12.0	0.0	0.0	0.0	0.0	0.0	True	1.0	0.0	1.0	[56406906.739980705, NaN, NaN, NaN, NaN, NaN, NaN, NaN, NaN, NaN, NaN, NaN, NaN, NaN, NaN, NaN, NaN, NaN, NaN, NaN]	0.0	0.0	0.0
4893.060874421444	2.0	trials	12.0	0.0	0.0	0.0	0.0	0.0	True	0.0	0.0	0.0	[NaN, NaN, NaN, NaN, NaN, NaN, NaN, NaN, NaN, NaN, NaN, NaN, NaN, NaN, NaN, NaN, NaN, NaN, NaN, NaN]	0.0	0.0	0.0
4900.680465753231	2.0	trials	12.0	0.0	0.0	0.0	0.0	0.0	True	1.0	0.0	1.0	[56406908.73997424, NaN, NaN, NaN, NaN, NaN, NaN, NaN, NaN, NaN, NaN, NaN, NaN, NaN, NaN, NaN, NaN, NaN, NaN, NaN]	0.0	0.0	0.0
4907.7319789241565	2.0	trials	12.0	0.0	0.0	0.0	0.0	0.0	True	1.0	0.0	1.0	[56406911.73996453, NaN, NaN, NaN, NaN, NaN, NaN, NaN, NaN, NaN, NaN, NaN, NaN, NaN, NaN, NaN, NaN, NaN, NaN, NaN]	0.0	0.0	0.0
4913.4422228374015	2.0	trials	12.0	0.0	0.0	0.0	0.0	0.0	True	0.0	0.0	0.0	[NaN, NaN, NaN, NaN, NaN, NaN, NaN, NaN, NaN, NaN, NaN, NaN, NaN, NaN, NaN, NaN, NaN, NaN, NaN, NaN]	0.0	0.0	0.0
4921.848656421809	2.0	trials	12.0	0.0	0.0	0.0	0.0	0.0	True	1.0	0.0	1.0	[56406921.73993214, NaN, NaN, NaN, NaN, NaN, NaN, NaN, NaN, NaN, NaN, NaN, NaN, NaN, NaN, NaN, NaN, NaN, NaN, NaN]	0.0	0.0	0.0
4927.098562625385	2.0	trials	12.0	0.0	0.0	0.0	0.0	0.0	True	1.0	0.0	1.0	[56472159.52872622, NaN, NaN, NaN, NaN, NaN, NaN, NaN, NaN, NaN, NaN, NaN, NaN, NaN, NaN, NaN, NaN, NaN, NaN, NaN]	0.0	0.0	0.0
4936.050351244221	2.0	trials	12.0	0.0	0.0	0.0	0.0	0.0	True	1.0	0.0	1.0	[56472170.52869061, NaN, NaN, NaN, NaN, NaN, NaN, NaN, NaN, NaN, NaN, NaN, NaN, NaN, NaN, NaN, NaN, NaN, NaN, NaN]	0.0	0.0	0.0
4941.954821728664	2.0	trials	12.0	0.0	0.0	0.0	0.0	0.0	True	0.0	0.0	0.0	[NaN, NaN, NaN, NaN, NaN, NaN, NaN, NaN, NaN, NaN, NaN, NaN, NaN, NaN, NaN, NaN, NaN, NaN, NaN, NaN]	0.0	0.0	0.0
4948.8781177146875	2.0	trials	12.0	0.0	0.0	0.0	0.0	0.0	True	1.0	0.0	1.0	[56472178.52866471, NaN, NaN, NaN, NaN, NaN, NaN, NaN, NaN, NaN, NaN, NaN, NaN, NaN, NaN, NaN, NaN, NaN, NaN, NaN]	0.0	0.0	0.0
4957.470656296586	2.0	trials	12.0	0.0	0.0	0.0	0.0	0.0	True	1.0	0.0	1.0	[56481422.49873755, NaN, NaN, NaN, NaN, NaN, NaN, NaN, NaN, NaN, NaN, NaN, NaN, NaN, NaN, NaN, NaN, NaN, NaN, NaN]	0.0	0.0	0.0
4963.620588386354	2.0	trials	12.0	0.0	0.0	0.0	0.0	0.0	True	1.0	0.0	1.0	[56481424.498731084, NaN, NaN, NaN, NaN, NaN, NaN, NaN, NaN, NaN, NaN, NaN, NaN, NaN, NaN, NaN, NaN, NaN, NaN, NaN]	0.0	0.0	0.0
4971.886708825021	2.0	trials	12.0	0.0	0.0	0.0	0.0	0.0	True	1.0	0.0	1.0	[56569590.213296495, NaN, NaN, NaN, NaN, NaN, NaN, NaN, NaN, NaN, NaN, NaN, NaN, NaN, NaN, NaN, NaN, NaN, NaN, NaN]	0.0	0.0	0.0
4978.578453560685	2.0	trials	12.0	0.0	0.0	0.0	0.0	0.0	True	1.0	0.0	1.0	[56569599.21326736, NaN, NaN, NaN, NaN, NaN, NaN, NaN, NaN, NaN, NaN, NaN, NaN, NaN, NaN, NaN, NaN, NaN, NaN, NaN]	0.0	0.0	0.0
4983.858772465801	2.0	trials	12.0	0.0	0.0	0.0	0.0	0.0	True	1.0	0.0	1.0	[56569601.213260874, NaN, NaN, NaN, NaN, NaN, NaN, NaN, NaN, NaN, NaN, NaN, NaN, NaN, NaN, NaN, NaN, NaN, NaN, NaN]	0.0	0.0	0.0
4989.468533504358	2.0	trials	12.0	0.0	0.0	0.0	0.0	0.0	True	1.0	0.0	1.0	[56578847.18332726, NaN, NaN, NaN, NaN, NaN, NaN, NaN, NaN, NaN, NaN, NaN, NaN, NaN, NaN, NaN, NaN, NaN, NaN, NaN]	0.0	0.0	0.0
4995.799818607	2.0	trials	12.0	0.0	0.0	0.0	0.0	0.0	True	1.0	0.0	1.0	[56578852.18331107, NaN, NaN, NaN, NaN, NaN, NaN, NaN, NaN, NaN, NaN, NaN, NaN, NaN, NaN, NaN, NaN, NaN, NaN, NaN]	0.0	0.0	0.0
5003.052556726464	2.0	trials	12.0	0.0	0.0	0.0	0.0	0.0	True	1.0	0.0	1.0	[56578854.18330459, NaN, NaN, NaN, NaN, NaN, NaN, NaN, NaN, NaN, NaN, NaN, NaN, NaN, NaN, NaN, NaN, NaN, NaN, NaN]	0.0	0.0	0.0
5011.172920837014	2.0	trials	12.0	0.0	0.0	0.0	0.0	0.0	True	1.0	0.0	1.0	[56578857.18329488, NaN, NaN, NaN, NaN, NaN, NaN, NaN, NaN, NaN, NaN, NaN, NaN, NaN, NaN, NaN, NaN, NaN, NaN, NaN]	0.0	0.0	0.0
5018.071074504434	2.0	trials	12.0	0.0	0.0	0.0	0.0	0.0	True	1.0	0.0	1.0	[56651148.94925186, NaN, NaN, NaN, NaN, NaN, NaN, NaN, NaN, NaN, NaN, NaN, NaN, NaN, NaN, NaN, NaN, NaN, NaN, NaN]	0.0	0.0	0.0
5026.044299891341	2.0	trials	12.0	0.0	0.0	0.0	0.0	0.0	True	1.0	0.0	1.0	[56651150.949245386, NaN, NaN, NaN, NaN, NaN, NaN, NaN, NaN, NaN, NaN, NaN, NaN, NaN, NaN, NaN, NaN, NaN, NaN, NaN]	0.0	0.0	0.0
5035.086981015916	2.0	trials	12.0	0.0	0.0	0.0	0.0	0.0	True	1.0	0.0	1.0	[56651154.94923243, NaN, NaN, NaN, NaN, NaN, NaN, NaN, NaN, NaN, NaN, NaN, NaN, NaN, NaN, NaN, NaN, NaN, NaN, NaN]	0.0	0.0	0.0
5043.9249812031385	2.0	trials	12.0	0.0	0.0	0.0	0.0	0.0	True	1.0	0.0	1.0	[56730078.69371852, NaN, NaN, NaN, NaN, NaN, NaN, NaN, NaN, NaN, NaN, NaN, NaN, NaN, NaN, NaN, NaN, NaN, NaN, NaN]	0.0	0.0	0.0
5052.223155938031	2.0	trials	12.0	0.0	0.0	0.0	0.0	0.0	True	1.0	0.0	1.0	[56730081.69370881, NaN, NaN, NaN, NaN, NaN, NaN, NaN, NaN, NaN, NaN, NaN, NaN, NaN, NaN, NaN, NaN, NaN, NaN, NaN]	0.0	0.0	0.0
5058.123133637019	2.0	trials	12.0	0.0	0.0	0.0	0.0	0.0	True	1.0	0.0	1.0	[56730084.69369911, NaN, NaN, NaN, NaN, NaN, NaN, NaN, NaN, NaN, NaN, NaN, NaN, NaN, NaN, NaN, NaN, NaN, NaN, NaN]	0.0	0.0	0.0
5067.03042639991	2.0	trials	12.0	0.0	0.0	0.0	0.0	0.0	True	1.0	0.0	1.0	[56739342.66372662, NaN, NaN, NaN, NaN, NaN, NaN, NaN, NaN, NaN, NaN, NaN, NaN, NaN, NaN, NaN, NaN, NaN, NaN, NaN]	0.0	0.0	0.0
5074.770718140932	2.0	trials	12.0	0.0	0.0	0.0	0.0	0.0	True	1.0	0.0	1.0	[56739356.66368129, NaN, NaN, NaN, NaN, NaN, NaN, NaN, NaN, NaN, NaN, NaN, NaN, NaN, NaN, NaN, NaN, NaN, NaN, NaN]	0.0	0.0	0.0
5083.483352334024	2.0	trials	12.0	0.0	0.0	0.0	0.0	0.0	True	1.0	0.0	1.0	[56811689.429505534, NaN, NaN, NaN, NaN, NaN, NaN, NaN, NaN, NaN, NaN, NaN, NaN, NaN, NaN, NaN, NaN, NaN, NaN, NaN]	0.0	0.0	0.0
