onset	duration	nwb_table	Block	sound	sound_puretone	sound_bluenoise	sound_freq	sound_amp	optogenetics	opto_freq	opto_power	opto_pulse_duration	opto_pulse_ts	airpuff	airpuff_duration	airpuff_amp
299.2826262068692	2.0	trials	1.0	1.0	1.0	0.0	10000.0	1.0	False	0.0	0.0	0.0	[NaN, NaN, NaN, NaN, NaN, NaN, NaN, NaN, NaN, NaN, NaN, NaN, NaN, NaN, NaN, NaN, NaN, NaN, NaN, NaN]	0.0	0.0	0.0
309.23647799214604	2.0	trials	1.0	1.0	1.0	0.0	10000.0	1.0	False	0.0	0.0	0.0	[NaN, NaN, NaN, NaN, NaN, NaN, NaN, NaN, NaN, NaN, NaN, NaN, NaN, NaN, NaN, NaN, NaN, NaN, NaN, NaN]	0.0	0.0	0.0
317.7867664327318	2.0	trials	1.0	1.0	1.0	0.0	10000.0	1.0	False	0.0	0.0	0.0	[NaN, NaN, NaN, NaN, NaN, NaN, NaN, NaN, NaN, NaN, NaN, NaN, NaN, NaN, NaN, NaN, NaN, NaN, NaN, NaN]	0.0	0.0	0.0
327.71487110340604	2.0	trials	1.0	1.0	1.0	0.0	10000.0	1.0	False	0.0	0.0	0.0	[NaN, NaN, NaN, NaN, NaN, NaN, NaN, NaN, NaN, NaN, NaN, NaN, NaN, NaN, NaN, NaN, NaN, NaN, NaN, NaN]	0.0	0.0	0.0
333.24730395355084	2.0	trials	1.0	1.0	1.0	0.0	10000.0	1.0	False	0.0	0.0	0.0	[NaN, NaN, NaN, NaN, NaN, NaN, NaN, NaN, NaN, NaN, NaN, NaN, NaN, NaN, NaN, NaN, NaN, NaN, NaN, NaN]	0.0	0.0	0.0
344.04251614822135	2.0	trials	1.0	1.0	1.0	0.0	10000.0	1.0	False	0.0	0.0	0.0	[NaN, NaN, NaN, NaN, NaN, NaN, NaN, NaN, NaN, NaN, NaN, NaN, NaN, NaN, NaN, NaN, NaN, NaN, NaN, NaN]	0.0	0.0	0.0
351.23684748621673	2.0	trials	1.0	1.0	1.0	0.0	10000.0	1.0	False	0.0	0.0	0.0	[NaN, NaN, NaN, NaN, NaN, NaN, NaN, NaN, NaN, NaN, NaN, NaN, NaN, NaN, NaN, NaN, NaN, NaN, NaN, NaN]	0.0	0.0	0.0
359.18683071788195	2.0	trials	1.0	1.0	1.0	0.0	10000.0	1.0	False	0.0	0.0	0.0	[NaN, NaN, NaN, NaN, NaN, NaN, NaN, NaN, NaN, NaN, NaN, NaN, NaN, NaN, NaN, NaN, NaN, NaN, NaN, NaN]	0.0	0.0	0.0
365.7984823884969	2.0	trials	1.0	1.0	1.0	0.0	10000.0	1.0	False	0.0	0.0	0.0	[NaN, NaN, NaN, NaN, NaN, NaN, NaN, NaN, NaN, NaN, NaN, NaN, NaN, NaN, NaN, NaN, NaN, NaN, NaN, NaN]	0.0	0.0	0.0
373.9170314610665	2.0	trials	1.0	1.0	1.0	0.0	10000.0	1.0	False	0.0	0.0	0.0	[NaN, NaN, NaN, NaN, NaN, NaN, NaN, NaN, NaN, NaN, NaN, NaN, NaN, NaN, NaN, NaN, NaN, NaN, NaN, NaN]	0.0	0.0	0.0
383.81092184522197	2.0	trials	1.0	1.0	1.0	0.0	10000.0	1.0	False	0.0	0.0	0.0	[NaN, NaN, NaN, NaN, NaN, NaN, NaN, NaN, NaN, NaN, NaN, NaN, NaN, NaN, NaN, NaN, NaN, NaN, NaN, NaN]	0.0	0.0	0.0
394.2887878924594	2.0	trials	1.0	1.0	1.0	0.0	10000.0	1.0	False	0.0	0.0	0.0	[NaN, NaN, NaN, NaN, NaN, NaN, NaN, NaN, NaN, NaN, NaN, NaN, NaN, NaN, NaN, NaN, NaN, NaN, NaN, NaN]	0.0	0.0	0.0
400.84471174791105	2.0	trials	1.0	1.0	1.0	0.0	10000.0	1.0	False	0.0	0.0	0.0	[NaN, NaN, NaN, NaN, NaN, NaN, NaN, NaN, NaN, NaN, NaN, NaN, NaN, NaN, NaN, NaN, NaN, NaN, NaN, NaN]	0.0	0.0	0.0
411.2971762793997	2.0	trials	1.0	1.0	1.0	0.0	10000.0	1.0	False	0.0	0.0	0.0	[NaN, NaN, NaN, NaN, NaN, NaN, NaN, NaN, NaN, NaN, NaN, NaN, NaN, NaN, NaN, NaN, NaN, NaN, NaN, NaN]	0.0	0.0	0.0
418.44899895838694	2.0	trials	1.0	1.0	1.0	0.0	10000.0	1.0	False	0.0	0.0	0.0	[NaN, NaN, NaN, NaN, NaN, NaN, NaN, NaN, NaN, NaN, NaN, NaN, NaN, NaN, NaN, NaN, NaN, NaN, NaN, NaN]	0.0	0.0	0.0
426.52547137051556	2.0	trials	1.0	1.0	1.0	0.0	10000.0	1.0	False	0.0	0.0	0.0	[NaN, NaN, NaN, NaN, NaN, NaN, NaN, NaN, NaN, NaN, NaN, NaN, NaN, NaN, NaN, NaN, NaN, NaN, NaN, NaN]	0.0	0.0	0.0
432.35054005005213	2.0	trials	1.0	1.0	1.0	0.0	10000.0	1.0	False	0.0	0.0	0.0	[NaN, NaN, NaN, NaN, NaN, NaN, NaN, NaN, NaN, NaN, NaN, NaN, NaN, NaN, NaN, NaN, NaN, NaN, NaN, NaN]	0.0	0.0	0.0
442.2959246634126	2.0	trials	1.0	1.0	1.0	0.0	10000.0	1.0	False	0.0	0.0	0.0	[NaN, NaN, NaN, NaN, NaN, NaN, NaN, NaN, NaN, NaN, NaN, NaN, NaN, NaN, NaN, NaN, NaN, NaN, NaN, NaN]	0.0	0.0	0.0
448.30156874402047	2.0	trials	1.0	1.0	1.0	0.0	10000.0	1.0	False	0.0	0.0	0.0	[NaN, NaN, NaN, NaN, NaN, NaN, NaN, NaN, NaN, NaN, NaN, NaN, NaN, NaN, NaN, NaN, NaN, NaN, NaN, NaN]	0.0	0.0	0.0
459.1587295332212	2.0	trials	1.0	1.0	1.0	0.0	10000.0	1.0	False	0.0	0.0	0.0	[NaN, NaN, NaN, NaN, NaN, NaN, NaN, NaN, NaN, NaN, NaN, NaN, NaN, NaN, NaN, NaN, NaN, NaN, NaN, NaN]	0.0	0.0	0.0
465.04514200929395	2.0	trials	1.0	1.0	1.0	0.0	10000.0	1.0	False	0.0	0.0	0.0	[NaN, NaN, NaN, NaN, NaN, NaN, NaN, NaN, NaN, NaN, NaN, NaN, NaN, NaN, NaN, NaN, NaN, NaN, NaN, NaN]	0.0	0.0	0.0
470.37894191826024	2.0	trials	1.0	1.0	1.0	0.0	10000.0	1.0	False	0.0	0.0	0.0	[NaN, NaN, NaN, NaN, NaN, NaN, NaN, NaN, NaN, NaN, NaN, NaN, NaN, NaN, NaN, NaN, NaN, NaN, NaN, NaN]	0.0	0.0	0.0
476.93702576654766	2.0	trials	1.0	1.0	1.0	0.0	10000.0	1.0	False	0.0	0.0	0.0	[NaN, NaN, NaN, NaN, NaN, NaN, NaN, NaN, NaN, NaN, NaN, NaN, NaN, NaN, NaN, NaN, NaN, NaN, NaN, NaN]	0.0	0.0	0.0
485.4329687873851	2.0	trials	1.0	1.0	1.0	0.0	10000.0	1.0	False	0.0	0.0	0.0	[NaN, NaN, NaN, NaN, NaN, NaN, NaN, NaN, NaN, NaN, NaN, NaN, NaN, NaN, NaN, NaN, NaN, NaN, NaN, NaN]	0.0	0.0	0.0
491.89056976895205	2.0	trials	1.0	1.0	1.0	0.0	10000.0	1.0	False	0.0	0.0	0.0	[NaN, NaN, NaN, NaN, NaN, NaN, NaN, NaN, NaN, NaN, NaN, NaN, NaN, NaN, NaN, NaN, NaN, NaN, NaN, NaN]	0.0	0.0	0.0
497.1514483197823	2.0	trials	1.0	1.0	1.0	0.0	10000.0	1.0	False	0.0	0.0	0.0	[NaN, NaN, NaN, NaN, NaN, NaN, NaN, NaN, NaN, NaN, NaN, NaN, NaN, NaN, NaN, NaN, NaN, NaN, NaN, NaN]	0.0	0.0	0.0
506.92481110370124	2.0	trials	1.0	1.0	1.0	0.0	10000.0	1.0	False	0.0	0.0	0.0	[NaN, NaN, NaN, NaN, NaN, NaN, NaN, NaN, NaN, NaN, NaN, NaN, NaN, NaN, NaN, NaN, NaN, NaN, NaN, NaN]	0.0	0.0	0.0
517.1489211925909	2.0	trials	1.0	1.0	1.0	0.0	10000.0	1.0	False	0.0	0.0	0.0	[NaN, NaN, NaN, NaN, NaN, NaN, NaN, NaN, NaN, NaN, NaN, NaN, NaN, NaN, NaN, NaN, NaN, NaN, NaN, NaN]	0.0	0.0	0.0
523.2207474536872	2.0	trials	1.0	1.0	1.0	0.0	10000.0	1.0	False	0.0	0.0	0.0	[NaN, NaN, NaN, NaN, NaN, NaN, NaN, NaN, NaN, NaN, NaN, NaN, NaN, NaN, NaN, NaN, NaN, NaN, NaN, NaN]	0.0	0.0	0.0
533.8168083088987	2.0	trials	1.0	1.0	1.0	0.0	10000.0	1.0	False	0.0	0.0	0.0	[NaN, NaN, NaN, NaN, NaN, NaN, NaN, NaN, NaN, NaN, NaN, NaN, NaN, NaN, NaN, NaN, NaN, NaN, NaN, NaN]	0.0	0.0	0.0
542.7268651562122	2.0	trials	1.0	1.0	1.0	0.0	10000.0	1.0	False	0.0	0.0	0.0	[NaN, NaN, NaN, NaN, NaN, NaN, NaN, NaN, NaN, NaN, NaN, NaN, NaN, NaN, NaN, NaN, NaN, NaN, NaN, NaN]	0.0	0.0	0.0
551.5232199806503	2.0	trials	1.0	1.0	1.0	0.0	10000.0	1.0	False	0.0	0.0	0.0	[NaN, NaN, NaN, NaN, NaN, NaN, NaN, NaN, NaN, NaN, NaN, NaN, NaN, NaN, NaN, NaN, NaN, NaN, NaN, NaN]	0.0	0.0	0.0
557.7389017646095	2.0	trials	1.0	1.0	1.0	0.0	10000.0	1.0	False	0.0	0.0	0.0	[NaN, NaN, NaN, NaN, NaN, NaN, NaN, NaN, NaN, NaN, NaN, NaN, NaN, NaN, NaN, NaN, NaN, NaN, NaN, NaN]	0.0	0.0	0.0
564.2066979123613	2.0	trials	1.0	1.0	1.0	0.0	10000.0	1.0	False	0.0	0.0	0.0	[NaN, NaN, NaN, NaN, NaN, NaN, NaN, NaN, NaN, NaN, NaN, NaN, NaN, NaN, NaN, NaN, NaN, NaN, NaN, NaN]	0.0	0.0	0.0
572.2116313617688	2.0	trials	1.0	1.0	1.0	0.0	10000.0	1.0	False	0.0	0.0	0.0	[NaN, NaN, NaN, NaN, NaN, NaN, NaN, NaN, NaN, NaN, NaN, NaN, NaN, NaN, NaN, NaN, NaN, NaN, NaN, NaN]	0.0	0.0	0.0
580.8902233768	2.0	trials	1.0	1.0	1.0	0.0	10000.0	1.0	False	0.0	0.0	0.0	[NaN, NaN, NaN, NaN, NaN, NaN, NaN, NaN, NaN, NaN, NaN, NaN, NaN, NaN, NaN, NaN, NaN, NaN, NaN, NaN]	0.0	0.0	0.0
590.9490508138958	2.0	trials	1.0	1.0	1.0	0.0	10000.0	1.0	False	0.0	0.0	0.0	[NaN, NaN, NaN, NaN, NaN, NaN, NaN, NaN, NaN, NaN, NaN, NaN, NaN, NaN, NaN, NaN, NaN, NaN, NaN, NaN]	0.0	0.0	0.0
598.2989016360675	2.0	trials	1.0	1.0	1.0	0.0	10000.0	1.0	False	0.0	0.0	0.0	[NaN, NaN, NaN, NaN, NaN, NaN, NaN, NaN, NaN, NaN, NaN, NaN, NaN, NaN, NaN, NaN, NaN, NaN, NaN, NaN]	0.0	0.0	0.0
604.6701893039165	2.0	trials	1.0	1.0	1.0	0.0	10000.0	1.0	False	0.0	0.0	0.0	[NaN, NaN, NaN, NaN, NaN, NaN, NaN, NaN, NaN, NaN, NaN, NaN, NaN, NaN, NaN, NaN, NaN, NaN, NaN, NaN]	0.0	0.0	0.0
614.9608271721485	2.0	trials	1.0	1.0	1.0	0.0	10000.0	1.0	False	0.0	0.0	0.0	[NaN, NaN, NaN, NaN, NaN, NaN, NaN, NaN, NaN, NaN, NaN, NaN, NaN, NaN, NaN, NaN, NaN, NaN, NaN, NaN]	0.0	0.0	0.0
621.1532674331946	2.0	trials	1.0	1.0	1.0	0.0	10000.0	1.0	False	0.0	0.0	0.0	[NaN, NaN, NaN, NaN, NaN, NaN, NaN, NaN, NaN, NaN, NaN, NaN, NaN, NaN, NaN, NaN, NaN, NaN, NaN, NaN]	0.0	0.0	0.0
631.4669740249127	2.0	trials	1.0	1.0	1.0	0.0	10000.0	1.0	False	0.0	0.0	0.0	[NaN, NaN, NaN, NaN, NaN, NaN, NaN, NaN, NaN, NaN, NaN, NaN, NaN, NaN, NaN, NaN, NaN, NaN, NaN, NaN]	0.0	0.0	0.0
637.6831742071527	2.0	trials	1.0	1.0	1.0	0.0	10000.0	1.0	False	0.0	0.0	0.0	[NaN, NaN, NaN, NaN, NaN, NaN, NaN, NaN, NaN, NaN, NaN, NaN, NaN, NaN, NaN, NaN, NaN, NaN, NaN, NaN]	0.0	0.0	0.0
646.3648766118673	2.0	trials	1.0	1.0	1.0	0.0	10000.0	1.0	False	0.0	0.0	0.0	[NaN, NaN, NaN, NaN, NaN, NaN, NaN, NaN, NaN, NaN, NaN, NaN, NaN, NaN, NaN, NaN, NaN, NaN, NaN, NaN]	0.0	0.0	0.0
651.6198799821843	2.0	trials	1.0	1.0	1.0	0.0	10000.0	1.0	False	0.0	0.0	0.0	[NaN, NaN, NaN, NaN, NaN, NaN, NaN, NaN, NaN, NaN, NaN, NaN, NaN, NaN, NaN, NaN, NaN, NaN, NaN, NaN]	0.0	0.0	0.0
658.5992488331626	2.0	trials	1.0	1.0	1.0	0.0	10000.0	1.0	False	0.0	0.0	0.0	[NaN, NaN, NaN, NaN, NaN, NaN, NaN, NaN, NaN, NaN, NaN, NaN, NaN, NaN, NaN, NaN, NaN, NaN, NaN, NaN]	0.0	0.0	0.0
666.3334055806765	2.0	trials	1.0	1.0	1.0	0.0	10000.0	1.0	False	0.0	0.0	0.0	[NaN, NaN, NaN, NaN, NaN, NaN, NaN, NaN, NaN, NaN, NaN, NaN, NaN, NaN, NaN, NaN, NaN, NaN, NaN, NaN]	0.0	0.0	0.0
676.8256139803436	2.0	trials	1.0	1.0	1.0	0.0	10000.0	1.0	False	0.0	0.0	0.0	[NaN, NaN, NaN, NaN, NaN, NaN, NaN, NaN, NaN, NaN, NaN, NaN, NaN, NaN, NaN, NaN, NaN, NaN, NaN, NaN]	0.0	0.0	0.0
687.3211055691211	2.0	trials	1.0	1.0	1.0	0.0	10000.0	1.0	False	0.0	0.0	0.0	[NaN, NaN, NaN, NaN, NaN, NaN, NaN, NaN, NaN, NaN, NaN, NaN, NaN, NaN, NaN, NaN, NaN, NaN, NaN, NaN]	0.0	0.0	0.0
695.9373169910548	2.0	trials	1.0	1.0	1.0	0.0	10000.0	1.0	False	0.0	0.0	0.0	[NaN, NaN, NaN, NaN, NaN, NaN, NaN, NaN, NaN, NaN, NaN, NaN, NaN, NaN, NaN, NaN, NaN, NaN, NaN, NaN]	0.0	0.0	0.0
739.3567153785208	2.0	trials	2.0	1.0	1.0	0.0	10000.0	1.0	True	40.0	0.0	0.005	[8565481.363994664, 8565770.363036117, 8566060.362074252, 8566349.361115703, 8566639.360153839, 8566930.35918866, 8567219.35823011, 8567508.357271563, 8567798.356309697, 8568088.355347835, 8568378.35438597, 8568667.353427421, 8568956.352468874, 8569246.35150701, 8569536.350545146, 8569825.349586597, 8570115.348624732, 8570405.347662868, 8570694.346704321, 8570984.345742455]	0.0	0.0	0.0
748.2621930410224	2.0	trials	2.0	1.0	1.0	0.0	10000.0	1.0	True	40.0	0.0	0.005	[8668554.02212481, 8668844.021162946, 8669133.020204399, 8669423.019242534, 8669712.018283987, 8670002.017322123, 8670291.016363574, 8670581.01540171, 8670871.014439845, 8671160.013481298, 8671451.012516117, 8671739.011560885, 8672030.010595703, 8672320.00963384, 8672608.00867861, 8672898.007716743, 8673188.006754879, 8673478.005793015, 8673767.004834468, 8674057.003872605]	0.0	0.0	0.0
755.9839946295157	2.0	trials	2.0	1.0	1.0	0.0	10000.0	1.0	True	40.0	0.0	0.005	[8757926.725694763, 8758216.724732898, 8758505.723774351, 8758796.72280917, 8759084.721853938, 8759373.720895391, 8759663.719933527, 8759953.718971662, 8760243.718009798, 8760533.717047932, 8760822.716089385, 8761112.71512752, 8761401.714168973, 8761692.713203793, 8761981.712245243, 8762271.711283378, 8762560.710324833, 8762850.709362969, 8763139.70840442, 8763429.707442554]	0.0	0.0	0.0
762.8241735421564	2.0	trials	2.0	1.0	1.0	0.0	10000.0	1.0	True	40.0	0.0	0.005	[8837095.463109078, 8837385.462147214, 8837673.461191982, 8837964.4602268, 8838254.459264936, 8838544.458303072, 8838833.457344525, 8839122.456385976, 8839412.455424111, 8839702.454462247, 8839991.4535037, 8840280.452545151, 8840571.451579971, 8840860.450621424, 8841151.449656243, 8841440.448697694, 8841730.44773583, 8842019.446777282, 8842309.445815418, 8842598.444856869]	0.0	0.0	0.0
768.4824043750571	2.0	trials	2.0	1.0	1.0	0.0	10000.0	1.0	True	40.0	0.0	0.005	[8902583.245900178, 8902873.244938314, 8903163.243976448, 8903452.2430179, 8903742.242056036, 8904031.24109749, 8904322.240132308, 8904611.239173759, 8904901.238211896, 8905190.237253347, 8905480.236291483, 8905770.235329619, 8906060.234367754, 8906348.233412523, 8906638.232450658, 8906928.231488794, 8907218.23052693, 8907507.22956838, 8907797.228606516, 8908086.22764797]	0.0	0.0	0.0
775.2680650685223	2.0	trials	2.0	1.0	1.0	0.0	10000.0	1.0	True	40.0	0.0	0.005	[8981121.985404061, 8981411.984442197, 8981700.983483646, 8981990.982521784, 8982279.981563237, 8982568.980604688, 8982858.979642823, 8983148.978680959, 8983438.977719095, 8983727.976760546, 8984017.975798681, 8984306.974840134, 8984596.97387827, 8984886.972916406, 8985175.971957857, 8985465.970995992, 8985754.970037445, 8986044.969075583, 8986334.968113715, 8986624.96715185]	0.0	0.0	0.0
781.0158924042514	2.0	trials	2.0	1.0	1.0	0.0	10000.0	1.0	True	40.0	0.0	0.005	[9047646.764755666, 9047936.763793802, 9048226.762831936, 9048515.761873389, 9048805.760911524, 9049094.759952977, 9049384.758991113, 9049673.758032564, 9049964.757067382, 9050253.756108835, 9050543.755146971, 9050832.754188424, 9051122.75322656, 9051412.752264693, 9051702.751302829, 9051991.750344282, 9052280.749385735, 9052570.748423869, 9052860.747462004, 9053150.74650014]	0.0	0.0	0.0
787.4609654273708	2.0	trials	2.0	1.0	1.0	0.0	10000.0	1.0	True	40.0	0.0	0.005	[9122242.517337587, 9122533.516372407, 9122822.515413858, 9123112.514451994, 9123401.513493447, 9123691.512531584, 9123980.511573033, 9124270.510611169, 9124559.509652622, 9124850.508687442, 9125139.507728893, 9125429.506767027, 9125718.505808482, 9126008.504846618, 9126297.503888069, 9126587.502926204, 9126876.501967657, 9127167.501002476, 9127455.500047244, 9127746.499082062]	0.0	0.0	0.0
793.5683019706872	2.0	trials	2.0	1.0	1.0	0.0	10000.0	1.0	True	40.0	0.0	0.005	[9192930.282881463, 9193219.281922916, 9193509.28096105, 9193798.280002503, 9194089.279037323, 9194378.278078774, 9194667.277120227, 9194958.276155045, 9195247.275196496, 9195537.274234632, 9195826.273276085, 9196115.272317538, 9196406.271352356, 9196695.270393807, 9196984.26943526, 9197274.268473396, 9197564.267511532, 9197853.266552985, 9198144.265587803, 9198432.264632571]	0.0	0.0	0.0
804.6379196552155	2.0	trials	2.0	1.0	1.0	0.0	10000.0	1.0	True	40.0	0.0	0.005	[9321049.85793637, 9321339.856974507, 9321629.856012642, 9321918.855054092, 9322208.854092227, 9322497.853133682, 9322787.852171818, 9323077.851209953, 9323366.850251403, 9323656.84928954, 9323946.848327676, 9324236.847365811, 9324525.846407264, 9324814.845448716, 9325105.844483534, 9325394.843524987, 9325683.84256644, 9325973.841604574, 9326263.840642711, 9326552.839684162]	0.0	0.0	0.0
814.6341073000735	2.0	trials	2.0	1.0	1.0	0.0	10000.0	1.0	True	40.0	0.0	0.005	[9436746.47419556, 9437036.473233696, 9437327.472268516, 9437615.471313287, 9437905.470351422, 9438195.469389554, 9438484.468431009, 9438774.467469145, 9439064.46650728, 9439353.465548731, 9439644.464583552, 9439932.46362832, 9440222.462666456, 9440512.461704591, 9440802.460742727, 9441092.459780863, 9441380.458825631, 9441670.457863767, 9441960.4569019, 9442249.455943355]	0.0	0.0	0.0
820.8261155625527	2.0	trials	2.0	1.0	1.0	0.0	10000.0	1.0	True	40.0	0.0	0.005	[9508413.236492315, 9508703.235530451, 9508993.234568585, 9509281.233613355, 9509572.232648173, 9509862.231686309, 9510151.230727762, 9510440.229769213, 9510730.228807349, 9511020.227845486, 9511309.226886937, 9511599.225925073, 9511889.224963209, 9512179.224001344, 9512469.22303948, 9512757.222084248, 9513047.221122384, 9513337.22016052, 9513627.219198655, 9513917.218236791]	0.0	0.0	0.0
828.9862228972828	2.0	trials	2.0	1.0	1.0	0.0	10000.0	1.0	True	40.0	0.0	0.005	[9602860.923229638, 9603148.922274407, 9603438.921312543, 9603727.920353996, 9604017.919392131, 9604308.91842695, 9604596.91747172, 9604886.916509854, 9605177.915544674, 9605465.914589442, 9605755.913627578, 9606044.912669031, 9606334.911707165, 9606623.910748618, 9606914.909783436, 9607203.908824889, 9607493.907863025, 9607782.906904476, 9608072.905942611, 9608361.904984064]	0.0	0.0	0.0
839.3661116694892	2.0	trials	2.0	1.0	1.0	0.0	10000.0	1.0	True	40.0	0.0	0.005	[9722997.524762353, 9723286.523803806, 9723576.522841942, 9723865.521883393, 9724155.520921528, 9724446.519956348, 9724734.519001117, 9725024.518039253, 9725314.517077388, 9725604.516115524, 9725893.515156975, 9726183.51419511, 9726473.513233246, 9726763.512271382, 9727052.511312835, 9727341.510354286, 9727631.509392422, 9727920.508433875, 9728210.507472012, 9728500.506510144]	0.0	0.0	0.0
847.0942204370631	2.0	trials	2.0	1.0	1.0	0.0	10000.0	1.0	True	40.0	0.0	0.005	[9812443.228090182, 9812732.227131633, 9813023.226166451, 9813312.225207904, 9813601.224249357, 9813891.223287493, 9814180.222328942, 9814471.221363762, 9814760.220405215, 9815050.219443351, 9815340.218481487, 9815629.21752294, 9815918.21656439, 9816208.215602526, 9816498.214640662, 9816789.21367548, 9817078.212716933, 9817366.211761702, 9817657.21079652, 9817946.209837973]	0.0	0.0	0.0
852.8385917842548	2.0	trials	2.0	1.0	1.0	0.0	10000.0	1.0	True	40.0	0.0	0.005	[9878928.007574458, 9879217.006615909, 9879507.005654046, 9879797.00469218, 9880086.003733633, 9880376.002771769, 9880666.001809904, 9880956.00084804, 9881244.999889491, 9881534.998927627, 9881823.99796908, 9882114.9970039, 9882403.996045351, 9882692.995086802, 9882983.994121622, 9883272.993163075, 9883561.992204525, 9883851.99124266, 9884142.99027748, 9884431.989318933]	0.0	0.0	0.0
863.6248184087282	2.0	trials	2.0	1.0	1.0	0.0	10000.0	1.0	True	40.0	0.0	0.005	[10003769.59350175, 10004058.592543202, 10004348.591581337, 10004638.590619473, 10004928.589657608, 10005218.588695746, 10005506.587740513, 10005797.58677533, 10006086.585816784, 10006376.584854921, 10006665.583896372, 10006955.582934506, 10007245.581972644, 10007535.58101078, 10007825.580048915, 10008113.579093682, 10008403.57813182, 10008692.577173272, 10008982.576211408, 10009273.575246226]	0.0	0.0	0.0
870.8179401507357	2.0	trials	2.0	1.0	1.0	0.0	10000.0	1.0	True	40.0	0.0	0.005	[10087022.317370359, 10087312.316408494, 10087602.31544663, 10087891.314488083, 10088180.313529534, 10088471.312564354, 10088761.31160249, 10089050.310643941, 10089340.309682077, 10089629.30872353, 10089919.307761665, 10090208.306803117, 10090499.305837935, 10090788.304879388, 10091078.303917523, 10091368.302955661, 10091656.302000428, 10091947.301035246, 10092237.300073382, 10092525.299118152]	0.0	0.0	0.0
881.4381929257079	2.0	trials	2.0	1.0	1.0	0.0	10000.0	1.0	True	40.0	0.0	0.005	[10209941.909672493, 10210231.908710627, 10210520.90775208, 10210811.906786898, 10211100.905828351, 10211390.904866487, 10211680.903904622, 10211969.902946074, 10212259.90198421, 10212549.901022345, 10212838.900063798, 10213128.899101933, 10213417.898143385, 10213707.89718152, 10213996.896222973, 10214286.895261109, 10214576.894299245, 10214866.89333738, 10215155.892378831, 10215445.891416967]	0.0	0.0	0.0
891.8840046792624	2.0	trials	2.0	1.0	1.0	0.0	10000.0	1.0	True	40.0	0.0	0.005	[10330843.508667873, 10331133.507706009, 10331422.506747464, 10331712.505785597, 10332002.504823733, 10332292.503861869, 10332580.502906637, 10332871.501941457, 10333160.500982909, 10333450.500021044, 10333739.499062497, 10334029.498100633, 10334318.497142084, 10334609.496176902, 10334898.495218355, 10335188.494256493, 10335477.493297942, 10335768.492332762, 10336056.49137753, 10336346.490415668]	0.0	0.0	0.0
899.7202858880521	2.0	trials	2.0	1.0	1.0	0.0	10000.0	1.0	True	40.0	0.0	0.005	[10421540.207846418, 10421830.206884554, 10422120.205922687, 10422409.20496414, 10422699.204002276, 10422989.203040412, 10423278.202081865, 10423569.201116683, 10423857.200161451, 10424147.199199587, 10424437.198237723, 10424727.197275858, 10425016.19631731, 10425305.195358763, 10425596.19439358, 10425885.193435034, 10426174.192476487, 10426464.19151462, 10426754.190552756, 10427044.189590892]	0.0	0.0	0.0
907.3460973949233	2.0	trials	2.0	1.0	1.0	0.0	10000.0	1.0	True	40.0	0.0	0.005	[10509802.91509799, 10510092.914136123, 10510381.913177576, 10510671.912215712, 10510960.911257165, 10511250.910295298, 10511540.909333434, 10511830.908371571, 10512119.907413024, 10512409.906451158, 10512698.90549261, 10512988.904530747, 10513278.903568882, 10513567.902610335, 10513856.901651787, 10514146.900689922, 10514436.899728058, 10514726.898766194, 10515015.897807645, 10515305.89684578]	0.0	0.0	0.0
913.922497982458	2.0	trials	2.0	1.0	1.0	0.0	10000.0	1.0	True	40.0	0.0	0.005	[10585917.662641732, 10586207.661679866, 10586496.660721319, 10586786.659759454, 10587075.658800907, 10587366.657835726, 10587654.656880494, 10587945.655915312, 10588234.654956765, 10588524.653994901, 10588814.653033037, 10589102.652077805, 10589392.65111594, 10589682.650154077, 10589972.649192212, 10590261.648233665, 10590552.647268483, 10590841.646309935, 10591131.64534807, 10591421.644386206]	0.0	0.0	0.0
923.5825907420684	2.0	trials	2.0	1.0	1.0	0.0	10000.0	1.0	True	40.0	0.0	0.005	[10697724.291803174, 10698014.29084131, 10698303.28988276, 10698593.288920896, 10698883.287959032, 10699172.287000485, 10699462.28603862, 10699751.285080072, 10700041.284118207, 10700331.283156343, 10700620.282197796, 10700910.281235931, 10701200.280274069, 10701490.2793122, 10701779.278353654, 10702068.277395107, 10702358.276433242, 10702648.275471378, 10702938.274509512, 10703227.273550965]	0.0	0.0	0.0
930.9212960012075	2.0	trials	2.0	1.0	1.0	0.0	10000.0	1.0	True	40.0	0.0	0.005	[10782664.010076385, 10782954.009114519, 10783244.008152654, 10783532.007197427, 10783822.006235562, 10784112.005273694, 10784402.00431183, 10784692.003349967, 10784981.00239142, 10785271.001429556, 10785560.000471007, 10785848.99951246, 10786138.998550596, 10786428.997588731, 10786717.996630182, 10787008.995665, 10787298.994703136, 10787587.99374459, 10787877.992782725, 10788166.991824176]	0.0	0.0	0.0
938.9244150566332	2.0	trials	2.0	1.0	1.0	0.0	10000.0	1.0	True	40.0	0.0	0.005	[10875291.702850236, 10875582.701885056, 10875870.700929826, 10876160.69996796, 10876450.699006096, 10876740.698044231, 10877030.697082367, 10877319.69612382, 10877609.695161955, 10877898.694203407, 10878188.693241542, 10878477.692282995, 10878767.69132113, 10879057.690359265, 10879347.6893974, 10879636.688438855, 10879926.68747699, 10880216.686515125, 10880505.685556578, 10880795.684594713]	0.0	0.0	0.0
947.1920900345851	2.0	trials	2.0	1.0	1.0	0.0	10000.0	1.0	True	40.0	0.0	0.005	[10970982.38546481, 10971271.384506263, 10971562.383541081, 10971851.382582534, 10972141.38162067, 10972430.38066212, 10972721.37969694, 10973009.37874171, 10973299.377779845, 10973589.37681798, 10973879.375856115, 10974168.37489757, 10974458.373935705, 10974747.372977156, 10975038.372011974, 10975327.371053427, 10975616.370094879, 10975906.369133014, 10976196.36817115, 10976485.367212603]	0.0	0.0	0.0
952.3512761227067	2.0	trials	2.0	1.0	1.0	0.0	10000.0	1.0	True	40.0	0.0	0.005	[11030695.187410282, 11030985.186448418, 11031275.185486553, 11031565.184524687, 11031854.18356614, 11032143.182607593, 11032433.181645729, 11032723.180683864, 11033013.179721998, 11033303.178760134, 11033592.177801587, 11033881.17684304, 11034171.175881175, 11034461.17491931, 11034750.173960762, 11035040.172998898, 11035329.17204035, 11035619.171078486, 11035909.17011662, 11036199.169154756]	0.0	0.0	0.0
960.3862766723882	2.0	trials	2.0	1.0	1.0	0.0	10000.0	1.0	True	40.0	0.0	0.005	[11123693.878953611, 11123983.877991747, 11124272.877033196, 11124561.876074651, 11124851.875112787, 11125141.87415092, 11125431.873189056, 11125721.872227192, 11126009.871271962, 11126299.870310096, 11126589.869348232, 11126879.868386367, 11127169.867424505, 11127458.866465956, 11127748.865504092, 11128037.864545543, 11128327.86358368, 11128616.862625131, 11128906.861663267, 11129196.860701403]	0.0	0.0	0.0
967.364695126519	2.0	trials	2.0	1.0	1.0	0.0	10000.0	1.0	True	40.0	0.0	0.005	[11204461.611064404, 11204751.610102538, 11205041.609140674, 11205330.608182127, 11205619.60722358, 11205910.606258398, 11206199.605299849, 11206489.604337985, 11206778.603379438, 11207068.602417573, 11207358.601455709, 11207648.600493845, 11207936.599538613, 11208227.598573431, 11208516.597614884, 11208806.59665302, 11209096.595691156, 11209385.594732607, 11209674.59377406, 11209965.592808878]	0.0	0.0	0.0
973.5026171683901	2.0	trials	2.0	1.0	1.0	0.0	10000.0	1.0	True	40.0	0.0	0.005	[11275503.375434142, 11275792.374475593, 11276082.373513727, 11276371.37255518, 11276662.37159, 11276951.37063145, 11277241.369669586, 11277530.36871104, 11277820.367749175, 11278111.366783993, 11278399.365828762, 11278689.364866897, 11278979.363905033, 11279269.362943169, 11279559.361981304, 11279848.361022756, 11280138.360060891, 11280426.359105662, 11280717.35814048, 11281006.35718193]	0.0	0.0	0.0
984.4765039704365	2.0	trials	2.0	1.0	1.0	0.0	10000.0	1.0	True	40.0	0.0	0.005	[11402515.954160716, 11402803.953205487, 11403094.952240305, 11403383.951281756, 11403673.950319892, 11403962.949361345, 11404253.948396163, 11404542.947437616, 11404832.946475752, 11405122.945513885, 11405410.944558656, 11405700.943596791, 11405990.942634927, 11406279.941676378, 11406569.940714514, 11406858.939755967, 11407149.938790785, 11407438.937832238, 11407728.936870374, 11408017.935911825]	0.0	0.0	0.0
989.816179059916	2.0	trials	2.0	1.0	1.0	0.0	10000.0	1.0	True	40.0	0.0	0.005	[11464317.749177447, 11464606.748218898, 11464897.747253718, 11465186.746295169, 11465476.745333305, 11465765.744374758, 11466054.743416209, 11466345.742451029, 11466634.74149248, 11466924.740530616, 11467213.739572069, 11467504.738606887, 11467793.73764834, 11468083.736686476, 11468371.735731244, 11468661.734769378, 11468952.733804198, 11469241.732845651, 11469531.731883787, 11469820.730925238]	0.0	0.0	0.0
998.1408778487329	2.0	trials	2.0	1.0	1.0	0.0	10000.0	1.0	True	40.0	0.0	0.005	[11560667.429606264, 11560957.4286444, 11561247.427682536, 11561537.426720671, 11561826.425762124, 11562115.424803576, 11562406.423838394, 11562695.422879849, 11562984.4219213, 11563274.420959435, 11563563.420000887, 11563853.419039024, 11564144.418073842, 11564433.417115293, 11564723.41615343, 11565013.415191565, 11565301.414236335, 11565591.413274469, 11565881.412312604, 11566171.41135074]	0.0	0.0	0.0
1003.8176846200213	2.0	trials	2.0	1.0	1.0	0.0	10000.0	1.0	True	40.0	0.0	0.005	[11626372.211677626, 11626661.210719077, 11626951.209757213, 11627241.208795348, 11627530.207836801, 11627820.206874937, 11628109.205916388, 11628399.204954524, 11628689.203992661, 11628979.203030797, 11629268.202072248, 11629558.201110383, 11629848.20014852, 11630137.19918997, 11630427.198228106, 11630716.197269559, 11631006.196307695, 11631296.19534583, 11631586.194383966, 11631875.193425417]	0.0	0.0	0.0
1009.3584118426554	2.0	trials	2.0	1.0	1.0	0.0	10000.0	1.0	True	40.0	0.0	0.005	[11690499.998979539, 11690790.998014357, 11691079.99705581, 11691368.996097261, 11691658.995135397, 11691948.994173532, 11692238.993211668, 11692528.992249804, 11692816.991294574, 11693106.990332708, 11693396.989370843, 11693686.988408979, 11693975.987450432, 11694265.986488568, 11694554.985530019, 11694845.984564837, 11695134.98360629, 11695424.982644428, 11695713.981685879, 11696002.980727332]	0.0	0.0	0.0
1015.93455323105	2.0	trials	2.0	1.0	1.0	0.0	10000.0	1.0	True	40.0	0.0	0.005	[11766613.746526599, 11766902.74556805, 11767191.744609503, 11767481.743647639, 11767771.742685774, 11768060.741727225, 11768351.740762044, 11768640.739803497, 11768930.738841632, 11769219.737883085, 11769509.73692122, 11769799.735959355, 11770088.735000808, 11770377.734042259, 11770667.733080396, 11770958.732115215, 11771246.731159983, 11771535.730201434, 11771826.729236254, 11772116.72827439]	0.0	0.0	0.0
1024.9826768204268	2.0	trials	2.0	1.0	1.0	0.0	10000.0	1.0	True	40.0	0.0	0.005	[11871336.399184067, 11871626.398222202, 11871915.397263654, 11872206.396298476, 11872495.395339925, 11872785.394378062, 11873074.393419515, 11873364.392457647, 11873653.391499104, 11873944.39053392, 11874234.389572056, 11874522.388616826, 11874812.387654962, 11875102.386693098, 11875392.385731233, 11875681.384772684, 11875971.38381082, 11876261.382848956, 11876550.381890407, 11876840.380928542]	0.0	0.0	0.0
1034.4267702964592	2.0	trials	2.0	1.0	1.0	0.0	10000.0	1.0	True	40.0	0.0	0.005	[11980644.036634129, 11980933.03567558, 11981222.034717035, 11981512.03375517, 11981803.032789987, 11982091.031834757, 11982381.030872893, 11982671.029911028, 11982960.02895248, 11983250.027990615, 11983540.02702875, 11983829.026070204, 11984119.025108337, 11984409.024146473, 11984698.023187926, 11984988.022226062, 11985278.021264197, 11985568.020302335, 11985858.019340467, 11986146.018385237]	0.0	0.0	0.0
1044.26666085972	2.0	trials	2.0	1.0	1.0	0.0	10000.0	1.0	True	40.0	0.0	0.005	[12094531.658893364, 12094820.657934817, 12095110.656972954, 12095399.656014403, 12095690.655049225, 12095979.654090675, 12096269.653128812, 12096558.652170261, 12096849.651205083, 12097137.650249852, 12097427.649287988, 12097717.648326123, 12098007.647364255, 12098296.646405712, 12098586.645443847, 12098875.644485299, 12099165.643523434, 12099455.64256157, 12099744.641603021, 12100034.640641157]	0.0	0.0	0.0
1050.3089384188227	2.0	trials	2.0	1.0	1.0	0.0	10000.0	1.0	True	40.0	0.0	0.005	[12164464.426941404, 12164755.42597622, 12165043.42502099, 12165333.424059127, 12165622.423100581, 12165912.422138713, 12166201.421180166, 12166491.420218302, 12166781.41925644, 12167070.418297892, 12167360.417336028, 12167649.41637748, 12167940.415412297, 12168229.41445375, 12168519.413491886, 12168808.41253334, 12169098.411571473, 12169388.410609609, 12169678.409647744, 12169968.40868588]	0.0	0.0	0.0
1056.158803816114	2.0	trials	2.0	1.0	1.0	0.0	10000.0	1.0	True	40.0	0.0	0.005	[12232170.202375898, 12232460.201414034, 12232750.200452171, 12233040.199490307, 12233329.19853176, 12233620.197566578, 12233909.19660803, 12234198.195649482, 12234488.194687618, 12234778.193725754, 12235068.19276389, 12235357.19180534, 12235647.190843476, 12235936.189884929, 12236226.188923065, 12236516.1879612, 12236805.187002651, 12237095.186040787, 12237385.185078923, 12237674.184120376]	0.0	0.0	0.0
1063.4185397371768	2.0	trials	2.0	1.0	1.0	0.0	10000.0	1.0	True	40.0	0.0	0.005	[12316195.923680644, 12316485.92271878, 12316775.921756914, 12317064.920798367, 12317353.919839818, 12317643.918877954, 12317933.91791609, 12318223.916954225, 12318512.915995676, 12318802.915033812, 12319092.914071947, 12319382.913110083, 12319672.912148219, 12319961.91118967, 12320250.910231125, 12320540.90926926, 12320829.908310711, 12321120.90734553, 12321409.906386983, 12321699.90542512]	0.0	0.0	0.0
1073.510717463657	2.0	trials	2.0	1.0	1.0	0.0	10000.0	1.0	True	40.0	0.0	0.005	[12433004.536251582, 12433293.535293033, 12433583.534331169, 12433873.533369305, 12434163.53240744, 12434452.531448893, 12434742.530487027, 12435031.52952848, 12435321.528566616, 12435610.527608067, 12435900.526646202, 12436190.525684338, 12436480.524722474, 12436770.52376061, 12437059.52280206, 12437348.521843517, 12437639.520878332, 12437928.519919785, 12438218.518957922, 12438507.517999375]	0.0	0.0	0.0
1084.6104886481728	2.0	trials	2.0	1.0	1.0	0.0	10000.0	1.0	True	40.0	0.0	0.005	[12561473.110148935, 12561763.109187068, 12562052.108228521, 12562342.107266657, 12562632.106304793, 12562921.105346248, 12563211.104384383, 12563500.103425832, 12563790.102463968, 12564079.10150542, 12564369.100543555, 12564659.09958169, 12564949.098619826, 12565239.097657964, 12565529.0966961, 12565817.09574087, 12566107.094779005, 12566397.09381714, 12566686.092858592, 12566976.091896728]	0.0	0.0	0.0
1093.4668048737321	2.0	trials	2.0	1.0	1.0	0.0	10000.0	1.0	True	40.0	0.0	0.005	[12663978.770159692, 12664266.769204464, 12664557.768239278, 12664845.767284049, 12665135.766322186, 12665426.765357004, 12665715.764398457, 12666005.763436593, 12666295.762474729, 12666584.76151618, 12666873.76055763, 12667163.759595767, 12667452.758637222, 12667742.757675357, 12668032.756713491, 12668321.755754944, 12668611.75479308, 12668901.753831215, 12669191.75286935, 12669481.751907486]	0.0	0.0	0.0
1101.4167881053975	2.0	trials	2.0	1.0	1.0	0.0	10000.0	1.0	True	40.0	0.0	0.005	[12755990.46497668, 12756280.464014813, 12756569.463056266, 12756859.462094402, 12757149.461132538, 12757439.460170673, 12757728.459212124, 12758019.458246944, 12758307.457291713, 12758597.456329847, 12758886.4553713, 12759177.454406118, 12759466.453447571, 12759755.452489024, 12760045.45152716, 12760335.450565293, 12760625.449603429, 12760914.448644882, 12761205.4476797, 12761493.446724469]	0.0	0.0	0.0
1110.2968642521503	2.0	trials	2.0	1.0	1.0	0.0	10000.0	1.0	True	40.0	0.0	0.005	[12858769.124081956, 12859060.123116776, 12859349.12215823, 12859639.121196365, 12859928.120237814, 12860218.119275952, 12860507.118317401, 12860797.117355537, 12861087.116393674, 12861376.115435127, 12861666.114473263, 12861955.113514716, 12862245.112552851, 12862535.111590987, 12862825.110629123, 12863115.109667256, 12863405.108705392, 12863693.10775016, 12863983.106788296, 12864272.10582975]	0.0	0.0	0.0
1120.365282057437	2.0	trials	2.0	1.0	1.0	0.0	10000.0	1.0	True	40.0	0.0	0.005	[12975301.737568324, 12975591.73660646, 12975880.735647911, 12976170.734686047, 12976460.733724182, 12976750.732762318, 12977039.731803775, 12977330.73083859, 12977619.72988004, 12977908.728921497, 12978197.727962947, 12978487.727001082, 12978777.726039218, 12979067.725077355, 12979357.72411549, 12979646.72315694, 12979935.722198395, 12980226.721233213, 12980515.720274663, 12980805.719312798]	0.0	0.0	0.0
1128.8452411312896	2.0	trials	2.0	1.0	1.0	0.0	10000.0	1.0	True	40.0	0.0	0.005	[13073449.412033582, 13073739.411071718, 13074028.410113174, 13074318.40915131, 13074608.408189446, 13074898.40722758, 13075187.406269033, 13075477.405307168, 13075767.404345304, 13076057.40338344, 13076346.40242489, 13076635.401466342, 13076925.400504477, 13077215.399542613, 13077503.398587383, 13077794.3976222, 13078083.396663655, 13078373.39570179, 13078662.394743241, 13078952.393781377]	0.0	0.0	0.0
1136.8049875305728	2.0	trials	2.0	1.0	1.0	0.0	10000.0	1.0	True	40.0	0.0	0.005	[13165576.106469141, 13165866.105507277, 13166155.104548726, 13166445.103586864, 13166734.102628319, 13167024.101666452, 13167314.100704584, 13167604.099742722, 13167893.098784177, 13168184.097818993, 13168473.096860448, 13168762.095901899, 13169053.094936715, 13169342.09397817, 13169631.093019621, 13169921.092057757, 13170212.091092579, 13170501.090134028, 13170791.089172164, 13171080.088213615]	0.0	0.0	0.0
1143.7974027382793	2.0	trials	2.0	1.0	1.0	0.0	10000.0	1.0	True	40.0	0.0	0.005	[13246506.8380393, 13246796.837077433, 13247085.836118888, 13247375.835157024, 13247665.83419516, 13247953.833239926, 13248244.832274746, 13248534.831312882, 13248824.830351017, 13249114.829389155, 13249402.82843392, 13249691.827475375, 13249982.826510191, 13250271.825551648, 13250561.824589783, 13250851.823627915, 13251140.82266937, 13251430.821707506, 13251719.820748955, 13252009.819787093]	0.0	0.0	0.0
1154.588640546132	2.0	trials	2.0	1.0	1.0	0.0	10000.0	1.0	True	40.0	0.0	0.005	[13371404.423780853, 13371695.422815671, 13371985.421853807, 13372274.420895258, 13372564.419933394, 13372853.418974847, 13373143.418012982, 13373433.417051118, 13373723.416089255, 13374012.415130708, 13374302.41416884, 13374592.413206976, 13374881.41224843, 13375171.411286566, 13375460.410328016, 13375750.409366153, 13376039.408407602, 13376329.407445738, 13376619.406483874, 13376909.405522011]	0.0	0.0	0.0
1162.6286522791925	2.0	trials	2.0	1.0	1.0	0.0	10000.0	1.0	True	40.0	0.0	0.005	[13464462.115128493, 13464751.114169942, 13465041.113208078, 13465331.112246215, 13465621.111284351, 13465910.1103258, 13466200.109363938, 13466489.108405393, 13466779.107443528, 13467069.106481664, 13467359.105519798, 13467648.10456125, 13467938.103599386, 13468227.102640837, 13468516.10168229, 13468807.100717109, 13469097.099755244, 13469385.098800015, 13469676.097834831, 13469965.096876284]	0.0	0.0	0.0
1171.6118896837822	2.0	trials	2.0	1.0	1.0	0.0	10000.0	1.0	True	40.0	0.0	0.005	[13568433.77027686, 13568723.769314995, 13569013.76835313, 13569302.767394582, 13569592.766432717, 13569881.76547417, 13570171.764512306, 13570461.763550442, 13570750.762591895, 13571040.761630028, 13571329.760671481, 13571619.759709617, 13571909.758747753, 13572198.757789204, 13572488.75682734, 13572778.755865475, 13573067.754906928, 13573357.753945066, 13573646.752986515, 13573936.75202465]	0.0	0.0	0.0
1177.628679327423	2.0	trials	2.0	1.0	1.0	0.0	10000.0	1.0	True	40.0	0.0	0.005	[13638072.53930003, 13638361.538341485, 13638652.5373763, 13638942.536414435, 13639231.53545589, 13639520.534497343, 13639810.533535479, 13640100.532573614, 13640389.531615065, 13640679.530653201, 13640969.529691337, 13641259.528729472, 13641549.527767608, 13641838.52680906, 13642128.525847195, 13642417.524888648, 13642706.5239301, 13642997.522964919, 13643286.52200637, 13643576.521044506]	0.0	0.0	0.0
1183.1547185987738	2.0	trials	2.0	1.0	1.0	0.0	10000.0	1.0	True	40.0	0.0	0.005	[13702032.32715916, 13702320.326203931, 13702611.32523875, 13702901.324276885, 13703190.323318336, 13703480.322356472, 13703769.321397925, 13704059.32043606, 13704349.319474196, 13704638.31851565, 13704928.317553783, 13705217.316595236, 13705508.315630054, 13705796.314674823, 13706086.313712958, 13706376.312751094, 13706666.311789231, 13706956.310827367, 13707245.309868816, 13707534.308910273]	0.0	0.0	0.0
1193.6905588537236	2.0	trials	2.0	1.0	1.0	0.0	10000.0	1.0	True	40.0	0.0	0.005	[13823974.922701783, 13824264.92173992, 13824554.920778055, 13824842.919822823, 13825132.918860959, 13825422.917899095, 13825711.916940546, 13826001.915978681, 13826291.915016817, 13826581.914054953, 13826870.913096404, 13827160.91213454, 13827449.911175994, 13827739.910214128, 13828028.909255581, 13828319.9082904, 13828607.907335168, 13828897.906373303, 13829188.905408125, 13829477.904449575]	0.0	0.0	0.0
1203.9266785027803	2.0	trials	2.0	1.0	1.0	0.0	10000.0	1.0	True	40.0	0.0	0.005	[13942448.529750293, 13942737.528791742, 13943027.527829878, 13943317.526868016, 13943607.525906151, 13943896.524947604, 13944186.523985738, 13944475.523027193, 13944765.522065328, 13945054.52110678, 13945344.520144915, 13945634.51918305, 13945923.518224502, 13946213.517262638, 13946503.516300773, 13946792.515342224, 13947082.51438036, 13947372.513418496, 13947661.51245995, 13947952.511494767]	0.0	0.0	0.0
1213.4487045203277	2.0	trials	2.0	1.0	1.0	0.0	10000.0	1.0	True	40.0	0.0	0.005	[14052657.164211938, 14052946.163253393, 14053236.162291529, 14053525.161332982, 14053816.160367798, 14054105.159409253, 14054394.158450704, 14054685.157485522, 14054974.156526975, 14055264.155565111, 14055553.154606562, 14055843.153644698, 14056132.15268615, 14056422.151724286, 14056713.150759105, 14057001.149803873, 14057291.148842009, 14057581.147880144, 14057870.146921597, 14058160.145959733]	0.0	0.0	0.0
1219.8327793457647	2.0	trials	2.0	1.0	1.0	0.0	10000.0	1.0	True	40.0	0.0	0.005	[14126545.91913882, 14126834.918180274, 14127124.91721841, 14127414.916256545, 14127704.91529468, 14127993.914336134, 14128283.91337427, 14128573.912412403, 14128862.911453856, 14129152.910491992, 14129441.909533443, 14129731.908571579, 14130021.907609714, 14130310.906651167, 14130600.905689303, 14130890.904727438, 14131179.90376889, 14131470.902803708, 14131759.90184516, 14132049.900883298]	0.0	0.0	0.0
1226.0610754878846	2.0	trials	2.0	1.0	1.0	0.0	10000.0	1.0	True	40.0	0.0	0.005	[14198632.68004253, 14198922.679080665, 14199212.6781188, 14199502.677156936, 14199791.676198388, 14200081.675236523, 14200370.674277976, 14200660.673316112, 14200950.672354246, 14201239.671395699, 14201529.670433834, 14201819.669471972, 14202108.668513425, 14202398.66755156, 14202687.66659301, 14202978.66562783, 14203267.664669283, 14203557.663707418, 14203846.66274887, 14204136.661787005]	0.0	0.0	0.0
1236.3031567171683	2.0	trials	2.0	1.0	1.0	0.0	10000.0	1.0	True	40.0	0.0	0.005	[14317176.286858864, 14317466.285897, 14317755.284938453, 14318044.283979906, 14318335.283014722, 14318624.282056179, 14318914.281094315, 14319203.280135764, 14319493.279173901, 14319783.278212037, 14320072.277253486, 14320361.276294941, 14320652.27532976, 14320942.274367895, 14321231.273409344, 14321521.272447482, 14321810.271488935, 14322100.27052707, 14322389.269568523, 14322679.268606659]	0.0	0.0	0.0
1242.4889442002805	2.0	trials	2.0	1.0	1.0	0.0	10000.0	1.0	True	40.0	0.0	0.005	[14388770.049397742, 14389060.04843588, 14389350.047474016, 14389640.046512151, 14389930.045550287, 14390219.044591738, 14390508.043633187, 14390798.042671323, 14391087.04171278, 14391377.040750915, 14391667.03978905, 14391956.038830502, 14392247.037865318, 14392536.036906773, 14392825.035948224, 14393115.03498636, 14393406.034021182, 14393695.033062631, 14393985.032100767, 14394274.031142218]	0.0	0.0	0.0
1250.5769941740089	2.0	trials	2.0	1.0	1.0	0.0	10000.0	1.0	True	40.0	0.0	0.005	[14482381.73890789, 14482671.737946026, 14482960.736987479, 14483251.736022297, 14483540.73506375, 14483829.734105201, 14484119.733143337, 14484409.732181473, 14484698.731222926, 14484988.730261061, 14485278.729299195, 14485567.728340648, 14485857.727378784, 14486147.72641692, 14486436.72545837, 14486726.724496506, 14487015.72353796, 14487306.722572777, 14487595.721614229, 14487884.720655683]	0.0	0.0	0.0
1256.3251671085916	2.0	trials	2.0	1.0	1.0	0.0	10000.0	1.0	True	40.0	0.0	0.005	[14548912.518239595, 14549201.517281048, 14549490.516322501, 14549780.515360637, 14550070.514398772, 14550360.513436906, 14550650.512475042, 14550939.511516495, 14551229.51055463, 14551519.509592766, 14551808.508634217, 14552097.50767567, 14552387.506713806, 14552676.505755257, 14552967.504790075, 14553256.503831528, 14553545.502872981, 14553835.501911117, 14554125.500949254, 14554415.499987386]	0.0	0.0	0.0
1261.5575337539894	2.0	trials	2.0	1.0	1.0	0.0	10000.0	1.0	True	40.0	0.0	0.005	[14609472.317375759, 14609761.31641721, 14610051.315455345, 14610341.314493481, 14610629.313538251, 14610920.312573068, 14611209.311614523, 14611499.31065266, 14611788.30969411, 14612079.308728928, 14612368.30777038, 14612657.306811832, 14612947.305849968, 14613237.304888103, 14613526.303929554, 14613816.30296769, 14614105.302009143, 14614395.301047279, 14614684.300088733, 14614974.299126869]	0.0	0.0	0.0
1269.7232570700926	2.0	trials	2.0	1.0	1.0	0.0	10000.0	1.0	True	40.0	0.0	0.005	[14703982.00390744, 14704273.002942262, 14704562.001983711, 14704851.001025163, 14705141.000063298, 14705430.999101434, 14705719.99814289, 14706009.997181026, 14706298.996222477, 14706589.995257292, 14706878.994298749, 14707168.993336884, 14707457.992378335, 14707747.991416471, 14708037.990454607, 14708326.989496058, 14708616.988534193, 14708906.98757233, 14709195.986613782, 14709484.985655235]	0.0	0.0	0.0
1275.4469788857741	2.0	trials	2.0	1.0	1.0	0.0	10000.0	1.0	True	40.0	0.0	0.005	[14770228.78418111, 14770518.783219246, 14770807.782260697, 14771098.781295517, 14771388.780333655, 14771677.779375104, 14771967.77841324, 14772256.777454691, 14772545.776496148, 14772835.775534283, 14773126.774569098, 14773414.77361387, 14773705.772648685, 14773994.771690141, 14774284.770728277, 14774573.769769728, 14774863.768807864, 14775152.767849313, 14775443.766884135, 14775732.765925586]	0.0	0.0	0.0
1286.3370579657922	2.0	trials	2.0	1.0	1.0	0.0	10000.0	1.0	True	40.0	0.0	0.005	[14896272.366121642, 14896562.365159778, 14896851.364201229, 14897141.363239365, 14897430.362280816, 14897720.361318951, 14898010.360357087, 14898299.359398538, 14898589.358436674, 14898878.357478129, 14899169.356512945, 14899458.355554398, 14899747.354595851, 14900038.353630668, 14900327.352672124, 14900616.351713574, 14900907.350748396, 14901196.349789845, 14901485.348831296, 14901775.347869432]	0.0	0.0	0.0
1294.5392419609634	2.0	trials	2.0	1.0	1.0	0.0	10000.0	1.0	True	40.0	0.0	0.005	[14991204.051253647, 14991494.05029178, 14991783.049333233, 14992073.048371369, 14992362.047412822, 14992653.04644764, 14992942.045489093, 14993232.044527229, 14993522.043565363, 14993812.042603498, 14994100.041648267, 14994390.040686402, 14994680.039724538, 14994970.038762674, 14995260.03780081, 14995549.03684226, 14995838.035883717, 14996128.034921853, 14996418.033959985, 14996708.032998122]	0.0	0.0	0.0
1302.5134171123896	2.0	trials	2.0	1.0	1.0	0.0	10000.0	1.0	True	40.0	0.0	0.005	[15083497.745135304, 15083788.744170118, 15084077.74321157, 15084367.742249705, 15084656.741291162, 15084945.74033261, 15085235.739370748, 15085525.738408884, 15085815.73744702, 15086105.736485155, 15086395.735523291, 15086683.734568056, 15086973.733606191, 15087263.732644329, 15087552.731685782, 15087843.7307206, 15088132.729762053, 15088421.728803506, 15088711.727841642, 15089001.726879777]	0.0	0.0	0.0
1313.5531404960705	2.0	trials	2.0	1.0	1.0	0.0	10000.0	1.0	True	40.0	0.0	0.005	[15211273.321331179, 15211563.320369314, 15211852.319410767, 15212141.318452219, 15212431.317490354, 15212721.31652849, 15213011.315566625, 15213300.314608077, 15213590.313646212, 15213880.312684348, 15214168.311729118, 15214458.310767254, 15214748.30980539, 15215038.308843525, 15215328.307881663, 15215617.306923112, 15215907.305961248, 15216196.305002699, 15216487.30403752, 15216776.30307897]	0.0	0.0	0.0
1321.3657481833802	2.0	trials	2.0	1.0	1.0	0.0	10000.0	1.0	True	40.0	0.0	0.005	[15301697.0214152, 15301986.020456651, 15302277.019491473, 15302565.01853624, 15302855.017574375, 15303144.01661583, 15303435.015650649, 15303725.01468878, 15304015.013726916, 15304303.012771688, 15304593.011809824, 15304883.01084796, 15305173.009886095, 15305463.00892423, 15305751.007969, 15306041.007007135, 15306330.006048586, 15306620.005086722, 15306910.004124857, 15307201.003159676]	0.0	0.0	0.0
1329.0533354853546	2.0	trials	2.0	1.0	1.0	0.0	10000.0	1.0	True	40.0	0.0	0.005	[15390672.726301912, 15390962.725340048, 15391251.7243815, 15391541.723419636, 15391831.722457772, 15392121.721495906, 15392410.720537359, 15392700.719575495, 15392989.718616946, 15393278.717658399, 15393568.716696532, 15393858.715734668, 15394147.714776123, 15394438.71381094, 15394727.712852396, 15395017.711890532, 15395306.710931981, 15395596.709970118, 15395886.709008254, 15396175.708049703]	0.0	0.0	0.0
1336.6290351584355	2.0	trials	2.0	1.0	1.0	0.0	10000.0	1.0	True	40.0	0.0	0.005	[15478355.43547721, 15478645.434515346, 15478935.433553481, 15479224.432594934, 15479513.431636387, 15479803.430674523, 15480092.429715974, 15480382.42875411, 15480672.427792246, 15480962.426830383, 15481251.425871832, 15481542.424906654, 15481830.423951425, 15482121.422986241, 15482409.422031011, 15482700.421065826, 15482990.420103962, 15483278.419148734, 15483569.418183554, 15483858.417225005]	0.0	0.0	0.0
1346.0135992319135	2.0	trials	2.0	1.0	1.0	0.0	10000.0	1.0	True	40.0	0.0	0.005	[15586972.075219164, 15587261.074260617, 15587552.073295435, 15587841.072336886, 15588131.071375022, 15588420.070416475, 15588710.06945461, 15589001.06848943, 15589289.067534197, 15589579.066572333, 15589868.065613786, 15590158.064651923, 15590448.063690059, 15590737.062731508, 15591028.061766328, 15591316.060811099, 15591606.059849234, 15591896.05888737, 15592185.057928821, 15592476.05696364]	0.0	0.0	0.0
1355.2840292839492	2.0	trials	2.0	1.0	1.0	0.0	10000.0	1.0	True	40.0	0.0	0.005	[15694268.71933926, 15694558.71837739, 15694847.717418846, 15695137.716456981, 15695427.715495119, 15695717.714533255, 15696006.713574704, 15696296.712612841, 15696586.711650977, 15696876.710689113, 15697165.709730562, 15697455.7087687, 15697744.707810149, 15698034.706848284, 15698324.705886422, 15698613.704927875, 15698903.70396601, 15699193.703004142, 15699482.702045599, 15699772.701083735]	0.0	0.0	0.0
1360.959540059536	2.0	trials	2.0	1.0	1.0	0.0	10000.0	1.0	True	40.0	0.0	0.005	[15759958.501460368, 15760247.500501823, 15760537.49953996, 15760825.498584725, 15761115.49762286, 15761406.49665768, 15761695.495699132, 15761984.494740585, 15762274.493778719, 15762564.492816854, 15762854.49185499, 15763144.490893126, 15763432.489937896, 15763722.488976033, 15764013.488010848, 15764302.487052305, 15764591.486093756, 15764882.485128574, 15765171.484170027, 15765460.483211476]	0.0	0.0	0.0
1368.1412570393704	2.0	trials	2.0	1.0	1.0	0.0	10000.0	1.0	True	40.0	0.0	0.005	[15843080.225763477, 15843369.224804929, 15843659.223843064, 15843948.222884513, 15844238.22192265, 15844528.220960787, 15844817.220002241, 15845108.219037058, 15845397.218078509, 15845687.217116645, 15845977.21615478, 15846266.215196235, 15846555.214237686, 15846845.213275822, 15847134.212317273, 15847425.211352093, 15847714.210393544, 15848004.20943168, 15848294.208469816, 15848582.207514586]	0.0	0.0	0.0
1378.4015686081877	2.0	trials	2.0	1.0	1.0	0.0	10000.0	1.0	True	40.0	0.0	0.005	[15961832.831886604, 15962122.830924742, 15962412.829962878, 15962701.829004327, 15962991.828042462, 15963281.8270806, 15963570.826122053, 15963861.825156871, 15964151.824195007, 15964439.823239777, 15964729.822277913, 15965018.821319364, 15965308.8203575, 15965598.819395635, 15965888.81843377, 15966177.817475222, 15966467.816513358, 15966757.815551493, 15967047.814589629, 15967335.813634397]	0.0	0.0	0.0
1384.186461420979	2.0	trials	2.0	1.0	1.0	0.0	10000.0	1.0	True	40.0	0.0	0.005	[16028787.609811999, 16029077.608850135, 16029367.60788827, 16029655.606933039, 16029946.605967859, 16030235.60500931, 16030526.604044128, 16030816.603082264, 16031105.602123717, 16031394.601165168, 16031683.600206621, 16031974.59924144, 16032263.598282892, 16032553.597321028, 16032842.596362479, 16033133.595397297, 16033422.59443875, 16033711.593480203, 16034001.59251834, 16034291.591556473]	0.0	0.0	0.0
1391.9553508532922	2.0	trials	2.0	1.0	1.0	0.0	10000.0	1.0	True	40.0	0.0	0.005	[16118705.311574308, 16118995.310612444, 16119284.309653897, 16119574.30869203, 16119865.30772685, 16120154.306768302, 16120444.305806438, 16120733.304847892, 16121022.303889344, 16121312.30292748, 16121601.30196893, 16121891.301007066, 16122180.300048519, 16122471.299083337, 16122760.298124788, 16123050.297162924, 16123339.296204377, 16123629.295242513, 16123919.29428065, 16124209.293318782]	0.0	0.0	0.0
1398.9006782171787	2.0	trials	2.0	1.0	1.0	0.0	10000.0	1.0	True	40.0	0.0	0.005	[16199091.044952111, 16199381.043990245, 16199670.043031698, 16199961.042066516, 16200250.04110797, 16200540.040146105, 16200829.039187556, 16201119.038225692, 16201409.037263827, 16201698.036305279, 16201987.035346733, 16202277.034384865, 16202568.033419685, 16202857.032461137, 16203146.031502591, 16203436.030540727, 16203725.029582178, 16204015.028620314, 16204305.02765845, 16204595.026696587]	0.0	0.0	0.0
1404.4055495587388	2.0	trials	2.0	1.0	1.0	0.0	10000.0	1.0	True	40.0	0.0	0.005	[16262805.83362385, 16263094.832665302, 16263384.831703437, 16263673.830744889, 16263963.829783024, 16264253.82882116, 16264543.827859296, 16264832.82690075, 16265122.825938884, 16265412.824977018, 16265701.824018473, 16265990.823059924, 16266280.82209806, 16266569.82113951, 16266860.82017433, 16267149.819215782, 16267439.818253918, 16267728.81729537, 16268018.816333504, 16268308.81537164]	0.0	0.0	0.0
1414.6106517106737	2.0	trials	2.0	1.0	1.0	0.0	10000.0	1.0	True	40.0	0.0	0.005	[16380919.4418664, 16381209.440904535, 16381499.439942671, 16381788.438984122, 16382078.438022258, 16382367.43706371, 16382656.43610516, 16382946.435143298, 16383236.434181433, 16383526.433219569, 16383815.43226102, 16384106.43129584, 16384395.430337291, 16384684.429378744, 16384974.42841688, 16385263.427458333, 16385553.426496468, 16385843.425534604, 16386132.424576055, 16386422.42361419]	0.0	0.0	0.0
1421.7394056661747	2.0	trials	2.0	1.0	1.0	0.0	10000.0	1.0	True	40.0	0.0	0.005	[16463429.168199372, 16463718.167240825, 16464008.16627896, 16464298.165317092, 16464587.164358547, 16464877.163396683, 16465165.16244145, 16465456.161476271, 16465745.160517722, 16466035.159555858, 16466325.158593994, 16466614.157635445, 16466904.15667358, 16467194.155711716, 16467484.154749852, 16467773.153791305, 16468063.152829438, 16468353.151867574, 16468642.150909029, 16468930.149953796]	0.0	0.0	0.0
1432.4312838035817	2.0	trials	2.0	1.0	1.0	0.0	10000.0	1.0	True	40.0	0.0	0.005	[16587176.757755214, 16587466.756793352, 16587756.755831484, 16588045.754872937, 16588335.753911072, 16588625.75294921, 16588914.75199066, 16589204.751028795, 16589493.75007025, 16589783.749108385, 16590073.74814652, 16590363.747184657, 16590652.746226108, 16590942.745264243, 16591231.744305696, 16591521.743343832, 16591811.742381968, 16592100.741423419, 16592390.740461554, 16592679.739503006]	0.0	0.0	0.0
1440.441660434935	2.0	trials	2.0	1.0	1.0	0.0	10000.0	1.0	True	40.0	0.0	0.005	[16679889.45024714, 16680179.449285276, 16680469.44832341, 16680758.447364867, 16681048.446403002, 16681338.445441134, 16681628.444479272, 16681917.443520725, 16682207.44255886, 16682497.441596996, 16682785.44064176, 16683076.439676583, 16683365.438718032, 16683655.43775617, 16683944.436797624, 16684234.435835754, 16684524.43487389, 16684813.433915347, 16685103.432953482, 16685393.431991618]	0.0	0.0	0.0
1449.6394283279749	2.0	trials	2.0	1.0	1.0	0.0	10000.0	1.0	True	40.0	0.0	0.005	[16786345.09715664, 16786635.096194774, 16786924.09523623, 16787214.094274364, 16787505.093309183, 16787794.092350636, 16788084.09138877, 16788373.090430226, 16788662.089471675, 16788952.088509813, 16789242.087547947, 16789531.0865894, 16789821.085627533, 16790111.08466567, 16790400.08370712, 16790690.082745258, 16790979.08178671, 16791269.08082485, 16791558.079866298, 16791848.078904435]	0.0	0.0	0.0
1457.4157481356435	2.0	trials	2.0	1.0	1.0	0.0	10000.0	1.0	True	40.0	0.0	0.005	[16876349.798630394, 16876638.797671843, 16876928.79670998, 16877218.795748115, 16877507.794789568, 16877798.793824386, 16878087.79286584, 16878376.79190729, 16878666.790945426, 16878955.78998688, 16879245.789025016, 16879535.78806315, 16879825.787101284, 16880114.786142737, 16880403.78518419, 16880693.784222323, 16880983.78326046, 16881273.782298595, 16881562.781340048, 16881852.780378185]	0.0	0.0	0.0
1465.8335858155388	2.0	trials	2.0	1.0	1.0	0.0	10000.0	1.0	True	40.0	0.0	0.005	[16973778.475480415, 16974068.47451855, 16974357.47356, 16974647.472598135, 16974936.47163959, 16975226.470677722, 16975515.469719175, 16975805.468757313, 16976095.467795447, 16976384.4668369, 16976673.465878353, 16976964.46491317, 16977252.46395794, 16977542.462996077, 16977833.462030895, 16978122.461072344, 16978411.460113797, 16978701.459151935, 16978991.45819007, 16979280.45723152]	0.0	0.0	0.0
1474.8036904636872	2.0	trials	2.0	1.0	1.0	0.0	10000.0	1.0	True	40.0	0.0	0.005	[17077598.13113293, 17077888.130171064, 17078178.1292092, 17078467.12825065, 17078756.127292104, 17079046.126330238, 17079337.12536506, 17079625.124409832, 17079915.123447962, 17080205.122486096, 17080495.121524233, 17080784.12056569, 17081074.119603824, 17081364.11864196, 17081653.11768341, 17081943.11672155, 17082232.115762997, 17082522.114801135, 17082812.11383927, 17083101.11288072]	0.0	0.0	0.0
1481.8113120209578	2.0	trials	2.0	1.0	1.0	0.0	10000.0	1.0	True	40.0	0.0	0.005	[17158705.86211602, 17158994.861157473, 17159284.860195607, 17159574.85923374, 17159863.858275194, 17160154.857310012, 17160443.856351465, 17160733.855389602, 17161022.85443105, 17161312.85346919, 17161602.852507323, 17161891.851548776, 17162181.850586914, 17162471.84962505, 17162760.8486665, 17163050.847704634, 17163339.846746087, 17163628.845787544, 17163919.84482236, 17164208.84386381]	0.0	0.0	0.0
1487.4637540730585	2.0	trials	2.0	1.0	1.0	0.0	10000.0	1.0	True	40.0	0.0	0.005	[17224127.645126026, 17224417.644164164, 17224706.643205613, 17224995.642247066, 17225286.641281884, 17225574.640326653, 17225865.63936147, 17226153.638406243, 17226444.63744106, 17226733.63648251, 17227023.63552065, 17227313.634558782, 17227602.633600235, 17227892.632638372, 17228182.63167651, 17228471.63071796, 17228760.629759412, 17229051.62879423, 17229341.627832368, 17229630.62687382]	0.0	0.0	0.0
1496.838641378632	2.0	trials	2.0	1.0	1.0	0.0	10000.0	1.0	True	40.0	0.0	0.005	[17332633.285236143, 17332922.28427759, 17333213.28331241, 17333502.282353863, 17333791.281395316, 17334081.280433454, 17334371.279471587, 17334660.27851304, 17334949.277554493, 17335239.276592627, 17335529.275630765, 17335819.2746689, 17336109.273707032, 17336398.272748485, 17336687.27178994, 17336977.270828072, 17337266.269869525, 17337557.268904343, 17337846.267945796, 17338136.266983934]	0.0	0.0	0.0
1504.665677818085	2.0	trials	2.0	1.0	1.0	0.0	10000.0	1.0	True	40.0	0.0	0.005	[17423224.984762944, 17423513.983804397, 17423803.982842535, 17424091.9818873, 17424382.980922118, 17424671.979963575, 17424962.978998393, 17425251.978039846, 17425540.977081295, 17425829.976122748, 17426120.975157566, 17426408.97420234, 17426698.973240472, 17426989.97227529, 17427278.971316744, 17427568.970354877, 17427858.969393015, 17428147.968434468, 17428437.9674726, 17428726.966514055]	0.0	0.0	0.0
1514.1933198170052	2.0	trials	2.0	1.0	1.0	0.0	10000.0	1.0	True	40.0	0.0	0.005	[17533498.619009003, 17533786.61805377, 17534076.617091905, 17534366.616130043, 17534655.615171496, 17534945.614209633, 17535235.613247763, 17535524.612289216, 17535814.611327354, 17536103.610368803, 17536393.60940694, 17536683.608445074, 17536972.607486527, 17537262.60652466, 17537551.605566118, 17537842.604600932, 17538131.60364239, 17538421.60268052, 17538711.601718657, 17539000.600760113]	0.0	0.0	0.0
1521.2734307338442	2.0	trials	2.0	1.0	1.0	0.0	10000.0	1.0	True	40.0	0.0	0.005	[17615443.347215954, 17615732.346257403, 17616023.34529222, 17616312.344333675, 17616602.343371812, 17616892.342409946, 17617180.341454715, 17617471.340489533, 17617760.339530986, 17618050.33856912, 17618339.337610573, 17618629.33664871, 17618919.335686844, 17619209.33472498, 17619498.333766434, 17619788.332804568, 17620077.33184602, 17620366.330887474, 17620656.329925608, 17620946.32896374]	0.0	0.0	0.0
1530.6156589477407	2.0	trials	2.0	1.0	1.0	0.0	10000.0	1.0	True	40.0	0.0	0.005	[17723570.988579806, 17723860.987617943, 17724149.986659393, 17724439.98569753, 17724729.984735664, 17725018.983777117, 17725308.98281525, 17725597.981856704, 17725886.980898157, 17726176.97993629, 17726466.978974428, 17726756.97801256, 17727046.9770507, 17727335.976092152, 17727625.975130286, 17727914.97417174, 17728204.973209873, 17728494.97224801, 17728783.971289463, 17729072.970330913]	0.0	0.0	0.0
1566.0900852869208	2.0	trials	3.0	1.0	1.0	0.0	10000.0	1.0	False	0.0	0.0	0.0	[NaN, NaN, NaN, NaN, NaN, NaN, NaN, NaN, NaN, NaN, NaN, NaN, NaN, NaN, NaN, NaN, NaN, NaN, NaN, NaN]	0.0	0.0	0.0
1572.1565547657847	2.0	trials	3.0	1.0	1.0	0.0	10000.0	1.0	False	0.0	0.0	0.0	[NaN, NaN, NaN, NaN, NaN, NaN, NaN, NaN, NaN, NaN, NaN, NaN, NaN, NaN, NaN, NaN, NaN, NaN, NaN, NaN]	0.0	0.0	0.0
1578.7081586355641	2.0	trials	3.0	1.0	1.0	0.0	10000.0	1.0	False	0.0	0.0	0.0	[NaN, NaN, NaN, NaN, NaN, NaN, NaN, NaN, NaN, NaN, NaN, NaN, NaN, NaN, NaN, NaN, NaN, NaN, NaN, NaN]	0.0	0.0	0.0
1585.0621663607271	2.0	trials	3.0	1.0	1.0	0.0	10000.0	1.0	False	0.0	0.0	0.0	[NaN, NaN, NaN, NaN, NaN, NaN, NaN, NaN, NaN, NaN, NaN, NaN, NaN, NaN, NaN, NaN, NaN, NaN, NaN, NaN]	0.0	0.0	0.0
1593.5166375191177	2.0	trials	3.0	1.0	1.0	0.0	10000.0	1.0	False	0.0	0.0	0.0	[NaN, NaN, NaN, NaN, NaN, NaN, NaN, NaN, NaN, NaN, NaN, NaN, NaN, NaN, NaN, NaN, NaN, NaN, NaN, NaN]	0.0	0.0	0.0
1600.854478781122	2.0	trials	3.0	1.0	1.0	0.0	10000.0	1.0	False	0.0	0.0	0.0	[NaN, NaN, NaN, NaN, NaN, NaN, NaN, NaN, NaN, NaN, NaN, NaN, NaN, NaN, NaN, NaN, NaN, NaN, NaN, NaN]	0.0	0.0	0.0
1606.7286224978877	2.0	trials	3.0	1.0	1.0	0.0	10000.0	1.0	False	0.0	0.0	0.0	[NaN, NaN, NaN, NaN, NaN, NaN, NaN, NaN, NaN, NaN, NaN, NaN, NaN, NaN, NaN, NaN, NaN, NaN, NaN, NaN]	0.0	0.0	0.0
1614.8465667724633	2.0	trials	3.0	1.0	1.0	0.0	10000.0	1.0	False	0.0	0.0	0.0	[NaN, NaN, NaN, NaN, NaN, NaN, NaN, NaN, NaN, NaN, NaN, NaN, NaN, NaN, NaN, NaN, NaN, NaN, NaN, NaN]	0.0	0.0	0.0
1622.43928718909	2.0	trials	3.0	1.0	1.0	0.0	10000.0	1.0	False	0.0	0.0	0.0	[NaN, NaN, NaN, NaN, NaN, NaN, NaN, NaN, NaN, NaN, NaN, NaN, NaN, NaN, NaN, NaN, NaN, NaN, NaN, NaN]	0.0	0.0	0.0
1628.1605034130826	2.0	trials	3.0	1.0	1.0	0.0	10000.0	1.0	False	0.0	0.0	0.0	[NaN, NaN, NaN, NaN, NaN, NaN, NaN, NaN, NaN, NaN, NaN, NaN, NaN, NaN, NaN, NaN, NaN, NaN, NaN, NaN]	0.0	0.0	0.0
1634.0347335295614	2.0	trials	3.0	1.0	1.0	0.0	10000.0	1.0	False	0.0	0.0	0.0	[NaN, NaN, NaN, NaN, NaN, NaN, NaN, NaN, NaN, NaN, NaN, NaN, NaN, NaN, NaN, NaN, NaN, NaN, NaN, NaN]	0.0	0.0	0.0
1642.3505331478946	2.0	trials	3.0	1.0	1.0	0.0	10000.0	1.0	False	0.0	0.0	0.0	[NaN, NaN, NaN, NaN, NaN, NaN, NaN, NaN, NaN, NaN, NaN, NaN, NaN, NaN, NaN, NaN, NaN, NaN, NaN, NaN]	0.0	0.0	0.0
1649.4845574859148	2.0	trials	3.0	1.0	1.0	0.0	10000.0	1.0	False	0.0	0.0	0.0	[NaN, NaN, NaN, NaN, NaN, NaN, NaN, NaN, NaN, NaN, NaN, NaN, NaN, NaN, NaN, NaN, NaN, NaN, NaN, NaN]	0.0	0.0	0.0
1659.3187456680894	2.0	trials	3.0	1.0	1.0	0.0	10000.0	1.0	False	0.0	0.0	0.0	[NaN, NaN, NaN, NaN, NaN, NaN, NaN, NaN, NaN, NaN, NaN, NaN, NaN, NaN, NaN, NaN, NaN, NaN, NaN, NaN]	0.0	0.0	0.0
1669.2818422227035	2.0	trials	3.0	1.0	1.0	0.0	10000.0	1.0	False	0.0	0.0	0.0	[NaN, NaN, NaN, NaN, NaN, NaN, NaN, NaN, NaN, NaN, NaN, NaN, NaN, NaN, NaN, NaN, NaN, NaN, NaN, NaN]	0.0	0.0	0.0
1674.705670633065	2.0	trials	3.0	1.0	1.0	0.0	10000.0	1.0	False	0.0	0.0	0.0	[NaN, NaN, NaN, NaN, NaN, NaN, NaN, NaN, NaN, NaN, NaN, NaN, NaN, NaN, NaN, NaN, NaN, NaN, NaN, NaN]	0.0	0.0	0.0
1683.7413526637076	2.0	trials	3.0	1.0	1.0	0.0	10000.0	1.0	False	0.0	0.0	0.0	[NaN, NaN, NaN, NaN, NaN, NaN, NaN, NaN, NaN, NaN, NaN, NaN, NaN, NaN, NaN, NaN, NaN, NaN, NaN, NaN]	0.0	0.0	0.0
1690.6867664273075	2.0	trials	3.0	1.0	1.0	0.0	10000.0	1.0	False	0.0	0.0	0.0	[NaN, NaN, NaN, NaN, NaN, NaN, NaN, NaN, NaN, NaN, NaN, NaN, NaN, NaN, NaN, NaN, NaN, NaN, NaN, NaN]	0.0	0.0	0.0
1697.445211211042	2.0	trials	3.0	1.0	1.0	0.0	10000.0	1.0	False	0.0	0.0	0.0	[NaN, NaN, NaN, NaN, NaN, NaN, NaN, NaN, NaN, NaN, NaN, NaN, NaN, NaN, NaN, NaN, NaN, NaN, NaN, NaN]	0.0	0.0	0.0
1705.2665452694082	2.0	trials	3.0	1.0	1.0	0.0	10000.0	1.0	False	0.0	0.0	0.0	[NaN, NaN, NaN, NaN, NaN, NaN, NaN, NaN, NaN, NaN, NaN, NaN, NaN, NaN, NaN, NaN, NaN, NaN, NaN, NaN]	0.0	0.0	0.0
1713.4026334838045	2.0	trials	3.0	1.0	1.0	0.0	10000.0	1.0	False	0.0	0.0	0.0	[NaN, NaN, NaN, NaN, NaN, NaN, NaN, NaN, NaN, NaN, NaN, NaN, NaN, NaN, NaN, NaN, NaN, NaN, NaN, NaN]	0.0	0.0	0.0
1724.4285329133363	2.0	trials	3.0	1.0	1.0	0.0	10000.0	1.0	False	0.0	0.0	0.0	[NaN, NaN, NaN, NaN, NaN, NaN, NaN, NaN, NaN, NaN, NaN, NaN, NaN, NaN, NaN, NaN, NaN, NaN, NaN, NaN]	0.0	0.0	0.0
1731.8724730234348	2.0	trials	3.0	1.0	1.0	0.0	10000.0	1.0	False	0.0	0.0	0.0	[NaN, NaN, NaN, NaN, NaN, NaN, NaN, NaN, NaN, NaN, NaN, NaN, NaN, NaN, NaN, NaN, NaN, NaN, NaN, NaN]	0.0	0.0	0.0
1740.264822787868	2.0	trials	3.0	1.0	1.0	0.0	10000.0	1.0	False	0.0	0.0	0.0	[NaN, NaN, NaN, NaN, NaN, NaN, NaN, NaN, NaN, NaN, NaN, NaN, NaN, NaN, NaN, NaN, NaN, NaN, NaN, NaN]	0.0	0.0	0.0
1751.0467294266703	2.0	trials	3.0	1.0	1.0	0.0	10000.0	1.0	False	0.0	0.0	0.0	[NaN, NaN, NaN, NaN, NaN, NaN, NaN, NaN, NaN, NaN, NaN, NaN, NaN, NaN, NaN, NaN, NaN, NaN, NaN, NaN]	0.0	0.0	0.0
1760.9528021704198	2.0	trials	3.0	1.0	1.0	0.0	10000.0	1.0	False	0.0	0.0	0.0	[NaN, NaN, NaN, NaN, NaN, NaN, NaN, NaN, NaN, NaN, NaN, NaN, NaN, NaN, NaN, NaN, NaN, NaN, NaN, NaN]	0.0	0.0	0.0
1769.7251378745236	2.0	trials	3.0	1.0	1.0	0.0	10000.0	1.0	False	0.0	0.0	0.0	[NaN, NaN, NaN, NaN, NaN, NaN, NaN, NaN, NaN, NaN, NaN, NaN, NaN, NaN, NaN, NaN, NaN, NaN, NaN, NaN]	0.0	0.0	0.0
1777.6685547279683	2.0	trials	3.0	1.0	1.0	0.0	10000.0	1.0	False	0.0	0.0	0.0	[NaN, NaN, NaN, NaN, NaN, NaN, NaN, NaN, NaN, NaN, NaN, NaN, NaN, NaN, NaN, NaN, NaN, NaN, NaN, NaN]	0.0	0.0	0.0
1785.5229798765783	2.0	trials	3.0	1.0	1.0	0.0	10000.0	1.0	False	0.0	0.0	0.0	[NaN, NaN, NaN, NaN, NaN, NaN, NaN, NaN, NaN, NaN, NaN, NaN, NaN, NaN, NaN, NaN, NaN, NaN, NaN, NaN]	0.0	0.0	0.0
1795.76903549268	2.0	trials	3.0	1.0	1.0	0.0	10000.0	1.0	False	0.0	0.0	0.0	[NaN, NaN, NaN, NaN, NaN, NaN, NaN, NaN, NaN, NaN, NaN, NaN, NaN, NaN, NaN, NaN, NaN, NaN, NaN, NaN]	0.0	0.0	0.0
1805.3227702050563	2.0	trials	3.0	1.0	1.0	0.0	10000.0	1.0	False	0.0	0.0	0.0	[NaN, NaN, NaN, NaN, NaN, NaN, NaN, NaN, NaN, NaN, NaN, NaN, NaN, NaN, NaN, NaN, NaN, NaN, NaN, NaN]	0.0	0.0	0.0
1815.3426313713949	2.0	trials	3.0	1.0	1.0	0.0	10000.0	1.0	False	0.0	0.0	0.0	[NaN, NaN, NaN, NaN, NaN, NaN, NaN, NaN, NaN, NaN, NaN, NaN, NaN, NaN, NaN, NaN, NaN, NaN, NaN, NaN]	0.0	0.0	0.0
1825.1108101725076	2.0	trials	3.0	1.0	1.0	0.0	10000.0	1.0	False	0.0	0.0	0.0	[NaN, NaN, NaN, NaN, NaN, NaN, NaN, NaN, NaN, NaN, NaN, NaN, NaN, NaN, NaN, NaN, NaN, NaN, NaN, NaN]	0.0	0.0	0.0
1833.5829068724381	2.0	trials	3.0	1.0	1.0	0.0	10000.0	1.0	False	0.0	0.0	0.0	[NaN, NaN, NaN, NaN, NaN, NaN, NaN, NaN, NaN, NaN, NaN, NaN, NaN, NaN, NaN, NaN, NaN, NaN, NaN, NaN]	0.0	0.0	0.0
1841.7068127272405	2.0	trials	3.0	1.0	1.0	0.0	10000.0	1.0	False	0.0	0.0	0.0	[NaN, NaN, NaN, NaN, NaN, NaN, NaN, NaN, NaN, NaN, NaN, NaN, NaN, NaN, NaN, NaN, NaN, NaN, NaN, NaN]	0.0	0.0	0.0
1847.8314292132432	2.0	trials	3.0	1.0	1.0	0.0	10000.0	1.0	False	0.0	0.0	0.0	[NaN, NaN, NaN, NaN, NaN, NaN, NaN, NaN, NaN, NaN, NaN, NaN, NaN, NaN, NaN, NaN, NaN, NaN, NaN, NaN]	0.0	0.0	0.0
1855.8791305207992	2.0	trials	3.0	1.0	1.0	0.0	10000.0	1.0	False	0.0	0.0	0.0	[NaN, NaN, NaN, NaN, NaN, NaN, NaN, NaN, NaN, NaN, NaN, NaN, NaN, NaN, NaN, NaN, NaN, NaN, NaN, NaN]	0.0	0.0	0.0
1864.3395632594165	2.0	trials	3.0	1.0	1.0	0.0	10000.0	1.0	False	0.0	0.0	0.0	[NaN, NaN, NaN, NaN, NaN, NaN, NaN, NaN, NaN, NaN, NaN, NaN, NaN, NaN, NaN, NaN, NaN, NaN, NaN, NaN]	0.0	0.0	0.0
1872.9308051641685	2.0	trials	3.0	1.0	1.0	0.0	10000.0	1.0	False	0.0	0.0	0.0	[NaN, NaN, NaN, NaN, NaN, NaN, NaN, NaN, NaN, NaN, NaN, NaN, NaN, NaN, NaN, NaN, NaN, NaN, NaN, NaN]	0.0	0.0	0.0
1880.8809611952606	2.0	trials	3.0	1.0	1.0	0.0	10000.0	1.0	False	0.0	0.0	0.0	[NaN, NaN, NaN, NaN, NaN, NaN, NaN, NaN, NaN, NaN, NaN, NaN, NaN, NaN, NaN, NaN, NaN, NaN, NaN, NaN]	0.0	0.0	0.0
1888.8294756317978	2.0	trials	3.0	1.0	1.0	0.0	10000.0	1.0	False	0.0	0.0	0.0	[NaN, NaN, NaN, NaN, NaN, NaN, NaN, NaN, NaN, NaN, NaN, NaN, NaN, NaN, NaN, NaN, NaN, NaN, NaN, NaN]	0.0	0.0	0.0
1895.3833258941272	2.0	trials	3.0	1.0	1.0	0.0	10000.0	1.0	False	0.0	0.0	0.0	[NaN, NaN, NaN, NaN, NaN, NaN, NaN, NaN, NaN, NaN, NaN, NaN, NaN, NaN, NaN, NaN, NaN, NaN, NaN, NaN]	0.0	0.0	0.0
1906.1470885931085	2.0	trials	3.0	1.0	1.0	0.0	10000.0	1.0	False	0.0	0.0	0.0	[NaN, NaN, NaN, NaN, NaN, NaN, NaN, NaN, NaN, NaN, NaN, NaN, NaN, NaN, NaN, NaN, NaN, NaN, NaN, NaN]	0.0	0.0	0.0
1912.9211717249739	2.0	trials	3.0	1.0	1.0	0.0	10000.0	1.0	False	0.0	0.0	0.0	[NaN, NaN, NaN, NaN, NaN, NaN, NaN, NaN, NaN, NaN, NaN, NaN, NaN, NaN, NaN, NaN, NaN, NaN, NaN, NaN]	0.0	0.0	0.0
1918.069212250063	2.0	trials	3.0	1.0	1.0	0.0	10000.0	1.0	False	0.0	0.0	0.0	[NaN, NaN, NaN, NaN, NaN, NaN, NaN, NaN, NaN, NaN, NaN, NaN, NaN, NaN, NaN, NaN, NaN, NaN, NaN, NaN]	0.0	0.0	0.0
1927.7887480125141	2.0	trials	3.0	1.0	1.0	0.0	10000.0	1.0	False	0.0	0.0	0.0	[NaN, NaN, NaN, NaN, NaN, NaN, NaN, NaN, NaN, NaN, NaN, NaN, NaN, NaN, NaN, NaN, NaN, NaN, NaN, NaN]	0.0	0.0	0.0
1936.2492671508453	2.0	trials	3.0	1.0	1.0	0.0	10000.0	1.0	False	0.0	0.0	0.0	[NaN, NaN, NaN, NaN, NaN, NaN, NaN, NaN, NaN, NaN, NaN, NaN, NaN, NaN, NaN, NaN, NaN, NaN, NaN, NaN]	0.0	0.0	0.0
1941.9017956026594	2.0	trials	3.0	1.0	1.0	0.0	10000.0	1.0	False	0.0	0.0	0.0	[NaN, NaN, NaN, NaN, NaN, NaN, NaN, NaN, NaN, NaN, NaN, NaN, NaN, NaN, NaN, NaN, NaN, NaN, NaN, NaN]	0.0	0.0	0.0
1947.70984353865	2.0	trials	3.0	1.0	1.0	0.0	10000.0	1.0	False	0.0	0.0	0.0	[NaN, NaN, NaN, NaN, NaN, NaN, NaN, NaN, NaN, NaN, NaN, NaN, NaN, NaN, NaN, NaN, NaN, NaN, NaN, NaN]	0.0	0.0	0.0
1956.8175829302943	2.0	trials	3.0	1.0	1.0	0.0	10000.0	1.0	False	0.0	0.0	0.0	[NaN, NaN, NaN, NaN, NaN, NaN, NaN, NaN, NaN, NaN, NaN, NaN, NaN, NaN, NaN, NaN, NaN, NaN, NaN, NaN]	0.0	0.0	0.0
2014.91620623002	2.0	trials	4.0	1.0	1.0	1.0	0.0	1.0	False	0.0	0.0	0.0	[NaN, NaN, NaN, NaN, NaN, NaN, NaN, NaN, NaN, NaN, NaN, NaN, NaN, NaN, NaN, NaN, NaN, NaN, NaN, NaN]	1.0	0.02	5.0
2021.8642119850233	2.0	trials	4.0	1.0	1.0	1.0	0.0	1.0	False	0.0	0.0	0.0	[NaN, NaN, NaN, NaN, NaN, NaN, NaN, NaN, NaN, NaN, NaN, NaN, NaN, NaN, NaN, NaN, NaN, NaN, NaN, NaN]	1.0	0.02	5.0
2028.3981039135494	2.0	trials	4.0	1.0	1.0	1.0	0.0	1.0	False	0.0	0.0	0.0	[NaN, NaN, NaN, NaN, NaN, NaN, NaN, NaN, NaN, NaN, NaN, NaN, NaN, NaN, NaN, NaN, NaN, NaN, NaN, NaN]	1.0	0.02	5.0
2035.9286165365063	2.0	trials	4.0	1.0	1.0	1.0	0.0	1.0	False	0.0	0.0	0.0	[NaN, NaN, NaN, NaN, NaN, NaN, NaN, NaN, NaN, NaN, NaN, NaN, NaN, NaN, NaN, NaN, NaN, NaN, NaN, NaN]	1.0	0.02	5.0
2042.9805611467664	2.0	trials	4.0	1.0	1.0	1.0	0.0	1.0	False	0.0	0.0	0.0	[NaN, NaN, NaN, NaN, NaN, NaN, NaN, NaN, NaN, NaN, NaN, NaN, NaN, NaN, NaN, NaN, NaN, NaN, NaN, NaN]	1.0	0.02	5.0
2048.803642632894	2.0	trials	4.0	1.0	1.0	1.0	0.0	1.0	False	0.0	0.0	0.0	[NaN, NaN, NaN, NaN, NaN, NaN, NaN, NaN, NaN, NaN, NaN, NaN, NaN, NaN, NaN, NaN, NaN, NaN, NaN, NaN]	1.0	0.02	5.0
2058.7894623121406	2.0	trials	4.0	1.0	1.0	1.0	0.0	1.0	False	0.0	0.0	0.0	[NaN, NaN, NaN, NaN, NaN, NaN, NaN, NaN, NaN, NaN, NaN, NaN, NaN, NaN, NaN, NaN, NaN, NaN, NaN, NaN]	1.0	0.02	5.0
2067.1659145293024	2.0	trials	4.0	1.0	1.0	1.0	0.0	1.0	False	0.0	0.0	0.0	[NaN, NaN, NaN, NaN, NaN, NaN, NaN, NaN, NaN, NaN, NaN, NaN, NaN, NaN, NaN, NaN, NaN, NaN, NaN, NaN]	1.0	0.02	5.0
2072.685301022719	2.0	trials	4.0	1.0	1.0	1.0	0.0	1.0	False	0.0	0.0	0.0	[NaN, NaN, NaN, NaN, NaN, NaN, NaN, NaN, NaN, NaN, NaN, NaN, NaN, NaN, NaN, NaN, NaN, NaN, NaN, NaN]	1.0	0.02	5.0
2082.623255260725	2.0	trials	4.0	1.0	1.0	1.0	0.0	1.0	False	0.0	0.0	0.0	[NaN, NaN, NaN, NaN, NaN, NaN, NaN, NaN, NaN, NaN, NaN, NaN, NaN, NaN, NaN, NaN, NaN, NaN, NaN, NaN]	1.0	0.02	5.0
2091.103819132571	2.0	trials	4.0	1.0	1.0	1.0	0.0	1.0	False	0.0	0.0	0.0	[NaN, NaN, NaN, NaN, NaN, NaN, NaN, NaN, NaN, NaN, NaN, NaN, NaN, NaN, NaN, NaN, NaN, NaN, NaN, NaN]	1.0	0.02	5.0
2102.0542052125643	2.0	trials	4.0	1.0	1.0	1.0	0.0	1.0	False	0.0	0.0	0.0	[NaN, NaN, NaN, NaN, NaN, NaN, NaN, NaN, NaN, NaN, NaN, NaN, NaN, NaN, NaN, NaN, NaN, NaN, NaN, NaN]	1.0	0.02	5.0
2111.131963903648	2.0	trials	4.0	1.0	1.0	1.0	0.0	1.0	False	0.0	0.0	0.0	[NaN, NaN, NaN, NaN, NaN, NaN, NaN, NaN, NaN, NaN, NaN, NaN, NaN, NaN, NaN, NaN, NaN, NaN, NaN, NaN]	1.0	0.02	5.0
2118.33225682187	2.0	trials	4.0	1.0	1.0	1.0	0.0	1.0	False	0.0	0.0	0.0	[NaN, NaN, NaN, NaN, NaN, NaN, NaN, NaN, NaN, NaN, NaN, NaN, NaN, NaN, NaN, NaN, NaN, NaN, NaN, NaN]	1.0	0.02	5.0
2126.4799225978663	2.0	trials	4.0	1.0	1.0	1.0	0.0	1.0	False	0.0	0.0	0.0	[NaN, NaN, NaN, NaN, NaN, NaN, NaN, NaN, NaN, NaN, NaN, NaN, NaN, NaN, NaN, NaN, NaN, NaN, NaN, NaN]	1.0	0.02	5.0
2136.8481474087594	2.0	trials	4.0	1.0	1.0	1.0	0.0	1.0	False	0.0	0.0	0.0	[NaN, NaN, NaN, NaN, NaN, NaN, NaN, NaN, NaN, NaN, NaN, NaN, NaN, NaN, NaN, NaN, NaN, NaN, NaN, NaN]	1.0	0.02	5.0
2146.4180388675477	2.0	trials	4.0	1.0	1.0	1.0	0.0	1.0	False	0.0	0.0	0.0	[NaN, NaN, NaN, NaN, NaN, NaN, NaN, NaN, NaN, NaN, NaN, NaN, NaN, NaN, NaN, NaN, NaN, NaN, NaN, NaN]	1.0	0.02	5.0
2155.6523538393685	2.0	trials	4.0	1.0	1.0	1.0	0.0	1.0	False	0.0	0.0	0.0	[NaN, NaN, NaN, NaN, NaN, NaN, NaN, NaN, NaN, NaN, NaN, NaN, NaN, NaN, NaN, NaN, NaN, NaN, NaN, NaN]	1.0	0.02	5.0
2166.446270038338	2.0	trials	4.0	1.0	1.0	1.0	0.0	1.0	False	0.0	0.0	0.0	[NaN, NaN, NaN, NaN, NaN, NaN, NaN, NaN, NaN, NaN, NaN, NaN, NaN, NaN, NaN, NaN, NaN, NaN, NaN, NaN]	1.0	0.02	5.0
2176.8324659896243	2.0	trials	4.0	1.0	1.0	1.0	0.0	1.0	False	0.0	0.0	0.0	[NaN, NaN, NaN, NaN, NaN, NaN, NaN, NaN, NaN, NaN, NaN, NaN, NaN, NaN, NaN, NaN, NaN, NaN, NaN, NaN]	1.0	0.02	5.0
2186.540164991336	2.0	trials	4.0	1.0	1.0	1.0	0.0	1.0	False	0.0	0.0	0.0	[NaN, NaN, NaN, NaN, NaN, NaN, NaN, NaN, NaN, NaN, NaN, NaN, NaN, NaN, NaN, NaN, NaN, NaN, NaN, NaN]	1.0	0.02	5.0
2194.220062718815	2.0	trials	4.0	1.0	1.0	1.0	0.0	1.0	False	0.0	0.0	0.0	[NaN, NaN, NaN, NaN, NaN, NaN, NaN, NaN, NaN, NaN, NaN, NaN, NaN, NaN, NaN, NaN, NaN, NaN, NaN, NaN]	1.0	0.02	5.0
2202.5457983041924	2.0	trials	4.0	1.0	1.0	1.0	0.0	1.0	False	0.0	0.0	0.0	[NaN, NaN, NaN, NaN, NaN, NaN, NaN, NaN, NaN, NaN, NaN, NaN, NaN, NaN, NaN, NaN, NaN, NaN, NaN, NaN]	1.0	0.02	5.0
2208.081859942302	2.0	trials	4.0	1.0	1.0	1.0	0.0	1.0	False	0.0	0.0	0.0	[NaN, NaN, NaN, NaN, NaN, NaN, NaN, NaN, NaN, NaN, NaN, NaN, NaN, NaN, NaN, NaN, NaN, NaN, NaN, NaN]	1.0	0.02	5.0
2213.187046209529	2.0	trials	4.0	1.0	1.0	1.0	0.0	1.0	False	0.0	0.0	0.0	[NaN, NaN, NaN, NaN, NaN, NaN, NaN, NaN, NaN, NaN, NaN, NaN, NaN, NaN, NaN, NaN, NaN, NaN, NaN, NaN]	1.0	0.02	5.0
2220.633146312463	2.0	trials	4.0	1.0	1.0	1.0	0.0	1.0	False	0.0	0.0	0.0	[NaN, NaN, NaN, NaN, NaN, NaN, NaN, NaN, NaN, NaN, NaN, NaN, NaN, NaN, NaN, NaN, NaN, NaN, NaN, NaN]	1.0	0.02	5.0
2228.8488086629295	2.0	trials	4.0	1.0	1.0	1.0	0.0	1.0	False	0.0	0.0	0.0	[NaN, NaN, NaN, NaN, NaN, NaN, NaN, NaN, NaN, NaN, NaN, NaN, NaN, NaN, NaN, NaN, NaN, NaN, NaN, NaN]	1.0	0.02	5.0
2239.7126222300644	2.0	trials	4.0	1.0	1.0	1.0	0.0	1.0	False	0.0	0.0	0.0	[NaN, NaN, NaN, NaN, NaN, NaN, NaN, NaN, NaN, NaN, NaN, NaN, NaN, NaN, NaN, NaN, NaN, NaN, NaN, NaN]	1.0	0.02	5.0
2245.8211683693685	2.0	trials	4.0	1.0	1.0	1.0	0.0	1.0	False	0.0	0.0	0.0	[NaN, NaN, NaN, NaN, NaN, NaN, NaN, NaN, NaN, NaN, NaN, NaN, NaN, NaN, NaN, NaN, NaN, NaN, NaN, NaN]	1.0	0.02	5.0
2252.58004515167	2.0	trials	4.0	1.0	1.0	1.0	0.0	1.0	False	0.0	0.0	0.0	[NaN, NaN, NaN, NaN, NaN, NaN, NaN, NaN, NaN, NaN, NaN, NaN, NaN, NaN, NaN, NaN, NaN, NaN, NaN, NaN]	1.0	0.02	5.0
2258.409261017452	2.0	trials	4.0	1.0	1.0	1.0	0.0	1.0	False	0.0	0.0	0.0	[NaN, NaN, NaN, NaN, NaN, NaN, NaN, NaN, NaN, NaN, NaN, NaN, NaN, NaN, NaN, NaN, NaN, NaN, NaN, NaN]	1.0	0.02	5.0
2263.569051903567	2.0	trials	4.0	1.0	1.0	1.0	0.0	1.0	False	0.0	0.0	0.0	[NaN, NaN, NaN, NaN, NaN, NaN, NaN, NaN, NaN, NaN, NaN, NaN, NaN, NaN, NaN, NaN, NaN, NaN, NaN, NaN]	1.0	0.02	5.0
2269.7727241273597	2.0	trials	4.0	1.0	1.0	1.0	0.0	1.0	False	0.0	0.0	0.0	[NaN, NaN, NaN, NaN, NaN, NaN, NaN, NaN, NaN, NaN, NaN, NaN, NaN, NaN, NaN, NaN, NaN, NaN, NaN, NaN]	1.0	0.02	5.0
2276.272488169081	2.0	trials	4.0	1.0	1.0	1.0	0.0	1.0	False	0.0	0.0	0.0	[NaN, NaN, NaN, NaN, NaN, NaN, NaN, NaN, NaN, NaN, NaN, NaN, NaN, NaN, NaN, NaN, NaN, NaN, NaN, NaN]	1.0	0.02	5.0
2283.153102147607	2.0	trials	4.0	1.0	1.0	1.0	0.0	1.0	False	0.0	0.0	0.0	[NaN, NaN, NaN, NaN, NaN, NaN, NaN, NaN, NaN, NaN, NaN, NaN, NaN, NaN, NaN, NaN, NaN, NaN, NaN, NaN]	1.0	0.02	5.0
2288.1572871498333	2.0	trials	4.0	1.0	1.0	1.0	0.0	1.0	False	0.0	0.0	0.0	[NaN, NaN, NaN, NaN, NaN, NaN, NaN, NaN, NaN, NaN, NaN, NaN, NaN, NaN, NaN, NaN, NaN, NaN, NaN, NaN]	1.0	0.02	5.0
2292.5991828170486	2.0	trials	4.0	1.0	1.0	1.0	0.0	1.0	False	0.0	0.0	0.0	[NaN, NaN, NaN, NaN, NaN, NaN, NaN, NaN, NaN, NaN, NaN, NaN, NaN, NaN, NaN, NaN, NaN, NaN, NaN, NaN]	1.0	0.02	5.0
2303.41305734982	2.0	trials	4.0	1.0	1.0	1.0	0.0	1.0	False	0.0	0.0	0.0	[NaN, NaN, NaN, NaN, NaN, NaN, NaN, NaN, NaN, NaN, NaN, NaN, NaN, NaN, NaN, NaN, NaN, NaN, NaN, NaN]	1.0	0.02	5.0
2309.423626214094	2.0	trials	4.0	1.0	1.0	1.0	0.0	1.0	False	0.0	0.0	0.0	[NaN, NaN, NaN, NaN, NaN, NaN, NaN, NaN, NaN, NaN, NaN, NaN, NaN, NaN, NaN, NaN, NaN, NaN, NaN, NaN]	1.0	0.02	5.0
2320.4791607453326	2.0	trials	4.0	1.0	1.0	1.0	0.0	1.0	False	0.0	0.0	0.0	[NaN, NaN, NaN, NaN, NaN, NaN, NaN, NaN, NaN, NaN, NaN, NaN, NaN, NaN, NaN, NaN, NaN, NaN, NaN, NaN]	1.0	0.02	5.0
2330.493405930298	2.0	trials	4.0	1.0	1.0	1.0	0.0	1.0	False	0.0	0.0	0.0	[NaN, NaN, NaN, NaN, NaN, NaN, NaN, NaN, NaN, NaN, NaN, NaN, NaN, NaN, NaN, NaN, NaN, NaN, NaN, NaN]	1.0	0.02	5.0
2340.075911747247	2.0	trials	4.0	1.0	1.0	1.0	0.0	1.0	False	0.0	0.0	0.0	[NaN, NaN, NaN, NaN, NaN, NaN, NaN, NaN, NaN, NaN, NaN, NaN, NaN, NaN, NaN, NaN, NaN, NaN, NaN, NaN]	1.0	0.02	5.0
2345.643250081618	2.0	trials	4.0	1.0	1.0	1.0	0.0	1.0	False	0.0	0.0	0.0	[NaN, NaN, NaN, NaN, NaN, NaN, NaN, NaN, NaN, NaN, NaN, NaN, NaN, NaN, NaN, NaN, NaN, NaN, NaN, NaN]	1.0	0.02	5.0
2355.671060021592	2.0	trials	4.0	1.0	1.0	1.0	0.0	1.0	False	0.0	0.0	0.0	[NaN, NaN, NaN, NaN, NaN, NaN, NaN, NaN, NaN, NaN, NaN, NaN, NaN, NaN, NaN, NaN, NaN, NaN, NaN, NaN]	1.0	0.02	5.0
2366.734975325034	2.0	trials	4.0	1.0	1.0	1.0	0.0	1.0	False	0.0	0.0	0.0	[NaN, NaN, NaN, NaN, NaN, NaN, NaN, NaN, NaN, NaN, NaN, NaN, NaN, NaN, NaN, NaN, NaN, NaN, NaN, NaN]	1.0	0.02	5.0
2376.1659360446247	2.0	trials	4.0	1.0	1.0	1.0	0.0	1.0	False	0.0	0.0	0.0	[NaN, NaN, NaN, NaN, NaN, NaN, NaN, NaN, NaN, NaN, NaN, NaN, NaN, NaN, NaN, NaN, NaN, NaN, NaN, NaN]	1.0	0.02	5.0
2385.7405794876518	2.0	trials	4.0	1.0	1.0	1.0	0.0	1.0	False	0.0	0.0	0.0	[NaN, NaN, NaN, NaN, NaN, NaN, NaN, NaN, NaN, NaN, NaN, NaN, NaN, NaN, NaN, NaN, NaN, NaN, NaN, NaN]	1.0	0.02	5.0
2392.375559080893	2.0	trials	4.0	1.0	1.0	1.0	0.0	1.0	False	0.0	0.0	0.0	[NaN, NaN, NaN, NaN, NaN, NaN, NaN, NaN, NaN, NaN, NaN, NaN, NaN, NaN, NaN, NaN, NaN, NaN, NaN, NaN]	1.0	0.02	5.0
2401.9109770540217	2.0	trials	4.0	1.0	1.0	1.0	0.0	1.0	False	0.0	0.0	0.0	[NaN, NaN, NaN, NaN, NaN, NaN, NaN, NaN, NaN, NaN, NaN, NaN, NaN, NaN, NaN, NaN, NaN, NaN, NaN, NaN]	1.0	0.02	5.0
2409.2006072759323	2.0	trials	4.0	1.0	1.0	1.0	0.0	1.0	False	0.0	0.0	0.0	[NaN, NaN, NaN, NaN, NaN, NaN, NaN, NaN, NaN, NaN, NaN, NaN, NaN, NaN, NaN, NaN, NaN, NaN, NaN, NaN]	1.0	0.02	5.0
2473.407258316682	2.0	trials	5.0	1.0	1.0	0.0	10000.0	0.0	True	40.0	0.0	0.005	[28635508.796027493, 28635799.79506231, 28636088.79410376, 28636379.793138582, 28636668.79218003, 28636957.79122149, 28637247.790259626, 28637537.78929776, 28637827.788335893, 28638117.787374027, 28638407.786412165, 28638696.78545362, 28638986.784491755, 28639274.78353652, 28639565.78257134, 28639855.781609476, 28640144.780650925, 28640433.77969238, 28640722.77873383, 28641012.777771965]	0.0	0.0	0.0
2481.285097787632	2.0	trials	5.0	1.0	1.0	0.0	10000.0	0.0	True	40.0	0.0	0.005	[28726689.49360072, 28726979.492638852, 28727269.49167699, 28727558.49071844, 28727847.489759892, 28728137.488798022, 28728427.487836163, 28728716.486877613, 28729006.48591575, 28729295.484957203, 28729585.483995337, 28729874.48303679, 28730164.48207493, 28730454.48111306, 28730744.480151203, 28731034.47918933, 28731322.4782341, 28731613.477268923, 28731902.476310372, 28732193.475345194]	0.0	0.0	0.0
2488.2153916013813	2.0	trials	5.0	1.0	1.0	0.0	10000.0	0.0	True	40.0	0.0	0.005	[28732193.475345194, 28806902.22755232, 28807190.226597086, 28807479.22563854, 28807769.224676676, 28808060.223711498, 28808349.222752947, 28808637.221797716, 28808927.22083585, 28809218.21987067, 28809507.21891212, 28809797.217950255, 28810086.21699171, 28810376.216029845, 28810665.215071294, 28810955.214109432, 28811245.213147566, 28811536.212182388, 28811825.211223837, 28812115.210261974]	0.0	0.0	0.0
2494.82712967171	2.0	trials	5.0	1.0	1.0	0.0	10000.0	0.0	True	40.0	0.0	0.005	[28812403.20930675, 28883424.973742817, 28883715.97277764, 28884003.971822407, 28884293.97086054, 28884583.96989868, 28884872.968940128, 28885163.96797495, 28885451.96701972, 28885741.966057852, 28886032.965092674, 28886321.964134123, 28886611.963172257, 28886899.962217025, 28887190.961251844, 28887479.960293297, 28887768.959334746, 28888058.958372883, 28888349.957407705, 28888637.956452474]	0.0	0.0	0.0
2502.6872572014063	2.0	trials	5.0	1.0	1.0	0.0	10000.0	0.0	True	40.0	0.0	0.005	[28888928.95548729, 28974399.671999298, 28974687.671044067, 28974978.67007889, 28975268.669117022, 28975556.66816179, 28975846.66719992, 28976136.666238062, 28976425.66527951, 28976716.664314333, 28977004.6633591, 28977295.662393916, 28977584.661435373, 28977873.660476826, 28978163.659514956, 28978454.65854978, 28978743.657591227, 28979032.656632684, 28979323.6556675, 28979612.654708955]	0.0	0.0	0.0
2508.6522934167015	2.0	trials	5.0	1.0	1.0	0.0	10000.0	0.0	True	40.0	0.0	0.005	[28979902.65374709, 29043438.443012536, 29043728.44205067, 29044019.44108549, 29044308.44012694, 29044596.43917171, 29044887.43820653, 29045177.43724466, 29045466.436286114, 29045756.43532425, 29046046.434362385, 29046335.433403835, 29046625.432441972, 29046915.431480106, 29047205.430518247, 29047494.429559696, 29047784.42859783, 29048072.427642602, 29048363.426677417, 29048654.42571224]	0.0	0.0	0.0
2514.5298931220045	2.0	trials	5.0	1.0	1.0	0.0	10000.0	0.0	True	40.0	0.0	0.005	[29048941.424760323, 29111466.21737903, 29111755.21642048, 29112046.2154553, 29112336.21449344, 29112625.213534888, 29112914.21257634, 29113203.21161779, 29113493.210655928, 29113783.20969406, 29114072.20873551, 29114363.207770333, 29114653.206808466, 29114941.205853235, 29115232.204888057, 29115521.203929506, 29115810.202970956, 29116101.202005778, 29116390.201047227, 29116679.200088684]	0.0	0.0	0.0
2522.025241061594	2.0	trials	5.0	1.0	1.0	0.0	10000.0	0.0	True	40.0	0.0	0.005	[29116970.1991235, 29198218.929638926, 29198506.928683694, 29198796.92772183, 29199086.926759966, 29199377.925794784, 29199666.92483624, 29199955.92387769, 29200245.922915824, 29200534.921957273, 29200823.920998733, 29201113.920036867, 29201403.919075005, 29201694.918109816, 29201983.917151272, 29202273.916189406, 29202562.915230863, 29202851.914272312, 29203141.91331045, 29203431.912348583]	0.0	0.0	0.0
2530.1036142674184	2.0	trials	5.0	1.0	1.0	0.0	10000.0	0.0	True	40.0	0.0	0.005	[29203720.911390036, 29291716.619527187, 29292006.618565325, 29292296.61760346, 29292585.616644908, 29292875.615683045, 29293165.61472118, 29293456.613756, 29293746.61279414, 29294034.611838903, 29294324.61087704, 29294613.60991849, 29294903.608956628, 29295192.60799808, 29295483.607032895, 29295772.60607435, 29296061.6051158, 29296061.6051158, 29296351.604153935, 29296640.603195388]	0.0	0.0	0.0
2536.437577259065	2.0	trials	5.0	1.0	1.0	0.0	10000.0	0.0	True	40.0	0.0	0.005	[29296930.602233525, 29297221.601268347, 29365027.376371164, 29365317.375409298, 29365606.37445075, 29365895.373492204, 29366186.372527022, 29366475.371568475, 29366765.37060661, 29367054.369648058, 29367344.368686195, 29367633.36772765, 29367924.366762467, 29368213.36580392, 29368502.364845373, 29368792.363883514, 29369082.36292164, 29369372.361959778, 29369662.36099791, 29369951.36003937]	0.0	0.0	0.0
2541.850000907254	2.0	trials	5.0	1.0	1.0	0.0	10000.0	0.0	True	40.0	0.0	0.005	[29370240.359080818, 29370529.358122274, 29427672.168591853, 29427961.167633303, 29428250.16667476, 29428541.165709574, 29428830.164751027, 29429120.16378916, 29429410.162827298, 29429699.161868755, 29429989.16090689, 29430277.159951653, 29430567.158989795, 29430858.158024613, 29431148.157062747, 29431437.1561042, 29431726.15514565, 29432017.15418047, 29432306.15322192, 29432596.152260058]	0.0	0.0	0.0
2547.9783325809344	2.0	trials	5.0	1.0	1.0	0.0	10000.0	0.0	True	40.0	0.0	0.005	[29432886.15129819, 29433175.150339644, 29498601.933333065, 29498890.932374522, 29499180.931412652, 29499469.930454105, 29499759.929492243, 29500050.928527057, 29500339.927568514, 29500629.926606648, 29500918.925648097, 29501207.924689554, 29501498.92372437, 29501787.922765825, 29502076.92180728, 29502367.920842096, 29502656.91988355, 29502947.918918364, 29503235.917963136, 29503525.917001277]	0.0	0.0	0.0
2554.5755554994057	2.0	trials	5.0	1.0	1.0	0.0	10000.0	0.0	True	40.0	0.0	0.005	[29503814.916042726, 29504104.91508086, 29574958.68007415, 29575247.679115605, 29575536.678157054, 29575827.677191876, 29576116.676233325, 29576406.67527146, 29576696.674309596, 29576984.673354365, 29577273.67239582, 29577564.671430636, 29577854.67046877, 29578144.669506907, 29578433.66854836, 29578724.66758318, 29579012.666627955, 29579302.665666085, 29579592.66470422, 29579882.66374236]	0.0	0.0	0.0
2561.457724672774	2.0	trials	5.0	1.0	1.0	0.0	10000.0	0.0	True	40.0	0.0	0.005	[29580172.662780486, 29580460.66182526, 29654612.415879827, 29654902.41491797, 29655192.413956102, 29655481.41299755, 29655770.412039008, 29656060.41107714, 29656350.41011527, 29656641.409150094, 29656930.408191543, 29657220.407229684, 29657509.406271134, 29657798.405312583, 29658087.40435404, 29658377.403392173, 29658667.402430307, 29658957.401468445, 29659246.4005099, 29659535.39955135]	0.0	0.0	0.0
2568.7234221740637	2.0	trials	5.0	1.0	1.0	0.0	10000.0	0.0	True	40.0	0.0	0.005	[29659825.39858949, 29660116.3976243, 29738706.13695903, 29738997.135993853, 29739285.13503862, 29739575.134076755, 29739864.133118205, 29740154.132156342, 29740444.131194476, 29740734.130232614, 29741023.129274067, 29741314.128308885, 29741603.127350338, 29741892.126391787, 29742182.12542992, 29742471.12447138, 29742762.123506192, 29743052.12254433, 29743341.121585783, 29743630.120627236]	0.0	0.0	0.0
2576.0975513157096	2.0	trials	5.0	1.0	1.0	0.0	10000.0	0.0	True	40.0	0.0	0.005	[29743920.119665377, 29744210.11870351, 29824055.853872366, 29824344.852913823, 29824633.851955272, 29824923.850993406, 29825213.850031544, 29825503.849069677, 29825794.84810449, 29826082.847149268, 29826372.846187398, 29826661.845228855, 29826951.84426699, 29827241.843305126, 29827531.84234326, 29827819.841388028, 29828110.84042285, 29828399.8394643, 29828690.83849912, 29828979.83754057]	0.0	0.0	0.0
2581.8453786514388	2.0	trials	5.0	1.0	1.0	0.0	10000.0	0.0	True	40.0	0.0	0.005	[29829267.83658534, 29829557.835623473, 29890580.63322397, 29890870.632262103, 29891160.63130024, 29891450.630338375, 29891740.629376512, 29892028.628421288, 29892318.627459418, 29892608.62649755, 29892897.62553901, 29893187.624577142, 29893477.62361528, 29893766.62265673, 29894056.621694863, 29894346.620733004, 29894635.619774453, 29894925.61881259, 29895215.617850725, 29895505.61688886]	0.0	0.0	0.0
2588.076353184675	2.0	trials	5.0	1.0	1.0	0.0	10000.0	0.0	True	40.0	0.0	0.005	[29895794.615930315, 29896083.614971764, 29962698.39402486, 29962988.393062994, 29963277.392104443, 29963567.39114258, 29963858.3901774, 29964147.389218856, 29964436.38826031, 29964725.38730176, 29965015.386339895, 29965305.385378033, 29965594.384419482, 29965884.38345762, 29966174.382495753, 29966464.381533887, 29966754.380572025, 29967042.379616793, 29967335.378644977, 29967623.37768975]	0.0	0.0	0.0
2595.4249944108587	2.0	trials	5.0	1.0	1.0	0.0	10000.0	0.0	True	40.0	0.0	0.005	[29967911.376734518, 29968202.375769336, 30047752.11191996, 30048042.110958092, 30048332.109996233, 30048621.109037682, 30048911.10807582, 30049200.107117273, 30049491.10615209, 30049780.105193544, 30050070.104231674, 30050359.103273127, 30050649.102311265, 30050938.101352714, 30051229.100387536, 30051518.09942899, 30051807.09847044, 30052098.09750526, 30052386.09655003, 30052677.095584843]	0.0	0.0	0.0
2601.496215873961	2.0	trials	5.0	1.0	1.0	0.0	10000.0	0.0	True	40.0	0.0	0.005	[30052967.09462298, 30053257.093661115, 30118021.878850244, 30118310.8778917, 30118601.876926515, 30118890.875967972, 30119180.875006106, 30119468.874050874, 30119759.873085696, 30120048.872127146, 30120338.87116528, 30120627.870206736, 30120918.86924155, 30121207.868283, 30121496.867324457, 30121786.86636259, 30122076.865400728, 30122365.86444218, 30122654.86348363, 30122946.862515133]	0.0	0.0	0.0
2607.7982109716377	2.0	trials	5.0	1.0	1.0	0.0	10000.0	0.0	True	40.0	0.0	0.005	[30123235.861556582, 30123524.860598035, 30190960.636928063, 30191250.635966197, 30191538.635010965, 30191830.634042468, 30192119.63308392, 30192409.63212206, 30192698.631163508, 30192987.63020496, 30193278.62923978, 30193567.628281232, 30193856.62732268, 30194146.62636082, 30194436.625398953, 30194726.62443709, 30195015.623478547, 30195304.62252, 30195595.621554814, 30195884.62059627]	0.0	0.0	0.0
2614.8635475374804	2.0	trials	5.0	1.0	1.0	0.0	10000.0	0.0	True	40.0	0.0	0.005	[30196173.61963772, 30196464.618672542, 30272735.365698863, 30273026.364733685, 30273315.363775134, 30273604.362816583, 30273894.361854725, 30274184.36089286, 30274474.35993099, 30274763.358972445, 30275052.358013898, 30275343.357048716, 30275631.356093485, 30275921.355131622, 30276210.354173075, 30276500.353211213, 30276790.352249347, 30277079.351290796, 30277369.350328933, 30277660.34936375]	0.0	0.0	0.0
2620.2874623475554	2.0	trials	5.0	1.0	1.0	0.0	10000.0	0.0	True	40.0	0.0	0.005	[30277949.34840521, 30278238.347446658, 30335513.15747842, 30335802.156519875, 30336092.155558016, 30336381.154599465, 30336671.1536376, 30336960.15267905, 30337251.15171387, 30337540.15075532, 30337829.149796773, 30338119.14883491, 30338408.14787636, 30338700.146907862, 30338988.14595263, 30339277.144994084, 30339568.144028902, 30339857.143070355, 30340147.142108493, 30340437.141146626]	0.0	0.0	0.0
2625.5693360287496	2.0	trials	5.0	1.0	1.0	0.0	10000.0	0.0	True	40.0	0.0	0.005	[30340727.140184764, 30341016.139226213, 30396644.95471739, 30396935.953752205, 30397224.95279366, 30397513.95183511, 30397804.950869933, 30398093.949911382, 30398383.948949523, 30398673.947987657, 30398961.94703242, 30399252.946067244, 30399541.945108693, 30399832.944143515, 30400120.943188284, 30400410.942226417, 30400699.941267867, 30400989.940306008, 30401279.939344138, 30401569.93838228]	0.0	0.0	0.0
2631.9398460991774	2.0	trials	5.0	1.0	1.0	0.0	10000.0	0.0	True	40.0	0.0	0.005	[30401859.937420413, 30402147.936465178, 30470379.710155055, 30470668.709196504, 30470958.708234645, 30471246.70727941, 30471536.706317544, 30471825.705358997, 30472116.704393815, 30472406.703431956, 30472696.70247009, 30472985.70151154, 30473274.70055299, 30473564.699591126, 30473853.69863258, 30474143.697670717, 30474432.696712174, 30474723.695746984, 30475012.694788445, 30475302.69382657]	0.0	0.0	0.0
2637.8374905379965	2.0	trials	5.0	1.0	1.0	0.0	10000.0	0.0	True	40.0	0.0	0.005	[30475593.692861393, 30475881.691906165, 30538637.48375869, 30538927.48279683, 30539218.481831644, 30539507.4808731, 30539795.47991787, 30540085.478956003, 30540374.477997452, 30540665.477032274, 30540954.476073723, 30541244.47511186, 30541534.474149995, 30541823.473191448, 30542114.472226266, 30542402.471271034, 30542692.47030917, 30542982.469347306, 30543272.46838544, 30543561.467426896]	0.0	0.0	0.0
2644.5516122687404	2.0	trials	5.0	1.0	1.0	0.0	10000.0	0.0	True	40.0	0.0	0.005	[30543850.466468345, 30544140.46550648, 30616347.226012178, 30616638.225047, 30616927.22408845, 30617216.223129902, 30617506.222168036, 30617796.221206173, 30618086.220244307, 30618375.21928576, 30618665.218323894, 30618955.217362028, 30619243.216406796, 30619533.215444934, 30619823.214483067, 30620113.213521205, 30620402.21256266, 30620692.21160079, 30620982.21063893, 30621272.209677063]	0.0	0.0	0.0
2651.0195812159195	2.0	trials	5.0	1.0	1.0	0.0	10000.0	0.0	True	40.0	0.0	0.005	[30621561.208718523, 30621851.207756657, 30691208.977711838, 30691497.97675329, 30691786.975794744, 30692077.974829562, 30692366.97387102, 30692656.97290915, 30692945.9719506, 30693234.97099205, 30693525.970026873, 30693813.96907164, 30694103.96810978, 30694392.96715123, 30694683.966186047, 30694972.9652275, 30695263.964262318, 30695553.963300455, 30695842.962341905, 30696132.96138004]	0.0	0.0	0.0
2657.230943014207	2.0	trials	5.0	1.0	1.0	0.0	10000.0	0.0	True	40.0	0.0	0.005	[30696420.96042481, 30696711.95945963, 30763098.73926895, 30763388.738307085, 30763678.737345222, 30763969.73638004, 30764258.735421497, 30764547.734462947, 30764836.733504396, 30765126.73254253, 30765416.731580667, 30765705.73062212, 30765996.72965694, 30766286.728695072, 30766575.72773653, 30766863.726781297, 30767155.725812797, 30767444.724854253, 30767732.723899025, 30768023.722933836]	0.0	0.0	0.0
2663.3440683383237	2.0	trials	5.0	1.0	1.0	0.0	10000.0	0.0	True	40.0	0.0	0.005	[30768312.72197529, 30768603.721010108, 30833853.504590604, 30834143.50362874, 30834431.50267351, 30834721.501711644, 30835012.50074646, 30835300.49979123, 30835590.498829365, 30835879.49787082, 30836170.496905636, 30836460.495943777, 30836748.494988546, 30837039.49402336, 30837327.49306813, 30837618.49210295, 30837907.4911444, 30838197.490182538, 30838486.48922399, 30838777.48825881]	0.0	0.0	0.0
2670.844427461292	2.0	trials	5.0	1.0	1.0	0.0	10000.0	0.0	True	40.0	0.0	0.005	[30839066.48730026, 30839356.486338392, 30920662.216664765, 30920953.215699587, 30921242.214741036, 30921531.213782486, 30921821.21282062, 30922111.211858757, 30922401.21089689, 30922690.209938347, 30922980.20897648, 30923270.20801462, 30923558.207059383, 30923849.2060942, 30924138.205135655, 30924428.204173792, 30924718.203211926, 30925008.202250063, 30925296.201294836, 30925587.200329646]	0.0	0.0	0.0
2678.231516559953	2.0	trials	5.0	1.0	1.0	0.0	10000.0	0.0	True	40.0	0.0	0.005	[30925876.199371103, 30926166.198409237, 31006161.93308058, 31006450.932122037, 31006739.931163486, 31007030.930198308, 31007320.92923644, 31007609.92827789, 31007898.927319348, 31008188.92635748, 31008477.92539893, 31008768.924433753, 31009056.92347852, 31009347.922513343, 31009637.921551473, 31009925.920596242, 31010216.919631064, 31010506.918669198, 31010794.917713966, 31011084.916752104]	0.0	0.0	0.0
2685.939666993724	2.0	trials	5.0	1.0	1.0	0.0	10000.0	0.0	True	40.0	0.0	0.005	[31011374.915790237, 31011664.91482837, 31095376.637174584, 31095664.636219352, 31095954.635257486, 31096245.634292305, 31096534.633333758, 31096823.63237521, 31097113.631413344, 31097402.6304548, 31097692.629492935, 31097982.628531072, 31098272.627569206, 31098561.626610663, 31098850.625652112, 31099140.624690246, 31099430.623728383, 31099720.622766517, 31100010.621804655, 31100299.620846108]	0.0	0.0	0.0
2691.3996104843	2.0	trials	5.0	1.0	1.0	0.0	10000.0	0.0	True	40.0	0.0	0.005	[31100589.61988424, 31100878.61892569, 31158570.427574366, 31158860.4266125, 31159148.42565727, 31159438.424695402, 31159728.42373354, 31160018.422771674, 31160307.42181313, 31160598.420847945, 31160886.419892713, 31161177.418927535, 31161466.417968985, 31161755.417010434, 31162045.416048575, 31162334.415090024, 31162624.41412816, 31162915.41316298, 31163204.41220443, 31163494.411242567]	0.0	0.0	0.0
2697.963483113387	2.0	trials	5.0	1.0	1.0	0.0	10000.0	0.0	True	40.0	0.0	0.005	[31163783.41028402, 31164074.40931884, 31234540.175599035, 31234830.174637172, 31235120.173675306, 31235409.17271676, 31235700.171751577, 31235988.170796346, 31236279.169831168, 31236568.168872617, 31236859.16790744, 31237148.166948892, 31237438.165987022, 31237726.1650318, 31238017.164066613, 31238307.163104746, 31238596.162146203, 31238886.161184333, 31239175.16022579, 31239465.15926393]	0.0	0.0	0.0
2704.257788636569	2.0	trials	5.0	1.0	1.0	0.0	10000.0	0.0	True	40.0	0.0	0.005	[31239755.15830206, 31240044.157343514, 31307391.933965415, 31307679.933010183, 31307970.932045005, 31308260.93108314, 31308550.930121277, 31308839.929162726, 31309127.928207494, 31309418.927242313, 31309707.926283766, 31309997.9253219, 31310288.92435672, 31310577.92339817, 31310867.922436304, 31311155.921481073, 31311445.92051921, 31311736.919554032, 31312025.91859548, 31312315.917633615]	0.0	0.0	0.0
2709.7720775468933	2.0	trials	5.0	1.0	1.0	0.0	10000.0	0.0	True	40.0	0.0	0.005	[31312604.91667507, 31312894.915713206, 31371213.72228226, 31371504.721317083, 31371794.720355216, 31372084.719393346, 31372372.718438122, 31372663.71747294, 31372951.716517705, 31373241.715555843, 31373531.714593977, 31373821.713632114, 31374110.712673567, 31374400.711711697, 31374691.71074652, 31374979.709791288, 31375268.708832737, 31375558.70787088, 31375847.706912328, 31376137.70595046]	0.0	0.0	0.0
2716.6056036815994	2.0	trials	5.0	1.0	1.0	0.0	10000.0	0.0	True	40.0	0.0	0.005	[31376427.7049886, 31376716.70403005, 31450306.45994865, 31450596.45898679, 31450885.458028242, 31451174.45706969, 31451464.456107825, 31451753.455149278, 31452043.45418741, 31452334.453222234, 31452622.452267002, 31452911.45130845, 31453202.450343274, 31453491.449384723, 31453782.448419545, 31454071.447460998, 31454361.446499128, 31454650.44554058, 31454940.44457872, 31455229.443620168]	0.0	0.0	0.0
2722.1858155732716	2.0	trials	5.0	1.0	1.0	0.0	10000.0	0.0	True	40.0	0.0	0.005	[31455520.44265499, 31455809.44169644, 31514891.2457348, 31515180.24477625, 31515470.243814383, 31515762.242845885, 31516049.24189397, 31516340.24092879, 31516630.239966925, 31516919.239008375, 31517208.238049828, 31517497.237091288, 31517787.236129414, 31518077.235167556, 31518367.23420569, 31518656.233247142, 31518947.23228196, 31519235.231326733, 31519526.230361555, 31519816.22939968]	0.0	0.0	0.0
2729.2235906305295	2.0	trials	5.0	1.0	1.0	0.0	10000.0	0.0	True	40.0	0.0	0.005	[31520105.228441138, 31520395.227479275, 31596346.975563645, 31596635.974605102, 31596925.973643236, 31597216.972678058, 31597505.971719507, 31597795.97075764, 31598085.96979578, 31598374.968837228, 31598663.967878684, 31598953.966916822, 31599243.965954952, 31599532.96499641, 31599823.964031223, 31600111.963075995, 31600402.962110817, 31600691.961152267, 31600981.9601904, 31601271.959228538]	0.0	0.0	0.0
2734.8636775236096	2.0	trials	5.0	1.0	1.0	0.0	10000.0	0.0	True	40.0	0.0	0.005	[31601561.95826667, 31601850.957308125, 31661625.759047955, 31661916.758082777, 31662206.75712091, 31662494.75616568, 31662783.75520713, 31663073.754245266, 31663363.7532834, 31663653.752321534, 31663942.75136299, 31664231.75040444, 31664521.749442574, 31664811.74848071, 31665101.747518845, 31665391.746556982, 31665680.74559844, 31665970.744636573, 31666260.743674707, 31666550.74271284]	0.0	0.0	0.0
2742.87975653605	2.0	trials	5.0	1.0	1.0	0.0	10000.0	0.0	True	40.0	0.0	0.005	[31666839.741754293, 31667128.74079575, 31754405.451317657, 31754693.450362425, 31754984.449397247, 31755272.448442012, 31755563.447476834, 31755853.446514968, 31756141.445559736, 31756431.444597874, 31756721.443636008, 31757011.442674145, 31757301.44171228, 31757590.44075373, 31757880.43979187, 31758169.43883332, 31758459.437871452, 31758748.43691291, 31759038.435951043, 31759329.43498586]	0.0	0.0	0.0
2748.7779193731494	2.0	trials	5.0	1.0	1.0	0.0	10000.0	0.0	True	40.0	0.0	0.005	[31759617.434030637, 31759907.433068767, 31822671.22489476, 31822961.223932892, 31823249.222977664, 31823540.22201248, 31823829.22105393, 31824119.22009207, 31824408.219133526, 31824697.218174975, 31824987.217213113, 31825278.21624793, 31825567.215289388, 31825856.214330837, 31826146.21336897, 31826435.21241042, 31826726.211445242, 31827015.21048669, 31827304.209528144, 31827595.208562963]	0.0	0.0	0.0
2755.1856677200667	2.0	trials	5.0	1.0	1.0	0.0	10000.0	0.0	True	40.0	0.0	0.005	[31827885.207601104, 31828174.206642553, 31896834.978909526, 31897123.97795098, 31897412.976992436, 31897702.97603057, 31897991.97507202, 31898281.97411016, 31898571.973148294, 31898861.97218643, 31899150.97122788, 31899440.970266014, 31899730.96930415, 31900018.96834892, 31900308.967387054, 31900597.966428503, 31900889.96546001, 31901179.964498147, 31901467.963542916, 31901758.962577734]	0.0	0.0	0.0
2762.925699648094	2.0	trials	5.0	1.0	1.0	0.0	10000.0	0.0	True	40.0	0.0	0.005	[31902046.9616225, 31902336.960660636, 31986417.68178296, 31986707.680821087, 31986997.67985923, 31987286.67890068, 31987575.677942134, 31987865.676980272, 31988154.67602172, 31988444.675059855, 31988734.674097992, 31989024.673136126, 31989313.67217758, 31989604.671212398, 31989894.67025054, 31990183.669291988, 31990471.668336757, 31990763.66736826, 31991051.666413028, 31991341.66545116]	0.0	0.0	0.0
2768.152191112978	2.0	trials	5.0	1.0	1.0	0.0	10000.0	0.0	True	40.0	0.0	0.005	[31991630.66449261, 31991922.663524114, 32046909.481144663, 32047199.480182797, 32047489.479220934, 32047778.478262383, 32048067.477303836, 32048358.476338655, 32048646.475383423, 32048936.474421557, 32049227.47345638, 32049516.47249783, 32049804.4715426, 32050095.470577423, 32050386.469612233, 32050675.46865369, 32050965.467691824, 32051253.466736596, 32051543.46577473, 32051833.464812867]	0.0	0.0	0.0
2774.9438133866706	2.0	trials	5.0	1.0	1.0	0.0	10000.0	0.0	True	40.0	0.0	0.005	[32052123.463851, 32052412.462892458, 32125516.220423, 32125805.219464455, 32126096.218499277, 32126386.217537407, 32126676.216575548, 32126964.215620313, 32127255.214655135, 32127544.213696588, 32127834.212734718, 32128123.21177617, 32128412.210817628, 32128702.209855758, 32128992.2088939, 32129281.20793535, 32129571.206973482, 32129860.20601493, 32130150.205053072, 32130441.20408789]	0.0	0.0	0.0
2780.8481106034233	2.0	trials	5.0	1.0	1.0	0.0	10000.0	0.0	True	40.0	0.0	0.005	[32130729.203132655, 32131019.202170793, 32193852.993764617, 32194142.99280275, 32194432.99184088, 32194721.990882337, 32195012.989917155, 32195300.98896192, 32195590.98800006, 32195880.987038195, 32196170.986076333, 32196460.985114466, 32196750.984152604, 32197038.983197372, 32197329.982232187, 32197619.981270324, 32197908.980311777, 32198197.979353234, 32198486.978394683, 32198777.977429498]	0.0	0.0	0.0
2786.541765318831	2.0	trials	5.0	1.0	1.0	0.0	10000.0	0.0	True	40.0	0.0	0.005	[32199065.97647427, 32199356.975509092, 32259752.775189202, 32260040.77423397, 32260330.77327211, 32260621.77230693, 32260910.77134838, 32261199.770389833, 32261489.769427963, 32261779.768466104, 32262069.767504234, 32262358.766545687, 32262649.76558051, 32262938.764621958, 32263228.763660096, 32263516.762704864, 32263806.761742998, 32264097.76077782, 32264385.759822592, 32264675.75886072]	0.0	0.0	0.0
2794.153148073559	2.0	trials	5.0	1.0	1.0	0.0	10000.0	0.0	True	40.0	0.0	0.005	[32264965.75789886, 32265254.756940313, 32347846.48300131, 32348137.482036132, 32348427.481074266, 32348716.480115715, 32349006.479153853, 32349295.478195306, 32349585.47723344, 32349874.476274893, 32350164.475313026, 32350454.47435116, 32350744.473389298, 32351032.472434066, 32351322.4714722, 32351612.470510338, 32351902.46954847, 32352191.468589924, 32352482.467624743, 32352771.466666196]	0.0	0.0	0.0
2816.8214088879554	2.0	trials	6.0	1.0	1.0	0.0	10000.0	0.0	True	40.0	0.0	0.005	[32353061.465704333, 32353350.464745782, 32610210.612795882, 32610500.61183402, 32610789.610875472, 32611079.60991361, 32611369.608951744, 32611658.607993193, 32611948.60703133, 32612238.606069464, 32612528.605107605, 32612818.604145736, 32613107.60318719, 32613396.602228638, 32613686.601266775, 32613976.60030491, 32614265.599346366, 32614555.5983845, 32614845.597422633, 32615135.59646077]	0.0	0.0	0.0
2823.6793861415626	2.0	trials	6.0	1.0	1.0	0.0	10000.0	0.0	True	40.0	0.0	0.005	[32615424.59550222, 32615713.594543673, 32689586.349523626, 32689874.348568395, 32690164.34760653, 32690454.346644666, 32690744.3456828, 32691034.344720937, 32691323.34376239, 32691613.342800524, 32691902.341841973, 32692192.34088011, 32692481.339921564, 32692772.338956382, 32693061.337997835, 32693351.33703597, 32693640.336077422, 32693930.335115556, 32694219.33415701, 32694510.333191827]	0.0	0.0	0.0
2829.213719785403	2.0	trials	6.0	1.0	1.0	0.0	10000.0	0.0	True	40.0	0.0	0.005	[32694799.33223328, 32695089.331271417, 32753640.13707098, 32753931.136105802, 32754219.13515057, 32754509.1341887, 32754799.13322684, 32755089.13226497, 32755378.131306425, 32755668.130344562, 32755957.12938601, 32756247.128424153, 32756537.127462287, 32756827.126500417, 32757116.125541873, 32757406.124580007, 32757696.123618145, 32757985.122659598, 32758275.12169773, 32758565.12073587]	0.0	0.0	0.0
2837.0712553236967	2.0	trials	6.0	1.0	1.0	0.0	10000.0	0.0	True	40.0	0.0	0.005	[32758854.119777318, 32759143.118818767, 32844583.835430276, 32844874.834465098, 32845162.833509866, 32845452.832548, 32845742.831586137, 32846032.83062427, 32846322.82966241, 32846610.828707177, 32846900.82774531, 32847190.826783445, 32847479.825824905, 32847770.824859716, 32848060.823897853, 32848349.822939306, 32848638.82198076, 32848928.8210189, 32849218.820057034, 32849507.819098484]	0.0	0.0	0.0
2844.45186444385	2.0	trials	6.0	1.0	1.0	0.0	10000.0	0.0	True	40.0	0.0	0.005	[32849798.8181333, 32850086.81717807, 32930007.552098174, 32930298.551132992, 32930586.55017776, 32930877.54921258, 32931166.54825403, 32931456.54729217, 32931746.546330303, 32932034.54537507, 32932325.544409893, 32932614.543451343, 32932903.542492792, 32933193.541530926, 32933483.540569063, 32933772.539610516, 32934062.538648654, 32934352.537686788, 32934641.536728237, 32934931.535766374]	0.0	0.0	0.0
2852.047608850447	2.0	trials	6.0	1.0	1.0	0.0	10000.0	0.0	True	40.0	0.0	0.005	[32935221.534804508, 32935510.53384596, 33017922.260503985, 33018212.25954212, 33018500.258586884, 33018791.257621706, 33019081.25665984, 33019370.25570129, 33019659.254742745, 33019949.25378088, 33020238.25282233, 33020528.25186047, 33020818.2508986, 33021108.24993674, 33021397.24897819, 33021687.248016324, 33021976.247057773, 33022267.246092595, 33022556.245134044, 33022846.244172186]	0.0	0.0	0.0
2859.5350944161146	2.0	trials	6.0	1.0	1.0	0.0	10000.0	0.0	True	40.0	0.0	0.005	[33023136.24321032, 33023426.242248457, 33104582.97306902, 33104871.972110476, 33105160.97115193, 33105451.970186748, 33105740.9692282, 33106030.968266334, 33106319.967307784, 33106609.96634592, 33106899.965384055, 33107188.964425504, 33107478.963463645, 33107768.962501775, 33108057.961543232, 33108348.96057805, 33108636.959622823, 33108926.95866096, 33109215.95770241, 33109506.956737228]	0.0	0.0	0.0
2865.1813156888484	2.0	trials	6.0	1.0	1.0	0.0	10000.0	0.0	True	40.0	0.0	0.005	[33109794.955782, 33110085.954816815, 33169932.756317835, 33170221.755359292, 33170510.75440074, 33170800.753438883, 33171089.75248033, 33171379.751518466, 33171669.750556603, 33171959.749594737, 33172248.748636186, 33172537.747677643, 33172827.746715777, 33173117.745753914, 33173406.744795367, 33173695.743836816, 33173986.74287164, 33174276.741909772, 33174565.74095122, 33174855.73998936]	0.0	0.0	0.0
2871.05183061765	2.0	trials	6.0	1.0	1.0	0.0	10000.0	0.0	True	40.0	0.0	0.005	[33175145.739027493, 33175434.738068942, 33237878.530956306, 33238168.529994443, 33238457.529035892, 33238746.528077345, 33239037.527112164, 33239326.526153617, 33239616.525191754, 33239905.52423321, 33240195.523271345, 33240485.52230948, 33240775.52134761, 33241064.520389065, 33241354.519427203, 33241644.518465336, 33241932.517510105, 33242222.516548242, 33242513.51558306, 33242801.51462783]	0.0	0.0	0.0
2878.783395373761	2.0	trials	6.0	1.0	1.0	0.0	10000.0	0.0	True	40.0	0.0	0.005	[33243091.513665967, 33243381.5127041, 33327363.234154783, 33327654.233189598, 33327942.232234366, 33328233.23126919, 33328522.230310638, 33328812.229348775, 33329102.22838691, 33329391.227428358, 33329680.226469815, 33329970.225507952, 33330260.224546086, 33330549.223587543, 33330840.222622354, 33331129.22166381, 33331420.220698625, 33331708.219743397, 33331998.21878154, 33332287.217822988]	0.0	0.0	0.0
2884.2192333442895	2.0	trials	6.0	1.0	1.0	0.0	10000.0	0.0	True	40.0	0.0	0.005	[33332578.21685781, 33332866.21590257, 33390278.025479943, 33390568.024518076, 33390857.02355953, 33391148.022594348, 33391437.021635804, 33391727.020673934, 33392016.019715387, 33392306.018753525, 33392595.017794974, 33392884.016836427, 33393174.01587456, 33393464.0149127, 33393754.013950832, 33394043.012992285, 33394333.01203042, 33394624.01106524, 33394912.010110013, 33395203.009144824]	0.0	0.0	0.0
2891.5992376664485	2.0	trials	6.0	1.0	1.0	0.0	10000.0	0.0	True	40.0	0.0	0.005	[33395493.008182965, 33395782.007224414, 33475695.742167737, 33475984.74120919, 33476274.740247324, 33476564.73928546, 33476853.73832691, 33477142.737368364, 33477432.7364065, 33477723.735441316, 33478011.734486084, 33478301.733524222, 33478590.732565675, 33478880.731603805, 33479170.730641946, 33479460.72968008, 33479750.728718217, 33480039.727759667, 33480329.7267978, 33480618.725839257]	0.0	0.0	0.0
2898.601329642059	2.0	trials	6.0	1.0	1.0	0.0	10000.0	0.0	True	40.0	0.0	0.005	[33480908.72487739, 33481198.723915525, 33556737.47336973, 33557027.47240786, 33557317.471446, 33557606.47048745, 33557895.469528906, 33558185.46856704, 33558475.46760517, 33558765.46664331, 33559055.46568145, 33559343.46472622, 33559634.46376104, 33559924.46279917, 33560213.46184062, 33560503.46087876, 33560793.45991689, 33561082.45895835, 33561371.4579998, 33561661.45703793]	0.0	0.0	0.0
2906.4790827132956	2.0	trials	6.0	1.0	1.0	0.0	10000.0	0.0	True	40.0	0.0	0.005	[33561951.45607607, 33562240.45511752, 33647916.170949586, 33648205.16999104, 33648495.169029176, 33648785.168067314, 33649075.16710545, 33649363.16615021, 33649653.16518835, 33649944.16422317, 33650232.16326795, 33650522.16230607, 33650812.161344215, 33651102.160382345, 33651391.1594238, 33651681.158461936, 33651971.15750007, 33652260.15654153, 33652549.15558297, 33652839.15462111]	0.0	0.0	0.0
2913.8774037747025	2.0	trials	6.0	1.0	1.0	0.0	10000.0	0.0	True	40.0	0.0	0.005	[33653129.15365925, 33653419.152697384, 33733544.886937544, 33733833.88597899, 33734123.885017134, 33734412.88405859, 33734702.88309672, 33734992.882134855, 33735281.88117631, 33735571.880214445, 33735860.8792559, 33736150.87829403, 33736439.87733548, 33736729.87637362, 33737020.87540843, 33737308.8744532, 33737598.87349134, 33737888.87252948, 33738178.871567614, 33738468.870605744]	0.0	0.0	0.0
2921.983165689684	2.0	trials	6.0	1.0	1.0	0.0	10000.0	0.0	True	40.0	0.0	0.005	[33738756.86965051, 33739047.868685335, 33827360.57577107, 33827650.5748092, 33827940.57384734, 33828229.57288879, 33828519.57192692, 33828809.57096506, 33829098.57000651, 33829389.569041334, 33829678.56808279, 33829968.56712092, 33830257.56616237, 33830547.56520051, 33830835.56424528, 33831126.5632801, 33831416.562318236, 33831705.56135968, 33831995.560397826, 33832284.55943927]	0.0	0.0	0.0
2928.841747741286	2.0	trials	6.0	1.0	1.0	0.0	10000.0	0.0	True	40.0	0.0	0.005	[33832574.55847741, 33832863.55751886, 33906742.31247891, 33907031.31152036, 33907321.31055849, 33907611.309596635, 33907901.308634765, 33908190.30767622, 33908480.306714356, 33908769.30575581, 33909059.30479395, 33909349.30383208, 33909638.30287353, 33909929.30190835, 33910217.30095312, 33910508.29998794, 33910796.29903271, 33911087.298067525, 33911376.297108985, 33911666.296147116]	0.0	0.0	0.0
2935.699552195467	2.0	trials	6.0	1.0	1.0	0.0	10000.0	0.0	True	40.0	0.0	0.005	[33911956.295185246, 33912245.294226706, 33986116.04921328, 33986405.04825474, 33986696.04728956, 33986985.04633101, 33987275.04536915, 33987564.044410594, 33987854.04344873, 33988143.042490184, 33988433.04152832, 33988722.040569775, 33989013.03960459, 33989302.03864604, 33989591.037687495, 33989881.03672563, 33990171.03576377, 33990461.0348019, 33990751.03384004, 33991039.03288481]	0.0	0.0	0.0
2943.0915660777923	2.0	trials	6.0	1.0	1.0	0.0	10000.0	0.0	True	40.0	0.0	0.005	[33991330.03191962, 33991619.030961074, 34071670.765446685, 34071959.76448813, 34072249.76352627, 34072539.762564406, 34072830.76159922, 34073119.76064068, 34073409.75967881, 34073697.75872358, 34073987.75776172, 34074276.75680317, 34074567.75583799, 34074855.75488275, 34075146.753917575, 34075436.75295571, 34075725.751997165, 34076015.751035295, 34076304.75007675, 34076593.7491182]	0.0	0.0	0.0
2951.056150861027	2.0	trials	6.0	1.0	1.0	0.0	10000.0	0.0	True	40.0	0.0	0.005	[34076884.748153016, 34077173.74719448, 34163853.459696494, 34164142.45873795, 34164432.457776085, 34164723.4568109, 34165012.45585235, 34165302.45489049, 34165591.45393194, 34165880.452973396, 34166171.45200821, 34166460.45104966, 34166750.4500878, 34167040.44912594, 34167329.44816739, 34167618.447208844, 34167908.44624698, 34168197.445288435, 34168487.44432657, 34168777.4433647]	0.0	0.0	0.0
2958.103257087336	2.0	trials	6.0	1.0	1.0	0.0	10000.0	0.0	True	40.0	0.0	0.005	[34169067.44240284, 34169356.44144429, 34245417.18916714, 34245708.188201964, 34245997.18724341, 34246286.18628486, 34246576.18532299, 34246865.18436445, 34247156.18339927, 34247445.18244072, 34247734.18148217, 34248025.18051699, 34248313.17956176, 34248604.17859658, 34248893.17763803, 34249183.17667617, 34249473.1757143, 34249762.17475575, 34250052.17379389, 34250341.17283534]	0.0	0.0	0.0
2964.1812177280854	2.0	trials	6.0	1.0	1.0	0.0	10000.0	0.0	True	40.0	0.0	0.005	[34250631.17187348, 34250920.17091493, 34315763.95584203, 34316053.95488016, 34316342.95392162, 34316631.95296308, 34316922.95199789, 34317211.951039344, 34317502.95007416, 34317790.949118935, 34318081.94815375, 34318370.9471952, 34318660.94623334, 34318950.94527147, 34319238.944316246, 34319529.94335107, 34319818.94239251, 34320107.941433966, 34320397.9404721, 34320687.93951024]	0.0	0.0	0.0
2970.145303546533	2.0	trials	6.0	1.0	1.0	0.0	10000.0	0.0	True	40.0	0.0	0.005	[34320976.93855169, 34321266.937589824, 34384792.72688843, 34385083.725923255, 34385372.72496471, 34385661.72400616, 34385951.72304429, 34386241.72208243, 34386529.721127205, 34386820.72016201, 34387109.71920347, 34387399.7182416, 34387689.71727974, 34387978.7163212, 34388269.715356015, 34388557.71440078, 34388846.713442236, 34389137.71247705, 34389427.71151519, 34389716.71055664]	0.0	0.0	0.0
2975.3749918008148	2.0	trials	6.0	1.0	1.0	0.0	10000.0	0.0	True	40.0	0.0	0.005	[34390005.709598094, 34390296.708632916, 34445321.52612742, 34445610.52516887, 34445900.52420701, 34446190.52324515, 34446479.522286594, 34446769.52132473, 34447060.520359546, 34447348.519404314, 34447638.51844246, 34447927.517483905, 34448217.51652204, 34448507.51556018, 34448797.51459831, 34449087.51363645, 34449376.5126779, 34449666.51171603, 34449955.51075749, 34450246.509792306]	0.0	0.0	0.0
2982.571915130213	2.0	trials	6.0	1.0	1.0	0.0	10000.0	0.0	True	40.0	0.0	0.005	[34450535.50883376, 34450824.50787521, 34528620.249843456, 34528910.24888159, 34529199.24792305, 34529489.24696118, 34529778.24600264, 34530068.24504077, 34530357.24408222, 34530647.24312036, 34530937.24215849, 34531227.24119663, 34531516.24023808, 34531806.239276215, 34532095.23831766, 34532385.2373558, 34532675.236393936, 34532964.23543539, 34533254.23447353, 34533543.23351497]	0.0	0.0	0.0
2989.4173644253733	2.0	trials	6.0	1.0	1.0	0.0	10000.0	0.0	True	40.0	0.0	0.005	[34533833.23255312, 34534124.23158793, 34607848.987058766, 34608138.9860969, 34608427.98513835, 34608717.98417649, 34609007.983214624, 34609297.982252754, 34609586.981294215, 34609875.98033566, 34610165.9793738, 34610455.978411935, 34610744.97745339, 34611035.9764882, 34611324.975529656, 34611614.97456779, 34611903.97360925, 34612193.97264738, 34612482.97168884, 34612772.970726974]	0.0	0.0	0.0
2995.339287183666	2.0	trials	6.0	1.0	1.0	0.0	10000.0	0.0	True	40.0	0.0	0.005	[34613062.969765104, 34613351.96880656, 34676389.75972375, 34676680.758758575, 34676968.75780334, 34677259.756838165, 34677549.755876295, 34677837.754921064, 34678128.753955886, 34678418.752994016, 34678706.752038784, 34678996.75107692, 34679286.75011506, 34679575.749156505, 34679866.74819133, 34680155.74723278, 34680444.74627423, 34680734.74531238, 34681023.74435382, 34681313.74339196]	0.0	0.0	0.0
3001.693554107969	2.0	trials	6.0	1.0	1.0	0.0	10000.0	0.0	True	40.0	0.0	0.005	[34681602.742433414, 34681893.74146823, 34749934.51579161, 34750224.51482974, 34750513.51387119, 34750804.512906015, 34751092.51195078, 34751382.51098891, 34751671.51003037, 34751962.50906519, 34752251.50810664, 34752541.50714477, 34752831.50618291, 34753121.50522105, 34753409.504265815, 34753699.503303945, 34753989.50234208, 34754278.50138354, 34754569.50041836, 34754858.49945981]	0.0	0.0	0.0
3006.9499398737007	2.0	trials	6.0	1.0	1.0	0.0	10000.0	0.0	True	40.0	0.0	0.005	[34755148.49849794, 34755437.4975394, 34810773.31400239, 34811062.31304384, 34811352.31208198, 34811642.311120115, 34811932.310158245, 34812220.309203014, 34812511.308237836, 34812800.30727929, 34813090.306317426, 34813379.30535887, 34813669.30439701, 34813958.30343846, 34814248.3024766, 34814538.30151473, 34814828.30055287, 34815117.29959432, 34815407.29863246, 34815697.29767059]	0.0	0.0	0.0
3013.7833796086934	2.0	trials	6.0	1.0	1.0	0.0	10000.0	0.0	True	40.0	0.0	0.005	[34815986.29671204, 34816276.29575018, 34889863.05167873, 34890153.05071686, 34890443.049755, 34890733.04879314, 34891022.04783459, 34891313.046869405, 34891601.04591417, 34891890.044955626, 34892181.04399045, 34892470.04303189, 34892759.04207335, 34893050.04110817, 34893339.040149614, 34893629.03918776, 34893919.03822589, 34894207.037270665, 34894498.03630548, 34894788.03534361]	0.0	0.0	0.0
3019.910415286672	2.0	trials	6.0	1.0	1.0	0.0	10000.0	0.0	True	40.0	0.0	0.005	[34895077.03438507, 34895367.0334232, 34960778.816466376, 34961068.81550451, 34961357.81454597, 34961646.81358742, 34961937.812622234, 34962226.811663695, 34962515.81070515, 34962805.80974328, 34963095.808781415, 34963385.80781955, 34963675.80685769, 34963964.805899136, 34964253.80494059, 34964543.80397872, 34964833.803016864, 34965123.802054994, 34965411.80109976, 34965702.800134584]	0.0	0.0	0.0
3025.243437598218	2.0	trials	6.0	1.0	1.0	0.0	10000.0	0.0	True	40.0	0.0	0.005	[34965991.79917604, 34966281.798214175, 35022502.61174182, 35022791.61078327, 35023081.6098214, 35023372.60885622, 35023660.60790099, 35023951.60693581, 35024241.605973944, 35024530.6050154, 35024819.60405686, 35025109.60309499, 35025398.60213644, 35025689.60117126, 35025978.60021271, 35026268.599250846, 35026557.5982923, 35026847.597330436, 35027136.59637188, 35027427.5954067]	0.0	0.0	0.0
3032.689883300006	2.0	trials	6.0	1.0	1.0	0.0	10000.0	0.0	True	40.0	0.0	0.005	[35027715.59445147, 35028006.593486294, 35108688.32588233, 35108978.32492047, 35109267.32396192, 35109557.32300005, 35109846.322041504, 35110137.321076326, 35110426.32011777, 35110716.31915591, 35111005.31819736, 35111295.31723549, 35111584.31627695, 35111875.31531177, 35112164.31435322, 35112454.31339136, 35112743.31243281, 35113032.311474256, 35113322.31051239, 35113613.309547216]	0.0	0.0	0.0
3040.537310071828	2.0	trials	6.0	1.0	1.0	0.0	10000.0	0.0	True	40.0	0.0	0.005	[35113902.30858867, 35114191.30763012, 35199516.02462637, 35199805.02366783, 35200095.02270596, 35200384.02174741, 35200674.02078555, 35200964.019823685, 35201253.01886513, 35201544.01789995, 35201833.016941406, 35202122.01598286, 35202412.015021, 35202702.01405913, 35202991.01310059, 35203280.01214204, 35203571.01117686, 35203860.01021831, 35204149.00925976, 35204439.00829789]	0.0	0.0	0.0
3046.9698551364995	2.0	trials	6.0	1.0	1.0	0.0	10000.0	0.0	True	40.0	0.0	0.005	[35204730.00733271, 35205020.00637085, 35273965.77769254, 35274256.77672736, 35274544.77577213, 35274834.77481027, 35275124.77384841, 35275413.77288985, 35275702.771931306, 35275993.77096613, 35276281.770010896, 35276572.76904571, 35276862.76808385, 35277151.7671253, 35277441.76616344, 35277731.765201576, 35278020.76424302, 35278309.763284475, 35278599.76232261, 35278889.76136074]	0.0	0.0	0.0
3052.62782677026	2.0	trials	6.0	1.0	1.0	0.0	10000.0	0.0	True	40.0	0.0	0.005	[35279178.76040221, 35279468.75944033, 35339451.56049028, 35339741.55952841, 35340031.558566555, 35340319.55761132, 35340609.556649454, 35340899.555687584, 35341189.55472572, 35341479.55376386, 35341769.552802, 35342058.55184345, 35342348.55088159, 35342637.54992303, 35342927.54896117, 35343216.54800262, 35343506.54704076, 35343797.54607558, 35344086.54511703, 35344376.544155166]	0.0	0.0	0.0
3058.009924119034	2.0	trials	6.0	1.0	1.0	0.0	10000.0	0.0	True	40.0	0.0	0.005	[35344666.5431933, 35344953.54224139, 35401744.35387847, 35402033.35291993, 35402324.35195474, 35402613.350996196, 35402904.35003101, 35403193.349072464, 35403482.34811392, 35403772.347152054, 35404062.34619019, 35404352.34522832, 35404640.34427309, 35404930.34331123, 35405220.342349365, 35405509.34139082, 35405799.34042895, 35406090.33946377, 35406378.33850854, 35406669.33754336]	0.0	0.0	0.0
3064.8196903325465	2.0	trials	6.0	1.0	1.0	0.0	10000.0	0.0	True	40.0	0.0	0.005	[35406958.33658481, 35407248.335622944, 35480561.09246029, 35480850.09150174, 35481141.090536565, 35481430.08957801, 35481719.08861946, 35482009.0876576, 35482299.08669574, 35482589.08573387, 35482879.084772006, 35483168.083813466, 35483458.082851596, 35483747.08189305, 35484037.08093119, 35484326.07997263, 35484615.07901409, 35484906.07804891, 35485196.077087045, 35485486.07612518]	0.0	0.0	0.0
3069.991663578257	2.0	trials	6.0	1.0	1.0	0.0	10000.0	0.0	True	40.0	0.0	0.005	[35485775.07516663, 35486064.07420809, 35540422.89391157, 35540711.892953016, 35541001.89199115, 35541290.8910326, 35541581.89006742, 35541870.889108874, 35542159.88815033, 35542449.887188464, 35542739.886226594, 35543029.88526473, 35543319.88430287, 35543608.883344315, 35543897.882385775, 35544187.881423905, 35544477.88046204, 35544767.87950018, 35545056.878541626, 35545346.87757976]	0.0	0.0	0.0
3076.765660310409	2.0	trials	6.0	1.0	1.0	0.0	10000.0	0.0	True	40.0	0.0	0.005	[35545635.87662122, 35545926.87565604, 35618825.633866526, 35619114.63290798, 35619404.63194611, 35619693.63098756, 35619984.630022384, 35620273.62906384, 35620563.628101975, 35620852.62714343, 35621141.62618487, 35621432.625219695, 35621721.62426115, 35622010.6233026, 35622301.62233742, 35622590.62137887, 35622879.62042032, 35623170.619455144, 35623458.61849991, 35623748.61753805]	0.0	0.0	0.0
3083.071802594331	2.0	trials	6.0	1.0	1.0	0.0	10000.0	0.0	True	40.0	0.0	0.005	[35624038.61657618, 35624327.61561763, 35691812.39178513, 35692101.39082659, 35692391.38986473, 35692681.38890286, 35692971.387940995, 35693261.38697913, 35693550.386020586, 35693839.38506204, 35694130.38409685, 35694419.38313831, 35694708.38217976, 35694999.38121458, 35695288.380256034, 35695578.379294164, 35695867.37833562, 35696156.37737707, 35696447.376411885, 35696737.37545003]	0.0	0.0	0.0
3088.687870367077	2.0	trials	6.0	1.0	1.0	0.0	10000.0	0.0	True	40.0	0.0	0.005	[35697025.37449479, 35697315.37353293, 35756814.176188186, 35757103.17522964, 35757393.17426778, 35757683.173305914, 35757971.17235068, 35758262.1713855, 35758551.17042695, 35758840.16946841, 35759130.16850655, 35759420.16754468, 35759709.16658613, 35759999.16562427, 35760289.1646624, 35760579.163700536, 35760868.16274199, 35761158.16178013, 35761447.16082157, 35761737.15985971]	0.0	0.0	0.0
3095.671991202294	2.0	trials	6.0	1.0	1.0	0.0	10000.0	0.0	True	40.0	0.0	0.005	[35762027.15889785, 35762317.157935984, 35837648.908076756, 35837937.90711821, 35838227.906156346, 35838516.9051978, 35838806.90423594, 35839094.9032807, 35839385.90231552, 35839674.90135697, 35839965.900391795, 35840255.89942993, 35840544.898471385, 35840833.89751283, 35841123.89655097, 35841413.895589106, 35841703.894627236, 35841991.893672004, 35842282.89270683, 35842572.891744964]	0.0	0.0	0.0
3101.383530658382	2.0	trials	6.0	1.0	1.0	0.0	10000.0	0.0	True	40.0	0.0	0.005	[35842861.89078642, 35843150.88982787, 35903754.6888181, 35904043.68785954, 35904333.68689769, 35904623.68593582, 35904913.684973955, 35905203.684012085, 35905492.68305354, 35905782.682091676, 35906071.68113313, 35906361.68017126, 35906650.67921271, 35906939.678254165, 35907229.6772923, 35907518.676333755, 35907809.67536857, 35908098.67441002, 35908387.673451476, 35908677.67248961]	0.0	0.0	0.0
3108.475823934815	2.0	trials	6.0	1.0	1.0	0.0	10000.0	0.0	True	40.0	0.0	0.005	[35908967.67152774, 35909256.670569204, 35985840.41655738, 35986130.41559551, 35986421.41463033, 35986709.4136751, 35986999.41271324, 35987289.411751375, 35987578.41079282, 35987869.40982764, 35988157.40887241, 35988447.40791055, 35988737.40694868, 35989027.405986816, 35989316.40502827, 35989606.404066406, 35989896.403104536, 35990185.40214599, 35990475.40118413, 35990765.400222264]	0.0	0.0	0.0
3113.8397773437687	2.0	trials	6.0	1.0	1.0	0.0	10000.0	0.0	True	40.0	0.0	0.005	[35991054.39926372, 35991344.398301855, 36047924.21063878, 36048214.209676914, 36048502.20872168, 36048793.2077565, 36049082.20679795, 36049373.20583277, 36049661.20487753, 36049951.20391567, 36050240.20295712, 36050530.20199526, 36050819.20103672, 36051110.200071536, 36051399.19911299, 36051688.19815444, 36051978.19719257, 36052269.19622739, 36052559.19526553, 36052848.194306985]	0.0	0.0	0.0
3121.332965290523	2.0	trials	6.0	1.0	1.0	0.0	10000.0	0.0	True	40.0	0.0	0.005	[36053138.193345115, 36053427.19238657, 36134650.92298491, 36134939.922026366, 36135229.9210645, 36135520.92009932, 36135809.91914077, 36136099.91817891, 36136387.91722368, 36136677.91626181, 36136967.915299945, 36137257.91433808, 36137546.91337953, 36137836.91241767, 36138127.91145249, 36138415.910497256, 36138704.90953871, 36138994.90857684, 36139284.90761498, 36139574.90665311]	0.0	0.0	0.0
3128.8883610309476	2.0	trials	6.0	1.0	1.0	0.0	10000.0	0.0	True	40.0	0.0	0.005	[36139864.90569125, 36140154.90472939, 36222096.63294629, 36222386.63198443, 36222675.63102587, 36222965.63006401, 36223254.62910546, 36223544.6281436, 36223834.62718174, 36224123.62622319, 36224413.62526132, 36224703.62429946, 36224993.6233376, 36225283.622375734, 36225571.621420495, 36225861.62045863, 36226151.61949676, 36226440.61853822, 36226730.61757635, 36227020.61661449]	0.0	0.0	0.0
3135.4909407316522	2.0	trials	6.0	1.0	1.0	0.0	10000.0	0.0	True	40.0	0.0	0.005	[36227309.615655944, 36227599.614694074, 36298515.37948173, 36298806.378516555, 36299094.37756132, 36299384.37659945, 36299674.37563759, 36299964.37467573, 36300253.373717174, 36300543.37275531, 36300832.371796764, 36301122.3708349, 36301412.36987304, 36301702.36891117, 36301991.36795262, 36302280.366994075, 36302571.36602889, 36302859.36507366, 36303149.364111796, 36303439.36314993]	0.0	0.0	0.0
3142.81979642346	2.0	trials	6.0	1.0	1.0	0.0	10000.0	0.0	True	40.0	0.0	0.005	[36303728.36219138, 36304018.361229524, 36383340.09813637, 36383629.09717782, 36383919.09621596, 36384209.09525409, 36384499.09429223, 36384788.093333684, 36385078.092371814, 36385367.091413274, 36385658.09044809, 36385948.08948623, 36386236.088530995, 36386527.08756581, 36386816.08660726, 36387105.085648715, 36387395.08468685, 36387685.08372499, 36387975.08276312, 36388264.08180457]	0.0	0.0	0.0
3163.4777951054507	2.0	trials	7.0	1.0	1.0	0.0	10000.0	0.0	True	40.0	0.0	0.005	[36388554.08084271, 36388844.07988084, 36622438.30509901, 36622728.30413715, 36623017.3031786, 36623307.30221673, 36623596.301258184, 36623886.30029632, 36624176.29933445, 36624465.29837591, 36624755.29741404, 36625044.296455495, 36625334.29549364, 36625624.29453177, 36625914.2935699, 36626203.29261136, 36626492.291652806, 36626782.29069094, 36627072.28972908, 36627361.288770534]	0.0	0.0	0.0
3169.1386179297547	2.0	trials	7.0	1.0	1.0	0.0	10000.0	0.0	True	40.0	0.0	0.005	[36627651.28780867, 36627941.2868468, 36687956.08779061, 36688246.086828746, 36688535.08587019, 36688826.08490501, 36689114.08394978, 36689404.08298792, 36689694.08202606, 36689984.08106419, 36690274.080102324, 36690563.07914378, 36690852.07818523, 36691143.077220045, 36691432.0762615, 36691721.07530295, 36692011.07434109, 36692301.07337922, 36692591.072417356, 36692880.07145881]	0.0	0.0	0.0
3176.037807846668	2.0	trials	7.0	1.0	1.0	0.0	10000.0	0.0	True	40.0	0.0	0.005	[36693170.07049695, 36693459.0695384, 36767808.822936244, 36768097.8219777, 36768387.82101584, 36768676.82005729, 36768965.81909874, 36769256.81813356, 36769545.817175016, 36769835.81621315, 36770124.8152546, 36770414.81429274, 36770703.81333418, 36770994.812369004, 36771283.81141046, 36771573.810448594, 36771862.80949005, 36772152.80852818, 36772442.807566315, 36772731.80660777]	0.0	0.0	0.0
3183.8359003821215	2.0	trials	7.0	1.0	1.0	0.0	10000.0	0.0	True	40.0	0.0	0.005	[36773021.805645905, 36773311.80468404, 36858063.52358081, 36858354.52261562, 36858643.52165707, 36858932.52069853, 36859222.51973666, 36859511.518778116, 36859801.51781625, 36860091.51685439, 36860381.51589253, 36860671.51493066, 36860959.51397543, 36861248.51301688, 36861539.5120517, 36861829.51108983, 36862118.510131285, 36862408.50916942, 36862698.50820756, 36862988.50724569]	0.0	0.0	0.0
3188.968302559079	2.0	trials	7.0	1.0	1.0	0.0	10000.0	0.0	True	40.0	0.0	0.005	[36863277.50628714, 36863567.50532528, 36917466.32655447, 36917755.32559593, 36918045.32463406, 36918334.32367551, 36918625.322710335, 36918914.32175178, 36919205.3207866, 36919494.319828056, 36919783.31886951, 36920073.31790765, 36920362.3169491, 36920652.31598724, 36920941.31502869, 36921231.31406682, 36921521.31310496, 36921810.31214641, 36922101.311181225, 36922390.310222685]	0.0	0.0	0.0
3196.3764731878173	2.0	trials	7.0	1.0	1.0	0.0	10000.0	0.0	True	40.0	0.0	0.005	[36922678.30926745, 36922969.30830227, 37003210.042161, 37003500.04119914, 37003788.04024391, 37004078.03928204, 37004367.03832349, 37004658.037358314, 37004947.03639977, 37005237.0354379, 37005527.034476034, 37005816.03351749, 37006106.032555625, 37006396.03159376, 37006686.03063189, 37006975.029673345, 37007264.0287148, 37007554.027752936, 37007843.02679438, 37008133.02583252]	0.0	0.0	0.0
3204.2266647504694	2.0	trials	7.0	1.0	1.0	0.0	10000.0	0.0	True	40.0	0.0	0.005	[37008423.02487066, 37008712.02391211, 37094068.74080223, 37094357.73984368, 37094647.73888181, 37094936.73792327, 37095227.73695809, 37095516.73599953, 37095805.73504099, 37096095.73407912, 37096385.73311726, 37096675.7321554, 37096964.73119685, 37097253.730238296, 37097543.72927643, 37097833.72831457, 37098122.727356024, 37098413.72639084, 37098702.72543229, 37098991.724473745]	0.0	0.0	0.0
3210.9167673608795	2.0	trials	7.0	1.0	1.0	0.0	10000.0	0.0	True	40.0	0.0	0.005	[37099281.72351188, 37099570.72255333, 37171499.483981095, 37171790.48301591, 37172078.48206068, 37172368.481098816, 37172658.48013695, 37172947.47917841, 37173237.47821654, 37173527.477254674, 37173817.47629281, 37174106.475334264, 37174395.47437572, 37174685.47341385, 37174975.472451985, 37175265.47149012, 37175554.470531575, 37175844.46956971, 37176134.46860785, 37176423.4676493]	0.0	0.0	0.0
3218.840485079662	2.0	trials	7.0	1.0	1.0	0.0	10000.0	0.0	True	40.0	0.0	0.005	[37176712.46669075, 37177003.46572557, 37263210.17979643, 37263498.178841196, 37263789.17787602, 37264078.17691746, 37264367.175958924, 37264658.17499374, 37264947.17403519, 37265236.173076645, 37265526.17211478, 37265816.17115291, 37266106.17019106, 37266396.16922919, 37266685.16827064, 37266974.16731209, 37267263.166353546, 37267553.165391676, 37267843.16442981, 37268133.16346795]	0.0	0.0	0.0
3226.3220954648164	2.0	trials	7.0	1.0	1.0	0.0	10000.0	0.0	True	40.0	0.0	0.005	[37268422.1625094, 37268712.16154754, 37349802.89258701, 37350091.89162846, 37350381.890666604, 37350671.889704734, 37350960.88874619, 37351250.887784325, 37351540.886822455, 37351830.88586059, 37352119.884902045, 37352409.883940175, 37352698.882981636, 37352987.88202309, 37353278.8810579, 37353567.88009936, 37353857.87913749, 37354146.87817895, 37354435.8772204, 37354726.876255214]	0.0	0.0	0.0
3233.1028313746156	2.0	trials	7.0	1.0	1.0	0.0	10000.0	0.0	True	40.0	0.0	0.005	[37355016.87529336, 37355304.87433812, 37428283.63228327, 37428573.6313214, 37428862.63036286, 37429152.62940099, 37429441.628442444, 37429731.62748058, 37430020.626522034, 37430310.625560164, 37430600.6245983, 37430890.62363644, 37431179.622677885, 37431469.62171602, 37431758.620757475, 37432048.61979561, 37432338.61883375, 37432627.617875196, 37432917.61691333, 37433206.61595479]	0.0	0.0	0.0
3238.556035687545	2.0	trials	7.0	1.0	1.0	0.0	10000.0	0.0	True	40.0	0.0	0.005	[37433496.614992924, 37433786.61403106, 37491398.422945075, 37491689.42197989, 37491977.42102466, 37492268.42005948, 37492557.41910093, 37492847.41813907, 37493137.4171772, 37493426.41621865, 37493716.41525679, 37494006.41429493, 37494295.413336374, 37494585.41237451, 37494874.411415964, 37495165.41045079, 37495454.40949224, 37495743.408533685, 37496034.40756851, 37496323.40660996]	0.0	0.0	0.0
3245.960663928032	2.0	trials	7.0	1.0	1.0	0.0	10000.0	0.0	True	40.0	0.0	0.005	[37496612.40565141, 37496901.40469286, 37577100.1386909, 37577390.137729034, 37577679.13677049, 37577969.135808624, 37578260.13484345, 37578549.13388489, 37578839.13292303, 37579128.13196448, 37579418.13100262, 37579708.13004076, 37579998.12907889, 37580286.12812366, 37580576.12716179, 37580866.12619993, 37581156.12523807, 37581445.124279514, 37581735.12331766, 37582025.12235579]	0.0	0.0	0.0
3253.6966350695275	2.0	trials	7.0	1.0	1.0	0.0	10000.0	0.0	True	40.0	0.0	0.005	[37582314.12139724, 37582604.12043538, 37666636.8417169, 37666926.84075504, 37667216.839793175, 37667505.83883463, 37667795.837872766, 37668084.83691421, 37668374.83595235, 37668664.83499049, 37668954.834028624, 37669244.833066754, 37669533.83210821, 37669822.83114966, 37670112.8301878, 37670402.829225935, 37670691.82826739, 37670980.82730883, 37671270.82634697, 37671561.82538179]	0.0	0.0	0.0
3259.7005511558673	2.0	trials	7.0	1.0	1.0	0.0	10000.0	0.0	True	40.0	0.0	0.005	[37671850.82442324, 37672140.823461376, 37736126.61123428, 37736416.61027241, 37736705.60931386, 37736996.608348675, 37737285.607390136, 37737574.60643159, 37737865.6054664, 37738155.60450454, 37738444.60354599, 37738733.60258744, 37739023.60162558, 37739313.600663714, 37739602.59970516, 37739892.598743305, 37740182.597781435, 37740471.59682289, 37740762.59585771, 37741050.59490247]	0.0	0.0	0.0
3265.139153917225	2.0	trials	7.0	1.0	1.0	0.0	10000.0	0.0	True	40.0	0.0	0.005	[37741341.59393729, 37741630.592978746, 37799074.40244998, 37799363.40149143, 37799652.40053289, 37799942.39957102, 37800232.398609154, 37800521.39765061, 37800811.396688744, 37801100.3957302, 37801390.39476833, 37801680.393806465, 37801970.3928446, 37802259.39188605, 37802550.39092087, 37802839.38996232, 37803128.389003776, 37803418.38804191, 37803708.38708004, 37803996.38612482]	0.0	0.0	0.0
3272.246826342649	2.0	trials	7.0	1.0	1.0	0.0	10000.0	0.0	True	40.0	0.0	0.005	[37804286.38516296, 37804576.38420109, 37881339.12959556, 37881628.128637016, 37881917.12767847, 37882208.12671328, 37882497.12575474, 37882787.124792874, 37883077.12383101, 37883366.122872464, 37883656.121910594, 37883945.12095205, 37884235.119990185, 37884525.11902832, 37884814.118069775, 37885103.11711122, 37885393.11614936, 37885683.115187496, 37885974.11422232, 37886262.11326709]	0.0	0.0	0.0
3280.2381950370477	2.0	trials	7.0	1.0	1.0	0.0	10000.0	0.0	True	40.0	0.0	0.005	[37886552.11230522, 37886842.111343354, 37973829.822823815, 37974120.82185863, 37974410.82089677, 37974700.819934905, 37974989.81897636, 37975278.8180178, 37975568.81705594, 37975858.81609408, 37976147.81513553, 37976438.814170346, 37976727.8132118, 37977017.812249936, 37977306.81129139, 37977596.81032952, 37977886.80936766, 37978175.80840911, 37978465.80744725, 37978754.8064887]	0.0	0.0	0.0
3287.168143251943	2.0	trials	7.0	1.0	1.0	0.0	10000.0	0.0	True	40.0	0.0	0.005	[37979043.80553015, 37979334.804564975, 38054038.55678868, 38054328.55582681, 38054618.55486495, 38054908.55390309, 38055197.55294454, 38055487.55198268, 38055777.55102081, 38056066.55006226, 38056356.5491004, 38056646.54813853, 38056936.547176674, 38057225.54621812, 38057515.54525626, 38057803.544301026, 38058094.54333584, 38058383.5423773, 38058673.54141544, 38058963.54045357]	0.0	0.0	0.0
3294.6733407588645	2.0	trials	7.0	1.0	1.0	0.0	10000.0	0.0	True	40.0	0.0	0.005	[38059253.539491706, 38059542.53853316, 38140904.268673785, 38141193.26771524, 38141483.266753376, 38141773.265791506, 38142062.26483296, 38142352.263871096, 38142641.26291255, 38142932.26194737, 38143220.26099214, 38143510.26003027, 38143800.2590684, 38144090.258106545, 38144379.257148, 38144669.256186135, 38144959.25522427, 38145249.2542624, 38145538.253303856, 38145827.25234531]	0.0	0.0	0.0
3302.156074340294	2.0	trials	7.0	1.0	1.0	0.0	10000.0	0.0	True	40.0	0.0	0.005	[38146117.25138344, 38146407.25042158, 38227509.98142125, 38227799.98045939, 38228088.97950084, 38228379.97853566, 38228668.97757711, 38228958.97661524, 38229247.9756567, 38229537.97469483, 38229826.973736286, 38230116.97277442, 38230406.97181255, 38230695.97085401, 38230985.969892144, 38231275.96893028, 38231565.96796842, 38231854.967009865, 38232144.966048, 38232433.965089455]	0.0	0.0	0.0
3307.718055892431	2.0	trials	7.0	1.0	1.0	0.0	10000.0	0.0	True	40.0	0.0	0.005	[38232723.96412759, 38233012.96316904, 38291884.767903924, 38292175.76693874, 38292464.76598019, 38292753.765021645, 38293042.7640631, 38293333.76309792, 38293622.76213937, 38293912.76117751, 38294201.760218956, 38294491.75925709, 38294781.75829523, 38295070.75733668, 38295360.75637481, 38295649.75541627, 38295939.754454404, 38296228.75349585, 38296518.752533995, 38296808.751572125]	0.0	0.0	0.0
3313.645940230951	2.0	trials	7.0	1.0	1.0	0.0	10000.0	0.0	True	40.0	0.0	0.005	[38297098.75061026, 38297387.749651715, 38360494.54034005, 38360784.53937819, 38361074.538416326, 38361363.53745778, 38361653.53649592, 38361942.53553736, 38362233.534572184, 38362522.53361364, 38362811.53265509, 38363101.53169322, 38363391.53073136, 38363681.529769495, 38363971.52880763, 38364260.52784908, 38364549.52689053, 38364839.52592867, 38365128.52497012, 38365418.52400825]	0.0	0.0	0.0
3320.971771932789	2.0	trials	7.0	1.0	1.0	0.0	10000.0	0.0	True	40.0	0.0	0.005	[38365708.5230464, 38365997.52208784, 38445285.25910747, 38445573.25815223, 38445863.25719037, 38446153.2562285, 38446443.255266644, 38446732.25430809, 38447023.25334291, 38447312.252384365, 38447601.25142581, 38447891.250463955, 38448180.2495054, 38448470.24854354, 38448760.247581676, 38449049.24662313, 38449338.245664574, 38449629.244699396, 38449919.24373753, 38450208.24277898]	0.0	0.0	0.0
3327.3745954960405	2.0	trials	7.0	1.0	1.0	0.0	10000.0	0.0	True	40.0	0.0	0.005	[38450497.24182044, 38450787.24085857, 38519392.01331129, 38519681.01235274, 38519970.011394195, 38520260.01043233, 38520549.00947378, 38520840.0085086, 38521128.00755337, 38521418.00659151, 38521708.00562964, 38521997.0046711, 38522287.00370923, 38522577.002747364, 38522867.0017855, 38523157.00082363, 38523445.999865085, 38523735.99890322, 38524025.99794136, 38524315.99697949]	0.0	0.0	0.0
3333.6296755493245	2.0	trials	7.0	1.0	1.0	0.0	10000.0	0.0	True	40.0	0.0	0.005	[38524603.99602426, 38524893.995062396, 38591788.773186795, 38592077.77222825, 38592366.7712697, 38592656.77030784, 38592946.76934598, 38593236.768384114, 38593525.76742556, 38593815.7664637, 38594105.765501834, 38594395.764539964, 38594684.76358142, 38594973.76262287, 38595263.76166101, 38595553.76069914, 38595842.7597406, 38596132.75877873, 38596422.757816866, 38596712.756855]	0.0	0.0	0.0
3339.9562945653297	2.0	trials	7.0	1.0	1.0	0.0	10000.0	0.0	True	40.0	0.0	0.005	[38597000.75589977, 38597290.7549379, 38665013.53031601, 38665302.52935747, 38665591.52839892, 38665881.52743705, 38666171.5264752, 38666460.525516644, 38666751.524551466, 38667040.52359292, 38667329.522634365, 38667619.5216725, 38667909.52071064, 38668198.51975209, 38668488.51879022, 38668778.51782836, 38669067.51686981, 38669356.515911266, 38669647.51494608, 38669936.513987534]	0.0	0.0	0.0
3346.760185598329	2.0	trials	7.0	1.0	1.0	0.0	10000.0	0.0	True	40.0	0.0	0.005	[38670225.51302899, 38670515.512067124, 38743762.26912338, 38744052.26816151, 38744341.267202966, 38744631.2662411, 38744920.26528255, 38745209.264324, 38745499.26336214, 38745790.262396954, 38746079.26143841, 38746368.26047987, 38746659.25951468, 38746948.258556135, 38747238.257594265, 38747527.25663572, 38747817.255673856, 38748106.25471531, 38748397.25375013, 38748685.2527949]	0.0	0.0	0.0
3353.3361541872964	2.0	trials	7.0	1.0	1.0	0.0	10000.0	0.0	True	40.0	0.0	0.005	[38748975.25183303, 38749265.25087117, 38819872.016683705, 38820162.015721835, 38820452.01475997, 38820741.013801426, 38821031.01283956, 38821320.01188101, 38821610.010919146, 38821900.009957284, 38822189.00899873, 38822480.00803355, 38822769.007075004, 38823059.00611314, 38823348.005154595, 38823638.004192725, 38823927.003234185, 38824217.002272315, 38824507.00131045, 38824796.00035191]	0.0	0.0	0.0
3360.9991175709433	2.0	trials	7.0	1.0	1.0	0.0	10000.0	0.0	True	40.0	0.0	0.005	[38825084.99939336, 38825375.99842817, 38908564.722509064, 38908854.7215472, 38909144.72058533, 38909432.7196301, 38909723.71866492, 38910012.717706375, 38910302.716744505, 38910591.71578596, 38910882.71482078, 38911171.71386223, 38911461.71290036, 38911750.711941816, 38912040.71097995, 38912329.71002141, 38912619.70905954, 38912909.708097674, 38913198.70713913, 38913488.706177264]	0.0	0.0	0.0
3366.571726287834	2.0	trials	7.0	1.0	1.0	0.0	10000.0	0.0	True	40.0	0.0	0.005	[38913777.70521872, 38914067.70425685, 38973061.508587085, 38973351.507625215, 38973641.50666335, 38973931.50570149, 38974220.50474294, 38974510.50378107, 38974800.50281921, 38975090.50185735, 38975378.500902124, 38975669.49993694, 38975958.49897839, 38976248.49801653, 38976537.497057974, 38976827.49609611, 38977117.49513425, 38977407.49417239, 38977696.49321384, 38977986.49225197]	0.0	0.0	0.0
3373.094213454188	2.0	trials	7.0	1.0	1.0	0.0	10000.0	0.0	True	40.0	0.0	0.005	[38978276.49129011, 38978565.49033156, 39048553.25819717, 39048844.257231995, 39049133.25627344, 39049423.25531158, 39049712.25435303, 39050002.25339117, 39050291.25243263, 39050581.25147076, 39050871.2505089, 39051161.24954703, 39051451.24858516, 39051740.24762662, 39052029.24666807, 39052319.24570621, 39052608.24474765, 39052899.243782476, 39053188.24282393, 39053477.24186538]	0.0	0.0	0.0
3379.034107352874	2.0	trials	7.0	1.0	1.0	0.0	10000.0	0.0	True	40.0	0.0	0.005	[39053768.240900196, 39054057.23994165, 39117303.03016896, 39117592.02921041, 39117882.02824855, 39118172.027286686, 39118461.02632814, 39118750.025369585, 39119040.02440772, 39119330.02344586, 39119620.022484, 39119909.02152545, 39120199.02056358, 39120488.01960503, 39120778.01864317, 39121067.01768462, 39121357.01672276, 39121647.01576089, 39121936.014802344, 39122227.013837166]	0.0	0.0	0.0
3384.6792054293333	2.0	trials	7.0	1.0	1.0	0.0	10000.0	0.0	True	40.0	0.0	0.005	[39122516.01287861, 39122806.01191675, 39182639.813460894, 39182928.81250235, 39183217.8115438, 39183507.81058193, 39183796.80962339, 39184087.8086582, 39184376.80769966, 39184665.80674111, 39184955.80577924, 39185245.804817386, 39185535.803855516, 39185825.80289365, 39186114.80193511, 39186404.80097324, 39186693.80001469, 39186983.79905283, 39187272.79809428, 39187562.79713241]	0.0	0.0	0.0
3392.0298338489256	2.0	trials	7.0	1.0	1.0	0.0	10000.0	0.0	True	40.0	0.0	0.005	[39187852.79617055, 39188142.795208685, 39267716.531279705, 39268005.53032116, 39268295.529359296, 39268585.52839743, 39268874.52743889, 39269164.52647702, 39269453.52551847, 39269742.52455992, 39270033.52359474, 39270323.522632875, 39270611.52167764, 39270902.52071246, 39271191.51975392, 39271481.51879205, 39271771.517830186, 39272060.51687164, 39272349.51591309, 39272639.51495122]	0.0	0.0	0.0
3399.4325612957173	2.0	trials	7.0	1.0	1.0	0.0	10000.0	0.0	True	40.0	0.0	0.005	[39272929.51398936, 39273218.51303082, 39353395.24710181, 39353685.24613996, 39353975.24517809, 39354264.24421954, 39354554.24325768, 39354844.24229581, 39355133.24133727, 39355422.24037872, 39355712.23941685, 39356002.238455, 39356292.23749313, 39356582.236531265, 39356871.23557272, 39357161.23461085, 39357451.233648986, 39357740.23269044, 39358030.23172857, 39358319.23077003]	0.0	0.0	0.0
3405.5479330123826	2.0	trials	7.0	1.0	1.0	0.0	10000.0	0.0	True	40.0	0.0	0.005	[39358609.22980816, 39358898.22884961, 39424176.01233723, 39424465.01137869, 39424754.01042014, 39425045.00945496, 39425334.00849641, 39425624.00753454, 39425913.006575994, 39426203.00561413, 39426493.00465227, 39426782.00369372, 39427072.00273186, 39427361.00177331, 39427651.00081145, 39427940.99984958, 39428230.998887725, 39428519.99792917, 39428809.99696731, 39429099.996005446]	0.0	0.0	0.0
3411.1204553295593	2.0	trials	7.0	1.0	1.0	0.0	10000.0	0.0	True	40.0	0.0	0.005	[39429389.995043576, 39429678.99408503, 39488672.79841526, 39488961.79745671, 39489251.79649485, 39489540.7955363, 39489831.794571124, 39490120.79361257, 39490410.79265071, 39490699.79169216, 39490989.79073029, 39491278.78977174, 39491568.78880988, 39491857.78785133, 39492147.78688946, 39492437.7859276, 39492726.784969054, 39493016.78400719, 39493306.78304533, 39493595.78208678]	0.0	0.0	0.0
3418.8921959524164	2.0	trials	7.0	1.0	1.0	0.0	10000.0	0.0	True	40.0	0.0	0.005	[39493885.78112492, 39494174.78016637, 39578622.500071436, 39578913.49910625, 39579201.49815103, 39579492.49718584, 39579782.49622398, 39580070.49526875, 39580360.49430688, 39580650.493345015, 39580940.49238315, 39581230.49142129, 39581519.49046274, 39581808.48950419, 39582098.488542326, 39582388.48758046, 39582677.48662192, 39582968.48565673, 39583256.4847015, 39583546.48373964]	0.0	0.0	0.0
3424.3485970547413	2.0	trials	7.0	1.0	1.0	0.0	10000.0	0.0	True	40.0	0.0	0.005	[39583836.482777774, 39584126.481815904, 39641775.2906072, 39642065.28964534, 39642355.28868347, 39642644.28772492, 39642934.28676306, 39643224.285801195, 39643513.28484264, 39643802.2838841, 39644092.28292224, 39644381.28196369, 39644672.280998506, 39644962.280036636, 39645252.27907477, 39645541.27811623, 39645830.27715768, 39646120.276195824, 39646409.27523727, 39646699.27427541]	0.0	0.0	0.0
3432.140555210541	2.0	trials	7.0	1.0	1.0	0.0	10000.0	0.0	True	40.0	0.0	0.005	[39646990.27331022, 39647278.27235499, 39731959.991483934, 39732248.99052539, 39732538.989563525, 39732828.988601655, 39733119.98763647, 39733408.98667793, 39733697.98571938, 39733986.98476083, 39734277.98379565, 39734566.9828371, 39734855.98187855, 39735145.980916694, 39735435.979954824, 39735724.97899628, 39736015.9780311, 39736303.97707586, 39736594.97611068, 39736883.975152135]	0.0	0.0	0.0
3439.7123668965182	2.0	trials	7.0	1.0	1.0	0.0	10000.0	0.0	True	40.0	0.0	0.005	[39737173.97419027, 39737463.97322841, 39819597.70080849, 39819887.699846625, 39820176.69888807, 39820465.69792953, 39820755.69696767, 39821045.6960058, 39821334.69504725, 39821624.69408539, 39821913.69312684, 39822203.69216497, 39822493.69120311, 39822783.69024125, 39823072.68928269, 39823361.68832415, 39823652.68735897, 39823941.68640042, 39824231.68543856, 39824520.684480004]	0.0	0.0	0.0
3445.3750905145166	2.0	trials	7.0	1.0	1.0	0.0	10000.0	0.0	True	40.0	0.0	0.005	[39824810.68351815, 39825100.68255628, 39885139.483420484, 39885428.48246194, 39885717.48150339, 39886007.48054152, 39886296.47958297, 39886586.47862111, 39886875.477662556, 39887165.4767007, 39887455.47573883, 39887745.47477697, 39888034.47381842, 39888324.47285655, 39888613.471898004, 39888904.47093283, 39889192.469977595, 39889482.46901574, 39889773.46805055, 39890062.467092]	0.0	0.0	0.0
3451.3174036051796	2.0	trials	7.0	1.0	1.0	0.0	10000.0	0.0	True	40.0	0.0	0.005	[39890350.46613677, 39890641.46517159, 39953915.25530603, 39954205.254344165, 39954494.25338562, 39954784.25242375, 39955073.25146521, 39955363.25050334, 39955653.24954148, 39955942.24858293, 39956232.24762107, 39956521.24666251, 39956811.24570065, 39957101.24473879, 39957390.24378024, 39957680.24281838, 39957969.24185982, 39958259.24089797, 39958549.2399361, 39958839.238974236]	0.0	0.0	0.0
3459.002658114891	2.0	trials	7.0	1.0	1.0	0.0	10000.0	0.0	True	40.0	0.0	0.005	[39959128.23801569, 39959418.23705382, 40042863.960282296, 40043153.959320426, 40043442.95836189, 40043732.95740002, 40044022.95643815, 40044311.95547961, 40044601.95451774, 40044891.953555875, 40045180.95259733, 40045470.95163546, 40045760.9506736, 40046050.94971173, 40046339.948753186, 40046628.94779464, 40046918.946832776, 40047208.945870906, 40047498.94490904, 40047787.9439505]	0.0	0.0	0.0
3464.396505824692	2.0	trials	7.0	1.0	1.0	0.0	10000.0	0.0	True	40.0	0.0	0.005	[40048077.942988634, 40048366.94203009, 40105292.7532194, 40105581.75226086, 40105871.75129899, 40106161.750337124, 40106450.749378584, 40106740.748416714, 40107029.747458175, 40107319.746496305, 40107609.74553444, 40107899.74457258, 40108189.74361072, 40108479.74264885, 40108768.7416903, 40109058.74072844, 40109347.73976989, 40109636.73881134, 40109927.73784616, 40110216.73688761]	0.0	0.0	0.0
3471.899456939064	2.0	trials	7.0	1.0	1.0	0.0	10000.0	0.0	True	40.0	0.0	0.005	[40110506.73592574, 40110795.7349672, 40192133.46518742, 40192422.46422888, 40192712.46326702, 40193001.462308474, 40193291.461346604, 40193581.46038474, 40193870.459426194, 40194159.45846764, 40194449.457505785, 40194740.4565406, 40195029.45558205, 40195319.45462019, 40195608.453661636, 40195897.45270309, 40196187.451741226, 40196477.450779356, 40196767.4498175, 40197056.44885895]	0.0	0.0	0.0
3479.288619630847	2.0	trials	7.0	1.0	1.0	0.0	10000.0	0.0	True	40.0	0.0	0.005	[40197346.447897084, 40197635.44693854, 40277656.18152696, 40277946.1805651, 40278236.179603234, 40278524.178647995, 40278814.17768614, 40279104.17672427, 40279393.17576572, 40279684.174800545, 40279973.17384199, 40280262.17288344, 40280552.17192158, 40280842.17095972, 40281132.169997856, 40281421.16903931, 40281711.16807744, 40282001.16711558, 40282290.16615703, 40282580.16519517]	0.0	0.0	0.0
3485.3725418518234	2.0	trials	7.0	1.0	1.0	0.0	10000.0	0.0	True	40.0	0.0	0.005	[40282869.16423662, 40283159.16327476, 40348070.94797631, 40348359.94701777, 40348650.94605259, 40348939.94509404, 40349229.94413217, 40349518.943173625, 40349808.94221176, 40350097.941253215, 40350388.94028804, 40350677.93932948, 40350966.938370936, 40351256.93740907, 40351546.93644721, 40351835.935488656, 40352125.93452679, 40352416.933561616, 40352705.93260307, 40352994.93164452]	0.0	0.0	0.0
3493.424735944478	2.0	trials	7.0	1.0	1.0	0.0	10000.0	0.0	True	40.0	0.0	0.005	[40353283.930685975, 40353573.929724105, 40441267.63886292, 40441557.63790106, 40441847.6369392, 40442136.63598064, 40442426.63501878, 40442716.63405692, 40443005.63309837, 40443295.63213651, 40443584.631177954, 40443874.6302161, 40444163.629257545, 40444454.62829237, 40444744.627330504, 40445033.62637195, 40445322.6254134, 40445612.62445154, 40445901.62349299, 40446192.622527815]	0.0	0.0	0.0
3553.385273068648	2.0	trials	8.0	1.0	1.0	0.0	10000.0	0.0	True	40.0	0.0	0.005	[40446481.62156926, 40446771.6206074, 41135256.33705158, 41135545.33609303, 41135834.335134484, 41136125.3341693, 41136414.33321076, 41136703.332252204, 41136994.33128702, 41137283.33032848, 41137573.32936661, 41137862.32840807, 41138151.327449515, 41138441.32648765, 41138732.325522475, 41139021.32456392, 41139310.32360537, 41139601.322640195, 41139890.32168165, 41140180.320719786]	0.0	0.0	0.0
3559.8113381548123	2.0	trials	8.0	1.0	1.0	0.0	10000.0	0.0	True	40.0	0.0	0.005	[41140469.31976123, 41140759.31879937, 41209631.090366505, 41209921.08940464, 41210210.088446096, 41210500.087484226, 41210789.08652568, 41211079.085563816, 41211369.08460195, 41211659.08364009, 41211949.08267822, 41212239.08171636, 41212528.08075781, 41212817.079799265, 41213107.0788374, 41213396.07787885, 41213686.076916985, 41213975.07595844, 41214266.07499325, 41214555.07403471]	0.0	0.0	0.0
3567.3952458006697	2.0	trials	8.0	1.0	1.0	0.0	10000.0	0.0	True	40.0	0.0	0.005	[41214845.07307285, 41215134.0721143, 41297408.799226716, 41297698.798264846, 41297987.7973063, 41298277.79634444, 41298566.79538589, 41298856.79442402, 41299146.79346216, 41299435.79250361, 41299725.79154175, 41300015.790579885, 41300304.78962133, 41300594.788659476, 41300883.78770092, 41301173.78673906, 41301463.7857772, 41301752.78481864, 41302042.78385678, 41302332.78289492]	0.0	0.0	0.0
3574.340832363696	2.0	trials	8.0	1.0	1.0	0.0	10000.0	0.0	True	40.0	0.0	0.005	[41302621.78193637, 41302911.78097451, 41377797.53259457, 41378086.531636015, 41378375.53067747, 41378666.52971229, 41378955.528753735, 41379245.52779187, 41379534.526833326, 41379823.52587478, 41380114.5249096, 41380403.523951046, 41380693.52298918, 41380982.52203064, 41381272.521068774, 41381562.520106904, 41381850.51915168, 41382140.51818982, 41382430.51722795, 41382720.516266085]	0.0	0.0	0.0
3582.0654851427325	2.0	trials	8.0	1.0	1.0	0.0	10000.0	0.0	True	40.0	0.0	0.005	[41383010.515304215, 41383299.514345676, 41467202.23605838, 41467491.23509984, 41467781.23413797, 41468071.2331761, 41468361.232214235, 41468651.23125237, 41468940.230293825, 41469229.22933528, 41469519.22837341, 41469809.22741155, 41470098.226453, 41470388.22549114, 41470678.224529274, 41470967.22357072, 41471257.22260886, 41471547.221646994, 41471836.22068845, 41472126.219726585]	0.0	0.0	0.0
3589.5056236654405	2.0	trials	8.0	1.0	1.0	0.0	10000.0	0.0	True	40.0	0.0	0.005	[41472415.21876803, 41472706.21780285, 41553314.95044101, 41553604.94947915, 41553894.94851728, 41554184.94755542, 41554474.94659355, 41554762.94563833, 41555052.94467646, 41555342.9437146, 41555632.942752734, 41555921.94179419, 41556210.94083564, 41556500.93987377, 41556790.93891191, 41557081.93794672, 41557369.93699149, 41557659.93602963, 41557949.935067765, 41558239.9341059]	0.0	0.0	0.0
3596.279706797305	2.0	trials	8.0	1.0	1.0	0.0	10000.0	0.0	True	40.0	0.0	0.005	[41558528.933147356, 41558817.9321888, 41631719.69038934, 41632008.689430796, 41632297.68847225, 41632587.687510386, 41632877.686548516, 41633167.68558665, 41633456.68462811, 41633745.68366956, 41634036.682704374, 41634326.68174251, 41634615.680783965, 41634904.67982542, 41635194.67886355, 41635484.677901685, 41635773.676943146, 41636063.675981276, 41636353.67501941, 41636643.67405754]	0.0	0.0	0.0
3603.9833644459777	2.0	trials	8.0	1.0	1.0	0.0	10000.0	0.0	True	40.0	0.0	0.005	[41636932.673099004, 41637221.67214045, 41720881.39465913, 41721172.39369395, 41721461.39273541, 41721750.39177686, 41722040.390815, 41722330.38985313, 41722620.388891265, 41722910.3879294, 41723199.38697085, 41723489.386008985, 41723778.38505044, 41724068.384088576, 41724358.38312671, 41724647.38216816, 41724936.38120961, 41725226.38024775, 41725515.3792892, 41725806.378324024]	0.0	0.0	0.0
3610.6073712756133	2.0	trials	8.0	1.0	1.0	0.0	10000.0	0.0	True	40.0	0.0	0.005	[41726096.377362154, 41726385.37640361, 41797549.1403687, 41797839.13940684, 41798128.13844829, 41798418.13748642, 41798707.13652787, 41798997.13556601, 41799287.13460415, 41799576.133645594, 41799865.132687055, 41800155.131725185, 41800445.13076332, 41800735.12980146, 41801025.12883959, 41801314.12788104, 41801604.12691918, 41801893.12596063, 41802183.12499877, 41802472.12404022]	0.0	0.0	0.0
3615.91775686224	2.0	trials	8.0	1.0	1.0	0.0	10000.0	0.0	True	40.0	0.0	0.005	[41802762.12307836, 41803051.122119814, 41859010.93651313, 41859300.93555127, 41859590.9345894, 41859880.93362754, 41860169.93266899, 41860458.931710444, 41860749.93074527, 41861038.92978671, 41861327.928828165, 41861618.92786299, 41861907.92690444, 41862196.925945885, 41862487.92498071, 41862776.92402216, 41863066.9230603, 41863355.92210175, 41863644.921143204, 41863934.920181334]	0.0	0.0	0.0
3621.8321628454646	2.0	trials	8.0	1.0	1.0	0.0	10000.0	0.0	True	40.0	0.0	0.005	[41864224.91921948, 41864514.91825761, 41927465.709463365, 41927754.70850482, 41928044.70754295, 41928333.7065844, 41928622.705625854, 41928913.70466068, 41929202.70370213, 41929491.70274358, 41929782.7017784, 41930071.70081985, 41930361.69985798, 41930651.698896125, 41930940.69793758, 41931230.69697571, 41931520.696013846, 41931808.695058614, 41932099.694093436, 41932388.69313489]	0.0	0.0	0.0
3627.359757311657	2.0	trials	8.0	1.0	1.0	0.0	10000.0	0.0	True	40.0	0.0	0.005	[41932678.69217302, 41932967.69121447, 41991442.497266114, 41991731.49630757, 41992021.4953457, 41992311.49438384, 41992601.493421964, 41992890.492463425, 41993180.49150156, 41993469.49054301, 41993759.489581145, 41994049.48861928, 41994339.48765741, 41994628.486698866, 41994918.485737, 41995208.48477514, 41995497.483816594, 41995787.482854724, 41996076.48189618, 41996366.480934314]	0.0	0.0	0.0
3633.8160622975224	2.0	trials	8.0	1.0	1.0	0.0	10000.0	0.0	True	40.0	0.0	0.005	[41996655.47997577, 41996945.4790139, 42066168.24941686, 42066457.2484583, 42066747.24749644, 42067037.24653458, 42067327.24557271, 42067616.24461416, 42067905.243655615, 42068195.24269375, 42068485.24173189, 42068774.24077334, 42069064.23981147, 42069354.23884961, 42069644.23788775, 42069933.23692919, 42070222.23597065, 42070512.23500878, 42070802.23404692, 42071092.23308506]	0.0	0.0	0.0
3639.4075925516545	2.0	trials	8.0	1.0	1.0	0.0	10000.0	0.0	True	40.0	0.0	0.005	[42071381.232126504, 42071671.23116464, 42130885.034765184, 42131174.03380663, 42131464.032844774, 42131754.031882904, 42132044.03092104, 42132332.02996582, 42132623.02900063, 42132912.028042085, 42133201.02708354, 42133491.02612167, 42133781.02515981, 42134071.02419794, 42134361.02323608, 42134650.022277534, 42134940.021315664, 42135230.0203538, 42135519.019395255, 42135809.018433385]	0.0	0.0	0.0
3644.9816700636725	2.0	trials	8.0	1.0	1.0	0.0	10000.0	0.0	True	40.0	0.0	0.005	[42136098.017474845, 42136387.01651629, 42195398.82078683, 42195688.81982496, 42195977.81886641, 42196268.81790123, 42196557.81694268, 42196846.81598414, 42197136.81502227, 42197425.81406372, 42197716.81309854, 42198005.81213999, 42198294.81118145, 42198585.81021626, 42198873.80926104, 42199163.80829917, 42199453.80733731, 42199743.806375444, 42200031.805420205, 42200322.80445503]	0.0	0.0	0.0
3650.1968431660985	2.0	trials	8.0	1.0	1.0	0.0	10000.0	0.0	True	40.0	0.0	0.005	[42200611.80349648, 42200902.8025313, 42255760.620579705, 42256050.61961784, 42256339.618659295, 42256629.617697425, 42256918.61673888, 42257207.61578034, 42257498.61481515, 42257787.6138566, 42258077.61289474, 42258366.6119362, 42258657.61097101, 42258946.610012464, 42259235.60905392, 42259525.608092055, 42259815.60713019, 42260104.60617164, 42260394.605209775, 42260684.60424791]	0.0	0.0	0.0
3657.4199456086662	2.0	trials	8.0	1.0	1.0	0.0	10000.0	0.0	True	40.0	0.0	0.005	[42260973.603289366, 42261263.6023275, 42339361.34329408, 42339650.34233553, 42339940.34137367, 42340230.3404118, 42340519.33945326, 42340810.33848807, 42341099.337529525, 42341389.33656766, 42341678.335609116, 42341968.33464725, 42342257.333688706, 42342547.332726836, 42342837.33176497, 42343126.33080643, 42343415.32984788, 42343705.32888602, 42343995.32792415, 42344285.326962285]	0.0	0.0	0.0
3664.8474697732117	2.0	trials	8.0	1.0	1.0	0.0	10000.0	0.0	True	40.0	0.0	0.005	[42344574.32600374, 42344864.32504187, 42425328.05816096, 42425617.05720241, 42425907.05624055, 42426196.055282004, 42426486.054320134, 42426776.05335827, 42427065.05239973, 42427355.05143787, 42427644.050479315, 42427934.04951745, 42428223.0485589, 42428514.04759372, 42428803.04663517, 42429092.045676626, 42429382.044714764, 42429672.043752894, 42429961.042794354, 42430251.041832484]	0.0	0.0	0.0
3671.0514875958584	2.0	trials	8.0	1.0	1.0	0.0	10000.0	0.0	True	40.0	0.0	0.005	[42430541.04087062, 42430831.03990876, 42497133.819996685, 42497423.81903482, 42497712.818076275, 42498001.81711772, 42498292.81615254, 42498581.815193996, 42498871.814232126, 42499161.81327027, 42499450.81231172, 42499740.811349854, 42500029.810391314, 42500319.809429444, 42500608.8084709, 42500898.807509035, 42501188.806547165, 42501477.80558862, 42501768.80462344, 42502057.80366489]	0.0	0.0	0.0
3677.634022563047	2.0	trials	8.0	1.0	1.0	0.0	10000.0	0.0	True	40.0	0.0	0.005	[42502346.80270634, 42502637.80174116, 42573320.56730162, 42573609.56634307, 42573899.56538121, 42574189.564419344, 42574478.5634608, 42574768.56249893, 42575058.561537065, 42575347.56057852, 42575637.55961666, 42575927.558654785, 42576217.55769292, 42576505.55673769, 42576795.55577583, 42577085.554813966, 42577374.55385542, 42577664.55289356, 42577954.55193169, 42578244.550969824]	0.0	0.0	0.0
3683.861800306886	2.0	trials	8.0	1.0	1.0	0.0	10000.0	0.0	True	40.0	0.0	0.005	[42578533.55001128, 42578823.549049415, 42645401.32822523, 42645690.327266686, 42645980.32630482, 42646269.32534627, 42646560.32438109, 42646850.32341923, 42647138.322464, 42647428.32150213, 42647718.320540264, 42648008.3195784, 42648298.31861654, 42648587.317657985, 42648877.31669612, 42649166.315737575, 42649456.31477571, 42649745.31381716, 42650035.312855296, 42650325.31189343]	0.0	0.0	0.0
3691.5342676590103	2.0	trials	8.0	1.0	1.0	0.0	10000.0	0.0	True	40.0	0.0	0.005	[42650614.31093489, 42650905.3099697, 42734203.03368906, 42734492.03273051, 42734783.03176533, 42735071.0308101, 42735361.02984823, 42735651.02888637, 42735941.02792451, 42736230.02696596, 42736520.02600409, 42736809.025045544, 42737099.02408368, 42737389.02312182, 42737679.02215996, 42737968.0212014, 42738257.020242855, 42738547.01928099, 42738836.018322445, 42739127.01735726]	0.0	0.0	0.0
3696.9896319647746	2.0	trials	8.0	1.0	1.0	0.0	10000.0	0.0	True	40.0	0.0	0.005	[42739417.0163954, 42739705.015440166, 42797343.82426463, 42797631.8233094, 42797921.82234753, 42798211.82138567, 42798500.82042712, 42798791.81946194, 42799080.818503395, 42799369.81754485, 42799660.81657966, 42799948.81562443, 42800239.81465925, 42800528.813700706, 42800818.812738836, 42801107.81178029, 42801398.81081511, 42801687.809856564, 42801976.80889801, 42802266.80793615]	0.0	0.0	0.0
3702.527594396579	2.0	trials	8.0	1.0	1.0	0.0	10000.0	0.0	True	40.0	0.0	0.005	[42802555.8069776, 42802845.80601574, 42861440.61166936, 42861729.610710815, 42862019.60974895, 42862309.60878709, 42862599.60782522, 42862887.60686999, 42863177.60590812, 42863467.60494626, 42863757.60398439, 42864047.60302253, 42864336.60206398, 42864626.60110211, 42864916.60014025, 42865205.599181704, 42865495.59821984, 42865784.5972613, 42866073.59630275, 42866363.595340885]	0.0	0.0	0.0
3709.062004723386	2.0	trials	8.0	1.0	1.0	0.0	10000.0	0.0	True	40.0	0.0	0.005	[42866653.59437902, 42866943.59341715, 42937069.360825054, 42937359.35986319, 42937648.358904645, 42937938.357942775, 42938228.35698091, 42938517.356022365, 42938807.355060495, 42939097.35409863, 42939386.35314009, 42939676.35217823, 42939966.35121636, 42940256.3502545, 42940545.34929595, 42940834.348337404, 42941125.34737223, 42941413.346416995, 42941703.345455125, 42941993.344493255]	0.0	0.0	0.0
3715.733704194836	2.0	trials	8.0	1.0	1.0	0.0	10000.0	0.0	True	40.0	0.0	0.005	[42942283.3435314, 42942573.34256953, 43014288.10470708, 43014578.103745215, 43014868.10278335, 43015158.10182148, 43015447.100862935, 43015737.09990107, 43016026.098942526, 43016316.097980656, 43016606.09701879, 43016896.09605693, 43017185.09509839, 43017475.09413652, 43017765.09317466, 43018054.09221611, 43018344.09125424, 43018634.09029239, 43018922.08933715, 43019212.088375285]	0.0	0.0	0.0
3722.4885201906063	2.0	trials	8.0	1.0	1.0	0.0	10000.0	0.0	True	40.0	0.0	0.005	[43019503.08741011, 43019792.08645155, 43092469.84539505, 43092759.84443318, 43093048.843474634, 43093338.84251277, 43093627.841554224, 43093917.84059236, 43094206.839633815, 43094497.83866863, 43094786.83771009, 43095075.836751536, 43095365.83578967, 43095655.83482781, 43095944.83386926, 43096234.83290739, 43096524.83194553, 43096814.83098367, 43097103.83002512, 43097393.82906326]	0.0	0.0	0.0
3728.5140362053035	2.0	trials	8.0	1.0	1.0	0.0	10000.0	0.0	True	40.0	0.0	0.005	[43097682.828104705, 43097972.82714284, 43162208.614086546, 43162497.613128, 43162788.61216281, 43163078.61120095, 43163367.610242404, 43163656.60928386, 43163946.60832199, 43164236.607360125, 43164525.60640158, 43164815.605439715, 43165105.60447785, 43165394.6035193, 43165684.602557436, 43165973.60159889, 43166263.600637026, 43166553.59967516, 43166843.59871329, 43167132.59775475]	0.0	0.0	0.0
3735.8638870274744	2.0	trials	8.0	1.0	1.0	0.0	10000.0	0.0	True	40.0	0.0	0.005	[43167421.59679619, 43167711.59583434, 43247277.3319319, 43247567.33097003, 43247856.33001148, 43248145.32905293, 43248436.32808775, 43248725.3271292, 43249014.32617065, 43249304.32520879, 43249595.32424361, 43249883.32328838, 43250173.32232651, 43250463.32136465, 43250752.3204061, 43251042.31944423, 43251332.31848238, 43251622.31752051, 43251911.31656196, 43252201.3156001]	0.0	0.0	0.0
3741.228099635569	2.0	trials	8.0	1.0	1.0	0.0	10000.0	0.0	True	40.0	0.0	0.005	[43252490.31464154, 43252780.31367969, 43309362.12600997, 43309651.12505143, 43309941.12408957, 43310231.12312769, 43310520.12216915, 43310810.12120729, 43311100.12024542, 43311390.11928356, 43311679.11832501, 43311969.11736315, 43312259.116401285, 43312548.11544273, 43312838.11448087, 43313127.11352232, 43313417.11256046, 43313707.11159859, 43313996.11064004, 43314286.10967818]	0.0	0.0	0.0
3748.8121800808526	2.0	trials	8.0	1.0	1.0	0.0	10000.0	0.0	True	40.0	0.0	0.005	[43314576.10871632, 43314865.10775777, 43397140.83486687, 43397430.833905, 43397720.832943134, 43398009.83198459, 43398300.83101941, 43398589.83006086, 43398879.82909899, 43399169.82813713, 43399458.82717858, 43399748.82621671, 43400037.82525817, 43400326.82429962, 43400616.823337756, 43400906.82237589, 43401195.82141735, 43401485.82045548, 43401774.81949693, 43402065.81853175]	0.0	0.0	0.0
3755.7784161753893	2.0	trials	8.0	1.0	1.0	0.0	10000.0	0.0	True	40.0	0.0	0.005	[43402353.81757652, 43402644.816611335, 43477768.56744201, 43478059.56647683, 43478347.5655216, 43478637.56455973, 43478928.56359455, 43479217.562636, 43479507.56167413, 43479796.560715586, 43480086.55975372, 43480375.55879518, 43480665.557833314, 43480954.55687476, 43481245.55590958, 43481534.554951034, 43481824.553989165, 43482113.55303062, 43482402.55207207, 43482692.55111021]	0.0	0.0	0.0
3762.2937321655286	2.0	trials	8.0	1.0	1.0	0.0	10000.0	0.0	True	40.0	0.0	0.005	[43482982.550148346, 43483272.549186476, 43553177.31732739, 43553467.316365525, 43553757.31540366, 43554047.31444179, 43554335.31348656, 43554626.31252138, 43554916.31155951, 43555205.31060097, 43555494.30964242, 43555784.30868056, 43556074.307718694, 43556363.30676015, 43556653.30579828, 43556943.304836415, 43557233.30387455, 43557522.30291601, 43557812.30195414, 43558101.300995596]	0.0	0.0	0.0
3768.616895192996	2.0	trials	8.0	1.0	1.0	0.0	10000.0	0.0	True	40.0	0.0	0.005	[43558391.30003373, 43558680.299075186, 43626362.074589275, 43626652.07362742, 43626942.07266555, 43627231.071707, 43627521.07074514, 43627810.069786586, 43628100.06882472, 43628390.06786286, 43628680.06690099, 43628969.06594245, 43629258.064983904, 43629548.064022034, 43629838.06306017, 43630128.0620983, 43630418.06113645, 43630707.0601779, 43630996.05921935, 43631286.05825748]	0.0	0.0	0.0
3776.382501436199	2.0	trials	8.0	1.0	1.0	0.0	10000.0	0.0	True	40.0	0.0	0.005	[43631575.057298936, 43631865.05633707, 43716241.77647763, 43716530.77551908, 43716820.77455722, 43717110.77359535, 43717400.772633485, 43717690.77167162, 43717978.770716384, 43718268.76975453, 43718559.76878934, 43718848.7678308, 43719138.766868934, 43719427.76591038, 43719717.76494852, 43720007.763986655, 43720296.7630281, 43720586.762066245, 43720875.7611077, 43721165.760145836]	0.0	0.0	0.0
3783.561453625204	2.0	trials	8.0	1.0	1.0	0.0	10000.0	0.0	True	40.0	0.0	0.005	[43721454.75918729, 43721745.7582221, 43799332.50088355, 43799621.49992501, 43799911.49896314, 43800200.49800459, 43800490.49704273, 43800780.49608086, 43801070.495119, 43801359.49416045, 43801649.49319859, 43801939.492236726, 43802228.49127818, 43802517.49031963, 43802807.48935777, 43803097.4883959, 43803387.48743404, 43803677.486472175, 43803966.48551363, 43804256.484551765]	0.0	0.0	0.0
3790.2659849877573	2.0	trials	8.0	1.0	1.0	0.0	10000.0	0.0	True	40.0	0.0	0.005	[43804545.48359321, 43804835.48263135, 43876931.24350521, 43877220.242546655, 43877509.24158811, 43877799.24062624, 43878089.23966438, 43878379.23870251, 43878669.23774065, 43878957.23678542, 43879247.23582356, 43879536.234865, 43879826.23390314, 43880116.23294128, 43880407.2319761, 43880696.231017545, 43880985.230059, 43881275.229097135, 43881565.22813527, 43881855.22717341]	0.0	0.0	0.0
3798.2007618698585	2.0	trials	8.0	1.0	1.0	0.0	10000.0	0.0	True	40.0	0.0	0.005	[43882144.226214856, 43882434.22525299, 43968768.93889931, 43969057.93794076, 43969347.93697889, 43969637.93601703, 43969926.93505848, 43970216.93409662, 43970506.93313476, 43970795.9321762, 43971084.931217656, 43971375.93025248, 43971665.92929061, 43971953.928335376, 43972243.92737351, 43972533.92641165, 43972823.92544979, 43973112.92449124, 43973402.92352937, 43973692.92256751]	0.0	0.0	0.0
3805.566251040161	2.0	trials	8.0	1.0	1.0	0.0	10000.0	0.0	True	40.0	0.0	0.005	[43973981.92160896, 43974271.9206471, 44054017.65614764, 44054306.65518909, 44054596.65422723, 44054886.65326536, 44055176.652303495, 44055465.65134495, 44055754.6503864, 44056044.64942453, 44056333.64846598, 44056623.64750412, 44056913.64654226, 44057202.64558371, 44057492.64462184, 44057782.64365999, 44058071.64270143, 44058361.64173957, 44058650.640781015, 44058940.63981915]	0.0	0.0	0.0
3813.204763304907	2.0	trials	8.0	1.0	1.0	0.0	10000.0	0.0	True	40.0	0.0	0.005	[44059230.63885729, 44059520.63789543, 44142425.36291827, 44142715.36195641, 44143005.36099454, 44143295.36003268, 44143584.35907414, 44143873.35811558, 44144162.35715704, 44144452.356195174, 44144743.355229996, 44145033.354268126, 44145321.353312895, 44145611.35235103, 44145901.35138917, 44146191.3504273, 44146481.34946544, 44146769.348510206, 44147060.34754503, 44147349.34658648]	0.0	0.0	0.0
3821.334285141082	2.0	trials	8.0	1.0	1.0	0.0	10000.0	0.0	True	40.0	0.0	0.005	[44147639.34562461, 44147929.34466275, 44236518.050833054, 44236807.04987451, 44237098.04890933, 44237387.047950774, 44237676.04699223, 44237966.046030365, 44238256.0450685, 44238546.04410664, 44238835.043148085, 44239125.04218622, 44239414.041227676, 44239704.04026581, 44239994.03930394, 44240283.0383454, 44240572.03738685, 44240863.03642167, 44241152.035463125, 44241442.034501255]	0.0	0.0	0.0
3829.2243069716264	2.0	trials	8.0	1.0	1.0	0.0	10000.0	0.0	True	40.0	0.0	0.005	[44241731.03354271, 44242022.03257753, 44327837.74794525, 44328126.746986695, 44328416.74602483, 44328705.74506628, 44328995.74410442, 44329284.743145876, 44329575.74218069, 44329863.741225466, 44330153.740263596, 44330443.73930173, 44330733.73833987, 44331023.73737801, 44331312.73641946, 44331602.73545759, 44331891.734499045, 44332181.73353718, 44332471.73257531, 44332760.73161677]	0.0	0.0	0.0
3836.6829350330077	2.0	trials	8.0	1.0	1.0	0.0	10000.0	0.0	True	40.0	0.0	0.005	[44333050.7306549, 44333340.72969303, 44414164.461618096, 44414453.46065954, 44414743.45969768, 44415032.458739124, 44415322.45777727, 44415611.456818715, 44415901.45585685, 44416191.45489499, 44416480.45393644, 44416770.45297458, 44417060.45201271, 44417350.45105085, 44417639.45009231, 44417928.449133754, 44418219.448168576, 44418508.44721003, 44418798.44624816, 44419087.44528962]	0.0	0.0	0.0
3841.9679191038854	2.0	trials	8.0	1.0	1.0	0.0	10000.0	0.0	True	40.0	0.0	0.005	[44419376.444331065, 44419666.4433692, 44475332.25873765, 44475622.25777579, 44475911.256817244, 44476201.255855374, 44476491.25489351, 44476781.25393165, 44477070.2529731, 44477360.25201124, 44477650.25104937, 44477940.25008751, 44478229.24912896, 44478519.24816709, 44478808.24720855, 44479097.24625, 44479388.24528482, 44479677.24432627, 44479967.2433644, 44480256.24240586]	0.0	0.0	0.0
3848.3043012875087	2.0	trials	8.0	1.0	1.0	0.0	10000.0	0.0	True	40.0	0.0	0.005	[44480546.241444, 44480836.24048213, 44548671.01548876, 44548961.014526896, 44549249.013571665, 44549539.01260981, 44549829.01164794, 44550119.01068608, 44550408.00972753, 44550698.00876566, 44550988.0078038, 44551277.00684525, 44551567.00588338, 44551856.00492484, 44552146.00396297, 44552436.00300111, 44552726.002039246, 44553015.00108069, 44553305.00011884, 44553593.99916028]	0.0	0.0	0.0
3855.031296575553	2.0	trials	8.0	1.0	1.0	0.0	10000.0	0.0	True	40.0	0.0	0.005	[44553883.99819842, 44554172.997239865, 44626528.75725137, 44626819.75628619, 44627108.75532764, 44627398.75436577, 44627688.75340391, 44627977.75244536, 44628267.75148349, 44628556.750524946, 44628846.74956308, 44629136.74860121, 44629425.74764268, 44629714.74668413, 44630005.74571894, 44630294.7447604, 44630584.74379853, 44630873.742839985, 44631163.74187812, 44631452.740919575]	0.0	0.0	0.0
3862.693395962066	2.0	trials	8.0	1.0	1.0	0.0	10000.0	0.0	True	40.0	0.0	0.005	[44631743.7399544, 44632031.738999166, 44715210.46311321, 44715500.46215135, 44715790.46118948, 44716080.460227616, 44716369.45926907, 44716659.45830721, 44716949.457345344, 44717238.45638679, 44717527.45542824, 44717817.45446638, 44718107.45350452, 44718397.452542655, 44718686.4515841, 44718975.450625554, 44719266.449660376, 44719556.448698506, 44719845.44773996, 44720134.44678141]	0.0	0.0	0.0
3870.5460931164075	2.0	trials	8.0	1.0	1.0	0.0	10000.0	0.0	True	40.0	0.0	0.005	[44720424.44581955, 44720713.444861, 44806099.161654934, 44806388.16069639, 44806678.159734525, 44806967.15877598, 44807257.15781411, 44807546.15685556, 44807836.1558937, 44808125.154935144, 44808415.15397328, 44808705.15301142, 44808995.15204955, 44809285.151087694, 44809573.15013246, 44809863.14917059, 44810153.14820873, 44810444.147243544, 44810732.14628832, 44811022.14532645]	0.0	0.0	0.0
3877.6933366105827	2.0	trials	8.0	1.0	1.0	0.0	10000.0	0.0	True	40.0	0.0	0.005	[44811311.14436791, 44811601.14340604, 44888820.88728475, 44889110.886322886, 44889400.885361016, 44889689.884402476, 44889978.88344393, 44890268.88248206, 44890557.88152351, 44890848.880558334, 44891137.87959979, 44891427.878637925, 44891717.877676055, 44892007.87671419, 44892296.875755645, 44892585.8747971, 44892875.87383523, 44893164.87287668, 44893454.87191482, 44893744.87095295]	0.0	0.0	0.0
3883.278473285921	2.0	trials	8.0	1.0	1.0	0.0	10000.0	0.0	True	40.0	0.0	0.005	[44894034.86999109, 44894324.869029224, 44953463.672878526, 44953753.671916656, 44954043.67095479, 44954333.66999293, 44954622.669034384, 44954911.66807584, 44955202.66711065, 44955491.666152105, 44955781.66519024, 44956071.66422838, 44956360.663269825, 44956649.66231128, 44956939.661349416, 44957229.66038755, 44957518.65942901, 44957808.658467144, 44958097.6575086, 44958387.65654673]	0.0	0.0	0.0
3912.085865738176	2.0	trials	9.0	1.0	1.0	0.0	10000.0	0.0	True	5.0	0.0	0.01	[44958677.655584864, 44958967.654623, 45286930.56684051, NaN, NaN, NaN, NaN, NaN, NaN, NaN, NaN, NaN, NaN, NaN, NaN, NaN, NaN, NaN, NaN, NaN]	0.0	0.0	0.0
3917.881817714286	2.0	trials	9.0	1.0	1.0	0.0	10000.0	0.0	True	5.0	0.0	0.01	[45289247.559155546, 45291564.551470585, 45354012.344344676, NaN, NaN, NaN, NaN, NaN, NaN, NaN, NaN, NaN, NaN, NaN, NaN, NaN, NaN, NaN, NaN, NaN]	0.0	0.0	0.0
3924.3737193820853	2.0	trials	9.0	1.0	1.0	0.0	10000.0	0.0	True	5.0	0.0	0.01	[45356329.33665971, 45358647.32897142, 45429151.095125586, NaN, NaN, NaN, NaN, NaN, NaN, NaN, NaN, NaN, NaN, NaN, NaN, NaN, NaN, NaN, NaN, NaN]	0.0	0.0	0.0
3929.8575091935686	2.0	trials	9.0	1.0	1.0	0.0	10000.0	0.0	True	5.0	0.0	0.01	[45431468.087440625, 45433785.07975566, 45492619.88461325, NaN, NaN, NaN, NaN, NaN, NaN, NaN, NaN, NaN, NaN, NaN, NaN, NaN, NaN, NaN, NaN, NaN]	0.0	0.0	0.0
3936.6484402695532	2.0	trials	9.0	1.0	1.0	0.0	10000.0	0.0	True	5.0	0.0	0.01	[45494936.87692829, 45497254.86924001, 45571218.62391813, NaN, NaN, NaN, NaN, NaN, NaN, NaN, NaN, NaN, NaN, NaN, NaN, NaN, NaN, NaN, NaN, NaN]	0.0	0.0	0.0
3943.981875146173	2.0	trials	9.0	1.0	1.0	0.0	10000.0	0.0	True	5.0	0.0	0.01	[45573536.616229855, 45575853.60854488, 45656096.34239698, NaN, NaN, NaN, NaN, NaN, NaN, NaN, NaN, NaN, NaN, NaN, NaN, NaN, NaN, NaN, NaN, NaN]	0.0	0.0	0.0
3951.8477914566697	2.0	trials	9.0	1.0	1.0	0.0	10000.0	0.0	True	5.0	0.0	0.01	[45658413.33471201, 45660730.32702705, 45747137.040434554, NaN, NaN, NaN, NaN, NaN, NaN, NaN, NaN, NaN, NaN, NaN, NaN, NaN, NaN, NaN, NaN, NaN]	0.0	0.0	0.0
3959.365948920605	2.0	trials	9.0	1.0	1.0	0.0	10000.0	0.0	True	5.0	0.0	0.01	[45749455.03274627, 45751772.02506131, 45834152.751822144, NaN, NaN, NaN, NaN, NaN, NaN, NaN, NaN, NaN, NaN, NaN, NaN, NaN, NaN, NaN, NaN, NaN]	0.0	0.0	0.0
3965.317593180319	2.0	trials	9.0	1.0	1.0	0.0	10000.0	0.0	True	5.0	0.0	0.01	[45836469.74413718, 45838786.736452214, 45903037.52334616, NaN, NaN, NaN, NaN, NaN, NaN, NaN, NaN, NaN, NaN, NaN, NaN, NaN, NaN, NaN, NaN, NaN]	0.0	0.0	0.0
3971.4970734843496	2.0	trials	9.0	1.0	1.0	0.0	10000.0	0.0	True	5.0	0.0	0.01	[45905354.515661195, 45907671.507976234, 45974559.28612385, NaN, NaN, NaN, NaN, NaN, NaN, NaN, NaN, NaN, NaN, NaN, NaN, NaN, NaN, NaN, NaN, NaN]	0.0	0.0	0.0
3977.3296589389556	2.0	trials	9.0	1.0	1.0	0.0	10000.0	0.0	True	5.0	0.0	0.01	[45976877.278435566, 45979194.2707506, 46042067.06221506, NaN, NaN, NaN, NaN, NaN, NaN, NaN, NaN, NaN, NaN, NaN, NaN, NaN, NaN, NaN, NaN, NaN]	0.0	0.0	0.0
3982.909784430914	2.0	trials	9.0	1.0	1.0	0.0	10000.0	0.0	True	5.0	0.0	0.01	[46044384.0545301, 46046701.04684514, 46106650.84800453, NaN, NaN, NaN, NaN, NaN, NaN, NaN, NaN, NaN, NaN, NaN, NaN, NaN, NaN, NaN, NaN, NaN]	0.0	0.0	0.0
3988.8497647293134	2.0	trials	9.0	1.0	1.0	0.0	10000.0	0.0	True	5.0	0.0	0.01	[46108967.84031956, 46111284.83263459, 46175401.619973, NaN, NaN, NaN, NaN, NaN, NaN, NaN, NaN, NaN, NaN, NaN, NaN, NaN, NaN, NaN, NaN, NaN]	0.0	0.0	0.0
3996.247912991294	2.0	trials	9.0	1.0	1.0	0.0	10000.0	0.0	True	5.0	0.0	0.01	[46177718.61228803, 46180035.60460306, 46261027.3359709, NaN, NaN, NaN, NaN, NaN, NaN, NaN, NaN, NaN, NaN, NaN, NaN, NaN, NaN, NaN, NaN, NaN]	0.0	0.0	0.0
4001.4682700765247	2.0	trials	9.0	1.0	1.0	0.0	10000.0	0.0	True	5.0	0.0	0.01	[46263345.32828262, 46265662.32059765, 46321448.13556809, NaN, NaN, NaN, NaN, NaN, NaN, NaN, NaN, NaN, NaN, NaN, NaN, NaN, NaN, NaN, NaN, NaN]	0.0	0.0	0.0
4008.2661131295836	2.0	trials	9.0	1.0	1.0	0.0	10000.0	0.0	True	5.0	0.0	0.01	[46323765.12788313, 46326082.12019816, 46400126.87460763, NaN, NaN, NaN, NaN, NaN, NaN, NaN, NaN, NaN, NaN, NaN, NaN, NaN, NaN, NaN, NaN, NaN]	0.0	0.0	0.0
4014.9656333087587	2.0	trials	9.0	1.0	1.0	0.0	10000.0	0.0	True	5.0	0.0	0.01	[46402443.86692266, 46404760.85923769, 46477668.617418334, NaN, NaN, NaN, NaN, NaN, NaN, NaN, NaN, NaN, NaN, NaN, NaN, NaN, NaN, NaN, NaN, NaN]	0.0	0.0	0.0
4022.617796728226	2.0	trials	9.0	1.0	1.0	0.0	10000.0	0.0	True	5.0	0.0	0.01	[46479985.609733365, 46482302.602048405, 46566234.323664926, NaN, NaN, NaN, NaN, NaN, NaN, NaN, NaN, NaN, NaN, NaN, NaN, NaN, NaN, NaN, NaN, NaN]	0.0	0.0	0.0
4030.0344345288804	2.0	trials	9.0	1.0	1.0	0.0	10000.0	0.0	True	5.0	0.0	0.01	[46568551.31597996, 46570869.30829167, 46652075.03894971, NaN, NaN, NaN, NaN, NaN, NaN, NaN, NaN, NaN, NaN, NaN, NaN, NaN, NaN, NaN, NaN, NaN]	0.0	0.0	0.0
4037.1008942909975	2.0	trials	9.0	1.0	1.0	0.0	10000.0	0.0	True	5.0	0.0	0.01	[46654392.03126475, 46656709.02357979, 46733863.76767409, NaN, NaN, NaN, NaN, NaN, NaN, NaN, NaN, NaN, NaN, NaN, NaN, NaN, NaN, NaN, NaN, NaN]	0.0	0.0	0.0
4045.1778851014064	2.0	trials	9.0	1.0	1.0	0.0	10000.0	0.0	True	5.0	0.0	0.01	[46736180.75998912, 46738497.75230415, 46827346.4576121, NaN, NaN, NaN, NaN, NaN, NaN, NaN, NaN, NaN, NaN, NaN, NaN, NaN, NaN, NaN, NaN, NaN]	0.0	0.0	0.0
4052.7936742415195	2.0	trials	9.0	1.0	1.0	0.0	10000.0	0.0	True	5.0	0.0	0.01	[46829663.44992714, 46831980.44224217, 46915492.16525173, NaN, NaN, NaN, NaN, NaN, NaN, NaN, NaN, NaN, NaN, NaN, NaN, NaN, NaN, NaN, NaN, NaN]	0.0	0.0	0.0
4059.7999998030887	2.0	trials	9.0	1.0	1.0	0.0	10000.0	0.0	True	5.0	0.0	0.01	[46917810.15756345, 46920127.14987849, 46996583.89628788, NaN, NaN, NaN, NaN, NaN, NaN, NaN, NaN, NaN, NaN, NaN, NaN, NaN, NaN, NaN, NaN, NaN]	0.0	0.0	0.0
4065.266509671885	2.0	trials	9.0	1.0	1.0	0.0	10000.0	0.0	True	5.0	0.0	0.01	[46998900.88860292, 47001217.88091796, 47059854.68643228, NaN, NaN, NaN, NaN, NaN, NaN, NaN, NaN, NaN, NaN, NaN, NaN, NaN, NaN, NaN, NaN, NaN]	0.0	0.0	0.0
4071.620344597621	2.0	trials	9.0	1.0	1.0	0.0	10000.0	0.0	True	5.0	0.0	0.01	[47062171.67874731, 47064488.67106234, 47133393.44252002, NaN, NaN, NaN, NaN, NaN, NaN, NaN, NaN, NaN, NaN, NaN, NaN, NaN, NaN, NaN, NaN, NaN]	0.0	0.0	0.0
4079.606097310647	2.0	trials	9.0	1.0	1.0	0.0	10000.0	0.0	True	5.0	0.0	0.01	[47135710.43483506, 47138027.42715009, 47225821.13595723, NaN, NaN, NaN, NaN, NaN, NaN, NaN, NaN, NaN, NaN, NaN, NaN, NaN, NaN, NaN, NaN, NaN]	0.0	0.0	0.0
4086.0683638767387	2.0	trials	9.0	1.0	1.0	0.0	10000.0	0.0	True	5.0	0.0	0.01	[47228138.128272265, 47230455.120587304, 47300615.88787912, NaN, NaN, NaN, NaN, NaN, NaN, NaN, NaN, NaN, NaN, NaN, NaN, NaN, NaN, NaN, NaN, NaN]	0.0	0.0	0.0
4092.81488550002	2.0	trials	9.0	1.0	1.0	0.0	10000.0	0.0	True	5.0	0.0	0.01	[47302932.88019416, 47305250.87250587, 47378700.62888882, NaN, NaN, NaN, NaN, NaN, NaN, NaN, NaN, NaN, NaN, NaN, NaN, NaN, NaN, NaN, NaN, NaN]	0.0	0.0	0.0
4098.999808985998	2.0	trials	9.0	1.0	1.0	0.0	10000.0	0.0	True	5.0	0.0	0.01	[47381017.62120385, 47383334.613518886, 47450285.39145755, NaN, NaN, NaN, NaN, NaN, NaN, NaN, NaN, NaN, NaN, NaN, NaN, NaN, NaN, NaN, NaN, NaN]	0.0	0.0	0.0
4106.40832521359	2.0	trials	9.0	1.0	1.0	0.0	10000.0	0.0	True	5.0	0.0	0.01	[47452602.38377258, 47454919.37608762, 47536032.10705412, NaN, NaN, NaN, NaN, NaN, NaN, NaN, NaN, NaN, NaN, NaN, NaN, NaN, NaN, NaN, NaN, NaN]	0.0	0.0	0.0
4122.799819646631	2.0	trials	10.0	1.0	1.0	0.0	10000.0	0.0	True	10.0	0.0	0.005	[47538349.09936916, 47540666.09168419, 47725701.477961585, 47726859.47412076, 47728019.4702733, NaN, NaN, NaN, NaN, NaN, NaN, NaN, NaN, NaN, NaN, NaN, NaN, NaN, NaN, NaN]	0.0	0.0	0.0
4129.622977815725	2.0	trials	10.0	1.0	1.0	0.0	10000.0	0.0	True	10.0	0.0	0.005	[47729177.466432475, 47730336.46258833, 47804673.2160293, 47805831.21218847, 47806991.20834102, NaN, NaN, NaN, NaN, NaN, NaN, NaN, NaN, NaN, NaN, NaN, NaN, NaN, NaN, NaN]	0.0	0.0	0.0
4137.659792759388	2.0	trials	10.0	1.0	1.0	0.0	10000.0	0.0	True	10.0	0.0	0.005	[47808149.204500206, 47809307.20065938, 47897692.90750299, 47898850.90366215, 47900009.89981802, NaN, NaN, NaN, NaN, NaN, NaN, NaN, NaN, NaN, NaN, NaN, NaN, NaN, NaN, NaN]	0.0	0.0	0.0
4145.407946260479	2.0	trials	10.0	1.0	1.0	0.0	10000.0	0.0	True	10.0	0.0	0.005	[47901167.895977184, 47902327.89212973, 47987370.61006131, 47988528.60622049, 47989686.60237967, NaN, NaN, NaN, NaN, NaN, NaN, NaN, NaN, NaN, NaN, NaN, NaN, NaN, NaN, NaN]	0.0	0.0	0.0
4151.483401309539	2.0	trials	10.0	1.0	1.0	0.0	10000.0	0.0	True	10.0	0.0	0.005	[47990846.598532215, 47992004.59469138, 48057688.3768324, 48058846.372991584, 48060005.369147435, NaN, NaN, NaN, NaN, NaN, NaN, NaN, NaN, NaN, NaN, NaN, NaN, NaN, NaN, NaN]	0.0	0.0	0.0
4157.417247228284	2.0	trials	10.0	1.0	1.0	0.0	10000.0	0.0	True	10.0	0.0	0.005	[48061163.3653066, 48062322.36146247, 48126367.14903968, 48127525.145198844, 48128683.141358025, NaN, NaN, NaN, NaN, NaN, NaN, NaN, NaN, NaN, NaN, NaN, NaN, NaN, NaN, NaN]	0.0	0.0	0.0
4164.947327852674	2.0	trials	10.0	1.0	1.0	0.0	10000.0	0.0	True	10.0	0.0	0.005	[48129843.13751057, 48131001.13366975, 48213521.85996622, 48214679.8561254, 48215836.8522879, NaN, NaN, NaN, NaN, NaN, NaN, NaN, NaN, NaN, NaN, NaN, NaN, NaN, NaN, NaN]	0.0	0.0	0.0
4171.007230953317	2.0	trials	10.0	1.0	1.0	0.0	10000.0	0.0	True	10.0	0.0	0.005	[48216995.848443754, 48218154.84459962, 48283657.627340965, 48284816.62349683, 48285975.61965268, NaN, NaN, NaN, NaN, NaN, NaN, NaN, NaN, NaN, NaN, NaN, NaN, NaN, NaN, NaN]	0.0	0.0	0.0
4178.735253321177	2.0	trials	10.0	1.0	1.0	0.0	10000.0	0.0	True	10.0	0.0	0.005	[48287133.61581186, 48288291.61197103, 48373102.330672115, 48374261.326827966, 48375419.32298715, NaN, NaN, NaN, NaN, NaN, NaN, NaN, NaN, NaN, NaN, NaN, NaN, NaN, NaN, NaN]	0.0	0.0	0.0
4185.407298391481	2.0	trials	10.0	1.0	1.0	0.0	10000.0	0.0	True	10.0	0.0	0.005	[48376578.319143005, 48377737.315298855, 48450325.07454087, 48451484.07069673, 48452642.0668559, NaN, NaN, NaN, NaN, NaN, NaN, NaN, NaN, NaN, NaN, NaN, NaN, NaN, NaN, NaN]	0.0	0.0	0.0
4192.72233012914	2.0	trials	10.0	1.0	1.0	0.0	10000.0	0.0	True	10.0	0.0	0.005	[48453801.06301176, 48454960.059167616, 48534990.79372287, 48536148.78988204, 48537307.7860379, NaN, NaN, NaN, NaN, NaN, NaN, NaN, NaN, NaN, NaN, NaN, NaN, NaN, NaN, NaN]	0.0	0.0	0.0
4197.977333499457	2.0	trials	10.0	1.0	1.0	0.0	10000.0	0.0	True	10.0	0.0	0.005	[48538466.782193765, 48539624.77835293, 48595812.59199004, 48596971.5881459, 48598129.58430507, NaN, NaN, NaN, NaN, NaN, NaN, NaN, NaN, NaN, NaN, NaN, NaN, NaN, NaN, NaN]	0.0	0.0	0.0
4204.721608730189	2.0	trials	10.0	1.0	1.0	0.0	10000.0	0.0	True	10.0	0.0	0.005	[48599287.58046425, 48600446.57662011, 48673870.33308929, 48675028.32924846, 48676187.32540432, NaN, NaN, NaN, NaN, NaN, NaN, NaN, NaN, NaN, NaN, NaN, NaN, NaN, NaN, NaN]	0.0	0.0	0.0
4212.443583118109	2.0	trials	10.0	1.0	1.0	0.0	10000.0	0.0	True	10.0	0.0	0.005	[48677345.3215635, 48678504.31771936, 48763245.0366526, 48764403.03281178, 48765563.028964326, NaN, NaN, NaN, NaN, NaN, NaN, NaN, NaN, NaN, NaN, NaN, NaN, NaN, NaN, NaN]	0.0	0.0	0.0
4220.255326808284	2.0	trials	10.0	1.0	1.0	0.0	10000.0	0.0	True	10.0	0.0	0.005	[48766721.02512349, 48767879.02128267, 48853659.73676649, 48854817.73292567, 48855976.72908152, NaN, NaN, NaN, NaN, NaN, NaN, NaN, NaN, NaN, NaN, NaN, NaN, NaN, NaN, NaN]	0.0	0.0	0.0
4225.853250641209	2.0	trials	10.0	1.0	1.0	0.0	10000.0	0.0	True	10.0	0.0	0.005	[48857134.7252407, 48858294.721393235, 48918450.52186938, 48919608.51802854, 48920766.51418772, NaN, NaN, NaN, NaN, NaN, NaN, NaN, NaN, NaN, NaN, NaN, NaN, NaN, NaN, NaN]	0.0	0.0	0.0
4231.307578150413	2.0	trials	10.0	1.0	1.0	0.0	10000.0	0.0	True	10.0	0.0	0.005	[48921925.51034358, 48923084.50649943, 48981579.31248475, 48982738.3086406, 48983896.30479978, NaN, NaN, NaN, NaN, NaN, NaN, NaN, NaN, NaN, NaN, NaN, NaN, NaN, NaN, NaN]	0.0	0.0	0.0
4237.457682551877	2.0	trials	10.0	1.0	1.0	0.0	10000.0	0.0	True	10.0	0.0	0.005	[48985054.30095895, 48986213.29711481, 49052760.07639345, 49053920.07254599, 49055078.06870517, NaN, NaN, NaN, NaN, NaN, NaN, NaN, NaN, NaN, NaN, NaN, NaN, NaN, NaN, NaN]	0.0	0.0	0.0
4243.547393553653	2.0	trials	10.0	1.0	1.0	0.0	10000.0	0.0	True	10.0	0.0	0.005	[49056236.06486434, 49057396.06101688, 49123243.84261395, 49124401.83877312, 49125561.83492567, NaN, NaN, NaN, NaN, NaN, NaN, NaN, NaN, NaN, NaN, NaN, NaN, NaN, NaN, NaN]	0.0	0.0	0.0
4250.201726682703	2.0	trials	10.0	1.0	1.0	0.0	10000.0	0.0	True	10.0	0.0	0.005	[49126719.83108484, 49127877.82724402, 49200260.58716597, 49201419.583321825, 49202578.579477675, NaN, NaN, NaN, NaN, NaN, NaN, NaN, NaN, NaN, NaN, NaN, NaN, NaN, NaN, NaN]	0.0	0.0	0.0
4257.053310357517	2.0	trials	10.0	1.0	1.0	0.0	10000.0	0.0	True	10.0	0.0	0.005	[49203736.575636856, 49204895.571792714, 49279561.324142456, 49280719.32030164, 49281878.316457495, NaN, NaN, NaN, NaN, NaN, NaN, NaN, NaN, NaN, NaN, NaN, NaN, NaN, NaN, NaN]	0.0	0.0	0.0
4263.55134640497	2.0	trials	10.0	1.0	1.0	0.0	10000.0	0.0	True	10.0	0.0	0.005	[49283037.31261336, 49284195.30877253, 49354770.07469119, 49355930.070843734, 49357087.06700624, NaN, NaN, NaN, NaN, NaN, NaN, NaN, NaN, NaN, NaN, NaN, NaN, NaN, NaN, NaN]	0.0	0.0	0.0
4271.47048493894	2.0	trials	10.0	1.0	1.0	0.0	10000.0	0.0	True	10.0	0.0	0.005	[49358246.0631621, 49359404.05932127, 49446426.770685636, 49447585.7668415, 49448743.763000675, NaN, NaN, NaN, NaN, NaN, NaN, NaN, NaN, NaN, NaN, NaN, NaN, NaN, NaN, NaN]	0.0	0.0	0.0
4276.883858983976	2.0	trials	10.0	1.0	1.0	0.0	10000.0	0.0	True	10.0	0.0	0.005	[49449901.75915985, 49451061.75531239, 49509082.56286984, 49510241.5590257, 49511400.555181555, NaN, NaN, NaN, NaN, NaN, NaN, NaN, NaN, NaN, NaN, NaN, NaN, NaN, NaN, NaN]	0.0	0.0	0.0
4283.513395395272	2.0	trials	10.0	1.0	1.0	0.0	10000.0	0.0	True	10.0	0.0	0.005	[49512557.55134405, 49513716.54749992, 49585813.30837045, 49586971.30452963, 49588130.30068548, NaN, NaN, NaN, NaN, NaN, NaN, NaN, NaN, NaN, NaN, NaN, NaN, NaN, NaN, NaN]	0.0	0.0	0.0
4289.837508819587	2.0	trials	10.0	1.0	1.0	0.0	10000.0	0.0	True	10.0	0.0	0.005	[49589287.29684797, 49590447.29300052, 49659008.06559919, 49660167.06175504, 49661325.057914205, NaN, NaN, NaN, NaN, NaN, NaN, NaN, NaN, NaN, NaN, NaN, NaN, NaN, NaN, NaN]	0.0	0.0	0.0
4297.918387617101	2.0	trials	10.0	1.0	1.0	0.0	10000.0	0.0	True	10.0	0.0	0.005	[49662484.05407008, 49663642.050229244, 49752537.75538129, 49753695.751540475, 49754854.747696325, NaN, NaN, NaN, NaN, NaN, NaN, NaN, NaN, NaN, NaN, NaN, NaN, NaN, NaN, NaN]	0.0	0.0	0.0
4303.40433742142	2.0	trials	10.0	1.0	1.0	0.0	10000.0	0.0	True	10.0	0.0	0.005	[49756012.743855506, 49757170.74001468, 49816032.544782735, 49817190.54094192, 49818348.53710108, NaN, NaN, NaN, NaN, NaN, NaN, NaN, NaN, NaN, NaN, NaN, NaN, NaN, NaN, NaN]	0.0	0.0	0.0
4308.851493754408	2.0	trials	10.0	1.0	1.0	0.0	10000.0	0.0	True	10.0	0.0	0.005	[49819507.53325693, 49820666.529412806, 49879077.33567671, 49880236.33183257, 49881394.32799174, NaN, NaN, NaN, NaN, NaN, NaN, NaN, NaN, NaN, NaN, NaN, NaN, NaN, NaN, NaN]	0.0	0.0	0.0
4314.9237520140705	2.0	trials	10.0	1.0	1.0	0.0	10000.0	0.0	True	10.0	0.0	0.005	[49882553.32414761, 49883711.32030678, 49949359.10256719, 49950517.09872637, 49951676.094882235, NaN, NaN, NaN, NaN, NaN, NaN, NaN, NaN, NaN, NaN, NaN, NaN, NaN, NaN, NaN]	0.0	0.0	0.0
4335.151825722028	2.0	trials	11.0	1.0	1.0	0.0	10000.0	0.0	True	20.0	0.0	0.005	[49952835.09103809, 49953993.08719727, 50183480.32603741, 50184058.32412032, 50184638.322196595, 50185217.320276186, 50185797.31835245, 50186376.316432044, 50186955.314511634, 50187535.3125879, NaN, NaN, NaN, NaN, NaN, NaN, NaN, NaN, NaN, NaN]	0.0	0.0	0.0
4343.175075910683	2.0	trials	11.0	1.0	1.0	0.0	10000.0	0.0	True	20.0	0.0	0.005	[50188114.310667485, 50188693.308747075, 50276342.01803514, 50276921.016114734, 50277501.014191, 50278079.012273915, 50278659.01035018, 50279238.008429766, 50279818.00650603, 50280396.00458894, NaN, NaN, NaN, NaN, NaN, NaN, NaN, NaN, NaN, NaN]	0.0	0.0	0.0
4349.059846792201	2.0	trials	11.0	1.0	1.0	0.0	10000.0	0.0	True	20.0	0.0	0.005	[50280976.002665214, 50281555.000744805, 50344451.79212966, 50345031.79020593, 50345609.78828884, 50346189.786365114, 50346768.78444469, 50347348.78252097, 50347926.78060387, 50348507.77867682, NaN, NaN, NaN, NaN, NaN, NaN, NaN, NaN, NaN, NaN]	0.0	0.0	0.0
4355.576026779473	2.0	trials	11.0	1.0	1.0	0.0	10000.0	0.0	True	20.0	0.0	0.005	[50349085.77675973, 50349664.77483931, 50419871.54197856, 50420449.540061474, 50421029.53813774, 50421608.53621733, 50422188.53429359, 50422766.532376505, 50423345.53045609, 50423926.52852905, NaN, NaN, NaN, NaN, NaN, NaN, NaN, NaN, NaN, NaN]	0.0	0.0	0.0
4362.471847107564	2.0	trials	11.0	1.0	1.0	0.0	10000.0	0.0	True	20.0	0.0	0.005	[50424505.52660863, 50425084.52468822, 50499684.27725687, 50500263.27533647, 50500842.27341606, 50501422.271492325, 50502002.2695686, 50502580.267651506, 50503160.265727766, 50503738.26381067, NaN, NaN, NaN, NaN, NaN, NaN, NaN, NaN, NaN, NaN]	0.0	0.0	0.0
4368.36162917246	2.0	trials	11.0	1.0	1.0	0.0	10000.0	0.0	True	20.0	0.0	0.005	[50504318.26188695, 50504897.25996654, 50567853.05115571, 50568431.04923861, 50569011.04731488, 50569590.04539447, 50570170.04347074, 50570749.04155033, 50571328.03962992, 50571908.03770618, NaN, NaN, NaN, NaN, NaN, NaN, NaN, NaN, NaN, NaN]	0.0	0.0	0.0
4375.723662354226	2.0	trials	11.0	1.0	1.0	0.0	10000.0	0.0	True	20.0	0.0	0.005	[50572487.03578577, 50573066.03386536, 50653061.76853671, 50653639.76661961, 50654218.7646992, 50654798.762775466, 50655378.76085174, 50655956.75893464, 50656536.75701091, 50657115.7550905, NaN, NaN, NaN, NaN, NaN, NaN, NaN, NaN, NaN, NaN]	0.0	0.0	0.0
4382.551658907272	2.0	trials	11.0	1.0	1.0	0.0	10000.0	0.0	True	20.0	0.0	0.005	[50657694.75317009, 50658274.751246355, 50732088.506422006, 50732667.504501596, 50733247.50257786, 50733826.500657454, 50734406.498733714, 50734985.496813305, 50735564.494892895, 50736143.492972486, NaN, NaN, NaN, NaN, NaN, NaN, NaN, NaN, NaN, NaN]	0.0	0.0	0.0
4390.198465544508	2.0	trials	11.0	1.0	1.0	0.0	10000.0	0.0	True	20.0	0.0	0.005	[50736723.49104875, 50737302.48912834, 50820594.2128676, 50821172.2109505, 50821752.209026776, 50822331.20710636, 50822910.20518595, 50823489.20326553, 50824069.201341815, 50824648.19942139, NaN, NaN, NaN, NaN, NaN, NaN, NaN, NaN, NaN, NaN]	0.0	0.0	0.0
4396.315306056302	2.0	trials	11.0	1.0	1.0	0.0	10000.0	0.0	True	20.0	0.0	0.005	[50825227.19750098, 50825807.19557726, 50891390.97804994, 50891968.97613284, 50892548.974209115, 50893127.972288705, 50893707.97036497, 50894286.96844456, 50894866.96652083, 50895445.96460042, NaN, NaN, NaN, NaN, NaN, NaN, NaN, NaN, NaN, NaN]	0.0	0.0	0.0
4401.530219959586	2.0	trials	11.0	1.0	1.0	0.0	10000.0	0.0	True	20.0	0.0	0.005	[50896024.962680005, 50896603.960759595, 50951748.7778561, 50952328.775932364, 50952906.77401526, 50953486.772091545, 50954065.77017113, 50954644.76825071, 50955225.76632367, 50955802.764409885, NaN, NaN, NaN, NaN, NaN, NaN, NaN, NaN, NaN, NaN]	0.0	0.0	0.0
4407.441256353986	2.0	trials	11.0	1.0	1.0	0.0	10000.0	0.0	True	20.0	0.0	0.005	[50956382.76248617, 50956962.76056243, 51020162.55094232, 51020742.549018584, 51021321.547098175, 51021901.54517445, 51022480.543254025, 51023060.54133031, 51023639.53940989, 51024217.5374928, NaN, NaN, NaN, NaN, NaN, NaN, NaN, NaN, NaN, NaN]	0.0	0.0	0.0
4413.230209953309	2.0	trials	11.0	1.0	1.0	0.0	10000.0	0.0	True	20.0	0.0	0.005	[51024796.53557238, 51025377.53364534, 51087165.3287085, 51087745.32678478, 51088323.32486768, 51088902.32294727, 51089482.32102354, 51090061.31910313, 51090641.31717939, 51091219.3152623, NaN, NaN, NaN, NaN, NaN, NaN, NaN, NaN, NaN, NaN]	0.0	0.0	0.0
4420.944235567593	2.0	trials	11.0	1.0	1.0	0.0	10000.0	0.0	True	20.0	0.0	0.005	[51091799.31333857, 51092379.31141484, 51176448.03257697, 51177028.03065324, 51177606.02873614, 51178186.02681241, 51178765.024892, 51179344.02297159, 51179923.02105117, 51180503.01912744, NaN, NaN, NaN, NaN, NaN, NaN, NaN, NaN, NaN, NaN]	0.0	0.0	0.0
4426.189821369146	2.0	trials	11.0	1.0	1.0	0.0	10000.0	0.0	True	20.0	0.0	0.005	[51181082.017207034, 51181662.0152833, 51237160.831205666, 51237740.829281926, 51238319.82736152, 51238898.82544111, 51239477.8235207, 51240056.82160029, 51240635.819679864, 51241215.81775614, NaN, NaN, NaN, NaN, NaN, NaN, NaN, NaN, NaN, NaN]	0.0	0.0	0.0
4431.808221934156	2.0	trials	11.0	1.0	1.0	0.0	10000.0	0.0	True	20.0	0.0	0.005	[51241794.81583573, 51242374.813912, 51302188.615522474, 51302767.613602065, 51303346.611681655, 51303927.60975461, 51304505.607837506, 51305084.605917096, 51305664.60399336, 51306243.602072954, NaN, NaN, NaN, NaN, NaN, NaN, NaN, NaN, NaN, NaN]	0.0	0.0	0.0
4438.591722634785	2.0	trials	11.0	1.0	1.0	0.0	10000.0	0.0	True	20.0	0.0	0.005	[51306823.60014923, 51307402.59822882, 51380700.35511591, 51381280.35319218, 51381859.35127177, 51382439.34934804, 51383017.34743095, 51383597.34550722, 51384177.34358348, 51384755.34166639, NaN, NaN, NaN, NaN, NaN, NaN, NaN, NaN, NaN, NaN]	0.0	0.0	0.0
4443.816399705688	2.0	trials	11.0	1.0	1.0	0.0	10000.0	0.0	True	20.0	0.0	0.005	[51385335.33974266, 51385914.33782225, 51441172.15454395, 51441751.152623534, 51442331.1506998, 51442909.148782715, 51443489.14685898, 51444068.14493857, 51444648.14301484, 51445227.141094424, NaN, NaN, NaN, NaN, NaN, NaN, NaN, NaN, NaN, NaN]	0.0	0.0	0.0
4449.315655065875	2.0	trials	11.0	1.0	1.0	0.0	10000.0	0.0	True	20.0	0.0	0.005	[51445807.139170706, 51446386.13725028, 51504819.94343792, 51505398.9415175, 51505978.93959377, 51506557.93767336, 51507137.93574963, 51507715.93383254, 51508295.93190881, 51508874.92998839, NaN, NaN, NaN, NaN, NaN, NaN, NaN, NaN, NaN, NaN]	0.0	0.0	0.0
4455.309203186602	2.0	trials	11.0	1.0	1.0	0.0	10000.0	0.0	True	20.0	0.0	0.005	[51509453.92806798, 51510032.926147565, 51574190.713349976, 51574769.711429566, 51575349.70950583, 51575927.70758875, 51576507.70566502, 51577087.70374129, 51577665.70182419, 51578245.69990046, NaN, NaN, NaN, NaN, NaN, NaN, NaN, NaN, NaN, NaN]	0.0	0.0	0.0
4463.333490171818	2.0	trials	11.0	1.0	1.0	0.0	10000.0	0.0	True	20.0	0.0	0.005	[51578825.69797673, 51579403.69605964, 51667063.40531123, 51667643.403387494, 51668223.40146377, 51668802.39954335, 51669381.39762294, 51669960.395702526, 51670539.39378212, 51671119.391858384, NaN, NaN, NaN, NaN, NaN, NaN, NaN, NaN, NaN, NaN]	0.0	0.0	0.0
4471.2565166928935	2.0	trials	11.0	1.0	1.0	0.0	10000.0	0.0	True	20.0	0.0	0.005	[51671697.3899413, 51672277.388017565, 51758765.10115641, 51759345.09923268, 51759924.097312264, 51760503.095391855, 51761083.09346812, 51761662.09154771, 51762242.08962398, 51762821.08770356, NaN, NaN, NaN, NaN, NaN, NaN, NaN, NaN, NaN, NaN]	0.0	0.0	0.0
4478.995771023499	2.0	trials	11.0	1.0	1.0	0.0	10000.0	0.0	True	20.0	0.0	0.005	[51763399.08578647, 51763979.083862744, 51848340.80405306, 51848919.802132644, 51849499.80020891, 51850077.79829182, 51850657.79636809, 51851236.79444768, 51851816.79252395, 51852394.79060685, NaN, NaN, NaN, NaN, NaN, NaN, NaN, NaN, NaN, NaN]	0.0	0.0	0.0
4485.29206374009	2.0	trials	11.0	1.0	1.0	0.0	10000.0	0.0	True	20.0	0.0	0.005	[51852973.78868644, 51853553.786762714, 51921214.56234646, 51921793.56042605, 51922373.558502324, 51922951.55658522, 51923530.55466481, 51924110.55274108, 51924689.55082067, 51925268.548900254, NaN, NaN, NaN, NaN, NaN, NaN, NaN, NaN, NaN, NaN]	0.0	0.0	0.0
4491.727719194446	2.0	trials	11.0	1.0	1.0	0.0	10000.0	0.0	True	20.0	0.0	0.005	[51925848.54697652, 51926427.54505611, 51995700.31529322, 51996280.3133695, 51996859.31144909, 51997439.309525356, 51998018.307604946, 51998597.30568453, 51999177.3037608, 51999755.30184371, NaN, NaN, NaN, NaN, NaN, NaN, NaN, NaN, NaN, NaN]	0.0	0.0	0.0
4496.888201278269	2.0	trials	11.0	1.0	1.0	0.0	10000.0	0.0	True	20.0	0.0	0.005	[52000335.299919985, 52000914.297999576, 52055429.11718563, 52056008.11526523, 52056587.11334482, 52057166.111424394, 52057745.109503984, 52058325.10758026, 52058905.10565653, 52059484.10373612, NaN, NaN, NaN, NaN, NaN, NaN, NaN, NaN, NaN, NaN]	0.0	0.0	0.0
4502.630153433484	2.0	trials	11.0	1.0	1.0	0.0	10000.0	0.0	True	20.0	0.0	0.005	[52060063.1018157, 52060642.09989529, 52121885.89676278, 52122465.89483904, 52123044.89291863, 52123623.89099822, 52124202.88907781, 52124783.887150764, 52125362.885230355, 52125940.88331325, NaN, NaN, NaN, NaN, NaN, NaN, NaN, NaN, NaN, NaN]	0.0	0.0	0.0
4510.453647484686	2.0	trials	11.0	1.0	1.0	0.0	10000.0	0.0	True	20.0	0.0	0.005	[52126519.88139286, 52127099.87946912, 52212436.59642556, 52213015.59450515, 52213593.59258806, 52214173.590664335, 52214752.588743925, 52215331.58682351, 52215911.584899776, 52216490.582979366, NaN, NaN, NaN, NaN, NaN, NaN, NaN, NaN, NaN, NaN]	0.0	0.0	0.0
4518.013622409922	2.0	trials	11.0	1.0	1.0	0.0	10000.0	0.0	True	20.0	0.0	0.005	[52217070.58105563, 52217649.579135224, 52299936.30620784, 52300514.30429074, 52301094.30236702, 52301674.300443284, 52302253.298522875, 52302832.296602465, 52303411.294682056, 52303990.29276164, NaN, NaN, NaN, NaN, NaN, NaN, NaN, NaN, NaN, NaN]	0.0	0.0	0.0
4525.754950333651	2.0	trials	11.0	1.0	1.0	0.0	10000.0	0.0	True	20.0	0.0	0.005	[52304570.29083791, 52305151.288910866, 52389534.00903152, 52390114.00710778, 52390694.00518406, 52391272.00326696, 52391851.00134656, 52392431.9994195, 52393010.99749909, 52393589.995578684, NaN, NaN, NaN, NaN, NaN, NaN, NaN, NaN, NaN, NaN]	0.0	0.0	0.0
4548.553069917334	2.0	trials	12.0	1.0	1.0	0.0	10000.0	0.0	True	1.0	0.0	1.0	[52394168.993658274, NaN, NaN, NaN, NaN, NaN, NaN, NaN, NaN, NaN, NaN, NaN, NaN, NaN, NaN, NaN, NaN, NaN, NaN, NaN]	0.0	0.0	0.0
4554.414944874793	2.0	trials	12.0	1.0	1.0	0.0	10000.0	0.0	True	1.0	0.0	1.0	[52394747.99173786, NaN, NaN, NaN, NaN, NaN, NaN, NaN, NaN, NaN, NaN, NaN, NaN, NaN, NaN, NaN, NaN, NaN, NaN, NaN]	0.0	0.0	0.0
4560.593820380831	2.0	trials	12.0	1.0	1.0	0.0	10000.0	0.0	True	1.0	0.0	1.0	[52654415.13047776, NaN, NaN, NaN, NaN, NaN, NaN, NaN, NaN, NaN, NaN, NaN, NaN, NaN, NaN, NaN, NaN, NaN, NaN, NaN]	0.0	0.0	0.0
4566.3913275517825	2.0	trials	12.0	1.0	1.0	0.0	10000.0	0.0	True	1.0	0.0	1.0	[52654420.13046119, NaN, NaN, NaN, NaN, NaN, NaN, NaN, NaN, NaN, NaN, NaN, NaN, NaN, NaN, NaN, NaN, NaN, NaN, NaN]	0.0	0.0	0.0
4574.442916846443	2.0	trials	12.0	1.0	1.0	0.0	10000.0	0.0	True	1.0	0.0	1.0	[52663907.09899495, NaN, NaN, NaN, NaN, NaN, NaN, NaN, NaN, NaN, NaN, NaN, NaN, NaN, NaN, NaN, NaN, NaN, NaN, NaN]	0.0	0.0	0.0
4580.784915011439	2.0	trials	12.0	1.0	1.0	0.0	10000.0	0.0	True	0.0	0.0	0.0	[NaN, NaN, NaN, NaN, NaN, NaN, NaN, NaN, NaN, NaN, NaN, NaN, NaN, NaN, NaN, NaN, NaN, NaN, NaN, NaN]	0.0	0.0	0.0
4588.7780980998195	2.0	trials	12.0	1.0	1.0	0.0	10000.0	0.0	True	1.0	0.0	1.0	[52663909.09898832, NaN, NaN, NaN, NaN, NaN, NaN, NaN, NaN, NaN, NaN, NaN, NaN, NaN, NaN, NaN, NaN, NaN, NaN, NaN]	0.0	0.0	0.0
4596.793140315698	2.0	trials	12.0	1.0	1.0	0.0	10000.0	0.0	True	0.0	0.0	0.0	[NaN, NaN, NaN, NaN, NaN, NaN, NaN, NaN, NaN, NaN, NaN, NaN, NaN, NaN, NaN, NaN, NaN, NaN, NaN, NaN]	0.0	0.0	0.0
4603.944962994686	2.0	trials	12.0	1.0	1.0	0.0	10000.0	0.0	True	1.0	0.0	1.0	[52722267.9054247, NaN, NaN, NaN, NaN, NaN, NaN, NaN, NaN, NaN, NaN, NaN, NaN, NaN, NaN, NaN, NaN, NaN, NaN, NaN]	0.0	0.0	0.0
4610.419066321518	2.0	trials	12.0	1.0	1.0	0.0	10000.0	0.0	True	0.0	0.0	0.0	[NaN, NaN, NaN, NaN, NaN, NaN, NaN, NaN, NaN, NaN, NaN, NaN, NaN, NaN, NaN, NaN, NaN, NaN, NaN, NaN]	0.0	0.0	0.0
4616.587141863377	2.0	trials	12.0	1.0	1.0	0.0	10000.0	0.0	True	1.0	0.0	1.0	[52731751.873968415, NaN, NaN, NaN, NaN, NaN, NaN, NaN, NaN, NaN, NaN, NaN, NaN, NaN, NaN, NaN, NaN, NaN, NaN, NaN]	0.0	0.0	0.0
4624.628017593571	2.0	trials	12.0	1.0	1.0	0.0	10000.0	0.0	True	1.0	0.0	1.0	[52731753.873961784, NaN, NaN, NaN, NaN, NaN, NaN, NaN, NaN, NaN, NaN, NaN, NaN, NaN, NaN, NaN, NaN, NaN, NaN, NaN]	0.0	0.0	0.0
4630.521774045286	2.0	trials	12.0	1.0	1.0	0.0	10000.0	0.0	True	1.0	0.0	1.0	[52731756.87395184, NaN, NaN, NaN, NaN, NaN, NaN, NaN, NaN, NaN, NaN, NaN, NaN, NaN, NaN, NaN, NaN, NaN, NaN, NaN]	0.0	0.0	0.0
4635.944479259373	2.0	trials	12.0	1.0	1.0	0.0	10000.0	0.0	True	1.0	0.0	1.0	[52793779.66823555, NaN, NaN, NaN, NaN, NaN, NaN, NaN, NaN, NaN, NaN, NaN, NaN, NaN, NaN, NaN, NaN, NaN, NaN, NaN]	0.0	0.0	0.0
4642.640889048864	2.0	trials	12.0	1.0	1.0	0.0	10000.0	0.0	True	1.0	0.0	1.0	[52803266.63676931, NaN, NaN, NaN, NaN, NaN, NaN, NaN, NaN, NaN, NaN, NaN, NaN, NaN, NaN, NaN, NaN, NaN, NaN, NaN]	0.0	0.0	0.0
4648.339382148223	2.0	trials	12.0	1.0	1.0	0.0	10000.0	0.0	True	1.0	0.0	1.0	[52803268.636762686, NaN, NaN, NaN, NaN, NaN, NaN, NaN, NaN, NaN, NaN, NaN, NaN, NaN, NaN, NaN, NaN, NaN, NaN, NaN]	0.0	0.0	0.0
4654.921830715699	2.0	trials	12.0	1.0	1.0	0.0	10000.0	0.0	True	1.0	0.0	1.0	[52803271.63675274, NaN, NaN, NaN, NaN, NaN, NaN, NaN, NaN, NaN, NaN, NaN, NaN, NaN, NaN, NaN, NaN, NaN, NaN, NaN]	0.0	0.0	0.0
4663.004437507481	2.0	trials	12.0	1.0	1.0	0.0	10000.0	0.0	True	1.0	0.0	1.0	[52803273.63674609, NaN, NaN, NaN, NaN, NaN, NaN, NaN, NaN, NaN, NaN, NaN, NaN, NaN, NaN, NaN, NaN, NaN, NaN, NaN]	0.0	0.0	0.0
4669.270403924657	2.0	trials	12.0	1.0	1.0	0.0	10000.0	0.0	True	1.0	0.0	1.0	[52860879.445680015, NaN, NaN, NaN, NaN, NaN, NaN, NaN, NaN, NaN, NaN, NaN, NaN, NaN, NaN, NaN, NaN, NaN, NaN, NaN]	0.0	0.0	0.0
4676.935959299707	2.0	trials	12.0	1.0	1.0	0.0	10000.0	0.0	True	1.0	0.0	1.0	[52870370.41420051, NaN, NaN, NaN, NaN, NaN, NaN, NaN, NaN, NaN, NaN, NaN, NaN, NaN, NaN, NaN, NaN, NaN, NaN, NaN]	0.0	0.0	0.0
4684.63961694838	2.0	trials	12.0	1.0	1.0	0.0	10000.0	0.0	True	0.0	0.0	0.0	[NaN, NaN, NaN, NaN, NaN, NaN, NaN, NaN, NaN, NaN, NaN, NaN, NaN, NaN, NaN, NaN, NaN, NaN, NaN, NaN]	0.0	0.0	0.0
4691.505283776482	2.0	trials	12.0	1.0	1.0	0.0	10000.0	0.0	True	1.0	0.0	1.0	[52870374.414187245, NaN, NaN, NaN, NaN, NaN, NaN, NaN, NaN, NaN, NaN, NaN, NaN, NaN, NaN, NaN, NaN, NaN, NaN, NaN]	0.0	0.0	0.0
4699.561625055381	2.0	trials	12.0	1.0	1.0	0.0	10000.0	0.0	True	0.0	0.0	0.0	[NaN, NaN, NaN, NaN, NaN, NaN, NaN, NaN, NaN, NaN, NaN, NaN, NaN, NaN, NaN, NaN, NaN, NaN, NaN, NaN]	0.0	0.0	0.0
4705.411836051527	2.0	trials	12.0	1.0	1.0	0.0	10000.0	0.0	True	0.0	0.0	0.0	[NaN, NaN, NaN, NaN, NaN, NaN, NaN, NaN, NaN, NaN, NaN, NaN, NaN, NaN, NaN, NaN, NaN, NaN, NaN, NaN]	0.0	0.0	0.0
4712.366062585896	2.0	trials	12.0	1.0	1.0	0.0	10000.0	0.0	True	0.0	0.0	0.0	[NaN, NaN, NaN, NaN, NaN, NaN, NaN, NaN, NaN, NaN, NaN, NaN, NaN, NaN, NaN, NaN, NaN, NaN, NaN, NaN]	0.0	0.0	0.0
4720.483834061045	2.0	trials	12.0	1.0	1.0	0.0	10000.0	0.0	True	1.0	0.0	1.0	[52954073.13657656, NaN, NaN, NaN, NaN, NaN, NaN, NaN, NaN, NaN, NaN, NaN, NaN, NaN, NaN, NaN, NaN, NaN, NaN, NaN]	0.0	0.0	0.0
4727.007790022527	2.0	trials	12.0	1.0	1.0	0.0	10000.0	0.0	True	1.0	0.0	1.0	[52963554.10513025, NaN, NaN, NaN, NaN, NaN, NaN, NaN, NaN, NaN, NaN, NaN, NaN, NaN, NaN, NaN, NaN, NaN, NaN, NaN]	0.0	0.0	0.0
4733.359896953994	2.0	trials	12.0	1.0	1.0	0.0	10000.0	0.0	True	1.0	0.0	1.0	[52963557.10512028, NaN, NaN, NaN, NaN, NaN, NaN, NaN, NaN, NaN, NaN, NaN, NaN, NaN, NaN, NaN, NaN, NaN, NaN, NaN]	0.0	0.0	0.0
4740.886089591279	2.0	trials	12.0	1.0	1.0	0.0	10000.0	0.0	True	1.0	0.0	1.0	[52963559.105113655, NaN, NaN, NaN, NaN, NaN, NaN, NaN, NaN, NaN, NaN, NaN, NaN, NaN, NaN, NaN, NaN, NaN, NaN, NaN]	0.0	0.0	0.0
4747.892587952275	2.0	trials	12.0	1.0	1.0	0.0	10000.0	0.0	True	1.0	0.0	1.0	[53036960.8616558, NaN, NaN, NaN, NaN, NaN, NaN, NaN, NaN, NaN, NaN, NaN, NaN, NaN, NaN, NaN, NaN, NaN, NaN, NaN]	0.0	0.0	0.0
