onset	duration	nwb_table	Block	sound	sound_puretone	sound_bluenoise	sound_freq	sound_amp	optogenetics	opto_freq	opto_power	opto_pulse_duration	opto_pulse_ts	airpuff	airpuff_duration	airpuff_amp
314.54162803859	2.0	trials	1.0	1.0	1.0	0.0	10000.0	1.0	False	0.0	0.0	0.0	"[nan nan nan nan nan nan nan nan nan nan nan nan nan nan nan nan nan nan
 nan nan]"	0.0	0.0	0.0
321.5496455984886	2.0	trials	1.0	1.0	1.0	0.0	10000.0	1.0	False	0.0	0.0	0.0	"[nan nan nan nan nan nan nan nan nan nan nan nan nan nan nan nan nan nan
 nan nan]"	0.0	0.0	0.0
332.3017352687133	2.0	trials	1.0	1.0	1.0	0.0	10000.0	1.0	False	0.0	0.0	0.0	"[nan nan nan nan nan nan nan nan nan nan nan nan nan nan nan nan nan nan
 nan nan]"	0.0	0.0	0.0
342.44167856653604	2.0	trials	1.0	1.0	1.0	0.0	10000.0	1.0	False	0.0	0.0	0.0	"[nan nan nan nan nan nan nan nan nan nan nan nan nan nan nan nan nan nan
 nan nan]"	0.0	0.0	0.0
348.4897884062676	2.0	trials	1.0	1.0	1.0	0.0	10000.0	1.0	False	0.0	0.0	0.0	"[nan nan nan nan nan nan nan nan nan nan nan nan nan nan nan nan nan nan
 nan nan]"	0.0	0.0	0.0
356.96816686461847	2.0	trials	1.0	1.0	1.0	0.0	10000.0	1.0	False	0.0	0.0	0.0	"[nan nan nan nan nan nan nan nan nan nan nan nan nan nan nan nan nan nan
 nan nan]"	0.0	0.0	0.0
363.203938231641	2.0	trials	1.0	1.0	1.0	0.0	10000.0	1.0	False	0.0	0.0	0.0	"[nan nan nan nan nan nan nan nan nan nan nan nan nan nan nan nan nan nan
 nan nan]"	0.0	0.0	0.0
372.15976494036477	2.0	trials	1.0	1.0	1.0	0.0	10000.0	1.0	False	0.0	0.0	0.0	"[nan nan nan nan nan nan nan nan nan nan nan nan nan nan nan nan nan nan
 nan nan]"	0.0	0.0	0.0
383.12776904737586	2.0	trials	1.0	1.0	1.0	0.0	10000.0	1.0	False	0.0	0.0	0.0	"[nan nan nan nan nan nan nan nan nan nan nan nan nan nan nan nan nan nan
 nan nan]"	0.0	0.0	0.0
390.07202316015633	2.0	trials	1.0	1.0	1.0	0.0	10000.0	1.0	False	0.0	0.0	0.0	"[nan nan nan nan nan nan nan nan nan nan nan nan nan nan nan nan nan nan
 nan nan]"	0.0	0.0	0.0
397.8842550368249	2.0	trials	1.0	1.0	1.0	0.0	10000.0	1.0	False	0.0	0.0	0.0	"[nan nan nan nan nan nan nan nan nan nan nan nan nan nan nan nan nan nan
 nan nan]"	0.0	0.0	0.0
404.8012930441282	2.0	trials	1.0	1.0	1.0	0.0	10000.0	1.0	False	0.0	0.0	0.0	"[nan nan nan nan nan nan nan nan nan nan nan nan nan nan nan nan nan nan
 nan nan]"	0.0	0.0	0.0
414.36632851386884	2.0	trials	1.0	1.0	1.0	0.0	10000.0	1.0	False	0.0	0.0	0.0	"[nan nan nan nan nan nan nan nan nan nan nan nan nan nan nan nan nan nan
 nan nan]"	0.0	0.0	0.0
423.364145785329	2.0	trials	1.0	1.0	1.0	0.0	10000.0	1.0	False	0.0	0.0	0.0	"[nan nan nan nan nan nan nan nan nan nan nan nan nan nan nan nan nan nan
 nan nan]"	0.0	0.0	0.0
428.6829503986042	2.0	trials	1.0	1.0	1.0	0.0	10000.0	1.0	False	0.0	0.0	0.0	"[nan nan nan nan nan nan nan nan nan nan nan nan nan nan nan nan nan nan
 nan nan]"	0.0	0.0	0.0
435.43124855194816	2.0	trials	1.0	1.0	1.0	0.0	10000.0	1.0	False	0.0	0.0	0.0	"[nan nan nan nan nan nan nan nan nan nan nan nan nan nan nan nan nan nan
 nan nan]"	0.0	0.0	0.0
440.81882783176275	2.0	trials	1.0	1.0	1.0	0.0	10000.0	1.0	False	0.0	0.0	0.0	"[nan nan nan nan nan nan nan nan nan nan nan nan nan nan nan nan nan nan
 nan nan]"	0.0	0.0	0.0
447.2562575803218	2.0	trials	1.0	1.0	1.0	0.0	10000.0	1.0	False	0.0	0.0	0.0	"[nan nan nan nan nan nan nan nan nan nan nan nan nan nan nan nan nan nan
 nan nan]"	0.0	0.0	0.0
452.70431709453027	2.0	trials	1.0	1.0	1.0	0.0	10000.0	1.0	False	0.0	0.0	0.0	"[nan nan nan nan nan nan nan nan nan nan nan nan nan nan nan nan nan nan
 nan nan]"	0.0	0.0	0.0
459.4608232796849	2.0	trials	1.0	1.0	1.0	0.0	10000.0	1.0	False	0.0	0.0	0.0	"[nan nan nan nan nan nan nan nan nan nan nan nan nan nan nan nan nan nan
 nan nan]"	0.0	0.0	0.0
465.1260932357027	2.0	trials	1.0	1.0	1.0	0.0	10000.0	1.0	False	0.0	0.0	0.0	"[nan nan nan nan nan nan nan nan nan nan nan nan nan nan nan nan nan nan
 nan nan]"	0.0	0.0	0.0
471.071041075625	2.0	trials	1.0	1.0	1.0	0.0	10000.0	1.0	False	0.0	0.0	0.0	"[nan nan nan nan nan nan nan nan nan nan nan nan nan nan nan nan nan nan
 nan nan]"	0.0	0.0	0.0
479.7407098753305	2.0	trials	1.0	1.0	1.0	0.0	10000.0	1.0	False	0.0	0.0	0.0	"[nan nan nan nan nan nan nan nan nan nan nan nan nan nan nan nan nan nan
 nan nan]"	0.0	0.0	0.0
487.93647283839186	2.0	trials	1.0	1.0	1.0	0.0	10000.0	1.0	False	0.0	0.0	0.0	"[nan nan nan nan nan nan nan nan nan nan nan nan nan nan nan nan nan nan
 nan nan]"	0.0	0.0	0.0
495.01050025411473	2.0	trials	1.0	1.0	1.0	0.0	10000.0	1.0	False	0.0	0.0	0.0	"[nan nan nan nan nan nan nan nan nan nan nan nan nan nan nan nan nan nan
 nan nan]"	0.0	0.0	0.0
500.89989267872954	2.0	trials	1.0	1.0	1.0	0.0	10000.0	1.0	False	0.0	0.0	0.0	"[nan nan nan nan nan nan nan nan nan nan nan nan nan nan nan nan nan nan
 nan nan]"	0.0	0.0	0.0
511.39666935947673	2.0	trials	1.0	1.0	1.0	0.0	10000.0	1.0	False	0.0	0.0	0.0	"[nan nan nan nan nan nan nan nan nan nan nan nan nan nan nan nan nan nan
 nan nan]"	0.0	0.0	0.0
521.9694783348906	2.0	trials	1.0	1.0	1.0	0.0	10000.0	1.0	False	0.0	0.0	0.0	"[nan nan nan nan nan nan nan nan nan nan nan nan nan nan nan nan nan nan
 nan nan]"	0.0	0.0	0.0
529.5592293493245	2.0	trials	1.0	1.0	1.0	0.0	10000.0	1.0	False	0.0	0.0	0.0	"[nan nan nan nan nan nan nan nan nan nan nan nan nan nan nan nan nan nan
 nan nan]"	0.0	0.0	0.0
536.1467364795153	2.0	trials	1.0	1.0	1.0	0.0	10000.0	1.0	False	0.0	0.0	0.0	"[nan nan nan nan nan nan nan nan nan nan nan nan nan nan nan nan nan nan
 nan nan]"	0.0	0.0	0.0
543.3169274679245	2.0	trials	1.0	1.0	1.0	0.0	10000.0	1.0	False	0.0	0.0	0.0	"[nan nan nan nan nan nan nan nan nan nan nan nan nan nan nan nan nan nan
 nan nan]"	0.0	0.0	0.0
551.6408221275663	2.0	trials	1.0	1.0	1.0	0.0	10000.0	1.0	False	0.0	0.0	0.0	"[nan nan nan nan nan nan nan nan nan nan nan nan nan nan nan nan nan nan
 nan nan]"	0.0	0.0	0.0
560.6509946469098	2.0	trials	1.0	1.0	1.0	0.0	10000.0	1.0	False	0.0	0.0	0.0	"[nan nan nan nan nan nan nan nan nan nan nan nan nan nan nan nan nan nan
 nan nan]"	0.0	0.0	0.0
567.8934163152525	2.0	trials	1.0	1.0	1.0	0.0	10000.0	1.0	False	0.0	0.0	0.0	"[nan nan nan nan nan nan nan nan nan nan nan nan nan nan nan nan nan nan
 nan nan]"	0.0	0.0	0.0
577.4156836192432	2.0	trials	1.0	1.0	1.0	0.0	10000.0	1.0	False	0.0	0.0	0.0	"[nan nan nan nan nan nan nan nan nan nan nan nan nan nan nan nan nan nan
 nan nan]"	0.0	0.0	0.0
584.1111911679947	2.0	trials	1.0	1.0	1.0	0.0	10000.0	1.0	False	0.0	0.0	0.0	"[nan nan nan nan nan nan nan nan nan nan nan nan nan nan nan nan nan nan
 nan nan]"	0.0	0.0	0.0
592.8471290245291	2.0	trials	1.0	1.0	1.0	0.0	10000.0	1.0	False	0.0	0.0	0.0	"[nan nan nan nan nan nan nan nan nan nan nan nan nan nan nan nan nan nan
 nan nan]"	0.0	0.0	0.0
599.7353093199928	2.0	trials	1.0	1.0	1.0	0.0	10000.0	1.0	False	0.0	0.0	0.0	"[nan nan nan nan nan nan nan nan nan nan nan nan nan nan nan nan nan nan
 nan nan]"	0.0	0.0	0.0
605.8935795866562	2.0	trials	1.0	1.0	1.0	0.0	10000.0	1.0	False	0.0	0.0	0.0	"[nan nan nan nan nan nan nan nan nan nan nan nan nan nan nan nan nan nan
 nan nan]"	0.0	0.0	0.0
611.5435566834058	2.0	trials	1.0	1.0	1.0	0.0	10000.0	1.0	False	0.0	0.0	0.0	"[nan nan nan nan nan nan nan nan nan nan nan nan nan nan nan nan nan nan
 nan nan]"	0.0	0.0	0.0
621.328999407345	2.0	trials	1.0	1.0	1.0	0.0	10000.0	1.0	False	0.0	0.0	0.0	"[nan nan nan nan nan nan nan nan nan nan nan nan nan nan nan nan nan nan
 nan nan]"	0.0	0.0	0.0
628.4822559301241	2.0	trials	1.0	1.0	1.0	0.0	10000.0	1.0	False	0.0	0.0	0.0	"[nan nan nan nan nan nan nan nan nan nan nan nan nan nan nan nan nan nan
 nan nan]"	0.0	0.0	0.0
635.2227780533317	2.0	trials	1.0	1.0	1.0	0.0	10000.0	1.0	False	0.0	0.0	0.0	"[nan nan nan nan nan nan nan nan nan nan nan nan nan nan nan nan nan nan
 nan nan]"	0.0	0.0	0.0
645.4735729807652	2.0	trials	1.0	1.0	1.0	0.0	10000.0	1.0	False	0.0	0.0	0.0	"[nan nan nan nan nan nan nan nan nan nan nan nan nan nan nan nan nan nan
 nan nan]"	0.0	0.0	0.0
652.5838885371245	2.0	trials	1.0	1.0	1.0	0.0	10000.0	1.0	False	0.0	0.0	0.0	"[nan nan nan nan nan nan nan nan nan nan nan nan nan nan nan nan nan nan
 nan nan]"	0.0	0.0	0.0
658.6019310603288	2.0	trials	1.0	1.0	1.0	0.0	10000.0	1.0	False	0.0	0.0	0.0	"[nan nan nan nan nan nan nan nan nan nan nan nan nan nan nan nan nan nan
 nan nan]"	0.0	0.0	0.0
669.4616755477746	2.0	trials	1.0	1.0	1.0	0.0	10000.0	1.0	False	0.0	0.0	0.0	"[nan nan nan nan nan nan nan nan nan nan nan nan nan nan nan nan nan nan
 nan nan]"	0.0	0.0	0.0
676.1819799926276	2.0	trials	1.0	1.0	1.0	0.0	10000.0	1.0	False	0.0	0.0	0.0	"[nan nan nan nan nan nan nan nan nan nan nan nan nan nan nan nan nan nan
 nan nan]"	0.0	0.0	0.0
681.9300214694304	2.0	trials	1.0	1.0	1.0	0.0	10000.0	1.0	False	0.0	0.0	0.0	"[nan nan nan nan nan nan nan nan nan nan nan nan nan nan nan nan nan nan
 nan nan]"	0.0	0.0	0.0
687.4200715463752	2.0	trials	1.0	1.0	1.0	0.0	10000.0	1.0	False	0.0	0.0	0.0	"[nan nan nan nan nan nan nan nan nan nan nan nan nan nan nan nan nan nan
 nan nan]"	0.0	0.0	0.0
757.1522265965921	2.0	trials	2.0	1.0	1.0	0.0	10000.0	1.0	True	40.0	0.0	0.005	"[8772257.27568271 8772547.27680662 8772836.27792666 8773127.27905444
 8773416.28017448 8773706.28129839 8773995.28241843 8774285.28354234
 8774575.28466625 8774864.28578628 8775153.28690632 8775444.28803411
 8775732.28915027 8776023.29027805 8776312.29139809 8776601.29251813
 8776891.29364203 8777181.29476595 8777471.29588986 8777760.29700989]"	0.0	0.0	0.0
763.8304540783738	2.0	trials	2.0	1.0	1.0	0.0	10000.0	1.0	True	40.0	0.0	0.005	"[8849551.57523988 8849841.57636379 8850131.5774877  8850421.57861161
 8850711.57973552 8851000.58085556 8851290.58197947 8851579.5830995
 8851868.58421954 8852158.58534345 8852448.58646736 8852737.5875874
 8853027.58871131 8853316.58983134 8853606.59095525 8853896.59207917
 8854185.5931992  8854476.59432699 8854765.59544702 8855054.59656706]"	0.0	0.0	0.0
770.5261344277949	2.0	trials	2.0	1.0	1.0	0.0	10000.0	1.0	True	40.0	0.0	0.005	"[8927047.8755799  8927337.87670382 8927627.87782773 8927916.87894776
 8928207.88007555 8928496.88119558 8928786.8823195  8929075.88343953
 8929364.88455957 8929654.88568348 8929944.88680739 8930233.88792742
 8930522.88904746 8930812.89017137 8931102.89129528 8931392.89241919
 8931682.8935431  8931971.89466314 8932261.89578705 8932551.89691096]"	0.0	0.0	0.0
777.4086987014936	2.0	trials	2.0	1.0	1.0	0.0	10000.0	1.0	True	40.0	0.0	0.005	"[9006707.18430276 9006997.18542667 9007286.18654671 9007576.18767062
 9007865.18879065 9008155.18991456 9008445.19103847 9008735.19216239
 9009024.19328242 9009314.19440633 9009603.19552637 9009894.19665415
 9010183.19777419 9010473.1988981  9010762.20001814 9011051.20113817
 9011341.20226208 9011631.20338599 9011920.20450603 9012211.20563382]"	0.0	0.0	0.0
788.1603563700439	2.0	trials	2.0	1.0	1.0	0.0	10000.0	1.0	True	40.0	0.0	0.005	"[9131147.66657685 9131437.66770076 9131726.6688208  9132016.66994471
 9132305.67106474 9132595.67218865 9132885.67331257 9133174.6744326
 9133464.67555651 9133754.67668042 9134044.67780433 9134333.67892437
 9134623.68004828 9134912.68116832 9135203.6822961  9135492.68341614
 9135782.68454005 9136070.68565621 9136360.68678012 9136650.68790403]"	0.0	0.0	0.0
795.2284221626622	2.0	trials	2.0	1.0	1.0	0.0	10000.0	1.0	True	40.0	0.0	0.005	"[9212953.98362052 9213243.98474443 9213533.98586834 9213822.98698838
 9214111.98810842 9214402.9892362  9214691.99035624 9214981.99148015
 9215270.99260018 9215560.99372409 9215849.99484413 9216139.99596804
 9216429.99709195 9216719.99821586 9217008.9993359  9217299.00045981
 9217588.00157985 9217878.00270376 9218168.00382767 9218457.0049477 ]"	0.0	0.0	0.0
804.756391888753	2.0	trials	2.0	1.0	1.0	0.0	10000.0	1.0	True	40.0	0.0	0.005	"[9323232.411009   9323521.41212904 9323811.41325295 9324101.41437686
 9324390.41549689 9324681.41662468 9324970.41774471 9325260.41886863
 9325549.41998866 9325838.4211087  9326128.42223261 9326418.42335652
 9326708.42448043 9326997.42560047 9327286.4267205  9327576.42784441
 9327867.4289722  9328155.43008836 9328446.43121614 9328735.43233618]"	0.0	0.0	0.0
814.980748313723	2.0	trials	2.0	1.0	1.0	0.0	10000.0	1.0	True	40.0	0.0	0.005	"[9441569.86963058 9441859.87075449 9442149.8718784  9442438.87299844
 9442728.87412235 9443018.87524626 9443307.87636629 9443597.87749021
 9443887.87861411 9444176.87973415 9444466.88085806 9444755.8819781
 9445044.88309813 9445334.88422204 9445624.88534596 9445913.88646599
 9446203.8875899  9446493.88871381 9446783.88983773 9447072.89095776]"	0.0	0.0	0.0
822.4209403485339	2.0	trials	2.0	1.0	1.0	0.0	10000.0	1.0	True	40.0	0.0	0.005	"[9527683.20336627 9527973.20449018 9528262.20561021 9528552.20673412
 9528841.20785416 9529132.20898195 9529421.21010198 9529711.21122589
 9530000.21234593 9530289.21346596 9530579.21458987 9530869.21571378
 9531158.21683382 9531448.21795773 9531738.21908164 9532027.22020168
 9532317.22132559 9532606.22244562 9532896.22356953 9533186.22469345]"	0.0	0.0	0.0
832.8670864330599	2.0	trials	2.0	1.0	1.0	0.0	10000.0	1.0	True	40.0	0.0	0.005	"[9648587.67193639 9648876.67305643 9649166.67418034 9649455.67530038
 9649745.67642429 9650035.6775482  9650323.67866436 9650614.67979215
 9650903.68091218 9651193.68203609 9651483.68316    9651773.68428391
 9652062.68540395 9652352.68652786 9652641.6876479  9652931.68877181
 9653221.68989572 9653510.69101575 9653800.69213966 9654089.6932597 ]"	0.0	0.0	0.0
838.5128299134017	2.0	trials	2.0	1.0	1.0	0.0	10000.0	1.0	True	40.0	0.0	0.005	"[9713931.92518067 9714220.92630071 9714510.92742462 9714800.92854853
 9715089.92966857 9715380.93079636 9715669.93191639 9715959.9330403
 9716248.93416034 9716537.93528037 9716827.93640428 9717117.93752819
 9717406.93864823 9717696.93977214 9717985.94089217 9718276.94201996
 9718565.94314    9718854.94426003 9719144.94538395 9719434.94650786]"	0.0	0.0	0.0
845.3763861134337	2.0	trials	2.0	1.0	1.0	0.0	10000.0	1.0	True	40.0	0.0	0.005	"[9793370.23304703 9793660.23417094 9793951.23529873 9794240.23641877
 9794529.2375388  9794819.23866271 9795109.23978662 9795399.24091053
 9795688.24203057 9795978.24315448 9796268.24427839 9796556.24539455
 9796847.24652234 9797136.24764237 9797426.24876628 9797716.2498902
 9798006.25101411 9798294.25213027 9798584.25325418 9798874.25437809]"	0.0	0.0	0.0
855.4510971584459	2.0	trials	2.0	1.0	1.0	0.0	10000.0	1.0	True	40.0	0.0	0.005	"[9909976.68496002 9910266.68608394 9910555.68720397 9910845.68832788
 9911135.68945179 9911423.69056795 9911713.69169186 9912003.69281578
 9912293.69393969 9912583.6950636  9912873.69618751 9913161.69730367
 9913452.69843145 9913741.69955149 9914031.7006754  9914320.70179544
 9914610.70291935 9914900.70404326 9915190.70516717 9915479.70628721]"	0.0	0.0	0.0
866.0207093214705	2.0	trials	2.0	1.0	1.0	0.0	10000.0	1.0	True	40.0	0.0	0.005	"[10032310.15906832 10032599.16018836 10032889.16131227 10033179.16243618
 10033468.16355621 10033758.16468013 10034048.16580404 10034337.16692407
 10034627.16804798 10034917.16917189 10035206.17029193 10035495.17141197
 10035786.17253975 10036075.17365979 10036364.17477982 10036654.17590373
 10036944.17702764 10037233.17814768 10037524.17927547 10037813.1803955 ]"	0.0	0.0	0.0
875.2209625774806	2.0	trials	2.0	1.0	1.0	0.0	10000.0	1.0	True	40.0	0.0	0.005	"[10138793.57174907 10139083.57287298 10139373.57399689 10139662.57511692
 10139952.57624084 10140242.57736475 10140532.57848866 10140821.57960869
 10141111.5807326  10141400.58185264 10141690.58297655 10141980.58410046
 10142269.5852205  10142559.58634441 10142848.58746444 10143138.58858836
 10143428.58971227 10143717.5908323  10144006.59195234 10144296.59307625]"	0.0	0.0	0.0
883.2676849629283	2.0	trials	2.0	1.0	1.0	0.0	10000.0	1.0	True	40.0	0.0	0.005	"[10231927.93269503 10232217.93381894 10232506.93493897 10232796.93606289
 10233085.93718292 10233375.93830683 10233665.93943074 10233954.94055078
 10234244.94167469 10234534.9427986  10234823.94391864 10235113.94504255
 10235402.94616258 10235692.94728649 10235982.9484104  10236271.94953044
 10236561.95065435 10236850.95177439 10237140.9528983  10237430.95402221]"	0.0	0.0	0.0
891.769045910349	2.0	trials	2.0	1.0	1.0	0.0	10000.0	1.0	True	40.0	0.0	0.005	"[10330323.31403028 10330613.31515419 10330902.31627423 10331191.31739427
 10331481.31851818 10331771.31964209 10332061.320766   10332351.32188991
 10332640.32300995 10332930.32413386 10333220.32525777 10333509.3263778
 10333799.32750171 10334088.32862175 10334378.32974566 10334667.3308657
 10334957.33198961 10335247.33311352 10335536.33423355 10335826.33535746]"	0.0	0.0	0.0
898.6752838757959	2.0	trials	2.0	1.0	1.0	0.0	10000.0	1.0	True	40.0	0.0	0.005	"[10410256.62381504 10410545.62493508 10410835.62605899 10411124.62717902
 10411414.62830293 10411704.62942684 10411994.63055076 10412283.63167079
 10412573.6327947  10412863.63391861 10413151.63503477 10413442.63616256
 10413731.63728259 10414021.63840651 10414310.63952654 10414600.64065045
 10414891.64177824 10415179.6428944  10415469.64401831 10415759.64514222]"	0.0	0.0	0.0
904.9335193298791	2.0	trials	2.0	1.0	1.0	0.0	10000.0	1.0	True	40.0	0.0	0.005	"[10482688.90452925 10482978.90565317 10483268.90677708 10483557.90789711
 10483848.9090249  10484137.91014493 10484426.91126497 10484716.91238888
 10485006.91351279 10485295.91463283 10485585.91575674 10485875.91688065
 10486164.91800069 10486454.9191246  10486743.92024463 10487033.92136854
 10487323.92249245 10487612.92361249 10487902.9247364  10488192.92586031]"	0.0	0.0	0.0
915.457857717443	2.0	trials	2.0	1.0	1.0	0.0	10000.0	1.0	True	40.0	0.0	0.005	"[10604499.37661064 10604788.37773067 10605078.37885458 10605368.37997849
 10605658.38110241 10605947.38222244 10606236.38334248 10606526.38446639
 10606817.38559417 10607106.38671421 10607396.38783812 10607685.38895816
 10607974.39007819 10608264.3912021  10608554.39232601 10608843.39344605
 10609133.39456996 10609422.39569    10609712.39681391 10610002.39793782]"	0.0	0.0	0.0
926.2280050576509	2.0	trials	2.0	1.0	1.0	0.0	10000.0	1.0	True	40.0	0.0	0.005	"[10729153.8597141  10729442.86083413 10729733.86196192 10730021.86307808
 10730311.86420199 10730601.8653259  10730891.86644981 10731180.86756985
 10731470.86869376 10731760.86981767 10732049.87093771 10732339.87206162
 10732629.87318553 10732918.87430556 10733208.87542947 10733497.87654951
 10733787.87767342 10734076.87879346 10734366.87991737 10734656.88104128]"	0.0	0.0	0.0
935.7431011338492	2.0	trials	2.0	1.0	1.0	0.0	10000.0	1.0	True	40.0	0.0	0.005	"[10839281.28651737 10839570.2876374  10839861.28876519 10840150.28988523
 10840439.29100526 10840729.29212917 10841019.29325308 10841308.29437312
 10841598.29549703 10841888.29662094 10842178.29774485 10842468.29886876
 10842757.2999888  10843046.30110883 10843336.30223275 10843625.30335278
 10843915.30447669 10844205.3056006  10844494.30672064 10844785.30784842]"	0.0	0.0	0.0
940.9634093653971	2.0	trials	2.0	1.0	1.0	0.0	10000.0	1.0	True	40.0	0.0	0.005	"[10899702.52068229 10899991.52180232 10900281.52292624 10900571.52405015
 10900861.52517406 10901150.5262941  10901439.52741413 10901729.52853804
 10902019.52966195 10902308.53078199 10902598.5319059  10902888.53302981
 10903177.53414984 10903466.53526988 10903757.53639767 10904046.5375177
 10904336.53864161 10904625.53976165 10904916.54088943 10905205.54200947]"	0.0	0.0	0.0
949.352104276175	2.0	trials	2.0	1.0	1.0	0.0	10000.0	1.0	True	40.0	0.0	0.005	"[10996793.89696382 10997082.89808386 10997372.89920777 10997661.90032781
 10997951.90145172 10998241.90257563 10998530.90369566 10998820.90481957
 10999109.90593961 10999399.90706352 10999688.90818355 10999978.90930747
 11000268.91043138 11000557.91155141 11000847.91267532 11001137.91379923
 11001426.91491927 11001717.91604706 11002005.91716322 11002296.918291  ]"	0.0	0.0	0.0
959.6057504146585	2.0	trials	2.0	1.0	1.0	0.0	10000.0	1.0	True	40.0	0.0	0.005	"[11115470.35689921 11115760.35802313 11116048.35913928 11116339.36026707
 11116628.36138711 11116917.36250714 11117207.36363105 11117497.36475496
 11117787.36587887 11118075.36699503 11118366.36812282 11118656.36924673
 11118945.37036677 11119235.37149068 11119524.37261071 11119815.3737385
 11120104.37485854 11120393.37597857 11120683.37710248 11120973.37822639]"	0.0	0.0	0.0
968.2396494757368	2.0	trials	2.0	1.0	1.0	0.0	10000.0	1.0	True	40.0	0.0	0.005	"[11215399.74417957 11215689.74530348 11215978.74642352 11216268.74754743
 11216556.74866359 11216847.74979138 11217136.75091141 11217425.75203145
 11217715.75315536 11218005.75427927 11218295.75540318 11218585.75652709
 11218874.75764713 11219164.75877104 11219454.75989495 11219743.76101498
 11220032.76213502 11220323.7632628  11220612.76438284 11220901.76550288]"	0.0	0.0	0.0
978.5479870261794	2.0	trials	2.0	1.0	1.0	0.0	10000.0	1.0	True	40.0	0.0	0.005	"[11334709.20656819 11334998.20768823 11335288.20881214 11335578.20993605
 11335867.21105608 11336157.21217999 11336446.21330003 11336736.21442394
 11337026.21554785 11337316.21667176 11337606.21779567 11337894.21891183
 11338185.22003962 11338474.22115966 11338764.22228357 11339053.2234036
 11339344.22453139 11339632.22564755 11339923.22677534 11340212.22789537]"	0.0	0.0	0.0
988.4298525238096	2.0	trials	2.0	1.0	1.0	0.0	10000.0	1.0	True	40.0	0.0	0.005	"[11449082.64982707 11449371.6509471  11449661.65207101 11449950.65319105
 11450240.65431496 11450530.65543887 11450819.65655891 11451110.65768669
 11451399.65880673 11451689.65993064 11451978.66105068 11452267.66217071
 11452557.66329462 11452847.66441853 11453137.66554244 11453426.66666248
 11453715.66778252 11454006.6689103  11454295.67003034 11454585.67115425]"	0.0	0.0	0.0
994.0937400744699	2.0	trials	2.0	1.0	1.0	0.0	10000.0	1.0	True	40.0	0.0	0.005	"[11514636.90388522 11514925.90500525 11515215.90612916 11515505.90725307
 11515794.90837311 11516084.90949702 11516374.91062093 11516663.91174097
 11516952.912861   11517242.91398491 11517533.9151127  11517822.91623273
 11518111.91735277 11518400.91847281 11518690.91959671 11518981.9207245
 11519269.92184066 11519560.92296845 11519850.92409236 11520139.9252124 ]"	0.0	0.0	0.0
1002.1516945034476	2.0	trials	2.0	1.0	1.0	0.0	10000.0	1.0	True	40.0	0.0	0.005	"[11607899.26532724 11608190.26645503 11608479.26757507 11608768.2686951
 11609059.26982289 11609348.27094292 11609637.27206296 11609927.27318687
 11610217.27431078 11610507.2754347  11610796.27655473 11611086.27767864
 11611375.27879868 11611665.27992259 11611955.2810465  11612245.28217041
 11612534.28329045 11612823.28441048 11613114.28553827 11613403.2866583 ]"	0.0	0.0	0.0
1009.8918685008526	2.0	trials	2.0	1.0	1.0	0.0	10000.0	1.0	True	40.0	0.0	0.005	"[11697485.61252274 11697774.61364277 11698064.61476668 11698353.61588672
 11698644.6170145  11698933.61813454 11699223.61925845 11699513.62038236
 11699803.62150627 11700092.62262631 11700381.62374634 11700671.62487026
 11700961.62599417 11701250.6271142  11701539.62823424 11701829.62935815
 11702119.63048206 11702409.63160597 11702699.63272988 11702988.63384992]"	0.0	0.0	0.0
1017.9243348310504	2.0	trials	2.0	1.0	1.0	0.0	10000.0	1.0	True	40.0	0.0	0.005	"[11790452.97282148 11790742.97394539 11791032.9750693  11791321.97618934
 11791612.97731712 11791901.97843716 11792190.97955719 11792480.9806811
 11792770.98180502 11793060.98292893 11793349.98404896 11793639.98517287
 11793929.98629678 11794218.98741682 11794508.98854073 11794797.98966077
 11795086.9907808  11795376.99190471 11795667.9930325  11795956.99415253]"	0.0	0.0	0.0
1028.1737473531261	2.0	trials	2.0	1.0	1.0	0.0	10000.0	1.0	True	40.0	0.0	0.005	"[11909081.43257085 11909371.43369476 11909660.43481479 11909949.43593482
 11910239.43705874 11910529.43818265 11910818.43930269 11911109.44043047
 11911398.44155051 11911687.44267054 11911977.44379445 11912267.44491836
 11912556.4460384  11912845.44715844 11913136.44828622 11913426.44941013
 11913716.45053404 11914005.45165408 11914295.45277799 11914585.4539019 ]"	0.0	0.0	0.0
1035.6981797144147	2.0	trials	2.0	1.0	1.0	0.0	10000.0	1.0	True	40.0	0.0	0.005	"[11996168.77008132 11996458.77120524 11996748.77232915 11997038.77345306
 11997327.77457309 11997617.775697   11997906.77681704 11998196.77794095
 11998486.77906486 11998775.7801849  11999065.78130881 11999354.78242884
 11999644.78355275 11999934.78467667 12000223.7857967  12000513.78692061
 12000803.78804452 12001092.78916456 12001383.79029234 12001672.79141238]"	0.0	0.0	0.0
1042.9217661097603	2.0	trials	2.0	1.0	1.0	0.0	10000.0	1.0	True	40.0	0.0	0.005	"[12079776.09410487 12080066.09522878 12080355.09634881 12080645.09747273
 12080935.09859664 12081225.09972055 12081514.10084058 12081803.10196062
 12082094.10308841 12082383.10420844 12082673.10533235 12082962.10645239
 12083251.10757242 12083541.10869633 12083831.10982024 12084120.11094028
 12084410.11206419 12084699.11318423 12084989.11430814 12085280.11543592]"	0.0	0.0	0.0
1053.2301900605378	2.0	trials	2.0	1.0	1.0	0.0	10000.0	1.0	True	40.0	0.0	0.005	"[12199085.55649349 12199375.5576174  12199665.55874131 12199954.55986135
 12200244.56098525 12200534.56210917 12200823.5632292  12201112.56434924
 12201402.56547315 12201693.56660093 12201982.56772097 12202271.56884101
 12202561.56996492 12202850.57108495 12203140.57220886 12203430.57333278
 12203719.57445281 12204009.57557672 12204299.57670063 12204588.57782067]"	0.0	0.0	0.0
1059.7459849128045	2.0	trials	2.0	1.0	1.0	0.0	10000.0	1.0	True	40.0	0.0	0.005	"[12274499.84876461 12274789.84988852 12275079.85101243 12275369.85213634
 12275658.85325638 12275947.85437641 12276238.8555042  12276527.85662423
 12276817.85774815 12277107.85887206 12277396.85999209 12277685.86111213
 12277975.86223604 12278265.86335995 12278554.86447999 12278845.86560777
 12279134.86672781 12279423.86784784 12279713.86897175 12280003.87009566]"	0.0	0.0	0.0
1065.4465062054403	2.0	trials	2.0	1.0	1.0	0.0	10000.0	1.0	True	40.0	0.0	0.005	"[12340478.10446599 12340768.1055899  12341059.10671769 12341348.10783772
 12341638.10896164 12341927.11008167 12342216.11120171 12342507.11232949
 12342796.11344953 12343086.11457344 12343375.11569348 12343664.11681351
 12343955.1179413  12344244.11906133 12344534.12018524 12344824.12130915
 12345113.12242919 12345403.1235531  12345692.12467314 12345981.12579317]"	0.0	0.0	0.0
1074.6292201934764	2.0	trials	2.0	1.0	1.0	0.0	10000.0	1.0	True	40.0	0.0	0.005	"[12446759.51636388 12447049.51748779 12447339.5186117  12447628.51973173
 12447917.52085177 12448207.52197568 12448497.52309959 12448787.5242235
 12449076.52534354 12449367.52647132 12449656.52759136 12449945.5287114
 12450234.52983143 12450525.53095922 12450813.53207538 12451103.53319929
 12451393.5343232  12451683.53544711 12451973.53657102 12452262.53769106]"	0.0	0.0	0.0
1081.3105580873125	2.0	trials	2.0	1.0	1.0	0.0	10000.0	1.0	True	40.0	0.0	0.005	"[12524090.81606444 12524380.81718835 12524670.81831226 12524959.81943229
 12525249.8205562  12525538.82167624 12525828.82280015 12526117.82392019
 12526407.8250441  12526696.82616413 12526986.82728804 12527276.82841196
 12527566.82953587 12527855.8306559  12528145.83177981 12528435.83290372
 12528725.83402764 12529014.83514767 12529303.83626771 12529593.83739162]"	0.0	0.0	0.0
1086.8737028475393	2.0	trials	2.0	1.0	1.0	0.0	10000.0	1.0	True	40.0	0.0	0.005	"[12588478.06559981 12588768.06672372 12589057.06784376 12589347.06896767
 12589636.0700877  12589927.07121549 12590216.07233553 12590506.07345944
 12590795.07457947 12591085.07570338 12591375.0768273  12591664.07794733
 12591954.07907124 12592243.08019128 12592533.08131519 12592823.0824391
 12593113.08356301 12593401.08467917 12593692.08580696 12593982.08693087]"	0.0	0.0	0.0
1096.9224937920972	2.0	trials	2.0	1.0	1.0	0.0	10000.0	1.0	True	40.0	0.0	0.005	"[12704784.51635014 12705073.51747017 12705362.51859021 12705653.519718
 12705942.52083803 12706231.52195807 12706522.52308585 12706811.52420589
 12707100.52532592 12707390.52644983 12707680.52757375 12707970.52869765
 12708260.52982157 12708549.5309416  12708839.53206551 12709129.53318943
 12709418.53430946 12709707.53542949 12709997.53655341 12710287.53767732]"	0.0	0.0	0.0
1107.3564574294094	2.0	trials	2.0	1.0	1.0	0.0	10000.0	1.0	True	40.0	0.0	0.005	"[12825547.98437381 12825837.98549772 12826126.98661776 12826416.98774167
 12826705.9888617  12826995.98998562 12827284.99110565 12827575.99223344
 12827864.99335347 12828154.99447738 12828443.99559742 12828733.99672133
 12829022.99784137 12829313.99896915 12829602.00008531 12829893.0012131
 12830182.00233313 12830471.00345317 12830760.00457321 12831051.00570099]"	0.0	0.0	0.0
1114.7607933252582	2.0	trials	2.0	1.0	1.0	0.0	10000.0	1.0	True	40.0	0.0	0.005	"[12911246.31650114 12911535.31762118 12911825.31874509 12912115.319869
 12912404.32098904 12912693.32210907 12912983.32323298 12913272.32435302
 12913562.32547693 12913852.32660084 12914141.32772087 12914431.32884479
 12914721.3299687  12915010.33108873 12915301.33221652 12915590.33333655
 12915880.33446047 12916169.3355805  12916459.33670441 12916749.33782832]"	0.0	0.0	0.0
1123.9138719984412	2.0	trials	2.0	1.0	1.0	0.0	10000.0	1.0	True	40.0	0.0	0.005	"[13017184.72706971 13017473.72818975 13017762.72930978 13018053.73043757
 13018342.73155761 13018632.73268152 13018921.73380155 13019211.73492546
 13019501.73604937 13019791.73717329 13020079.73828945 13020369.73941336
 13020659.74053727 13020949.74166118 13021238.74278121 13021528.74390513
 13021818.74502904 13022108.74615295 13022397.74727298 13022686.74839302]"	0.0	0.0	0.0
1134.6288959250157	2.0	trials	2.0	1.0	1.0	0.0	10000.0	1.0	True	40.0	0.0	0.005	"[13141201.20770057 13141490.20882061 13141780.20994451 13142069.21106455
 13142359.21218846 13142649.21331237 13142938.21443241 13143228.21555632
 13143517.21667636 13143806.21779639 13144096.2189203  13144386.22004421
 13144675.22116425 13144965.22228816 13145255.22341207 13145545.22453598
 13145834.22565602 13146125.2267838  13146414.22790384 13146703.22902388]"	0.0	0.0	0.0
1143.692809452635	2.0	trials	2.0	1.0	1.0	0.0	10000.0	1.0	True	40.0	0.0	0.005	"[13246107.61426957 13246396.6153896  13246686.61651351 13246975.61763355
 13247266.61876133 13247554.61987749 13247844.62100141 13248134.62212531
 13248424.62324923 13248713.62436926 13249003.62549317 13249293.62661709
 13249582.62773712 13249872.62886103 13250161.62998107 13250452.63110885
 13250741.63222889 13251030.63334893 13251320.63447284 13251610.63559674]"	0.0	0.0	0.0
1152.9330660636801	2.0	trials	2.0	1.0	1.0	0.0	10000.0	1.0	True	40.0	0.0	0.005	"[13353055.02874857 13353344.02986861 13353634.03099252 13353924.03211643
 13354213.03323646 13354503.03436038 13354793.03548429 13355082.03660432
 13355372.03772823 13355662.03885214 13355952.03997605 13356240.04109222
 13356531.04222    13356819.04333616 13357110.04446395 13357399.04558398
 13357689.04670789 13357978.04782793 13358268.04895184 13358558.05007575]"	0.0	0.0	0.0
1160.4989705856956	2.0	trials	2.0	1.0	1.0	0.0	10000.0	1.0	True	40.0	0.0	0.005	"[13440622.36811931 13440911.36923935 13441201.37036326 13441492.37149105
 13441781.37261108 13442071.37373499 13442360.37485503 13442650.37597894
 13442939.37709898 13443229.37822289 13443519.3793468  13443808.38046683
 13444098.38159074 13444388.38271466 13444677.38383469 13444966.38495473
 13445257.38608251 13445546.38720255 13445836.38832646 13446124.38944262]"	0.0	0.0	0.0
1167.4533335376534	2.0	trials	2.0	1.0	1.0	0.0	10000.0	1.0	True	40.0	0.0	0.005	"[13521113.68006663 13521402.68118666 13521692.68231058 13521981.68343061
 13522272.6845584  13522561.68567843 13522851.68680234 13523141.68792626
 13523430.68904629 13523719.69016633 13524010.69129411 13524299.69241415
 13524588.69353418 13524878.6946581  13525168.69578201 13525458.69690592
 13525747.69802595 13526037.69914986 13526327.70027377 13526616.70139381]"	0.0	0.0	0.0
1175.3247496436934	2.0	trials	2.0	1.0	1.0	0.0	10000.0	1.0	True	40.0	0.0	0.005	"[13612218.03314521 13612507.03426525 13612797.03538916 13613086.03650919
 13613376.03763311 13613666.03875702 13613955.03987705 13614245.04100096
 13614535.04212487 13614824.04324491 13615114.04436882 13615404.04549273
 13615694.04661664 13615983.04773668 13616272.04885671 13616562.04998063
 13616852.05110454 13617142.05222845 13617431.05334848 13617720.05446852]"	0.0	0.0	0.0
1184.2836867644717	2.0	trials	2.0	1.0	1.0	0.0	10000.0	1.0	True	40.0	0.0	0.005	"[13715909.43500541 13716198.43612544 13716488.43724936 13716778.43837327
 13717067.4394933  13717357.44061721 13717646.44173725 13717936.44286116
 13718225.4439812  13718515.44510511 13718805.44622902 13719095.44735293
 13719384.44847296 13719674.44959687 13719963.45071691 13720253.45184082
 13720543.45296473 13720832.45408477 13721122.45520868 13721412.45633259]"	0.0	0.0	0.0
1192.467440080989	2.0	trials	2.0	1.0	1.0	0.0	10000.0	1.0	True	40.0	0.0	0.005	"[13810627.80209025 13810918.80321804 13811207.80433807 13811496.80545811
 13811787.80658589 13812075.80770205 13812365.80882596 13812655.80994987
 13812945.81107379 13813234.81219382 13813524.81331773 13813813.81443777
 13814104.81556555 13814393.81668559 13814682.81780563 13814972.81892954
 13815261.82004957 13815552.82117736 13815841.82229739 13816131.82342131]"	0.0	0.0	0.0
1198.1490397002933	2.0	trials	2.0	1.0	1.0	0.0	10000.0	1.0	True	40.0	0.0	0.005	"[13876387.05694288 13876677.05806679 13876967.05919071 13877256.06031074
 13877546.06143466 13877836.06255856 13878125.0636786  13878415.06480251
 13878704.06592255 13878994.06704646 13879284.06817037 13879574.06929428
 13879863.07041431 13880153.07153822 13880443.07266214 13880732.07378217
 13881022.07490608 13881311.07602612 13881600.07714615 13881890.07827006]"	0.0	0.0	0.0
1207.5394600933053	2.0	trials	2.0	1.0	1.0	0.0	10000.0	1.0	True	40.0	0.0	0.005	"[13985072.4781576  13985363.47928539 13985651.48040155 13985941.48152546
 13986230.4826455  13986520.48376941 13986810.48489332 13987099.48601335
 13987389.48713727 13987679.48826118 13987969.48938509 13988258.49050512
 13988548.49162903 13988838.49275295 13989127.49387298 13989417.49499689
 13989706.49611693 13989996.49724084 13990286.49836475 13990576.49948866]"	0.0	0.0	0.0
1214.9304903375873	2.0	trials	2.0	1.0	1.0	0.0	10000.0	1.0	True	40.0	0.0	0.005	"[14070617.80969197 14070906.81081201 14071195.81193205 14071485.81305596
 14071775.81417987 14072064.8152999  14072354.81642381 14072644.81754773
 14072933.81866776 14073224.81979555 14073512.82091171 14073802.82203562
 14074092.82315953 14074381.82427957 14074672.82540735 14074961.82652739
 14075250.82764743 14075541.82877521 14075829.82989137 14076119.83101528]"	0.0	0.0	0.0
1222.7556822644833	2.0	trials	2.0	1.0	1.0	0.0	10000.0	1.0	True	40.0	0.0	0.005	"[14161186.16069326 14161476.16181717 14161766.16294109 14162055.16406112
 14162345.16518503 14162635.16630894 14162924.16742898 14163214.16855289
 14163503.16967293 14163793.17079683 14164083.17192074 14164373.17304466
 14164663.17416857 14164952.1752886  14165241.17640864 14165531.17753255
 14165821.17865646 14166110.1797765  14166399.18089653 14166690.18202432]"	0.0	0.0	0.0
1230.8679825040808	2.0	trials	2.0	1.0	1.0	0.0	10000.0	1.0	True	40.0	0.0	0.005	"[14255078.52457689 14255367.52569693 14255657.52682084 14255948.52794863
 14256237.52906866 14256526.5301887  14256816.53131261 14257106.53243652
 14257395.53355655 14257685.53468047 14257974.5358005  14258264.53692441
 14258553.53804445 14258844.53917223 14259133.54029227 14259423.54141618
 14259713.54254009 14260003.543664   14260292.54478404 14260581.54590407]"	0.0	0.0	0.0
1238.5473306657525	2.0	trials	2.0	1.0	1.0	0.0	10000.0	1.0	True	40.0	0.0	0.005	"[14343960.86904399 14344250.8701679  14344539.87128794 14344829.87241185
 14345119.87353576 14345408.8746558  14345698.87577971 14345987.87689974
 14346277.87802365 14346566.87914369 14346856.8802676  14347146.88139151
 14347436.88251542 14347725.88363546 14348015.88475937 14348304.8858794
 14348594.88700332 14348883.88812335 14349173.88924726 14349463.89037117]"	0.0	0.0	0.0
1244.4159870100036	2.0	trials	2.0	1.0	1.0	0.0	10000.0	1.0	True	40.0	0.0	0.005	"[14411885.1322872  14412174.13340724 14412464.13453115 14412753.13565119
 14413043.1367751  14413333.13789901 14413622.13901904 14413912.14014295
 14414201.14126299 14414491.1423869  14414781.14351081 14415070.14463085
 14415360.14575476 14415650.14687867 14415939.14799871 14416229.14912262
 14416518.15024265 14416809.15137044 14417097.1524866  14417388.15361439]"	0.0	0.0	0.0
1255.4013575843194	2.0	trials	2.0	1.0	1.0	0.0	10000.0	1.0	True	40.0	0.0	0.005	"[14539029.6250408  14539319.62616471 14539609.62728862 14539898.62840866
 14540188.62953257 14540477.6306526  14540766.63177264 14541057.63290043
 14541346.63402046 14541637.63514825 14541925.63626441 14542215.63738832
 14542505.63851223 14542794.63963226 14543084.64075617 14543374.64188009
 14543664.643004   14543953.64412403 14544243.64524794 14544532.64636798]"	0.0	0.0	0.0
1265.0858847171555	2.0	trials	2.0	1.0	1.0	0.0	10000.0	1.0	True	40.0	0.0	0.005	"[14651119.05944791 14651410.06057569 14651699.06169573 14651988.06281576
 14652278.06393968 14652567.06505971 14652857.06618362 14653146.06730366
 14653437.06843144 14653726.06955148 14654016.07067539 14654305.07179543
 14654594.07291546 14654885.07404325 14655174.07516328 14655463.07628332
 14655754.07741111 14656043.07853114 14656333.07965505 14656623.08077896]"	0.0	0.0	0.0
1271.6435837318236	2.0	trials	2.0	1.0	1.0	0.0	10000.0	1.0	True	40.0	0.0	0.005	"[14727018.35359867 14727308.35472259 14727598.3558465  14727888.35697041
 14728176.35808657 14728467.35921435 14728756.36033439 14729046.3614583
 14729336.36258221 14729625.36370225 14729915.36482616 14730204.36594619
 14730494.3670701  14730783.36819014 14731074.36931793 14731363.37043796
 14731652.371558   14731942.37268191 14732232.37380582 14732521.37492585]"	0.0	0.0	0.0
1281.8320840178314	2.0	trials	2.0	1.0	1.0	0.0	10000.0	1.0	True	40.0	0.0	0.005	"[14844941.81061577 14845230.81173581 14845519.81285584 14845809.81397975
 14846099.81510366 14846388.8162237  14846678.81734761 14846967.81846765
 14847258.81959543 14847547.82071547 14847837.82183938 14848126.82295942
 14848416.82408333 14848706.82520724 14848995.82632727 14849285.82745118
 14849575.8285751  14849864.82969513 14850154.83081904 14850443.83193908]"	0.0	0.0	0.0
1289.8415678589595	2.0	trials	2.0	1.0	1.0	0.0	10000.0	1.0	True	40.0	0.0	0.005	"[14937644.16988749 14937933.17100753 14938223.17213144 14938512.17325148
 14938802.17437539 14939092.17549929 14939381.17661933 14939671.17774324
 14939961.17886716 14940250.17998719 14940540.1811111  14940829.18223113
 14941120.18335892 14941409.18447896 14941699.18560287 14941988.1867229
 14942278.18784681 14942567.18896685 14942858.19009464 14943146.1912108 ]"	0.0	0.0	0.0
1299.6222585644819	2.0	trials	2.0	1.0	1.0	0.0	10000.0	1.0	True	40.0	0.0	0.005	"[15050846.6086081  15051135.60972813 15051425.61085204 15051714.61197207
 15052004.61309599 15052295.61422377 15052583.61533993 15052873.61646385
 15053163.61758776 15053453.61871167 15053742.6198317  15054032.62095561
 15054321.62207565 15054611.62319956 15054901.62432347 15055191.62544738
 15055481.62657129 15055769.62768745 15056059.62881136 15056349.62993528]"	0.0	0.0	0.0
1306.692743566476	2.0	trials	2.0	1.0	1.0	0.0	10000.0	1.0	True	40.0	0.0	0.005	"[15132680.92576028 15132969.92688032 15133259.92800423 15133548.92912426
 15133838.93024817 15134127.93136821 15134417.93249212 15134706.93361216
 15134996.93473607 15135286.93585998 15135576.93698389 15135865.93810392
 15136155.93922784 15136444.94034787 15136734.94147178 15137024.94259569
 15137313.94371573 15137603.94483964 15137893.94596355 15138182.94708359]"	0.0	0.0	0.0
1313.51802441817	2.0	trials	2.0	1.0	1.0	0.0	10000.0	1.0	True	40.0	0.0	0.005	"[15211676.23190976 15211965.2330298  15212255.23415371 15212545.23527762
 15212834.23639766 15213125.23752544 15213414.23864548 15213704.23976939
 15213994.2408933  15214283.24201334 15214572.24313337 15214862.24425728
 15215152.2453812  15215442.24650511 15215731.24762514 15216021.24874905
 15216310.24986909 15216600.250993   15216890.25211691 15217178.25323307]"	0.0	0.0	0.0
1322.6138196693485	2.0	trials	2.0	1.0	1.0	0.0	10000.0	1.0	True	40.0	0.0	0.005	"[15316951.63990884 15317242.64103663 15317530.64215279 15317820.6432767
 15318109.64439674 15318400.64552452 15318689.64664456 15318979.64776847
 15319268.6488885  15319558.65001241 15319848.65113632 15320138.65226024
 15320427.65338027 15320716.65450031 15321007.65562809 15321297.656752
 15321585.65786817 15321876.65899595 15322165.66011599 15322455.6612399 ]"	0.0	0.0	0.0
1333.2583409226868	2.0	trials	2.0	1.0	1.0	0.0	10000.0	1.0	True	40.0	0.0	0.005	"[15440153.11738112 15440442.11850116 15440732.11962507 15441022.12074898
 15441312.12187289 15441601.12299293 15441891.12411684 15442180.12523687
 15442470.12636078 15442760.12748469 15443049.12860473 15443339.12972864
 15443629.13085255 15443919.13197646 15444208.1330965  15444498.13422041
 15444787.13534044 15445078.13646823 15445366.13758439 15445656.1387083 ]"	0.0	0.0	0.0
1343.56616007112	2.0	trials	2.0	1.0	1.0	0.0	10000.0	1.0	True	40.0	0.0	0.005	"[15559455.57974261 15559745.58086652 15560035.58199043 15560325.58311434
 15560614.58423438 15560904.58535829 15561193.58647833 15561483.58760224
 15561772.58872227 15562063.58985006 15562352.5909701  15562642.592094
 15562931.59321404 15563221.59433795 15563511.59546186 15563800.5965819
 15564090.59770581 15564379.59882585 15564669.59994975 15564958.60106979]"	0.0	0.0	0.0
1351.822057667236	2.0	trials	2.0	1.0	1.0	0.0	10000.0	1.0	True	40.0	0.0	0.005	"[15655010.95007129 15655299.95119133 15655589.95231524 15655878.95343527
 15656169.95456306 15656457.95567922 15656747.95680313 15657037.95792704
 15657326.95904708 15657616.96017099 15657906.9612949  15658196.96241881
 15658485.96353885 15658775.96466276 15659064.96578279 15659354.9669067
 15659643.96802673 15659933.96915065 15660222.97027068 15660513.97139847]"	0.0	0.0	0.0
1357.8153032943387	2.0	trials	2.0	1.0	1.0	0.0	10000.0	1.0	True	40.0	0.0	0.005	"[15724377.21890306 15724666.22002309 15724956.221147   15725247.22227479
 15725535.22339095 15725825.22451486 15726115.22563877 15726405.22676268
 15726694.22788271 15726984.22900662 15727273.23012666 15727562.2312467
 15727853.23237449 15728142.23349452 15728431.23461455 15728722.23574234
 15729011.23686238 15729301.23798629 15729591.2391102  15729881.24023411]"	0.0	0.0	0.0
1366.4086805983732	2.0	trials	2.0	1.0	1.0	0.0	10000.0	1.0	True	40.0	0.0	0.005	"[15823836.6043619  15824126.60548581 15824415.60660585 15824705.60772976
 15824995.60885367 15825285.60997758 15825574.61109762 15825864.61222153
 15826153.61334156 15826442.6144616  15826732.61558551 15827022.61670942
 15827312.61783333 15827601.61895337 15827891.62007728 15828181.62120119
 15828471.6223251  15828761.62344901 15829050.62456905 15829339.62568908]"	0.0	0.0	0.0
1373.7406994139537	2.0	trials	2.0	1.0	1.0	0.0	10000.0	1.0	True	40.0	0.0	0.005	"[15908697.93324539 15908987.93436931 15909277.93549322 15909567.93661712
 15909857.93774104 15910146.93886107 15910435.93998111 15910725.94110502
 15911015.94222893 15911305.94335284 15911594.94447288 15911884.94559679
 15912173.94671682 15912462.94783686 15912753.94896465 15913043.95008855
 15913332.95120859 15913621.95232863 15913911.95345254 15914200.95457258]"	0.0	0.0	0.0
1384.3371820811162	2.0	trials	2.0	1.0	1.0	0.0	10000.0	1.0	True	40.0	0.0	0.005	"[16031343.40856286 16031633.40968677 16031922.41080681 16032211.41192685
 16032501.41305076 16032791.41417466 16033080.4152947  16033370.41641861
 16033660.41754253 16033950.41866644 16034239.41978647 16034528.4209065
 16034818.42203042 16035108.42315433 16035397.42427437 16035687.42539827
 16035977.42652218 16036266.42764222 16036556.42876613 16036846.42989004]"	0.0	0.0	0.0
1389.9586470673655	2.0	trials	2.0	1.0	1.0	0.0	10000.0	1.0	True	40.0	0.0	0.005	"[16096406.66071811 16096695.66183815 16096985.66296206 16097274.66408209
 16097564.66520601 16097854.66632992 16098143.66744995 16098433.66857386
 16098722.6696939  16099012.67081781 16099302.67194172 16099591.67306176
 16099881.67418567 16100171.67530958 16100461.67643349 16100750.67755352
 16101039.67867356 16101330.67980135 16101619.68092138 16101908.68204142]"	0.0	0.0	0.0
1397.1347996788795	2.0	trials	2.0	1.0	1.0	0.0	10000.0	1.0	True	40.0	0.0	0.005	"[16179463.9826101  16179752.98373014 16180042.98485405 16180331.98597408
 16180621.987098   16180911.98822191 16181200.98934194 16181489.99046198
 16181779.99158589 16182069.9927098  16182359.99383371 16182648.99495375
 16182938.99607766 16183228.99720157 16183517.9983216  16183807.99944551
 16184097.00056555 16184387.00168946 16184677.00281337 16184966.00393341]"	0.0	0.0	0.0
1407.6429812038266	2.0	trials	2.0	1.0	1.0	0.0	10000.0	1.0	True	40.0	0.0	0.005	"[16301085.453959   16301376.45508679 16301665.45620682 16301954.45732686
 16302244.45845077 16302534.45957468 16302824.46069859 16303113.46181863
 16303403.46294254 16303692.46406258 16303982.46518649 16304272.4663104
 16304561.46743044 16304851.46855434 16305141.46967826 16305431.47080217
 16305720.4719222  16306010.47304611 16306299.47416615 16306588.47528619]"	0.0	0.0	0.0
1417.744908354316	2.0	trials	2.0	1.0	1.0	0.0	10000.0	1.0	True	40.0	0.0	0.005	"[16418006.9070928  16418295.90821283 16418585.90933674 16418875.91046065
 16419164.91158069 16419453.91270072 16419743.91382464 16420033.91494855
 16420322.91606859 16420612.91719249 16420902.9183164  16421191.91943644
 16421481.92056035 16421771.92168426 16422060.9228043  16422350.92392821
 16422639.92504824 16422929.92617215 16423219.92729607 16423508.9284161 ]"	0.0	0.0	0.0
1423.138622057905	2.0	trials	2.0	1.0	1.0	0.0	10000.0	1.0	True	40.0	0.0	0.005	"[16480433.14902821 16480723.15015212 16481013.15127603 16481302.15239606
 16481591.1535161  16481881.15464001 16482171.15576392 16482460.15688396
 16482751.15801174 16483039.1591279  16483330.16025569 16483619.16137573
 16483909.16249964 16484198.16361967 16484489.16474746 16484777.16586362
 16485068.16699141 16485357.16811144 16485647.16923535 16485936.17035539]"	0.0	0.0	0.0
1430.9528411422752	2.0	trials	2.0	1.0	1.0	0.0	10000.0	1.0	True	40.0	0.0	0.005	"[16570876.49954505 16571166.50066896 16571455.50178899 16571745.50291291
 16572035.50403682 16572324.50515685 16572614.50628076 16572904.50740467
 16573193.50852471 16573483.50964862 16573773.51077253 16574062.51189257
 16574352.51301648 16574641.51413651 16574932.5152643  16575221.51638434
 16575510.51750437 16575800.51862828 16576089.51974832 16576379.52087223]"	0.0	0.0	0.0
1436.8669440626568	2.0	trials	2.0	1.0	1.0	0.0	10000.0	1.0	True	40.0	0.0	0.005	"[16639326.7648268  16639615.76594684 16639905.76707075 16640195.76819466
 16640484.7693147  16640773.77043473 16641063.77155864 16641352.77267868
 16641642.77380259 16641932.7749265  16642221.77604654 16642512.77717432
 16642801.77829436 16643091.77941827 16643381.78054218 16643670.78166222
 16643959.78278225 16644249.78390616 16644539.78503007 16644828.78615011]"	0.0	0.0	0.0
1445.542920086806	2.0	trials	2.0	1.0	1.0	0.0	10000.0	1.0	True	40.0	0.0	0.005	"[16739742.15399068 16740032.15511459 16740321.15623463 16740611.15735854
 16740901.15848245 16741190.15960248 16741480.1607264  16741770.16185031
 16742060.16297422 16742349.16409425 16742639.16521816 16742928.1663382
 16743219.16746599 16743508.16858602 16743797.16970606 16744087.17082997
 16744377.17195388 16744667.17307779 16744956.17419783 16745246.17532174]"	0.0	0.0	0.0
1455.6648921149804	2.0	trials	2.0	1.0	1.0	0.0	10000.0	1.0	True	40.0	0.0	0.005	"[16856895.6080236  16857184.60914364 16857474.61026755 16857764.61139146
 16858053.6125115  16858343.61363541 16858633.61475932 16858922.61587935
 16859212.61700327 16859501.6181233  16859791.61924721 16860081.62037112
 16860370.62149116 16860661.62261895 16860950.62373898 16861240.62486289
 16861529.62598293 16861819.62710683 16862108.62822687 16862397.62934691]"	0.0	0.0	0.0
1466.7411558415567	2.0	trials	2.0	1.0	1.0	0.0	10000.0	1.0	True	40.0	0.0	0.005	"[16985093.10485816 16985382.10597819 16985671.10709823 16985962.10822601
 16986251.10934605 16986540.11046609 16986830.11158999 16987120.11271391
 16987409.11383394 16987699.11495785 16987989.11608176 16988278.1172018
 16988567.11832184 16988857.11944574 16989147.12056966 16989437.12169357
 16989726.1228136  16990016.12393751 16990306.12506143 16990596.12618534]"	0.0	0.0	0.0
1474.817254340853	2.0	trials	2.0	1.0	1.0	0.0	10000.0	1.0	True	40.0	0.0	0.005	"[17078565.46711405 17078854.46823409 17079145.46936188 17079434.47048191
 17079724.47160583 17080013.47272586 17080304.47385364 17080592.4749698
 17080882.47609372 17081172.47721763 17081462.47834154 17081751.47946157
 17082041.48058549 17082330.48170552 17082620.48282943 17082910.48395334
 17083199.48507338 17083489.48619729 17083778.48731732 17084069.48844511]"	0.0	0.0	0.0
1483.7753274582826	2.0	trials	2.0	1.0	1.0	0.0	10000.0	1.0	True	40.0	0.0	0.005	"[17182247.86893937 17182537.87006328 17182826.87118332 17183116.87230723
 17183406.87343114 17183695.87455117 17183984.87567121 17184274.87679512
 17184564.87791903 17184854.87904294 17185143.88016298 17185433.88128689
 17185723.8824108  17186012.88353084 17186302.88465475 17186592.88577866
 17186881.88689869 17187171.88802261 17187461.88914652 17187750.89026655]"	0.0	0.0	0.0
1490.431522854678	2.0	trials	2.0	1.0	1.0	0.0	10000.0	1.0	True	40.0	0.0	0.005	"[17259286.16750439 17259577.16863218 17259866.16975222 17260156.17087613
 17260446.17200004 17260735.17312007 17261025.17424398 17261314.17536402
 17261604.17648793 17261893.17760797 17262183.17873188 17262473.17985579
 17262762.18097582 17263052.18209974 17263342.18322365 17263631.18434368
 17263922.18547147 17264211.1865915  17264500.18771154 17264790.18883545]"	0.0	0.0	0.0
1498.9677895373775	2.0	trials	2.0	1.0	1.0	0.0	10000.0	1.0	True	40.0	0.0	0.005	"[17358085.55040538 17358375.55152929 17358665.5526532  17358954.55377323
 17359244.55489714 17359535.55602493 17359823.55714109 17360113.558265
 17360402.55938504 17360692.56050895 17360982.56163286 17361272.56275677
 17361561.5638768  17361851.56500072 17362140.56612075 17362430.56724466
 17362719.5683647  17363010.56949249 17363299.57061252 17363589.57173643]"	0.0	0.0	0.0
1508.923527321303	2.0	trials	2.0	1.0	1.0	0.0	10000.0	1.0	True	40.0	0.0	0.005	"[17473314.99698173 17473603.99810176 17473894.99922955 17474184.00034958
 17474473.00146962 17474763.00259353 17475052.00371357 17475342.00483748
 17475632.00596139 17475922.0070853  17476211.00820534 17476501.00932925
 17476790.01044928 17477080.0115732  17477369.01269323 17477659.01381714
 17477949.01494105 17478238.01606109 17478528.017185   17478818.01830891]"	0.0	0.0	0.0
1518.515865296856	2.0	trials	2.0	1.0	1.0	0.0	10000.0	1.0	True	40.0	0.0	0.005	"[17584337.42725362 17584626.42837365 17584916.42949757 17585205.4306176
 17585495.43174151 17585784.43286155 17586075.43398933 17586363.4351055
 17586653.4362294  17586943.43735332 17587233.43847723 17587523.43960114
 17587812.44072117 17588102.44184509 17588391.44296512 17588681.44408903
 17588970.44520907 17589260.44633298 17589550.44745689 17589840.4485808 ]"	0.0	0.0	0.0
1524.353849522236	2.0	trials	2.0	1.0	1.0	0.0	10000.0	1.0	True	40.0	0.0	0.005	"[17651906.68912101 17652194.69023717 17652485.69136496 17652775.69248887
 17653065.69361278 17653354.69473282 17653644.69585673 17653933.69697676
 17654223.69810067 17654513.69922458 17654802.70034462 17655091.70146465
 17655381.70258857 17655670.7037086  17655960.70483251 17656250.70595642
 17656540.70708033 17656829.70820037 17657119.70932428 17657409.71044819]"	0.0	0.0	0.0
1530.8521051065284	2.0	trials	2.0	1.0	1.0	0.0	10000.0	1.0	True	40.0	0.0	0.005	"[17727116.98060152 17727405.98172156 17727695.98284547 17727985.98396938
 17728275.98509329 17728564.98621332 17728855.98734111 17729143.98845727
 17729434.98958506 17729723.99070509 17730012.99182513 17730302.99294904
 17730592.99407295 17730882.99519686 17731171.99631689 17731461.99744081
 17731751.99856472 17732041.99968863 17732330.00080479 17732620.0019287 ]"	0.0	0.0	0.0
1539.9599964045856	2.0	trials	2.0	1.0	1.0	0.0	10000.0	1.0	True	40.0	0.0	0.005	"[17832533.38914705 17832823.39027096 17833112.39139099 17833402.39251491
 17833692.39363882 17833981.39475885 17834271.39588276 17834561.39700668
 17834850.39812671 17835139.39924674 17835430.40037454 17835719.40149457
 17836008.4026146  17836298.40373851 17836587.40485855 17836877.40598246
 17837167.40710637 17837457.40823029 17837746.40935032 17838036.41047423]"	0.0	0.0	0.0
1550.8858371481908	2.0	trials	2.0	1.0	1.0	0.0	10000.0	1.0	True	40.0	0.0	0.005	"[17958988.87923038 17959278.8803543  17959568.88147821 17959857.88259824
 17960146.88371827 17960436.88484219 17960726.8859661  17961016.88709001
 17961305.88821005 17961595.88933396 17961884.89045399 17962174.8915779
 17962463.89269794 17962754.89382573 17963044.89494964 17963332.89606579
 17963622.89718971 17963912.89831362 17964202.89943753 17964492.90056144]"	0.0	0.0	0.0
1559.400330946508	2.0	trials	2.0	1.0	1.0	0.0	10000.0	1.0	True	40.0	0.0	0.005	"[18057536.26115473 18057826.26227864 18058115.26339867 18058406.26452646
 18058695.26564649 18058984.26676653 18059274.26789044 18059564.26901435
 18059854.27013826 18060143.2712583  18060432.27237833 18060722.27350225
 18061013.27463003 18061302.27575006 18061592.27687398 18061881.27799401
 18062171.27911792 18062460.28023796 18062749.281358   18063040.28248578]"	0.0	0.0	0.0
1567.4823046685738	2.0	trials	2.0	1.0	1.0	0.0	10000.0	1.0	True	40.0	0.0	0.005	"[18151077.62367804 18151367.62480194 18151656.62592198 18151946.62704589
 18152236.6281698  18152525.62928984 18152815.63041375 18153104.63153379
 18153395.63266157 18153683.63377773 18153974.63490552 18154264.63602943
 18154552.63714559 18154843.63827338 18155133.63939729 18155422.64051732
 18155712.64164123 18156001.64276127 18156291.64388518 18156580.64500521]"	0.0	0.0	0.0
1577.8379032021787	2.0	trials	2.0	1.0	1.0	0.0	10000.0	1.0	True	40.0	0.0	0.005	"[18270935.08819046 18271225.08931437 18271514.0904344  18271804.09155832
 18272094.09268223 18272383.09380226 18272673.09492617 18272962.09604621
 18273252.09717012 18273541.09829015 18273832.09941794 18274121.10053798
 18274411.10166189 18274701.1027858  18274990.10390583 18275279.10502587
 18275569.10614978 18275858.10726982 18276148.10839373 18276438.10951764]"	0.0	0.0	0.0
1583.2761994785492	2.0	trials	2.0	1.0	1.0	0.0	10000.0	1.0	True	40.0	0.0	0.005	"[18333877.33212566 18334168.33325344 18334457.33437348 18334747.33549739
 18335035.33661355 18335325.33773746 18335615.33886137 18335905.33998528
 18336195.34110919 18336484.34222923 18336774.34335314 18337063.34447318
 18337353.34559708 18337643.346721   18337933.34784491 18338223.34896882
 18338512.35008886 18338802.35121277 18339091.3523328  18339381.35345671]"	0.0	0.0	0.0
1661.4183903222515	2.0	trials	3.0	1.0	1.0	0.0	10000.0	1.0	False	0.0	0.0	0.0	"[nan nan nan nan nan nan nan nan nan nan nan nan nan nan nan nan nan nan
 nan nan]"	0.0	0.0	0.0
1670.222670843651	2.0	trials	3.0	1.0	1.0	0.0	10000.0	1.0	False	0.0	0.0	0.0	"[nan nan nan nan nan nan nan nan nan nan nan nan nan nan nan nan nan nan
 nan nan]"	0.0	0.0	0.0
1676.0019892416688	2.0	trials	3.0	1.0	1.0	0.0	10000.0	1.0	False	0.0	0.0	0.0	"[nan nan nan nan nan nan nan nan nan nan nan nan nan nan nan nan nan nan
 nan nan]"	0.0	0.0	0.0
1683.9056326726072	2.0	trials	3.0	1.0	1.0	0.0	10000.0	1.0	False	0.0	0.0	0.0	"[nan nan nan nan nan nan nan nan nan nan nan nan nan nan nan nan nan nan
 nan nan]"	0.0	0.0	0.0
1693.3134195329237	2.0	trials	3.0	1.0	1.0	0.0	10000.0	1.0	False	0.0	0.0	0.0	"[nan nan nan nan nan nan nan nan nan nan nan nan nan nan nan nan nan nan
 nan nan]"	0.0	0.0	0.0
1700.0558424634978	2.0	trials	3.0	1.0	1.0	0.0	10000.0	1.0	False	0.0	0.0	0.0	"[nan nan nan nan nan nan nan nan nan nan nan nan nan nan nan nan nan nan
 nan nan]"	0.0	0.0	0.0
1708.636778119314	2.0	trials	3.0	1.0	1.0	0.0	10000.0	1.0	False	0.0	0.0	0.0	"[nan nan nan nan nan nan nan nan nan nan nan nan nan nan nan nan nan nan
 nan nan]"	0.0	0.0	0.0
1714.7858035501486	2.0	trials	3.0	1.0	1.0	0.0	10000.0	1.0	False	0.0	0.0	0.0	"[nan nan nan nan nan nan nan nan nan nan nan nan nan nan nan nan nan nan
 nan nan]"	0.0	0.0	0.0
1722.6103906747005	2.0	trials	3.0	1.0	1.0	0.0	10000.0	1.0	False	0.0	0.0	0.0	"[nan nan nan nan nan nan nan nan nan nan nan nan nan nan nan nan nan nan
 nan nan]"	0.0	0.0	0.0
1729.9721312054692	2.0	trials	3.0	1.0	1.0	0.0	10000.0	1.0	False	0.0	0.0	0.0	"[nan nan nan nan nan nan nan nan nan nan nan nan nan nan nan nan nan nan
 nan nan]"	0.0	0.0	0.0
1735.570181700975	2.0	trials	3.0	1.0	1.0	0.0	10000.0	1.0	False	0.0	0.0	0.0	"[nan nan nan nan nan nan nan nan nan nan nan nan nan nan nan nan nan nan
 nan nan]"	0.0	0.0	0.0
1742.4878245106215	2.0	trials	3.0	1.0	1.0	0.0	10000.0	1.0	False	0.0	0.0	0.0	"[nan nan nan nan nan nan nan nan nan nan nan nan nan nan nan nan nan nan
 nan nan]"	0.0	0.0	0.0
1753.1391713904131	2.0	trials	3.0	1.0	1.0	0.0	10000.0	1.0	False	0.0	0.0	0.0	"[nan nan nan nan nan nan nan nan nan nan nan nan nan nan nan nan nan nan
 nan nan]"	0.0	0.0	0.0
1759.5787611473434	2.0	trials	3.0	1.0	1.0	0.0	10000.0	1.0	False	0.0	0.0	0.0	"[nan nan nan nan nan nan nan nan nan nan nan nan nan nan nan nan nan nan
 nan nan]"	0.0	0.0	0.0
1765.4453438835585	2.0	trials	3.0	1.0	1.0	0.0	10000.0	1.0	False	0.0	0.0	0.0	"[nan nan nan nan nan nan nan nan nan nan nan nan nan nan nan nan nan nan
 nan nan]"	0.0	0.0	0.0
1773.0589413904102	2.0	trials	3.0	1.0	1.0	0.0	10000.0	1.0	False	0.0	0.0	0.0	"[nan nan nan nan nan nan nan nan nan nan nan nan nan nan nan nan nan nan
 nan nan]"	0.0	0.0	0.0
1784.1527443849604	2.0	trials	3.0	1.0	1.0	0.0	10000.0	1.0	False	0.0	0.0	0.0	"[nan nan nan nan nan nan nan nan nan nan nan nan nan nan nan nan nan nan
 nan nan]"	0.0	0.0	0.0
1793.9829424823513	2.0	trials	3.0	1.0	1.0	0.0	10000.0	1.0	False	0.0	0.0	0.0	"[nan nan nan nan nan nan nan nan nan nan nan nan nan nan nan nan nan nan
 nan nan]"	0.0	0.0	0.0
1803.598781348983	2.0	trials	3.0	1.0	1.0	0.0	10000.0	1.0	False	0.0	0.0	0.0	"[nan nan nan nan nan nan nan nan nan nan nan nan nan nan nan nan nan nan
 nan nan]"	0.0	0.0	0.0
1813.524192615377	2.0	trials	3.0	1.0	1.0	0.0	10000.0	1.0	False	0.0	0.0	0.0	"[nan nan nan nan nan nan nan nan nan nan nan nan nan nan nan nan nan nan
 nan nan]"	0.0	0.0	0.0
1823.1711356025542	2.0	trials	3.0	1.0	1.0	0.0	10000.0	1.0	False	0.0	0.0	0.0	"[nan nan nan nan nan nan nan nan nan nan nan nan nan nan nan nan nan nan
 nan nan]"	0.0	0.0	0.0
1833.6017296268076	2.0	trials	3.0	1.0	1.0	0.0	10000.0	1.0	False	0.0	0.0	0.0	"[nan nan nan nan nan nan nan nan nan nan nan nan nan nan nan nan nan nan
 nan nan]"	0.0	0.0	0.0
1844.3472528715836	2.0	trials	3.0	1.0	1.0	0.0	10000.0	1.0	False	0.0	0.0	0.0	"[nan nan nan nan nan nan nan nan nan nan nan nan nan nan nan nan nan nan
 nan nan]"	0.0	0.0	0.0
1852.8774715308434	2.0	trials	3.0	1.0	1.0	0.0	10000.0	1.0	False	0.0	0.0	0.0	"[nan nan nan nan nan nan nan nan nan nan nan nan nan nan nan nan nan nan
 nan nan]"	0.0	0.0	0.0
1860.6600680926592	2.0	trials	3.0	1.0	1.0	0.0	10000.0	1.0	False	0.0	0.0	0.0	"[nan nan nan nan nan nan nan nan nan nan nan nan nan nan nan nan nan nan
 nan nan]"	0.0	0.0	0.0
1866.1378493220557	2.0	trials	3.0	1.0	1.0	0.0	10000.0	1.0	False	0.0	0.0	0.0	"[nan nan nan nan nan nan nan nan nan nan nan nan nan nan nan nan nan nan
 nan nan]"	0.0	0.0	0.0
1877.129527120815	2.0	trials	3.0	1.0	1.0	0.0	10000.0	1.0	False	0.0	0.0	0.0	"[nan nan nan nan nan nan nan nan nan nan nan nan nan nan nan nan nan nan
 nan nan]"	0.0	0.0	0.0
1882.757040130504	2.0	trials	3.0	1.0	1.0	0.0	10000.0	1.0	False	0.0	0.0	0.0	"[nan nan nan nan nan nan nan nan nan nan nan nan nan nan nan nan nan nan
 nan nan]"	0.0	0.0	0.0
1889.2737853864542	2.0	trials	3.0	1.0	1.0	0.0	10000.0	1.0	False	0.0	0.0	0.0	"[nan nan nan nan nan nan nan nan nan nan nan nan nan nan nan nan nan nan
 nan nan]"	0.0	0.0	0.0
1895.0575102015491	2.0	trials	3.0	1.0	1.0	0.0	10000.0	1.0	False	0.0	0.0	0.0	"[nan nan nan nan nan nan nan nan nan nan nan nan nan nan nan nan nan nan
 nan nan]"	0.0	0.0	0.0
1900.418564578565	2.0	trials	3.0	1.0	1.0	0.0	10000.0	1.0	False	0.0	0.0	0.0	"[nan nan nan nan nan nan nan nan nan nan nan nan nan nan nan nan nan nan
 nan nan]"	0.0	0.0	0.0
1910.2674251482833	2.0	trials	3.0	1.0	1.0	0.0	10000.0	1.0	False	0.0	0.0	0.0	"[nan nan nan nan nan nan nan nan nan nan nan nan nan nan nan nan nan nan
 nan nan]"	0.0	0.0	0.0
1921.057703766511	2.0	trials	3.0	1.0	1.0	0.0	10000.0	1.0	False	0.0	0.0	0.0	"[nan nan nan nan nan nan nan nan nan nan nan nan nan nan nan nan nan nan
 nan nan]"	0.0	0.0	0.0
1928.4116682671433	2.0	trials	3.0	1.0	1.0	0.0	10000.0	1.0	False	0.0	0.0	0.0	"[nan nan nan nan nan nan nan nan nan nan nan nan nan nan nan nan nan nan
 nan nan]"	0.0	0.0	0.0
1937.3757030076774	2.0	trials	3.0	1.0	1.0	0.0	10000.0	1.0	False	0.0	0.0	0.0	"[nan nan nan nan nan nan nan nan nan nan nan nan nan nan nan nan nan nan
 nan nan]"	0.0	0.0	0.0
1946.6946703237695	2.0	trials	3.0	1.0	1.0	0.0	10000.0	1.0	False	0.0	0.0	0.0	"[nan nan nan nan nan nan nan nan nan nan nan nan nan nan nan nan nan nan
 nan nan]"	0.0	0.0	0.0
1951.9102265369006	2.0	trials	3.0	1.0	1.0	0.0	10000.0	1.0	False	0.0	0.0	0.0	"[nan nan nan nan nan nan nan nan nan nan nan nan nan nan nan nan nan nan
 nan nan]"	0.0	0.0	0.0
1958.3638995484112	2.0	trials	3.0	1.0	1.0	0.0	10000.0	1.0	False	0.0	0.0	0.0	"[nan nan nan nan nan nan nan nan nan nan nan nan nan nan nan nan nan nan
 nan nan]"	0.0	0.0	0.0
1966.2838726426362	2.0	trials	3.0	1.0	1.0	0.0	10000.0	1.0	False	0.0	0.0	0.0	"[nan nan nan nan nan nan nan nan nan nan nan nan nan nan nan nan nan nan
 nan nan]"	0.0	0.0	0.0
1973.9701328310955	2.0	trials	3.0	1.0	1.0	0.0	10000.0	1.0	False	0.0	0.0	0.0	"[nan nan nan nan nan nan nan nan nan nan nan nan nan nan nan nan nan nan
 nan nan]"	0.0	0.0	0.0
1979.5259335628602	2.0	trials	3.0	1.0	1.0	0.0	10000.0	1.0	False	0.0	0.0	0.0	"[nan nan nan nan nan nan nan nan nan nan nan nan nan nan nan nan nan nan
 nan nan]"	0.0	0.0	0.0
1990.2962537037379	2.0	trials	3.0	1.0	1.0	0.0	10000.0	1.0	False	0.0	0.0	0.0	"[nan nan nan nan nan nan nan nan nan nan nan nan nan nan nan nan nan nan
 nan nan]"	0.0	0.0	0.0
2000.6874491753003	2.0	trials	3.0	1.0	1.0	0.0	10000.0	1.0	False	0.0	0.0	0.0	"[nan nan nan nan nan nan nan nan nan nan nan nan nan nan nan nan nan nan
 nan nan]"	0.0	0.0	0.0
2011.5557472958963	2.0	trials	3.0	1.0	1.0	0.0	10000.0	1.0	False	0.0	0.0	0.0	"[nan nan nan nan nan nan nan nan nan nan nan nan nan nan nan nan nan nan
 nan nan]"	0.0	0.0	0.0
2017.2425309352911	2.0	trials	3.0	1.0	1.0	0.0	10000.0	1.0	False	0.0	0.0	0.0	"[nan nan nan nan nan nan nan nan nan nan nan nan nan nan nan nan nan nan
 nan nan]"	0.0	0.0	0.0
2027.8138711050126	2.0	trials	3.0	1.0	1.0	0.0	10000.0	1.0	False	0.0	0.0	0.0	"[nan nan nan nan nan nan nan nan nan nan nan nan nan nan nan nan nan nan
 nan nan]"	0.0	0.0	0.0
2035.3802076287022	2.0	trials	3.0	1.0	1.0	0.0	10000.0	1.0	False	0.0	0.0	0.0	"[nan nan nan nan nan nan nan nan nan nan nan nan nan nan nan nan nan nan
 nan nan]"	0.0	0.0	0.0
2044.4584636119066	2.0	trials	3.0	1.0	1.0	0.0	10000.0	1.0	False	0.0	0.0	0.0	"[nan nan nan nan nan nan nan nan nan nan nan nan nan nan nan nan nan nan
 nan nan]"	0.0	0.0	0.0
2054.2264534682067	2.0	trials	3.0	1.0	1.0	0.0	10000.0	1.0	False	0.0	0.0	0.0	"[nan nan nan nan nan nan nan nan nan nan nan nan nan nan nan nan nan nan
 nan nan]"	0.0	0.0	0.0
2065.0027352321886	2.0	trials	3.0	1.0	1.0	0.0	10000.0	1.0	False	0.0	0.0	0.0	"[nan nan nan nan nan nan nan nan nan nan nan nan nan nan nan nan nan nan
 nan nan]"	0.0	0.0	0.0
2245.894537086797	2.0	trials	4.0	1.0	1.0	1.0	0.0	1.0	False	0.0	0.0	0.0	"[nan nan nan nan nan nan nan nan nan nan nan nan nan nan nan nan nan nan
 nan nan]"	1.0	0.02	5.0
2255.5909010655073	2.0	trials	4.0	1.0	1.0	1.0	0.0	1.0	False	0.0	0.0	0.0	"[nan nan nan nan nan nan nan nan nan nan nan nan nan nan nan nan nan nan
 nan nan]"	1.0	0.02	5.0
2264.3690886857826	2.0	trials	4.0	1.0	1.0	1.0	0.0	1.0	False	0.0	0.0	0.0	"[nan nan nan nan nan nan nan nan nan nan nan nan nan nan nan nan nan nan
 nan nan]"	1.0	0.02	5.0
2273.6806255730776	2.0	trials	4.0	1.0	1.0	1.0	0.0	1.0	False	0.0	0.0	0.0	"[nan nan nan nan nan nan nan nan nan nan nan nan nan nan nan nan nan nan
 nan nan]"	1.0	0.02	5.0
2281.067767802292	2.0	trials	4.0	1.0	1.0	1.0	0.0	1.0	False	0.0	0.0	0.0	"[nan nan nan nan nan nan nan nan nan nan nan nan nan nan nan nan nan nan
 nan nan]"	1.0	0.02	5.0
2288.5548752189256	2.0	trials	4.0	1.0	1.0	1.0	0.0	1.0	False	0.0	0.0	0.0	"[nan nan nan nan nan nan nan nan nan nan nan nan nan nan nan nan nan nan
 nan nan]"	1.0	0.02	5.0
2296.805502394616	2.0	trials	4.0	1.0	1.0	1.0	0.0	1.0	False	0.0	0.0	0.0	"[nan nan nan nan nan nan nan nan nan nan nan nan nan nan nan nan nan nan
 nan nan]"	1.0	0.02	5.0
2306.765387394614	2.0	trials	4.0	1.0	1.0	1.0	0.0	1.0	False	0.0	0.0	0.0	"[nan nan nan nan nan nan nan nan nan nan nan nan nan nan nan nan nan nan
 nan nan]"	1.0	0.02	5.0
2316.918549943669	2.0	trials	4.0	1.0	1.0	1.0	0.0	1.0	False	0.0	0.0	0.0	"[nan nan nan nan nan nan nan nan nan nan nan nan nan nan nan nan nan nan
 nan nan]"	1.0	0.02	5.0
2326.163385772461	2.0	trials	4.0	1.0	1.0	1.0	0.0	1.0	False	0.0	0.0	0.0	"[nan nan nan nan nan nan nan nan nan nan nan nan nan nan nan nan nan nan
 nan nan]"	1.0	0.02	5.0
2336.0154431545684	2.0	trials	4.0	1.0	1.0	1.0	0.0	1.0	False	0.0	0.0	0.0	"[nan nan nan nan nan nan nan nan nan nan nan nan nan nan nan nan nan nan
 nan nan]"	1.0	0.02	5.0
2345.688047041195	2.0	trials	4.0	1.0	1.0	1.0	0.0	1.0	False	0.0	0.0	0.0	"[nan nan nan nan nan nan nan nan nan nan nan nan nan nan nan nan nan nan
 nan nan]"	1.0	0.02	5.0
2355.401691086876	2.0	trials	4.0	1.0	1.0	1.0	0.0	1.0	False	0.0	0.0	0.0	"[nan nan nan nan nan nan nan nan nan nan nan nan nan nan nan nan nan nan
 nan nan]"	1.0	0.02	5.0
2364.936054437745	2.0	trials	4.0	1.0	1.0	1.0	0.0	1.0	False	0.0	0.0	0.0	"[nan nan nan nan nan nan nan nan nan nan nan nan nan nan nan nan nan nan
 nan nan]"	1.0	0.02	5.0
2370.329768141334	2.0	trials	4.0	1.0	1.0	1.0	0.0	1.0	False	0.0	0.0	0.0	"[nan nan nan nan nan nan nan nan nan nan nan nan nan nan nan nan nan nan
 nan nan]"	1.0	0.02	5.0
2376.3232729694414	2.0	trials	4.0	1.0	1.0	1.0	0.0	1.0	False	0.0	0.0	0.0	"[nan nan nan nan nan nan nan nan nan nan nan nan nan nan nan nan nan nan
 nan nan]"	1.0	0.02	5.0
2386.552899814837	2.0	trials	4.0	1.0	1.0	1.0	0.0	1.0	False	0.0	0.0	0.0	"[nan nan nan nan nan nan nan nan nan nan nan nan nan nan nan nan nan nan
 nan nan]"	1.0	0.02	5.0
2391.6954477450213	2.0	trials	4.0	1.0	1.0	1.0	0.0	1.0	False	0.0	0.0	0.0	"[nan nan nan nan nan nan nan nan nan nan nan nan nan nan nan nan nan nan
 nan nan]"	1.0	0.02	5.0
2402.0158813423423	2.0	trials	4.0	1.0	1.0	1.0	0.0	1.0	False	0.0	0.0	0.0	"[nan nan nan nan nan nan nan nan nan nan nan nan nan nan nan nan nan nan
 nan nan]"	1.0	0.02	5.0
2409.0836879339563	2.0	trials	4.0	1.0	1.0	1.0	0.0	1.0	False	0.0	0.0	0.0	"[nan nan nan nan nan nan nan nan nan nan nan nan nan nan nan nan nan nan
 nan nan]"	1.0	0.02	5.0
2418.090577240576	2.0	trials	4.0	1.0	1.0	1.0	0.0	1.0	False	0.0	0.0	0.0	"[nan nan nan nan nan nan nan nan nan nan nan nan nan nan nan nan nan nan
 nan nan]"	1.0	0.02	5.0
2428.320204085971	2.0	trials	4.0	1.0	1.0	1.0	0.0	1.0	False	0.0	0.0	0.0	"[nan nan nan nan nan nan nan nan nan nan nan nan nan nan nan nan nan nan
 nan nan]"	1.0	0.02	5.0
2436.7082077940704	2.0	trials	4.0	1.0	1.0	1.0	0.0	1.0	False	0.0	0.0	0.0	"[nan nan nan nan nan nan nan nan nan nan nan nan nan nan nan nan nan nan
 nan nan]"	1.0	0.02	5.0
2442.0192363772094	2.0	trials	4.0	1.0	1.0	1.0	0.0	1.0	False	0.0	0.0	0.0	"[nan nan nan nan nan nan nan nan nan nan nan nan nan nan nan nan nan nan
 nan nan]"	1.0	0.02	5.0
2450.5861751787797	2.0	trials	4.0	1.0	1.0	1.0	0.0	1.0	False	0.0	0.0	0.0	"[nan nan nan nan nan nan nan nan nan nan nan nan nan nan nan nan nan nan
 nan nan]"	1.0	0.02	5.0
2457.828078445113	2.0	trials	4.0	1.0	1.0	1.0	0.0	1.0	False	0.0	0.0	0.0	"[nan nan nan nan nan nan nan nan nan nan nan nan nan nan nan nan nan nan
 nan nan]"	1.0	0.02	5.0
2467.081381506721	2.0	trials	4.0	1.0	1.0	1.0	0.0	1.0	False	0.0	0.0	0.0	"[nan nan nan nan nan nan nan nan nan nan nan nan nan nan nan nan nan nan
 nan nan]"	1.0	0.02	5.0
2474.4001810710693	2.0	trials	4.0	1.0	1.0	1.0	0.0	1.0	False	0.0	0.0	0.0	"[nan nan nan nan nan nan nan nan nan nan nan nan nan nan nan nan nan nan
 nan nan]"	1.0	0.02	5.0
2485.1526163426333	2.0	trials	4.0	1.0	1.0	1.0	0.0	1.0	False	0.0	0.0	0.0	"[nan nan nan nan nan nan nan nan nan nan nan nan nan nan nan nan nan nan
 nan nan]"	1.0	0.02	5.0
2491.506496967394	2.0	trials	4.0	1.0	1.0	1.0	0.0	1.0	False	0.0	0.0	0.0	"[nan nan nan nan nan nan nan nan nan nan nan nan nan nan nan nan nan nan
 nan nan]"	1.0	0.02	5.0
2498.528597781873	2.0	trials	4.0	1.0	1.0	1.0	0.0	1.0	False	0.0	0.0	0.0	"[nan nan nan nan nan nan nan nan nan nan nan nan nan nan nan nan nan nan
 nan nan]"	1.0	0.02	5.0
2509.614451945617	2.0	trials	4.0	1.0	1.0	1.0	0.0	1.0	False	0.0	0.0	0.0	"[nan nan nan nan nan nan nan nan nan nan nan nan nan nan nan nan nan nan
 nan nan]"	1.0	0.02	5.0
2515.230646511441	2.0	trials	4.0	1.0	1.0	1.0	0.0	1.0	False	0.0	0.0	0.0	"[nan nan nan nan nan nan nan nan nan nan nan nan nan nan nan nan nan nan
 nan nan]"	1.0	0.02	5.0
2522.178529438285	2.0	trials	4.0	1.0	1.0	1.0	0.0	1.0	False	0.0	0.0	0.0	"[nan nan nan nan nan nan nan nan nan nan nan nan nan nan nan nan nan nan
 nan nan]"	1.0	0.02	5.0
2527.981089526377	2.0	trials	4.0	1.0	1.0	1.0	0.0	1.0	False	0.0	0.0	0.0	"[nan nan nan nan nan nan nan nan nan nan nan nan nan nan nan nan nan nan
 nan nan]"	1.0	0.02	5.0
2535.7859773745836	2.0	trials	4.0	1.0	1.0	1.0	0.0	1.0	False	0.0	0.0	0.0	"[nan nan nan nan nan nan nan nan nan nan nan nan nan nan nan nan nan nan
 nan nan]"	1.0	0.02	5.0
2546.244392306658	2.0	trials	4.0	1.0	1.0	1.0	0.0	1.0	False	0.0	0.0	0.0	"[nan nan nan nan nan nan nan nan nan nan nan nan nan nan nan nan nan nan
 nan nan]"	1.0	0.02	5.0
2552.719406200876	2.0	trials	4.0	1.0	1.0	1.0	0.0	1.0	False	0.0	0.0	0.0	"[nan nan nan nan nan nan nan nan nan nan nan nan nan nan nan nan nan nan
 nan nan]"	1.0	0.02	5.0
2559.5166069437446	2.0	trials	4.0	1.0	1.0	1.0	0.0	1.0	False	0.0	0.0	0.0	"[nan nan nan nan nan nan nan nan nan nan nan nan nan nan nan nan nan nan
 nan nan]"	1.0	0.02	5.0
2568.0731777051333	2.0	trials	4.0	1.0	1.0	1.0	0.0	1.0	False	0.0	0.0	0.0	"[nan nan nan nan nan nan nan nan nan nan nan nan nan nan nan nan nan nan
 nan nan]"	1.0	0.02	5.0
2575.266869584622	2.0	trials	4.0	1.0	1.0	1.0	0.0	1.0	False	0.0	0.0	0.0	"[nan nan nan nan nan nan nan nan nan nan nan nan nan nan nan nan nan nan
 nan nan]"	1.0	0.02	5.0
2585.023627397391	2.0	trials	4.0	1.0	1.0	1.0	0.0	1.0	False	0.0	0.0	0.0	"[nan nan nan nan nan nan nan nan nan nan nan nan nan nan nan nan nan nan
 nan nan]"	1.0	0.02	5.0
2591.1806016590317	2.0	trials	4.0	1.0	1.0	1.0	0.0	1.0	False	0.0	0.0	0.0	"[nan nan nan nan nan nan nan nan nan nan nan nan nan nan nan nan nan nan
 nan nan]"	1.0	0.02	5.0
2598.9447085491897	2.0	trials	4.0	1.0	1.0	1.0	0.0	1.0	False	0.0	0.0	0.0	"[nan nan nan nan nan nan nan nan nan nan nan nan nan nan nan nan nan nan
 nan nan]"	1.0	0.02	5.0
2604.759278283826	2.0	trials	4.0	1.0	1.0	1.0	0.0	1.0	False	0.0	0.0	0.0	"[nan nan nan nan nan nan nan nan nan nan nan nan nan nan nan nan nan nan
 nan nan]"	1.0	0.02	5.0
2614.999273169403	2.0	trials	4.0	1.0	1.0	1.0	0.0	1.0	False	0.0	0.0	0.0	"[nan nan nan nan nan nan nan nan nan nan nan nan nan nan nan nan nan nan
 nan nan]"	1.0	0.02	5.0
2624.8212632349832	2.0	trials	4.0	1.0	1.0	1.0	0.0	1.0	False	0.0	0.0	0.0	"[nan nan nan nan nan nan nan nan nan nan nan nan nan nan nan nan nan nan
 nan nan]"	1.0	0.02	5.0
2630.17341837751	2.0	trials	4.0	1.0	1.0	1.0	0.0	1.0	False	0.0	0.0	0.0	"[nan nan nan nan nan nan nan nan nan nan nan nan nan nan nan nan nan nan
 nan nan]"	1.0	0.02	5.0
2635.783392119225	2.0	trials	4.0	1.0	1.0	1.0	0.0	1.0	False	0.0	0.0	0.0	"[nan nan nan nan nan nan nan nan nan nan nan nan nan nan nan nan nan nan
 nan nan]"	1.0	0.02	5.0
2641.0695374059273	2.0	trials	4.0	1.0	1.0	1.0	0.0	1.0	False	0.0	0.0	0.0	"[nan nan nan nan nan nan nan nan nan nan nan nan nan nan nan nan nan nan
 nan nan]"	1.0	0.02	5.0
2650.9393068566787	2.0	trials	4.0	1.0	1.0	1.0	0.0	1.0	False	0.0	0.0	0.0	"[nan nan nan nan nan nan nan nan nan nan nan nan nan nan nan nan nan nan
 nan nan]"	1.0	0.02	5.0
2730.7441857442063	2.0	trials	5.0	0.0	0.0	0.0	0.0	0.0	True	40.0	0.0	0.005	"[31614757.80271186 31615046.80383189 31615335.80495193 31615625.80607584
 31615916.80720362 31616206.80832754 31616495.80944757 31616785.81057148
 31617074.81169152 31617363.81281155 31617653.81393546 31617942.8150555
 31618231.81617554 31618522.81730332 31618811.81842336 31619100.8195434
 31619391.82067118 31619680.82179122 31619969.82291125 31620260.82403904]"	0.0	0.0	0.0
2737.2064987892013	2.0	trials	5.0	0.0	0.0	0.0	0.0	0.0	True	40.0	0.0	0.005	"[31689553.09258401 31689842.09370405 31690132.09482796 31690421.09594799
 31690711.0970719  31691001.09819581 31691290.09931585 31691579.10043588
 31691869.1015598  31692160.10268759 31692448.10380374 31692737.10492378
 31693027.10604769 31693317.1071716  31693608.10829939 31693897.10941943
 31694187.11054333 31694475.11165949 31694766.11278728 31695055.11390732]"	0.0	0.0	0.0
2742.4749320072597	2.0	trials	5.0	0.0	0.0	0.0	0.0	0.0	True	40.0	0.0	0.005	"[31750529.32889986 31750819.33002378 31751110.33115156 31751398.33226772
 31751688.33339164 31751978.33451555 31752267.33563558 31752558.33676337
 31752846.33787952 31753137.33900731 31753427.34013122 31753717.34125514
 31754006.34237517 31754296.34349908 31754584.34461524 31754874.34573916
 31755164.34686306 31755454.34798698 31755743.34910701 31756034.3502348 ]"	0.0	0.0	0.0
2748.144867581359	2.0	trials	5.0	0.0	0.0	0.0	0.0	0.0	True	40.0	0.0	0.005	"[31816154.58323318 31816443.58435322 31816733.58547712 31817023.58660104
 31817313.58772495 31817601.5888411  31817892.58996889 31818181.59108893
 31818470.59220896 31818760.59333288 31819049.59445291 31819339.59557682
 31819629.59670073 31819918.59782077 31820209.59894855 31820498.60006859
 31820787.60118863 31821076.60230866 31821366.60343257 31821655.60455261]"	0.0	0.0	0.0
2755.8682799138037	2.0	trials	5.0	0.0	0.0	0.0	0.0	0.0	True	40.0	0.0	0.005	"[31905544.92966906 31905834.93079297 31906123.93191301 31906414.9330408
 31906703.93416083 31906992.93528086 31907283.93640865 31907572.93752868
 31907861.93864872 31908151.93977263 31908440.94089267 31908730.94201658
 31909020.94314049 31909310.9442644  31909599.94538444 31909888.94650447
 31910178.94762839 31910468.94875229 31910759.94988008 31911048.95100011]"	0.0	0.0	0.0
2763.636361219365	2.0	trials	5.0	0.0	0.0	0.0	0.0	0.0	True	40.0	0.0	0.005	"[31995454.27811635 31995743.27923639 31996032.28035643 31996322.28148033
 31996612.28260425 31996902.28372816 31997191.28484819 31997480.28596823
 31997770.28709214 31998060.28821605 31998349.28933609 31998640.29046387
 31998929.29158391 31999218.29270395 31999508.29382785 31999798.29495177
 32000087.2960718  32000377.29719571 32000667.29831963 32000956.29943966]"	0.0	0.0	0.0
2773.3812821862603	2.0	trials	5.0	0.0	0.0	0.0	0.0	0.0	True	40.0	0.0	0.005	"[32108242.71523247 32108532.71635639 32108821.71747642 32109111.71860033
 32109400.71972037 32109689.72084041 32109979.72196431 32110268.72308435
 32110560.72421602 32110848.72533217 32111139.72645996 32111428.72758
 32111718.72870391 32112007.72982394 32112297.73094786 32112586.73206789
 32112877.73319567 32113165.73431183 32113456.73543962 32113745.73655966]"	0.0	0.0	0.0
2779.7649709265434	2.0	trials	5.0	0.0	0.0	0.0	0.0	0.0	True	40.0	0.0	0.005	"[32182128.00157787 32182418.00270179 32182708.00382569 32182997.00494574
 32183287.00606965 32183577.00719355 32183866.00831359 32184155.00943363
 32184446.01056141 32184735.01168145 32185024.01280148 32185314.01392539
 32185604.0150493  32185893.01616934 32186184.01729713 32186473.01841716
 32186762.0195372  32187051.02065723 32187341.02178114 32187631.02290505]"	0.0	0.0	0.0
2785.3866951137975	2.0	trials	5.0	0.0	0.0	0.0	0.0	0.0	True	40.0	0.0	0.005	"[32247193.25374087 32247482.25486091 32247772.25598482 32248063.25711261
 32248351.25822876 32248641.25935268 32248932.26048046 32249221.2616005
 32249511.26272441 32249800.26384445 32250090.26496836 32250380.26609227
 32250669.26721231 32250958.26833234 32251248.26945625 32251537.27057629
 32251828.27170407 32252117.27282411 32252407.27394802 32252696.27506806]"	0.0	0.0	0.0
2796.0486692347754	2.0	trials	5.0	0.0	0.0	0.0	0.0	0.0	True	40.0	0.0	0.005	"[32370595.73199214 32370885.73311605 32371173.73423221 32371464.73536
 32371754.73648391 32372043.73760394 32372333.73872786 32372623.73985176
 32372911.74096793 32373201.74209184 32373492.74321963 32373781.74433966
 32374071.74546357 32374360.7465836  32374650.74770752 32374939.74882755
 32375229.74995146 32375519.75107538 32375809.75219928 32376098.75331932]"	0.0	0.0	0.0
2806.206843003251	2.0	trials	5.0	0.0	0.0	0.0	0.0	0.0	True	40.0	0.0	0.005	"[32488166.18764117 32488457.18876896 32488747.18989286 32489037.19101677
 32489327.19214069 32489616.19326072 32489906.19438464 32490196.19550855
 32490484.1966247  32490774.19774862 32491064.19887253 32491354.19999644
 32491644.20112035 32491934.20224426 32492223.2033643  32492513.20448821
 32492802.20560824 32493092.20673215 32493382.20785606 32493671.2089761 ]"	0.0	0.0	0.0
2814.3137000217534	2.0	trials	5.0	0.0	0.0	0.0	0.0	0.0	True	40.0	0.0	0.005	"[32581997.55128839 32582286.55240843 32582576.55353234 32582866.55465624
 32583155.55577628 32583445.5569002  32583736.55802798 32584024.55914414
 32584313.56026417 32584604.56139196 32584893.562512   32585182.56363203
 32585472.56475594 32585762.56587986 32586052.56700377 32586342.56812768
 32586630.56924383 32586921.57037162 32587210.57149166 32587499.57261169]"	0.0	0.0	0.0
2821.537286417099	2.0	trials	5.0	0.0	0.0	0.0	0.0	0.0	True	40.0	0.0	0.005	"[32665602.87530418 32665892.8764281  32666182.87755201 32666471.87867204
 32666762.87979983 32667051.88091986 32667340.8820399  32667629.88315994
 32667919.88428385 32668208.88540388 32668499.88653167 32668788.8876517
 32669078.88877562 32669368.88989952 32669657.89101956 32669947.89214347
 32670236.89326351 32670527.89439129 32670817.89551521 32671105.89663136]"	0.0	0.0	0.0
2828.1488128403776	2.0	trials	5.0	0.0	0.0	0.0	0.0	0.0	True	40.0	0.0	0.005	"[32742126.1718733  32742415.17299333 32742706.17412112 32742994.17523728
 32743285.17636507 32743573.17748122 32743864.17860901 32744153.17972905
 32744443.18085296 32744732.181973   32745023.18310078 32745311.18421694
 32745601.18534085 32745892.18646863 32746180.1875848  32746470.18870871
 32746759.18982875 32747050.19095653 32747338.19207269 32747630.19320435]"	0.0	0.0	0.0
2834.8817317341186	2.0	trials	5.0	0.0	0.0	0.0	0.0	0.0	True	40.0	0.0	0.005	"[32820052.47387981 32820343.4750076  32820632.47612763 32820922.47725155
 32821211.47837158 32821500.47949162 32821791.4806194  32822080.48173944
 32822369.48285947 32822659.48398339 32822949.4851073  32823239.48623121
 32823528.48735124 32823818.48847515 32824107.48959519 32824398.49072298
 32824686.49183913 32824976.49296305 32825266.49408696 32825556.49521087]"	0.0	0.0	0.0
2843.7792382168195	2.0	trials	5.0	0.0	0.0	0.0	0.0	0.0	True	40.0	0.0	0.005	"[32923032.87298449 32923323.87411227 32923611.87522844 32923902.87635622
 32924191.87747626 32924481.87860017 32924770.87972021 32925061.88084799
 32925350.88196803 32925639.88308806 32925928.8842081  32926219.88533589
 32926508.88645592 32926799.8875837  32927088.88870374 32927377.88982378
 32927667.89094769 32927956.89206772 32928247.89319551 32928535.89431167]"	0.0	0.0	0.0
2849.9039851535617	2.0	trials	5.0	0.0	0.0	0.0	0.0	0.0	True	40.0	0.0	0.005	"[32993922.14771872 32994212.14884263 32994502.14996655 32994791.15108658
 32995080.15220662 32995370.15333052 32995659.15445057 32995949.15557447
 32996240.15670227 32996529.1578223  32996818.15894233 32997109.16007012
 32997398.16119016 32997687.16231019 32997977.1634341  32998267.16455801
 32998556.16567805 32998846.16680196 32999135.16792199 32999426.16904978]"	0.0	0.0	0.0
2859.8965294801333	2.0	trials	5.0	0.0	0.0	0.0	0.0	0.0	True	40.0	0.0	0.005	"[33109575.59593831 33109864.59705835 33110155.59818614 33110444.59930617
 33110734.60043008 33111023.60155011 33111314.6026779  33111603.60379793
 33111892.60491797 33112182.60604188 33112471.60716192 33112762.60828971
 33113051.60940974 33113340.61052978 33113631.61165757 33113921.61278147
 33114208.61389376 33114501.61502929 33114790.61614934 33115079.61726937]"	0.0	0.0	0.0
2869.111470793068	2.0	trials	5.0	0.0	0.0	0.0	0.0	0.0	True	40.0	0.0	0.005	"[33216231.00928565 33216520.01040569 33216809.01152572 33217099.01264964
 33217388.01376968 33217678.01489358 33217968.0160175  33218258.0171414
 33218548.01826531 33218838.01938923 33219127.02050926 33219417.02163317
 33219706.02275321 33219996.02387712 33220286.02500103 33220576.02612494
 33220863.02723723 33221154.02836501 33221444.02948892 33221734.03061284]"	0.0	0.0	0.0
2877.9513482524244	2.0	trials	5.0	0.0	0.0	0.0	0.0	0.0	True	40.0	0.0	0.005	"[33318544.40580534 33318834.40692925 33319122.40804541 33319412.40916931
 33319703.4102971  33319992.41141714 33320281.41253718 33320571.41366109
 33320861.414785   33321151.41590891 33321440.41702894 33321730.41815285
 33322020.41927677 33322309.4203968  33322599.42152071 33322888.42264075
 33323178.42376466 33323468.42488857 33323757.4260086  33324047.42713251]"	0.0	0.0	0.0
2886.537467928332	2.0	trials	5.0	0.0	0.0	0.0	0.0	0.0	True	40.0	0.0	0.005	"[33417919.79093864 33418208.79205867 33418499.79318646 33418789.79431037
 33419078.7954304  33419367.79655045 33419658.79767822 33419946.79879439
 33420236.7999183  33420526.80104221 33420816.80216612 33421105.80328616
 33421394.80440619 33421684.8055301  33421973.80665014 33422263.80777405
 33422554.80890183 33422843.81002187 33423132.8111419  33423422.81226582]"	0.0	0.0	0.0
2895.8421791891737	2.0	trials	5.0	0.0	0.0	0.0	0.0	0.0	True	40.0	0.0	0.005	"[33525613.2083088  33525904.20943659 33526193.21055663 33526483.21168054
 33526773.21280445 33527062.21392449 33527352.2150484  33527642.21617231
 33527931.21729235 33528220.21841238 33528511.21954016 33528799.22065633
 33529090.22178411 33529380.22290802 33529668.22402418 33529958.22514809
 33530248.22627201 33530538.22739591 33530828.22851983 33531118.22964373]"	0.0	0.0	0.0
2906.2109969740104	2.0	trials	5.0	0.0	0.0	0.0	0.0	0.0	True	40.0	0.0	0.005	"[33645623.67341419 33645912.67453422 33646201.67565425 33646492.67678205
 33646781.67790208 33647071.67902599 33647361.68014991 33647651.68127381
 33647940.68239385 33648230.68351776 33648519.68463779 33648808.68575783
 33649098.68688174 33649388.68800565 33649677.68912569 33649967.6902496
 33650257.6913735  33650546.69249355 33650837.69362133 33651125.69473749]"	0.0	0.0	0.0
2912.966466355146	2.0	trials	5.0	0.0	0.0	0.0	0.0	0.0	True	40.0	0.0	0.005	"[33723811.97643609 33724100.97755613 33724389.97867617 33724680.97980396
 33724968.98092011 33725257.98204015 33725547.98316406 33725838.98429185
 33726127.98541188 33726417.9865358  33726706.98765583 33726996.98877974
 33727285.98989978 33727575.99102369 33727864.99214373 33728156.99327539
 33728444.99439155 33728734.99551546 33729024.99663937 33729313.99775941]"	0.0	0.0	0.0
2923.57366266383	2.0	trials	5.0	0.0	0.0	0.0	0.0	0.0	True	40.0	0.0	0.005	"[33846580.45223026 33846869.4533503  33847159.45447421 33847448.45559424
 33847738.45671815 33848027.45783819 33848317.45896211 33848606.46008214
 33848896.46120604 33849186.46232996 33849477.46345775 33849765.4645739
 33850056.46570169 33850345.46682173 33850635.46794564 33850925.46906955
 33851214.47018959 33851504.4713135  33851793.47243353 33852083.47355744]"	0.0	0.0	0.0
2929.873629479645	2.0	trials	5.0	0.0	0.0	0.0	0.0	0.0	True	40.0	0.0	0.005	"[33919494.7348125  33919784.73593641 33920074.73706032 33920365.73818811
 33920654.73930814 33920943.74042817 33921233.74155209 33921523.742676
 33921812.74379604 33922101.74491607 33922393.74604773 33922681.74716389
 33922972.74829168 33923260.74940784 33923550.75053175 33923840.75165566
 33924129.7527757  33924418.75389573 33924709.75502352 33924998.75614356]"	0.0	0.0	0.0
2936.9836858350004	2.0	trials	5.0	0.0	0.0	0.0	0.0	0.0	True	40.0	0.0	0.005	"[34001788.05374356 34002078.05486747 34002368.05599139 34002657.05711142
 34002946.05823145 34003236.05935536 34003525.0604754  34003816.0616032
 34004104.06271935 34004395.06384713 34004684.06496716 34004973.06608721
 34005264.06721499 34005553.06833503 34005843.06945894 34006133.07058284
 34006422.07170289 34006712.0728268  34007002.07395071 34007291.07507075]"	0.0	0.0	0.0
2944.8443018991848	2.0	trials	5.0	0.0	0.0	0.0	0.0	0.0	True	40.0	0.0	0.005	"[34092768.40634158 34093057.40746161 34093347.40858553 34093637.40970943
 34093927.41083334 34094215.41194951 34094507.41308116 34094795.41419733
 34095086.41532511 34095375.41644514 34095663.41756131 34095954.41868909
 34096244.419813   34096532.42092916 34096822.42205308 34097112.42317699
 34097401.42429702 34097691.42542093 34097981.42654485 34098270.42766488]"	0.0	0.0	0.0
2952.2361097464795	2.0	trials	5.0	0.0	0.0	0.0	0.0	0.0	True	40.0	0.0	0.005	"[34178320.73790307 34178610.73902699 34178899.74014702 34179190.74127481
 34179480.74239872 34179769.74351875 34180058.74463879 34180348.74576271
 34180639.74689049 34180928.74801052 34181218.74913444 34181508.75025835
 34181796.75137451 34182087.75250229 34182376.75362233 34182665.75474237
 34182955.75586627 34183244.75698631 34183535.75811409 34183825.759238  ]"	0.0	0.0	0.0
2958.6675778719346	2.0	trials	5.0	0.0	0.0	0.0	0.0	0.0	True	40.0	0.0	0.005	"[34252761.0263994  34253050.02751944 34253340.02864335 34253628.02975952
 34253919.0308873  34254209.03201121 34254499.03313512 34254788.03425516
 34255078.03537907 34255366.03649523 34255656.03761914 34255945.03873918
 34256236.03986696 34256525.04098699 34256816.04211479 34257104.04323094
 34257394.04435486 34257685.04548264 34257973.0465988  34258263.04772272]"	0.0	0.0	0.0
2967.403947730143	2.0	trials	5.0	0.0	0.0	0.0	0.0	0.0	True	40.0	0.0	0.005	"[34353875.4182723  34354164.41939233 34354454.42051625 34354743.42163628
 34355033.42276019 34355323.4238841  34355613.42500801 34355901.42612418
 34356192.42725196 34356481.428372   34356771.4294959  34357060.43061595
 34357351.43174373 34357640.43286376 34357930.43398767 34358219.43510771
 34358509.43623162 34358798.43735166 34359087.43847169 34359378.43959948]"	0.0	0.0	0.0
2974.8283285036764	2.0	trials	5.0	0.0	0.0	0.0	0.0	0.0	True	40.0	0.0	0.005	"[34439804.75129488 34440095.75242267 34440385.75354658 34440674.75466662
 34440963.75578665 34441252.75690669 34441542.75803059 34441832.75915451
 34442122.76027842 34442412.76140234 34442702.76252624 34442992.76365016
 34443280.76476631 34443569.76588635 34443859.76701026 34444150.76813805
 34444439.76925808 34444729.77038199 34445019.77150591 34445308.77262594]"	0.0	0.0	0.0
2983.6045289162503	2.0	trials	5.0	0.0	0.0	0.0	0.0	0.0	True	40.0	0.0	0.005	"[34541382.14496215 34541672.14608607 34541961.14720611 34542250.14832614
 34542541.14945392 34542830.15057396 34543120.15169787 34543409.1528179
 34543700.15394569 34543988.15506185 34544279.15618964 34544569.15731355
 34544858.15843359 34545148.1595575  34545437.16067754 34545727.16180145
 34546017.16292536 34546306.16404539 34546596.16516931 34546885.16628934]"	0.0	0.0	0.0
2990.6127192768186	2.0	trials	5.0	0.0	0.0	0.0	0.0	0.0	True	40.0	0.0	0.005	"[34622494.45931619 34622784.46044011 34623072.46155626 34623364.46268792
 34623654.46381184 34623942.464928   34624232.46605191 34624522.46717582
 34624811.46829586 34625101.46941976 34625390.4705398  34625679.47165984
 34625970.47278763 34626260.47391153 34626549.47503157 34626838.4761516
 34627128.47727551 34627418.47839943 34627708.47952334 34627997.48064337]"	0.0	0.0	0.0
2998.394451835286	2.0	trials	5.0	0.0	0.0	0.0	0.0	0.0	True	40.0	0.0	0.005	"[34712560.80837195 34712850.80949586 34713140.81061977 34713429.81173981
 34713719.81286371 34714009.81398763 34714299.81511154 34714589.81623545
 34714879.81735937 34715167.81847552 34715458.81960331 34715747.82072335
 34716037.82184725 34716326.82296729 34716615.82408733 34716906.82521511
 34717195.82633515 34717484.82745519 34717774.8285791  34718065.82970688]"	0.0	0.0	0.0
3009.2199817901314	2.0	trials	5.0	0.0	0.0	0.0	0.0	0.0	True	40.0	0.0	0.005	"[34837857.29396351 34838145.29507968 34838436.29620746 34838725.2973275
 34839015.2984514  34839305.29957532 34839594.30069535 34839884.30181927
 34840174.30294318 34840463.30406322 34840754.305191   34841043.30631103
 34841332.30743107 34841622.30855498 34841912.30967889 34842201.31079893
 34842492.31192672 34842781.31304675 34843070.31416678 34843360.3152907 ]"	0.0	0.0	0.0
3018.128720316363	2.0	trials	5.0	0.0	0.0	0.0	0.0	0.0	True	40.0	0.0	0.005	"[34940967.69357201 34941256.69469205 34941546.69581596 34941836.69693987
 34942126.69806378 34942414.69917995 34942705.70030773 34942995.70143164
 34943283.7025478  34943573.70367172 34943863.70479562 34944152.70591566
 34944443.70704344 34944732.70816348 34945022.70928739 34945311.71040743
 34945601.71153133 34945891.71265525 34946181.71377916 34946469.71489532]"	0.0	0.0	0.0
3029.0751243396617	2.0	trials	5.0	0.0	0.0	0.0	0.0	0.0	True	40.0	0.0	0.005	"[35067662.18458161 35067952.18570552 35068241.18682556 35068530.18794559
 35068820.1890695  35069110.19019341 35069400.19131732 35069690.19244123
 35069978.1935574  35070268.19468131 35070558.19580522 35070847.19692525
 35071136.19804529 35071427.19917308 35071716.20029311 35072007.2014209
 35072296.20254093 35072585.20366096 35072874.204781   35073164.20590492]"	0.0	0.0	0.0
3038.073114411792	2.0	trials	5.0	0.0	0.0	0.0	0.0	0.0	True	40.0	0.0	0.005	"[35171804.58818968 35172094.58931359 35172384.5904375  35172674.59156141
 35172963.59268145 35173253.59380537 35173542.5949254  35173832.59604931
 35174122.59717322 35174410.59828938 35174701.59941716 35174991.60054108
 35175279.60165723 35175569.60278115 35175859.60390506 35176149.60502896
 35176439.60615288 35176727.60726904 35177017.60839295 35177306.60951298]"	0.0	0.0	0.0
3047.8767876063844	2.0	trials	5.0	0.0	0.0	0.0	0.0	0.0	True	40.0	0.0	0.005	"[35285274.02794506 35285563.02906509 35285853.03018901 35286143.03131291
 35286432.03243295 35286722.03355686 35287011.03467689 35287302.03580468
 35287590.03692085 35287881.03804862 35288171.03917254 35288459.0402887
 35288750.04141648 35289039.04253653 35289329.04366043 35289619.04478434
 35289907.0459005  35290197.04702441 35290487.04814832 35290777.04927224]"	0.0	0.0	0.0
3056.1363140165636	2.0	trials	5.0	0.0	0.0	0.0	0.0	0.0	True	40.0	0.0	0.005	"[35380870.39843263 35381160.39955655 35381449.40067658 35381738.40179662
 35382028.40292053 35382318.40404443 35382607.40516448 35382897.40628839
 35383187.4074123  35383476.40853234 35383767.40966012 35384056.41078015
 35384346.41190406 35384635.4130241  35384925.41414801 35385214.41526805
 35385503.41638808 35385794.41751587 35386083.4186359  35386372.41975594]"	0.0	0.0	0.0
3064.763041849849	2.0	trials	5.0	0.0	0.0	0.0	0.0	0.0	True	40.0	0.0	0.005	"[35480715.78538745 35481005.78651136 35481295.78763527 35481585.78875917
 35481874.78987922 35482163.79099925 35482454.79212704 35482742.79324319
 35483032.7943671  35483322.79549102 35483612.79661493 35483902.79773884
 35484190.798855   35484481.79998279 35484770.80110282 35485060.80222673
 35485349.80334677 35485640.80447455 35485930.80559847 35486219.8067185 ]"	0.0	0.0	0.0
3073.545117485193	2.0	trials	5.0	0.0	0.0	0.0	0.0	0.0	True	40.0	0.0	0.005	"[35582361.17931826 35582649.18043442 35582939.18155833 35583230.18268611
 35583519.18380614 35583808.18492619 35584099.18605397 35584388.187174
 35584678.18829791 35584968.18942183 35585256.19053799 35585546.1916619
 35585836.19278581 35586126.19390973 35586416.19503363 35586705.19615367
 35586995.19727758 35587284.19839761 35587573.19951764 35587863.20064157]"	0.0	0.0	0.0
3084.2606598137763	2.0	trials	5.0	0.0	0.0	0.0	0.0	0.0	True	40.0	0.0	0.005	"[35706383.65997237 35706672.6610924  35706962.66221631 35707252.66334023
 35707540.66445638 35707831.66558417 35708120.66670421 35708410.66782811
 35708699.66894815 35708989.67007206 35709279.67119597 35709568.67231601
 35709857.67343605 35710147.67455996 35710437.67568387 35710727.67680778
 35711017.67793169 35711306.67905173 35711596.68017563 35711886.68129954]"	0.0	0.0	0.0
3094.1853798774914	2.0	trials	5.0	0.0	0.0	0.0	0.0	0.0	True	40.0	0.0	0.005	"[35821252.10514964 35821542.10627355 35821832.10739746 35822122.10852138
 35822412.10964528 35822702.1107692  35822990.11188536 35823280.11300927
 35823571.11413706 35823860.11525709 35824149.11637712 35824439.11750104
 35824729.11862495 35825018.11974498 35825308.1208689  35825597.12198893
 35825887.12311284 35826177.12423676 35826466.12535679 35826756.1264807 ]"	0.0	0.0	0.0
3100.923050789649	2.0	trials	5.0	0.0	0.0	0.0	0.0	0.0	True	40.0	0.0	0.005	"[35899234.40737319 35899526.40850485 35899814.40962101 35900103.41074105
 35900393.41186496 35900683.41298886 35900972.4141089  35901261.41522894
 35901551.41635285 35901840.41747288 35902130.4185968  35902421.41972458
 35902710.42084462 35903000.42196853 35903290.42309245 35903579.42421248
 35903868.42533251 35904159.4264603  35904448.42758034 35904737.42870037]"	0.0	0.0	0.0
3111.2819325359787	2.0	trials	5.0	0.0	0.0	0.0	0.0	0.0	True	40.0	0.0	0.005	"[36019129.87203288 36019418.87315292 36019709.87428071 36019997.87539687
 36020288.87652465 36020578.87764856 36020867.8787686  36021157.87989251
 36021446.88101255 36021735.88213258 36022026.88326037 36022314.88437653
 36022604.88550044 36022895.88662823 36023184.88774826 36023474.88887217
 36023764.88999608 36024053.89111612 36024342.89223615 36024632.89336006]"	0.0	0.0	0.0
3118.787616024604	2.0	trials	5.0	0.0	0.0	0.0	0.0	0.0	True	40.0	0.0	0.005	"[36106000.20870236 36106290.20982628 36106581.21095406 36106870.2120741
 36107160.21319801 36107450.21432193 36107739.21544196 36108028.21656199
 36108318.2176859  36108607.21880594 36108897.21992984 36109186.22104988
 36109476.2221738  36109765.22329383 36110055.22441774 36110346.22554553
 36110635.22666556 36110925.22778948 36111214.22890951 36111503.23002955]"	0.0	0.0	0.0
3128.7573506627755	2.0	trials	5.0	0.0	0.0	0.0	0.0	0.0	True	40.0	0.0	0.005	"[36221389.65589881 36221680.6570266  36221970.6581505  36222260.65927441
 36222548.66039058 36222839.66151836 36223129.66264228 36223418.66376231
 36223708.66488621 36223997.66600626 36224286.66712629 36224577.66825408
 36224866.66937412 36225155.67049415 36225446.67162193 36225735.67274197
 36226024.673862   36226314.67498592 36226605.6761137  36226893.67722986]"	0.0	0.0	0.0
3139.4257184085322	2.0	trials	5.0	0.0	0.0	0.0	0.0	0.0	True	40.0	0.0	0.005	"[36344868.13444461 36345157.13556465 36345446.13668469 36345736.1378086
 36346026.1389325  36346316.14005642 36346606.14118033 36346895.14230037
 36347185.14342428 36347474.14454431 36347765.1456721  36348053.14678826
 36348344.14791605 36348633.14903608 36348922.15015612 36349212.15128002
 36349502.15240394 36349792.15352785 36350081.15464788 36350371.15577179]"	0.0	0.0	0.0
3164.0392729995096	2.0	trials	6.0	0.0	0.0	0.0	0.0	0.0	True	40.0	0.0	0.005	"[36629747.23850504 36630036.23962507 36630327.24075286 36630616.24187289
 36630905.24299293 36631196.24412072 36631485.24524075 36631775.24636466
 36632063.24748082 36632354.2486086  36632644.24973252 36632933.25085256
 36633223.25197646 36633513.25310038 36633802.25422041 36634093.25534821
 36634381.25646436 36634671.25758827 36634960.25870831 36635251.25983609]"	0.0	0.0	0.0
3173.583399588217	2.0	trials	6.0	0.0	0.0	0.0	0.0	0.0	True	40.0	0.0	0.005	"[36740210.66661049 36740500.6677344  36740789.66885445 36741079.66997835
 36741369.67110226 36741659.67222617 36741949.67335008 36742238.67447012
 36742528.67559403 36742817.67671406 36743107.67783798 36743396.67895801
 36743686.68008192 36743976.68120584 36744266.68232974 36744555.68344978
 36744844.68456981 36745134.68569373 36745424.68681764 36745713.68793768]"	0.0	0.0	0.0
3181.503545483111	2.0	trials	6.0	0.0	0.0	0.0	0.0	0.0	True	40.0	0.0	0.005	"[36831880.02187876 36832170.02300268 36832459.02412271 36832748.02524275
 36833037.02636278 36833327.02748669 36833617.0286106  36833907.02973451
 36834197.03085843 36834487.03198234 36834776.03310237 36835066.03422628
 36835355.03534632 36835645.03647023 36835935.03759414 36836224.03871418
 36836514.03983808 36836803.04095812 36837094.04208591 36837382.04320207]"	0.0	0.0	0.0
3191.0919090432617	2.0	trials	6.0	0.0	0.0	0.0	0.0	0.0	True	40.0	0.0	0.005	"[36942855.45196851 36943145.45309242 36943435.45421632 36943724.45533636
 36944013.4564564  36944303.45758031 36944594.4587081  36944882.45982426
 36945172.46094816 36945462.46207207 36945752.46319599 36946041.46431602
 36946331.46543994 36946620.46655997 36946910.46768388 36947200.46880779
 36947490.4699317  36947779.47105175 36948069.47217565 36948358.47329569]"	0.0	0.0	0.0
3199.227364572598	2.0	trials	6.0	0.0	0.0	0.0	0.0	0.0	True	40.0	0.0	0.005	"[37037015.81689079 37037304.81801082 37037595.81913861 37037885.82026251
 37038174.82138255 37038464.82250647 37038753.8236265  37039042.82474653
 37039332.82587045 37039622.82699436 37039912.82811827 37040201.8292383
 37040491.83036222 37040780.83148225 37041070.83260616 37041360.83373007
 37041649.8348501  37041939.83597402 37042228.83709405 37042519.83822184]"	0.0	0.0	0.0
3207.1973634607	2.0	trials	6.0	0.0	0.0	0.0	0.0	0.0	True	40.0	0.0	0.005	"[37129262.17439525 37129551.17551529 37129842.17664307 37130130.17775924
 37130420.17888315 37130711.18001093 37131000.18113097 37131290.18225487
 37131579.18337491 37131869.18449882 37132159.18562274 37132448.18674277
 37132737.18786281 37133027.18898672 37133317.19011063 37133606.19123066
 37133895.1923507  37134186.19347849 37134476.1946024  37134765.19572243]"	0.0	0.0	0.0
3217.86953282119	2.0	trials	6.0	0.0	0.0	0.0	0.0	0.0	True	40.0	0.0	0.005	"[37252782.65310384 37253070.65421999 37253361.65534779 37253650.65646781
 37253941.6575956  37254230.65871564 37254520.65983955 37254810.66096346
 37255098.66207962 37255388.66320353 37255678.66432744 37255968.66545136
 37256257.66657139 37256547.6676953  37256836.66881534 37257126.66993925
 37257416.67106315 37257706.67218707 37257996.67331098 37258285.67443101]"	0.0	0.0	0.0
3226.1493633100595	2.0	trials	6.0	0.0	0.0	0.0	0.0	0.0	True	40.0	0.0	0.005	"[37348614.02450217 37348903.0256222  37349193.02674612 37349483.02787002
 37349773.02899393 37350062.03011397 37350352.03123788 37350641.03235792
 37350931.03348183 37351220.03460186 37351510.03572577 37351800.03684969
 37352090.0379736  37352379.03909363 37352668.04021367 37352958.04133757
 37353248.04246149 37353538.0435854  37353827.04470544 37354116.04582547]"	0.0	0.0	0.0
3236.3859885825777	2.0	trials	6.0	0.0	0.0	0.0	0.0	0.0	True	40.0	0.0	0.005	"[37467093.48367407 37467382.48479411 37467671.48591414 37467961.48703805
 37468251.48816197 37468541.48928588 37468830.49040591 37469119.49152595
 37469409.49264985 37469699.49377377 37469989.49489769 37470279.4960216
 37470568.49714163 37470858.49826554 37471148.49938945 37471437.50050949
 37471727.5016334  37472016.50275344 37472306.50387734 37472595.50499738]"	0.0	0.0	0.0
3243.8552111298973	2.0	trials	6.0	0.0	0.0	0.0	0.0	0.0	True	40.0	0.0	0.005	"[37553542.81871194 37553832.81983586 37554121.82095589 37554411.8220798
 37554701.82320372 37554990.82432375 37555280.82544766 37555570.82657158
 37555860.82769548 37556148.82881165 37556438.82993556 37556729.83106334
 37557018.83218338 37557308.83330729 37557596.83442345 37557886.83554736
 37558176.83667127 37558465.83779131 37558756.8389191  37559044.84003526]"	0.0	0.0	0.0
3251.6554333600225	2.0	trials	6.0	0.0	0.0	0.0	0.0	0.0	True	40.0	0.0	0.005	"[37643822.1685932  37644113.16972098 37644402.17084102 37644691.17196105
 37644982.17308884 37645270.17420501 37645560.17532891 37645850.17645282
 37646140.17757673 37646430.17870065 37646719.17982068 37647008.18094072
 37647298.18206463 37647587.18318466 37647878.18431245 37648168.18543636
 37648457.18655639 37648746.18767643 37649036.18880034 37649326.18992425]"	0.0	0.0	0.0
3261.4296440404314	2.0	trials	6.0	0.0	0.0	0.0	0.0	0.0	True	40.0	0.0	0.005	"[37756949.60702313 37757239.60814704 37757528.60926708 37757818.61039099
 37758108.6115149  37758398.61263882 37758688.61376272 37758977.61488276
 37759266.6160028  37759556.61712671 37759845.61824674 37760135.61937065
 37760425.62049457 37760715.62161848 37761004.62273851 37761294.62386242
 37761584.62498634 37761872.6261025  37762163.62723028 37762452.62835031]"	0.0	0.0	0.0
3267.53365489681	2.0	trials	6.0	0.0	0.0	0.0	0.0	0.0	True	40.0	0.0	0.005	"[37827597.88082336 37827888.88195115 37828176.8830673  37828466.88419122
 37828756.88531513 37829045.88643516 37829335.88755908 37829625.88868298
 37829913.88979915 37830204.89092693 37830493.89204697 37830783.89317087
 37831074.89429867 37831363.8954187  37831652.89653873 37831942.89766265
 37832231.89878268 37832520.89990272 37832810.90102663 37833100.90215054]"	0.0	0.0	0.0
3277.2155900196008	2.0	trials	6.0	0.0	0.0	0.0	0.0	0.0	True	40.0	0.0	0.005	"[37939657.3151142  37939947.31623811 37940237.31736203 37940527.31848594
 37940816.31960597 37941106.32072988 37941395.32184991 37941686.32297771
 37941975.32409774 37942264.32521778 37942554.32634168 37942844.32746559
 37943133.32858563 37943423.32970954 37943712.33082958 37944002.33195349
 37944292.3330774  37944582.33420131 37944871.33532134 37945161.33644526]"	0.0	0.0	0.0
3285.1130990267648	2.0	trials	6.0	0.0	0.0	0.0	0.0	0.0	True	40.0	0.0	0.005	"[38031064.66936707 38031353.67048711 38031643.67161102 38031933.67273493
 38032223.67385884 38032513.67498276 38032802.67610279 38033091.67722283
 38033381.67834675 38033671.67947065 38033960.68059069 38034249.68171072
 38034539.68283463 38034829.68395855 38035119.68508246 38035408.68620249
 38035697.68732252 38035987.68844644 38036277.68957034 38036568.69069813]"	0.0	0.0	0.0
3295.1078897620428	2.0	trials	6.0	0.0	0.0	0.0	0.0	0.0	True	40.0	0.0	0.005	"[38146745.1176913  38147035.11881521 38147324.11993525 38147613.12105529
 38147903.1221792  38148194.12330699 38148483.12442701 38148772.12554706
 38149062.12667096 38149352.12779488 38149641.12891492 38149930.13003495
 38150221.13116274 38150510.13228277 38150800.13340668 38151089.13452671
 38151379.13565063 38151669.13677454 38151958.13789458 38152248.13901848]"	0.0	0.0	0.0
3302.0880000137854	2.0	trials	6.0	0.0	0.0	0.0	0.0	0.0	True	40.0	0.0	0.005	"[38227532.43078579 38227821.43190582 38228111.43302973 38228401.43415365
 38228691.43527756 38228981.43640146 38229271.43752537 38229560.43864542
 38229849.43976545 38230140.44089323 38230428.44200939 38230719.44313718
 38231008.44425721 38231298.44538113 38231587.44650116 38231877.44762507
 38232167.44874898 38232456.44986901 38232746.45099293 38233036.45211684]"	0.0	0.0	0.0
3309.7961194869613	2.0	trials	6.0	0.0	0.0	0.0	0.0	0.0	True	40.0	0.0	0.005	"[38316747.77654345 38317037.77766736 38317326.7787874  38317616.7799113
 38317905.78103134 38318195.78215525 38318484.78327528 38318774.7843992
 38319064.78552311 38319354.78664702 38319643.78776705 38319933.78889097
 38320222.790011   38320512.79113491 38320802.79225882 38321092.79338273
 38321381.79450276 38321671.79562668 38321960.79674672 38322249.79786675]"	0.0	0.0	0.0
3318.9901519188625	2.0	trials	6.0	0.0	0.0	0.0	0.0	0.0	True	40.0	0.0	0.005	"[38423160.18894903 38423449.19006906 38423738.1911891  38424029.19231688
 38424319.19344079 38424608.19456083 38424898.19568475 38425187.19680478
 38425477.19792869 38425767.1990526  38426056.20017264 38426345.20129267
 38426635.20241658 38426925.2035405  38427215.2046644  38427504.20578444
 38427794.20690835 38428083.20802838 38428373.2091523  38428663.21027621]"	0.0	0.0	0.0
3325.900537100382	2.0	trials	6.0	0.0	0.0	0.0	0.0	0.0	True	40.0	0.0	0.005	"[38503141.49891981 38503430.50003985 38503719.50115988 38504009.5022838
 38504298.50340383 38504589.50453161 38504879.50565553 38505168.50677556
 38505458.50789948 38505747.50901951 38506037.51014342 38506326.51126345
 38506617.51239124 38506905.5135074  38507196.51463519 38507485.51575522
 38507775.51687913 38508064.51799917 38508354.51912308 38508643.52024312]"	0.0	0.0	0.0
3335.7282295880623	2.0	trials	6.0	0.0	0.0	0.0	0.0	0.0	True	40.0	0.0	0.005	"[38616886.93974484 38617176.94086875 38617466.94199266 38617756.94311658
 38618044.94423273 38618333.94535276 38618624.94648056 38618914.94760446
 38619203.94872451 38619493.94984841 38619782.95096845 38620072.95209236
 38620362.95321627 38620651.95433631 38620941.95546022 38621231.95658413
 38621521.95770804 38621811.95883194 38622099.95994811 38622390.96107589]"	0.0	0.0	0.0
3344.5462477627025	2.0	trials	6.0	0.0	0.0	0.0	0.0	0.0	True	40.0	0.0	0.005	"[38718947.335284   38719238.3364118  38719528.3375357  38719817.33865574
 38720106.33977577 38720395.34089581 38720686.3420236  38720975.34314363
 38721264.34426367 38721555.34539145 38721844.34651149 38722133.34763153
 38722423.34875544 38722714.34988322 38723002.35099939 38723293.35212716
 38723582.3532472  38723871.35436724 38724162.35549502 38724452.35661893]"	0.0	0.0	0.0
3352.378438116721	2.0	trials	6.0	0.0	0.0	0.0	0.0	0.0	True	40.0	0.0	0.005	"[38809598.68660696 38809888.68773087 38810178.68885478 38810467.68997481
 38810756.69109485 38811046.69221877 38811336.69334268 38811625.69446271
 38811915.69558663 38812204.69670666 38812494.69783057 38812784.69895449
 38813074.70007839 38813363.70119843 38813653.70232234 38813943.70344625
 38814232.70456629 38814521.70568632 38814811.70681023 38815100.70793027]"	0.0	0.0	0.0
3357.706141964486	2.0	trials	6.0	0.0	0.0	0.0	0.0	0.0	True	40.0	0.0	0.005	"[38871260.92558144 38871551.92670923 38871840.92782927 38872130.92895319
 38872420.93007709 38872709.93119713 38872998.93231716 38873288.93344107
 38873578.93456499 38873867.93568502 38874158.9368128  38874447.93793284
 38874736.93905288 38875027.94018066 38875316.9413007  38875606.94242461
 38875895.94354464 38876184.94466468 38876474.94578859 38876764.9469125 ]"	0.0	0.0	0.0
3368.554049606058	2.0	trials	6.0	0.0	0.0	0.0	0.0	0.0	True	40.0	0.0	0.005	"[38996816.41217679 38997106.41330069 38997395.41442073 38997685.41554464
 38997973.4166608  38998263.41778471 38998554.4189125  38998843.42003253
 38999132.42115257 38999422.42227648 38999713.42340427 39000001.42452043
 39000291.42564434 39000581.42676824 39000870.42788829 39001160.42901219
 39001450.4301361  39001739.43125615 39002029.43238005 39002318.43350009]"	0.0	0.0	0.0
3374.020425991254	2.0	trials	6.0	0.0	0.0	0.0	0.0	0.0	True	40.0	0.0	0.005	"[39060083.65737154 39060374.65849932 39060663.65961935 39060953.66074327
 39061243.66186718 39061532.66298722 39061822.66411113 39062111.66523117
 39062400.6663512  39062691.66747899 39062981.66860289 39063270.66972293
 39063560.67084684 39063849.67196688 39064139.67309079 39064428.67421082
 39064718.67533474 39065008.67645864 39065297.67757868 39065587.67870259]"	0.0	0.0	0.0
3384.1605420897463	2.0	trials	6.0	0.0	0.0	0.0	0.0	0.0	True	40.0	0.0	0.005	"[39177447.11221832 39177736.11333836 39178026.11446227 39178315.1155823
 39178605.11670622 39178895.11783013 39179185.11895404 39179475.12007795
 39179764.12119798 39180054.1223219  39180344.12344581 39180632.12456197
 39180922.12568588 39181212.12680979 39181502.1279337  39181792.12905761
 39182081.13017765 39182371.13130155 39182660.13242159 39182950.1335455 ]"	0.0	0.0	0.0
3395.1525654898455	2.0	trials	6.0	0.0	0.0	0.0	0.0	0.0	True	40.0	0.0	0.005	"[39304670.60527808 39304958.60639425 39305248.60751816 39305538.60864206
 39305828.60976598 39306116.61088214 39306407.61200993 39306697.61313384
 39306986.61425387 39307275.6153739  39307566.6165017  39307855.61762173
 39308144.61874176 39308435.61986955 39308723.62098571 39309014.6221135
 39309304.62323741 39309593.62435744 39309883.62548136 39310172.62660139]"	0.0	0.0	0.0
3402.7052507606295	2.0	trials	6.0	0.0	0.0	0.0	0.0	0.0	True	40.0	0.0	0.005	"[39392084.94405587 39392374.94517978 39392663.94629981 39392953.94742373
 39393243.94854763 39393532.94966767 39393822.95079158 39394111.95191162
 39394401.95303553 39394691.95415945 39394981.95528336 39395270.95640339
 39395559.95752342 39395849.95864733 39396139.95977125 39396429.96089516
 39396718.96201519 39397008.9631391  39397298.96426301 39397588.96538693]"	0.0	0.0	0.0
3411.5394257978865	2.0	trials	6.0	0.0	0.0	0.0	0.0	0.0	True	40.0	0.0	0.005	"[39494331.34031589 39494621.3414398  39494911.34256371 39495200.34368375
 39495490.34480765 39495780.34593157 39496070.34705548 39496359.34817551
 39496650.34930331 39496939.35042334 39497229.35154725 39497518.35266729
 39497808.35379119 39498097.35491123 39498386.35603127 39498676.35715518
 39498966.35827909 39499255.35939912 39499545.36052304 39499835.36164695]"	0.0	0.0	0.0
3417.4005653130057	2.0	trials	6.0	0.0	0.0	0.0	0.0	0.0	True	40.0	0.0	0.005	"[39562169.6032258  39562458.60434584 39562748.60546975 39563037.60658979
 39563327.60771369 39563617.60883761 39563906.60995764 39564195.61107768
 39564486.61220547 39564776.61332937 39565064.61444554 39565355.61557332
 39565644.61669336 39565933.61781339 39566223.61893731 39566513.62006122
 39566802.62118125 39567092.62230516 39567383.62343294 39567672.62455299]"	0.0	0.0	0.0
3424.2058012870148	2.0	trials	6.0	0.0	0.0	0.0	0.0	0.0	True	40.0	0.0	0.005	"[39640932.90847616 39641222.90960007 39641512.91072398 39641801.91184402
 39642091.91296793 39642380.91408797 39642669.915208   39642959.91633191
 39643249.91745582 39643538.91857586 39643829.91970364 39644118.92082368
 39644407.92194372 39644698.9230715  39644987.92419153 39645276.92531157
 39645567.92643936 39645856.9275594  39646146.92868331 39646436.92980722]"	0.0	0.0	0.0
3435.318007552888	2.0	trials	6.0	0.0	0.0	0.0	0.0	0.0	True	40.0	0.0	0.005	"[39769547.40692683 39769836.40804686 39770126.40917077 39770416.41029468
 39770705.41141471 39770996.4125425  39771285.41366254 39771575.41478645
 39771863.41590261 39772153.41702652 39772444.41815431 39772733.41927434
 39773022.42039438 39773312.42151828 39773602.42264219 39773891.42376223
 39774181.42488614 39774471.42601005 39774761.42713396 39775050.428254  ]"	0.0	0.0	0.0
3441.748870875999	2.0	trials	6.0	0.0	0.0	0.0	0.0	0.0	True	40.0	0.0	0.005	"[39843978.69538827 39844267.69650831 39844557.69763222 39844847.69875613
 39845136.69987617 39845425.70099621 39845716.70212398 39846005.70324402
 39846295.70436794 39846585.70549184 39846874.70661188 39847164.70773579
 39847453.70885582 39847744.70998361 39848032.71109977 39848322.71222368
 39848612.71334759 39848902.7144715  39849192.71559542 39849482.71671933]"	0.0	0.0	0.0
3446.879149958635	2.0	trials	6.0	0.0	0.0	0.0	0.0	0.0	True	40.0	0.0	0.005	"[39903355.92550711 39903644.92662715 39903935.92775494 39904224.92887498
 39904514.92999888 39904804.93112279 39905093.93224283 39905382.93336286
 39905673.93449065 39905963.93561456 39906252.93673459 39906542.93785851
 39906831.93897855 39907121.94010246 39907409.94121861 39907700.9423464
 39907989.94346643 39908279.94459035 39908568.94571038 39908859.94683817]"	0.0	0.0	0.0
3457.3435265138137	2.0	trials	6.0	0.0	0.0	0.0	0.0	0.0	True	40.0	0.0	0.005	"[40024473.39490274 40024762.39602277 40025051.39714281 40025340.39826284
 40025631.39939063 40025920.40051066 40026210.40163457 40026499.40275461
 40026789.40387852 40027078.40499856 40027369.40612634 40027658.40724638
 40027947.40836641 40028237.40949032 40028527.41061424 40028816.41173427
 40029105.41285431 40029396.41398209 40029686.41510601 40029975.41622604]"	0.0	0.0	0.0
3466.1810711641297	2.0	trials	6.0	0.0	0.0	0.0	0.0	0.0	True	40.0	0.0	0.005	"[40126757.79131003 40127047.79243393 40127337.79355785 40127627.79468176
 40127917.79580567 40128206.79692571 40128495.79804574 40128785.79916965
 40129075.80029356 40129365.80141748 40129655.80254138 40129944.80366142
 40130234.80478533 40130523.80590536 40130812.8070254  40131102.80814932
 40131391.80926935 40131681.81039326 40131972.81152105 40132261.81264108]"	0.0	0.0	0.0
3472.8970555922397	2.0	trials	6.0	0.0	0.0	0.0	0.0	0.0	True	40.0	0.0	0.005	"[40204489.09256081 40204779.09368473 40205068.09480476 40205358.09592867
 40205648.09705258 40205937.09817261 40206227.09929653 40206517.10042044
 40206807.10154434 40207096.10266438 40207386.10378829 40207676.10491221
 40207965.10603224 40208254.10715228 40208545.10828006 40208835.10940397
 40209124.11052401 40209414.11164792 40209703.11276795 40209992.11388799]"	0.0	0.0	0.0
3483.030346064279	2.0	trials	6.0	0.0	0.0	0.0	0.0	0.0	True	40.0	0.0	0.005	"[40321773.54710142 40322061.54821759 40322352.54934537 40322640.55046154
 40322930.55158544 40323220.55270936 40323510.55383327 40323799.55495331
 40324090.55608109 40324379.55720112 40324668.55832116 40324958.55944507
 40325248.56056898 40325537.56168902 40325827.56281292 40326116.56393296
 40326407.56506075 40326696.56618079 40326985.56730082 40327275.56842473]"	0.0	0.0	0.0
3493.3315987872643	2.0	trials	6.0	0.0	0.0	0.0	0.0	0.0	True	40.0	0.0	0.005	"[40441000.00916837 40441290.01029228 40441579.01141232 40441868.01253235
 40442159.01366015 40442449.01478405 40442738.01590409 40443028.017028
 40443318.01815191 40443607.01927195 40443897.02039586 40444186.0215159
 40444475.02263593 40444766.02376372 40445055.02488375 40445345.02600767
 40445635.02713157 40445924.02825161 40446214.02937552 40446503.03049555]"	0.0	0.0	0.0
3500.257708829727	2.0	trials	6.0	0.0	0.0	0.0	0.0	0.0	True	40.0	0.0	0.005	"[40521163.31984451 40521452.32096455 40521742.32208846 40522032.32321237
 40522321.3243324  40522611.32545631 40522902.3265841  40523191.32770413
 40523480.32882417 40523770.32994808 40524060.33107199 40524348.33218815
 40524638.33331206 40524928.33443598 40525218.33555989 40525508.33668379
 40525798.33780771 40526087.33892775 40526377.34005165 40526666.34117169]"	0.0	0.0	0.0
3507.8536806682696	2.0	trials	6.0	0.0	0.0	0.0	0.0	0.0	True	40.0	0.0	0.005	"[40609080.66057169 40609370.66169561 40609659.66281565 40609949.66393956
 40610239.66506347 40610528.6661835  40610817.66730353 40611107.66842744
 40611397.66955136 40611686.67067139 40611976.67179531 40612265.67291534
 40612555.67403925 40612845.67516316 40613135.67628707 40613424.67740711
 40613714.67853102 40614004.67965493 40614293.68077497 40614582.681895  ]"	0.0	0.0	0.0
3515.6058643122183	2.0	trials	6.0	0.0	0.0	0.0	0.0	0.0	True	40.0	0.0	0.005	"[40698805.00830201 40699095.00942592 40699384.01054596 40699674.01166987
 40699964.01279378 40700252.01390994 40700543.01503773 40700832.01615777
 40701121.0172778  40701411.01840171 40701702.01952949 40701990.02064566
 40702281.02177344 40702570.02289348 40702859.02401351 40703149.02513742
 40703439.02626134 40703729.02738525 40704018.02850528 40704308.02962919]"	0.0	0.0	0.0
3525.1276996145352	2.0	trials	6.0	0.0	0.0	0.0	0.0	0.0	True	40.0	0.0	0.005	"[40809011.43541145 40809301.43653537 40809590.4376554  40809880.43877931
 40810170.43990322 40810459.44102326 40810748.44214329 40811038.4432672
 40811328.44439112 40811618.44551503 40811907.44663506 40812197.44775897
 40812487.44888289 40812776.45000292 40813066.45112683 40813355.45224687
 40813645.45337077 40813935.45449468 40814225.4556186  40814514.45673864]"	0.0	0.0	0.0
3532.2608248592946	2.0	trials	6.0	0.0	0.0	0.0	0.0	0.0	True	40.0	0.0	0.005	"[40891570.75537342 40891860.75649732 40892149.75761736 40892438.7587374
 40892728.75986131 40893018.76098522 40893307.76210526 40893597.76322916
 40893886.7643492  40894176.76547311 40894466.76659702 40894756.76772094
 40895045.76884097 40895335.76996487 40895624.77108492 40895915.77221271
 40896204.77333274 40896493.77445278 40896784.77558056 40897072.77669672]"	0.0	0.0	0.0
3538.825176699746	2.0	trials	6.0	0.0	0.0	0.0	0.0	0.0	True	40.0	0.0	0.005	"[40967547.0498226  40967837.05094651 40968126.05206655 40968415.05318658
 40968706.05431437 40968995.05543441 40969285.05655831 40969574.05767835
 40969865.05880614 40970154.05992617 40970444.06105009 40970733.06217012
 40971022.06329015 40971313.06441794 40971602.06553797 40971891.06665801
 40972182.0677858  40972471.06890583 40972761.07002974 40973050.07114978]"	0.0	0.0	0.0
3549.1433638883614	2.0	trials	6.0	0.0	0.0	0.0	0.0	0.0	True	40.0	0.0	0.005	"[41086970.51265303 41087259.51377307 41087549.51489698 41087838.51601701
 41088128.51714092 41088418.51826484 41088708.51938874 41088996.52050491
 41089286.52162882 41089576.52275272 41089866.52387664 41090156.52500055
 41090445.52612058 41090734.52724062 41091024.52836453 41091315.52949233
 41091603.53060848 41091894.53173626 41092183.53285629 41092472.53397634]"	0.0	0.0	0.0
3558.0552992269827	2.0	trials	6.0	0.0	0.0	0.0	0.0	0.0	True	40.0	0.0	0.005	"[41190117.91240492 41190407.91352884 41190696.91464888 41190986.91577278
 41191276.91689669 41191565.91801673 41191855.91914064 41192144.92026068
 41192433.92138071 41192723.92250463 41193014.92363241 41193303.92475244
 41193592.92587248 41193881.92699251 41194172.9281203  41194461.92924034
 41194751.93036425 41195040.93148428 41195331.93261208 41195620.93373211]"	0.0	0.0	0.0
3568.937853402828	2.0	trials	6.0	0.0	0.0	0.0	0.0	0.0	True	40.0	0.0	0.005	"[41316072.40054661 41316362.40167052 41316651.40279055 41316941.40391447
 41317231.40503837 41317520.40615841 41317810.40728232 41318100.40840624
 41318389.40952627 41318679.41065019 41318969.41177409 41319258.41289413
 41319548.41401804 41319838.41514195 41320128.41626586 41320417.4173859
 41320707.41850981 41320996.41962984 41321286.42075375 41321575.42187379]"	0.0	0.0	0.0
3574.4217690559985	2.0	trials	6.0	0.0	0.0	0.0	0.0	0.0	True	40.0	0.0	0.005	"[41379543.64653198 41379833.64765589 41380123.64877979 41380412.64989983
 41380702.65102375 41380991.65214378 41381281.65326769 41381571.6543916
 41381860.65551164 41382150.65663555 41382441.65776333 41382730.65888336
 41383019.66000341 41383308.66112344 41383598.66224735 41383889.66337514
 41384177.6644913  41384468.66561909 41384757.66673912 41385047.66786303]"	0.0	0.0	0.0
3599.2543484958173	2.0	trials	7.0	0.0	0.0	0.0	0.0	0.0	True	40.0	0.0	0.005	"[41666957.76041692 41667247.76154084 41667537.76266475 41667826.76378478
 41668116.76490869 41668405.76602873 41668695.76715264 41668985.76827655
 41669275.76940047 41669565.77052438 41669854.77164441 41670143.77276444
 41670433.77388836 41670722.7750084  41671013.77613618 41671302.77725622
 41671592.77838013 41671881.77950016 41672171.78062408 41672461.78174798]"	0.0	0.0	0.0
3607.845652191815	2.0	trials	7.0	0.0	0.0	0.0	0.0	0.0	True	40.0	0.0	0.005	"[41766394.14578664 41766684.14691055 41766974.14803446 41767263.1491545
 41767553.1502784  41767842.15139844 41768133.15252623 41768421.15364239
 41768711.1547663  41769001.15589021 41769290.15701024 41769580.15813415
 41769870.15925807 41770159.1603781  41770449.16150201 41770739.16262592
 41771029.16374984 41771318.16486987 41771607.16598991 41771897.16711381]"	0.0	0.0	0.0
3615.639480797161	2.0	trials	7.0	0.0	0.0	0.0	0.0	0.0	True	40.0	0.0	0.005	"[41856600.49538497 41856890.49650888 41857179.49762892 41857469.49875282
 41857759.49987675 41858048.50099678 41858338.50212069 41858628.5032446
 41858917.50436463 41859207.50548854 41859496.50660858 41859786.5077325
 41860075.50885252 41860366.50998031 41860655.51110035 41860945.51222426
 41861235.51334817 41861524.51446821 41861813.51558824 41862104.51671603]"	0.0	0.0	0.0
3624.1413601465906	2.0	trials	7.0	0.0	0.0	0.0	0.0	0.0	True	40.0	0.0	0.005	"[41955002.87674735 41955292.87787127 41955581.87899131 41955870.88011134
 41956160.88123525 41956450.88235916 41956739.8834792  41957029.88460311
 41957319.88572702 41957609.88685092 41957898.88797097 41958189.88909875
 41958477.89021491 41958767.89133883 41959056.89245886 41959346.89358277
 41959637.89471056 41959926.89583059 41960215.89695062 41960505.89807454]"	0.0	0.0	0.0
3630.794877132606	2.0	trials	7.0	0.0	0.0	0.0	0.0	0.0	True	40.0	0.0	0.005	"[42032010.17519224 42032300.17631614 42032591.17744394 42032880.17856397
 42033170.17968789 42033459.18080792 42033750.18193571 42034039.18305574
 42034329.18417965 42034617.18529581 42034907.18641973 42035197.18754363
 42035487.18866754 42035776.18978758 42036066.19091149 42036355.19203153
 42036646.19315931 42036935.19427934 42037224.19539939 42037514.19652329]"	0.0	0.0	0.0
3639.4667923410175	2.0	trials	7.0	0.0	0.0	0.0	0.0	0.0	True	40.0	0.0	0.005	"[42132379.56417784 42132668.56529787 42132959.56642566 42133249.56754957
 42133539.56867348 42133827.56978965 42134117.57091356 42134407.57203747
 42134696.5731575  42134986.57428142 42135276.57540532 42135566.57652923
 42135855.57764927 42136144.5787693  42136434.57989322 42136724.58101713
 42137013.58213716 42137303.58326107 42137593.58438499 42137882.58550502]"	0.0	0.0	0.0
3647.7536212570085	2.0	trials	7.0	0.0	0.0	0.0	0.0	0.0	True	40.0	0.0	0.005	"[42228292.93589397 42228581.93701401 42228872.93814179 42229161.93926182
 42229451.94038574 42229740.94150577 42230030.94262969 42230320.94375359
 42230609.94487363 42230899.94599754 42231189.94712145 42231478.94824149
 42231768.9493654  42232057.95048543 42232347.95160934 42232637.95273326
 42232925.95384942 42233216.9549772  42233506.95610111 42233795.95722114]"	0.0	0.0	0.0
3653.4515505395993	2.0	trials	7.0	0.0	0.0	0.0	0.0	0.0	True	40.0	0.0	0.005	"[42294241.19147909 42294530.19259912 42294820.19372302 42295110.19484694
 42295400.19597086 42295689.19709089 42295978.19821092 42296268.19933484
 42296558.20045875 42296847.20157878 42297138.20270657 42297427.20382661
 42297716.20494664 42298006.20607055 42298296.20719446 42298585.20831449
 42298876.20944228 42299165.21056232 42299455.21168622 42299744.21280627]"	0.0	0.0	0.0
3663.3599409400285	2.0	trials	7.0	0.0	0.0	0.0	0.0	0.0	True	40.0	0.0	0.005	"[42408920.63592388 42409210.63704779 42409501.63817558 42409789.63929174
 42410079.64041565 42410369.64153956 42410658.6426596  42410948.64378351
 42411237.64490354 42411527.64602745 42411817.64715137 42412107.64827527
 42412396.64939531 42412686.65051922 42412975.65163925 42413265.65276317
 42413555.65388708 42413844.65500711 42414134.65613103 42414423.65725106]"	0.0	0.0	0.0
3672.3912815414096	2.0	trials	7.0	0.0	0.0	0.0	0.0	0.0	True	40.0	0.0	0.005	"[42513451.04103567 42513740.04215571 42514030.04327961 42514318.04439577
 42514608.04551968 42514898.0466436  42515188.04776751 42515477.04888754
 42515767.05001146 42516056.05113149 42516347.05225928 42516636.05337931
 42516926.05450322 42517215.05562326 42517504.05674329 42517794.05786721
 42518084.05899112 42518374.06011502 42518664.06123894 42518953.06235898]"	0.0	0.0	0.0
3679.626013579951	2.0	trials	7.0	0.0	0.0	0.0	0.0	0.0	True	40.0	0.0	0.005	"[42597186.36555529 42597476.3666792  42597765.36779923 42598055.36892314
 42598345.37004706 42598634.37116709 42598923.37228712 42599213.37341104
 42599503.37453494 42599792.37565498 42600082.37677889 42600372.3779028
 42600661.37902284 42600952.38015062 42601240.38126679 42601531.38239457
 42601820.38351461 42602109.38463464 42602399.38575856 42602689.38688246]"	0.0	0.0	0.0
3685.0345017407985	2.0	trials	7.0	0.0	0.0	0.0	0.0	0.0	True	40.0	0.0	0.005	"[42659783.60815341 42660073.60927733 42660362.61039736 42660652.61152127
 42660942.61264519 42661231.61376522 42661521.61488914 42661811.61601304
 42662101.61713696 42662390.61825699 42662680.6193809  42662970.62050481
 42663259.62162485 42663548.62274488 42663838.62386879 42664128.62499271
 42664418.62611661 42664707.62723665 42664997.62836056 42665286.62948059]"	0.0	0.0	0.0
3691.701410778716	2.0	trials	7.0	0.0	0.0	0.0	0.0	0.0	True	40.0	0.0	0.005	"[42736946.90720288 42737236.9083268  42737526.90945071 42737815.91057074
 42738105.91169465 42738395.91281857 42738685.91394248 42738974.91506251
 42739264.91618642 42739553.91730645 42739843.91843037 42740132.9195504
 42740423.92067819 42740711.92179435 42741001.92291826 42741292.92404605
 42741581.92516608 42741871.92628999 42742160.92741003 42742450.92853393]"	0.0	0.0	0.0
3696.885603670297	2.0	trials	7.0	0.0	0.0	0.0	0.0	0.0	True	40.0	0.0	0.005	"[42796949.13974395 42797239.14086787 42797529.14199177 42797819.14311568
 42798108.14423572 42798398.14535963 42798687.14647966 42798977.14760358
 42799267.14872748 42799557.1498514  42799846.15097144 42800135.15209147
 42800426.15321925 42800715.15433929 42801004.15545932 42801294.15658323
 42801585.15771103 42801874.15883106 42802163.15995109 42802453.161075  ]"	0.0	0.0	0.0
3707.4642878684804	2.0	trials	7.0	0.0	0.0	0.0	0.0	0.0	True	40.0	0.0	0.005	"[42919388.61426305 42919678.61538696 42919967.616507   42920257.61763091
 42920547.61875482 42920836.61987486 42921126.62099877 42921416.62212268
 42921705.62324271 42921995.62436663 42922284.62548666 42922574.62661057
 42922863.62773061 42923153.62885452 42923443.62997843 42923733.63110235
 42924022.63222238 42924311.63334241 42924602.6344702  42924891.63559023]"	0.0	0.0	0.0
3717.040900983091	2.0	trials	7.0	0.0	0.0	0.0	0.0	0.0	True	40.0	0.0	0.005	"[43030229.0438296  43030519.04495351 43030808.04607354 43031098.04719745
 43031387.04831749 43031677.0494414  43031967.05056531 43032256.05168535
 43032546.05280925 43032835.05392929 43033126.05505708 43033415.05617711
 43033704.05729715 43033994.05842106 43034284.05954497 43034573.06066501
 43034863.06178892 43035152.06290895 43035442.06403287 43035732.06515677]"	0.0	0.0	0.0
3725.0260199297913	2.0	trials	7.0	0.0	0.0	0.0	0.0	0.0	True	40.0	0.0	0.005	"[43122648.40200453 43122938.40312845 43123228.40425236 43123517.4053724
 43123807.4064963  43124097.40762021 43124386.40874025 43124676.40986416
 43124966.41098807 43125255.41210811 43125545.41323201 43125834.41435205
 43126124.41547596 43126413.416596   43126703.41771991 43126992.41883995
 43127283.41996773 43127572.42108776 43127861.4222078  43128152.42333559]"	0.0	0.0	0.0
3733.1681282849117	2.0	trials	7.0	0.0	0.0	0.0	0.0	0.0	True	40.0	0.0	0.005	"[43216886.76722911 43217175.76834914 43217464.76946917 43217755.77059697
 43218044.771717   43218333.77283703 43218623.77396095 43218913.77508485
 43219202.7762049  43219493.77733268 43219782.77845271 43220071.77957276
 43220361.78069666 43220650.7818167  43220939.78293673 43221229.78406064
 43221519.78518455 43221809.78630847 43222098.7874285  43222389.78855629]"	0.0	0.0	0.0
3744.028477574701	2.0	trials	7.0	0.0	0.0	0.0	0.0	0.0	True	40.0	0.0	0.005	"[43342584.25437477 43342874.25549868 43343164.25662259 43343453.25774263
 43343743.25886654 43344033.25999045 43344322.26111048 43344612.2622344
 43344901.26335443 43345191.26447834 43345481.26560225 43345770.26672228
 43346060.2678462  43346350.26897011 43346639.27009015 43346929.27121406
 43347218.2723341  43347508.27345801 43347798.27458192 43348088.27570582]"	0.0	0.0	0.0
3752.470049490407	2.0	trials	7.0	0.0	0.0	0.0	0.0	0.0	True	40.0	0.0	0.005	"[43440287.63302814 43440577.63415205 43440866.63527209 43441157.63639987
 43441446.63751991 43441736.63864382 43442025.63976385 43442315.64088777
 43442604.64200781 43442894.64313172 43443184.64425563 43443473.64537566
 43443763.64649957 43444052.64761961 43444342.64874352 43444632.64986743
 43444922.65099134 43445212.65211525 43445500.65323141 43445790.65435532]"	0.0	0.0	0.0
3761.1222654224734	2.0	trials	7.0	0.0	0.0	0.0	0.0	0.0	True	40.0	0.0	0.005	"[43540428.02112624 43540718.02225015 43541008.02337407 43541298.02449798
 43541588.02562189 43541877.02674192 43542167.02786583 43542456.02898587
 43542746.03010978 43543036.03123369 43543326.0323576  43543615.03347763
 43543905.03460155 43544195.03572546 43544484.0368455  43544774.0379694
 43545063.03908944 43545353.04021335 43545643.04133726 43545932.0424573 ]"	0.0	0.0	0.0
3767.1461831684474	2.0	trials	7.0	0.0	0.0	0.0	0.0	0.0	True	40.0	0.0	0.005	"[43610150.29133771 43610439.29245774 43610730.29358553 43611019.29470556
 43611309.29582947 43611598.29694951 43611888.29807342 43612178.29919733
 43612468.30032124 43612758.30144515 43613047.30256519 43613336.30368523
 43613626.30480913 43613916.30593305 43614205.30705308 43614495.30817699
 43614784.30929703 43615074.31042094 43615364.31154484 43615653.31266489]"	0.0	0.0	0.0
3774.0709108055516	2.0	trials	7.0	0.0	0.0	0.0	0.0	0.0	True	40.0	0.0	0.005	"[43690297.60195183 43690587.60307574 43690876.60419577 43691166.60531969
 43691456.6064436  43691745.60756363 43692035.60868755 43692325.60981146
 43692615.61093537 43692905.61205927 43693194.61317931 43693483.61429935
 43693773.61542326 43694063.61654717 43694353.61767108 43694641.61878724
 43694932.61991503 43695221.62103506 43695510.6221551  43695801.62328289]"	0.0	0.0	0.0
3785.1287712608055	2.0	trials	7.0	0.0	0.0	0.0	0.0	0.0	True	40.0	0.0	0.005	"[43818282.09796089 43818572.0990848  43818861.10020483 43819151.10132875
 43819441.10245266 43819730.10357269 43820020.1046966  43820309.10581664
 43820599.10694055 43820888.10806059 43821178.1091845  43821468.1103084
 43821758.11143231 43822047.11255235 43822337.11367626 43822626.1147963
 43822916.11592021 43823206.11704412 43823495.11816416 43823786.11929195]"	0.0	0.0	0.0
3796.0365543344265	2.0	trials	7.0	0.0	0.0	0.0	0.0	0.0	True	40.0	0.0	0.005	"[43944529.5872381  43944820.5883659  43945109.58948593 43945398.59060596
 43945689.59173375 43945978.59285378 43946267.59397383 43946557.59509774
 43946847.59622165 43947136.59734169 43947426.59846559 43947715.59958563
 43948005.60070954 43948295.60183345 43948584.60295349 43948874.6040774
 43949163.60519743 43949453.60632134 43949743.60744525 43950033.60856917]"	0.0	0.0	0.0
3804.7188375830206	2.0	trials	7.0	0.0	0.0	0.0	0.0	0.0	True	40.0	0.0	0.005	"[44045018.97668878 44045308.97781269 44045598.97893661 44045887.98005664
 44046177.98118055 44046467.98230446 44046756.98342449 44047046.9845484
 44047335.98566844 44047625.98679235 44047914.98791239 44048205.98904017
 44048495.99016408 44048784.99128412 44049073.99240416 44049364.99353193
 44049653.99465197 44049942.99577201 44050232.99689592 44050522.99801983]"	0.0	0.0	0.0
3813.4487274161147	2.0	trials	7.0	0.0	0.0	0.0	0.0	0.0	True	40.0	0.0	0.005	"[44146060.36827875 44146349.36939879 44146638.37051883 44146928.37164274
 44147218.37276664 44147507.37388668 44147797.37501059 44148088.37613838
 44148377.37725842 44148666.37837845 44148955.37949848 44149245.38062239
 44149536.38175018 44149825.38287022 44150115.38399413 44150405.38511804
 44150694.38623808 44150983.38735811 44151273.38848202 44151562.38960206]"	0.0	0.0	0.0
3820.1625518358546	2.0	trials	7.0	0.0	0.0	0.0	0.0	0.0	True	40.0	0.0	0.005	"[44223765.66942877 44224055.67055268 44224345.67167659 44224634.67279663
 44224924.67392054 44225213.67504058 44225504.67616836 44225793.6772884
 44226083.67841231 44226372.67953234 44226662.68065625 44226951.68177629
 44227241.6829002  44227530.68402024 44227820.68514415 44228111.68627194
 44228399.68738809 44228690.68851588 44228978.68963204 44229269.69075983]"	0.0	0.0	0.0
3829.4326165624225	2.0	trials	7.0	0.0	0.0	0.0	0.0	0.0	True	40.0	0.0	0.005	"[44331058.08524484 44331349.08637263 44331638.08749267 44331928.08861658
 44332217.08973661 44332507.09086052 44332797.09198444 44333086.09310447
 44333375.09422451 44333665.09534842 44333955.09647232 44334245.09759624
 44334534.09871627 44334824.09984018 44335114.1009641  44335403.10208413
 44335693.10320804 44335982.10432807 44336272.10545199 44336562.10657589]"	0.0	0.0	0.0
3835.012782188615	2.0	trials	7.0	0.0	0.0	0.0	0.0	0.0	True	40.0	0.0	0.005	"[44395643.33554758 44395932.33666761 44396223.3377954  44396512.33891544
 44396802.34003934 44397091.34115938 44397381.34228329 44397671.3434072
 44397960.34452724 44398250.34565115 44398540.34677505 44398829.34789509
 44399119.34901901 44399408.35013904 44399698.35126295 44399988.35238686
 44400277.35350689 44400567.35463081 44400856.35575084 44401146.35687476]"	0.0	0.0	0.0
3843.418670766027	2.0	trials	7.0	0.0	0.0	0.0	0.0	0.0	True	40.0	0.0	0.005	"[44492934.71260422 44493223.71372426 44493513.71484817 44493803.71597208
 44494092.71709212 44494381.71821215 44494671.71933606 44494961.72045998
 44495250.72158001 44495541.72270779 44495830.72382783 44496119.72494786
 44496409.72607177 44496699.72719569 44496988.72831572 44497278.72943963
 44497568.73056354 44497857.73168358 44498148.73281136 44498437.7339314 ]"	0.0	0.0	0.0
3848.6103804867403	2.0	trials	7.0	0.0	0.0	0.0	0.0	0.0	True	40.0	0.0	0.005	"[44553022.94547858 44553312.94660249 44553601.94772252 44553891.94884644
 44554181.94997035 44554470.95109039 44554760.95221429 44555050.95333821
 44555339.95445824 44555629.95558215 44555919.95670606 44556209.95782998
 44556499.95895389 44556788.96007393 44557077.96119396 44557367.96231787
 44557657.96344178 44557946.96456182 44558236.96568573 44558525.96680576]"	0.0	0.0	0.0
3858.1326477907314	2.0	trials	7.0	0.0	0.0	0.0	0.0	0.0	True	40.0	0.0	0.005	"[44663235.37261127 44663524.37373132 44663814.37485522 44664104.37597913
 44664393.37709917 44664683.37822308 44664973.37934699 44665263.3804709
 44665552.38159093 44665841.38271097 44666131.38383488 44666421.38495879
 44666710.38607883 44667000.38720274 44667290.38832665 44667580.38945056
 44667869.3905706  44668158.39169063 44668448.39281455 44668738.39393846]"	0.0	0.0	0.0
3864.112674166602	2.0	trials	7.0	0.0	0.0	0.0	0.0	0.0	True	40.0	0.0	0.005	"[44732448.64085008 44732737.64197011 44733027.64309403 44733317.64421794
 44733606.64533797 44733897.64646576 44734185.64758192 44734476.64870971
 44734765.64982974 44735054.65094978 44735344.65207368 44735634.65319759
 44735924.65432151 44736213.65544154 44736503.65656545 44736792.65768549
 44737082.6588094  44737373.65993719 44737662.66105723 44737951.66217726]"	0.0	0.0	0.0
3874.9488313626343	2.0	trials	7.0	0.0	0.0	0.0	0.0	0.0	True	40.0	0.0	0.005	"[44857866.12691059 44858157.12803837 44858446.12915841 44858736.13028232
 44859026.13140623 44859315.13252627 44859604.1336463  44859894.13477021
 44860184.13589413 44860474.13701803 44860763.13813807 44861053.13926198
 44861343.14038589 44861632.14150593 44861921.14262597 44862212.14375375
 44862501.14487378 44862791.1459977  44863080.14711773 44863370.14824165]"	0.0	0.0	0.0
3884.9259100292675	2.0	trials	7.0	0.0	0.0	0.0	0.0	0.0	True	40.0	0.0	0.005	"[44973341.57444033 44973631.57556424 44973920.57668427 44974210.57780819
 44974500.57893209 44974790.58005601 44975079.58117604 44975369.58229996
 44975659.58342387 44975948.58454391 44976237.58566393 44976528.58679172
 44976817.58791176 44977107.58903567 44977397.59015958 44977686.59127962
 44977976.59240353 44978265.59352356 44978555.59464747 44978844.59576751]"	0.0	0.0	0.0
3894.107328012281	2.0	trials	7.0	0.0	0.0	0.0	0.0	0.0	True	40.0	0.0	0.005	"[45079607.98628008 45079898.98740786 45080187.9885279  45080476.98964794
 45080767.99077572 45081056.99189576 45081346.99301967 45081635.9941397
 45081925.99526361 45082214.99638365 45082503.99750369 45082793.9986276
 45083084.99975538 45083373.00087155 45083664.00199933 45083953.00311936
 45084243.00424328 45084533.00536719 45084822.00648722 45085112.00761114]"	0.0	0.0	0.0
3902.1492119789773	2.0	trials	7.0	0.0	0.0	0.0	0.0	0.0	True	40.0	0.0	0.005	"[45172686.347009   45172975.34812904 45173265.34925295 45173555.35037686
 45173844.3514969  45174134.35262081 45174423.35374085 45174713.35486475
 45175003.35598867 45175293.35711258 45175582.35823262 45175872.35935653
 45176162.36048044 45176450.36159659 45176740.3627205  45177031.3638483
 45177320.36496833 45177609.36608837 45177899.36721227 45178189.36833619]"	0.0	0.0	0.0
3907.973458551116	2.0	trials	7.0	0.0	0.0	0.0	0.0	0.0	True	40.0	0.0	0.005	"[45240095.60825631 45240385.60938022 45240675.61050414 45240964.61162417
 45241254.61274808 45241543.61386812 45241833.61499202 45242123.61611594
 45242413.61723985 45242702.61835988 45242992.61948379 45243282.6206077
 45243571.62172773 45243861.62285165 45244151.62397556 45244440.62509559
 45244730.6262195  45245020.62734342 45245309.62846345 45245599.62958737]"	0.0	0.0	0.0
3915.14373593986	2.0	trials	7.0	0.0	0.0	0.0	0.0	0.0	True	40.0	0.0	0.005	"[45323085.92988864 45323375.93101255 45323663.93212871 45323953.93325262
 45324243.93437653 45324533.93550044 45324822.93662047 45325112.93774439
 45325401.93886442 45325691.93998833 45325981.94111224 45326270.94223228
 45326560.94335619 45326850.9444801  45327139.94560014 45327429.94672405
 45327719.94784796 45328008.94896799 45328298.95009191 45328588.95121582]"	0.0	0.0	0.0
3925.951467425727	2.0	trials	7.0	0.0	0.0	0.0	0.0	0.0	True	40.0	0.0	0.005	"[45448174.41467409 45448464.415798   45448753.41691803 45449043.41804194
 45449332.41916198 45449622.4202859  45449912.4214098  45450202.42253371
 45450491.42365375 45450780.42477379 45451071.42590158 45451360.42702161
 45451650.42814552 45451940.42926943 45452229.43038947 45452518.4315095
 45452808.43263341 45453098.43375733 45453387.43487736 45453677.43600127]"	0.0	0.0	0.0
3931.9203481584022	2.0	trials	7.0	0.0	0.0	0.0	0.0	0.0	True	40.0	0.0	0.005	"[45517259.68241682 45517548.68353686 45517838.68466077 45518127.6857808
 45518417.68690472 45518707.68802863 45518997.68915254 45519286.69027258
 45519576.69139648 45519865.69251652 45520155.69364043 45520445.69476434
 45520734.69588438 45521024.69700829 45521313.69812832 45521603.69925223
 45521893.70037615 45522183.70150006 45522471.70261621 45522762.703744  ]"	0.0	0.0	0.0
3940.2839869720738	2.0	trials	7.0	0.0	0.0	0.0	0.0	0.0	True	40.0	0.0	0.005	"[45614061.05757444 45614350.05869448 45614639.05981451 45614929.06093843
 45615218.06205846 45615508.06318237 45615798.06430628 45616088.06543019
 45616377.06655023 45616667.06767414 45616956.06879418 45617246.06991808
 45617536.071042   45617825.07216203 45618115.07328594 45618405.07440986
 45618693.07552601 45618984.07665381 45619274.07777771 45619563.07889775]"	0.0	0.0	0.0
3950.887640867029	2.0	trials	7.0	0.0	0.0	0.0	0.0	0.0	True	40.0	0.0	0.005	"[45736788.53320971 45737077.53432974 45737367.53545365 45737657.53657757
 45737946.53769761 45738235.53881764 45738526.53994542 45738815.54106546
 45739105.54218937 45739395.54331328 45739684.54443332 45739973.54555336
 45740264.54668114 45740553.54780117 45740843.54892509 45741133.55004899
 45741422.55116903 45741711.55228907 45742001.55341298 45742291.55453689]"	0.0	0.0	0.0
3956.9936389311097	2.0	trials	7.0	0.0	0.0	0.0	0.0	0.0	True	40.0	0.0	0.005	"[45807458.8070952  45807747.80821523 45808037.80933914 45808328.81046693
 45808617.81158697 45808906.812707   45809196.81383091 45809486.81495482
 45809776.81607874 45810065.81719877 45810355.81832268 45810645.81944659
 45810934.82056662 45811223.82168666 45811514.82281445 45811803.82393448
 45812093.8250584  45812382.82617843 45812672.82730234 45812961.82842238]"	0.0	0.0	0.0
3962.795594216858	2.0	trials	7.0	0.0	0.0	0.0	0.0	0.0	True	40.0	0.0	0.005	"[45874611.06734648 45874901.0684704  45875191.0695943  45875481.07071821
 45875770.07183825 45876060.07296216 45876349.0740822  45876640.07520998
 45876929.07633002 45877218.07745005 45877508.07857396 45877798.07969788
 45878088.08082179 45878377.08194182 45878666.08306186 45878956.08418577
 45879246.08530968 45879536.08643359 45879825.08755363 45880114.08867367]"	0.0	0.0	0.0
3970.740105006179	2.0	trials	7.0	0.0	0.0	0.0	0.0	0.0	True	40.0	0.0	0.005	"[45966562.42370766 45966852.42483157 45967141.42595161 45967431.42707551
 45967721.42819943 45968010.42931946 45968300.43044337 45968589.43156341
 45968879.43268732 45969169.43381123 45969458.43493126 45969748.43605518
 45970037.43717521 45970327.43829913 45970617.43942304 45970907.44054694
 45971196.44166698 45971486.4427909  45971776.44391481 45972065.44503484]"	0.0	0.0	0.0
3981.750963679275	2.0	trials	7.0	0.0	0.0	0.0	0.0	0.0	True	40.0	0.0	0.005	"[46094002.91760842 46094291.91872845 46094581.91985237 46094870.9209724
 46095160.92209631 46095449.92321634 46095739.92434026 46096028.92546029
 46096318.92658421 46096608.92770812 46096898.92883202 46097188.92995594
 46097477.93107598 46097767.93219989 46098056.93331992 46098345.93443996
 46098635.93556386 46098925.93668777 46099214.93780781 46099504.93893173]"	0.0	0.0	0.0
3988.1057083073842	2.0	trials	7.0	0.0	0.0	0.0	0.0	0.0	True	40.0	0.0	0.005	"[46167553.2026555  46167843.20377941 46168132.20489945 46168422.20602337
 46168711.2071434  46169001.20826731 46169290.20938734 46169580.21051125
 46169870.21163517 46170161.21276295 46170450.21388299 46170740.2150069
 46171028.21612306 46171319.21725085 46171608.21837088 46171897.21949092
 46172187.22061483 46172477.22173874 46172767.22286265 46173056.22398268]"	0.0	0.0	0.0
3998.333520745748	2.0	trials	7.0	0.0	0.0	0.0	0.0	0.0	True	40.0	0.0	0.005	"[46285929.66142823 46286219.66255214 46286508.66367217 46286799.66479996
 46287088.66592    46287378.66704391 46287667.66816394 46287957.66928785
 46288247.67041177 46288536.6715318  46288825.67265183 46289116.67377963
 46289406.67490353 46289695.67602357 46289983.67713973 46290274.67826752
 46290564.67939143 46290853.68051147 46291143.68163537 46291433.68275928]"	0.0	0.0	0.0
4022.6018195986708	2.0	trials	8.0	0.0	0.0	0.0	0.0	0.0	True	40.0	0.0	0.005	"[46566813.7500058  46567102.75112584 46567392.75224975 46567681.75336979
 46567971.7544937  46568261.75561761 46568551.75674152 46568840.75786156
 46569130.75898547 46569420.76010937 46569709.76122942 46569999.76235332
 46570288.76347336 46570578.76459727 46570868.76572119 46571157.76684122
 46571447.76796513 46571737.76908904 46572026.77020908 46572316.77133299]"	0.0	0.0	0.0
4027.8520223460773	2.0	trials	8.0	0.0	0.0	0.0	0.0	0.0	True	40.0	0.0	0.005	"[46627578.98550393 46627868.98662783 46628157.98774787 46628447.98887178
 46628737.98999569 46629026.99111573 46629316.99223964 46629606.99336354
 46629895.99448358 46630185.9956075  46630475.9967314  46630764.99785144
 46631054.99897535 46631344.00009538 46631634.00121929 46631924.00234321
 46632214.00346712 46632503.00458715 46632792.00570719 46633083.00683498]"	0.0	0.0	0.0
4038.7308613075234	2.0	trials	8.0	0.0	0.0	0.0	0.0	0.0	True	40.0	0.0	0.005	"[46753492.47348671 46753781.47460674 46754071.47573065 46754360.47685069
 46754650.4779746  46754940.47909851 46755230.48022242 46755519.48134246
 46755809.48246637 46756098.4835864  46756388.48471031 46756678.48583423
 46756967.48695426 46757257.48807817 46757547.48920208 46757836.49032211
 46758126.49144603 46758415.49256606 46758705.49368998 46758994.49481001]"	0.0	0.0	0.0
4047.820090133254	2.0	trials	8.0	0.0	0.0	0.0	0.0	0.0	True	40.0	0.0	0.005	"[46858690.88118736 46858980.88231127 46859270.88343518 46859560.88455909
 46859849.88567913 46860139.88680305 46860428.88792308 46860718.88904699
 46861008.8901709  46861297.89129093 46861587.89241485 46861876.89353488
 46862166.8946588  46862455.89577883 46862745.89690274 46863035.89802665
 46863324.89914668 46863614.9002706  46863904.90139451 46864193.90251455]"	0.0	0.0	0.0
4058.6463112907777	2.0	trials	8.0	0.0	0.0	0.0	0.0	0.0	True	40.0	0.0	0.005	"[46983995.36680993 46984284.36792997 46984574.36905388 46984864.3701778
 46985154.3713017  46985443.37242174 46985733.37354565 46986023.37466956
 46986312.3757896  46986601.37690964 46986891.37803354 46987181.37915745
 46987471.38028137 46987760.3814014  46988050.38252531 46988339.38364535
 46988629.38476925 46988919.38589317 46989208.3870132  46989498.38813712]"	0.0	0.0	0.0
4068.5681801434434	2.0	trials	8.0	0.0	0.0	0.0	0.0	0.0	True	40.0	0.0	0.005	"[47098831.8118632  47099121.81298711 47099410.81410714 47099700.81523106
 47099989.81635109 47100279.817475   47100569.81859891 47100859.81972282
 47101148.82084285 47101438.82196677 47101727.82308681 47102017.82421071
 47102307.82533462 47102596.82645466 47102885.8275747  47103175.82869861
 47103465.82982252 47103754.83094256 47104044.83206646 47104334.83319037]"	0.0	0.0	0.0
4075.168647323862	2.0	trials	8.0	0.0	0.0	0.0	0.0	0.0	True	40.0	0.0	0.005	"[47175226.10793236 47175516.10905626 47175805.1101763  47176095.11130022
 47176385.11242413 47176674.11354417 47176964.11466808 47177254.11579199
 47177543.11691202 47177833.11803593 47178122.11915597 47178412.12027989
 47178702.12140379 47178991.12252382 47179281.12364774 47179570.12476777
 47179860.12589169 47180150.1270156  47180440.12813951 47180729.12925954]"	0.0	0.0	0.0
4082.104520604162	2.0	trials	8.0	0.0	0.0	0.0	0.0	0.0	True	40.0	0.0	0.005	"[47255502.41904643 47255791.42016647 47256081.42129038 47256371.42241429
 47256660.42353433 47256950.42465824 47257240.42578214 47257529.42690218
 47257819.4280261  47258108.42914613 47258399.43027391 47258688.43139395
 47258977.43251398 47259267.43363789 47259557.43476181 47259846.43588184
 47260136.43700575 47260426.43812966 47260716.43925358 47261005.44037361]"	0.0	0.0	0.0
4087.942418429207	2.0	trials	8.0	0.0	0.0	0.0	0.0	0.0	True	40.0	0.0	0.005	"[47323070.68090995 47323359.68202998 47323649.68315389 47323938.68427393
 47324228.68539784 47324518.68652175 47324807.68764178 47325097.6887657
 47325387.6898896  47325676.69100965 47325966.69213355 47326255.69325359
 47326546.69438137 47326835.69550141 47327125.69662532 47327414.69774536
 47327704.69886927 47327994.69999319 47328283.70111322 47328572.70223325]"	0.0	0.0	0.0
4096.918462816285	2.0	trials	8.0	0.0	0.0	0.0	0.0	0.0	True	40.0	0.0	0.005	"[47426960.08353749 47427249.08465753 47427539.08578144 47427829.08690535
 47428118.08802538 47428408.0891493  47428698.09027322 47428987.09139325
 47429277.09251716 47429567.09364107 47429856.09476111 47430146.09588502
 47430436.09700894 47430725.09812897 47431015.09925287 47431305.10037678
 47431595.1015007  47431884.10262074 47432173.10374077 47432463.10486469]"	0.0	0.0	0.0
4106.902539910041	2.0	trials	8.0	0.0	0.0	0.0	0.0	0.0	True	40.0	0.0	0.005	"[47542516.53138116 47542805.5325012  47543095.53362511 47543385.53474901
 47543675.53587293 47543964.53699296 47544254.53811687 47544543.53923691
 47544833.54036082 47545122.54148085 47545412.54260477 47545702.54372867
 47545991.54484871 47546281.54597262 47546571.54709654 47546861.54822045
 47547150.54934049 47547440.55046438 47547730.5515883  47548019.55270834]"	0.0	0.0	0.0
4114.246309171161	2.0	trials	8.0	0.0	0.0	0.0	0.0	0.0	True	40.0	0.0	0.005	"[47627513.86079173 47627803.86191564 47628092.86303567 47628381.86415569
 47628671.86527962 47628961.86640354 47629250.86752357 47629540.86864749
 47629830.86977138 47630119.87089143 47630409.87201533 47630699.87313925
 47630989.87426316 47631278.8753832  47631568.87650711 47631858.87763101
 47632147.87875105 47632436.87987108 47632726.880995   47633016.88211891]"	0.0	0.0	0.0
4123.5926653934	2.0	trials	8.0	0.0	0.0	0.0	0.0	0.0	True	40.0	0.0	0.005	"[47735689.28002992 47735979.28115382 47736268.28227385 47736558.28339776
 47736847.2845178  47737136.28563784 47737426.28676175 47737716.28788567
 47738006.28900958 47738295.29012961 47738585.29125351 47738874.29237355
 47739164.29349747 47739453.2946175  47739744.29574529 47740033.29686532
 47740323.29798923 47740613.29911314 47740902.30023318 47741192.30135709]"	0.0	0.0	0.0
4129.91302268824	2.0	trials	8.0	0.0	0.0	0.0	0.0	0.0	True	40.0	0.0	0.005	"[47808841.56353453 47809131.56465844 47809420.56577847 47809710.56690238
 47809999.56802242 47810289.56914634 47810579.57027024 47810868.57139027
 47811158.57251418 47811448.5736381  47811738.57476201 47812027.57588205
 47812316.57700209 47812606.57812598 47812895.57924603 47813185.58036993
 47813475.58149385 47813764.58261389 47814054.5837378  47814344.58486171]"	0.0	0.0	0.0
4140.31061178458	2.0	trials	8.0	0.0	0.0	0.0	0.0	0.0	True	40.0	0.0	0.005	"[47929184.02992659 47929473.03104663 47929763.03217054 47930053.03329445
 47930343.03441837 47930632.03553841 47930922.03666232 47931211.03778234
 47931501.03890626 47931790.04002628 47932080.0411502  47932370.04227412
 47932660.04339803 47932949.04451806 47933239.04564197 47933528.04676201
 47933818.04788592 47934108.04900983 47934398.05013374 47934687.05125377]"	0.0	0.0	0.0
4147.34679585364	2.0	trials	8.0	0.0	0.0	0.0	0.0	0.0	True	40.0	0.0	0.005	"[48010621.34554018 48010910.34666022 48011200.34778413 48011490.34890804
 48011779.35002808 48012069.351152   48012358.35227203 48012648.35339594
 48012937.35451598 48013227.35563988 48013516.35675993 48013806.35788383
 48014096.35900774 48014386.36013165 48014675.36125169 48014965.3623756
 48015255.36349951 48015544.36461954 48015834.36574345 48016123.36686349]"	0.0	0.0	0.0
4152.970334447926	2.0	trials	8.0	0.0	0.0	0.0	0.0	0.0	True	40.0	0.0	0.005	"[48075707.59778457 48075997.59890848 48076287.60003239 48076576.60115243
 48076867.60228021 48077156.60340025 48077445.60452028 48077735.6056442
 48078024.60676423 48078315.60789201 48078604.60901205 48078894.61013597
 48079183.611256   48079473.61237992 48079762.61349995 48080052.61462386
 48080342.61574777 48080631.61686781 48080921.61799171 48081211.61911563]"	0.0	0.0	0.0
4162.432985520871	2.0	trials	8.0	0.0	0.0	0.0	0.0	0.0	True	40.0	0.0	0.005	"[48185230.02224313 48185519.02336317 48185809.02448708 48186098.02560712
 48186388.02673103 48186678.02785493 48186968.02897885 48187257.03009888
 48187547.03122279 48187837.0323467  48188126.03346674 48188416.03459065
 48188706.03571456 48188995.03683459 48189285.0379585  48189575.03908242
 48189864.04020245 48190154.04132636 48190443.0424464  48190733.0435703 ]"	0.0	0.0	0.0
4169.279693655607	2.0	trials	8.0	0.0	0.0	0.0	0.0	0.0	True	40.0	0.0	0.005	"[48264474.32935763 48264763.33047766 48265053.33160158 48265343.33272549
 48265632.33384553 48265922.33496942 48266211.33608946 48266501.33721337
 48266790.33833341 48267080.33945733 48267370.34058124 48267660.34170515
 48267949.34282519 48268239.34394909 48268528.34506913 48268818.34619304
 48269108.34731695 48269397.34843698 48269687.3495609  48269976.35068093]"	0.0	0.0	0.0
4180.271112253363	2.0	trials	8.0	0.0	0.0	0.0	0.0	0.0	True	40.0	0.0	0.005	"[48391689.82238638 48391978.82350643 48392268.82463033 48392558.82575425
 48392847.82687429 48393137.8279982  48393426.82911823 48393716.83024214
 48394006.83136605 48394295.83248608 48394585.83361    48394874.83473003
 48395164.83585394 48395454.83697785 48395743.83809789 48396033.83922181
 48396323.84034571 48396613.84146962 48396902.84258965 48397191.84370969]"	0.0	0.0	0.0
4186.699210765758	2.0	trials	8.0	0.0	0.0	0.0	0.0	0.0	True	40.0	0.0	0.005	"[48466088.11071995 48466378.11184386 48466668.11296777 48466957.11408781
 48467247.11521171 48467536.11633175 48467826.11745566 48468116.11857957
 48468405.11969961 48468695.12082352 48468984.12194356 48469274.12306746
 48469564.12419137 48469853.12531141 48470143.12643532 48470433.12755924
 48470723.12868313 48471013.12980705 48471302.13092709 48471592.132051  ]"	0.0	0.0	0.0
4192.397053648013	2.0	trials	8.0	0.0	0.0	0.0	0.0	0.0	True	40.0	0.0	0.005	"[48532035.36630118 48532325.36742509 48532614.36854513 48532904.36966904
 48533194.37079296 48533483.37191298 48533773.37303691 48534063.37416082
 48534352.37528085 48534642.37640476 48534931.3775248  48535221.37864871
 48535511.37977262 48535801.38089653 48536090.38201656 48536380.38314047
 48536670.38426439 48536959.38538443 48537249.38650833 48537538.38762836]"	0.0	0.0	0.0
4202.838102112783	2.0	trials	8.0	0.0	0.0	0.0	0.0	0.0	True	40.0	0.0	0.005	"[48652880.83464266 48653170.83576656 48653460.83689047 48653749.83801051
 48654039.83913442 48654328.84025446 48654618.84137837 48654908.84250228
 48655197.84362232 48655487.84474622 48655776.84586626 48656066.84699017
 48656356.84811408 48656645.84923412 48656935.85035803 48657225.85148194
 48657514.85260198 48657804.85372588 48658094.85484979 48658383.85596983]"	0.0	0.0	0.0
4208.5431162228315	2.0	trials	8.0	0.0	0.0	0.0	0.0	0.0	True	40.0	0.0	0.005	"[48718912.09054945 48719201.09166948 48719491.09279338 48719781.0939173
 48720070.09503733 48720360.09616125 48720649.09728128 48720939.0984052
 48721229.09952909 48721519.10065302 48721808.10177305 48722098.10289696
 48722387.104017   48722677.10514091 48722967.10626482 48723256.10738485
 48723546.10850876 48723836.10963267 48724125.11075271 48724415.11187662]"	0.0	0.0	0.0
4217.009312233969	2.0	trials	8.0	0.0	0.0	0.0	0.0	0.0	True	40.0	0.0	0.005	"[48816900.47030734 48817189.47142737 48817479.47255129 48817769.47367521
 48818058.47479524 48818348.47591915 48818638.47704306 48818927.4781631
 48819217.479287   48819506.48040704 48819796.48153095 48820086.48265486
 48820375.4837749  48820665.48489881 48820955.48602272 48821244.48714276
 48821534.48826666 48821823.4893867  48822113.49051061 48822403.49163453]"	0.0	0.0	0.0
4227.977057139975	2.0	trials	8.0	0.0	0.0	0.0	0.0	0.0	True	40.0	0.0	0.005	"[48943840.96227033 48944130.96339423 48944419.96451426 48944709.96563818
 48944999.9667621  48945288.96788213 48945578.96900604 48945868.97012995
 48946157.97124999 48946447.97237389 48946737.97349782 48947026.97461784
 48947315.97573788 48947605.97686179 48947895.97798571 48948185.97910962
 48948474.98022966 48948764.98135357 48949054.98247748 48949343.98359751]"	0.0	0.0	0.0
4237.650179428611	2.0	trials	8.0	0.0	0.0	0.0	0.0	0.0	True	40.0	0.0	0.005	"[49055799.39616974 49056088.39728978 49056378.39841368 49056667.39953373
 49056957.40065763 49057247.40178154 49057537.40290546 49057826.4040255
 49058116.40514941 49058406.40627331 49058695.40739334 49058985.40851726
 49059275.40964117 49059564.41076121 49059854.41188512 49060144.41300902
 49060433.41412906 49060722.4152491  49061012.41637301 49061302.41749692]"	0.0	0.0	0.0
4247.923438443106	2.0	trials	8.0	0.0	0.0	0.0	0.0	0.0	True	40.0	0.0	0.005	"[49174701.85698101 49174992.85810879 49175281.85922883 49175571.86035274
 49175860.86147278 49176150.86259669 49176440.8637206  49176729.86484063
 49177019.86596455 49177308.86708459 49177598.86820849 49177887.86932852
 49178177.87045243 49178467.87157635 49178757.87270026 49179046.8738203
 49179336.8749442  49179626.87606812 49179915.87718815 49180205.87831206]"	0.0	0.0	0.0
4257.2945051611105	2.0	trials	8.0	0.0	0.0	0.0	0.0	0.0	True	40.0	0.0	0.005	"[49283164.27733147 49283453.27845151 49283743.27957542 49284033.28069934
 49284322.28181937 49284612.28294329 49284901.28406331 49285191.28518722
 49285481.28631114 49285771.28743505 49286060.28855509 49286350.289679
 49286640.29080291 49286929.29192294 49287219.29304685 49287508.29416689
 49287798.29529081 49288087.29641084 49288377.29753476 49288667.29865865]"	0.0	0.0	0.0
4264.3036459253635	2.0	trials	8.0	0.0	0.0	0.0	0.0	0.0	True	40.0	0.0	0.005	"[49364287.59172815 49364577.59285206 49364866.59397209 49365156.59509601
 49365445.59621604 49365735.59733995 49366025.59846386 49366314.5995839
 49366604.60070781 49366894.60183172 49367184.60295563 49367473.60407566
 49367763.60519958 49368053.60632348 49368342.60744353 49368632.60856743
 49368921.60968746 49369211.61081138 49369501.61193529 49369790.61305533]"	0.0	0.0	0.0
4273.895638299577	2.0	trials	8.0	0.0	0.0	0.0	0.0	0.0	True	40.0	0.0	0.005	"[49475307.02198841 49475596.02310844 49475886.02423236 49476175.02535239
 49476465.0264763  49476755.02760021 49477044.02872025 49477334.02984416
 49477624.03096807 49477913.0320881  49478203.03321201 49478492.03433205
 49478782.03545596 49479072.03657987 49479361.03769992 49479651.03882381
 49479941.03994773 49480230.04106776 49480520.04219168 49480810.04331559]"	0.0	0.0	0.0
4282.871855487324	2.0	trials	8.0	0.0	0.0	0.0	0.0	0.0	True	40.0	0.0	0.005	"[49579197.42461984 49579488.42574763 49579777.42686766 49580067.42799158
 49580356.4291116  49580646.43023553 49580935.43135555 49581225.43247947
 49581514.4335995  49581804.43472342 49582095.4358512  49582384.43697124
 49582674.43809515 49582963.43921519 49583253.4403391  49583543.441463
 49583832.44258304 49584122.44370695 49584411.44482698 49584701.4459509 ]"	0.0	0.0	0.0
4293.900253428394	2.0	trials	8.0	0.0	0.0	0.0	0.0	0.0	True	40.0	0.0	0.005	"[49706841.91931122 49707130.92043124 49707420.92155516 49707709.92267519
 49707999.92379911 49708288.92491914 49708578.92604305 49708868.92716696
 49709157.92828699 49709448.92941479 49709737.93053482 49710027.93165874
 49710316.93277878 49710606.93390267 49710896.93502659 49711185.93614662
 49711475.93727054 49711764.93839058 49712054.93951449 49712344.9406384 ]"	0.0	0.0	0.0
4299.060513427223	2.0	trials	8.0	0.0	0.0	0.0	0.0	0.0	True	40.0	0.0	0.005	"[49766566.15077487 49766856.15189878 49767145.15301882 49767436.1541466
 49767725.15526664 49768015.15639056 49768304.15751059 49768594.15863449
 49768883.15975454 49769173.16087844 49769463.16200235 49769753.16312627
 49770042.1642463  49770332.16537021 49770621.16649025 49770911.16761415
 49771201.16873807 49771490.1698581  49771780.17098201 49772070.17210594]"	0.0	0.0	0.0
4305.779781068058	2.0	trials	8.0	0.0	0.0	0.0	0.0	0.0	True	40.0	0.0	0.005	"[49844336.45217681 49844625.45329684 49844915.45442075 49845205.45554466
 49845494.4566647  49845784.45778861 49846073.45890864 49846363.46003255
 49846653.46115647 49846943.46228037 49847232.46340041 49847522.46452432
 49847811.46564435 49848101.46676826 49848390.4678883  49848680.46901222
 49848970.47013613 49849259.47125617 49849549.47238006 49849839.47350398]"	0.0	0.0	0.0
4310.951964313095	2.0	trials	8.0	0.0	0.0	0.0	0.0	0.0	True	40.0	0.0	0.005	"[49904198.6841753  49904488.6852992  49904777.68641923 49905067.68754315
 49905357.68866706 49905646.6897871  49905936.69091101 49906225.69203104
 49906515.69315496 49906805.69427886 49907095.69540277 49907384.69652281
 49907674.69764672 49907963.69876676 49908253.69989067 49908543.70101457
 49908832.70213461 49909122.70325852 49909411.70437855 49909701.70550247]"	0.0	0.0	0.0
4321.0316865775285	2.0	trials	8.0	0.0	0.0	0.0	0.0	0.0	True	40.0	0.0	0.005	"[50020862.13630918 50021153.13743697 50021443.13856088 50021732.13968092
 50022022.14080483 50022311.14192487 50022600.1430449  50022890.14416882
 50023180.14529273 50023469.14641277 50023759.14753667 50024049.14866059
 50024339.1497845  50024628.15090453 50024918.15202844 50025208.15315235
 50025497.15427238 50025787.1553963  50026077.15652021 50026366.15764024]"	0.0	0.0	0.0
4327.289922031611	2.0	trials	8.0	0.0	0.0	0.0	0.0	0.0	True	40.0	0.0	0.005	"[50093295.41702728 50093585.41815119 50093875.4192751  50094164.42039514
 50094454.42151905 50094744.42264296 50095033.42376299 50095323.4248869
 50095613.42601082 50095902.42713086 50096191.42825089 50096481.42937479
 50096771.4304987  50097060.43161874 50097350.43274266 50097640.43386657
 50097929.43498661 50098219.43611052 50098509.43723442 50098798.43835445]"	0.0	0.0	0.0
4333.932120573761	2.0	trials	8.0	0.0	0.0	0.0	0.0	0.0	True	40.0	0.0	0.005	"[50170173.71497222 50170462.71609224 50170752.71721617 50171042.71834007
 50171332.71946398 50171621.72058402 50171911.72170793 50172201.72283185
 50172490.72395188 50172780.72507578 50173070.72619969 50173359.72731973
 50173649.72844364 50173938.72956368 50174228.7306876  50174518.73181151
 50174807.73293154 50175097.73405544 50175387.73517936 50175676.7362994 ]"	0.0	0.0	0.0
4341.204091156623	2.0	trials	8.0	0.0	0.0	0.0	0.0	0.0	True	40.0	0.0	0.005	"[50254339.04115832 50254629.04228223 50254919.04340614 50255208.04452618
 50255498.04565009 50255787.04677013 50256077.04789404 50256367.04901795
 50256657.05014186 50256946.05126189 50257235.05238193 50257525.05350584
 50257815.05462975 50258105.05575366 50258394.0568737  50258684.05799761
 50258973.05911765 50259263.06024155 50259552.06136159 50259842.0624855 ]"	0.0	0.0	0.0
4348.104021897625	2.0	trials	8.0	0.0	0.0	0.0	0.0	0.0	True	40.0	0.0	0.005	"[50334200.35066403 50334489.35178407 50334779.35290799 50335068.35402802
 50335358.35515193 50335648.35627583 50335937.35739587 50336227.35851979
 50336517.3596437  50336807.36076761 50337097.36189151 50337386.36301155
 50337675.36413159 50337965.3652555  50338255.36637941 50338545.36750332
 50338834.36862335 50339123.36974339 50339413.3708673  50339703.37199121]"	0.0	0.0	0.0
4358.046799631324	2.0	trials	8.0	0.0	0.0	0.0	0.0	0.0	True	40.0	0.0	0.005	"[50449278.79665518 50449567.79777521 50449857.79889913 50450147.80002304
 50450436.80114308 50450726.80226699 50451015.80338702 50451305.80451093
 50451595.80563484 50451885.80675875 50452175.80788267 50452464.8090027
 50452753.81012274 50453043.81124666 50453333.81237055 50453622.81349059
 50453912.8146145  50454202.81573842 50454491.81685845 50454781.81798237]"	0.0	0.0	0.0
4365.432213853841	2.0	trials	8.0	0.0	0.0	0.0	0.0	0.0	True	40.0	0.0	0.005	"[50534757.12792989 50535047.1290538  50535337.13017771 50535626.13129775
 50535916.13242166 50536205.13354169 50536495.1346656  50536785.13578952
 50537074.13690955 50537364.13803346 50537654.13915737 50537944.14028128
 50538233.14140131 50538522.14252135 50538813.14364915 50539102.14476918
 50539392.14589308 50539681.14701313 50539971.14813703 50540261.14926095]"	0.0	0.0	0.0
4370.605952304905	2.0	trials	8.0	0.0	0.0	0.0	0.0	0.0	True	40.0	0.0	0.005	"[50594639.36000589 50594929.36112979 50595218.36224983 50595508.36337374
 50595797.36449378 50596087.36561769 50596376.36673772 50596666.36786164
 50596956.36898555 50597245.37010559 50597535.37122949 50597825.3723534
 50598114.37347344 50598404.37459735 50598694.37572126 50598984.37684517
 50599273.37796521 50599562.37908525 50599852.38020915 50600142.38133306]"	0.0	0.0	0.0
4379.148180610709	2.0	trials	8.0	0.0	0.0	0.0	0.0	0.0	True	40.0	0.0	0.005	"[50693507.74317428 50693797.74429819 50694086.74541823 50694375.74653826
 50694665.74766217 50694955.74878608 50695245.74990999 50695534.75103003
 50695824.75215394 50696114.75327785 50696403.75439788 50696693.7555218
 50696983.7566457  50697272.75776574 50697562.75888965 50697851.76000968
 50698141.7611336  50698431.76225752 50698721.76338142 50699010.76450147]"	0.0	0.0	0.0
4388.808515649787	2.0	trials	8.0	0.0	0.0	0.0	0.0	0.0	True	40.0	0.0	0.005	"[50805316.17649236 50805605.17761239 50805896.17874018 50806185.17986022
 50806475.18098413 50806765.18210804 50807054.18322808 50807344.18435199
 50807633.18547201 50807923.18659594 50808213.18771984 50808502.18883989
 50808792.18996379 50809081.19108383 50809372.19221161 50809661.19333165
 50809951.19445556 50810240.1955756  50810530.1966995  50810820.19782341]"	0.0	0.0	0.0
4394.886520005377	2.0	trials	8.0	0.0	0.0	0.0	0.0	0.0	True	40.0	0.0	0.005	"[50875663.44912604 50875953.45024996 50876242.45136999 50876532.45249391
 50876822.45361781 50877111.45473784 50877401.45586175 50877691.45698567
 50877981.45810958 50878270.45922962 50878560.46035352 50878849.46147357
 50879139.46259747 50879429.46372138 50879718.46484142 50880008.46596533
 50880297.46708537 50880587.46820928 50880876.46932931 50881166.47045322]"	0.0	0.0	0.0
4405.236416116882	2.0	trials	8.0	0.0	0.0	0.0	0.0	0.0	True	40.0	0.0	0.005	"[50995453.9133788  50995743.91450272 50996033.91562663 50996323.91675054
 50996612.91787057 50996901.9189906  50997191.92011452 50997481.92123843
 50997770.92235846 50998060.92348238 50998350.92460628 50998640.92573019
 50998929.92685023 50999219.92797414 50999509.92909805 50999798.93021809
 51000087.93133812 51000377.93246204 51000667.93358594 51000957.93470985]"	0.0	0.0	0.0
4414.146537048471	2.0	trials	8.0	0.0	0.0	0.0	0.0	0.0	True	40.0	0.0	0.005	"[51098581.31305318 51098870.31417322 51099160.31529713 51099450.31642105
 51099739.31754109 51100029.318665   51100319.3197889  51100608.32090893
 51100898.32203285 51101187.32315288 51101477.3242768  51101766.32539683
 51102056.32652074 51102346.32764465 51102635.32876469 51102925.3298886
 51103215.33101251 51103505.33213642 51103794.33325645 51104084.33438037]"	0.0	0.0	0.0
4424.808943171122	2.0	trials	8.0	0.0	0.0	0.0	0.0	0.0	True	40.0	0.0	0.005	"[51221987.79131995 51222277.79244386 51222566.7935639  51222856.79468782
 51223146.79581172 51223436.79693563 51223725.79805566 51224015.79917958
 51224305.80030349 51224594.80142353 51224884.80254744 51225174.80367135
 51225463.80479138 51225752.80591141 51226042.80703533 51226332.80815924
 51226622.80928315 51226911.81040319 51227201.81152709 51227490.81264713]"	0.0	0.0	0.0
4451.676164096289	2.0	trials	9.0	0.0	0.0	0.0	0.0	0.0	True	5.0	0.0	0.01	"[51532998.99665638 51535316.00563605 51537633.01461571               nan
               nan               nan               nan               nan
               nan               nan               nan               nan
               nan               nan               nan               nan
               nan               nan               nan               nan]"	0.0	0.0	0.0
4459.840045335792	2.0	trials	9.0	0.0	0.0	0.0	0.0	0.0	True	5.0	0.0	0.01	"[51627488.36285373 51629805.37183339 51632122.38081305               nan
               nan               nan               nan               nan
               nan               nan               nan               nan
               nan               nan               nan               nan
               nan               nan               nan               nan]"	0.0	0.0	0.0
4466.368713837951	2.0	trials	9.0	0.0	0.0	0.0	0.0	0.0	True	5.0	0.0	0.01	"[51703051.6557023  51705368.66468196 51707685.67366162               nan
               nan               nan               nan               nan
               nan               nan               nan               nan
               nan               nan               nan               nan
               nan               nan               nan               nan]"	0.0	0.0	0.0
4477.3389643536675	2.0	trials	9.0	0.0	0.0	0.0	0.0	0.0	True	5.0	0.0	0.01	"[51830023.14778543 51832340.15676507 51834657.16574474               nan
               nan               nan               nan               nan
               nan               nan               nan               nan
               nan               nan               nan               nan
               nan               nan               nan               nan]"	0.0	0.0	0.0
4483.709865844393	2.0	trials	9.0	0.0	0.0	0.0	0.0	0.0	True	5.0	0.0	0.01	"[51903759.43355336 51906076.44253302 51908393.45151269               nan
               nan               nan               nan               nan
               nan               nan               nan               nan
               nan               nan               nan               nan
               nan               nan               nan               nan]"	0.0	0.0	0.0
4494.658084274724	2.0	trials	9.0	0.0	0.0	0.0	0.0	0.0	True	5.0	0.0	0.01	"[52030475.92464822 52032792.93362788 52035109.94260754               nan
               nan               nan               nan               nan
               nan               nan               nan               nan
               nan               nan               nan               nan
               nan               nan               nan               nan]"	0.0	0.0	0.0
4501.9473349245545	2.0	trials	9.0	0.0	0.0	0.0	0.0	0.0	True	5.0	0.0	0.01	"[52114842.2516133  52117159.26059297 52119476.26957262               nan
               nan               nan               nan               nan
               nan               nan               nan               nan
               nan               nan               nan               nan
               nan               nan               nan               nan]"	0.0	0.0	0.0
4508.380012654697	2.0	trials	9.0	0.0	0.0	0.0	0.0	0.0	True	5.0	0.0	0.01	"[52189294.54015615 52191611.54913581 52193928.55811546               nan
               nan               nan               nan               nan
               nan               nan               nan               nan
               nan               nan               nan               nan
               nan               nan               nan               nan]"	0.0	0.0	0.0
4516.936324215081	2.0	trials	9.0	0.0	0.0	0.0	0.0	0.0	True	5.0	0.0	0.01	"[52288324.92395239 52290642.93293592 52292959.94191557               nan
               nan               nan               nan               nan
               nan               nan               nan               nan
               nan               nan               nan               nan
               nan               nan               nan               nan]"	0.0	0.0	0.0
4523.457216687104	2.0	trials	9.0	0.0	0.0	0.0	0.0	0.0	True	5.0	0.0	0.01	"[52363798.21645217 52366115.22543183 52368432.23441149               nan
               nan               nan               nan               nan
               nan               nan               nan               nan
               nan               nan               nan               nan
               nan               nan               nan               nan]"	0.0	0.0	0.0
4530.3067760328895	2.0	trials	9.0	0.0	0.0	0.0	0.0	0.0	True	5.0	0.0	0.01	"[52443075.52369455 52445392.53267422 52447709.54165388               nan
               nan               nan               nan               nan
               nan               nan               nan               nan
               nan               nan               nan               nan
               nan               nan               nan               nan]"	0.0	0.0	0.0
4537.524400805131	2.0	trials	9.0	0.0	0.0	0.0	0.0	0.0	True	5.0	0.0	0.01	"[52526613.84745068 52528930.85643034 52531247.86541                  nan
               nan               nan               nan               nan
               nan               nan               nan               nan
               nan               nan               nan               nan
               nan               nan               nan               nan]"	0.0	0.0	0.0
4542.72725616904	2.0	trials	9.0	0.0	0.0	0.0	0.0	0.0	True	5.0	0.0	0.01	"[52586831.08082499 52589148.08980466 52591465.09878431               nan
               nan               nan               nan               nan
               nan               nan               nan               nan
               nan               nan               nan               nan
               nan               nan               nan               nan]"	0.0	0.0	0.0
4550.6455012565675	2.0	trials	9.0	0.0	0.0	0.0	0.0	0.0	True	5.0	0.0	0.01	"[52678477.43600413 52680794.44498379 52683111.45396345               nan
               nan               nan               nan               nan
               nan               nan               nan               nan
               nan               nan               nan               nan
               nan               nan               nan               nan]"	0.0	0.0	0.0
4561.420573415862	2.0	trials	9.0	0.0	0.0	0.0	0.0	0.0	True	5.0	0.0	0.01	"[52803189.91933237 52805506.92831203 52807823.93729169               nan
               nan               nan               nan               nan
               nan               nan               nan               nan
               nan               nan               nan               nan
               nan               nan               nan               nan]"	0.0	0.0	0.0
4566.587140639134	2.0	trials	9.0	0.0	0.0	0.0	0.0	0.0	True	5.0	0.0	0.01	"[52862987.15107894 52865304.1600586  52867621.16903827               nan
               nan               nan               nan               nan
               nan               nan               nan               nan
               nan               nan               nan               nan
               nan               nan               nan               nan]"	0.0	0.0	0.0
4577.410510585608	2.0	trials	9.0	0.0	0.0	0.0	0.0	0.0	True	5.0	0.0	0.01	"[52988258.63657363 52990575.64555329 52992892.65453295               nan
               nan               nan               nan               nan
               nan               nan               nan               nan
               nan               nan               nan               nan
               nan               nan               nan               nan]"	0.0	0.0	0.0
4584.317266953065	2.0	trials	9.0	0.0	0.0	0.0	0.0	0.0	True	5.0	0.0	0.01	"[53068196.94637775 53070513.95535741 53072830.96433708               nan
               nan               nan               nan               nan
               nan               nan               nan               nan
               nan               nan               nan               nan
               nan               nan               nan               nan]"	0.0	0.0	0.0
4595.325015214106	2.0	trials	9.0	0.0	0.0	0.0	0.0	0.0	True	5.0	0.0	0.01	"[53195602.44014287 53197919.44912253 53200236.45810219               nan
               nan               nan               nan               nan
               nan               nan               nan               nan
               nan               nan               nan               nan
               nan               nan               nan               nan]"	0.0	0.0	0.0
4602.880897297279	2.0	trials	9.0	0.0	0.0	0.0	0.0	0.0	True	5.0	0.0	0.01	"[53283053.77906405 53285370.78804372 53287687.79702337               nan
               nan               nan               nan               nan
               nan               nan               nan               nan
               nan               nan               nan               nan
               nan               nan               nan               nan]"	0.0	0.0	0.0
4610.974967066223	2.0	trials	9.0	0.0	0.0	0.0	0.0	0.0	True	5.0	0.0	0.01	"[53376735.14212994 53379052.15110961 53381369.16008926               nan
               nan               nan               nan               nan
               nan               nan               nan               nan
               nan               nan               nan               nan
               nan               nan               nan               nan]"	0.0	0.0	0.0
4619.4530863235705	2.0	trials	9.0	0.0	0.0	0.0	0.0	0.0	True	5.0	0.0	0.01	"[53474861.52242266 53477178.53140233 53479495.54038199               nan
               nan               nan               nan               nan
               nan               nan               nan               nan
               nan               nan               nan               nan
               nan               nan               nan               nan]"	0.0	0.0	0.0
4626.738967360341	2.0	trials	9.0	0.0	0.0	0.0	0.0	0.0	True	5.0	0.0	0.01	"[53559188.84923662 53561505.85821629 53563822.86719594               nan
               nan               nan               nan               nan
               nan               nan               nan               nan
               nan               nan               nan               nan
               nan               nan               nan               nan]"	0.0	0.0	0.0
4636.733671695284	2.0	trials	9.0	0.0	0.0	0.0	0.0	0.0	True	5.0	0.0	0.01	"[53674868.29755697 53677185.30653663 53679503.31552017               nan
               nan               nan               nan               nan
               nan               nan               nan               nan
               nan               nan               nan               nan
               nan               nan               nan               nan]"	0.0	0.0	0.0
4647.317453513224	2.0	trials	9.0	0.0	0.0	0.0	0.0	0.0	True	5.0	0.0	0.01	"[53797365.77230086 53799682.78128053 53802000.79026405               nan
               nan               nan               nan               nan
               nan               nan               nan               nan
               nan               nan               nan               nan
               nan               nan               nan               nan]"	0.0	0.0	0.0
4658.3634771226025	2.0	trials	9.0	0.0	0.0	0.0	0.0	0.0	True	5.0	0.0	0.01	"[53925213.26777896 53927531.27676251 53929848.28574217               nan
               nan               nan               nan               nan
               nan               nan               nan               nan
               nan               nan               nan               nan
               nan               nan               nan               nan]"	0.0	0.0	0.0
4664.777233179413	2.0	trials	9.0	0.0	0.0	0.0	0.0	0.0	True	5.0	0.0	0.01	"[53999446.55547305 54001763.56445272 54004080.57343239               nan
               nan               nan               nan               nan
               nan               nan               nan               nan
               nan               nan               nan               nan
               nan               nan               nan               nan]"	0.0	0.0	0.0
4675.883045820508	2.0	trials	9.0	0.0	0.0	0.0	0.0	0.0	True	5.0	0.0	0.01	"[54127986.05363305 54130304.06261659 54132621.07159626               nan
               nan               nan               nan               nan
               nan               nan               nan               nan
               nan               nan               nan               nan
               nan               nan               nan               nan]"	0.0	0.0	0.0
4681.794124729169	2.0	trials	9.0	0.0	0.0	0.0	0.0	0.0	True	5.0	0.0	0.01	"[54196402.31878304 54198719.32776271 54201036.33674236               nan
               nan               nan               nan               nan
               nan               nan               nan               nan
               nan               nan               nan               nan
               nan               nan               nan               nan]"	0.0	0.0	0.0
4689.871432833153	2.0	trials	9.0	0.0	0.0	0.0	0.0	0.0	True	5.0	0.0	0.01	"[54289889.68109707 54292206.69007673 54294523.6990564                nan
               nan               nan               nan               nan
               nan               nan               nan               nan
               nan               nan               nan               nan
               nan               nan               nan               nan]"	0.0	0.0	0.0
4739.265035460363	2.0	trials	10.0	0.0	0.0	0.0	0.0	0.0	True	10.0	0.0	0.005	"[54861526.89650008 54862684.90098798 54863842.90547586 54865001.90996763
 54866159.91445553               nan               nan               nan
               nan               nan               nan               nan
               nan               nan               nan               nan
               nan               nan               nan               nan]"	0.0	0.0	0.0
4746.973500534878	2.0	trials	10.0	0.0	0.0	0.0	0.0	0.0	True	10.0	0.0	0.005	"[54950744.24226549 54951904.24676113 54953062.25124903 54954220.25573692
 54955378.26022481               nan               nan               nan
               nan               nan               nan               nan
               nan               nan               nan               nan
               nan               nan               nan               nan]"	0.0	0.0	0.0
4757.854413104363	2.0	trials	10.0	0.0	0.0	0.0	0.0	0.0	True	10.0	0.0	0.005	"[55076680.73033742 55077839.73482918 55078998.73932095 55080156.74380884
 55081315.7483006                nan               nan               nan
               nan               nan               nan               nan
               nan               nan               nan               nan
               nan               nan               nan               nan]"	0.0	0.0	0.0
4766.564776461781	2.0	trials	10.0	0.0	0.0	0.0	0.0	0.0	True	10.0	0.0	0.005	"[55177496.12105151 55178654.1255394  55179814.13003506 55180972.13452294
 55182130.13901084               nan               nan               nan
               nan               nan               nan               nan
               nan               nan               nan               nan
               nan               nan               nan               nan]"	0.0	0.0	0.0
4772.468079340307	2.0	trials	10.0	0.0	0.0	0.0	0.0	0.0	True	10.0	0.0	0.005	"[55245821.38584883 55246980.39034059 55248138.39482848 55249296.39931639
 55250455.40380815               nan               nan               nan
               nan               nan               nan               nan
               nan               nan               nan               nan
               nan               nan               nan               nan]"	0.0	0.0	0.0
4781.840442063335	2.0	trials	10.0	0.0	0.0	0.0	0.0	0.0	True	10.0	0.0	0.005	"[55354296.80624967 55355456.81074531 55356613.81522933 55357772.81972111
 55358931.82421287               nan               nan               nan
               nan               nan               nan               nan
               nan               nan               nan               nan
               nan               nan               nan               nan]"	0.0	0.0	0.0
4791.518229970053	2.0	trials	10.0	0.0	0.0	0.0	0.0	0.0	True	10.0	0.0	0.005	"[55466308.24035449 55467467.24484626 55468626.24933803 55469784.25382592
 55470943.25831769               nan               nan               nan
               nan               nan               nan               nan
               nan               nan               nan               nan
               nan               nan               nan               nan]"	0.0	0.0	0.0
4796.986420762281	2.0	trials	10.0	0.0	0.0	0.0	0.0	0.0	True	10.0	0.0	0.005	"[55529597.48563451 55530756.49012627 55531915.49461804 55533073.49910593
 55534232.50359771               nan               nan               nan
               nan               nan               nan               nan
               nan               nan               nan               nan
               nan               nan               nan               nan]"	0.0	0.0	0.0
4804.837791990636	2.0	trials	10.0	0.0	0.0	0.0	0.0	0.0	True	10.0	0.0	0.005	"[55620469.83781395 55621628.84230573 55622787.8467975  55623946.85128926
 55625105.85578103               nan               nan               nan
               nan               nan               nan               nan
               nan               nan               nan               nan
               nan               nan               nan               nan]"	0.0	0.0	0.0
4810.7839494352465	2.0	trials	10.0	0.0	0.0	0.0	0.0	0.0	True	10.0	0.0	0.005	"[55689292.10453742 55690450.10902531 55691609.11351709 55692768.11800885
 55693927.12250062               nan               nan               nan
               nan               nan               nan               nan
               nan               nan               nan               nan
               nan               nan               nan               nan]"	0.0	0.0	0.0
4821.368595256535	2.0	trials	10.0	0.0	0.0	0.0	0.0	0.0	True	10.0	0.0	0.005	"[55811799.57932007 55812956.58380409 55814116.58829972 55815274.59278761
 55816433.59727939               nan               nan               nan
               nan               nan               nan               nan
               nan               nan               nan               nan
               nan               nan               nan               nan]"	0.0	0.0	0.0
4826.786241852877	2.0	trials	10.0	0.0	0.0	0.0	0.0	0.0	True	10.0	0.0	0.005	"[55874503.82233288 55875662.82682464 55876820.83131254 55877979.83580431
 55879137.8402922                nan               nan               nan
               nan               nan               nan               nan
               nan               nan               nan               nan
               nan               nan               nan               nan]"	0.0	0.0	0.0
4835.858795413981	2.0	trials	10.0	0.0	0.0	0.0	0.0	0.0	True	10.0	0.0	0.005	"[55979510.22928943 55980668.23377732 55981826.23826522 55982985.24275699
 55984143.24724488               nan               nan               nan
               nan               nan               nan               nan
               nan               nan               nan               nan
               nan               nan               nan               nan]"	0.0	0.0	0.0
4842.128867713939	2.0	trials	10.0	0.0	0.0	0.0	0.0	0.0	True	10.0	0.0	0.005	"[56052080.51053847 56053238.51502637 56054397.51951814 56055555.52400603
 56056714.52849779               nan               nan               nan
               nan               nan               nan               nan
               nan               nan               nan               nan
               nan               nan               nan               nan]"	0.0	0.0	0.0
4849.016270406388	2.0	trials	10.0	0.0	0.0	0.0	0.0	0.0	True	10.0	0.0	0.005	"[56131795.81947836 56132953.82396626 56134111.82845414 56135270.83294592
 56136428.83743381               nan               nan               nan
               nan               nan               nan               nan
               nan               nan               nan               nan
               nan               nan               nan               nan]"	0.0	0.0	0.0
4859.90176219362	2.0	trials	10.0	0.0	0.0	0.0	0.0	0.0	True	10.0	0.0	0.005	"[56257785.30775569 56258944.31224746 56260102.31673535 56261260.32122324
 56262420.32571889               nan               nan               nan
               nan               nan               nan               nan
               nan               nan               nan               nan
               nan               nan               nan               nan]"	0.0	0.0	0.0
4869.778702872163	2.0	trials	10.0	0.0	0.0	0.0	0.0	0.0	True	10.0	0.0	0.005	"[56372100.75078978 56373259.75528155 56374418.75977331 56375576.76426121
 56376735.76875298               nan               nan               nan
               nan               nan               nan               nan
               nan               nan               nan               nan
               nan               nan               nan               nan]"	0.0	0.0	0.0
4876.546095499509	2.0	trials	10.0	0.0	0.0	0.0	0.0	0.0	True	10.0	0.0	0.005	"[56450427.05434652 56451586.05883829 56452744.06332618 56453903.06781794
 56455062.07230972               nan               nan               nan
               nan               nan               nan               nan
               nan               nan               nan               nan
               nan               nan               nan               nan]"	0.0	0.0	0.0
4883.546941831615	2.0	trials	10.0	0.0	0.0	0.0	0.0	0.0	True	10.0	0.0	0.005	"[56531455.36837501 56532615.37287065 56533773.37735854 56534932.38185032
 56536090.3863382                nan               nan               nan
               nan               nan               nan               nan
               nan               nan               nan               nan
               nan               nan               nan               nan]"	0.0	0.0	0.0
4891.74348239769	2.0	trials	10.0	0.0	0.0	0.0	0.0	0.0	True	10.0	0.0	0.005	"[56626322.73603731 56627481.74052908 56628639.74501697 56629797.74950486
 56630956.75399663               nan               nan               nan
               nan               nan               nan               nan
               nan               nan               nan               nan
               nan               nan               nan               nan]"	0.0	0.0	0.0
4897.328918444308	2.0	trials	10.0	0.0	0.0	0.0	0.0	0.0	True	10.0	0.0	0.005	"[56690969.98658033 56692127.99106822 56693286.99555998 56694446.00005175
 56695604.00453965               nan               nan               nan
               nan               nan               nan               nan
               nan               nan               nan               nan
               nan               nan               nan               nan]"	0.0	0.0	0.0
4904.582831357185	2.0	trials	10.0	0.0	0.0	0.0	0.0	0.0	True	10.0	0.0	0.005	"[56774927.31196031 56776085.3164482  56777243.32093609 56778402.32542787
 56779560.32991576               nan               nan               nan
               nan               nan               nan               nan
               nan               nan               nan               nan
               nan               nan               nan               nan]"	0.0	0.0	0.0
4914.398341397652	2.0	trials	10.0	0.0	0.0	0.0	0.0	0.0	True	10.0	0.0	0.005	"[56888531.75223889 56889690.75673066 56890849.76122243 56892008.7657142
 56893166.77020209               nan               nan               nan
               nan               nan               nan               nan
               nan               nan               nan               nan
               nan               nan               nan               nan]"	0.0	0.0	0.0
4920.154850107269	2.0	trials	10.0	0.0	0.0	0.0	0.0	0.0	True	10.0	0.0	0.005	"[56955159.0104555  56956317.01494339 56957476.01943516 56958634.02392305
 56959793.02841483               nan               nan               nan
               nan               nan               nan               nan
               nan               nan               nan               nan
               nan               nan               nan               nan]"	0.0	0.0	0.0
4926.2009727393	2.0	trials	10.0	0.0	0.0	0.0	0.0	0.0	True	10.0	0.0	0.005	"[57025137.2816591  57026295.286147   57027454.29063877 57028612.29512666
 57029772.29962231               nan               nan               nan
               nan               nan               nan               nan
               nan               nan               nan               nan
               nan               nan               nan               nan]"	0.0	0.0	0.0
4934.632867817501	2.0	trials	10.0	0.0	0.0	0.0	0.0	0.0	True	10.0	0.0	0.005	"[57122728.65987842 57123886.66436631 57125044.6688542  57126203.67334598
 57127362.67783775               nan               nan               nan
               nan               nan               nan               nan
               nan               nan               nan               nan
               nan               nan               nan               nan]"	0.0	0.0	0.0
4940.908210537885	2.0	trials	10.0	0.0	0.0	0.0	0.0	0.0	True	10.0	0.0	0.005	"[57195358.94136    57196517.94585176 57197675.95033965 57198834.95483142
 57199993.95932321               nan               nan               nan
               nan               nan               nan               nan
               nan               nan               nan               nan
               nan               nan               nan               nan]"	0.0	0.0	0.0
4946.313069884669	2.0	trials	10.0	0.0	0.0	0.0	0.0	0.0	True	10.0	0.0	0.005	"[57257916.1838031  57259075.18829487 57260233.19278276 57261391.19727066
 57262550.20176242               nan               nan               nan
               nan               nan               nan               nan
               nan               nan               nan               nan
               nan               nan               nan               nan]"	0.0	0.0	0.0
4957.091252456018	2.0	trials	10.0	0.0	0.0	0.0	0.0	0.0	True	10.0	0.0	0.005	"[57382663.66726699 57383822.67175876 57384980.67624665 57386139.68073842
 57387297.68522631               nan               nan               nan
               nan               nan               nan               nan
               nan               nan               nan               nan
               nan               nan               nan               nan]"	0.0	0.0	0.0
4962.327544749513	2.0	trials	10.0	0.0	0.0	0.0	0.0	0.0	True	10.0	0.0	0.005	"[57443267.90214115 57444426.90663291 57445585.91112468 57446744.91561645
 57447902.92010433               nan               nan               nan
               nan               nan               nan               nan
               nan               nan               nan               nan
               nan               nan               nan               nan]"	0.0	0.0	0.0
4967.775517863387	2.0	trials	10.0	0.0	0.0	0.0	0.0	0.0	True	10.0	0.0	0.005	"[57506324.14651815 57507482.15100604 57508641.1554978  57509799.15998571
 57510958.16447747               nan               nan               nan
               nan               nan               nan               nan
               nan               nan               nan               nan
               nan               nan               nan               nan]"	0.0	0.0	0.0
5001.8100785659135	2.0	trials	11.0	0.0	0.0	0.0	0.0	0.0	True	20.0	0.0	0.005	"[57900241.67316137 57900821.67540918 57901400.67765313 57901980.67990095
 57902559.6821449  57903137.68438497 57903717.6866328  57904297.68888061
 57904876.69112456 57905454.69336463               nan               nan
               nan               nan               nan               nan
               nan               nan               nan               nan]"	0.0	0.0	0.0
5008.04913314566	2.0	trials	11.0	0.0	0.0	0.0	0.0	0.0	True	20.0	0.0	0.005	"[57972453.95302296 57973032.95526691 57973611.95751086 57974191.95975867
 57974769.96199875 57975349.96424657 57975929.96649438 57976508.96873833
 57977087.97098228 57977666.97322623               nan               nan
               nan               nan               nan               nan
               nan               nan               nan               nan]"	0.0	0.0	0.0
5015.999778358756	2.0	trials	11.0	0.0	0.0	0.0	0.0	0.0	True	20.0	0.0	0.005	"[58064474.30965155 58065054.31189936 58065633.31414331 58066212.31638727
 58066792.31863508 58067371.32087903 58067950.32312298 58068530.32537079
 58069108.32761087 58069687.32985481               nan               nan
               nan               nan               nan               nan
               nan               nan               nan               nan]"	0.0	0.0	0.0
5024.801034868436	2.0	trials	11.0	0.0	0.0	0.0	0.0	0.0	True	20.0	0.0	0.005	"[58166340.70443886 58166919.70668281 58167499.70893062 58168078.71117457
 58168657.71341852 58169236.71566246 58169816.71791028 58170396.72015811
 58170975.72240206 58171554.72464601               nan               nan
               nan               nan               nan               nan
               nan               nan               nan               nan]"	0.0	0.0	0.0
5032.59555467646	2.0	trials	11.0	0.0	0.0	0.0	0.0	0.0	True	20.0	0.0	0.005	"[58256555.05406819 58257134.05631214 58257714.05855995 58258294.06080778
 58258873.06305173 58259452.06529568 58260031.06753962 58260611.06978745
 58261191.07203527 58261769.07427534               nan               nan
               nan               nan               nan               nan
               nan               nan               nan               nan]"	0.0	0.0	0.0
5043.227547881245	2.0	trials	11.0	0.0	0.0	0.0	0.0	0.0	True	20.0	0.0	0.005	"[58379611.53097852 58380191.53322633 58380769.53546642 58381348.53771035
 58381928.53995818 58382507.54220213 58383086.54444607 58383666.54669389
 58384245.54893784 58384824.55118179               nan               nan
               nan               nan               nan               nan
               nan               nan               nan               nan]"	0.0	0.0	0.0
5053.985599174574	2.0	trials	11.0	0.0	0.0	0.0	0.0	0.0	True	20.0	0.0	0.005	"[58504126.0135394  58504705.01578334 58505284.01802729 58505863.02027123
 58506442.02251519 58507022.02476301 58507601.02700696 58508181.02925478
 58508760.03149872 58509339.03374267               nan               nan
               nan               nan               nan               nan
               nan               nan               nan               nan]"	0.0	0.0	0.0
5061.913866700945	2.0	trials	11.0	0.0	0.0	0.0	0.0	0.0	True	20.0	0.0	0.005	"[58595888.3691681  58596467.37141205 58597046.37365599 58597625.37589993
 58598205.37814777 58598784.38039171 58599364.38263953 58599943.38488348
 58600522.38712742 58601101.38937136               nan               nan
               nan               nan               nan               nan
               nan               nan               nan               nan]"	0.0	0.0	0.0
5069.861747103326	2.0	trials	11.0	0.0	0.0	0.0	0.0	0.0	True	20.0	0.0	0.005	"[58687876.72567268 58688456.72792049 58689034.73016057 58689614.73240839
 58690193.73465233 58690773.73690015 58691351.73914023 58691931.74138805
 58692510.743632   58693090.74587981               nan               nan
               nan               nan               nan               nan
               nan               nan               nan               nan]"	0.0	0.0	0.0
5075.910029743727	2.0	trials	11.0	0.0	0.0	0.0	0.0	0.0	True	20.0	0.0	0.005	"[58757880.99697704 58758459.99922098 58759038.00146106 58759618.00370888
 58760198.00595669 58760776.00819677 58761355.01044071 58761935.01268854
 58762514.01493249 58763094.01718031               nan               nan
               nan               nan               nan               nan
               nan               nan               nan               nan]"	0.0	0.0	0.0
5086.487504337223	2.0	trials	11.0	0.0	0.0	0.0	0.0	0.0	True	20.0	0.0	0.005	"[58880305.47143801 58880884.47368196 58881463.47592591 58882043.47817373
 58882622.48041767 58883201.48266162 58883781.48490944 58884360.48715338
 58884940.48940121 58885519.49164516               nan               nan
               nan               nan               nan               nan
               nan               nan               nan               nan]"	0.0	0.0	0.0
5091.864283575182	2.0	trials	11.0	0.0	0.0	0.0	0.0	0.0	True	20.0	0.0	0.005	"[58942536.71261769 58943116.71486551 58943695.71710946 58944273.71934953
 58944853.72159735 58945432.72384129 58946011.72608525 58946591.72833306
 58947170.73057701 58947749.73282096               nan               nan
               nan               nan               nan               nan
               nan               nan               nan               nan]"	0.0	0.0	0.0
5099.261707444242	2.0	trials	11.0	0.0	0.0	0.0	0.0	0.0	True	20.0	0.0	0.005	"[59028153.04442723 59028734.04667893 59029312.04891899 59029892.05116682
 59030471.05341077 59031050.05565471 59031629.05789866 59032209.06014648
 59032788.06239042 59033368.06463826               nan               nan
               nan               nan               nan               nan
               nan               nan               nan               nan]"	0.0	0.0	0.0
5109.756237716283	2.0	trials	11.0	0.0	0.0	0.0	0.0	0.0	True	20.0	0.0	0.005	"[59149618.51517154 59150197.51741549 59150777.51966331 59151356.52190726
 59151936.52415508 59152515.52639903 59153095.52864684 59153674.53089079
 59154252.53313086 59154832.53537869               nan               nan
               nan               nan               nan               nan
               nan               nan               nan               nan]"	0.0	0.0	0.0
5119.910437069357	2.0	trials	11.0	0.0	0.0	0.0	0.0	0.0	True	20.0	0.0	0.005	"[59267144.97065005 59267723.97289399 59268302.97513794 59268881.97738189
 59269461.9796297  59270040.98187365 59270619.9841176  59271198.98636155
 59271778.98860937 59272357.99085332               nan               nan
               nan               nan               nan               nan
               nan               nan               nan               nan]"	0.0	0.0	0.0
5129.198645866242	2.0	trials	11.0	0.0	0.0	0.0	0.0	0.0	True	20.0	0.0	0.005	"[59374647.38727998 59375226.38952392 59375805.39176787 59376384.39401183
 59376964.39625964 59377543.39850359 59378122.40074754 59378701.40299148
 59379281.4052393  59379860.40748325               nan               nan
               nan               nan               nan               nan
               nan               nan               nan               nan]"	0.0	0.0	0.0
5136.4324275010995	2.0	trials	11.0	0.0	0.0	0.0	0.0	0.0	True	20.0	0.0	0.005	"[59458371.71175697 59458950.71400091 59459529.71624486 59460108.7184888
 59460688.72073664 59461267.72298059 59461846.72522451 59462425.72746846
 59463004.72971241 59463584.73196024               nan               nan
               nan               nan               nan               nan
               nan               nan               nan               nan]"	0.0	0.0	0.0
5141.838237251568	2.0	trials	11.0	0.0	0.0	0.0	0.0	0.0	True	20.0	0.0	0.005	"[59520938.95423883 59521517.95648278 59522096.95872673 59522675.96097068
 59523255.96321849 59523834.96546244 59524413.96770639 59524992.96995033
 59525572.97219815 59526151.9744421                nan               nan
               nan               nan               nan               nan
               nan               nan               nan               nan]"	0.0	0.0	0.0
5152.614519015549	2.0	trials	11.0	0.0	0.0	0.0	0.0	0.0	True	20.0	0.0	0.005	"[59645663.43761358 59646242.43985753 59646822.44210535 59647401.44434929
 59647980.44659324 59648560.44884107 59649139.451085   59649718.45332895
 59650297.4555729  59650877.45782074               nan               nan
               nan               nan               nan               nan
               nan               nan               nan               nan]"	0.0	0.0	0.0
5158.698657794914	2.0	trials	11.0	0.0	0.0	0.0	0.0	0.0	True	20.0	0.0	0.005	"[59716082.7105263  59716661.71277025 59717240.7150142  59717819.71725815
 59718399.71950597 59718978.72174992 59719558.72399774 59720136.72623781
 59720716.72848563 59721295.73072957               nan               nan
               nan               nan               nan               nan
               nan               nan               nan               nan]"	0.0	0.0	0.0
5168.234835552815	2.0	trials	11.0	0.0	0.0	0.0	0.0	0.0	True	20.0	0.0	0.005	"[59826455.1382791  59827034.14052303 59827613.14276697 59828193.14501481
 59828772.14725875 59829351.14950269 59829930.15174664 59830509.15399059
 59831089.1562384  59831668.15848235               nan               nan
               nan               nan               nan               nan
               nan               nan               nan               nan]"	0.0	0.0	0.0
5179.2260813499	2.0	trials	11.0	0.0	0.0	0.0	0.0	0.0	True	20.0	0.0	0.005	"[59953668.63130009 59954247.63354404 59954826.63578798 59955405.63803193
 59955984.64027588 59956564.64252371 59957142.64476378 59957722.64701159
 59958302.64925942 59958881.65150335               nan               nan
               nan               nan               nan               nan
               nan               nan               nan               nan]"	0.0	0.0	0.0
5189.419247253989	2.0	trials	11.0	0.0	0.0	0.0	0.0	0.0	True	20.0	0.0	0.005	"[60071644.08851872 60072223.09076267 60072803.09301049 60073382.09525443
 60073961.09749838 60074541.0997462  60075120.10199016 60075699.10423409
 60076279.10648192 60076859.10872974               nan               nan
               nan               nan               nan               nan
               nan               nan               nan               nan]"	0.0	0.0	0.0
5200.303097434858	2.0	trials	11.0	0.0	0.0	0.0	0.0	0.0	True	20.0	0.0	0.005	"[60197614.57672241 60198194.57897024 60198773.58121418 60199353.583462
 60199932.58570595 60200511.58794989 60201090.59019385 60201669.59243778
 60202249.59468561 60202829.59693342               nan               nan
               nan               nan               nan               nan
               nan               nan               nan               nan]"	0.0	0.0	0.0
5207.424645034747	2.0	trials	11.0	0.0	0.0	0.0	0.0	0.0	True	20.0	0.0	0.005	"[60280040.89616892 60280620.89841675 60281198.90065681 60281778.90290465
 60282356.90514471 60282937.90739641 60283515.90963648 60284095.91188431
 60284674.91412825 60285254.91637608               nan               nan
               nan               nan               nan               nan
               nan               nan               nan               nan]"	0.0	0.0	0.0
5213.7483719426455	2.0	trials	11.0	0.0	0.0	0.0	0.0	0.0	True	20.0	0.0	0.005	"[60353232.17982469 60353811.18206864 60354390.18431258 60354969.18655653
 60355549.18880435 60356128.19104829 60356707.19329225 60357287.19554006
 60357866.19778401 60358445.20002796               nan               nan
               nan               nan               nan               nan
               nan               nan               nan               nan]"	0.0	0.0	0.0
5219.724683104118	2.0	trials	11.0	0.0	0.0	0.0	0.0	0.0	True	20.0	0.0	0.005	"[60422402.44789684 60422981.45014079 60423560.45238473 60424139.45462868
 60424719.45687651 60425298.45912044 60425877.4613644  60426457.46361222
 60427035.46585228 60427616.468104                 nan               nan
               nan               nan               nan               nan
               nan               nan               nan               nan]"	0.0	0.0	0.0
5225.563012930837	2.0	trials	11.0	0.0	0.0	0.0	0.0	0.0	True	20.0	0.0	0.005	"[60489975.70977974 60490554.71202368 60491132.71426376 60491712.71651157
 60492291.71875552 60492871.72100334 60493449.72324342 60494029.72549123
 60494609.72773907 60495188.72998301               nan               nan
               nan               nan               nan               nan
               nan               nan               nan               nan]"	0.0	0.0	0.0
5235.264906530979	2.0	trials	11.0	0.0	0.0	0.0	0.0	0.0	True	20.0	0.0	0.005	"[60602265.14496196 60602845.14720978 60603424.14945373 60604003.15169767
 60604583.15394549 60605162.15618944 60605741.15843339 60606320.16067734
 60606899.16292127 60607479.1651691                nan               nan
               nan               nan               nan               nan
               nan               nan               nan               nan]"	0.0	0.0	0.0
5241.847920843757	2.0	trials	11.0	0.0	0.0	0.0	0.0	0.0	True	20.0	0.0	0.005	"[60678457.44024826 60679037.44249609 60679617.44474391 60680196.44698785
 60680775.4492318  60681355.45147962 60681933.45371969 60682513.45596752
 60683092.45821147 60683671.4604554                nan               nan
               nan               nan               nan               nan
               nan               nan               nan               nan]"	0.0	0.0	0.0
5287.506264194794	2.0	trials	12.0	0.0	0.0	0.0	0.0	0.0	True	0.0	0.0	0.0	"[nan nan nan nan nan nan nan nan nan nan nan nan nan nan nan nan nan nan
 nan nan]"	0.0	0.0	0.0
5294.970734723698	2.0	trials	12.0	0.0	0.0	0.0	0.0	0.0	True	0.0	0.0	0.0	"[nan nan nan nan nan nan nan nan nan nan nan nan nan nan nan nan nan nan
 nan nan]"	0.0	0.0	0.0
5306.598146186273	2.0	trials	12.0	0.0	0.0	0.0	0.0	0.0	True	0.0	0.0	0.0	"[nan nan nan nan nan nan nan nan nan nan nan nan nan nan nan nan nan nan
 nan nan]"	0.0	0.0	0.0
5313.37875806485	2.0	trials	12.0	0.0	0.0	0.0	0.0	0.0	True	0.0	0.0	0.0	"[nan nan nan nan nan nan nan nan nan nan nan nan nan nan nan nan nan nan
 nan nan]"	0.0	0.0	0.0
5325.139053242422	2.0	trials	12.0	0.0	0.0	0.0	0.0	0.0	True	0.0	0.0	0.0	"[nan nan nan nan nan nan nan nan nan nan nan nan nan nan nan nan nan nan
 nan nan]"	0.0	0.0	0.0
5334.54061927863	2.0	trials	12.0	0.0	0.0	0.0	0.0	0.0	True	0.0	0.0	0.0	"[nan nan nan nan nan nan nan nan nan nan nan nan nan nan nan nan nan nan
 nan nan]"	0.0	0.0	0.0
5344.41090713139	2.0	trials	12.0	0.0	0.0	0.0	0.0	0.0	True	0.0	0.0	0.0	"[nan nan nan nan nan nan nan nan nan nan nan nan nan nan nan nan nan nan
 nan nan]"	0.0	0.0	0.0
5354.305127876904	2.0	trials	12.0	0.0	0.0	0.0	0.0	0.0	True	0.0	0.0	0.0	"[nan nan nan nan nan nan nan nan nan nan nan nan nan nan nan nan nan nan
 nan nan]"	0.0	0.0	0.0
5360.72484555682	2.0	trials	12.0	0.0	0.0	0.0	0.0	0.0	True	0.0	0.0	0.0	"[nan nan nan nan nan nan nan nan nan nan nan nan nan nan nan nan nan nan
 nan nan]"	0.0	0.0	0.0
5370.613104679228	2.0	trials	12.0	0.0	0.0	0.0	0.0	0.0	True	0.0	0.0	0.0	"[nan nan nan nan nan nan nan nan nan nan nan nan nan nan nan nan nan nan
 nan nan]"	0.0	0.0	0.0
5376.895359426399	2.0	trials	12.0	0.0	0.0	0.0	0.0	0.0	True	0.0	0.0	0.0	"[nan nan nan nan nan nan nan nan nan nan nan nan nan nan nan nan nan nan
 nan nan]"	0.0	0.0	0.0
5384.1377810947415	2.0	trials	12.0	0.0	0.0	0.0	0.0	0.0	True	0.0	0.0	0.0	"[nan nan nan nan nan nan nan nan nan nan nan nan nan nan nan nan nan nan
 nan nan]"	0.0	0.0	0.0
5393.802781751902	2.0	trials	12.0	0.0	0.0	0.0	0.0	0.0	True	0.0	0.0	0.0	"[nan nan nan nan nan nan nan nan nan nan nan nan nan nan nan nan nan nan
 nan nan]"	0.0	0.0	0.0
5405.08398707274	2.0	trials	12.0	0.0	0.0	0.0	0.0	0.0	True	0.0	0.0	0.0	"[nan nan nan nan nan nan nan nan nan nan nan nan nan nan nan nan nan nan
 nan nan]"	0.0	0.0	0.0
5411.77379219939	2.0	trials	12.0	0.0	0.0	0.0	0.0	0.0	True	0.0	0.0	0.0	"[nan nan nan nan nan nan nan nan nan nan nan nan nan nan nan nan nan nan
 nan nan]"	0.0	0.0	0.0
5420.174151155374	2.0	trials	12.0	0.0	0.0	0.0	0.0	0.0	True	0.0	0.0	0.0	"[nan nan nan nan nan nan nan nan nan nan nan nan nan nan nan nan nan nan
 nan nan]"	0.0	0.0	0.0
5431.951726399915	2.0	trials	12.0	0.0	0.0	0.0	0.0	0.0	True	0.0	0.0	0.0	"[nan nan nan nan nan nan nan nan nan nan nan nan nan nan nan nan nan nan
 nan nan]"	0.0	0.0	0.0
5440.771818182592	2.0	trials	12.0	0.0	0.0	0.0	0.0	0.0	True	0.0	0.0	0.0	"[nan nan nan nan nan nan nan nan nan nan nan nan nan nan nan nan nan nan
 nan nan]"	0.0	0.0	0.0
5448.907705713603	2.0	trials	12.0	0.0	0.0	0.0	0.0	0.0	True	0.0	0.0	0.0	"[nan nan nan nan nan nan nan nan nan nan nan nan nan nan nan nan nan nan
 nan nan]"	0.0	0.0	0.0
5455.087576063978	2.0	trials	12.0	0.0	0.0	0.0	0.0	0.0	True	0.0	0.0	0.0	"[nan nan nan nan nan nan nan nan nan nan nan nan nan nan nan nan nan nan
 nan nan]"	0.0	0.0	0.0
5464.915354951993	2.0	trials	12.0	0.0	0.0	0.0	0.0	0.0	True	0.0	0.0	0.0	"[nan nan nan nan nan nan nan nan nan nan nan nan nan nan nan nan nan nan
 nan nan]"	0.0	0.0	0.0
5472.673586619382	2.0	trials	12.0	0.0	0.0	0.0	0.0	0.0	True	0.0	0.0	0.0	"[nan nan nan nan nan nan nan nan nan nan nan nan nan nan nan nan nan nan
 nan nan]"	0.0	0.0	0.0
5478.836176902788	2.0	trials	12.0	0.0	0.0	0.0	0.0	0.0	True	0.0	0.0	0.0	"[nan nan nan nan nan nan nan nan nan nan nan nan nan nan nan nan nan nan
 nan nan]"	0.0	0.0	0.0
5487.2480271033055	2.0	trials	12.0	0.0	0.0	0.0	0.0	0.0	True	0.0	0.0	0.0	"[nan nan nan nan nan nan nan nan nan nan nan nan nan nan nan nan nan nan
 nan nan]"	0.0	0.0	0.0
5495.449838089806	2.0	trials	12.0	0.0	0.0	0.0	0.0	0.0	True	0.0	0.0	0.0	"[nan nan nan nan nan nan nan nan nan nan nan nan nan nan nan nan nan nan
 nan nan]"	0.0	0.0	0.0
5507.1505170363325	2.0	trials	12.0	0.0	0.0	0.0	0.0	0.0	True	0.0	0.0	0.0	"[nan nan nan nan nan nan nan nan nan nan nan nan nan nan nan nan nan nan
 nan nan]"	0.0	0.0	0.0
5513.695688002447	2.0	trials	12.0	0.0	0.0	0.0	0.0	0.0	True	0.0	0.0	0.0	"[nan nan nan nan nan nan nan nan nan nan nan nan nan nan nan nan nan nan
 nan nan]"	0.0	0.0	0.0
5520.289847958422	2.0	trials	12.0	0.0	0.0	0.0	0.0	0.0	True	0.0	0.0	0.0	"[nan nan nan nan nan nan nan nan nan nan nan nan nan nan nan nan nan nan
 nan nan]"	0.0	0.0	0.0
5531.2339191726805	2.0	trials	12.0	0.0	0.0	0.0	0.0	0.0	True	0.0	0.0	0.0	"[nan nan nan nan nan nan nan nan nan nan nan nan nan nan nan nan nan nan
 nan nan]"	0.0	0.0	0.0
5542.789877558335	2.0	trials	12.0	0.0	0.0	0.0	0.0	0.0	True	0.0	0.0	0.0	"[nan nan nan nan nan nan nan nan nan nan nan nan nan nan nan nan nan nan
 nan nan]"	0.0	0.0	0.0
