onset	duration	nwb_table	Block	sound	sound_puretone	sound_bluenoise	sound_freq	sound_amp	optogenetics	opto_freq	opto_power	opto_pulse_duration	opto_pulse_ts	airpuff	airpuff_duration	airpuff_amp
308.93870237025004	2.0	trials	1.0	1.0	1.0	0.0	10000.0	1.0	False	0.0	0.0	0.0	"[nan nan nan nan nan nan nan nan nan nan nan nan nan nan nan nan nan nan
 nan nan]"	0.0	0.0	0.0
314.4519540708708	2.0	trials	1.0	1.0	1.0	0.0	10000.0	1.0	False	0.0	0.0	0.0	"[nan nan nan nan nan nan nan nan nan nan nan nan nan nan nan nan nan nan
 nan nan]"	0.0	0.0	0.0
325.2158887626703	2.0	trials	1.0	1.0	1.0	0.0	10000.0	1.0	False	0.0	0.0	0.0	"[nan nan nan nan nan nan nan nan nan nan nan nan nan nan nan nan nan nan
 nan nan]"	0.0	0.0	0.0
334.683741450411	2.0	trials	1.0	1.0	1.0	0.0	10000.0	1.0	False	0.0	0.0	0.0	"[nan nan nan nan nan nan nan nan nan nan nan nan nan nan nan nan nan nan
 nan nan]"	0.0	0.0	0.0
342.1177450363883	2.0	trials	1.0	1.0	1.0	0.0	10000.0	1.0	False	0.0	0.0	0.0	"[nan nan nan nan nan nan nan nan nan nan nan nan nan nan nan nan nan nan
 nan nan]"	0.0	0.0	0.0
348.1178590857106	2.0	trials	1.0	1.0	1.0	0.0	10000.0	1.0	False	0.0	0.0	0.0	"[nan nan nan nan nan nan nan nan nan nan nan nan nan nan nan nan nan nan
 nan nan]"	0.0	0.0	0.0
355.6357567871431	2.0	trials	1.0	1.0	1.0	0.0	10000.0	1.0	False	0.0	0.0	0.0	"[nan nan nan nan nan nan nan nan nan nan nan nan nan nan nan nan nan nan
 nan nan]"	0.0	0.0	0.0
364.34856243578815	2.0	trials	1.0	1.0	1.0	0.0	10000.0	1.0	False	0.0	0.0	0.0	"[nan nan nan nan nan nan nan nan nan nan nan nan nan nan nan nan nan nan
 nan nan]"	0.0	0.0	0.0
373.22189873995893	2.0	trials	1.0	1.0	1.0	0.0	10000.0	1.0	False	0.0	0.0	0.0	"[nan nan nan nan nan nan nan nan nan nan nan nan nan nan nan nan nan nan
 nan nan]"	0.0	0.0	0.0
383.01444152644325	2.0	trials	1.0	1.0	1.0	0.0	10000.0	1.0	False	0.0	0.0	0.0	"[nan nan nan nan nan nan nan nan nan nan nan nan nan nan nan nan nan nan
 nan nan]"	0.0	0.0	0.0
388.3661257750547	2.0	trials	1.0	1.0	1.0	0.0	10000.0	1.0	False	0.0	0.0	0.0	"[nan nan nan nan nan nan nan nan nan nan nan nan nan nan nan nan nan nan
 nan nan]"	0.0	0.0	0.0
397.06882265798583	2.0	trials	1.0	1.0	1.0	0.0	10000.0	1.0	False	0.0	0.0	0.0	"[nan nan nan nan nan nan nan nan nan nan nan nan nan nan nan nan nan nan
 nan nan]"	0.0	0.0	0.0
407.5790878101603	2.0	trials	1.0	1.0	1.0	0.0	10000.0	1.0	False	0.0	0.0	0.0	"[nan nan nan nan nan nan nan nan nan nan nan nan nan nan nan nan nan nan
 nan nan]"	0.0	0.0	0.0
416.1644538910441	2.0	trials	1.0	1.0	1.0	0.0	10000.0	1.0	False	0.0	0.0	0.0	"[nan nan nan nan nan nan nan nan nan nan nan nan nan nan nan nan nan nan
 nan nan]"	0.0	0.0	0.0
424.7919830289228	2.0	trials	1.0	1.0	1.0	0.0	10000.0	1.0	False	0.0	0.0	0.0	"[nan nan nan nan nan nan nan nan nan nan nan nan nan nan nan nan nan nan
 nan nan]"	0.0	0.0	0.0
435.2560243378753	2.0	trials	1.0	1.0	1.0	0.0	10000.0	1.0	False	0.0	0.0	0.0	"[nan nan nan nan nan nan nan nan nan nan nan nan nan nan nan nan nan nan
 nan nan]"	0.0	0.0	0.0
443.96710199238123	2.0	trials	1.0	1.0	1.0	0.0	10000.0	1.0	False	0.0	0.0	0.0	"[nan nan nan nan nan nan nan nan nan nan nan nan nan nan nan nan nan nan
 nan nan]"	0.0	0.0	0.0
450.8622306060691	2.0	trials	1.0	1.0	1.0	0.0	10000.0	1.0	False	0.0	0.0	0.0	"[nan nan nan nan nan nan nan nan nan nan nan nan nan nan nan nan nan nan
 nan nan]"	0.0	0.0	0.0
457.7263417249594	2.0	trials	1.0	1.0	1.0	0.0	10000.0	1.0	False	0.0	0.0	0.0	"[nan nan nan nan nan nan nan nan nan nan nan nan nan nan nan nan nan nan
 nan nan]"	0.0	0.0	0.0
465.1781436505699	2.0	trials	1.0	1.0	1.0	0.0	10000.0	1.0	False	0.0	0.0	0.0	"[nan nan nan nan nan nan nan nan nan nan nan nan nan nan nan nan nan nan
 nan nan]"	0.0	0.0	0.0
472.5941760975003	2.0	trials	1.0	1.0	1.0	0.0	10000.0	1.0	False	0.0	0.0	0.0	"[nan nan nan nan nan nan nan nan nan nan nan nan nan nan nan nan nan nan
 nan nan]"	0.0	0.0	0.0
483.6109163318555	2.0	trials	1.0	1.0	1.0	0.0	10000.0	1.0	False	0.0	0.0	0.0	"[nan nan nan nan nan nan nan nan nan nan nan nan nan nan nan nan nan nan
 nan nan]"	0.0	0.0	0.0
491.2909862832459	2.0	trials	1.0	1.0	1.0	0.0	10000.0	1.0	False	0.0	0.0	0.0	"[nan nan nan nan nan nan nan nan nan nan nan nan nan nan nan nan nan nan
 nan nan]"	0.0	0.0	0.0
499.87047718405665	2.0	trials	1.0	1.0	1.0	0.0	10000.0	1.0	False	0.0	0.0	0.0	"[nan nan nan nan nan nan nan nan nan nan nan nan nan nan nan nan nan nan
 nan nan]"	0.0	0.0	0.0
507.86797965880635	2.0	trials	1.0	1.0	1.0	0.0	10000.0	1.0	False	0.0	0.0	0.0	"[nan nan nan nan nan nan nan nan nan nan nan nan nan nan nan nan nan nan
 nan nan]"	0.0	0.0	0.0
515.8060391351696	2.0	trials	1.0	1.0	1.0	0.0	10000.0	1.0	False	0.0	0.0	0.0	"[nan nan nan nan nan nan nan nan nan nan nan nan nan nan nan nan nan nan
 nan nan]"	0.0	0.0	0.0
522.0344212102718	2.0	trials	1.0	1.0	1.0	0.0	10000.0	1.0	False	0.0	0.0	0.0	"[nan nan nan nan nan nan nan nan nan nan nan nan nan nan nan nan nan nan
 nan nan]"	0.0	0.0	0.0
527.9381995863373	2.0	trials	1.0	1.0	1.0	0.0	10000.0	1.0	False	0.0	0.0	0.0	"[nan nan nan nan nan nan nan nan nan nan nan nan nan nan nan nan nan nan
 nan nan]"	0.0	0.0	0.0
535.9723355368367	2.0	trials	1.0	1.0	1.0	0.0	10000.0	1.0	False	0.0	0.0	0.0	"[nan nan nan nan nan nan nan nan nan nan nan nan nan nan nan nan nan nan
 nan nan]"	0.0	0.0	0.0
542.422246460576	2.0	trials	1.0	1.0	1.0	0.0	10000.0	1.0	False	0.0	0.0	0.0	"[nan nan nan nan nan nan nan nan nan nan nan nan nan nan nan nan nan nan
 nan nan]"	0.0	0.0	0.0
550.1718681760667	2.0	trials	1.0	1.0	1.0	0.0	10000.0	1.0	False	0.0	0.0	0.0	"[nan nan nan nan nan nan nan nan nan nan nan nan nan nan nan nan nan nan
 nan nan]"	0.0	0.0	0.0
560.626319117547	2.0	trials	1.0	1.0	1.0	0.0	10000.0	1.0	False	0.0	0.0	0.0	"[nan nan nan nan nan nan nan nan nan nan nan nan nan nan nan nan nan nan
 nan nan]"	0.0	0.0	0.0
568.3124370484244	2.0	trials	1.0	1.0	1.0	0.0	10000.0	1.0	False	0.0	0.0	0.0	"[nan nan nan nan nan nan nan nan nan nan nan nan nan nan nan nan nan nan
 nan nan]"	0.0	0.0	0.0
574.5407327238196	2.0	trials	1.0	1.0	1.0	0.0	10000.0	1.0	False	0.0	0.0	0.0	"[nan nan nan nan nan nan nan nan nan nan nan nan nan nan nan nan nan nan
 nan nan]"	0.0	0.0	0.0
581.7526026632111	2.0	trials	1.0	1.0	1.0	0.0	10000.0	1.0	False	0.0	0.0	0.0	"[nan nan nan nan nan nan nan nan nan nan nan nan nan nan nan nan nan nan
 nan nan]"	0.0	0.0	0.0
588.7543485152836	2.0	trials	1.0	1.0	1.0	0.0	10000.0	1.0	False	0.0	0.0	0.0	"[nan nan nan nan nan nan nan nan nan nan nan nan nan nan nan nan nan nan
 nan nan]"	0.0	0.0	0.0
596.866157802337	2.0	trials	1.0	1.0	1.0	0.0	10000.0	1.0	False	0.0	0.0	0.0	"[nan nan nan nan nan nan nan nan nan nan nan nan nan nan nan nan nan nan
 nan nan]"	0.0	0.0	0.0
607.9423410350786	2.0	trials	1.0	1.0	1.0	0.0	10000.0	1.0	False	0.0	0.0	0.0	"[nan nan nan nan nan nan nan nan nan nan nan nan nan nan nan nan nan nan
 nan nan]"	0.0	0.0	0.0
617.9324799513731	2.0	trials	1.0	1.0	1.0	0.0	10000.0	1.0	False	0.0	0.0	0.0	"[nan nan nan nan nan nan nan nan nan nan nan nan nan nan nan nan nan nan
 nan nan]"	0.0	0.0	0.0
625.6185978822504	2.0	trials	1.0	1.0	1.0	0.0	10000.0	1.0	False	0.0	0.0	0.0	"[nan nan nan nan nan nan nan nan nan nan nan nan nan nan nan nan nan nan
 nan nan]"	0.0	0.0	0.0
634.4682606667151	2.0	trials	1.0	1.0	1.0	0.0	10000.0	1.0	False	0.0	0.0	0.0	"[nan nan nan nan nan nan nan nan nan nan nan nan nan nan nan nan nan nan
 nan nan]"	0.0	0.0	0.0
641.3024774869984	2.0	trials	1.0	1.0	1.0	0.0	10000.0	1.0	False	0.0	0.0	0.0	"[nan nan nan nan nan nan nan nan nan nan nan nan nan nan nan nan nan nan
 nan nan]"	0.0	0.0	0.0
647.5665426410736	2.0	trials	1.0	1.0	1.0	0.0	10000.0	1.0	False	0.0	0.0	0.0	"[nan nan nan nan nan nan nan nan nan nan nan nan nan nan nan nan nan nan
 nan nan]"	0.0	0.0	0.0
656.7106556268471	2.0	trials	1.0	1.0	1.0	0.0	10000.0	1.0	False	0.0	0.0	0.0	"[nan nan nan nan nan nan nan nan nan nan nan nan nan nan nan nan nan nan
 nan nan]"	0.0	0.0	0.0
666.1334076675563	2.0	trials	1.0	1.0	1.0	0.0	10000.0	1.0	False	0.0	0.0	0.0	"[nan nan nan nan nan nan nan nan nan nan nan nan nan nan nan nan nan nan
 nan nan]"	0.0	0.0	0.0
675.2323336065913	2.0	trials	1.0	1.0	1.0	0.0	10000.0	1.0	False	0.0	0.0	0.0	"[nan nan nan nan nan nan nan nan nan nan nan nan nan nan nan nan nan nan
 nan nan]"	0.0	0.0	0.0
684.2446006395486	2.0	trials	1.0	1.0	1.0	0.0	10000.0	1.0	False	0.0	0.0	0.0	"[nan nan nan nan nan nan nan nan nan nan nan nan nan nan nan nan nan nan
 nan nan]"	0.0	0.0	0.0
695.332966230971	2.0	trials	1.0	1.0	1.0	0.0	10000.0	1.0	False	0.0	0.0	0.0	"[nan nan nan nan nan nan nan nan nan nan nan nan nan nan nan nan nan nan
 nan nan]"	0.0	0.0	0.0
703.5710918895954	2.0	trials	1.0	1.0	1.0	0.0	10000.0	1.0	False	0.0	0.0	0.0	"[nan nan nan nan nan nan nan nan nan nan nan nan nan nan nan nan nan nan
 nan nan]"	0.0	0.0	0.0
712.4086587150862	2.0	trials	1.0	1.0	1.0	0.0	10000.0	1.0	False	0.0	0.0	0.0	"[nan nan nan nan nan nan nan nan nan nan nan nan nan nan nan nan nan nan
 nan nan]"	0.0	0.0	0.0
810.6646518587456	2.0	trials	2.0	1.0	1.0	0.0	10000.0	1.0	True	40.0	0.0	0.005	"[9390804.70227299 9391093.70129279 9391383.70030919 9391672.69932899
 9391962.69834539 9392252.6973618  9392542.6963782  9392831.695398
 9393121.6944144  9393410.69343419 9393700.6924506  9393990.691467
 9394279.6904868  9394569.6895032  9394859.68851961 9395149.68753601
 9395437.6865592  9395727.6855756  9396016.6845954  9396306.6836118 ]"	0.0	0.0	0.0
820.6247236770192	2.0	trials	2.0	1.0	1.0	0.0	10000.0	1.0	True	40.0	0.0	0.005	"[9506082.31128344 9506372.31029984 9506661.30931964 9506951.30833604
 9507241.30735245 9507530.30637224 9507820.30538865 9508110.30440505
 9508400.30342146 9508689.30244125 9508980.30145426 9509268.30047745
 9509558.29949385 9509847.29851365 9510137.29753006 9510427.29654646
 9510717.29556286 9511006.29458266 9511296.29359906 9511585.29261886]"	0.0	0.0	0.0
829.9008554150224	2.0	trials	2.0	1.0	1.0	0.0	10000.0	1.0	True	40.0	0.0	0.005	"[9613444.94713927 9613734.94615568 9614025.94516869 9614314.94418849
 9614603.94320828 9614892.94222808 9615183.94124109 9615472.94026089
 9615761.93928068 9616051.93829709 9616340.93731688 9616630.93633329
 9616921.9353463  9617211.9343627  9617499.93338589 9617789.93240229
 9618079.9314187  9618369.9304351  9618658.9294549  9618948.9284713 ]"	0.0	0.0	0.0
840.677231664624	2.0	trials	2.0	1.0	1.0	0.0	10000.0	1.0	True	40.0	0.0	0.005	"[9738172.52409806 9738461.52311786 9738751.52213426 9739040.52115406
 9739330.52017046 9739619.51919026 9739909.51820666 9740199.51722307
 9740488.51624286 9740778.51525927 9741068.51427567 9741357.51329547
 9741648.51230848 9741937.51132827 9742226.51034807 9742515.50936787
 9742805.50838427 9743096.50739728 9743384.50642047 9743675.50543348]"	0.0	0.0	0.0
850.2694135306753	2.0	trials	2.0	1.0	1.0	0.0	10000.0	1.0	True	40.0	0.0	0.005	"[9849192.14755041 9849482.14656682 9849772.14558322 9850061.14460302
 9850350.14362281 9850640.14263922 9850931.14165223 9851219.14067542
 9851510.13968843 9851799.13870822 9852089.13772463 9852379.13674103
 9852668.13576083 9852958.13477723 9853247.13379703 9853537.13281343
 9853826.13183323 9854117.13084624 9854406.12986604 9854696.12888244]"	0.0	0.0	0.0
860.2374341219887	2.0	trials	2.0	1.0	1.0	0.0	10000.0	1.0	True	40.0	0.0	0.005	"[9964563.75624204 9964852.75526184 9965141.75428163 9965432.75329465
 9965721.75231444 9966011.75133085 9966301.75034725 9966590.74936705
 9966880.74838345 9967170.74739985 9967459.74641965 9967748.74543945
 9968038.74445585 9968329.74346886 9968618.74248866 9968907.74150845
 9969197.74052486 9969487.73954126 9969776.73856106 9970066.73757746]"	0.0	0.0	0.0
871.2976334089434	2.0	trials	2.0	1.0	1.0	0.0	10000.0	1.0	True	40.0	0.0	0.005	"[10092574.32206585 10092865.32107886 10093154.32009866 10093443.31911845
 10093733.31813486 10094023.31715126 10094312.31617106 10094602.31518746
 10094891.31420725 10095181.31322366 10095472.31223667 10095760.31125986
 10096051.31027287 10096340.30929267 10096630.30830907 10096919.30732887
 10097209.30634527 10097499.30536168 10097788.30438147 10098078.30339788]"	0.0	0.0	0.0
878.5129593366131	2.0	trials	2.0	1.0	1.0	0.0	10000.0	1.0	True	40.0	0.0	0.005	"[10176084.03882414 10176375.03783715 10176664.03685695 10176954.03587335
 10177244.03488976 10177533.03390955 10177824.03292257 10178112.03194575
 10178403.03095877 10178692.02997856 10178982.02899497 10179272.02801137
 10179561.02703117 10179850.02605096 10180140.02506736 10180430.02408377
 10180719.02310357 10181009.02211997 10181300.02113298 10181589.02015278]"	0.0	0.0	0.0
887.4291498954345	2.0	trials	2.0	1.0	1.0	0.0	10000.0	1.0	True	40.0	0.0	0.005	"[10279281.68880645 10279571.68782285 10279861.68683926 10280151.68585566
 10280440.68487546 10280730.68389186 10281019.68291165 10281309.68192806
 10281599.68094447 10281888.67996426 10282179.67897727 10282468.67799707
 10282758.67701347 10283048.67602988 10283336.67505306 10283626.67406947
 10283916.67308587 10284206.67210228 10284496.67111868 10284785.67013848]"	0.0	0.0	0.0
893.3260162949434	2.0	trials	2.0	1.0	1.0	0.0	10000.0	1.0	True	40.0	0.0	0.005	"[10347532.45731885 10347822.45633525 10348112.45535165 10348402.45436806
 10348691.45338785 10348980.45240765 10349271.45142066 10349560.45044046
 10349849.44946025 10350139.44847666 10350429.44749306 10350719.44650947
 10351008.44552926 10351297.44454906 10351588.44356207 10351877.44258187
 10352167.44159827 10352457.44061467 10352746.43963447 10353036.43865087]"	0.0	0.0	0.0
904.3798220035831	2.0	trials	2.0	1.0	1.0	0.0	10000.0	1.0	True	40.0	0.0	0.005	"[10475470.02339024 10475760.02240665 10476049.02142645 10476339.02044285
 10476628.01946265 10476918.01847905 10477208.01749545 10477498.01651186
 10477788.01552826 10478077.01454806 10478366.01356785 10478656.01258426
 10478946.01160066 10479236.01061707 10479525.00963686 10479814.00865666
 10480105.00766967 10480394.00668947 10480684.00570587 10480974.00472227]"	0.0	0.0	0.0
915.485208337276	2.0	trials	2.0	1.0	1.0	0.0	10000.0	1.0	True	40.0	0.0	0.005	"[10604005.5874334  10604294.5864532  10604583.585473   10604874.58448601
 10605163.5835058  10605452.5825256  10605742.581542   10606032.58055841
 10606321.5795782  10606612.57859121 10606901.57761101 10607190.57663081
 10607480.57564721 10607769.57466701 10608059.57368341 10608348.57270321
 10608638.57171961 10608928.57073602 10609218.56975242 10609508.56876882]"	0.0	0.0	0.0
924.5995998238564	2.0	trials	2.0	1.0	1.0	0.0	10000.0	1.0	True	40.0	0.0	0.005	"[10709496.22963852 10709786.22865492 10710075.22767472 10710364.22669451
 10710654.22571092 10710944.22472732 10711234.22374373 10711523.22276352
 10711813.22177993 10712102.22079972 10712393.21981273 10712681.21883592
 10712972.21784893 10713260.21687212 10713551.21588513 10713841.21490154
 10714130.21392133 10714420.21293774 10714709.21195753 10715000.21097055]"	0.0	0.0	0.0
930.0893508041846	2.0	trials	2.0	1.0	1.0	0.0	10000.0	1.0	True	40.0	0.0	0.005	"[10773035.01413265 10773324.01315245 10773614.01216885 10773903.01118865
 10774193.01020505 10774483.00922146 10774772.00824125 10775062.00725766
 10775351.00627745 10775642.00529047 10775931.00431026 10776221.00332667
 10776511.00234307 10776801.00135947 10777090.00037927 10777378.99939907
 10777668.99841547 10777957.99743526 10778247.99645167 10778537.99546807]"	0.0	0.0	0.0
939.3003371631427	2.0	trials	2.0	1.0	1.0	0.0	10000.0	1.0	True	40.0	0.0	0.005	"[10879643.65254584 10879932.65156563 10880222.65058204 10880511.64960183
 10880801.64861824 10881091.64763464 10881380.64665444 10881670.64567084
 10881960.64468724 10882250.64370365 10882538.64272684 10882829.64173985
 10883119.64075625 10883409.63977266 10883697.63879585 10883987.63781225
 10884276.63683205 10884566.63584845 10884856.63486485 10885146.63388126]"	0.0	0.0	0.0
946.8607435203979	2.0	trials	2.0	1.0	1.0	0.0	10000.0	1.0	True	40.0	0.0	0.005	"[10967148.35575425 10967437.35477405 10967728.35378706 10968017.35280685
 10968305.35183004 10968596.35084305 10968886.34985946 10969175.34887926
 10969466.34789227 10969755.34691206 10970044.34593186 10970333.34495165
 10970623.34396806 10970912.34298785 10971202.34200426 10971492.34102066
 10971782.34003707 10972071.33905686 10972361.33807326 10972651.33708967]"	0.0	0.0	0.0
956.177915119206	2.0	trials	2.0	1.0	1.0	0.0	10000.0	1.0	True	40.0	0.0	0.005	"[11074985.98999902 11075274.98901882 11075563.98803861 11075853.98705502
 11076143.98607142 11076433.98508782 11076722.98410762 11077012.98312403
 11077301.98214382 11077590.98116362 11077881.98017663 11078171.97919303
 11078460.97821283 11078751.97722584 11079039.97624903 11079329.97526543
 11079618.97428523 11079908.97330163 11080197.97232143 11080488.97133444]"	0.0	0.0	0.0
961.9909738029667	2.0	trials	2.0	1.0	1.0	0.0	10000.0	1.0	True	40.0	0.0	0.005	"[11142266.76180138 11142556.76081778 11142845.75983758 11143134.75885737
 11143423.75787717 11143713.75689357 11144003.75590998 11144293.75492638
 11144583.75394279 11144873.75295919 11145161.75198238 11145452.75099539
 11145741.75001519 11146031.74903159 11146319.74805478 11146610.74706779
 11146899.74608758 11147190.7451006  11147478.74412378 11147769.7431368 ]"	0.0	0.0	0.0
969.3415152720237	2.0	trials	2.0	1.0	1.0	0.0	10000.0	1.0	True	40.0	0.0	0.005	"[11227342.47324825 11227631.47226805 11227921.47128445 11228210.47030425
 11228500.46932065 11228789.46834045 11229079.46735685 11229369.46637326
 11229658.46539305 11229948.46440946 11230239.46342247 11230528.46244227
 11230817.46146206 11231107.46047847 11231397.45949487 11231686.45851466
 11231976.45753107 11232266.45654747 11232555.45556727 11232845.45458367]"	0.0	0.0	0.0
979.0855014231984	2.0	trials	2.0	1.0	1.0	0.0	10000.0	1.0	True	40.0	0.0	0.005	"[11340120.09073798 11340410.08975438 11340699.08877418 11340988.08779397
 11341279.08680699 11341568.08582678 11341858.08484319 11342147.08386298
 11342436.08288278 11342727.08189579 11343016.08091559 11343306.07993199
 11343596.07894839 11343885.07796819 11344175.0769846  11344465.076001
 11344754.07502079 11345043.07404059 11345333.07305699 11345623.0720734 ]"	0.0	0.0	0.0
985.8234689699318	2.0	trials	2.0	1.0	1.0	0.0	10000.0	1.0	True	40.0	0.0	0.005	"[11418104.82623547 11418393.82525527 11418684.82426828 11418973.82328807
 11419263.82230448 11419552.82132427 11419842.82034068 11420132.81935708
 11420422.81837349 11420711.81739328 11421000.81641308 11421291.81542609
 11421580.81444588 11421869.81346568 11422159.81248209 11422449.81149849
 11422738.81051829 11423028.80953469 11423318.80855109 11423608.8075675 ]"	0.0	0.0	0.0
993.5730906854224	2.0	trials	2.0	1.0	1.0	0.0	10000.0	1.0	True	40.0	0.0	0.005	"[11507799.52201604 11508089.52103244 11508379.52004885 11508668.51906864
 11508958.51808505 11509247.51710484 11509537.51612125 11509827.51513765
 11510116.51415744 11510405.51317724 11510696.51219025 11510985.51121005
 11511275.51022645 11511564.50924625 11511854.50826265 11512143.50728245
 11512434.50629546 11512723.50531526 11513013.50433166 11513302.50335146]"	0.0	0.0	0.0
999.5390768504968	2.0	trials	2.0	1.0	1.0	0.0	10000.0	1.0	True	40.0	0.0	0.005	"[11576850.28781507 11577140.28683147 11577429.28585127 11577718.28487106
 11578009.28388407 11578298.28290387 11578588.28192028 11578877.28094007
 11579168.27995308 11579457.27897288 11579746.27799268 11580037.27700569
 11580327.27602209 11580616.27504189 11580906.27405829 11581195.27307809
 11581485.27209449 11581774.27111429 11582065.2701273  11582353.26915049]"	0.0	0.0	0.0
1006.1999758586246	2.0	trials	2.0	1.0	1.0	0.0	10000.0	1.0	True	40.0	0.0	0.005	"[11653945.02633118 11654234.02535098 11654524.02436738 11654814.02338379
 11655104.02240019 11655393.02141999 11655683.02043639 11655973.01945279
 11656262.01847259 11656552.01748899 11656841.01650879 11657130.01552858
 11657421.0145416  11657710.01356139 11657999.01258119 11658290.0115942
 11658579.010614   11658869.0096304  11659158.0086502  11659447.00766999]"	0.0	0.0	0.0
1016.600426983257	2.0	trials	2.0	1.0	1.0	0.0	10000.0	1.0	True	40.0	0.0	0.005	"[11774320.61805069 11774609.61707049 11774899.61608689 11775189.6151033
 11775479.6141197  11775768.6131395  11776058.6121559  11776347.6111757
 11776636.61019549 11776927.60920851 11777216.6082283  11777505.6072481
 11777795.6062645  11778084.6052843  11778374.6043007  11778665.60331371
 11778953.6023369  11779243.6013533  11779534.60036632 11779823.59938611]"	0.0	0.0	0.0
1023.1141008907306	2.0000000000001137	trials	2.0	1.0	1.0	0.0	10000.0	1.0	True	40.0	0.0	0.005	"[11849709.36235306 11849998.36137286 11850288.36038926 11850578.35940567
 11850867.35842546 11851157.35744187 11851447.35645827 11851737.35547468
 11852026.35449447 11852316.35351088 11852605.35253067 11852896.35154368
 11853185.35056348 11853475.34957988 11853764.34859968 11854053.34761948
 11854344.34663249 11854633.34565228 11854922.34467208 11855213.34368509]"	0.0	0.0	0.0
1031.369938489281	2.0	trials	2.0	1.0	1.0	0.0	10000.0	1.0	True	40.0	0.0	0.005	"[11945263.0382616  11945554.03727461 11945843.03629441 11946133.03531082
 11946422.03433061 11946711.03335041 11947002.03236342 11947290.03138661
 11947581.03039962 11947870.02941941 11948159.02843921 11948450.02745222
 11948740.02646863 11949029.02548842 11949319.02450483 11949608.02352462
 11949898.02254103 11950188.02155743 11950476.02058062 11950766.01959702]"	0.0	0.0	0.0
1038.5538149236183	2.0	trials	2.0	1.0	1.0	0.0	10000.0	1.0	True	40.0	0.0	0.005	"[12028409.75625109 12028699.75526749 12028988.75428729 12029279.7533003
 12029568.75232009 12029857.75133989 12030146.75035968 12030437.7493727
 12030727.7483891  12031016.7474089  12031306.7464253  12031595.7454451
 12031885.7444615  12032175.74347791 12032464.7424977  12032755.74151072
 12033044.74053051 12033333.73955031 12033623.73856671 12033913.73758312]"	0.0	0.0	0.0
1044.7618066678788	2.0	trials	2.0	1.0	1.0	0.0	10000.0	1.0	True	40.0	0.0	0.005	"[12100262.51254655 12100551.51156634 12100841.51058275 12101131.50959915
 12101419.50862234 12101710.50763535 12101999.50665514 12102290.50566816
 12102579.50468795 12102868.50370775 12103158.50272415 12103448.50174056
 12103736.50076374 12104026.49978015 12104316.49879655 12104606.49781296
 12104895.49683275 12105185.49584915 12105474.49486895 12105764.49388536]"	0.0	0.0	0.0
1053.9474779126983	2.0	trials	2.0	1.0	1.0	0.0	10000.0	1.0	True	40.0	0.0	0.005	"[12206578.1519535  12206867.15097329 12207157.1499897  12207446.14900949
 12207737.14802251 12208026.1470423  12208315.1460621  12208604.14508189
 12208895.14409491 12209184.1431147  12209474.14213111 12209764.14114751
 12210054.14016392 12210343.13918371 12210632.13820351 12210922.13721991
 12211213.13623292 12211501.13525611 12211791.13427252 12212081.13328892]"	0.0	0.0	0.0
1059.1079596098145	2.0	trials	2.0	1.0	1.0	0.0	10000.0	1.0	True	40.0	0.0	0.005	"[12266304.94937683 12266594.94839323 12266884.94740964 12267174.94642605
 12267462.94544923 12267752.94446564 12268041.94348543 12268331.94250184
 12268620.94152163 12268910.94053804 12269201.93955105 12269490.93857084
 12269781.93758386 12270069.93660705 12270360.93562006 12270648.93464325
 12270938.93365965 12271228.93267605 12271517.93169585 12271807.93071225]"	0.0	0.0	0.0
1069.854009562274	2.0	trials	2.0	1.0	1.0	0.0	10000.0	1.0	True	40.0	0.0	0.005	"[12390681.52752611 12390969.5265493  12391260.52556231 12391550.52457872
 12391840.52359512 12392130.52261152 12392419.52163132 12392709.52064773
 12392998.51966752 12393288.51868392 12393577.51770372 12393867.51672013
 12394156.51573992 12394446.51475632 12394736.51377273 12395026.51278913
 12395315.51180893 12395605.51082533 12395894.50984513 12396184.50886153]"	0.0	0.0	0.0
1076.2855173484315	2.0	trials	2.0	1.0	1.0	0.0	10000.0	1.0	True	40.0	0.0	0.005	"[12465119.275054   12465409.2740704  12465699.27308681 12465989.27210321
 12466279.27111962 12466567.27014281 12466857.26915921 12467148.26817222
 12467437.26719202 12467727.26620842 12468016.26522822 12468306.26424462
 12468595.26326442 12468885.26228082 12469175.26129722 12469464.26031702
 12469753.25933682 12470043.25835322 12470334.25736623 12470623.25638603]"	0.0	0.0	0.0
1084.5293453877152	2.0	trials	2.0	1.0	1.0	0.0	10000.0	1.0	True	40.0	0.0	0.005	"[12560533.95143398 12560823.95045039 12561113.94946679 12561403.9484832
 12561693.9474996  12561982.9465194  12562271.94553919 12562561.9445556
 12562851.943572   12563140.9425918  12563430.9416082  12563720.94062461
 12564009.9396444  12564299.93866081 12564589.93767721 12564878.936697
 12565168.93571341 12565458.93472981 12565748.93374622 12566037.93276601]"	0.0	0.0	0.0
1093.7818900057193	2.0	trials	2.0	1.0	1.0	0.0	10000.0	1.0	True	40.0	0.0	0.005	"[12667624.58821237 12667913.58723216 12668203.58624856 12668492.58526836
 12668782.58428477 12669071.58330456 12669361.58232097 12669651.58133737
 12669940.58035717 12670231.57937018 12670519.57839336 12670810.57740638
 12671099.57642617 12671389.57544258 12671678.57446237 12671968.57347878
 12672257.57249857 12672547.57151498 12672836.57053477 12673126.56955118]"	0.0	0.0	0.0
1104.2934511534982	2.0	trials	2.0	1.0	1.0	0.0	10000.0	1.0	True	40.0	0.0	0.005	"[12789286.17557014 12789575.17458993 12789865.17360634 12790155.17262274
 12790444.17164254 12790734.17065894 12791023.16967874 12791313.16869514
 12791603.16771154 12791892.16673134 12792182.16574774 12792472.16476415
 12792761.16378395 12793051.16280035 12793341.16181675 12793630.16083655
 12793920.15985295 12794209.15887275 12794499.15788915 12794789.15690556]"	0.0	0.0	0.0
1111.4156381970686	2.0	trials	2.0	1.0	1.0	0.0	10000.0	1.0	True	40.0	0.0	0.005	"[12871717.89598469 12872008.89499771 12872297.8940175  12872587.89303391
 12872876.8920537  12873166.89107011 12873455.8900899  12873745.88910631
 12874035.88812271 12874325.88713912 12874614.88615891 12874904.88517532
 12875194.88419172 12875484.88320812 12875772.88223131 12876062.88124771
 12876352.88026412 12876642.87928052 12876931.87830032 12877220.87732012]"	0.0	0.0	0.0
1117.3977811073437	2.0	trials	2.0	1.0	1.0	0.0	10000.0	1.0	True	40.0	0.0	0.005	"[12940955.66114947 12941246.66016249 12941535.65918228 12941825.65819869
 12942114.65721848 12942404.65623488 12942694.65525129 12942984.65426769
 12943273.65328749 12943562.65230729 12943853.6513203  12944141.65034349
 12944431.64935989 12944721.64837629 12945011.6473927  12945300.64641249
 12945590.6454289  12945879.6444487  12946170.64346171 12946459.6424815 ]"	0.0	0.0	0.0
1126.0800876594333	2.0	trials	2.0	1.0	1.0	0.0	10000.0	1.0	True	40.0	0.0	0.005	"[13041445.32031653 13041736.31932954 13042025.31834934 13042315.31736574
 13042604.31638554 13042894.31540194 13043184.31441835 13043474.31343475
 13043764.31245116 13044053.31147095 13044343.31048736 13044631.30951054
 13044921.30852695 13045210.30754674 13045500.30656315 13045790.30557955
 13046080.30459596 13046370.30361236 13046659.30263216 13046949.30164856]"	0.0	0.0	0.0
1136.8980221680808	2.0	trials	2.0	1.0	1.0	0.0	10000.0	1.0	True	40.0	0.0	0.005	"[13166653.89564391 13166943.89466031 13167232.89368011 13167521.8926999
 13167811.89171631 13168100.8907361  13168391.88974912 13168680.88876891
 13168970.88778532 13169260.88680172 13169548.88582491 13169839.88483792
 13170128.88385771 13170418.88287412 13170707.88189392 13170997.88091032
 13171287.87992672 13171576.87894652 13171866.87796292 13172156.87697933]"	0.0	0.0	0.0
1147.0373733782897	2.0	trials	2.0	1.0	1.0	0.0	10000.0	1.0	True	40.0	0.0	0.005	"[13284007.49761317 13284296.49663297 13284586.49564937 13284875.49466916
 13285166.49368218 13285455.49270197 13285745.49171837 13286034.49073817
 13286324.48975458 13286613.48877437 13286904.48778738 13287193.48680718
 13287483.48582358 13287772.48484338 13288062.48385978 13288351.48287958
 13288641.48189599 13288930.48091578 13289220.47993218 13289510.47894859]"	0.0	0.0	0.0
1156.7951834825774	2.0	trials	2.0	1.0	1.0	0.0	10000.0	1.0	True	40.0	0.0	0.005	"[13396945.11456022 13397235.11357662 13397524.11259642 13397814.11161282
 13398104.11062923 13398393.10964902 13398683.10866543 13398973.10768183
 13399262.10670163 13399551.10572142 13399841.10473783 13400130.10375762
 13400421.10277063 13400710.10179043 13401000.10080683 13401290.09982324
 13401578.09884642 13401869.09785944 13402159.09687584 13402448.09589564]"	0.0	0.0	0.0
1164.4677366594624	2.0	trials	2.0	1.0	1.0	0.0	10000.0	1.0	True	40.0	0.0	0.005	"[13485747.81336619 13486036.81238599 13486326.81140239 13486615.81042219
 13486905.80943859 13487196.8084516  13487485.8074714  13487775.8064878
 13488064.8055076  13488354.804524   13488643.8035438  13488933.8025602
 13489222.80158    13489512.8005964  13489801.7996162  13490092.79862921
 13490381.79764901 13490671.79666541 13490961.79568182 13491250.79470161]"	0.0	0.0	0.0
1169.7658530897606	2.0	trials	2.0	1.0	1.0	0.0	10000.0	1.0	True	40.0	0.0	0.005	"[13547068.60538314 13547358.60439954 13547646.60342273 13547937.60243574
 13548226.60145554 13548515.60047533 13548806.59948835 13549096.59850475
 13549385.59752455 13549675.59654095 13549964.59556075 13550253.59458054
 13550543.59359695 13550833.59261335 13551123.59162976 13551412.59064955
 13551702.58966596 13551991.58868575 13552282.58769876 13552571.58671856]"	0.0	0.0	0.0
1180.3855866706492	2.0	trials	2.0	1.0	1.0	0.0	10000.0	1.0	True	40.0	0.0	0.005	"[13669982.18849449 13670272.18751089 13670561.18653069 13670851.1855471
 13671141.1845635  13671430.18358329 13671721.18259631 13672010.1816161
 13672299.1806359  13672589.1796523  13672878.1786721  13673168.17768851
 13673457.1767083  13673748.17572131 13674037.17474111 13674327.17375751
 13674617.17277391 13674906.17179371 13675195.1708135  13675485.16982991]"	0.0	0.0	0.0
1191.071675226481	2.0	trials	2.0	1.0	1.0	0.0	10000.0	1.0	True	40.0	0.0	0.005	"[13793662.7690044  13793952.7680208  13794242.76703721 13794532.76605361
 13794822.76507002 13795111.76408981 13795400.76310961 13795691.76212262
 13795980.76114242 13796270.76015882 13796559.75917862 13796849.75819502
 13797138.75721482 13797428.75623122 13797717.75525101 13798007.75426742
 13798297.75328382 13798587.75230023 13798877.75131663 13799166.75033643]"	0.0	0.0	0.0
1198.1572287943015	2.0	trials	2.0	1.0	1.0	0.0	10000.0	1.0	True	40.0	0.0	0.005	"[13875671.49085365 13875961.48987006 13876251.48888646 13876539.48790965
 13876829.48692605 13877119.48594245 13877410.48495547 13877698.48397866
 13877989.48299167 13878279.48200807 13878567.48103126 13878858.48004427
 13879146.47906746 13879437.47808047 13879726.47710027 13880016.47611667
 13880305.47513646 13880595.47415287 13880884.47317267 13881174.47218907]"	0.0	0.0	0.0
1204.2596400966606	2.0	trials	2.0	1.0	1.0	0.0	10000.0	1.0	True	40.0	0.0	0.005	"[13946301.25129717 13946591.25031358 13946881.24932998 13947170.24834977
 13947460.24736618 13947750.24638258 13948039.24540238 13948328.24442217
 13948618.24343858 13948908.24245498 13949197.24147478 13949487.24049118
 13949777.23950759 13950067.23852399 13950356.23754378 13950646.23656019
 13950935.23557999 13951225.23459639 13951514.23361619 13951804.23263259]"	0.0	0.0	0.0
1214.555893174703	2.0	trials	2.0	1.0	1.0	0.0	10000.0	1.0	True	40.0	0.0	0.005	"[14065470.84710708 14065760.84612349 14066049.84514328 14066339.84415969
 14066629.84317609 14066918.84219589 14067209.8412089  14067498.8402287
 14067787.83924849 14068077.8382649  14068367.8372813  14068656.8363011
 14068946.8353175  14069236.83433391 14069525.8333537  14069814.83237349
 14070105.83138651 14070394.8304063  14070684.82942271 14070974.82843911]"	0.0	0.0	0.0
1221.8398204696964	2.0	trials	2.0	1.0	1.0	0.0	10000.0	1.0	True	40.0	0.0	0.005	"[14149775.56116897 14150066.56018198 14150355.55920178 14150644.55822157
 14150935.55723459 14151224.55625438 14151514.55527079 14151804.55428719
 14152094.55330359 14152383.55232339 14152673.55133979 14152962.55035959
 14153251.54937939 14153541.54839579 14153831.54741219 14154121.5464286
 14154410.54544839 14154700.5444648  14154990.5434812  14155279.542501  ]"	0.0	0.0	0.0
1228.3674911296969	2.0	trials	2.0	1.0	1.0	0.0	10000.0	1.0	True	40.0	0.0	0.005	"[14225328.3049151  14225617.30393489 14225906.30295469 14226197.3019677
 14226486.3009875  14226775.3000073  14227065.2990237  14227355.29804011
 14227645.29705651 14227934.2960763  14228224.29509271 14228514.29410911
 14228803.29312891 14229093.29214531 14229383.29116172 14229671.2901849
 14229961.28920131 14230251.28821771 14230540.28723751 14230830.28625391]"	0.0	0.0	0.0
1236.1198776358103	2.0	trials	2.0	1.0	1.0	0.0	10000.0	1.0	True	40.0	0.0	0.005	"[14315055.00058713 14315343.99960693 14315633.99862333 14315923.99763973
 14316213.99665614 14316502.99567594 14316792.99469234 14317082.99370874
 14317371.99272854 14317660.99174833 14317950.99076474 14318240.98978114
 14318529.98880094 14318820.98781395 14319109.98683375 14319399.98585015
 14319688.98486995 14319978.98388635 14320267.98290615 14320558.98191916]"	0.0	0.0	0.0
1243.5478332423006	2.0	trials	2.0	1.0	1.0	0.0	10000.0	1.0	True	40.0	0.0	0.005	"[14401025.70899843 14401314.70801822 14401605.70703124 14401894.70605103
 14402184.70506743 14402474.70408384 14402763.70310364 14403053.70212004
 14403342.70113984 14403632.70015624 14403921.69917604 14404211.69819244
 14404500.69721223 14404790.69622864 14405080.69524504 14405370.69426145
 14405659.69328124 14405949.69229765 14406238.69131744 14406529.69033045]"	0.0	0.0	0.0
1249.2475355105341	2.0	trials	2.0	1.0	1.0	0.0	10000.0	1.0	True	40.0	0.0	0.005	"[14466995.48524731 14467284.48426711 14467574.48328352 14467864.48229992
 14468153.48131972 14468442.48033951 14468732.47935592 14469022.47837232
 14469312.47738872 14469601.47640852 14469891.47542492 14470181.47444133
 14470470.47346113 14470760.47247753 14471049.47149733 14471339.47051373
 14471630.46952674 14471918.46854993 14472209.46756294 14472498.46658274]"	0.0	0.0	0.0
1258.6138685426006	2.0	trials	2.0	1.0	1.0	0.0	10000.0	1.0	True	40.0	0.0	0.005	"[14575401.1175656  14575691.116582   14575980.1156018  14576270.1146182
 14576559.11363799 14576849.1126544  14577138.1116742  14577429.11068721
 14577718.10970701 14578008.10872341 14578297.10774321 14578587.10675961
 14578877.10577601 14579167.10479241 14579456.10381221 14579745.10283201
 14580035.10184841 14580325.10086482 14580615.09988122 14580905.09889762]"	0.0	0.0	0.0
1269.3116210588712	2.0	trials	2.0	1.0	1.0	0.0	10000.0	1.0	True	40.0	0.0	0.005	"[14699217.69761423 14699508.69662725 14699798.69564365 14700087.69466345
 14700376.69368324 14700666.69269964 14700956.69171605 14701246.69073245
 14701535.68975225 14701825.68876865 14702114.68778845 14702404.68680486
 14702693.68582465 14702983.68484105 14703273.68385746 14703562.68287725
 14703852.68189366 14704142.68091006 14704432.67992647 14704721.67894626]"	0.0	0.0	0.0
1279.7696143883368	2.0	trials	2.0	1.0	1.0	0.0	10000.0	1.0	True	40.0	0.0	0.005	"[14820260.28707147 14820549.28609127 14820839.28510767 14821129.28412408
 14821418.28314388 14821708.28216028 14821997.28118007 14822287.28019648
 14822577.27921288 14822866.27823268 14823156.27724908 14823446.27626549
 14823735.27528528 14824024.27430508 14824314.27332148 14824604.27233789
 14824894.27135429 14825183.27037409 14825473.26939049 14825763.26840689]"	0.0	0.0	0.0
1284.9718271439128	2.0	trials	2.0	1.0	1.0	0.0	10000.0	1.0	True	40.0	0.0	0.005	"[14880470.08285661 14880760.08187302 14881050.08088942 14881339.07990922
 14881629.07892562 14881918.07794541 14882208.07696182 14882499.07597483
 14882788.07499463 14883078.07401103 14883367.07303083 14883656.07205062
 14883946.07106703 14884237.07008004 14884526.06909984 14884815.06811963
 14885105.06713604 14885395.06615244 14885685.06516884 14885974.06418864]"	0.0	0.0	0.0
1292.2380424989801	2.0	trials	2.0	1.0	1.0	0.0	10000.0	1.0	True	40.0	0.0	0.005	"[14964570.79761041 14964858.79663359 14965149.7956466  14965439.79466301
 14965728.79368281 14966018.79269921 14966307.79171901 14966597.79073541
 14966886.7897552  14967177.78876822 14967466.78778801 14967756.78680442
 14968045.78582422 14968335.78484062 14968625.78385702 14968914.78287682
 14969204.78189322 14969493.78091302 14969783.77992942 14970072.77894922]"	0.0	0.0	0.0
1300.991628809309	2.0	trials	2.0	1.0	1.0	0.0	10000.0	1.0	True	40.0	0.0	0.005	"[15065885.4539793  15066173.45300249 15066464.4520155  15066753.4510353
 15067043.4500517  15067332.4490715  15067622.4480879  15067911.4471077
 15068201.4461241  15068491.4451405  15068780.4441603  15069071.44317331
 15069360.44219311 15069650.44120951 15069940.44022592 15070229.43924571
 15070519.43826212 15070808.43728191 15071098.43629832 15071387.43531811]"	0.0	0.0	0.0
1310.5740475084742	2.0	trials	2.0	1.0	1.0	0.0	10000.0	1.0	True	40.0	0.0	0.005	"[15176792.07781492 15177082.07683132 15177372.07584772 15177662.07486413
 15177951.07388392 15178241.07290033 15178530.07192012 15178820.07093653
 15179109.06995632 15179399.06897273 15179689.06798913 15179979.06700554
 15180268.06602533 15180558.06504174 15180847.06406153 15181137.06307794
 15181426.06209773 15181716.06111413 15182005.06013393 15182295.05915033]"	0.0	0.0	0.0
1320.719878696705	2.0	trials	2.0	1.0	1.0	0.0	10000.0	1.0	True	40.0	0.0	0.005	"[15294221.6795264  15294511.67854281 15294801.67755921 15295089.6765824
 15295379.67559881 15295669.67461521 15295959.67363161 15296248.67265141
 15296538.67166781 15296828.67068422 15297117.66970401 15297407.66872042
 15297697.66773682 15297986.66675662 15298276.66577302 15298566.66478942
 15298856.66380583 15299145.66282563 15299435.66184203 15299724.66086183]"	0.0	0.0	0.0
1326.4436864831794	2.0	trials	2.0	1.0	1.0	0.0	10000.0	1.0	True	40.0	0.0	0.005	"[15360469.4548324  15360759.4538488  15361047.45287199 15361337.45188839
 15361627.4509048  15361917.4499212  15362206.448941   15362496.4479574
 15362787.44697042 15363075.4459936  15363365.44501    15363655.44402641
 15363944.44304621 15364234.44206261 15364524.44107901 15364813.44009881
 15365103.43911522 15365393.43813162 15365682.43715141 15365972.43616782]"	0.0	0.0	0.0
1335.6182985655084	2.0	trials	2.0	1.0	1.0	0.0	10000.0	1.0	True	40.0	0.0	0.005	"[15466656.09467688 15466946.09369329 15467235.09271308 15467525.09172949
 15467815.09074589 15468104.08976569 15468394.08878209 15468684.08779849
 15468973.08681829 15469263.0858347  15469553.0848511  15469842.0838709
 15470131.08289069 15470422.08190371 15470711.0809235  15471000.0799433
 15471290.0789597  15471580.0779761  15471869.0769959  15472159.0760123 ]"	0.0	0.0	0.0
1341.045755357121	2.0	trials	2.0	1.0	1.0	0.0	10000.0	1.0	True	40.0	0.0	0.005	"[15529473.88161644 15529763.88063284 15530054.87964586 15530343.87866565
 15530633.87768206 15530922.87670185 15531211.87572165 15531501.87473805
 15531791.87375446 15532080.87277425 15532371.87178727 15532659.87081045
 15532949.86982686 15533239.86884326 15533529.86785967 15533818.86687946
 15534108.86589586 15534398.86491227 15534688.86392867 15534978.86294508]"	0.0	0.0	0.0
1348.2963323652293	2.0	trials	2.0	1.0	1.0	0.0	10000.0	1.0	True	40.0	0.0	0.005	"[15613393.59698413 15613682.59600393 15613972.59502033 15614261.59404013
 15614552.59305314 15614841.59207294 15615131.59108934 15615420.59010914
 15615710.58912554 15616000.58814195 15616289.58716174 15616579.58617815
 15616869.58519455 15617158.58421434 15617448.58323075 15617738.58224715
 15618027.58126695 15618317.58028335 15618606.57930315 15618896.57831956]"	0.0	0.0	0.0
1355.6524034155316	2.0	trials	2.0	1.0	1.0	0.0	10000.0	1.0	True	40.0	0.0	0.005	"[15698533.30821394 15698821.30723713 15699112.30625014 15699401.30526994
 15699690.30428973 15699980.30330614 15700270.30232254 15700560.30133894
 15700849.30035874 15701139.29937514 15701429.29839155 15701719.29740795
 15702009.29642436 15702297.29544754 15702588.29446056 15702878.29347696
 15703166.29250015 15703456.29151655 15703746.29053296 15704035.28955275]"	0.0	0.0	0.0
1364.2621342137772	2.0	trials	2.0	1.0	1.0	0.0	10000.0	1.0	True	40.0	0.0	0.005	"[15798180.97023682 15798470.96925322 15798761.96826624 15799051.96728264
 15799340.96630243 15799630.96531884 15799918.96434203 15800208.96335843
 15800498.96237483 15800788.96139124 15801077.96041104 15801367.95942744
 15801657.95844384 15801947.95746025 15802236.95648004 15802525.95549984
 15802816.95451285 15803105.95353265 15803395.95254905 15803684.95156885]"	0.0	0.0	0.0
1372.8840473707037	2.0	trials	2.0	1.0	1.0	0.0	10000.0	1.0	True	40.0	0.0	0.005	"[15897972.63177129 15898262.63078769 15898553.6298007  15898842.6288205
 15899132.62783691 15899421.6268567  15899710.6258765  15900001.62488951
 15900290.62390931 15900579.6229291  15900869.62194551 15901158.6209653
 15901449.61997831 15901738.61899811 15902027.6180179  15902317.61703431
 15902607.61605071 15902897.61506712 15903187.61408352 15903476.61310332]"	0.0	0.0	0.0
1380.366002794042	2.0	trials	2.0	1.0	1.0	0.0	10000.0	1.0	True	40.0	0.0	0.005	"[15984569.33805938 15984859.33707578 15985149.33609218 15985439.33510859
 15985728.33412838 15986017.33314818 15986308.33216119 15986597.33118099
 15986886.33020078 15987177.32921379 15987467.3282302  15987756.32724999
 15988045.32626979 15988335.3252862  15988624.32430599 15988914.32332239
 15989204.3223388  15989493.32135859 15989783.320375   15990073.3193914 ]"	0.0	0.0	0.0
1387.6984867243455	2.0	trials	2.0	1.0	1.0	0.0	10000.0	1.0	True	40.0	0.0	0.005	"[16069436.05021512 16069726.04923152 16070015.04825132 16070305.04726772
 16070595.04628413 16070885.04530053 16071174.04432033 16071464.04333673
 16071754.04235313 16072043.04137293 16072333.04038933 16072622.03940913
 16072912.03842553 16073201.03744533 16073491.03646174 16073781.03547814
 16074071.03449454 16074360.03351434 16074649.03253413 16074940.03154715]"	0.0	0.0	0.0
1395.691755613454	2.0	trials	2.0	1.0	1.0	0.0	10000.0	1.0	True	40.0	0.0	0.005	"[16161950.73643106 16162241.73544408 16162531.73446048 16162821.73347688
 16163110.73249668 16163399.73151647 16163688.73053627 16163979.72954928
 16164268.72856908 16164558.72758548 16164848.72660189 16165137.72562168
 16165426.72464148 16165716.72365788 16166006.72267429 16166295.72169408
 16166586.7207071  16166875.71972689 16167164.71874668 16167453.71776648]"	0.0	0.0	0.0
1404.8765628612043	2.0	trials	2.0	1.0	1.0	0.0	10000.0	1.0	True	40.0	0.0	0.005	"[16268256.37587193 16268546.37488834 16268836.37390474 16269125.37292454
 16269415.37194094 16269705.37095735 16269994.36997714 16270284.36899354
 16270574.36800995 16270864.36702636 16271153.36604615 16271442.36506595
 16271733.36407896 16272022.36309875 16272312.36211516 16272601.36113495
 16272890.36015475 16273181.35916776 16273471.35818417 16273761.35720057]"	0.0	0.0	0.0
1410.4200544592595	2.0	trials	2.0	1.0	1.0	0.0	10000.0	1.0	True	40.0	0.0	0.005	"[16332417.15825642 16332707.15727283 16332996.15629263 16333287.15530564
 16333576.15432544 16333866.15334184 16334155.15236164 16334444.15138143
 16334734.15039783 16335024.14941424 16335313.14843403 16335603.14745044
 16335893.14646684 16336183.14548325 16336472.14450304 16336762.14351944
 16337052.14253585 16337340.14155904 16337631.14057205 16337920.13959184]"	0.0	0.0	0.0
1421.5262183903153	2.0	trials	2.0	1.0	1.0	0.0	10000.0	1.0	True	40.0	0.0	0.005	"[16460960.72227245 16461249.72129225 16461540.72030526 16461829.71932505
 16462119.71834146 16462408.71736125 16462698.71637766 16462988.71539406
 16463277.71441386 16463566.71343365 16463857.71244667 16464146.71146646
 16464436.71048287 16464726.70949927 16465015.70851906 16465305.70753547
 16465595.70655187 16465884.70557167 16466173.70459146 16466464.70360448]"	0.0	0.0	0.0
1428.5486137723503	2.0	trials	2.0	1.0	1.0	0.0	10000.0	1.0	True	40.0	0.0	0.005	"[16542238.44660104 16542528.44561744 16542818.44463385 16543106.44365704
 16543396.44267344 16543686.44168985 16543976.44070625 16544266.43972265
 16544555.43874245 16544845.43775885 16545134.43677865 16545423.43579844
 16545714.43481146 16546003.43383125 16546293.43284766 16546583.43186406
 16546872.43088386 16547162.42990026 16547451.42892006 16547741.42793646]"	0.0	0.0	0.0
1435.956697446241	2.0	trials	2.0	1.0	1.0	0.0	10000.0	1.0	True	40.0	0.0	0.005	"[16627980.15578904 16628271.15480205 16628559.15382524 16628850.15283825
 16629139.15185805 16629429.15087445 16629719.14989085 16630009.14890726
 16630298.14792706 16630587.14694685 16630877.14596325 16631167.14497966
 16631456.14399945 16631746.14301586 16632036.14203226 16632325.14105206
 16632614.14007185 16632905.13908486 16633194.13810466 16633484.13712107]"	0.0	0.0	0.0
1444.0220236909518	2.0	trials	2.0	1.0	1.0	0.0	10000.0	1.0	True	40.0	0.0	0.005	"[16721329.83917291 16721618.8381927  16721908.8372091  16722197.8362289
 16722487.83524531 16722776.8342651  16723066.8332815  16723356.83229791
 16723645.8313177  16723936.83033072 16724225.82935051 16724515.82836692
 16724804.82738671 16725094.82640311 16725384.82541952 16725673.82443932
 16725963.82345572 16726253.82247212 16726542.82149192 16726832.82050833]"	0.0	0.0	0.0
1450.2391738041495	2.0	trials	2.0	1.0	1.0	0.0	10000.0	1.0	True	40.0	0.0	0.005	"[16793287.59511223 16793575.59413542 16793866.59314844 16794155.59216823
 16794445.59118463 16794735.59020104 16795025.58921744 16795314.58823724
 16795603.58725703 16795893.58627344 16796183.58528984 16796472.58430964
 16796762.58332604 16797052.58234245 16797341.58136224 16797631.58037864
 16797920.57939844 16798210.57841484 16798500.57743125 16798790.57644765]"	0.0	0.0	0.0
1455.912351362347	2.0	trials	2.0	1.0	1.0	0.0	10000.0	1.0	True	40.0	0.0	0.005	"[16858949.37240577 16859239.37142217 16859528.37044197 16859818.36945837
 16860107.36847817 16860397.36749457 16860686.36651437 16860976.36553077
 16861266.36454717 16861556.36356358 16861845.36258338 16862134.36160317
 16862424.36061958 16862714.35963598 16863004.35865238 16863294.35766879
 16863583.35668858 16863873.35570499 16864163.35472139 16864452.35374119]"	0.0	0.0	0.0
1466.23245075951	2.0	trials	2.0	1.0	1.0	0.0	10000.0	1.0	True	40.0	0.0	0.005	"[16978394.96727957 16978683.96629937 16978973.96531577 16979263.96433217
 16979552.96335197 16979842.96236837 16980131.96138817 16980421.96040457
 16980711.95942098 16981001.95843738 16981290.95745718 16981579.95647698
 16981869.95549338 16982159.95450978 16982449.95352618 16982739.95254259
 16983027.95156578 16983318.95057879 16983607.94959858 16983897.94861499]"	0.0	0.0	0.0
1475.3884869048427	2.0	trials	2.0	1.0	1.0	0.0	10000.0	1.0	True	40.0	0.0	0.005	"[17084367.60784988 17084656.60686968 17084946.60588608 17085236.60490249
 17085525.60392228 17085815.60293869 17086105.60195509 17086395.60097149
 17086684.59999129 17086974.59900769 17087263.59802749 17087552.59704728
 17087842.59606369 17088132.59508009 17088422.5940965  17088712.5931129
 17089000.59213609 17089291.5911491  17089581.59016551 17089870.5891853 ]"	0.0	0.0	0.0
1482.1203200723824	2.0	trials	2.0	1.0	1.0	0.0	10000.0	1.0	True	40.0	0.0	0.005	"[17162282.34358479 17162571.34260459 17162861.34162099 17163150.34064079
 17163440.33965719 17163730.3386736  17164020.33769    17164309.3367098
 17164599.3357262  17164889.3347426  17165178.3337624  17165467.3327822
 17165757.3317986  17166048.33081161 17166336.3298348  17166627.32884781
 17166916.32786761 17167205.3268874  17167496.32590042 17167785.32492021]"	0.0	0.0	0.0
1490.040494809406	2.0	trials	2.0	1.0	1.0	0.0	10000.0	1.0	True	40.0	0.0	0.005	"[17253950.03267352 17254240.03168992 17254530.03070632 17254820.02972273
 17255109.02874253 17255398.02776232 17255689.02677533 17255979.02579174
 17256268.02481153 17256557.02383133 17256847.02284773 17257137.02186413
 17257426.02088393 17257716.01990033 17258005.01892013 17258296.01793315
 17258585.01695294 17258874.01597274 17259164.01498914 17259454.01400555]"	0.0	0.0	0.0
1498.9148679100604	2.0	trials	2.0	1.0	1.0	0.0	10000.0	1.0	True	40.0	0.0	0.005	"[17356663.68429741 17356953.68331382 17357243.68233022 17357531.68135341
 17357821.68036981 17358111.67938621 17358400.67840601 17358691.67741902
 17358980.67643882 17359270.67545522 17359559.67447502 17359848.67349481
 17360138.67251122 17360428.67152762 17360718.67054402 17361007.66956382
 17361297.66858022 17361587.66759663 17361877.66661303 17362166.66563283]"	0.0	0.0	0.0
1509.522246332854	2.0	trials	2.0	1.0	1.0	0.0	10000.0	1.0	True	40.0	0.0	0.005	"[17479433.26789717 17479723.26691357 17480013.26592997 17480303.26494638
 17480592.26396618 17480881.26298597 17481171.26200238 17481460.26102217
 17481750.26003858 17482041.25905159 17482329.25807478 17482619.25709118
 17482909.25610758 17483199.25512399 17483488.25414379 17483778.25316019
 17484068.25217659 17484358.25119299 17484647.25021279 17484937.2492292 ]"	0.0	0.0	0.0
1519.9028255248863	2.0	trials	2.0	1.0	1.0	0.0	10000.0	1.0	True	40.0	0.0	0.005	"[17599579.86039338 17599869.85940979 17600158.85842958 17600447.85744938
 17600738.85646239 17601028.85547879 17601316.85450198 17601607.85351499
 17601896.85253479 17602185.85155458 17602476.8505676  17602765.84958739
 17603055.8486038  17603344.84762359 17603634.84663999 17603923.84565979
 17604213.8446762  17604503.8436926  17604792.8427124  17605082.8417288 ]"	0.0	0.0	0.0
1530.192685024614	2.0	trials	2.0	1.0	1.0	0.0	10000.0	1.0	True	40.0	0.0	0.005	"[17718674.45645767 17718964.45547408 17719254.45449048 17719544.45350688
 17719833.45252668 17720122.45154648 17720412.45056288 17720702.44957928
 17720991.44859908 17721281.44761549 17721571.44663189 17721861.44564829
 17722149.44467148 17722440.44368449 17722729.44270429 17723019.44172069
 17723308.44074049 17723598.43975689 17723889.43876991 17724177.43779309]"	0.0	0.0	0.0
1541.0355890485719	2.0	trials	2.0	1.0	1.0	0.0	10000.0	1.0	True	40.0	0.0	0.005	"[17844172.03080485 17844460.02982803 17844751.02884104 17845041.02785745
 17845330.02687724 17845619.02589704 17845910.02491006 17846199.02392985
 17846488.02294965 17846778.02196605 17847068.02098246 17847357.02000225
 17847647.01901865 17847937.01803506 17848227.01705146 17848515.01607465
 17848806.01508766 17849095.01410746 17849385.01312386 17849675.01214026]"	0.0	0.0	0.0
1546.8487341320397	2.0	trials	2.0	1.0	1.0	0.0	10000.0	1.0	True	40.0	0.0	0.005	"[17911453.80260381 17911743.80162021 17912033.80063662 17912322.79965641
 17912611.79867621 17912901.79769261 17913191.79670902 17913480.79572881
 17913770.79474522 17914060.79376162 17914349.79278142 17914640.79179443
 17914928.79081762 17915218.78983402 17915508.78885043 17915798.78786683
 17916087.78688662 17916377.78590303 17916667.78491943 17916957.78393584]"	0.0	0.0	0.0
1552.993481290808	2.0	trials	2.0	1.0	1.0	0.0	10000.0	1.0	True	40.0	0.0	0.005	"[17982572.56138878 17982863.5604018  17983152.55942159 17983443.5584346
 17983732.5574544  17984022.5564708  17984310.55549399 17984601.554507
 17984889.55353019 17985180.5525432  17985470.55155961 17985759.5505794
 17986049.54959581 17986339.54861221 17986629.54762862 17986918.54664841
 17987207.54566821 17987497.54468461 17987787.54370102 17988076.54272081]"	0.0	0.0	0.0
1560.6122938499661	2.0	trials	2.0	1.0	1.0	0.0	10000.0	1.0	True	40.0	0.0	0.005	"[18070754.26230101 18071044.26131741 18071333.26033721 18071624.25935022
 18071912.25837341 18072202.25738981 18072492.25640621 18072781.25542601
 18073071.25444242 18073361.25345882 18073651.25247522 18073940.25149502
 18074229.25051481 18074519.24953122 18074809.24854762 18075098.24756742
 18075388.24658382 18075677.24560362 18075968.24461663 18076258.24363304]"	0.0	0.0	0.0
1566.758337004338	2.0	trials	2.0	1.0	1.0	0.0	10000.0	1.0	True	40.0	0.0	0.005	"[18141889.02103171 18142178.02005151 18142467.01907131 18142757.01808771
 18143046.01710751 18143337.01612052 18143627.01513692 18143916.01415672
 18144205.01317651 18144496.01218953 18144785.01120932 18145075.01022572
 18145365.00924213 18145653.00826532 18145943.00728172 18146233.00629812
 18146522.00531792 18146813.00433093 18147101.00335412 18147392.00236714]"	0.0	0.0	0.0
1573.1107026589236	2.0	trials	2.0	1.0	1.0	0.0	10000.0	1.0	True	40.0	0.0	0.005	"[18215410.77166641 18215700.77068281 18215990.76969922 18216279.76871901
 18216568.76773881 18216859.76675182 18217148.76577161 18217438.76478802
 18217727.76380781 18218017.76282422 18218307.76184062 18218596.76086042
 18218885.75988021 18219176.75889323 18219465.75791302 18219754.75693282
 18220044.75594922 18220334.75496563 18220624.75398203 18220914.75299843]"	0.0	0.0	0.0
1584.1587195871969	2.0	trials	2.0	1.0	1.0	0.0	10000.0	1.0	True	40.0	0.0	0.005	"[18343282.33796166 18343571.33698146 18343861.33599786 18344150.33501766
 18344441.33403067 18344731.33304707 18345021.33206348 18345310.33108327
 18345599.33010307 18345889.32911947 18346178.32813927 18346468.32715567
 18346758.32617208 18347047.32519187 18347337.32420828 18347626.32322807
 18347917.32224108 18348206.32126088 18348496.32027728 18348785.31929708]"	0.0	0.0	0.0
1592.0284368953573	2.0	trials	2.0	1.0	1.0	0.0	10000.0	1.0	True	40.0	0.0	0.005	"[18434367.02902775 18434657.02804415 18434946.02706395 18435236.02608036
 18435525.02510015 18435815.02411655 18436105.02313296 18436395.02214936
 18436684.02116916 18436974.02018556 18437263.01920536 18437553.01822177
 18437842.01724156 18438132.01625796 18438422.01527437 18438713.01428737
 18439001.01331057 18439291.01232697 18439580.01134676 18439871.01035978]"	0.0	0.0	0.0
1597.7032560479875	2.0	trials	2.0	1.0	1.0	0.0	10000.0	1.0	True	40.0	0.0	0.005	"[18500047.80625684 18500336.80527664 18500625.80429643 18500915.80331284
 18501205.80232924 18501494.80134904 18501784.80036544 18502074.79938184
 18502364.79839825 18502653.79741805 18502944.79643106 18503232.79545425
 18503522.79447065 18503812.79348705 18504102.79250346 18504390.79152665
 18504681.79053966 18504970.78955945 18505260.78857586 18505550.78759226]"	0.0	0.0	0.0
1606.3102220556104	2.0	trials	2.0	1.0	1.0	0.0	10000.0	1.0	True	40.0	0.0	0.005	"[18599664.46838486 18599954.46740127 18600243.46642106 18600534.46543407
 18600823.46445387 18601112.46347367 18601402.46249007 18601692.46150647
 18601981.46052627 18602271.45954268 18602561.45855908 18602850.45757888
 18603140.45659528 18603430.45561168 18603720.45462809 18604009.45364788
 18604299.45266429 18604589.45168069 18604878.45070049 18605168.44971689]"	0.0	0.0	0.0
1616.4906995263304	2.0	trials	2.0	1.0	1.0	0.0	10000.0	1.0	True	40.0	0.0	0.005	"[18717494.06873967 18717784.06775607 18718073.06677587 18718363.06579227
 18718653.06480867 18718942.06382847 18719232.06284488 18719522.06186128
 18719812.06087768 18720102.05989409 18720391.05891389 18720681.05793029
 18720969.05695347 18721260.05596649 18721550.05498289 18721839.05400269
 18722128.05302249 18722418.05203889 18722707.05105868 18722998.05007169]"	0.0	0.0	0.0
1627.134884224288	2.0	trials	2.0	1.0	1.0	0.0	10000.0	1.0	True	40.0	0.0	0.005	"[18840690.65089117 18840981.64990418 18841270.64892397 18841559.64794377
 18841849.64696017 18842139.64597658 18842430.64498959 18842718.64401278
 18843008.64302918 18843298.64204558 18843587.64106538 18843876.64008518
 18844166.63910158 18844456.63811799 18844746.63713439 18845036.63615079
 18845325.63517059 18845615.63418699 18845905.6332034  18846194.63222319]"	0.0	0.0	0.0
1689.5093382679074	2.0	trials	3.0	1.0	1.0	0.0	10000.0	1.0	False	0.0	0.0	0.0	"[nan nan nan nan nan nan nan nan nan nan nan nan nan nan nan nan nan nan
 nan nan]"	0.0	0.0	0.0
1700.321483996189	2.0	trials	3.0	1.0	1.0	0.0	10000.0	1.0	False	0.0	0.0	0.0	"[nan nan nan nan nan nan nan nan nan nan nan nan nan nan nan nan nan nan
 nan nan]"	0.0	0.0	0.0
1708.7455418241843	2.0	trials	3.0	1.0	1.0	0.0	10000.0	1.0	False	0.0	0.0	0.0	"[nan nan nan nan nan nan nan nan nan nan nan nan nan nan nan nan nan nan
 nan nan]"	0.0	0.0	0.0
1716.3460376454675	2.0	trials	3.0	1.0	1.0	0.0	10000.0	1.0	False	0.0	0.0	0.0	"[nan nan nan nan nan nan nan nan nan nan nan nan nan nan nan nan nan nan
 nan nan]"	0.0	0.0	0.0
1722.8826074752844	2.0	trials	3.0	1.0	1.0	0.0	10000.0	1.0	False	0.0	0.0	0.0	"[nan nan nan nan nan nan nan nan nan nan nan nan nan nan nan nan nan nan
 nan nan]"	0.0	0.0	0.0
1729.4397404353574	2.0	trials	3.0	1.0	1.0	0.0	10000.0	1.0	False	0.0	0.0	0.0	"[nan nan nan nan nan nan nan nan nan nan nan nan nan nan nan nan nan nan
 nan nan]"	0.0	0.0	0.0
1739.3517740165628	2.0	trials	3.0	1.0	1.0	0.0	10000.0	1.0	False	0.0	0.0	0.0	"[nan nan nan nan nan nan nan nan nan nan nan nan nan nan nan nan nan nan
 nan nan]"	0.0	0.0	0.0
1745.8495503779563	2.0	trials	3.0	1.0	1.0	0.0	10000.0	1.0	False	0.0	0.0	0.0	"[nan nan nan nan nan nan nan nan nan nan nan nan nan nan nan nan nan nan
 nan nan]"	0.0	0.0	0.0
1756.559658052322	2.0	trials	3.0	1.0	1.0	0.0	10000.0	1.0	False	0.0	0.0	0.0	"[nan nan nan nan nan nan nan nan nan nan nan nan nan nan nan nan nan nan
 nan nan]"	0.0	0.0	0.0
1763.6336340594103	2.0	trials	3.0	1.0	1.0	0.0	10000.0	1.0	False	0.0	0.0	0.0	"[nan nan nan nan nan nan nan nan nan nan nan nan nan nan nan nan nan nan
 nan nan]"	0.0	0.0	0.0
1770.4494477421117	2.0	trials	3.0	1.0	1.0	0.0	10000.0	1.0	False	0.0	0.0	0.0	"[nan nan nan nan nan nan nan nan nan nan nan nan nan nan nan nan nan nan
 nan nan]"	0.0	0.0	0.0
1780.1634531949724	2.0	trials	3.0	1.0	1.0	0.0	10000.0	1.0	False	0.0	0.0	0.0	"[nan nan nan nan nan nan nan nan nan nan nan nan nan nan nan nan nan nan
 nan nan]"	0.0	0.0	0.0
1788.8159518481616	2.0	trials	3.0	1.0	1.0	0.0	10000.0	1.0	False	0.0	0.0	0.0	"[nan nan nan nan nan nan nan nan nan nan nan nan nan nan nan nan nan nan
 nan nan]"	0.0	0.0	0.0
1799.213983780999	2.0	trials	3.0	1.0	1.0	0.0	10000.0	1.0	False	0.0	0.0	0.0	"[nan nan nan nan nan nan nan nan nan nan nan nan nan nan nan nan nan nan
 nan nan]"	0.0	0.0	0.0
1808.0035987691285	2.0	trials	3.0	1.0	1.0	0.0	10000.0	1.0	False	0.0	0.0	0.0	"[nan nan nan nan nan nan nan nan nan nan nan nan nan nan nan nan nan nan
 nan nan]"	0.0	0.0	0.0
1814.0764613717085	2.0	trials	3.0	1.0	1.0	0.0	10000.0	1.0	False	0.0	0.0	0.0	"[nan nan nan nan nan nan nan nan nan nan nan nan nan nan nan nan nan nan
 nan nan]"	0.0	0.0	0.0
1819.3679250245714	2.0	trials	3.0	1.0	1.0	0.0	10000.0	1.0	False	0.0	0.0	0.0	"[nan nan nan nan nan nan nan nan nan nan nan nan nan nan nan nan nan nan
 nan nan]"	0.0	0.0	0.0
1829.381564661158	2.0	trials	3.0	1.0	1.0	0.0	10000.0	1.0	False	0.0	0.0	0.0	"[nan nan nan nan nan nan nan nan nan nan nan nan nan nan nan nan nan nan
 nan nan]"	0.0	0.0	0.0
1839.7917789526764	2.0	trials	3.0	1.0	1.0	0.0	10000.0	1.0	False	0.0	0.0	0.0	"[nan nan nan nan nan nan nan nan nan nan nan nan nan nan nan nan nan nan
 nan nan]"	0.0	0.0	0.0
1849.0318820128787	2.0	trials	3.0	1.0	1.0	0.0	10000.0	1.0	False	0.0	0.0	0.0	"[nan nan nan nan nan nan nan nan nan nan nan nan nan nan nan nan nan nan
 nan nan]"	0.0	0.0	0.0
1858.2960041916153	2.0	trials	3.0	1.0	1.0	0.0	10000.0	1.0	False	0.0	0.0	0.0	"[nan nan nan nan nan nan nan nan nan nan nan nan nan nan nan nan nan nan
 nan nan]"	0.0	0.0	0.0
1864.31365738145	2.0	trials	3.0	1.0	1.0	0.0	10000.0	1.0	False	0.0	0.0	0.0	"[nan nan nan nan nan nan nan nan nan nan nan nan nan nan nan nan nan nan
 nan nan]"	0.0	0.0	0.0
1874.784265068131	2.0	trials	3.0	1.0	1.0	0.0	10000.0	1.0	False	0.0	0.0	0.0	"[nan nan nan nan nan nan nan nan nan nan nan nan nan nan nan nan nan nan
 nan nan]"	0.0	0.0	0.0
1883.0146147531293	2.0	trials	3.0	1.0	1.0	0.0	10000.0	1.0	False	0.0	0.0	0.0	"[nan nan nan nan nan nan nan nan nan nan nan nan nan nan nan nan nan nan
 nan nan]"	0.0	0.0	0.0
1892.484109035302	2.0	trials	3.0	1.0	1.0	0.0	10000.0	1.0	False	0.0	0.0	0.0	"[nan nan nan nan nan nan nan nan nan nan nan nan nan nan nan nan nan nan
 nan nan]"	0.0	0.0	0.0
1899.2086846274572	2.0	trials	3.0	1.0	1.0	0.0	10000.0	1.0	False	0.0	0.0	0.0	"[nan nan nan nan nan nan nan nan nan nan nan nan nan nan nan nan nan nan
 nan nan]"	0.0	0.0	0.0
1908.6462974177628	2.0	trials	3.0	1.0	1.0	0.0	10000.0	1.0	False	0.0	0.0	0.0	"[nan nan nan nan nan nan nan nan nan nan nan nan nan nan nan nan nan nan
 nan nan]"	0.0	0.0	0.0
1914.7201104171195	2.0	trials	3.0	1.0	1.0	0.0	10000.0	1.0	False	0.0	0.0	0.0	"[nan nan nan nan nan nan nan nan nan nan nan nan nan nan nan nan nan nan
 nan nan]"	0.0	0.0	0.0
1923.52786934371	2.0	trials	3.0	1.0	1.0	0.0	10000.0	1.0	False	0.0	0.0	0.0	"[nan nan nan nan nan nan nan nan nan nan nan nan nan nan nan nan nan nan
 nan nan]"	0.0	0.0	0.0
1933.3498744302667	2.0	trials	3.0	1.0	1.0	0.0	10000.0	1.0	False	0.0	0.0	0.0	"[nan nan nan nan nan nan nan nan nan nan nan nan nan nan nan nan nan nan
 nan nan]"	0.0	0.0	0.0
1940.0081814471855	2.0	trials	3.0	1.0	1.0	0.0	10000.0	1.0	False	0.0	0.0	0.0	"[nan nan nan nan nan nan nan nan nan nan nan nan nan nan nan nan nan nan
 nan nan]"	0.0	0.0	0.0
1949.969981259598	2.0	trials	3.0	1.0	1.0	0.0	10000.0	1.0	False	0.0	0.0	0.0	"[nan nan nan nan nan nan nan nan nan nan nan nan nan nan nan nan nan nan
 nan nan]"	0.0	0.0	0.0
1958.1422703415217	2.0	trials	3.0	1.0	1.0	0.0	10000.0	1.0	False	0.0	0.0	0.0	"[nan nan nan nan nan nan nan nan nan nan nan nan nan nan nan nan nan nan
 nan nan]"	0.0	0.0	0.0
1963.7341457754728	2.0	trials	3.0	1.0	1.0	0.0	10000.0	1.0	False	0.0	0.0	0.0	"[nan nan nan nan nan nan nan nan nan nan nan nan nan nan nan nan nan nan
 nan nan]"	0.0	0.0	0.0
1969.7357286198137	2.0	trials	3.0	1.0	1.0	0.0	10000.0	1.0	False	0.0	0.0	0.0	"[nan nan nan nan nan nan nan nan nan nan nan nan nan nan nan nan nan nan
 nan nan]"	0.0	0.0	0.0
1976.1302573313938	2.0	trials	3.0	1.0	1.0	0.0	10000.0	1.0	False	0.0	0.0	0.0	"[nan nan nan nan nan nan nan nan nan nan nan nan nan nan nan nan nan nan
 nan nan]"	0.0	0.0	0.0
1984.8420261835552	2.0	trials	3.0	1.0	1.0	0.0	10000.0	1.0	False	0.0	0.0	0.0	"[nan nan nan nan nan nan nan nan nan nan nan nan nan nan nan nan nan nan
 nan nan]"	0.0	0.0	0.0
1994.9163184144256	2.0	trials	3.0	1.0	1.0	0.0	10000.0	1.0	False	0.0	0.0	0.0	"[nan nan nan nan nan nan nan nan nan nan nan nan nan nan nan nan nan nan
 nan nan]"	0.0	0.0	0.0
2004.5169674517588	2.0	trials	3.0	1.0	1.0	0.0	10000.0	1.0	False	0.0	0.0	0.0	"[nan nan nan nan nan nan nan nan nan nan nan nan nan nan nan nan nan nan
 nan nan]"	0.0	0.0	0.0
2010.2220265018236	2.0	trials	3.0	1.0	1.0	0.0	10000.0	1.0	False	0.0	0.0	0.0	"[nan nan nan nan nan nan nan nan nan nan nan nan nan nan nan nan nan nan
 nan nan]"	0.0	0.0	0.0
2018.7430248010244	2.0	trials	3.0	1.0	1.0	0.0	10000.0	1.0	False	0.0	0.0	0.0	"[nan nan nan nan nan nan nan nan nan nan nan nan nan nan nan nan nan nan
 nan nan]"	0.0	0.0	0.0
2028.9362030286675	2.0	trials	3.0	1.0	1.0	0.0	10000.0	1.0	False	0.0	0.0	0.0	"[nan nan nan nan nan nan nan nan nan nan nan nan nan nan nan nan nan nan
 nan nan]"	0.0	0.0	0.0
2035.8365156247728	2.0	trials	3.0	1.0	1.0	0.0	10000.0	1.0	False	0.0	0.0	0.0	"[nan nan nan nan nan nan nan nan nan nan nan nan nan nan nan nan nan nan
 nan nan]"	0.0	0.0	0.0
2044.4045153645582	2.0	trials	3.0	1.0	1.0	0.0	10000.0	1.0	False	0.0	0.0	0.0	"[nan nan nan nan nan nan nan nan nan nan nan nan nan nan nan nan nan nan
 nan nan]"	0.0	0.0	0.0
2051.3968436485725	2.0	trials	3.0	1.0	1.0	0.0	10000.0	1.0	False	0.0	0.0	0.0	"[nan nan nan nan nan nan nan nan nan nan nan nan nan nan nan nan nan nan
 nan nan]"	0.0	0.0	0.0
2057.0162805890436	2.0	trials	3.0	1.0	1.0	0.0	10000.0	1.0	False	0.0	0.0	0.0	"[nan nan nan nan nan nan nan nan nan nan nan nan nan nan nan nan nan nan
 nan nan]"	0.0	0.0	0.0
2066.292498726754	2.0	trials	3.0	1.0	1.0	0.0	10000.0	1.0	False	0.0	0.0	0.0	"[nan nan nan nan nan nan nan nan nan nan nan nan nan nan nan nan nan nan
 nan nan]"	0.0	0.0	0.0
2076.7265593373922	2.0	trials	3.0	1.0	1.0	0.0	10000.0	1.0	False	0.0	0.0	0.0	"[nan nan nan nan nan nan nan nan nan nan nan nan nan nan nan nan nan nan
 nan nan]"	0.0	0.0	0.0
2087.56834016516	2.0	trials	3.0	1.0	1.0	0.0	10000.0	1.0	False	0.0	0.0	0.0	"[nan nan nan nan nan nan nan nan nan nan nan nan nan nan nan nan nan nan
 nan nan]"	0.0	0.0	0.0
2094.7262966874105	2.0	trials	3.0	1.0	1.0	0.0	10000.0	1.0	False	0.0	0.0	0.0	"[nan nan nan nan nan nan nan nan nan nan nan nan nan nan nan nan nan nan
 nan nan]"	0.0	0.0	0.0
2153.821622652898	2.0	trials	4.0	1.0	1.0	1.0	0.0	1.0	False	0.0	0.0	0.0	"[nan nan nan nan nan nan nan nan nan nan nan nan nan nan nan nan nan nan
 nan nan]"	1.0	0.02	5.0
2160.4363842175107	2.0	trials	4.0	1.0	1.0	1.0	0.0	1.0	False	0.0	0.0	0.0	"[nan nan nan nan nan nan nan nan nan nan nan nan nan nan nan nan nan nan
 nan nan]"	1.0	0.02	5.0
2168.761600780748	2.0	trials	4.0	1.0	1.0	1.0	0.0	1.0	False	0.0	0.0	0.0	"[nan nan nan nan nan nan nan nan nan nan nan nan nan nan nan nan nan nan
 nan nan]"	1.0	0.02	5.0
2179.1810598409106	2.0	trials	4.0	1.0	1.0	1.0	0.0	1.0	False	0.0	0.0	0.0	"[nan nan nan nan nan nan nan nan nan nan nan nan nan nan nan nan nan nan
 nan nan]"	1.0	0.02	5.0
2188.927551583587	2.0	trials	4.0	1.0	1.0	1.0	0.0	1.0	False	0.0	0.0	0.0	"[nan nan nan nan nan nan nan nan nan nan nan nan nan nan nan nan nan nan
 nan nan]"	1.0	0.02	5.0
2199.1996991433884	2.0	trials	4.0	1.0	1.0	1.0	0.0	1.0	False	0.0	0.0	0.0	"[nan nan nan nan nan nan nan nan nan nan nan nan nan nan nan nan nan nan
 nan nan]"	1.0	0.02	5.0
2205.6271461433194	2.0	trials	4.0	1.0	1.0	1.0	0.0	1.0	False	0.0	0.0	0.0	"[nan nan nan nan nan nan nan nan nan nan nan nan nan nan nan nan nan nan
 nan nan]"	1.0	0.02	5.0
2210.9528240801365	2.0	trials	4.0	1.0	1.0	1.0	0.0	1.0	False	0.0	0.0	0.0	"[nan nan nan nan nan nan nan nan nan nan nan nan nan nan nan nan nan nan
 nan nan]"	1.0	0.02	5.0
2219.20969847517	2.0	trials	4.0	1.0	1.0	1.0	0.0	1.0	False	0.0	0.0	0.0	"[nan nan nan nan nan nan nan nan nan nan nan nan nan nan nan nan nan nan
 nan nan]"	1.0	0.02	5.0
2225.5081507126147	2.0	trials	4.0	1.0	1.0	1.0	0.0	1.0	False	0.0	0.0	0.0	"[nan nan nan nan nan nan nan nan nan nan nan nan nan nan nan nan nan nan
 nan nan]"	1.0	0.02	5.0
2232.865776957642	2.0	trials	4.0	1.0	1.0	1.0	0.0	1.0	False	0.0	0.0	0.0	"[nan nan nan nan nan nan nan nan nan nan nan nan nan nan nan nan nan nan
 nan nan]"	1.0	0.02	5.0
2241.0616531595647	2.0	trials	4.0	1.0	1.0	1.0	0.0	1.0	False	0.0	0.0	0.0	"[nan nan nan nan nan nan nan nan nan nan nan nan nan nan nan nan nan nan
 nan nan]"	1.0	0.02	5.0
2250.7516394938916	2.0	trials	4.0	1.0	1.0	1.0	0.0	1.0	False	0.0	0.0	0.0	"[nan nan nan nan nan nan nan nan nan nan nan nan nan nan nan nan nan nan
 nan nan]"	1.0	0.02	5.0
2261.4562175870115	2.0	trials	4.0	1.0	1.0	1.0	0.0	1.0	False	0.0	0.0	0.0	"[nan nan nan nan nan nan nan nan nan nan nan nan nan nan nan nan nan nan
 nan nan]"	1.0	0.02	5.0
2268.685626666915	2.0	trials	4.0	1.0	1.0	1.0	0.0	1.0	False	0.0	0.0	0.0	"[nan nan nan nan nan nan nan nan nan nan nan nan nan nan nan nan nan nan
 nan nan]"	1.0	0.02	5.0
2276.5941374434997	2.0	trials	4.0	1.0	1.0	1.0	0.0	1.0	False	0.0	0.0	0.0	"[nan nan nan nan nan nan nan nan nan nan nan nan nan nan nan nan nan nan
 nan nan]"	1.0	0.02	5.0
2282.131753861482	2.0	trials	4.0	1.0	1.0	1.0	0.0	1.0	False	0.0	0.0	0.0	"[nan nan nan nan nan nan nan nan nan nan nan nan nan nan nan nan nan nan
 nan nan]"	1.0	0.02	5.0
2290.189649731394	2.0	trials	4.0	1.0	1.0	1.0	0.0	1.0	False	0.0	0.0	0.0	"[nan nan nan nan nan nan nan nan nan nan nan nan nan nan nan nan nan nan
 nan nan]"	1.0	0.02	5.0
2299.0762051907295	2.0	trials	4.0	1.0	1.0	1.0	0.0	1.0	False	0.0	0.0	0.0	"[nan nan nan nan nan nan nan nan nan nan nan nan nan nan nan nan nan nan
 nan nan]"	1.0	0.02	5.0
2306.8930458782324	2.0	trials	4.0	1.0	1.0	1.0	0.0	1.0	False	0.0	0.0	0.0	"[nan nan nan nan nan nan nan nan nan nan nan nan nan nan nan nan nan nan
 nan nan]"	1.0	0.02	5.0
2314.1540772508824	2.0	trials	4.0	1.0	1.0	1.0	0.0	1.0	False	0.0	0.0	0.0	"[nan nan nan nan nan nan nan nan nan nan nan nan nan nan nan nan nan nan
 nan nan]"	1.0	0.02	5.0
2323.9223417197118	2.0	trials	4.0	1.0	1.0	1.0	0.0	1.0	False	0.0	0.0	0.0	"[nan nan nan nan nan nan nan nan nan nan nan nan nan nan nan nan nan nan
 nan nan]"	1.0	0.02	5.0
2330.5399544746547	2.0	trials	4.0	1.0	1.0	1.0	0.0	1.0	False	0.0	0.0	0.0	"[nan nan nan nan nan nan nan nan nan nan nan nan nan nan nan nan nan nan
 nan nan]"	1.0	0.02	5.0
2338.7122435565775	2.0	trials	4.0	1.0	1.0	1.0	0.0	1.0	False	0.0	0.0	0.0	"[nan nan nan nan nan nan nan nan nan nan nan nan nan nan nan nan nan nan
 nan nan]"	1.0	0.02	5.0
2345.8538705342135	2.0	trials	4.0	1.0	1.0	1.0	0.0	1.0	False	0.0	0.0	0.0	"[nan nan nan nan nan nan nan nan nan nan nan nan nan nan nan nan nan nan
 nan nan]"	1.0	0.02	5.0
2356.2321169341576	2.0	trials	4.0	1.0	1.0	1.0	0.0	1.0	False	0.0	0.0	0.0	"[nan nan nan nan nan nan nan nan nan nan nan nan nan nan nan nan nan nan
 nan nan]"	1.0	0.02	5.0
2366.7801387582726	2.0	trials	4.0	1.0	1.0	1.0	0.0	1.0	False	0.0	0.0	0.0	"[nan nan nan nan nan nan nan nan nan nan nan nan nan nan nan nan nan nan
 nan nan]"	1.0	0.02	5.0
2374.5142085265106	2.0	trials	4.0	1.0	1.0	1.0	0.0	1.0	False	0.0	0.0	0.0	"[nan nan nan nan nan nan nan nan nan nan nan nan nan nan nan nan nan nan
 nan nan]"	1.0	0.02	5.0
2384.8279143453587	2.0	trials	4.0	1.0	1.0	1.0	0.0	1.0	False	0.0	0.0	0.0	"[nan nan nan nan nan nan nan nan nan nan nan nan nan nan nan nan nan nan
 nan nan]"	1.0	0.02	5.0
2394.6213211289123	2.0	trials	4.0	1.0	1.0	1.0	0.0	1.0	False	0.0	0.0	0.0	"[nan nan nan nan nan nan nan nan nan nan nan nan nan nan nan nan nan nan
 nan nan]"	1.0	0.02	5.0
2404.6307271798582	2.0	trials	4.0	1.0	1.0	1.0	0.0	1.0	False	0.0	0.0	0.0	"[nan nan nan nan nan nan nan nan nan nan nan nan nan nan nan nan nan nan
 nan nan]"	1.0	0.02	5.0
2412.6500887804677	2.0	trials	4.0	1.0	1.0	1.0	0.0	1.0	False	0.0	0.0	0.0	"[nan nan nan nan nan nan nan nan nan nan nan nan nan nan nan nan nan nan
 nan nan]"	1.0	0.02	5.0
2419.382267546835	2.0	trials	4.0	1.0	1.0	1.0	0.0	1.0	False	0.0	0.0	0.0	"[nan nan nan nan nan nan nan nan nan nan nan nan nan nan nan nan nan nan
 nan nan]"	1.0	0.02	5.0
2425.8443608292555	2.0	trials	4.0	1.0	1.0	1.0	0.0	1.0	False	0.0	0.0	0.0	"[nan nan nan nan nan nan nan nan nan nan nan nan nan nan nan nan nan nan
 nan nan]"	1.0	0.02	5.0
2436.7943140901334	2.0	trials	4.0	1.0	1.0	1.0	0.0	1.0	False	0.0	0.0	0.0	"[nan nan nan nan nan nan nan nan nan nan nan nan nan nan nan nan nan nan
 nan nan]"	1.0	0.02	5.0
2445.111236281502	2.0	trials	4.0	1.0	1.0	1.0	0.0	1.0	False	0.0	0.0	0.0	"[nan nan nan nan nan nan nan nan nan nan nan nan nan nan nan nan nan nan
 nan nan]"	1.0	0.02	5.0
2455.93029398634	2.0	trials	4.0	1.0	1.0	1.0	0.0	1.0	False	0.0	0.0	0.0	"[nan nan nan nan nan nan nan nan nan nan nan nan nan nan nan nan nan nan
 nan nan]"	1.0	0.02	5.0
2464.9404010266235	2.0	trials	4.0	1.0	1.0	1.0	0.0	1.0	False	0.0	0.0	0.0	"[nan nan nan nan nan nan nan nan nan nan nan nan nan nan nan nan nan nan
 nan nan]"	1.0	0.02	5.0
2476.0013779109404	2.0	trials	4.0	1.0	1.0	1.0	0.0	1.0	False	0.0	0.0	0.0	"[nan nan nan nan nan nan nan nan nan nan nan nan nan nan nan nan nan nan
 nan nan]"	1.0	0.02	5.0
2482.493106292847	2.0	trials	4.0	1.0	1.0	1.0	0.0	1.0	False	0.0	0.0	0.0	"[nan nan nan nan nan nan nan nan nan nan nan nan nan nan nan nan nan nan
 nan nan]"	1.0	0.02	5.0
2488.0707257751505	2.0	trials	4.0	1.0	1.0	1.0	0.0	1.0	False	0.0	0.0	0.0	"[nan nan nan nan nan nan nan nan nan nan nan nan nan nan nan nan nan nan
 nan nan]"	1.0	0.02	5.0
2495.582316297975	2.0	trials	4.0	1.0	1.0	1.0	0.0	1.0	False	0.0	0.0	0.0	"[nan nan nan nan nan nan nan nan nan nan nan nan nan nan nan nan nan nan
 nan nan]"	1.0	0.02	5.0
2502.3206294435363	2.0	trials	4.0	1.0	1.0	1.0	0.0	1.0	False	0.0	0.0	0.0	"[nan nan nan nan nan nan nan nan nan nan nan nan nan nan nan nan nan nan
 nan nan]"	1.0	0.02	5.0
2509.435645311429	2.0	trials	4.0	1.0	1.0	1.0	0.0	1.0	False	0.0	0.0	0.0	"[nan nan nan nan nan nan nan nan nan nan nan nan nan nan nan nan nan nan
 nan nan]"	1.0	0.02	5.0
2515.010759202231	2.0	trials	4.0	1.0	1.0	1.0	0.0	1.0	False	0.0	0.0	0.0	"[nan nan nan nan nan nan nan nan nan nan nan nan nan nan nan nan nan nan
 nan nan]"	1.0	0.02	5.0
2522.510944963737	2.0	trials	4.0	1.0	1.0	1.0	0.0	1.0	False	0.0	0.0	0.0	"[nan nan nan nan nan nan nan nan nan nan nan nan nan nan nan nan nan nan
 nan nan]"	1.0	0.02	5.0
2528.2522054910173	2.0	trials	4.0	1.0	1.0	1.0	0.0	1.0	False	0.0	0.0	0.0	"[nan nan nan nan nan nan nan nan nan nan nan nan nan nan nan nan nan nan
 nan nan]"	1.0	0.02	5.0
2537.6725383399316	2.0	trials	4.0	1.0	1.0	1.0	0.0	1.0	False	0.0	0.0	0.0	"[nan nan nan nan nan nan nan nan nan nan nan nan nan nan nan nan nan nan
 nan nan]"	1.0	0.02	5.0
2548.262377622213	2.0	trials	4.0	1.0	1.0	1.0	0.0	1.0	False	0.0	0.0	0.0	"[nan nan nan nan nan nan nan nan nan nan nan nan nan nan nan nan nan nan
 nan nan]"	1.0	0.02	5.0
2558.6845150732915	2.0	trials	4.0	1.0	1.0	1.0	0.0	1.0	False	0.0	0.0	0.0	"[nan nan nan nan nan nan nan nan nan nan nan nan nan nan nan nan nan nan
 nan nan]"	1.0	0.02	5.0
3305.8714272281213	2.0	trials	7.0	1.0	1.0	0.0	10000.0	0.0	True	40.0	0.0	0.005	"[30633966.65138281 30634255.6504026  30634545.649419   30634834.6484388
 30635124.6474552  30635413.64647499 30635703.6454914  30635993.6445078
 30636282.6435276  30636572.64254401 30636862.64156041 30637151.64058021
 30637441.63959661 30637731.63861302 30638019.6376362  30638309.6366526
 30638599.63566901 30638890.63468203 30639179.63370182 30706518.40530745]"	0.0	0.0	0.0
3312.377325161968	2.0	trials	7.0	1.0	1.0	0.0	10000.0	0.0	True	40.0	0.0	0.005	"[30706808.40432386 30707097.40334366 30707387.40236006 30707677.40137647
 30707967.40039287 30708256.39941266 30708545.39843246 30708836.39744547
 30709126.39646188 30709414.39548507 30709704.39450147 30709995.39351448
 30710284.39253427 30710573.39155407 30710863.39057047 30711152.38959027
 30711442.38860667 30711731.38762647 30712022.38663948 30792633.11323034]"	0.0	0.0	0.0
3318.161699143019	2.0	trials	7.0	1.0	1.0	0.0	10000.0	0.0	True	40.0	0.0	0.005	"[30792921.11225353 30793211.11126994 30793501.11028634 30793789.10930952
 30794079.10832593 30794369.10734234 30794659.10635874 30794949.10537514
 30795238.10439494 30795527.10341473 30795817.10243114 30796108.10144415
 30796396.10046734 30796687.09948035 30796976.09850015 30797265.09751995
 30797556.09653296 30797844.09555614 30798135.09456915 30876723.82801805]"	0.0	0.0	0.0
3324.261864052998	2.0	trials	7.0	1.0	1.0	0.0	10000.0	0.0	True	40.0	0.0	0.005	"[30877013.82703446 30877305.82604408 30877594.82506388 30877883.82408367
 30878172.82310347 30878463.82211648 30878751.82113967 30879041.82015607
 30879331.81917247 30879620.81819227 30879912.81720189 30880199.81622847
 30880491.81523809 30880780.81425789 30881068.81328107 30881358.81229747
 30881648.81131388 30881938.81033028 30882228.80934669 30939223.61603618]"	0.0	0.0	0.0
3329.877672205776	2.0	trials	7.0	1.0	1.0	0.0	10000.0	0.0	True	40.0	0.0	0.005	"[30939514.61504919 30939803.61406898 30940093.61308539 30940382.61210518
 30940671.61112498 30940961.61014138 30941250.60916118 30941541.60817419
 30941830.60719399 30942121.606207   30942409.60523019 30942698.60424998
 30942988.60326639 30943278.60228279 30943567.60130258 30943858.6003156
 30944148.599332   30944437.5983518  30944726.59737159 31009713.37695453]"	0.0	0.0	0.0
3336.2806680886374	2.0	trials	7.0	1.0	1.0	0.0	10000.0	0.0	True	40.0	0.0	0.005	"[31010003.37597094 31010292.37499074 31010583.37400375 31010871.37302694
 31011162.37203994 31011450.37106313 31011740.37007954 31012031.36909255
 31012319.36811574 31012610.36712875 31012898.36615194 31013187.36517173
 31013480.36417796 31013768.36320115 31014058.36221756 31014348.36123396
 31014637.36025376 31014926.35927355 31015215.35829335 31097217.08016634]"	0.0	0.0	0.0
3343.966699619809	2.0	trials	7.0	1.0	1.0	0.0	10000.0	0.0	True	40.0	0.0	0.005	"[31097506.07918613 31097795.07820593 31098085.07722233 31098375.07623874
 31098665.07525514 31098954.07427494 31099244.07329134 31099534.07230775
 31099823.07132754 31100112.07034734 31100401.06936713 31100691.06838354
 31100982.06739656 31101270.06641974 31101561.06543275 31101851.06444915
 31102140.06346895 31102430.06248535 31102720.06150176 31172962.82325787]"	0.0	0.0	0.0
3349.6617363038663	2.0	trials	7.0	1.0	1.0	0.0	10000.0	0.0	True	40.0	0.0	0.005	"[31173252.82227427 31173541.82129407 31173830.82031387 31174121.81932688
 31174410.81834668 31174698.81736986 31174989.81638287 31175279.81539928
 31175568.81441908 31175858.81343548 31176148.81245188 31176438.81146828
 31176727.81048808 31177017.80950449 31177307.80852089 31177596.80754068
 31177885.80656048 31178174.80558028 31178464.80459668 31240891.5928624 ]"	0.0	0.0	0.0
3356.709619599454	2.0	trials	7.0	1.0	1.0	0.0	10000.0	0.0	True	40.0	0.0	0.005	"[31241182.59187541 31241472.59089182 31241761.58991161 31242050.5889314
 31242340.58794781 31242630.58696421 31242920.58598062 31243208.5850038
 31243499.58401682 31243788.58303661 31244077.58205641 31244368.58106942
 31244656.58009261 31244947.57910562 31245236.57812542 31245526.57714183
 31245816.57615823 31246106.57517463 31246396.57419103 31312142.35119967]"	0.0	0.0	0.0
3362.040567918396	2.0	trials	7.0	1.0	1.0	0.0	10000.0	0.0	True	40.0	0.0	0.005	"[31312432.35021607 31312720.34923926 31313010.34825566 31313300.34727206
 31313590.34628846 31313879.34530827 31314168.34432806 31314458.34334446
 31314749.34235748 31315038.34137727 31315327.34039707 31315617.33941347
 31315906.33843327 31316196.33744967 31316485.33646947 31316776.33548248
 31317065.33450228 31317355.33351868 31317644.33253847 31385410.10269585]"	0.0	0.0	0.0
3369.489605053384	2.0	trials	7.0	1.0	1.0	0.0	10000.0	0.0	True	40.0	0.0	0.005	"[31385699.10171564 31385988.10073545 31386279.09974846 31386569.09876486
 31386858.09778466 31387148.09680106 31387437.09582086 31387726.09484065
 31388017.09385367 31388306.09287347 31388595.09189326 31388885.09090966
 31389176.08992267 31389465.08894246 31389754.08796227 31390043.08698206
 31390334.08599507 31390623.08501487 31390913.08403128 31454919.86693809]"	0.0	0.0	0.0
3375.2431343390513	2.0	trials	7.0	1.0	1.0	0.0	10000.0	0.0	True	40.0	0.0	0.005	"[31455209.8659545  31455499.8649709  31455789.8639873  31456079.8630037
 31456368.8620235  31456657.86104329 31456947.8600597  31457237.8590761
 31457527.85809251 31457817.85710891 31458105.8561321  31458396.85514511
 31458684.8541683  31458975.85318132 31459265.85219772 31459553.85122091
 31459843.85023731 31460134.84925032 31460423.84827011 31547977.55131233]"	0.0	0.0	0.0
3382.0529864419727	2.0	trials	7.0	1.0	1.0	0.0	10000.0	0.0	True	40.0	0.0	0.005	"[31548266.55033213 31548555.54935192 31548845.54836833 31549136.54738135
 31549425.54640114 31549715.54541754 31550004.54443733 31550294.54345374
 31550583.54247354 31550874.54148655 31551162.54050974 31551453.53952275
 31551741.53854594 31552031.53756234 31552322.53657536 31552611.53559515
 31552900.53461495 31553191.53362796 31553480.53264775 31639095.2422665 ]"	0.0	0.0	0.0
3388.743866148414	2.0	trials	7.0	1.0	1.0	0.0	10000.0	0.0	True	40.0	0.0	0.005	"[31639384.2412863  31639674.2403027  31639963.23932249 31640253.2383389
 31640543.23735531 31640832.2363751  31641122.2353915  31641411.2344113
 31641702.23342431 31641991.2324441  31642281.23146051 31642571.23047691
 31642860.22949671 31643150.22851311 31643439.22753291 31643729.22654931
 31644019.22556572 31644308.22458551 31644597.2236053  31707974.00864891]"	0.0	0.0	0.0
3396.369417884715	2.0	trials	7.0	1.0	1.0	0.0	10000.0	0.0	True	40.0	0.0	0.005	"[31708264.00766531 31708554.00668171 31708844.00569811 31709134.00471452
 31709423.00373432 31709712.00275411 31710002.00177051 31710292.00078692
 31710581.99980332 31710870.99882312 31711159.99784292 31711450.99685592
 31711739.99587573 31712029.99489213 31712317.99391532 31712608.99292833
 31712897.99194812 31713187.99096452 31713477.98998093 31776104.7775683 ]"	0.0	0.0	0.0
3403.50992166616	2.0	trials	7.0	1.0	1.0	0.0	10000.0	0.0	True	40.0	0.0	0.005	"[31776394.77658471 31776683.77560451 31776974.77461752 31777264.77363392
 31777553.77265372 31777843.77167012 31778131.77069331 31778421.76970971
 31778711.76872612 31779000.76774592 31779291.76675892 31779580.76577872
 31779869.76479851 31780160.76381153 31780449.76283132 31780738.76185112
 31781028.76086752 31781318.75988393 31781608.75890033 31868535.46406915]"	0.0	0.0	0.0
3409.2190415024525	2.0	trials	7.0	1.0	1.0	0.0	10000.0	0.0	True	40.0	0.0	0.005	"[31868824.46308895 31869114.46210536 31869403.46112515 31869691.46014834
 31869983.45915796 31870271.45818115 31870561.45719755 31870850.45621734
 31871141.45523036 31871430.45425015 31871719.45326995 31872008.45228975
 31872298.45130615 31872589.45031916 31872878.44933896 31873168.44835536
 31873458.44737177 31873746.44639495 31874037.44540796 31950130.18732257]"	0.0	0.0	0.0
3416.3437341375243	2.0	trials	7.0	1.0	1.0	0.0	10000.0	0.0	True	40.0	0.0	0.005	"[31950419.18634237 31950709.18535877 31951000.18437179 31951288.18339498
 31951577.18241477 31951868.18142778 31952157.18044757 31952447.17946398
 31952735.17848716 31953026.17750018 31953316.17651659 31953605.17553638
 31953894.17455618 31954185.17356919 31954474.17258898 31954764.17160539
 31955053.17062519 31955343.16964159 31955633.16865799 32035475.89785369]"	0.0	0.0	0.0
3422.8714911972315	2.0	trials	7.0	1.0	1.0	0.0	10000.0	0.0	True	40.0	0.0	0.005	"[32035765.89687009 32036055.89588649 32036345.8949029  32036635.8939193
 32036924.8929391  32037213.89195889 32037503.8909753  32037793.8899917
 32038083.88900811 32038372.8880279  32038662.8870443  32038951.8860641
 32039241.88508051 32039530.8841003  32039821.88311331 32040110.88213311
 32040399.88115291 32040690.88016592 32040978.87918911 32107802.65254147]"	0.0	0.0	0.0
3429.0339502959255	2.0	trials	7.0	1.0	1.0	0.0	10000.0	0.0	True	40.0	0.0	0.005	"[32108093.65155448 32108383.6505709  32108672.64959069 32108961.64861048
 32109251.64762688 32109541.64664329 32109830.64566309 32110120.64467949
 32110410.64369589 32110699.64271569 32110990.64172871 32111278.64075189
 32111568.63976829 32111859.63878131 32112147.63780449 32112437.63682089
 32112728.63583391 32113017.63485371 32113306.6338735  32178131.4140059 ]"	0.0	0.0	0.0
3434.6999566784466	2.0	trials	7.0	1.0	1.0	0.0	10000.0	0.0	True	40.0	0.0	0.005	"[32178420.4130257  32178712.41203531 32179000.4110585  32179289.4100783
 32179580.40909131 32179869.40811111 32180159.40712751 32180449.40614391
 32180738.40516371 32181026.4041869  32181317.40319991 32181607.40221631
 32181897.40123272 32182187.40024912 32182475.39927232 32182765.39828872
 32183055.39730512 32183344.39632491 32183634.39534131 32252015.16341279]"	0.0	0.0	0.0
3441.831474890368	2.0	trials	7.0	1.0	1.0	0.0	10000.0	0.0	True	40.0	0.0	0.005	"[32252305.1624292  32252594.161449   32252884.1604654  32253172.15948858
 32253462.15850499 32253753.157518   32254042.15653779 32254331.15555759
 32254622.1545706  32254912.15358701 32255201.15260681 32255491.15162321
 32255779.1506464  32256070.14965941 32256358.14868259 32256648.147699
 32256648.147699   32256938.1467154  32257228.14573181 32257518.14474821]"	0.0	0.0	0.0
3448.329424051175	2.0	trials	7.0	1.0	1.0	0.0	10000.0	0.0	True	40.0	0.0	0.005	"[32331182.89489789 32331472.8939143  32331762.8929307  32332051.89195049
 32332340.89097029 32332629.88999009 32332920.8890031  32333210.88801951
 32333499.8870393  32333788.88605909 32334079.88507211 32334369.88408851
 32334658.88310831 32334948.88212471 32335237.8811445  32335528.88015752
 32335816.87918071 32336106.87819711 32336396.87721352 32336685.87623331]"	0.0	0.0	0.0
3454.047702256404	2.0	trials	7.0	1.0	1.0	0.0	10000.0	0.0	True	40.0	0.0	0.005	"[32406749.63859653 32407040.63760955 32407329.63662934 32407618.63564915
 32407909.63466215 32408199.63367856 32408488.63269835 32408777.63171815
 32409067.63073456 32409356.62975435 32409646.62877075 32409937.62778377
 32410226.62680356 32410515.62582336 32410806.62483637 32411094.62385956
 32411385.62287257 32411675.62188897 32411963.62091216 32412254.61992517]"	0.0	0.0	0.0
3460.976785954926	2.0	trials	7.0	1.0	1.0	0.0	10000.0	0.0	True	40.0	0.0	0.005	"[32483121.37956486 32483411.37858126 32483700.37760106 32483990.37661746
 32484280.37563387 32484569.37465367 32484858.37367346 32485149.37268648
 32485439.37170288 32485729.37071928 32486017.36974247 32486307.36875887
 32486596.36777866 32486887.36679168 32487175.36581487 32487466.36482788
 32487754.36385107 32488045.36286408 32488334.36188387 32488624.36090028]"	0.0	0.0	0.0
3466.9774184024905	2.0	trials	7.0	1.0	1.0	0.0	10000.0	0.0	True	40.0	0.0	0.005	"[32543424.17503457 32543713.17405436 32544003.17307077 32544293.17208717
 32544582.17110697 32544872.17012337 32545161.16914317 32545451.16815957
 32545740.16717936 32546030.16619577 32546320.16521218 32546610.16422858
 32546898.16325177 32547189.16226478 32547479.16128118 32547768.16030098
 32548058.15931738 32548347.15833718 32548638.15735019 32548926.15637338]"	0.0	0.0	0.0
3474.7153761575414	2.0	trials	7.0	1.0	1.0	0.0	10000.0	0.0	True	40.0	0.0	0.005	"[32625081.89807431 32625371.89709071 32625660.89611051 32625950.89512691
 32626240.89414332 32626529.89316311 32626819.89217952 32627109.89119592
 32627397.89021911 32627687.88923551 32627977.88825192 32628267.88726832
 32628556.88628811 32628846.88530452 32629136.88432092 32629426.88333733
 32629716.88235373 32630006.88137014 32630295.88038993 32630584.87940973]"	0.0	0.0	0.0
3481.230432460326	2.0	trials	7.0	1.0	1.0	0.0	10000.0	0.0	True	40.0	0.0	0.005	"[32699595.64534443 32699884.64436422 32700174.64338062 32700465.64239364
 32700754.64141344 32701043.64043323 32701332.63945303 32701622.63846943
 32701912.63748584 32702202.63650224 32702491.63552203 32702781.63453844
 32703071.63355484 32703360.63257464 32703650.63159104 32703939.63061084
 32704229.62962725 32704519.62864365 32704809.62766005 32705099.62667646]"	0.0	0.0	0.0
3488.8188323226354	2.0	trials	7.0	1.0	1.0	0.0	10000.0	0.0	True	40.0	0.0	0.005	"[32774615.39089834 32774906.38991135 32775197.38892436 32775485.38794755
 32775776.38696056 32776065.38598036 32776354.38500015 32776643.38401995
 32776933.38303636 32777223.38205276 32777513.38106916 32777803.38008557
 32778093.37910197 32778382.37812177 32778671.37714156 32778961.37615796
 32779251.37517437 32779541.37419078 32779830.37321057 32780119.37223037]"	0.0	0.0	0.0
3494.3557575429622	2.0	trials	7.0	1.0	1.0	0.0	10000.0	0.0	True	40.0	0.0	0.005	"[32849584.13662523 32849872.13564842 32850161.13466821 32850451.13368462
 32850742.13269763 32851030.13172081 32851321.13073383 32851611.12975023
 32851901.12876664 32852190.12778643 32852479.12680623 32852768.12582602
 32853058.12484243 32853347.12386223 32853638.12287524 32853928.12189164
 32854218.12090805 32854507.11992784 32854796.11894764 32855086.11796404]"	0.0	0.0	0.0
3502.0485282512755	2.0	trials	7.0	1.0	1.0	0.0	10000.0	0.0	True	40.0	0.0	0.005	"[32915136.91428846 32915425.91330826 32915715.91232466 32916004.91134445
 32916294.91036086 32916583.90938066 32916873.90839706 32917162.90741686
 32917453.90642987 32917743.90544627 32918032.90446607 32918322.90348247
 32918611.90250227 32918901.90151867 32919192.90053169 32919481.89955148
 32919769.89857467 32920060.89758768 32920348.89661087 32920639.89562388]"	0.0	0.0	0.0
3507.315886385897	2.0	trials	7.0	1.0	1.0	0.0	10000.0	0.0	True	40.0	0.0	0.005	"[32995522.64164246 32995811.64066225 32996102.63967526 32996390.63869845
 32996680.63771486 32996970.63673126 32997260.63574767 32997549.63476746
 32997839.63378386 32998129.63280027 32998419.63181667 32998707.63083985
 32998997.62985627 32999287.62887267 32999576.62789246 32999866.62690887
 33000156.62592527 33000446.62494167 33000736.62395808 33001025.62297788]"	0.0	0.0	0.0
3514.5936793016963	2.0	trials	7.0	1.0	1.0	0.0	10000.0	0.0	True	40.0	0.0	0.005	"[33055834.43708164 33056124.43609804 33056413.43511784 33056704.43413085
 33056993.43315065 33057283.43216705 33057573.43118345 33057862.43020325
 33058151.42922305 33058442.42823606 33058730.42725925 33059021.42627226
 33059310.42529205 33059600.42430846 33059889.42332826 33060179.42234466
 33060469.42136107 33060759.42037747 33061047.41940065 33061337.41841706]"	0.0	0.0	0.0
3522.2729716557246	2.0	trials	7.0	1.0	1.0	0.0	10000.0	0.0	True	40.0	0.0	0.005	"[33127243.19488302 33127532.19390281 33127822.19291922 33128112.19193562
 33128401.19095542 33128690.18997521 33128981.18898822 33129271.18800463
 33129560.18702442 33129850.18604083 33130139.18506063 33130429.18407703
 33130718.18309683 33131009.18210984 33131297.18113302 33131588.18014604
 33131877.17916583 33132165.17818902 33132457.17719864 33132745.17622183]"	0.0	0.0	0.0
3529.9485488223527	2.0	trials	7.0	1.0	1.0	0.0	10000.0	0.0	True	40.0	0.0	0.005	"[33187910.98911475 33188200.98813116 33188489.98715095 33188779.98616735
 33189067.98519054 33189358.98420355 33189647.98322335 33189938.98223636
 33190226.98125955 33190516.98027595 33190806.97929236 33191095.97831216
 33191385.97732856 33191675.97634497 33191965.97536137 33192254.97438116
 33192544.97339757 33192832.97242075 33193123.97143377 33193413.97045017]"	0.0	0.0	0.0
3535.203897397708	2.0	trials	7.0	1.0	1.0	0.0	10000.0	0.0	True	40.0	0.0	0.005	"[33252362.77051225 33252651.76953205 33252940.76855185 33253230.76756825
 33253521.76658126 33253809.76560445 33254099.76462086 33254389.76363726
 33254679.76265366 33254968.76167346 33255257.76069326 33255548.75970627
 33255838.75872267 33256127.75774246 33256417.75675888 33256707.75577528
 33256995.75479846 33257286.75381147 33257576.75282788 33257865.75184767]"	0.0	0.0	0.0
3542.541997308963	2.0	trials	7.0	1.0	1.0	0.0	10000.0	0.0	True	40.0	0.0	0.005	"[33323334.52979581 33323623.5288156  33323913.52783201 33324202.52685181
 33324492.52586821 33324781.52488801 33325072.52390102 33325360.52292421
 33325651.52193722 33325940.52095701 33326229.51997681 33326519.51899322
 33326808.51801301 33327099.51702603 33327389.51604243 33327678.51506222
 33327968.51407862 33328258.51309503 33328547.51211482 33328837.51113123]"	0.0	0.0	0.0
3549.3322366784055	2.0	trials	7.0	1.0	1.0	0.0	10000.0	0.0	True	40.0	0.0	0.005	"[33401631.26423508 33401918.26326167 33402209.26227468 33402499.26129108
 33402790.2603041  33403078.25932728 33403368.25834369 33403659.2573567
 33403947.25637989 33404237.25539629 33404528.25440931 33404816.25343249
 33405107.2524455  33405396.2514653  33405685.2504851  33405975.2495015
 33406264.2485213  33406555.24753431 33406845.24655072 33407134.24557051]"	0.0	0.0	0.0
3555.92764470866	2.0	trials	7.0	1.0	1.0	0.0	10000.0	0.0	True	40.0	0.0	0.005	"[33480575.99647654 33480866.99548955 33481155.99450935 33481444.99352914
 33481734.99254555 33482023.99156534 33482314.99057836 33482603.98959815
 33482893.98861456 33483182.98763435 33483472.98665076 33483761.98567055
 33484050.98469035 33484342.98369997 33484631.98271976 33484921.98173617
 33485210.98075596 33485500.97977236 33485789.97879216 33486079.97780857]"	0.0	0.0	0.0
3563.0378221929627	2.0	trials	7.0	1.0	1.0	0.0	10000.0	0.0	True	40.0	0.0	0.005	"[33573832.68017583 33574121.67919564 33574412.67820864 33574701.67722844
 33574991.67624484 33575281.67526124 33575570.67428105 33575859.67330084
 33576149.67231724 33576440.67133025 33576729.67035005 33577019.66936646
 33577308.66838625 33577598.66740265 33577888.66641906 33578178.66543546
 33578467.66445526 33578757.66347166 33579046.66249146 33579335.66151125]"	0.0	0.0	0.0
3569.5600496714255	2.0	trials	7.0	1.0	1.0	0.0	10000.0	0.0	True	40.0	0.0	0.005	"[33661179.38392014 33661468.38293993 33661759.38195295 33662049.38096935
 33662337.37999254 33662627.37900894 33662916.37802874 33663207.37704175
 33663495.37606494 33663785.37508134 33664075.37409774 33664364.37311754
 33664655.37213055 33664943.37115374 33665234.37016675 33665524.36918316
 33665813.36820295 33666102.36722275 33666392.36623915 33666681.36525895]"	0.0	0.0	0.0
3576.597910601006	2.0	trials	7.0	1.0	1.0	0.0	10000.0	0.0	True	40.0	0.0	0.005	"[33726631.16192593 33726921.16094234 33727211.15995874 33727500.15897854
 33727789.15799833 33728080.15701135 33728369.15603114 33728659.15504754
 33728949.15406395 33729239.15308035 33729528.15210015 33729817.15111994
 33730107.15013634 33730396.14915615 33730686.14817255 33730975.14719234
 33731266.14620536 33731555.14522515 33731845.14424156 33732135.14325796]"	0.0	0.0	0.0
3583.27055996928	2.0	trials	7.0	1.0	1.0	0.0	10000.0	0.0	True	40.0	0.0	0.005	"[33791070.94336414 33791359.94238393 33791648.94140372 33791939.94041675
 33792229.93943314 33792518.93845294 33792808.93746934 33793097.93648914
 33793385.93551233 33793677.93452195 33793966.93354174 33794255.93256154
 33794545.93157794 33794834.93059774 33795125.92961075 33795415.92862715
 33795704.92764696 33795993.92666674 33796284.92567976 33796573.92469956]"	0.0	0.0	0.0
3591.3040911218304	2.0	trials	7.0	1.0	1.0	0.0	10000.0	0.0	True	40.0	0.0	0.005	"[33861230.70540176 33861520.70441816 33861809.70343796 33862099.70245436
 33862390.70146738 33862679.70048717 33862968.69950697 33863258.69852337
 33863546.69754656 33863839.69655278 33864127.69557597 33864417.69459238
 33864706.69361217 33864995.69263197 33865285.69164837 33865575.69066478
 33865864.68968458 33866154.68870098 33866446.68771061 33866734.68673378]"	0.0	0.0	0.0
3596.691804048243	2.0	trials	7.0	1.0	1.0	0.0	10000.0	0.0	True	40.0	0.0	0.005	"[33954794.38805979 33955084.38707621 33955373.386096   33955662.38511579
 33955952.38413221 33956242.3831486  33956532.38216501 33956821.3811848
 33957111.38020121 33957402.37921422 33957691.37823402 33957979.3772572
 33958270.37627022 33958560.37528662 33958849.37430642 33959138.37332621
 33959429.37233923 33959718.37135901 33960008.37037542 33960298.36939183]"	0.0	0.0	0.0
3604.756439095298	2.0	trials	7.0	1.0	1.0	0.0	10000.0	0.0	True	40.0	0.0	0.005	"[34027153.14263906 34027444.14165206 34027733.14067186 34028023.13968826
 34028312.13870806 34028601.13772786 34028892.13674087 34029181.13576066
 34029471.13477708 34029761.13379347 34030049.13281666 34030339.13183307
 34030629.13084947 34030918.12986926 34031209.12888228 34031498.12790207
 34031788.12691848 34032077.12593827 34032368.12495129 34032657.12397108]"	0.0	0.0	0.0
3612.7721719082156	2.0	trials	7.0	1.0	1.0	0.0	10000.0	0.0	True	40.0	0.0	0.005	"[34108623.86631304 34108914.86532605 34109203.86434585 34109492.86336565
 34109783.86237866 34110071.86140185 34110361.86041825 34110653.85942788
 34110941.85845106 34111232.85746408 34111520.85648726 34111810.85550366
 34112100.85452007 34112389.85353986 34112679.85255627 34112969.85157267
 34113257.85059585 34113549.84960548 34113837.84862867 34114128.84764168]"	0.0	0.0	0.0
3620.0258593057742	2.0	trials	7.0	1.0	1.0	0.0	10000.0	0.0	True	40.0	0.0	0.005	"[34348021.05434444 34348310.05336424 34348600.05238064 34348890.05139705
 34349180.05041345 34349469.04943325 34349759.04844965 34350049.04746605
 34350338.04648585 34350628.04550225 34350918.04451866 34351208.04353507
 34351497.04255486 34351786.04157466 34352076.04059106 34352365.03961086
 34352655.03862725 34352946.03764027 34353235.03666006 34353524.03567986]"	0.0	0.0	0.0
3626.643904059252	2.0	trials	7.0	1.0	1.0	0.0	10000.0	0.0	True	40.0	0.0	0.005	"[34428830.78026035 34429120.77927676 34429410.77829316 34429699.77731296
 34429988.77633275 34430279.77534577 34430568.77436556 34430858.77338196
 34431147.77240176 34431438.77141477 34431727.77043457 34432017.76945097
 34432306.76847077 34432596.76748718 34432885.76650697 34433174.76552676
 34433464.76454317 34433754.76355957 34434044.76257598 34434333.76159577]"	0.0	0.0	0.0
3634.6104754389107	2.0	trials	7.0	1.0	1.0	0.0	10000.0	0.0	True	40.0	0.0	0.005	"[34512542.49633352 34512832.49534993 34513121.49436972 34513412.49338274
 34513701.49240253 34513990.49142233 34514281.49043534 34514570.48945513
 34514859.48847493 34515149.48749133 34515439.48650774 34515729.48552414
 34516017.48454733 34516308.48356034 34516596.48258353 34516887.48159654
 34517177.48061294 34517467.47962935 34517755.47865254 34518046.47766555]"	0.0	0.0	0.0
3651.501013351017	2.0	trials	5.0	1.0	1.0	0.0	10000.0	0.0	True	40.0	0.0	0.005	"[34577044.27756144 34577334.27657785 34577624.27559425 34577912.27461743
 34578203.27363045 34578492.27265024 34578782.27166665 34579071.27068644
 34579361.26970285 34579651.26871926 34579940.26773905 34580229.26675884
 34580519.26577525 34580809.26479165 34581099.26380806 34581388.26282785
 34581678.26184426 34581968.26086067 34582257.25988045 34582547.25889686]"	0.0	0.0	0.0
3658.221096158411	2.0	trials	5.0	1.0	1.0	0.0	10000.0	0.0	True	40.0	0.0	0.005	"[34653083.0196592  34653372.018679   34653662.0176954  34653952.0167118
 34654241.0157316  34654532.01474461 34654821.01376441 34655110.01278421
 34655400.0118006  34655691.01081362 34655979.00983681 34656269.00885321
 34656558.00787301 34656849.00688602 34657138.00590581 34657428.00492222
 34657718.00393862 34658007.00295842 34658296.00197822 34658587.00099123]"	0.0	0.0	0.0
3664.4132767562983	2.0	trials	5.0	1.0	1.0	0.0	10000.0	0.0	True	40.0	0.0	0.005	"[34722596.78388786 34722886.78290427 34723176.78192068 34723466.78093708
 34723756.77995349 34724045.77897327 34724334.77799308 34724624.77700948
 34724913.77602927 34725204.77504229 34725494.77405869 34725783.77307849
 34726073.77209489 34726362.77111468 34726651.77013449 34726942.76914749
 34727232.7681639  34727521.7671837  34727811.7662001  34728100.7652199 ]"	0.0	0.0	0.0
3670.43697792562	2.0	trials	5.0	1.0	1.0	0.0	10000.0	0.0	True	40.0	0.0	0.005	"[34791624.54976491 34791914.54878131 34792204.54779772 34792493.54681751
 34792782.54583731 34793072.54485371 34793362.54387011 34793652.54288652
 34793941.54190632 34794231.54092272 34794521.53993913 34794810.53895891
 34795099.53797872 34795390.53699173 34795679.53601152 34795968.53503132
 34796258.53404772 34796547.53306752 34796838.53208053 34797127.53110033]"	0.0	0.0	0.0
3675.663468998851	2.0	trials	5.0	1.0	1.0	0.0	10000.0	0.0	True	40.0	0.0	0.005	"[34851506.34666252 34851796.34567893 34852085.34469873 34852374.34371852
 34852665.34273154 34852954.34175133 34853244.34076773 34853535.33978074
 34853824.33880055 34854114.33781695 34854402.33684014 34854692.33585653
 34854982.33487295 34855272.33388934 34855562.33290575 34855851.33192555
 34856140.33094534 34856430.32996175 34856721.32897475 34857010.32799456]"	0.0	0.0	0.0
3681.897121456077	2.0	trials	5.0	1.0	1.0	0.0	10000.0	0.0	True	40.0	0.0	0.005	"[34911143.14439111 34911434.14340413 34911724.14242053 34912012.14144372
 34912304.14045334 34912593.13947313 34912883.13848954 34913171.13751273
 34913461.13652913 34913751.13554554 34914041.13456194 34914331.13357835
 34914620.13259814 34914909.13161793 34915199.13063434 34915489.12965074
 34915779.12866715 34916068.12768694 34916358.12670335 34916648.12571975]"	0.0	0.0	0.0
3690.0042651589547	2.0	trials	5.0	1.0	1.0	0.0	10000.0	0.0	True	40.0	0.0	0.005	"[34979122.91382267 34979410.91284585 34979700.91186226 34979989.91088205
 34980278.90990185 34980569.90891486 34980858.90793466 34981148.90695105
 34981438.90596747 34981727.90498726 34982017.90400366 34982308.90301668
 34982596.90203986 34982885.90105966 34983175.90007606 34983465.89909247
 34983755.89810887 34984045.89712527 34984335.89614168 34984623.89516486]"	0.0	0.0	0.0
3696.7590806485446	2.0	trials	5.0	1.0	1.0	0.0	10000.0	0.0	True	40.0	0.0	0.005	"[35066423.61772299 35066712.61674278 35067002.61575919 35067291.61477898
 35067581.61379538 35067871.61281179 35068161.61182819 35068449.61085138
 35068740.6098644  35069029.60888419 35069318.60790399 35069608.60692038
 35069898.6059368  35070188.60495319 35070477.60397299 35070767.6029894
 35071056.60200919 35071346.6010256  35071635.60004539 35071925.59906179]"	0.0	0.0	0.0
3702.015293220969	2.0	trials	5.0	1.0	1.0	0.0	10000.0	0.0	True	40.0	0.0	0.005	"[35133990.38855531 35134280.38757171 35134570.38658813 35134860.38560452
 35135148.38462771 35135438.38364412 35135728.38266052 35136018.38167693
 35136308.38069333 35136597.37971313 35136887.37872953 35137176.37774932
 35137466.37676573 35137756.37578213 35138045.37480193 35138336.37381494
 35138625.37283473 35138915.37185114 35139205.37086754 35139494.36988734]"	0.0	0.0	0.0
3707.925205976228	2.0	trials	5.0	1.0	1.0	0.0	10000.0	0.0	True	40.0	0.0	0.005	"[35193429.18695546 35193719.18597186 35194008.18499167 35194298.18400806
 35194588.18302447 35194878.18204087 35195167.18106066 35195457.18007708
 35195746.17909687 35196036.17811327 35196326.17712968 35196615.17614947
 35196905.17516587 35197194.17418567 35197484.17320208 35197774.17221848
 35198063.17123827 35198353.17025468 35198644.16926769 35198932.16829088]"	0.0	0.0	0.0
3713.709493557573	2.0	trials	5.0	1.0	1.0	0.0	10000.0	0.0	True	40.0	0.0	0.005	"[35281493.88826451 35281784.88727753 35282072.88630071 35282363.88531373
 35282652.88433352 35282942.88334993 35283231.88236972 35283521.88138613
 35283810.88040592 35284100.87942232 35284391.87843534 35284679.87745853
 35284970.87647154 35285259.87549134 35285548.87451113 35285838.87352753
 35286128.87254394 35286418.87156034 35286707.87058014 35286996.86959993]"	0.0	0.0	0.0
3720.2191930785257	2.0	trials	5.0	1.0	1.0	0.0	10000.0	0.0	True	40.0	0.0	0.005	"[35344462.67469192 35344751.67371172 35345041.67272813 35345330.67174792
 35345620.67076433 35345910.66978072 35346199.66880053 35346489.66781693
 35346778.66683672 35347069.66584974 35347358.66486953 35347647.66388933
 35347937.66290573 35348227.66192213 35348517.66093854 35348806.65995834
 35349095.65897813 35349386.65799114 35349675.65701094 35349964.65603074]"	0.0	0.0	0.0
3727.8931286507222	2.0	trials	5.0	1.0	1.0	0.0	10000.0	0.0	True	40.0	0.0	0.005	"[35428018.3912942  35428308.39031061 35428598.389327   35428886.3883502
 35429177.38736321 35429465.38638639 35429756.38539941 35430045.3844192
 35430335.38343561 35430625.38245202 35430914.38147181 35431203.38049161
 35431493.379508   35431783.37852442 35432072.3775442  35432361.376564
 35432651.37558041 35432942.37459342 35433231.37361322 35433520.37263301]"	0.0	0.0	0.0
3734.853402643456	2.0	trials	5.0	1.0	1.0	0.0	10000.0	0.0	True	40.0	0.0	0.005	"[35507394.12207382 35507684.12109023 35507973.12011002 35508263.11912643
 35508552.11814622 35508842.11716262 35509132.11617903 35509422.11519544
 35509711.11421523 35510001.11323164 35510291.11224803 35510580.11126783
 35510869.11028763 35511159.10930403 35511449.10832044 35511738.10734023
 35512028.10635664 35512318.10537304 35512607.10439284 35512897.10340925]"	0.0	0.0	0.0
3740.5683976598207	2.0	trials	5.0	1.0	1.0	0.0	10000.0	0.0	True	40.0	0.0	0.005	"[35572141.90246738 35572430.90148718 35572721.90050019 35573010.89951999
 35573300.89853639 35573589.89755619 35573880.89656919 35574168.89559238
 35574458.89460879 35574747.89362858 35575038.8926416  35575328.891658
 35575617.89067779 35575907.8896942  35576196.888714   35576485.88773379
 35576774.88675359 35577065.8857666  35577355.88478301 35577644.8838028 ]"	0.0	0.0	0.0
3747.8916368214796	2.0	trials	5.0	1.0	1.0	0.0	10000.0	0.0	True	40.0	0.0	0.005	"[35665237.58671274 35665528.58572575 35665818.58474216 35666107.58376196
 35666396.58278175 35666687.58179476 35666976.58081456 35667265.57983436
 35667556.57884737 35667844.57787056 35668134.57688696 35668424.57590336
 35668714.57491977 35669003.57393956 35669293.57295597 35669582.57197576
 35669873.57098878 35670162.57000857 35670452.56902497 35670741.56804477]"	0.0	0.0	0.0
3755.722474261509	2.0	trials	5.0	1.0	1.0	0.0	10000.0	0.0	True	40.0	0.0	0.005	"[35741012.32970591 35741301.32872571 35741591.32774211 35741880.32676191
 35742170.32577832 35742460.32479472 35742749.32381451 35743039.32283092
 35743329.32184732 35743618.32086711 35743909.31988013 35744197.31890331
 35744488.31791633 35744777.31693613 35745066.31595592 35745356.31497233
 35745646.31398873 35745936.31300513 35746225.31202493 35746514.31104472]"	0.0	0.0	0.0
3763.4194785554632	2.0	trials	5.0	1.0	1.0	0.0	10000.0	0.0	True	40.0	0.0	0.005	"[35832739.01859453 35833029.01761093 35833317.01663412 35833608.01564713
 35833897.01466692 35834186.01368672 35834477.01269973 35834766.01171953
 35835056.01073594 35835347.00974894 35835635.00877213 35835924.00779193
 35836215.00680494 35836503.00582813 35836794.00484114 35837082.00386433
 35837373.00287735 35837663.00189374 35837951.00091694 35838241.99992994]"	0.0	0.0	0.0
3768.9817188899283	2.0	trials	5.0	1.0	1.0	0.0	10000.0	0.0	True	40.0	0.0	0.005	"[35909820.75715473 35910111.75616774 35910401.75518415 35910690.75420395
 35910979.75322375 35911269.75224014 35911559.75125655 35911848.75027634
 35912138.74929275 35912427.74831255 35912717.74732894 35913007.74634535
 35913296.74536515 35913587.74437816 35913876.74339796 35914165.74241775
 35914455.74143415 35914745.74045056 35915035.73946697 35915324.73848676]"	0.0	0.0	0.0
3775.3900715546215	2.0	trials	5.0	1.0	1.0	0.0	10000.0	0.0	True	40.0	0.0	0.005	"[35975520.53431939 35975809.53333917 35976100.53235219 35976389.53137198
 35976679.53038839 35976968.52940819 35977257.52842798 35977547.52744438
 35977838.5264574  35978127.52547719 35978417.5244936  35978706.52351339
 35978996.5225298  35979285.5215496  35979575.52056599 35979864.5195858
 35980154.5186022  35980445.51761521 35980733.5166384  35981023.5156548 ]"	0.0	0.0	0.0
3780.652159307119	2.0	trials	5.0	1.0	1.0	0.0	10000.0	0.0	True	40.0	0.0	0.005	"[36036142.32870714 36036432.32772354 36036722.32673994 36037012.32575635
 36037301.32477614 36037591.32379255 36037881.32280896 36038170.32182875
 36038460.32084515 36038749.31986495 36039039.31888136 36039328.31790114
 36039619.31691416 36039908.31593395 36040198.31495036 36040487.31397016
 36040777.31298656 36041066.31200635 36041356.31102276 36041646.31003916]"	0.0	0.0	0.0
3787.93530900475	2.0	trials	5.0	1.0	1.0	0.0	10000.0	0.0	True	40.0	0.0	0.005	"[36103022.10186957 36103312.10088597 36103601.09990577 36103891.09892216
 36104180.09794197 36104471.09695498 36104760.09597478 36105049.09499457
 36105340.09400758 36105629.09302738 36105919.09204378 36106208.09106357
 36106498.09007999 36106787.08909978 36107077.08811618 36107366.08713599
 36107657.08614898 36107947.0851654  36108236.08418519 36108526.08320159]"	0.0	0.0	0.0
3794.170084658167	2.0	trials	5.0	1.0	1.0	0.0	10000.0	0.0	True	40.0	0.0	0.005	"[36194201.79261345 36194491.79162984 36194780.79064965 36195070.78966605
 36195360.78868245 36195649.78770225 36195938.78672205 36196227.78574184
 36196518.78475485 36196807.78377465 36197097.78279106 36197387.78180746
 36197676.78082725 36197967.77984027 36198256.77886006 36198546.77787647
 36198834.77689965 36199125.77591266 36199415.77492907 36199704.77394886]"	0.0	0.0	0.0
3799.794359982227	2.0	trials	5.0	1.0	1.0	0.0	10000.0	0.0	True	40.0	0.0	0.005	"[36262898.55961314 36263188.55862954 36263476.55765273 36263767.55666574
 36264055.55568893 36264345.55470534 36264635.55372174 36264924.55274154
 36265214.55175794 36265504.55077434 36265794.54979075 36266083.54881054
 36266373.54782695 36266663.54684336 36266953.54585975 36267242.54487955
 36267530.54390274 36267821.54291575 36268110.54193554 36268401.54094856]"	0.0	0.0	0.0
3805.1488090214607	2.0	trials	5.0	1.0	1.0	0.0	10000.0	0.0	True	40.0	0.0	0.005	"[36329409.33402712 36329700.33304012 36329990.33205653 36330279.33107632
 36330567.33009952 36330859.32910913 36331148.32812893 36331437.32714872
 36331727.32616512 36332017.32518153 36332306.32420133 36332596.32321773
 36332885.32223753 36333176.32125054 36333464.32027373 36333754.31929013
 36334044.31830654 36334334.31732294 36334624.31633935 36334913.31535915]"	0.0	0.0	0.0
3811.2423211540035	2.0	trials	5.0	1.0	1.0	0.0	10000.0	0.0	True	40.0	0.0	0.005	"[36422395.01864556 36422683.01766875 36422973.01668516 36423264.01569816
 36423552.01472136 36423843.01373436 36424132.01275416 36424422.01177057
 36424711.01079036 36425001.00980676 36425291.00882317 36425579.00784636
 36425870.00685937 36426160.00587577 36426449.00489557 36426738.00391536
 36427028.00293177 36427318.00194817 36427607.00096797 36427896.99998438]"	0.0	0.0	0.0
3818.901827975138	2.0	trials	5.0	1.0	1.0	0.0	10000.0	0.0	True	40.0	0.0	0.005	"[36484548.80783722 36484838.80685362 36485127.80587342 36485417.80488982
 36485706.80390961 36485996.80292602 36486285.80194582 36486576.80095883
 36486865.79997863 36487156.79899164 36487444.79801482 36487734.79703122
 36488023.79605103 36488313.79506743 36488603.79408383 36488892.79310363
 36489183.79211664 36489472.79113644 36489762.79015284 36490052.78916924]"	0.0	0.0	0.0
3826.709078295169	2.0	trials	5.0	1.0	1.0	0.0	10000.0	0.0	True	40.0	0.0	0.005	"[36567812.52542987 36568102.52444627 36568391.52346607 36568681.52248248
 36568971.52149888 36569260.52051867 36569550.51953508 36569839.51855487
 36570129.51757128 36570419.51658768 36570708.51560748 36570998.51462388
 36571287.51364368 36571578.51265669 36571867.51167648 36572156.51069628
 36572446.50971269 36572736.50872909 36573025.50774889 36573316.5067619 ]"	0.0	0.0	0.0
3833.0797606876285	2.0	trials	5.0	1.0	1.0	0.0	10000.0	0.0	True	40.0	0.0	0.005	"[36655030.2296117  36655320.22862811 36655611.22764112 36655900.22666091
 36656190.22567733 36656479.22469711 36656769.22371352 36657058.22273332
 36657347.22175311 36657637.22076952 36657928.21978253 36658217.21880233
 36658506.21782212 36658796.21683852 36659085.21585833 36659376.21487133
 36659665.21389113 36659954.21291092 36660244.21192732 36660534.21094374]"	0.0	0.0	0.0
3839.1222969930673	2.0	trials	5.0	1.0	1.0	0.0	10000.0	0.0	True	40.0	0.0	0.005	"[36736360.95376053 36736649.95278034 36736939.95179673 36737230.95080975
 36737518.94983293 36737808.94884934 36738098.94786575 36738388.94688215
 36738677.94590194 36738967.94491835 36739257.94393475 36739546.94295455
 36739836.94197095 36740125.94099075 36740415.94000715 36740704.93902694
 36740995.93803996 36741285.93705636 36741573.93607955 36741863.93509595]"	0.0	0.0	0.0
3846.0280527707105	2.0	trials	5.0	1.0	1.0	0.0	10000.0	0.0	True	40.0	0.0	0.005	"[36801074.73426941 36801363.7332892  36801652.732309   36801942.7313254
 36802231.7303452  36802522.72935822 36802811.72837801 36803100.72739781
 36803391.72641081 36803680.72543062 36803970.72444702 36804260.72346342
 36804549.72248322 36804838.72150301 36805128.72051942 36805418.71953582
 36805708.71855222 36805997.71757203 36806287.71658843 36806577.71560483]"	0.0	0.0	0.0
3851.3348955714114	2.0	trials	5.0	1.0	1.0	0.0	10000.0	0.0	True	40.0	0.0	0.005	"[36893089.42218121 36893378.42120101 36893667.4202208  36893958.41923381
 36894248.41825022 36894537.41727002 36894828.41628303 36895116.41530622
 36895406.41432262 36895696.41333902 36895986.41235543 36896275.41137522
 36896565.41039162 36896854.40941142 36897144.40842783 36897434.40744422
 36897724.40646064 36898013.40548043 36898302.40450022 36898593.40351324]"	0.0	0.0	0.0
3858.010050531187	2.0	trials	5.0	1.0	1.0	0.0	10000.0	0.0	True	40.0	0.0	0.005	"[36967605.16944455 36967895.16846095 36968183.16748414 36968473.16650054
 36968764.16551355 36969054.16452996 36969342.16355315 36969633.16256616
 36969921.16158935 36970212.16060235 36970501.15962216 36970790.15864195
 36971081.15765496 36971370.15667476 36971660.15569116 36971949.15471096
 36972239.15372736 36972528.15274715 36972818.15176356 36973107.15078336]"	0.0	0.0	0.0
3865.6419958458027	2.0	trials	5.0	1.0	1.0	0.0	10000.0	0.0	True	40.0	0.0	0.005	"[37056628.86750095 37056916.86652414 37057208.86553376 37057497.86455356
 37057786.86357335 37058076.86258975 37058366.86160616 37058655.86062595
 37058945.85964236 37059234.85866215 37059524.85767855 37059814.85669496
 37060103.85571476 37060393.85473116 37060682.85375096 37060973.85276397
 37061261.85178716 37061552.85080017 37061842.84981658 37062130.84883976]"	0.0	0.0	0.0
3873.603988040993	2.0	trials	5.0	1.0	1.0	0.0	10000.0	0.0	True	40.0	0.0	0.005	"[37119312.65489499 37119601.65391479 37119891.6529312  37120180.65195099
 37120470.6509674  37120759.6499872  37121049.6490036  37121338.64802339
 37121629.6470364  37121917.6460596  37122208.64507261 37122496.64409579
 37122787.6431088  37123076.6421286  37123367.64114161 37123655.6401648
 37123946.63917781 37124235.63819761 37124525.63721402 37124814.63623381]"	0.0	0.0	0.0
3881.6800278493665	2.0	trials	5.0	1.0	1.0	0.0	10000.0	0.0	True	40.0	0.0	0.005	"[37211697.34155187 37211987.34056827 37212278.33958128 37212567.33860108
 37212857.33761748 37213146.33663727 37213435.33565707 37213726.33467009
 37214015.33368988 37214304.33270968 37214594.33172608 37214884.33074249
 37215173.32976227 37215464.32877529 37215754.3277917  37216042.32681488
 37216333.3258279  37216622.32484769 37216911.32386749 37217201.32288389]"	0.0	0.0	0.0
3888.4483216932413	2.0	trials	5.0	1.0	1.0	0.0	10000.0	0.0	True	40.0	0.0	0.005	"[37291227.07180917 37291517.07082557 37291806.06984536 37292096.06886177
 37292385.06788156 37292675.06689797 37292966.06591098 37293254.06493417
 37293543.06395396 37293834.06296697 37294123.06198677 37294413.06100318
 37294702.06002297 37294992.05903938 37295282.05805578 37295571.05707557
 37295860.05609537 37296151.05510838 37296440.05412818 37296730.05314459]"	0.0	0.0	0.0
3896.1012621366476	2.0	trials	5.0	1.0	1.0	0.0	10000.0	0.0	True	40.0	0.0	0.005	"[37380519.7689532  37380808.767973   37381099.76698601 37381388.76600581
 37381677.76502559 37381968.76403861 37382257.76305841 37382546.7620782
 37382837.76109122 37383126.760111   37383415.75913081 37383705.75814721
 37383995.75716361 37384284.75618341 37384575.75519642 37384864.75421622
 37385153.75323602 37385442.75225581 37385733.75126883 37386023.75028523]"	0.0	0.0	0.0
3902.8743079644055	2.0	trials	5.0	1.0	1.0	0.0	10000.0	0.0	True	40.0	0.0	0.005	"[37463783.48654585 37464072.48556565 37464362.48458205 37464652.48359846
 37464942.48261486 37465231.48163465 37465520.48065445 37465811.47966746
 37466100.47868726 37466389.47770706 37466680.47672007 37466969.47573986
 37467258.47475966 37467548.47377606 37467838.47279247 37468127.47181226
 37468417.47082867 37468707.46984508 37468997.46886148 37469287.46787789]"	0.0	0.0	0.0
3909.538230962277	2.0	trials	5.0	1.0	1.0	0.0	10000.0	0.0	True	40.0	0.0	0.005	"[37542740.2187466  37543029.2177664  37543319.2167828  37543608.2158026
 37543898.214819   37544187.2138388  37544477.2128552  37544767.21187161
 37545057.21088801 37545346.2099078  37545636.20892421 37545926.20794062
 37546216.20695702 37546505.20597681 37546796.20498983 37547084.20401301
 37547374.20302942 37547664.20204582 37547953.20106562 37548242.20008542]"	0.0	0.0	0.0
3915.0339435223855	2.0	trials	5.0	1.0	1.0	0.0	10000.0	0.0	True	40.0	0.0	0.005	"[37629894.92314211 37630183.92216191 37630473.92117831 37630763.92019472
 37631053.91921112 37631343.91822753 37631632.91724732 37631921.91626712
 37632211.91528352 37632501.91429993 37632791.91331633 37633081.91233274
 37633371.91134913 37633659.91037232 37633949.90938873 37634239.90840513
 37634529.90742154 37634818.90644133 37635108.90545774 37635398.90447414]"	0.0	0.0	0.0
3921.550295820774	2.0	trials	5.0	1.0	1.0	0.0	10000.0	0.0	True	40.0	0.0	0.005	"[37706781.6623637  37707071.6613801  37707360.66039991 37707650.65941631
 37707940.65843271 37708229.65745251 37708519.65646891 37708808.65548871
 37709098.65450511 37709388.65352152 37709678.65253792 37709967.65155772
 37710257.65057412 37710547.64959052 37710835.64861371 37711126.64762672
 37711416.64664312 37711704.64566632 37711995.64467933 37712284.64369912]"	0.0	0.0	0.0
3928.4683203568056	2.0	trials	5.0	1.0	1.0	0.0	10000.0	0.0	True	40.0	0.0	0.005	"[37780486.41237772 37780776.41139412 37781065.41041391 37781355.40943032
 37781645.40844672 37781934.40746652 37782225.40647953 37782514.40549932
 37782803.40451913 37783093.40353553 37783382.40255532 37783673.40156834
 37783961.40059152 37784252.39960453 37784542.39862094 37784831.39764073
 37785120.39666053 37785410.39567694 37785700.39469334 37785989.39371313]"	0.0	0.0	0.0
3936.5324370056196	2.0	trials	5.0	1.0	1.0	0.0	10000.0	0.0	True	40.0	0.0	0.005	"[37866563.12042949 37866853.1194459  37867142.11846569 37867432.11748209
 37867722.11649849 37868011.11551829 37868301.1145347  37868590.11355449
 37868880.1125709  37869170.11158731 37869459.1106071  37869750.10962011
 37870039.1086399  37870329.10765631 37870619.10667272 37870907.1056959
 37871198.10470891 37871487.10372871 37871777.10274512 37872067.10176151]"	0.0	0.0	0.0
3941.885158050714	2.0	trials	5.0	1.0	1.0	0.0	10000.0	0.0	True	40.0	0.0	0.005	"[37938300.877115   37938589.87613479 37938880.8751478  37939168.87417099
 37939458.87318739 37939749.87220041 37940037.8712236  37940326.87024339
 37940617.8692564  37940906.86827619 37941196.86729261 37941486.866309
 37941776.86532541 37942066.86434182 37942354.863365   37942645.86237802
 37942934.86139781 37943223.8604176  37943513.85943401 37943802.85845381]"	0.0	0.0	0.0
3948.555993025142	2.0	trials	5.0	1.0	1.0	0.0	10000.0	0.0	True	40.0	0.0	0.005	"[38003159.65713207 38003448.65615187 38003737.65517167 38004027.65418807
 38004317.65320447 38004607.65222088 38004897.65123728 38005186.65025707
 38005475.64927687 38005765.64829328 38006055.64730968 38006345.64632608
 38006635.64534248 38006924.64436229 38007214.64337869 38007504.64239509
 38007792.64141828 38008083.64043129 38008373.6394477  38008661.63847089]"	0.0	0.0	0.0
3953.812291997273	2.0	trials	5.0	1.0	1.0	0.0	10000.0	0.0	True	40.0	0.0	0.005	"[38080593.39449839 38080884.39351141 38081172.3925346  38081463.39154761
 38081753.39056401 38082041.3895872  38082331.38860361 38082622.38761661
 38082911.38663641 38083201.38565282 38083490.38467261 38083779.38369241
 38084069.38270881 38084360.38172182 38084649.38074162 38084939.37975802
 38085227.37878121 38085518.37779423 38085807.37681402 38086097.37583043]"	0.0	0.0	0.0
3960.610134540928	2.0	trials	5.0	1.0	1.0	0.0	10000.0	0.0	True	40.0	0.0	0.005	"[38270512.75034483 38270802.74936122 38271091.74838102 38271381.74739743
 38271670.74641722 38271959.74543702 38272250.74445003 38272540.74346643
 38272828.74248962 38273119.74150264 38273409.74051904 38273698.73953884
 38273987.73855864 38274278.73757164 38274567.73659144 38274857.73560784
 38275146.73462764 38275436.73364405 38275725.73266384 38276015.73168024]"	0.0	0.0	0.0
3966.9059083874554	2.0	trials	5.0	1.0	1.0	0.0	10000.0	0.0	True	40.0	0.0	0.005	"[38345811.49495245 38346101.49396885 38346391.49298526 38346680.49200506
 38346970.49102145 38347260.49003787 38347549.48905765 38347838.48807745
 38348128.48709386 38348417.48611365 38348708.48512666 38348997.48414646
 38349287.48316287 38349577.48217927 38349867.48119567 38350156.48021547
 38350445.47923526 38350736.47824828 38351025.47726807 38351314.47628787]"	0.0	0.0	0.0
3974.9980185413237	2.0	trials	5.0	1.0	1.0	0.0	10000.0	0.0	True	40.0	0.0	0.005	"[38412761.26787746 38413049.26690064 38413340.26591366 38413629.26493345
 38413919.26394986 38414208.26296966 38414498.26198605 38414788.26100247
 38415077.26002226 38415368.25903527 38415657.25805507 38415946.25707486
 38416236.25609127 38416526.25510767 38416815.25412747 38417105.25314387
 38417394.25216367 38417684.25118007 38417973.25019987 38418264.24921288]"	0.0	0.0	0.0
3994.777244255825	2.0	trials	6.0	1.0	1.0	0.0	10000.0	0.0	True	40.0	0.0	0.005	"[38483365.02840917 38483654.02742896 38483944.02644536 38484234.02546177
 38484524.02447817 38484813.02349797 38485103.02251437 38485392.02153417
 38485682.02055057 38485972.01956698 38486262.01858339 38486550.01760657
 38486841.01661958 38487131.01563598 38487419.01465917 38487709.01367557
 38487999.01269198 38488289.01170839 38488578.01072818 38488868.00974458]"	0.0	0.0	0.0
4001.851133863205	2.0	trials	6.0	1.0	1.0	0.0	10000.0	0.0	True	40.0	0.0	0.005	"[38548361.80795819 38548651.8069746  38548941.80599099 38549231.8050074
 38549521.8040238  38549810.8030436  38550099.80206339 38550388.80108319
 38550678.8000996  38550969.79911261 38551258.7981324  38551548.79714881
 38551837.7961686  38552127.79518501 38552416.7942048  38552706.79322121
 38552996.79223761 38553285.7912574  38553575.79027382 38553864.7892936 ]"	0.0	0.0	0.0
4008.95560896685	2.0	trials	6.0	1.0	1.0	0.0	10000.0	0.0	True	40.0	0.0	0.005	"[38622470.55660195 38622760.55561835 38623050.55463476 38623339.55365455
 38623629.55267095 38623918.55169075 38624209.55070376 38624498.54972356
 38624787.54874336 38625078.54775637 38625367.54677617 38625656.54579595
 38625946.54481236 38626235.54383216 38626525.54284856 38626816.54186158
 38627105.54088137 38627395.53989777 38627684.53891757 38627973.53793737]"	0.0	0.0	0.0
4015.064413847523	2.0	trials	6.0	1.0	1.0	0.0	10000.0	0.0	True	40.0	0.0	0.005	"[38711430.25487543 38711720.25389183 38712009.25291162 38712298.25193141
 38712588.25094783 38712877.24996761 38713167.24898402 38713456.24800382
 38713747.24701683 38714036.24603663 38714325.24505642 38714615.24407282
 38714904.24309262 38715195.24210563 38715484.24112543 38715774.24014183
 38716063.23916163 38716353.23817803 38716643.23719443 38716933.23621084]"	0.0	0.0	0.0
4020.691799561034	2.0	trials	6.0	1.0	1.0	0.0	10000.0	0.0	True	40.0	0.0	0.005	"[38777345.03131086 38777634.03033065 38777923.02935044 38778213.02836684
 38778503.02738325 38778793.02639966 38779082.02541945 38779371.02443925
 38779662.02345226 38779950.02247544 38780240.02149186 38780531.02050487
 38780820.01952466 38781110.01854107 38781400.01755747 38781689.01657727
 38781979.01559366 38782268.01461347 38782557.01363326 38782847.01264966]"	0.0	0.0	0.0
4026.271665435718	2.0	trials	6.0	1.0	1.0	0.0	10000.0	0.0	True	40.0	0.0	0.005	"[38858916.75464228 38859206.75365869 38859496.75267509 38859786.75169149
 38860075.75071129 38860364.74973109 38860654.74874749 38860945.7477605
 38861233.74678369 38861524.7457967  38861813.7448165  38862103.7438329
 38862392.7428527  38862682.7418691  38862971.7408889  38863261.73990531
 38863551.73892171 38863841.73793811 38864130.73695791 38864419.7359777 ]"	0.0	0.0	0.0
4034.0168807661544	2.0	trials	6.0	1.0	1.0	0.0	10000.0	0.0	True	40.0	0.0	0.005	"[38920618.545367   38920907.54438678 38921196.54340658 38921487.54241959
 38921776.54143939 38922065.54045918 38922356.5394722  38922645.53849199
 38922935.5375084  38923224.53652819 38923514.5355446  38923803.53456439
 38924093.53358079 38924383.5325972  38924672.53161699 38924962.5306334
 38925252.5296498  38925541.5286696  38925831.527686   38926121.5267024 ]"	0.0	0.0	0.0
4039.9666237863207	2.0	trials	6.0	1.0	1.0	0.0	10000.0	0.0	True	40.0	0.0	0.005	"[39006834.25294732 39007124.25196372 39007413.25098351 39007703.24999992
 39007992.24901972 39008282.24803612 39008571.24705591 39008862.24606892
 39009151.24508873 39009440.24410851 39009731.24312153 39010020.24214132
 39010310.24115773 39010600.24017413 39010889.23919393 39011178.23821373
 39011469.23722674 39011758.23624654 39012048.23526294 39012337.23428273]"	0.0	0.0	0.0
4047.219274387396	2.0	trials	6.0	1.0	1.0	0.0	10000.0	0.0	True	40.0	0.0	0.005	"[39073425.02708995 39073715.02610636 39074005.02512275 39074294.02414256
 39074584.02315896 39074874.02217536 39075163.02119516 39075452.02021495
 39075743.01922797 39076033.01824437 39076322.01726416 39076611.01628396
 39076901.01530037 39077191.01431677 39077480.01333656 39077770.01235297
 39078060.01136938 39078350.01038578 39078639.00940558 39078929.00842198]"	0.0	0.0	0.0
4058.105119065712	2.0	trials	6.0	1.0	1.0	0.0	10000.0	0.0	False	0.0	0.0	0.0	"[nan nan nan nan nan nan nan nan nan nan nan nan nan nan nan nan nan nan
 nan nan]"	0.0	0.0	0.0
4060.902914376387	2.0	trials	6.0	1.0	1.0	0.0	10000.0	0.0	True	40.0	0.0	0.005	"[39152243.75975876 39152532.75877855 39152823.75779156 39153112.75681136
 39153401.75583116 39153691.75484756 39153981.75386397 39154271.75288036
 39154561.75189678 39154850.75091657 39155139.74993636 39155429.74895277
 39155719.74796917 39156008.74698897 39156298.74600537 39156588.74502178
 39156877.74404157 39157167.74305798 39157456.74207778 39157746.74109418]"	0.0	0.0	0.0
4066.051300114529	2.0	trials	6.0	1.0	1.0	0.0	10000.0	0.0	True	40.0	0.0	0.005	"[39229684.49710134 39229973.49612113 39230262.49514093 39230552.49415734
 39230843.49317035 39231132.49219014 39231421.49120994 39231710.49022973
 39232001.48924275 39232291.48825915 39232580.48727895 39232871.48629195
 39233160.48531176 39233449.48433155 39233738.48335135 39234028.48236775
 39234317.48138755 39234608.48040055 39234897.47942036 39235186.47844015]"	0.0	0.0	0.0
4072.387163425085	2.0	trials	6.0	1.0	1.0	0.0	10000.0	0.0	True	40.0	0.0	0.005	"[39317942.1977558  39318233.19676881 39318523.19578521 39318811.19480839
 39319101.1938248  39319390.1928446  39319681.19185761 39319971.19087402
 39320260.18989381 39320550.18891021 39320839.18793001 39321130.18694302
 39321418.18596621 39321708.18498261 39321998.18399902 39322288.18301542
 39322576.18203861 39322866.18105502 39323157.18006802 39323446.17908783]"	0.0	0.0	0.0
4078.8851125858923	2.0	trials	6.0	1.0	1.0	0.0	10000.0	0.0	True	40.0	0.0	0.005	"[39400586.91744792 39400875.91646771 39401165.91548412 39401455.91450052
 39401746.91351353 39402035.91253333 39402324.91155313 39402614.91056953
 39402904.90958593 39403193.90860573 39403483.90762214 39403773.90663854
 39404062.90565833 39404353.90467135 39404641.90369453 39404931.90271094
 39405221.90172733 39405510.90074714 39405800.89976354 39406090.89877994]"	0.0	0.0	0.0
4085.979478923823	2.0	trials	6.0	1.0	1.0	0.0	10000.0	0.0	True	40.0	0.0	0.005	"[39466665.69332711 39466954.69234691 39467243.6913667  39467533.6903831
 39467823.68939951 39468112.6884193  39468402.68743571 39468691.68645551
 39468981.68547191 39469272.68448492 39469561.68350472 39469850.68252451
 39470139.6815443  39470429.68056072 39470720.67957373 39471009.67859352
 39471298.67761332 39471588.67662972 39471877.67564952 39472167.67466592]"	0.0	0.0	0.0
4093.8309658938156	2.0	trials	6.0	1.0	1.0	0.0	10000.0	0.0	True	40.0	0.0	0.005	"[39549125.4136467  39549416.41265971 39549705.41167951 39549995.41069592
 39550285.40971231 39550574.40873211 39550865.40774512 39551154.40676492
 39551443.40578471 39551733.40480112 39552022.40382091 39552312.40283732
 39552602.40185373 39552892.40087012 39553181.39988992 39553472.39890293
 39553761.39792273 39554050.39694253 39554340.39595893 39554629.39497872]"	0.0	0.0	0.0
4100.173222782686	2.0	trials	6.0	1.0	1.0	0.0	10000.0	0.0	True	40.0	0.0	0.005	"[39624680.15738604 39624969.15640584 39625259.15542225 39625548.15444204
 39625837.15346184 39626127.15247824 39626417.15149464 39626706.15051444
 39626996.14953084 39627285.14855064 39627575.14756705 39627866.14658006
 39628155.14559985 39628444.14461965 39628734.14363605 39629024.14265246
 39629314.14166886 39629602.14069205 39629893.13970506 39630182.13872486]"	0.0	0.0	0.0
4105.530868611078	2.0	trials	6.0	1.0	1.0	0.0	10000.0	0.0	True	40.0	0.0	0.005	"[39696003.91547572 39696293.91449212 39696583.91350853 39696872.91252832
 39697162.91154473 39697451.91056453 39697741.90958092 39698030.90860072
 39698320.90761712 39698609.90663692 39698900.90564994 39699189.90466973
 39699479.90368613 39699769.90270254 39700058.90172233 39700348.90073874
 39700637.89975853 39700927.89877494 39701216.89779473 39701506.89681114]"	0.0	0.0	0.0
4111.999269072106	2.0	trials	6.0	1.0	1.0	0.0	10000.0	0.0	True	40.0	0.0	0.005	"[39761582.69305076 39761872.69206717 39762161.69108696 39762451.69010337
 39762741.68911977 39763031.68813618 39763321.68715258 39763610.68617237
 39763899.68519217 39764190.68420519 39764478.68322837 39764769.68224139
 39765057.68126457 39765348.68027759 39765638.67929399 39765927.67831378
 39766217.67733019 39766506.67634998 39766796.67536639 39767086.67438279]"	0.0	0.0	0.0
4119.013197282859	2.0	trials	6.0	1.0	1.0	0.0	10000.0	0.0	True	40.0	0.0	0.005	"[39844124.41309223 39844414.41210864 39844703.41112843 39844993.41014484
 39845282.40916463 39845572.40818104 39845862.40719745 39846152.40621385
 39846441.40523364 39846731.40425005 39847021.40326644 39847310.40228625
 39847600.40130265 39847889.40032245 39848179.39933885 39848469.39835525
 39848758.39737505 39849047.39639485 39849338.39540786 39849628.39442426]"	0.0	0.0	0.0
4125.499223284107	2.0	trials	6.0	1.0	1.0	0.0	10000.0	0.0	True	40.0	0.0	0.005	"[39919331.1580119  39919621.1570283  39919910.1560481  39920201.1550611
 39920490.15408091 39920780.15309731 39921069.15211711 39921359.15113351
 39921648.15015331 39921939.14916632 39922228.14818611 39922517.14720591
 39922807.14622232 39923097.14523872 39923386.14425851 39923675.14327831
 39923966.14229132 39924255.14131112 39924544.14033091 39924834.13934732]"	0.0	0.0	0.0
4132.753169880786	2.0	trials	6.0	1.0	1.0	0.0	10000.0	0.0	True	40.0	0.0	0.005	"[39985515.93353157 39985804.93255137 39986093.93157116 39986384.93058417
 39986673.92960396 39986964.92861698 39987253.92763678 39987542.92665657
 39987832.92567297 39988121.92469277 39988411.92370918 39988701.92272558
 39988990.92174537 39989280.92076178 39989569.91978157 39989859.91879798
 39990148.91781778 39990438.91683418 39990728.91585059 39991017.91487037]"	0.0	0.0	0.0
4140.679392597297	2.0	trials	6.0	1.0	1.0	0.0	10000.0	0.0	True	40.0	0.0	0.005	"[40065713.66152321 40066002.660543   40066291.6595628  40066582.65857581
 40066871.6575956  40067161.65661201 40067450.6556318  40067740.65464821
 40068030.65366462 40068320.65268102 40068609.65170081 40068898.65072061
 40069189.64973362 40069478.64875342 40069767.64777321 40070057.64678961
 40070347.64580602 40070636.64482582 40070926.64384222 40071216.64285862]"	0.0	0.0	0.0
4147.88495535808	2.0	trials	6.0	1.0	1.0	0.0	10000.0	0.0	True	40.0	0.0	0.005	"[40135165.42596216 40135454.42498196 40135744.42399836 40136033.42301815
 40136324.42203116 40136613.42105096 40136903.42006737 40137192.41908716
 40137482.41810356 40137772.41711997 40138061.41613977 40138350.41515956
 40138640.41417596 40138930.41319237 40139220.41220877 40139510.41122518
 40139799.41024497 40140089.40926138 40140378.40828118 40140667.40730097]"	0.0	0.0	0.0
4154.881258028614	2.0	trials	6.0	1.0	1.0	0.0	10000.0	0.0	True	40.0	0.0	0.005	"[40224724.122204   40225014.1212204  40225304.12023681 40225593.1192566
 40225883.118273   40226173.11728941 40226463.11630581 40226752.11532561
 40227042.11434202 40227332.11335842 40227622.11237483 40227910.111398
 40228200.11041442 40228490.10943081 40228780.10844722 40229070.10746362
 40229358.10648681 40229648.10550322 40229938.10451962 40230228.10353603]"	0.0	0.0	0.0
4162.705269891795	2.0	trials	6.0	1.0	1.0	0.0	10000.0	0.0	True	40.0	0.0	0.005	"[40300130.86644532 40300420.86546172 40300709.86448152 40300998.86350131
 40301288.86251771 40301577.86153751 40301868.86055053 40302157.85957032
 40302446.85859013 40302737.85760313 40303026.85662293 40303316.85563933
 40303605.85465913 40303895.85367554 40304185.85269193 40304474.85171173
 40304763.85073153 40305053.84974793 40305343.84876433 40305632.84778413]"	0.0	0.0	0.0
4170.0974560196055	2.0	trials	6.0	1.0	1.0	0.0	10000.0	0.0	True	40.0	0.0	0.005	"[40387958.56855821 40388248.56757461 40388537.56659441 40388828.56560742
 40389117.56462722 40389406.56364701 40389696.56266342 40389986.56167982
 40390276.56069623 40390565.55971602 40390855.55873242 40391145.55774883
 40391434.55676863 40391724.55578503 40392013.55480482 40392303.55382123
 40392592.55284102 40392882.55185743 40393172.55087383 40393461.54989363]"	0.0	0.0	0.0
4175.623062878321	2.0	trials	6.0	1.0	1.0	0.0	10000.0	0.0	True	40.0	0.0	0.005	"[40452044.35119708 40452332.35022027 40452623.34923328 40452912.34825308
 40453201.34727287 40453492.34628588 40453781.34530568 40454070.34432548
 40454360.34334188 40454649.34236167 40454940.34137469 40455229.34039448
 40455518.33941428 40455809.33842729 40456098.33744709 40456388.33646349
 40456678.3354799  40456967.33449969 40457256.33351949 40457546.33253589]"	0.0	0.0	0.0
4182.811086498592	2.0	trials	6.0	1.0	1.0	0.0	10000.0	0.0	True	40.0	0.0	0.005	"[40541080.04921278 40541370.04822919 40541659.04724898 40541949.04626539
 40542239.04528179 40542529.04429819 40542818.04331799 40543108.04233439
 40543397.04135419 40543687.0403706  40543976.03939039 40544266.0384068
 40544556.03742319 40544845.036443   40545135.0354594  40545425.0344758
 40545714.0334956  40546004.032512   40546294.03152841 40546583.0305482 ]"	0.0	0.0	0.0
4190.13804084765	2.0	trials	6.0	1.0	1.0	0.0	10000.0	0.0	True	40.0	0.0	0.005	"[40602044.84243719 40602335.84145019 40602624.84046999 40602914.83948639
 40603203.83850619 40603493.8375226  40603783.83653899 40604072.83555879
 40604362.8345752  40604651.83359499 40604941.8326114  40605231.8316278
 40605520.8306476  40605810.829664   40606100.8286804  40606390.82769681
 40606679.82671661 40606969.82573301 40607258.8247528  40607547.8237726 ]"	0.0	0.0	0.0
4195.7476282215275	2.0	trials	6.0	1.0	1.0	0.0	10000.0	0.0	True	40.0	0.0	0.005	"[40686278.55673988 40686567.55575967 40686858.55477269 40687148.55378909
 40687436.55281228 40687726.55182867 40688016.55084509 40688305.54986488
 40688596.54887789 40688885.54789769 40689174.54691748 40689465.5459305
 40689754.54495029 40690043.54397009 40690334.5429831  40690623.54200289
 40690913.5410193  40691202.5400391  40691492.5390555  40691781.53807529]"	0.0	0.0	0.0
4201.525608624263	2.0	trials	6.0	1.0	1.0	0.0	10000.0	0.0	True	40.0	0.0	0.005	"[40775160.2552779  40775449.2542977  40775739.2533141  40776028.2523339
 40776318.25135031 40776608.25036671 40776898.24938311 40777188.24839952
 40777477.24741931 40777766.24643911 40778056.24545551 40778347.24446853
 40778635.24349172 40778925.24250811 40779215.24152452 40779504.24054431
 40779795.23955733 40780083.23858051 40780373.23759692 40780663.23661332]"	0.0	0.0	0.0
4206.787609977055	2.0	trials	6.0	1.0	1.0	0.0	10000.0	0.0	True	40.0	0.0	0.005	"[40863997.95396516 40864286.95298497 40864576.95200136 40864866.95101777
 40865156.95003417 40865445.94905397 40865735.94807038 40866025.94708677
 40866314.94610658 40866604.94512298 40866893.94414277 40867183.94315918
 40867472.94217898 40867762.94119538 40868052.94021179 40868341.93923157
 40868632.93824459 40868921.93726439 40869210.93628418 40869501.9352972 ]"	0.0	0.0	0.0
4212.43443562463	2.0	trials	6.0	1.0	1.0	0.0	10000.0	0.0	True	40.0	0.0	0.005	"[40924824.74765762 40925113.74667742 40925402.74569721 40925691.74471701
 40925982.74373002 40926271.74274982 40926560.74176961 40926851.74078262
 40927140.73980242 40927430.73881882 40927720.73783523 40928009.73685502
 40928299.73587143 40928588.73489122 40928878.73390763 40929168.73292403
 40929456.73194722 40929747.73096023 40930037.72997664 40930326.72899643]"	0.0	0.0	0.0
4220.52732337586	2.0	trials	6.0	1.0	1.0	0.0	10000.0	0.0	True	40.0	0.0	0.005	"[41009755.45959629 41010044.45861609 41010334.4576325  41010624.4566489
 41010913.4556687  41011203.45468509 41011492.45370489 41011781.45272469
 41012072.4517377  41012362.45075411 41012651.4497739  41012941.4487903
 41013230.4478101  41013521.44682311 41013810.44584291 41014099.44486271
 41014389.44387911 41014679.44289552 41014969.44191191 41015258.44093172]"	0.0	0.0	0.0
4226.179765004388	2.0	trials	6.0	1.0	1.0	0.0	10000.0	0.0	True	40.0	0.0	0.005	"[41088346.19303841 41088635.19205821 41088925.19107461 41089214.1900944
 41089504.18911082 41089793.1881306  41090084.18714362 41090373.18616341
 41090662.18518321 41090952.18419961 41091242.18321602 41091532.18223242
 41091821.18125222 41092110.18027201 41092400.17928842 41092690.17830482
 41092980.17732123 41093269.17634102 41093558.17536081 41093849.17437383]"	0.0	0.0	0.0
4232.569628131792	2.0	trials	6.0	1.0	1.0	0.0	10000.0	0.0	True	40.0	0.0	0.005	"[41164680.93413223 41164969.93315202 41165260.93216503 41165550.93118143
 41165839.93020123 41166128.92922103 41166418.92823743 41166707.92725722
 41166997.92627363 41167287.92529003 41167576.92430983 41167866.92332624
 41168156.92234264 41168445.92136243 41168736.92037545 41169024.91939864
 41169315.91841165 41169604.91743144 41169894.91644785 41170183.91546764]"	0.0	0.0	0.0
4239.769574911624	2.0	trials	6.0	1.0	1.0	0.0	10000.0	0.0	True	40.0	0.0	0.005	"[41246974.65501484 41247263.65403463 41247554.65304764 41247843.65206745
 41248133.65108384 41248422.65010364 41248712.64912004 41249002.64813644
 41249291.64715625 41249581.64617265 41249871.64518905 41250160.64420885
 41250449.64322864 41250739.64224505 41251029.64126145 41251319.64027786
 41251609.63929427 41251898.63831405 41252188.63733046 41252477.63635025]"	0.0	0.0	0.0
4247.269674273423	2.0	trials	6.0	1.0	1.0	0.0	10000.0	0.0	True	40.0	0.0	0.005	"[41322464.39897464 41322754.39799105 41323044.39700745 41323333.39602725
 41323622.39504705 41323912.39406345 41324202.39307985 41324491.39209965
 41324781.39111605 41325071.39013246 41325361.38914886 41325650.38816866
 41325939.38718846 41326230.38620146 41326520.38521787 41326809.38423766
 41327099.38325407 41327388.38227387 41327678.38129026 41327966.38031346]"	0.0	0.0	0.0
4255.321522163849	2.0	trials	6.0	1.0	1.0	0.0	10000.0	0.0	True	40.0	0.0	0.005	"[41403921.12269612 41404210.12171592 41404501.12072892 41404790.11974873
 41405080.11876513 41405368.11778831 41405659.11680133 41405949.11581773
 41406238.11483753 41406528.11385393 41406817.11287373 41407107.11189013
 41407397.11090653 41407687.10992294 41407976.10894273 41408265.10796253
 41408554.10698233 41408845.10599534 41409134.10501514 41409425.10402815]"	0.0	0.0	0.0
4263.067687891062	2.0	trials	6.0	1.0	1.0	0.0	10000.0	0.0	True	40.0	0.0	0.005	"[41481149.86075775 41481438.85977754 41481729.85879055 41482018.85781035
 41482308.85682675 41482598.85584316 41482886.85486635 41483176.85388274
 41483466.85289916 41483755.85191895 41484046.85093196 41484335.84995176
 41484625.84896816 41484914.84798795 41485204.84700436 41485494.84602076
 41485783.84504056 41486073.84405696 41486362.84307676 41486652.84209317]"	0.0	0.0	0.0
4268.857764252772	2.0	trials	6.0	1.0	1.0	0.0	10000.0	0.0	True	40.0	0.0	0.005	"[41574131.54538976 41574420.54440955 41574709.54342936 41574999.54244576
 41575289.54146216 41575579.54047856 41575868.53949836 41576158.53851477
 41576447.53753456 41576737.53655096 41577026.53557076 41577317.53458377
 41577606.53360356 41577896.53261998 41578185.53163976 41578475.53065617
 41578765.52967258 41579054.52869237 41579344.52770878 41579634.52672518]"	0.0	0.0	0.0
4276.549843763429	2.0	trials	6.0	1.0	1.0	0.0	10000.0	0.0	True	40.0	0.0	0.005	"[41636489.33388951 41636779.33290591 41637069.33192232 41637358.33094211
 41637647.3299619  41637937.32897831 41638226.32799811 41638516.32701451
 41638807.32602752 41639096.32504731 41639386.32406372 41639675.32308352
 41639964.32210331 41640255.32111633 41640544.32013612 41640834.31915253
 41641124.31816892 41641413.31718872 41641703.31620513 41641992.31522493]"	0.0	0.0	0.0
4284.613960412242	2.0	trials	6.0	1.0	1.0	0.0	10000.0	0.0	True	40.0	0.0	0.005	"[41729829.01730729 41730118.01632708 41730408.01534349 41730697.01436329
 41730988.0133763  41731277.01239609 41731568.01140911 41731856.0104323
 41732147.0094453  41732436.0084651  41732726.00748151 41733015.0065013
 41733305.00551771 41733595.00453411 41733884.0035539  41734174.00257031
 41734463.00159011 41734753.00060651 41735042.99962291 41735331.99864271]"	0.0	0.0	0.0
4292.4259627161555	2.0	trials	6.0	1.0	1.0	0.0	10000.0	0.0	True	40.0	0.0	0.005	"[41822605.70263461 41822894.7016544  41823183.7006742  41823473.6996906
 41823762.6987104  41824051.69773019 41824342.69674321 41824632.69575961
 41824922.69477601 41825211.69379581 41825500.69281561 41825791.69182862
 41826080.69084841 41826369.6898682  41826659.68888462 41826949.68790102
 41827238.68692081 41827528.68593722 41827818.68495362 41828107.68397342]"	0.0	0.0	0.0
4298.365596970608	2.0	trials	6.0	1.0	1.0	0.0	10000.0	0.0	True	40.0	0.0	0.005	"[41906558.41789038 41906847.41691016 41907137.41592658 41907427.41494297
 41907717.41395938 41908007.41297578 41908296.41199558 41908586.41101199
 41908876.41002839 41909164.40905157 41909454.40806798 41909744.40708438
 41910034.40610079 41910323.40512059 41910614.4041336  41910903.4031534
 41911192.40217319 41911482.4011896  41911772.400206   41912062.3992224 ]"	0.0	0.0	0.0
4305.6497834647225	2.0	trials	6.0	1.0	1.0	0.0	10000.0	0.0	True	40.0	0.0	0.005	"[41983156.15809216 41983446.15710858 41983736.15612497 41984026.15514138
 41984315.15416118 41984605.15317757 41984895.15219399 41985184.15121378
 41985474.15023018 41985764.14924659 41986053.14826638 41986342.14728618
 41986632.14630259 41986921.14532237 41987212.1443354  41987501.14335519
 41987791.14237159 41988081.141388   41988370.14040779 41988660.13942419]"	0.0	0.0	0.0
4313.3958627922275	2.0	trials	6.0	1.0	1.0	0.0	10000.0	0.0	True	40.0	0.0	0.005	"[42075361.84535615 42075651.84437256 42075940.84339235 42076230.84240875
 42076519.84142855 42076810.84044156 42077099.83946136 42077388.83848115
 42077678.83749756 42077968.83651396 42078258.83553036 42078548.83454677
 42078837.83356657 42079127.83258297 42079416.83160277 42079706.83061917
 42079995.82963897 42080285.82865537 42080574.82767516 42080864.82669157]"	0.0	0.0	0.0
4320.331599268185	2.0	trials	6.0	1.0	1.0	0.0	10000.0	0.0	True	40.0	0.0	0.005	"[42270854.18230058 42271144.18131699 42271434.18033338 42271723.17935318
 42272014.17836619 42272303.17738599 42272593.1764024  42272882.17542219
 42273172.17443859 42273460.17346178 42273751.17247479 42274041.1714912
 42274331.1705076  42274620.1695274  42274910.16854381 42275199.16756359
 42275489.16658    42275779.1655964  42276069.16461281 42276358.1636326 ]"	0.0	0.0	0.0
4327.514179706919	2.0	trials	6.0	1.0	1.0	0.0	10000.0	0.0	True	40.0	0.0	0.005	"[42348633.91849337 42348923.91750978 42349212.91652957 42349502.91554598
 42349791.91456577 42350081.91358218 42350369.91260536 42350659.91162177
 42350949.91063817 42351239.90965457 42351530.90866759 42351818.90769078
 42352108.90670718 42352398.90572358 42352688.90473999 42352977.90375978
 42353266.90277958 42353555.90179937 42353846.90081239 42354135.89983218]"	0.0	0.0	0.0
4374.226181273115	2.0	trials	8.0	1.0	1.0	0.0	10000.0	0.0	True	40.0	0.0	0.005	"[42420301.6754163  42420590.67443609 42420880.6734525  42421170.6724689
 42421460.6714853  42421750.67050171 42422039.6695215  42422328.6685413
 42422619.66755431 42422909.66657072 42423198.66559051 42423487.66461031
 42423776.66363011 42424067.66264311 42424356.66166291 42424647.66067592
 42424936.65969572 42425226.65871212 42425514.65773531 42425805.65674832]"	0.0	0.0	0.0
4380.867985946005	2.0	trials	8.0	1.0	1.0	0.0	10000.0	0.0	True	40.0	0.0	0.005	"[42490021.43894627 42490310.43796607 42490600.43698247 42490889.43600226
 42491180.43501528 42491469.43403507 42491758.43305487 42492049.43206789
 42492338.43108767 42492628.43010408 42492628.43010408 42492918.42912048
 42493208.42813689 42493496.42716008 42493786.42617648 42494075.42519628
 42494365.42421269 42494655.42322908 42494945.42224549 42495234.42126529]"	0.0	0.0	0.0
4387.799143237494	2.0	trials	8.0	1.0	1.0	0.0	10000.0	0.0	True	40.0	0.0	0.005	"[42495525.4202783  42550511.23378173 42550802.23279474 42551091.23181454
 42551381.23083094 42551670.22985074 42551961.22886375 42552250.22788355
 42552539.22690334 42552830.22591635 42553118.22493954 42553408.22395594
 42553699.22296896 42553988.22198875 42554277.22100855 42554567.22002495
 42554857.21904136 42555146.21806116 42555437.21707416 42555725.21609735]"	0.0	0.0	0.0
4394.014565356552	2.0	trials	8.0	1.0	1.0	0.0	10000.0	0.0	True	40.0	0.0	0.005	"[42556015.21511376 42622661.98906646 42622951.98808286 42623240.98710266
 42623530.98611906 42623820.98513547 42624109.98415526 42624398.98317506
 42624689.98218807 42624979.98120448 42625267.98022766 42625558.97924067
 42625847.97826047 42626137.97727688 42626427.97629327 42626716.97531307
 42627006.97432947 42627295.97334927 42627585.97236568 42627874.97138548]"	0.0	0.0	0.0
4401.129840423567	2.0	trials	8.0	1.0	1.0	0.0	10000.0	0.0	True	40.0	0.0	0.005	"[42628165.97039849 42716493.67081552 42716783.66983192 42717073.66884833
 42717363.66786473 42717652.66688453 42717942.66590093 42718230.66492412
 42718520.66394052 42718810.66295693 42719101.66196994 42719389.66099313
 42719679.66000953 42719969.65902594 42720259.65804234 42720549.65705875
 42720838.65607854 42721127.65509833 42721417.65411474 42721706.65313454]"	0.0	0.0	0.0
4407.945913305389	2.0	trials	8.0	1.0	1.0	0.0	10000.0	0.0	True	40.0	0.0	0.005	"[42721997.65214755 42794675.40564484 42794965.40466125 42795255.40367766
 42795544.40269745 42795834.40171385 42796123.40073366 42796412.39975344
 42796703.39876646 42796992.39778625 42797282.39680266 42797571.39582245
 42797861.39483886 42798151.39385526 42798439.39287845 42798729.39189485
 42799019.39091126 42799309.38992766 42799598.38894746 42799889.38796047]"	0.0	0.0	0.0
4415.140330503975	2.0	trials	8.0	1.0	1.0	0.0	10000.0	0.0	True	40.0	0.0	0.005	"[42800177.38698366 42855510.19931017 42855800.19832657 42856089.19734637
 42856380.19635937 42856669.19537918 42856958.19439897 42857249.19341198
 42857538.19243178 42857827.19145157 42858118.19046459 42858406.18948777
 42858698.18849739 42858986.18752058 42859276.18653699 42859565.18555678
 42859855.18457318 42860145.18358959 42860434.18260939 42860724.18162579]"	0.0	0.0	0.0
4420.936368445465	2.0	trials	8.0	1.0	1.0	0.0	10000.0	0.0	True	40.0	0.0	0.005	"[42861014.1806422  42923911.96731041 42924200.96633021 42924490.96534661
 42924780.96436302 42925070.96337942 42925359.96239921 42925650.96141223
 42925938.96043542 42926229.95944843 42926517.95847162 42926807.95748802
 42927097.95650443 42927387.95552083 42927675.95454402 42927966.95355703
 42928255.95257683 42928545.95159323 42928836.95060624 42929125.94962604]"	0.0	0.0	0.0
4426.936309695374	2.0	trials	8.0	1.0	1.0	0.0	10000.0	0.0	True	40.0	0.0	0.005	"[42929415.94864244 42990860.74023882 42991148.73926201 42991438.73827841
 42991729.73729142 42992018.73631122 42992308.73532762 42992596.73435081
 42992886.73336721 42993177.73238023 42993465.73140342 42993756.73041642
 42994046.72943283 42994335.72845262 42994625.72746903 42994914.72648883
 42995203.72550862 42995494.72452164 42995782.72354482 42996072.72256123]"	0.0	0.0	0.0
4433.662440482254	2.0	trials	8.0	1.0	1.0	0.0	10000.0	0.0	True	40.0	0.0	0.005	"[42996362.72157763 43066203.48469721 43066493.48371361 43066782.48273341
 43067072.48174982 43067363.48076282 43067652.47978263 43067942.47879902
 43068232.47781543 43068521.47683522 43068811.47585163 43069101.47486804
 43069389.47389122 43069680.47290423 43069968.47192742 43070258.47094382
 43070548.46996023 43070838.46897663 43071128.46799304 43071416.46701622]"	0.0	0.0	0.0
4441.499153102357	2.0	trials	8.0	1.0	1.0	0.0	10000.0	0.0	True	40.0	0.0	0.005	"[43071707.46602923 43155022.18344892 43155311.18246871 43155601.18148511
 43155891.18050152 43156180.17952131 43156471.17853432 43156759.17755751
 43157049.17657392 43157340.17558693 43157629.17460673 43157918.17362652
 43158208.17264292 43158497.17166273 43158788.17067573 43159077.16969553
 43159366.16871532 43159656.16773173 43159946.16674814 43160234.16577133]"	0.0	0.0	0.0
4448.536236434576	2.0	trials	8.0	1.0	1.0	0.0	10000.0	0.0	True	40.0	0.0	0.005	"[43160525.16478433 43235581.91021276 43235871.90922916 43236160.90824895
 43236451.90726197 43236740.90628175 43237030.90529817 43237318.90432135
 43237608.90333775 43237899.90235077 43238187.90137396 43238478.90038697
 43238768.89940337 43239057.89842317 43239347.89743957 43239636.89645937
 43239925.89547917 43240215.89449557 43240504.89351536 43240794.89253177]"	0.0	0.0	0.0
4455.616519620272	2.0	trials	8.0	1.0	1.0	0.0	10000.0	0.0	True	40.0	0.0	0.005	"[43241084.89154817 43301726.68586809 43302017.68488111 43302305.68390429
 43302596.6829173  43302885.6819371  43303176.68095011 43303464.6799733
 43303754.67898971 43304045.67800272 43304334.67702251 43304623.6760423
 43304912.67506211 43305203.67407511 43305493.67309152 43305781.67211471
 43306071.67113111 43306362.67014413 43306649.6691707  43306940.66818371]"	0.0	0.0	0.0
4463.290455192468	2.0	trials	8.0	1.0	1.0	0.0	10000.0	0.0	True	40.0	0.0	0.005	"[43307230.66720012 43386487.39838336 43386777.39739976 43387066.39641955
 43387356.39543596 43387644.39445915 43387935.39347216 43388225.39248856
 43388514.39150836 43388803.39052816 43389094.38954117 43389383.38856097
 43389673.38757737 43389962.38659716 43390252.38561357 43390541.38463336
 43390831.38364977 43391120.38266956 43391411.38168258 43391700.38070237]"	0.0	0.0	0.0
4469.800586711956	2.0	trials	8.0	1.0	1.0	0.0	10000.0	0.0	True	40.0	0.0	0.005	"[43391990.37971877 43477121.09097911 43477411.08999551 43477701.08901192
 43477991.08802832 43478281.08704472 43478569.08606791 43478859.08508432
 43479149.08410072 43479440.08311373 43479729.08213353 43480017.08115672
 43480307.08017312 43480597.07918952 43480888.07820254 43481177.07722233
 43481466.07624213 43481755.07526192 43482046.07427493 43482335.07329473]"	0.0	0.0	0.0
4477.510291762833	2.0	trials	8.0	1.0	1.0	0.0	10000.0	0.0	True	40.0	0.0	0.005	"[43482624.07231452 43566206.78882522 43566496.78784163 43566786.78685804
 43567075.78587783 43567366.78489085 43567656.78390725 43567945.78292704
 43568234.78194684 43568524.78096324 43568813.77998304 43569104.77899605
 43569393.77801585 43569681.77703904 43569973.77604866 43570262.77506845
 43570551.77408825 43570842.77310126 43571130.77212445 43571420.77114085]"	0.0	0.0	0.0
4482.898609487193	2.0	trials	8.0	1.0	1.0	0.0	10000.0	0.0	True	40.0	0.0	0.005	"[43571709.77016065 43630585.57047033 43630873.56949352 43631164.56850652
 43631453.56752632 43631742.56654611 43632033.56555913 43632322.56457893
 43632611.56359871 43632901.56261513 43633191.56163152 43633480.56065132
 43633771.55966434 43634060.55868413 43634350.55770054 43634640.55671694
 43634929.55573674 43635218.55475654 43635509.55376954 43635798.55278934]"	0.0	0.0	0.0
4489.870288241244	2.0	trials	8.0	1.0	1.0	0.0	10000.0	0.0	True	40.0	0.0	0.005	"[43636087.55180914 43704756.3189038  43705046.31792021 43705334.31694339
 43705625.31595641 43705913.31497959 43706203.31399599 43706493.3130124
 43706783.3120288  43707071.31105199 43707362.310065   43707653.30907802
 43707942.30809781 43708231.30711761 43708521.30613402 43708810.3051538
 43709101.30416682 43709390.30318661 43709680.30220302 43709968.30122621]"	0.0	0.0	0.0
4497.064100641883	2.0	trials	8.0	1.0	1.0	0.0	10000.0	0.0	True	40.0	0.0	0.005	"[43710258.30024261 43765660.11233509 43765948.11135828 43766239.11037129
 43766529.1093877  43766817.10841088 43767107.10742728 43767397.1064437
 43767687.10546009 43767976.10447989 43768266.10349629 43768556.10251269
 43768844.10153588 43769136.1005455  43769425.0995653  43769715.09858171
 43770004.0976015  43770294.09661791 43770584.09563431 43770872.0946575 ]"	0.0	0.0	0.0
4504.438661229474	2.0	trials	8.0	1.0	1.0	0.0	10000.0	0.0	True	40.0	0.0	0.005	"[43771163.09367052 43849955.8264275  43850244.8254473  43850534.8244637
 43850823.8234835  43851114.82249651 43851403.82151631 43851692.8205361
 43851983.81954911 43852272.81856891 43852562.81758531 43852853.81659833
 43853139.8156283  43853431.81463792 43853719.81366111 43854010.81267411
 43854300.81169052 43854588.81071371 43854878.80973011 43855167.80874991]"	0.0	0.0	0.0
4510.701430387945	2.0	trials	8.0	1.0	1.0	0.0	10000.0	0.0	True	40.0	0.0	0.005	"[43855457.80776631 43922117.58167492 43922406.58069471 43922695.57971451
 43922985.57873092 43923276.57774393 43923565.57676373 43923854.57578352
 43924145.57479654 43924434.57381632 43924723.57283612 43925014.57184914
 43925304.57086554 43925592.56988873 43925882.56890514 43926171.56792492
 43926461.56694134 43926751.56595773 43927041.56497414 43927331.56399055]"	0.0	0.0	0.0
4518.676468938886	2.0	trials	8.0	1.0	1.0	0.0	10000.0	0.0	True	40.0	0.0	0.005	"[43927620.56301033 43987213.36088816 43987503.35990456 43987791.35892776
 43988081.35794416 43988371.35696056 43988661.35597696 43988951.35499337
 43989241.35400977 43989529.35303296 43989819.35204937 43990108.35106917
 43990398.35008556 43990689.34909858 43990978.34811837 43991268.34713478
 43991558.34615118 43991847.34517098 43992137.34418739 43992426.34320718]"	0.0	0.0	0.0
4523.878940893583	2.0	trials	8.0	1.0	1.0	0.0	10000.0	0.0	True	40.0	0.0	0.005	"[43992716.34222358 44049184.1507005  44049475.14971351 44049764.1487333
 44050054.14774971 44050345.14676273 44050633.14578591 44050923.14480232
 44051212.14382211 44051502.14283852 44051792.14185492 44052081.14087471
 44052371.13989112 44052661.13890752 44052950.13792732 44053240.13694373
 44053530.13596012 44053819.13497993 44054109.13399632 44054399.13301273]"	0.0	0.0	0.0
4530.737436031521	2.0	trials	8.0	1.0	1.0	0.0	10000.0	0.0	True	40.0	0.0	0.005	"[44054688.13203253 44119711.91148997 44120001.91050638 44120290.90952618
 44120581.90853918 44120870.90755899 44121160.90657539 44121449.90559518
 44121739.90461159 44122030.90362459 44122319.9026444  44122608.90166419
 44122898.90068059 44123187.89970039 44123478.8987134  44123767.8977332
 44124056.896753   44124346.89576939 44124637.89478241 44124926.8938022 ]"	0.0	0.0	0.0
4537.9004901364815	2.0	trials	8.0	1.0	1.0	0.0	10000.0	0.0	True	40.0	0.0	0.005	"[44125214.89282539 44208363.6108081  44208654.6098211  44208943.60884091
 44209232.6078607  44209522.6068771  44209811.6058969  44210101.6049133
 44210390.6039331  44210681.60294611 44210971.60196251 44211259.6009857
 44211549.60000211 44211839.59901851 44212129.59803491 44212417.5970581
 44212708.59607112 44212998.59508752 44213288.59410392 44213578.59312033]"	0.0	0.0	0.0
4544.020613378767	2.0	trials	8.0	1.0	1.0	0.0	10000.0	0.0	True	40.0	0.0	0.005	"[44213867.59214012 44298725.30432639 44299015.3033428  44299304.30236259
 44299594.301379   44299883.30039879 44300173.2994152  44300463.2984316
 44300753.297448   44301043.29646441 44301331.2954876  44301621.294504
 44301911.29352041 44302200.2925402  44302491.29155321 44302781.29056961
 44303069.2895928  44303359.28860921 44303650.28762222 44303938.2866454 ]"	0.0	0.0	0.0
4550.620686993197	2.0	trials	8.0	1.0	1.0	0.0	10000.0	0.0	True	40.0	0.0	0.005	"[44304230.28565502 44372459.05424204 44372750.05325505 44373040.05227146
 44373329.05129125 44373619.05030766 44373908.04932746 44374199.04834047
 44374487.04736365 44374777.04638006 44375066.04539985 44375357.04441287
 44375646.04343266 44375935.04245245 44376226.04146548 44376515.04048526
 44376805.03950167 44377093.03852486 44377384.03753787 44377673.03655766]"	0.0	0.0	0.0
4557.946258946944	2.0	trials	8.0	1.0	1.0	0.0	10000.0	0.0	True	40.0	0.0	0.005	"[44377964.03557068 44442396.81703262 44442687.81604564 44442976.81506544
 44443265.81408523 44443556.81309824 44443846.81211465 44444135.81113444
 44444424.81015424 44444714.80917064 44445004.80818705 44445293.80720685
 44445583.80622324 44445873.80523966 44446160.80426623 44446452.80327585
 44446742.80229225 44447030.80131544 44447321.80032845 44447610.79934825]"	0.0	0.0	0.0
4564.912580919165	2.0	trials	8.0	1.0	1.0	0.0	10000.0	0.0	True	40.0	0.0	0.005	"[44447899.79836804 44522324.54594003 44522614.54495643 44522904.54397283
 44523193.54299262 44523483.54200903 44523773.54102543 44524063.54004184
 44524352.53906164 44524641.53808144 44524932.53709444 44525221.53611424
 44525510.53513403 44525800.53415044 44526090.53316684 44526380.53218325
 44526669.53120305 44526958.53022284 44527248.52923924 44527539.52825225]"	0.0	0.0	0.0
4570.27039954697	2.0	trials	8.0	1.0	1.0	0.0	10000.0	0.0	True	40.0	0.0	0.005	"[44527827.52727544 44583747.33761102 44584035.3366342  44584325.33565061
 44584614.33467041 44584904.33368681 44585195.33269982 44585483.331723
 44585773.33073942 44586064.32975242 44586353.32877222 44586642.32779202
 44586932.32680842 44587222.32582483 44587511.32484462 44587801.32386103
 44588091.32287743 44588380.32189722 44588670.32091363 44588959.31993343]"	0.0	0.0	0.0
4576.774483086971	2.0	trials	8.0	1.0	1.0	0.0	10000.0	0.0	True	40.0	0.0	0.005	"[44589249.31894983 44661005.07557429 44661295.07459068 44661584.07361048
 44661874.07262689 44662164.07164329 44662454.0706597  44662742.06968288
 44663032.06869929 44663322.06771569 44663611.06673549 44663901.06575189
 44664190.06477169 44664481.0637847  44664770.0628045  44665060.06182089
 44665350.06083731 44665639.0598571  44665930.05887011 44666218.0578933 ]"	0.0	0.0	0.0
4583.921207647317	2.0	trials	8.0	1.0	1.0	0.0	10000.0	0.0	True	40.0	0.0	0.005	"[44666510.05690292 44749338.77597097 44749626.77499416 44749917.77400716
 44750207.77302357 44750497.77203997 44750787.77105638 44751076.77007618
 44751365.76909596 44751654.76811577 44751945.76712878 44752235.76614518
 44752524.76516498 44752814.76418138 44753103.76320118 44753392.76222098
 44753683.76123399 44753972.76025379 44754262.75927019 44754552.75828659]"	0.0	0.0	0.0
4589.062767808609	2.0	trials	8.0	1.0	1.0	0.0	10000.0	0.0	True	40.0	0.0	0.005	"[44754840.75730978 44841491.46341471 44841780.46243451 44842070.46145091
 44842360.46046732 44842649.45948711 44842939.45850351 44843226.4575301
 44843517.45654311 44843806.4555629  44844097.45457591 44844386.45359571
 44844676.45261212 44844967.45162513 44845255.45064832 44845546.44966133
 44845834.44868451 44846124.44770093 44846415.44671393 44846704.44573373]"	0.0	0.0	0.0
4594.492384592896	2.0	trials	8.0	1.0	1.0	0.0	10000.0	0.0	True	40.0	0.0	0.005	"[44846993.44475352 44934964.1463814  44935254.1453978  44935544.14441421
 44935833.143434   44936122.1424538  44936411.14147359 44936702.14048661
 44936991.13950641 44937282.13851941 44937570.13754261 44937860.136559
 44938150.13557541 44938439.13459521 44938730.13360822 44939019.13262802
 44939309.13164441 44939600.13065743 44939888.12968062 44940178.12869702]"	0.0	0.0	0.0
4600.293260917976	2.0	trials	8.0	1.0	1.0	0.0	10000.0	0.0	True	40.0	0.0	0.005	"[44940467.12771682 45013300.88068501 45013589.8797048  45013880.87871781
 45014168.877741   45014459.87675402 45014747.87577721 45015037.8747936
 45015327.87381002 45015616.87282981 45015906.87184621 45016196.87086262
 45016485.86988241 45016776.86889543 45017065.86791522 45017355.86693162
 45017644.86595142 45017934.86496782 45018224.86398423 45018514.86300063]"	0.0	0.0	0.0
4607.939548583946	2.0	trials	8.0	1.0	1.0	0.0	10000.0	0.0	True	40.0	0.0	0.005	"[45018803.86202043 45101876.5802609  45102166.57927731 45102455.5782971
 45102744.5773169  45103034.5763333  45103325.57534631 45103614.57436611
 45103903.5733859  45104193.57240231 45104482.5714221  45104772.57043851
 45105061.56945831 45105352.56847131 45105640.5674945  45105930.56651091
 45106220.56552731 45106509.56454711 45106799.56356351 45107089.56257991]"	0.0	0.0	0.0
4616.038829913491	2.0	trials	8.0	1.0	1.0	0.0	10000.0	0.0	True	40.0	0.0	0.005	"[45107378.56159972 45180267.31438136 45180558.31339438 45180848.31241077
 45181136.31143396 45181427.31044697 45181716.30946677 45182006.30848318
 45182295.30750296 45182585.30651937 45182874.30553917 45183165.30455218
 45183454.30357198 45183743.30259177 45184033.30160818 45184323.30062458
 45184611.29964777 45184902.29866078 45185192.29767719 45185481.29669698]"	0.0	0.0	0.0
4621.666474826123	2.0	trials	8.0	1.0	1.0	0.0	10000.0	0.0	True	40.0	0.0	0.005	"[45185771.29571339 45257396.05278216 45257687.05179516 45257976.05081496
 45258266.04983136 45258556.04884777 45258845.04786757 45259134.04688736
 45259423.04590715 45259714.04492017 45260004.04393657 45260292.04295976
 45260582.04197616 45260873.04098918 45261162.04000898 45261452.03902537
 45261742.03804179 45262031.03706157 45262320.03608137 45262610.03509778]"	0.0	0.0	0.0
4629.360714329454	2.0	trials	8.0	1.0	1.0	0.0	10000.0	0.0	True	40.0	0.0	0.005	"[45262900.03411418 45321003.83704226 45321294.83605527 45321584.83507168
 45321872.83409486 45322163.83310788 45322452.83212767 45322741.83114747
 45323031.83016387 45323320.82918367 45323611.82819668 45323898.82722326
 45324190.82623288 45324479.82525267 45324769.82426908 45325059.82328548
 45325349.82230189 45325637.82132508 45325927.82034148 45326217.81935789]"	0.0	0.0	0.0
4635.088582902155	2.0	trials	8.0	1.0	1.0	0.0	10000.0	0.0	True	40.0	0.0	0.005	"[45326507.81837429 45396425.5812327  45396714.58025251 45397004.5792689
 45397294.57828531 45397583.5773051  45397873.57632151 45398161.57534469
 45398451.5743611  45398741.5733775  45399031.57239391 45399321.57141031
 45399611.57042672 45399899.56944991 45400189.56846631 45400479.56748272
 45400769.56649911 45401058.56551892 45401349.56453192 45401637.56355511]"	0.0	0.0	0.0
4643.020853598152	2.0	trials	8.0	1.0	1.0	0.0	10000.0	0.0	True	40.0	0.0	0.005	"[45401928.56256813 45476495.30965848 45476783.30868167 45477074.30769468
 45477363.30671448 45477653.30573088 45477943.30474728 45478232.30376709
 45478523.3027801  45478812.30179989 45479101.30081969 45479391.29983609
 45479681.2988525  45479969.29787568 45480260.29688869 45480551.2959017
 45480839.29492489 45481130.29393791 45481419.2929577  45481709.2919741 ]"	0.0	0.0	0.0
4650.844692661919	2.0	trials	8.0	1.0	1.0	0.0	10000.0	0.0	True	40.0	0.0	0.005	"[45481998.29099391 45569828.99309662 45570118.99211302 45570408.99112942
 45570697.99014922 45570985.98917241 45571276.98818542 45571567.98719843
 45571855.98622162 45572146.98523463 45572434.98425782 45572724.98327422
 45573015.98228724 45573303.98131043 45573593.98032683 45573883.97934324
 45574172.97836303 45574462.97737943 45574753.97639244 45575041.97541563]"	0.0	0.0	0.0
4658.657040564661	2.0	trials	8.0	1.0	1.0	0.0	10000.0	0.0	True	40.0	0.0	0.005	"[45575332.97442865 45631783.78296322 45632071.78198641 45632361.78100281
 45632650.78002261 45632940.77903901 45633231.77805202 45633520.77707182
 45633809.77609161 45634097.7751148  45634389.77412442 45634678.77314422
 45634967.77216402 45635258.77117702 45635547.77019683 45635837.76921323
 45636126.76823302 45636415.76725282 45636706.76626583 45636995.76528563]"	0.0	0.0	0.0
4665.179008844002	2.0	trials	8.0	1.0	1.0	0.0	10000.0	0.0	True	40.0	0.0	0.005	"[45637285.76430203 45708990.52109946 45709280.52011587 45709570.51913227
 45709860.51814868 45710150.51716508 45710438.51618826 45710729.51520128
 45711017.51422447 45711308.51323748 45711596.51226066 45711887.51127368
 45712177.51029009 45712466.50930988 45712756.50832628 45713046.50734269
 45713335.50636248 45713624.50538228 45713914.50439868 45714204.50341509]"	0.0	0.0	0.0
4670.506673974079	2.0	trials	8.0	1.0	1.0	0.0	10000.0	0.0	True	40.0	0.0	0.005	"[45714493.50243488 45769827.314758   45770118.31377101 45770406.3127942
 45770697.31180721 45770987.31082362 45771276.30984341 45771565.30886321
 45771855.30787961 45772145.30689602 45772434.30591581 45772724.30493221
 45773014.30394862 45773303.30296841 45773593.30198482 45773883.30100122
 45774173.30001763 45774463.29903403 45774751.29805722 45775041.29707363]"	0.0	0.0	0.0
4678.426589511982	2.0	trials	8.0	1.0	1.0	0.0	10000.0	0.0	True	40.0	0.0	0.005	"[45775331.29609003 45848507.04789825 45848797.04691466 45849086.04593445
 45849375.04495426 45849666.04396725 45849955.04298706 45850244.04200685
 45850535.04101986 45850824.04003966 45851113.03905946 45851403.03807586
 45851693.03709226 45851983.03610867 45852272.03512846 45852562.03414487
 45852851.03316466 45853141.03218107 45853431.03119747 45853721.03021388]"	0.0	0.0	0.0
4685.626795490934	2.0	trials	8.0	1.0	1.0	0.0	10000.0	0.0	True	40.0	0.0	0.005	"[45854009.02923706 45921372.80075791 45921663.79977092 45921952.79879071
 45922243.79780373 45922532.79682352 45922821.79584333 45923112.79485633
 45923400.79387952 45923690.79289593 45923981.79190893 45924270.79092874
 45924560.78994513 45924848.78896832 45925139.78798134 45925428.78700113
 45925719.78601415 45926008.78503394 45926297.78405374 45926588.78306675]"	0.0	0.0	0.0
4691.686870936884	2.0	trials	8.0	1.0	1.0	0.0	10000.0	0.0	True	40.0	0.0	0.005	"[45926876.78208993 46015033.48308696 46015322.48210675 46015612.48112315
 46015901.48014295 46016192.47915596 46016480.47817915 46016770.47719555
 46017061.47620856 46017349.47523175 46017639.47424816 46017929.47326456
 46018219.47228096 46018509.47129737 46018798.47031716 46019087.46933696
 46019377.46835336 46019667.46736977 46019957.46638618 46020246.46540597]"	0.0	0.0	0.0
4698.472876720685	2.0	trials	8.0	1.0	1.0	0.0	10000.0	0.0	True	40.0	0.0	0.005	"[46020536.46442237 46243958.70663634 46244248.70565274 46244539.70466576
 46244827.70368894 46245118.70270196 46245407.70172175 46245697.70073815
 46245987.69975456 46246276.69877435 46246566.69779076 46246855.69681055
 46247145.69582696 46247435.69484336 46247723.69386655 46248013.69288296
 46248304.69189597 46248592.69091915 46248882.68993556 46249173.68894857]"	0.0	0.0	0.0
4705.264757684559	2.0	trials	8.0	1.0	1.0	0.0	10000.0	0.0	True	40.0	0.0	0.005	"[46249462.68796837 46325832.42894347 46326123.42795648 46326412.42697628
 46326702.42599269 46326991.42501248 46327281.42402888 46327571.42304529
 46327860.42206509 46328150.42108148 46328439.42010128 46328730.41911429
 46329019.41813409 46329309.4171505  46329599.4161669  46329888.4151867
 46330178.4142031  46330468.4132195  46330757.4122393  46331047.4112557 ]"	0.0	0.0	0.0
4730.2078346847475	2.0	trials	9.0	1.0	1.0	0.0	10000.0	0.0	True	5.0	0.0	0.01	"[46331336.4102755  46408060.15004993 46408351.14906295               nan
               nan               nan               nan               nan
               nan               nan               nan               nan
               nan               nan               nan               nan
               nan               nan               nan               nan]"	0.0	0.0	0.0
4736.032384529533	2.0	trials	9.0	1.0	1.0	0.0	10000.0	0.0	True	5.0	0.0	0.01	"[46408641.14807935 46408929.14710254 46409220.14611556               nan
               nan               nan               nan               nan
               nan               nan               nan               nan
               nan               nan               nan               nan
               nan               nan               nan               nan]"	0.0	0.0	0.0
4741.972623581934	2.0	trials	9.0	1.0	1.0	0.0	10000.0	0.0	True	5.0	0.0	0.01	"[46409509.14513535 46409799.14415175 46410087.14317494               nan
               nan               nan               nan               nan
               nan               nan               nan               nan
               nan               nan               nan               nan
               nan               nan               nan               nan]"	0.0	0.0	0.0
4748.465993558274	2.0	trials	9.0	1.0	1.0	0.0	10000.0	0.0	True	5.0	0.0	0.01	"[46410378.14218795 46410667.14120775 46410957.14022416               nan
               nan               nan               nan               nan
               nan               nan               nan               nan
               nan               nan               nan               nan
               nan               nan               nan               nan]"	0.0	0.0	0.0
4754.046032232372	2.0	trials	9.0	1.0	1.0	0.0	10000.0	0.0	True	5.0	0.0	0.01	"[46411248.13923717 46411537.13825696 46411826.13727675               nan
               nan               nan               nan               nan
               nan               nan               nan               nan
               nan               nan               nan               nan
               nan               nan               nan               nan]"	0.0	0.0	0.0
4759.5059753138	2.0	trials	9.0	1.0	1.0	0.0	10000.0	0.0	True	5.0	0.0	0.01	"[46412115.13629656 46412405.13531295 46412695.13432936               nan
               nan               nan               nan               nan
               nan               nan               nan               nan
               nan               nan               nan               nan
               nan               nan               nan               nan]"	0.0	0.0	0.0
4764.671813792747	2.0	trials	9.0	1.0	1.0	0.0	10000.0	0.0	True	5.0	0.0	0.01	"[46412984.13334916 46413274.13236556 46413564.13138197               nan
               nan               nan               nan               nan
               nan               nan               nan               nan
               nan               nan               nan               nan
               nan               nan               nan               nan]"	0.0	0.0	0.0
4771.289080948862	2.0	trials	9.0	1.0	1.0	0.0	10000.0	0.0	True	5.0	0.0	0.01	"[46478763.91024247 46479052.90926226 46479342.90827867               nan
               nan               nan               nan               nan
               nan               nan               nan               nan
               nan               nan               nan               nan
               nan               nan               nan               nan]"	0.0	0.0	0.0
4777.721452732089	2.0	trials	9.0	1.0	1.0	0.0	10000.0	0.0	True	5.0	0.0	0.01	"[46479632.90729507 46479922.90631147 46480210.90533467               nan
               nan               nan               nan               nan
               nan               nan               nan               nan
               nan               nan               nan               nan
               nan               nan               nan               nan]"	0.0	0.0	0.0
4783.295529826408	2.0	trials	9.0	1.0	1.0	0.0	10000.0	0.0	True	5.0	0.0	0.01	"[46480502.90434429 46480791.90336408 46481081.90238048               nan
               nan               nan               nan               nan
               nan               nan               nan               nan
               nan               nan               nan               nan
               nan               nan               nan               nan]"	0.0	0.0	0.0
4789.565556560263	2.0	trials	9.0	1.0	1.0	0.0	10000.0	0.0	True	5.0	0.0	0.01	"[46481370.90140028 46481659.90042008 46481950.89943309               nan
               nan               nan               nan               nan
               nan               nan               nan               nan
               nan               nan               nan               nan
               nan               nan               nan               nan]"	0.0	0.0	0.0
4794.989902962425	2.0	trials	9.0	1.0	1.0	0.0	10000.0	0.0	True	5.0	0.0	0.01	"[46482239.89845289 46482528.89747268 46482818.89648908               nan
               nan               nan               nan               nan
               nan               nan               nan               nan
               nan               nan               nan               nan
               nan               nan               nan               nan]"	0.0	0.0	0.0
4801.943956176257	2.0	trials	9.0	1.0	1.0	0.0	10000.0	0.0	True	5.0	0.0	0.01	"[46483107.89550888 46483398.89452189 46483687.89354169               nan
               nan               nan               nan               nan
               nan               nan               nan               nan
               nan               nan               nan               nan
               nan               nan               nan               nan]"	0.0	0.0	0.0
4807.391803298711	2.0	trials	9.0	1.0	1.0	0.0	10000.0	0.0	True	5.0	0.0	0.01	"[46483977.8925581  46484267.89157449 46543896.68933022               nan
               nan               nan               nan               nan
               nan               nan               nan               nan
               nan               nan               nan               nan
               nan               nan               nan               nan]"	0.0	0.0	0.0
4812.671602991135	2.0	trials	9.0	1.0	1.0	0.0	10000.0	0.0	True	5.0	0.0	0.01	"[46544185.68835001 46544475.68736642 46544764.68638621               nan
               nan               nan               nan               nan
               nan               nan               nan               nan
               nan               nan               nan               nan
               nan               nan               nan               nan]"	0.0	0.0	0.0
4818.083507835496	2.0	trials	9.0	1.0	1.0	0.0	10000.0	0.0	True	5.0	0.0	0.01	"[46545053.68540601 46545343.68442242 46545634.68343543               nan
               nan               nan               nan               nan
               nan               nan               nan               nan
               nan               nan               nan               nan
               nan               nan               nan               nan]"	0.0	0.0	0.0
4823.5976235331855	2.0	trials	9.0	1.0	1.0	0.0	10000.0	0.0	True	5.0	0.0	0.01	"[46545923.68245523 46546213.68147162 46546502.68049143               nan
               nan               nan               nan               nan
               nan               nan               nan               nan
               nan               nan               nan               nan
               nan               nan               nan               nan]"	0.0	0.0	0.0
4829.302250584716	2.0	trials	9.0	1.0	1.0	0.0	10000.0	0.0	True	5.0	0.0	0.01	"[46546792.67950783 46547081.67852762 46547371.67754403               nan
               nan               nan               nan               nan
               nan               nan               nan               nan
               nan               nan               nan               nan
               nan               nan               nan               nan]"	0.0	0.0	0.0
4834.811873497644	2.0	trials	9.0	1.0	1.0	0.0	10000.0	0.0	True	5.0	0.0	0.01	"[46547661.67656043 46547951.67557684 46548241.67459323               nan
               nan               nan               nan               nan
               nan               nan               nan               nan
               nan               nan               nan               nan
               nan               nan               nan               nan]"	0.0	0.0	0.0
4841.351812916033	2.0	trials	9.0	1.0	1.0	0.0	10000.0	0.0	True	5.0	0.0	0.01	"[46548530.67361303 46548820.67262944 46549109.67164924               nan
               nan               nan               nan               nan
               nan               nan               nan               nan
               nan               nan               nan               nan
               nan               nan               nan               nan]"	0.0	0.0	0.0
4848.113713181593	2.0	trials	9.0	1.0	1.0	0.0	10000.0	0.0	True	5.0	0.0	0.01	"[46549398.67066903 46608477.47029019 46608767.4693066                nan
               nan               nan               nan               nan
               nan               nan               nan               nan
               nan               nan               nan               nan
               nan               nan               nan               nan]"	0.0	0.0	0.0
4853.573742662728	2.0	trials	9.0	1.0	1.0	0.0	10000.0	0.0	True	5.0	0.0	0.01	"[46609057.468323   46609347.4673394  46609635.46636259               nan
               nan               nan               nan               nan
               nan               nan               nan               nan
               nan               nan               nan               nan
               nan               nan               nan               nan]"	0.0	0.0	0.0
4858.716685219332	2.0	trials	9.0	1.0	1.0	0.0	10000.0	0.0	True	5.0	0.0	0.01	"[46609926.46537561 46610215.4643954  46610505.46341181               nan
               nan               nan               nan               nan
               nan               nan               nan               nan
               nan               nan               nan               nan
               nan               nan               nan               nan]"	0.0	0.0	0.0
4864.806050165941	2.0	trials	9.0	1.0	1.0	0.0	10000.0	0.0	True	5.0	0.0	0.01	"[46610795.4624282  46611085.46144462 46611374.46046441               nan
               nan               nan               nan               nan
               nan               nan               nan               nan
               nan               nan               nan               nan
               nan               nan               nan               nan]"	0.0	0.0	0.0
4870.368031301286	2.0	trials	9.0	1.0	1.0	0.0	10000.0	0.0	True	5.0	0.0	0.01	"[46611664.45948081 46611953.4585006  46612243.45751701               nan
               nan               nan               nan               nan
               nan               nan               nan               nan
               nan               nan               nan               nan
               nan               nan               nan               nan]"	0.0	0.0	0.0
4876.955836157327	2.0	trials	9.0	1.0	1.0	0.0	10000.0	0.0	True	5.0	0.0	0.01	"[46612532.45653681 46612821.45555661 46613112.45456962               nan
               nan               nan               nan               nan
               nan               nan               nan               nan
               nan               nan               nan               nan
               nan               nan               nan               nan]"	0.0	0.0	0.0
4882.866699309364	2.0	trials	9.0	1.0	1.0	0.0	10000.0	0.0	True	5.0	0.0	0.01	"[46613401.45358941 46613691.45260582 46613980.45162561               nan
               nan               nan               nan               nan
               nan               nan               nan               nan
               nan               nan               nan               nan
               nan               nan               nan               nan]"	0.0	0.0	0.0
4888.284220134676	2.0	trials	9.0	1.0	1.0	0.0	10000.0	0.0	True	5.0	0.0	0.01	"[46698122.16624035 46698411.16526014 46698701.16427655               nan
               nan               nan               nan               nan
               nan               nan               nan               nan
               nan               nan               nan               nan
               nan               nan               nan               nan]"	0.0	0.0	0.0
4893.641865963068	2.0	trials	9.0	1.0	1.0	0.0	10000.0	0.0	True	5.0	0.0	0.01	"[46698990.16329634 46699280.16231275 46699571.16132576               nan
               nan               nan               nan               nan
               nan               nan               nan               nan
               nan               nan               nan               nan
               nan               nan               nan               nan]"	0.0	0.0	0.0
4899.60621053371	2.0	trials	9.0	1.0	1.0	0.0	10000.0	0.0	True	5.0	0.0	0.01	"[46699859.16034894 46700150.15936196 46700438.15838515               nan
               nan               nan               nan               nan
               nan               nan               nan               nan
               nan               nan               nan               nan
               nan               nan               nan               nan]"	0.0	0.0	0.0
4915.39506578241	2.0	trials	10.0	1.0	1.0	0.0	10000.0	0.0	True	10.0	0.0	0.005	"[46700729.15739816 46701018.15641795 46701308.15543436 46701598.15445076
 46701888.15346717               nan               nan               nan
               nan               nan               nan               nan
               nan               nan               nan               nan
               nan               nan               nan               nan]"	0.0	0.0	0.0
4920.804378635562	2.0	trials	10.0	1.0	1.0	0.0	10000.0	0.0	True	10.0	0.0	0.005	"[46702176.15249036 46702466.15150676 46702756.15052316 46703046.14953957
 46703336.14855597               nan               nan               nan
               nan               nan               nan               nan
               nan               nan               nan               nan
               nan               nan               nan               nan]"	0.0	0.0	0.0
4926.777276777192	2.0	trials	10.0	1.0	1.0	0.0	10000.0	0.0	True	10.0	0.0	0.005	"[46703625.14757577 46766983.93268041 46767272.93170021 46767563.93071321
 46767852.92973302               nan               nan               nan
               nan               nan               nan               nan
               nan               nan               nan               nan
               nan               nan               nan               nan]"	0.0	0.0	0.0
4933.6053592182825	2.0	trials	10.0	1.0	1.0	0.0	10000.0	0.0	True	10.0	0.0	0.005	"[46768142.92874941 46768432.92776582 46768722.92678222 46769010.92580541
 46769301.92481843               nan               nan               nan
               nan               nan               nan               nan
               nan               nan               nan               nan
               nan               nan               nan               nan]"	0.0	0.0	0.0
4940.493403056	2.0	trials	10.0	1.0	1.0	0.0	10000.0	0.0	True	10.0	0.0	0.005	"[46769590.92383822 46769879.92285801 46770169.92187442 46770459.92089082
 46770748.91991062               nan               nan               nan
               nan               nan               nan               nan
               nan               nan               nan               nan
               nan               nan               nan               nan]"	0.0	0.0	0.0
4946.895794140913	2.0	trials	10.0	1.0	1.0	0.0	10000.0	0.0	True	10.0	0.0	0.005	"[46771038.91892703 46771328.91794343 46771618.91695984 46771907.91597962
 46772196.91499943               nan               nan               nan
               nan               nan               nan               nan
               nan               nan               nan               nan
               nan               nan               nan               nan]"	0.0	0.0	0.0
4953.628318506108	2.0	trials	10.0	1.0	1.0	0.0	10000.0	0.0	True	10.0	0.0	0.005	"[46772486.91401583 46850927.64796671 46851216.6469865  46851506.6460029
 46851796.6450193                nan               nan               nan
               nan               nan               nan               nan
               nan               nan               nan               nan
               nan               nan               nan               nan]"	0.0	0.0	0.0
4959.652106075136	2.0	trials	10.0	1.0	1.0	0.0	10000.0	0.0	True	10.0	0.0	0.005	"[46852086.6440357  46852374.6430589  46852665.64207191 46852954.6410917
 46853243.6401115                nan               nan               nan
               nan               nan               nan               nan
               nan               nan               nan               nan
               nan               nan               nan               nan]"	0.0	0.0	0.0
4965.231453551579	2.0	trials	10.0	1.0	1.0	0.0	10000.0	0.0	True	10.0	0.0	0.005	"[46853533.6391279  46853823.63814431 46854112.6371641  46854403.63617712
 46854693.63519352               nan               nan               nan
               nan               nan               nan               nan
               nan               nan               nan               nan
               nan               nan               nan               nan]"	0.0	0.0	0.0
4970.841213724871	2.0	trials	10.0	1.0	1.0	0.0	10000.0	0.0	True	10.0	0.0	0.005	"[46854981.6342167  46855271.63323312 46855561.63224952 46855850.63126931
 46856139.63028911               nan               nan               nan
               nan               nan               nan               nan
               nan               nan               nan               nan
               nan               nan               nan               nan]"	0.0	0.0	0.0
4976.1820116104045	2.0	trials	10.0	1.0	1.0	0.0	10000.0	0.0	True	10.0	0.0	0.005	"[46856430.62930211 46923683.40119944 46923972.40021924 46924262.39923564
 46924551.39825544               nan               nan               nan
               nan               nan               nan               nan
               nan               nan               nan               nan
               nan               nan               nan               nan]"	0.0	0.0	0.0
4981.528339077186	2.0	trials	10.0	1.0	1.0	0.0	10000.0	0.0	True	10.0	0.0	0.005	"[46924841.39727185 46925130.39629164 46925420.39530804 46925709.39432783
 46925998.39334764               nan               nan               nan
               nan               nan               nan               nan
               nan               nan               nan               nan
               nan               nan               nan               nan]"	0.0	0.0	0.0
4988.631431785518	2.0	trials	10.0	1.0	1.0	0.0	10000.0	0.0	True	10.0	0.0	0.005	"[46926288.39236404 46926578.39138044 46926869.39039345 46927159.38940986
 46927447.38843305               nan               nan               nan
               nan               nan               nan               nan
               nan               nan               nan               nan
               nan               nan               nan               nan]"	0.0	0.0	0.0
4994.0088631468025	2.0	trials	10.0	1.0	1.0	0.0	10000.0	0.0	True	10.0	0.0	0.005	"[46927738.38744606 46928027.38646585 46928317.38548226 46928605.38450544
 46928896.38351846               nan               nan               nan
               nan               nan               nan               nan
               nan               nan               nan               nan
               nan               nan               nan               nan]"	0.0	0.0	0.0
5000.169421451943	2.0	trials	10.0	1.0	1.0	0.0	10000.0	0.0	True	10.0	0.0	0.005	"[46929185.38253826 47009303.11080123 47009592.10982102 47009882.10883743
 47010172.10785384               nan               nan               nan
               nan               nan               nan               nan
               nan               nan               nan               nan
               nan               nan               nan               nan]"	0.0	0.0	0.0
5005.791363983916	2.0	trials	10.0	1.0	1.0	0.0	10000.0	0.0	True	10.0	0.0	0.005	"[47010461.10687363 47010752.10588665 47011041.10490644 47011330.10392623
 47011620.10294264               nan               nan               nan
               nan               nan               nan               nan
               nan               nan               nan               nan
               nan               nan               nan               nan]"	0.0	0.0	0.0
5012.385648817981	2.0	trials	10.0	1.0	1.0	0.0	10000.0	0.0	True	10.0	0.0	0.005	"[47011909.10196243 47012199.10097884 47012489.09999525 47012778.09901503
 47013069.09802806               nan               nan               nan
               nan               nan               nan               nan
               nan               nan               nan               nan
               nan               nan               nan               nan]"	0.0	0.0	0.0
5017.731457886518	2.0	trials	10.0	1.0	1.0	0.0	10000.0	0.0	True	10.0	0.0	0.005	"[47013358.09704784 47013649.09606086 47013937.09508404 47014226.09410384
 47014516.09312024               nan               nan               nan
               nan               nan               nan               nan
               nan               nan               nan               nan
               nan               nan               nan               nan]"	0.0	0.0	0.0
5023.149669909487	2.0	trials	10.0	1.0	1.0	0.0	10000.0	0.0	True	10.0	0.0	0.005	"[47014806.09213665 47068890.90869602 47069179.9077158  47069469.90673221
 47069759.90574861               nan               nan               nan
               nan               nan               nan               nan
               nan               nan               nan               nan
               nan               nan               nan               nan]"	0.0	0.0	0.0
5028.502304554874	2.0	trials	10.0	1.0	1.0	0.0	10000.0	0.0	True	10.0	0.0	0.005	"[47070048.90476841 47070338.90378481 47070627.90280461 47070917.90182102
 47071207.90083742               nan               nan               nan
               nan               nan               nan               nan
               nan               nan               nan               nan
               nan               nan               nan               nan]"	0.0	0.0	0.0
5034.831515087995	2.0	trials	10.0	1.0	1.0	0.0	10000.0	0.0	True	10.0	0.0	0.005	"[47071496.89985722 47071786.89887362 47072076.89789002 47072366.89690643
 47072655.89592622               nan               nan               nan
               nan               nan               nan               nan
               nan               nan               nan               nan
               nan               nan               nan               nan]"	0.0	0.0	0.0
5040.716803926773	2.0	trials	10.0	1.0	1.0	0.0	10000.0	0.0	True	10.0	0.0	0.005	"[47072944.89494602 47073234.89396243 47073523.89298221 47073813.89199862
 47074103.89101502               nan               nan               nan
               nan               nan               nan               nan
               nan               nan               nan               nan
               nan               nan               nan               nan]"	0.0	0.0	0.0
5047.533222407423	2.0	trials	10.0	1.0	1.0	0.0	10000.0	0.0	True	10.0	0.0	0.005	"[47074394.89002804 47142222.65997513 47142510.65899832 47142800.65801471
 47143090.65703113               nan               nan               nan
               nan               nan               nan               nan
               nan               nan               nan               nan
               nan               nan               nan               nan]"	0.0	0.0	0.0
5054.487707619789	2.0	trials	10.0	1.0	1.0	0.0	10000.0	0.0	True	10.0	0.0	0.005	"[47143379.65605092 47143669.65506732 47143958.65408713 47144248.65310352
 47144538.65211993               nan               nan               nan
               nan               nan               nan               nan
               nan               nan               nan               nan
               nan               nan               nan               nan]"	0.0	0.0	0.0
5061.357348319925	2.0	trials	10.0	1.0	1.0	0.0	10000.0	0.0	True	10.0	0.0	0.005	"[47144828.65113633 47145118.65015274 47145408.64916914 47145697.64818894
 47145986.64720873               nan               nan               nan
               nan               nan               nan               nan
               nan               nan               nan               nan
               nan               nan               nan               nan]"	0.0	0.0	0.0
5066.493465299679	2.0	trials	10.0	1.0	1.0	0.0	10000.0	0.0	True	10.0	0.0	0.005	"[47146277.64622174 47146566.64524154 47146855.64426134 47147144.64328113
 47147434.64229754               nan               nan               nan
               nan               nan               nan               nan
               nan               nan               nan               nan
               nan               nan               nan               nan]"	0.0	0.0	0.0
5072.427224374059	2.0	trials	10.0	1.0	1.0	0.0	10000.0	0.0	True	10.0	0.0	0.005	"[47147724.64131394 47217429.40489479 47217719.4039112  47218010.40292421
 47218299.40194401               nan               nan               nan
               nan               nan               nan               nan
               nan               nan               nan               nan
               nan               nan               nan               nan]"	0.0	0.0	0.0
5078.307502029832	2.0	trials	10.0	1.0	1.0	0.0	10000.0	0.0	True	10.0	0.0	0.005	"[47218589.40096041 47218878.3999802  47219168.39899661 47219457.39801641
 47219746.39703619               nan               nan               nan
               nan               nan               nan               nan
               nan               nan               nan               nan
               nan               nan               nan               nan]"	0.0	0.0	0.0
5085.363766096994	2.0	trials	10.0	1.0	1.0	0.0	10000.0	0.0	True	10.0	0.0	0.005	"[47220036.39605261 47220326.395069   47220615.3940888  47220906.39310182
 47221194.392125                 nan               nan               nan
               nan               nan               nan               nan
               nan               nan               nan               nan
               nan               nan               nan               nan]"	0.0	0.0	0.0
5091.8194658011	2.0	trials	10.0	1.0	1.0	0.0	10000.0	0.0	True	10.0	0.0	0.005	"[47221484.39114141 47221773.3901612  47222064.38917422 47222353.38819401
 47222643.38721041               nan               nan               nan
               nan               nan               nan               nan
               nan               nan               nan               nan
               nan               nan               nan               nan]"	0.0	0.0	0.0
5111.239355134367	2.0	trials	11.0	1.0	1.0	0.0	10000.0	0.0	True	20.0	0.0	0.005	"[47222932.38623021 47299539.12640148 47299831.1254111  47300120.1244309
 47300409.12345069 47300699.1224671  47300989.1214835  47301278.1205033
 47301569.11951631 47301858.11853611               nan               nan
               nan               nan               nan               nan
               nan               nan               nan               nan]"	0.0	0.0	0.0
5117.517935439211	2.0	trials	11.0	1.0	1.0	0.0	10000.0	0.0	True	20.0	0.0	0.005	"[47302148.11755251 47302437.11657231 47302727.11558871 47303017.11460511
 47303307.11362152 47303596.1126413  47303885.11166111 47304175.11067751
 47304464.1096973  47304754.10871372               nan               nan
               nan               nan               nan               nan
               nan               nan               nan               nan]"	0.0	0.0	0.0
5123.0655742232	2.0	trials	11.0	1.0	1.0	0.0	10000.0	0.0	True	20.0	0.0	0.005	"[47305045.10772672 47390414.81817644 47390703.81719624 47390994.81620925
 47391283.81522904 47391573.81424545 47391861.81326863 47392152.81228165
 47392441.81130144 47392731.81031785               nan               nan
               nan               nan               nan               nan
               nan               nan               nan               nan]"	0.0	0.0	0.0
5129.998113910001	2.0	trials	11.0	1.0	1.0	0.0	10000.0	0.0	True	20.0	0.0	0.005	"[47393020.80933765 47393310.80835405 47393599.80737384 47393890.80638685
 47394180.80540326 47394469.80442305 47394759.80343946 47395048.80245925
 47395337.80147906 47395627.80049545               nan               nan
               nan               nan               nan               nan
               nan               nan               nan               nan]"	0.0	0.0	0.0
5136.531832549488	2.0	trials	11.0	1.0	1.0	0.0	10000.0	0.0	True	20.0	0.0	0.005	"[47395917.79951186 47463820.56920457 47464109.56822436 47464400.56723737
 47464688.56626055 47464978.56527697 47465268.56429337 47465557.56331316
 47465848.56232617 47466136.56134936               nan               nan
               nan               nan               nan               nan
               nan               nan               nan               nan]"	0.0	0.0	0.0
5142.949775581653	2.0	trials	11.0	1.0	1.0	0.0	10000.0	0.0	True	20.0	0.0	0.005	"[47466427.56036238 47466717.55937878 47467006.55839857 47467296.55741499
 47467586.55643139 47467874.55545457 47468164.55447099 47468454.55348738
 47468744.55250379 47469034.55152019               nan               nan
               nan               nan               nan               nan
               nan               nan               nan               nan]"	0.0	0.0	0.0
5148.493612778537	2.0	trials	11.0	1.0	1.0	0.0	10000.0	0.0	True	20.0	0.0	0.005	"[47469323.55053999 47525830.35888463 47526120.35790103 47526410.35691744
 47526700.35593383 47526988.35495702 47527278.35397343 47527568.35298983
 47527857.35200962 47528147.35102604               nan               nan
               nan               nan               nan               nan
               nan               nan               nan               nan]"	0.0	0.0	0.0
5153.916058387146	2.0	trials	11.0	1.0	1.0	0.0	10000.0	0.0	True	20.0	0.0	0.005	"[47528437.35004244 47528727.34905885 47529016.34807864 47529306.34709504
 47529595.34611484 47529885.34513123 47530174.34415103 47530464.34316745
 47530754.34218384 47531043.34120364               nan               nan
               nan               nan               nan               nan
               nan               nan               nan               nan]"	0.0	0.0	0.0
5160.211918633381	2.0	trials	11.0	1.0	1.0	0.0	10000.0	0.0	True	20.0	0.0	0.005	"[47531333.34022004 47600695.10496426 47600984.10398404 47601274.10300045
 47601563.10202026 47601854.10103326 47602145.10004626 47602433.09906946
 47602722.09808926 47603013.09710226               nan               nan
               nan               nan               nan               nan
               nan               nan               nan               nan]"	0.0	0.0	0.0
5165.446012880824	2.0	trials	11.0	1.0	1.0	0.0	10000.0	0.0	True	20.0	0.0	0.005	"[47603302.09612206 47603591.09514187 47603881.09415825 47604170.09317806
 47604460.09219447 47604750.09121086 47605040.09022728 47605330.08924367
 47605619.08826347 47605909.08727988               nan               nan
               nan               nan               nan               nan
               nan               nan               nan               nan]"	0.0	0.0	0.0
5172.454584309747	2.0	trials	11.0	1.0	1.0	0.0	10000.0	0.0	True	20.0	0.0	0.005	"[47606198.08629967 47681874.82962523 47682165.82863823 47682454.82765803
 47682744.82667445 47683033.82569423 47683323.82471064 47683613.82372706
 47683902.82274684 47684191.82176664               nan               nan
               nan               nan               nan               nan
               nan               nan               nan               nan]"	0.0	0.0	0.0
5178.1515217873575	2.0	trials	11.0	1.0	1.0	0.0	10000.0	0.0	True	20.0	0.0	0.005	"[47684481.82078304 47684772.81979606 47685061.81881586 47685350.81783564
 47685640.81685206 47685929.81587185 47686219.81488825 47686508.81390805
 47686798.81292445 47687089.81193747               nan               nan
               nan               nan               nan               nan
               nan               nan               nan               nan]"	0.0	0.0	0.0
5183.354166541469	2.0	trials	11.0	1.0	1.0	0.0	10000.0	0.0	True	20.0	0.0	0.005	"[47687377.81096065 47756945.57500616 47757235.57402256 47757525.57303897
 47757813.57206216 47758102.57108196 47758393.57009497 47758684.56910798
 47758972.56813117 47759262.56714758               nan               nan
               nan               nan               nan               nan
               nan               nan               nan               nan]"	0.0	0.0	0.0
5189.491915323973	2.0	trials	11.0	1.0	1.0	0.0	10000.0	0.0	True	20.0	0.0	0.005	"[47759551.56616737 47759842.56518038 47760131.56420019 47760420.56321997
 47760710.56223638 47761000.56125278 47761289.56027258 47761579.55928898
 47761869.55830538 47762159.55732179               nan               nan
               nan               nan               nan               nan
               nan               nan               nan               nan]"	0.0	0.0	0.0
5195.491510975054	2.0	trials	11.0	1.0	1.0	0.0	10000.0	0.0	True	20.0	0.0	0.005	"[47762448.55634159 47840903.29024498 47841193.28926137 47841482.28828117
 47841772.28729758 47842062.28631398 47842352.28533039 47842641.28435018
 47842930.28336997 47843220.28238638               nan               nan
               nan               nan               nan               nan
               nan               nan               nan               nan]"	0.0	0.0	0.0
5200.741243569456	2.0	trials	11.0	1.0	1.0	0.0	10000.0	0.0	True	20.0	0.0	0.005	"[47843510.28140278 47843799.28042258 47844089.27943899 47844378.27845877
 47844669.2774718  47844958.27649159 47845247.27551138 47845537.2745278
 47845828.2735408  47846117.2725606                nan               nan
               nan               nan               nan               nan
               nan               nan               nan               nan]"	0.0	0.0	0.0
5207.44966241641	2.0	trials	11.0	1.0	1.0	0.0	10000.0	0.0	True	20.0	0.0	0.005	"[47846406.2715804  47932640.97909629 47932930.97811268 47933220.97712909
 47933509.97614888 47933798.97516867 47934088.97418508 47934378.97320148
 47934667.97222128 47934958.97123428               nan               nan
               nan               nan               nan               nan
               nan               nan               nan               nan]"	0.0	0.0	0.0
5213.269633076728	2.0	trials	11.0	1.0	1.0	0.0	10000.0	0.0	True	20.0	0.0	0.005	"[47935246.97025748 47935536.96927388 47935826.96829029 47936116.9673067
 47936405.96632649 47936696.9653395  47936985.96435929 47937274.9633791
 47937563.96239889 47937853.96141529               nan               nan
               nan               nan               nan               nan
               nan               nan               nan               nan]"	0.0	0.0	0.0
5218.813383873904	2.0	trials	11.0	1.0	1.0	0.0	10000.0	0.0	True	20.0	0.0	0.005	"[47938144.9604283  48016038.69623443 48016329.69524746 48016618.69426726
 48016908.69328365 48017197.69230346 48017487.69131985 48017776.69033965
 48018067.68935266 48018357.68836907               nan               nan
               nan               nan               nan               nan
               nan               nan               nan               nan]"	0.0	0.0	0.0
5224.903267218754	2.0	trials	11.0	1.0	1.0	0.0	10000.0	0.0	True	20.0	0.0	0.005	"[48018646.68738887 48018936.68640526 48019225.68542506 48019514.68444485
 48019805.68345787 48020094.68247767 48020384.68149407 48020673.68051387
 48020963.67953028 48021252.67855006               nan               nan
               nan               nan               nan               nan
               nan               nan               nan               nan]"	0.0	0.0	0.0
5230.267652224288	2.0	trials	11.0	1.0	1.0	0.0	10000.0	0.0	True	20.0	0.0	0.005	"[48021542.67756647 48097014.42158734 48097303.42060713 48097594.41962014
 48097884.41863654 48098172.41765972 48098462.41667613 48098752.41569254
 48099042.41470895 48099331.41372874               nan               nan
               nan               nan               nan               nan
               nan               nan               nan               nan]"	0.0	0.0	0.0
5235.583307795098	2.0	trials	11.0	1.0	1.0	0.0	10000.0	0.0	True	20.0	0.0	0.005	"[48099620.41274853 48099910.41176493 48100200.41078133 48100489.40980113
 48100780.40881415 48101069.40783394 48101358.40685374 48101648.40587015
 48101938.40488654 48102227.40390635               nan               nan
               nan               nan               nan               nan
               nan               nan               nan               nan]"	0.0	0.0	0.0
5240.923328083271	2.0	trials	11.0	1.0	1.0	0.0	10000.0	0.0	True	20.0	0.0	0.005	"[48102518.40291936 48187571.11444424 48187860.11346403 48188150.11248044
 48188440.11149685 48188730.11051326 48189019.10953305 48189308.10855285
 48189598.10756925 48189888.10658565               nan               nan
               nan               nan               nan               nan
               nan               nan               nan               nan]"	0.0	0.0	0.0
5246.755394702562	2.0	trials	11.0	1.0	1.0	0.0	10000.0	0.0	True	20.0	0.0	0.005	"[48190178.10560206 48190468.10461847 48190757.10363826 48191046.10265805
 48191336.10167446 48191626.10069085 48191916.09970726 48192205.09872706
 48192494.09774685 48192784.09676326               nan               nan
               nan               nan               nan               nan
               nan               nan               nan               nan]"	0.0	0.0	0.0
5253.043478975172	2.0	trials	11.0	1.0	1.0	0.0	10000.0	0.0	True	20.0	0.0	0.005	"[48193074.09577967 48273128.82425632 48273418.82327272 48273707.82229251
 48273996.82131232 48274287.82032533 48274576.81934512 48274866.81836151
 48275155.81738132 48275445.81639773               nan               nan
               nan               nan               nan               nan
               nan               nan               nan               nan]"	0.0	0.0	0.0
5259.511706636786	2.0	trials	11.0	1.0	1.0	0.0	10000.0	0.0	True	20.0	0.0	0.005	"[48275735.81541412 48276025.81443053 48276314.81345032 48276603.81247012
 48276893.81148653 48277182.81050632 48277472.80952272 48277763.80853574
 48278052.80755553 48278341.80657534               nan               nan
               nan               nan               nan               nan
               nan               nan               nan               nan]"	0.0	0.0	0.0
5265.247869581354	2.0	trials	11.0	1.0	1.0	0.0	10000.0	0.0	True	20.0	0.0	0.005	"[48278632.80558833 48337081.60734628 48337372.6063593  48337660.60538248
 48337951.60439549 48338241.6034119  48338530.60243169 48338820.6014481
 48339110.60046451 48339400.59948091               nan               nan
               nan               nan               nan               nan
               nan               nan               nan               nan]"	0.0	0.0	0.0
5271.55366579389	2.0	trials	11.0	1.0	1.0	0.0	10000.0	0.0	True	20.0	0.0	0.005	"[48339688.59850409 48339979.59751711 48340267.5965403  48340557.59555671
 48340848.59456971 48341137.59358951 48341426.5926093  48341717.59162231
 48342006.59064212 48342296.58965851               nan               nan
               nan               nan               nan               nan
               nan               nan               nan               nan]"	0.0	0.0	0.0
5277.541597484532	2.0	trials	11.0	1.0	1.0	0.0	10000.0	0.0	True	20.0	0.0	0.005	"[48342585.5886783  48420277.32516958 48420566.32418938 48420857.32320238
 48421146.32222218 48421435.32124197 48421724.32026176 48422015.31927478
 48422303.31829796 48422594.31731098               nan               nan
               nan               nan               nan               nan
               nan               nan               nan               nan]"	0.0	0.0	0.0
5284.086461686216	2.0	trials	11.0	1.0	1.0	0.0	10000.0	0.0	True	20.0	0.0	0.005	"[48422883.31633078 48423174.31534379 48423463.31436359 48423752.31338338
 48424042.31239979 48424331.31141958 48424622.31043259 48424911.30945238
 48425201.30846879 48425490.30748858               nan               nan
               nan               nan               nan               nan
               nan               nan               nan               nan]"	0.0	0.0	0.0
5291.1622520871515	2.0	trials	11.0	1.0	1.0	0.0	10000.0	0.0	True	20.0	0.0	0.005	"[48425780.30650499 48505080.03754238 48505370.03655879 48505659.03557859
 48505949.03459499 48506239.03361139 48506529.03262779 48506817.03165098
 48507107.03066739 48507397.02968379               nan               nan
               nan               nan               nan               nan
               nan               nan               nan               nan]"	0.0	0.0	0.0
5296.717407645646	2.0	trials	11.0	1.0	1.0	0.0	10000.0	0.0	True	20.0	0.0	0.005	"[48507686.02870359 48507976.02772    48508266.02673639 48508556.0257528
 48508846.0247692  48509135.023789   48509425.02280542 48509714.0218252
 48510005.02083822 48510294.01985801               nan               nan
               nan               nan               nan               nan
               nan               nan               nan               nan]"	0.0	0.0	0.0
5302.261590441358	2.0	trials	11.0	1.0	1.0	0.0	10000.0	0.0	True	20.0	0.0	0.005	"[48510583.0188778  48570005.81733222 48570293.81635541 48570583.81537181
 48570874.81438483 48571163.81340463 48571453.81242102 48571741.81144421
 48572031.81046062 48572321.80947701               nan               nan
               nan               nan               nan               nan
               nan               nan               nan               nan]"	0.0	0.0	0.0
5308.472260576533	2.0	trials	11.0	1.0	1.0	0.0	10000.0	0.0	True	20.0	0.0	0.005	"[48572611.80849342 48572900.80751322 48573190.80652962 48573480.80554603
 48573769.80456582 48574059.80358223 48574348.80260203 48574638.80161842
 48574927.80063822 48575218.79965124               nan               nan
               nan               nan               nan               nan
               nan               nan               nan               nan]"	0.0	0.0	0.0
5314.150362918027	2.0	trials	11.0	1.0	1.0	0.0	10000.0	0.0	True	20.0	0.0	0.005	"[48575508.79866765 48636879.590515   48637169.58953141 48637459.5885478
 48637749.58756422 48638038.58658401 48638327.5856038  48638618.58461682
 48638907.58363662 48639196.58265641               nan               nan
               nan               nan               nan               nan
               nan               nan               nan               nan]"	0.0	0.0	0.0
5326.5204681621535	2.0	trials	11.0	1.0	1.0	0.0	10000.0	0.0	False	0.0	0.0	0.0	"[nan nan nan nan nan nan nan nan nan nan nan nan nan nan nan nan nan nan
 nan nan]"	0.0	0.0	0.0
5347.582297526428	2.0	trials	12.0	1.0	1.0	0.0	10000.0	0.0	True	1.0	0.0	1.0	"[48639487.58166942               nan               nan               nan
               nan               nan               nan               nan
               nan               nan               nan               nan
               nan               nan               nan               nan
               nan               nan               nan               nan]"	0.0	0.0	0.0
5354.63173601674	2.0	trials	12.0	1.0	1.0	0.0	10000.0	0.0	True	1.0	0.0	1.0	"[48639775.58069262               nan               nan               nan
               nan               nan               nan               nan
               nan               nan               nan               nan
               nan               nan               nan               nan
               nan               nan               nan               nan]"	0.0	0.0	0.0
5359.852956707848	2.0	trials	12.0	1.0	1.0	0.0	10000.0	0.0	True	1.0	0.0	1.0	"[48640065.57970901               nan               nan               nan
               nan               nan               nan               nan
               nan               nan               nan               nan
               nan               nan               nan               nan
               nan               nan               nan               nan]"	0.0	0.0	0.0
5365.761227868675	2.0	trials	12.0	1.0	1.0	0.0	10000.0	0.0	True	1.0	0.0	1.0	"[48640355.57872542               nan               nan               nan
               nan               nan               nan               nan
               nan               nan               nan               nan
               nan               nan               nan               nan
               nan               nan               nan               nan]"	0.0	0.0	0.0
5372.031945800186	2.0	trials	12.0	1.0	1.0	0.0	10000.0	0.0	True	1.0	0.0	1.0	"[48640645.57774182               nan               nan               nan
               nan               nan               nan               nan
               nan               nan               nan               nan
               nan               nan               nan               nan
               nan               nan               nan               nan]"	0.0	0.0	0.0
5378.865298623399	2.0	trials	12.0	1.0	1.0	0.0	10000.0	0.0	True	1.0	0.0	1.0	"[48640934.57676162               nan               nan               nan
               nan               nan               nan               nan
               nan               nan               nan               nan
               nan               nan               nan               nan
               nan               nan               nan               nan]"	0.0	0.0	0.0
5385.135670956083	2.0	trials	12.0	1.0	1.0	0.0	10000.0	0.0	True	1.0	0.0	1.0	"[48641225.57577462               nan               nan               nan
               nan               nan               nan               nan
               nan               nan               nan               nan
               nan               nan               nan               nan
               nan               nan               nan               nan]"	0.0	0.0	0.0
5391.82525466692	2.0	trials	12.0	1.0	1.0	0.0	10000.0	0.0	True	1.0	0.0	1.0	"[48641514.57479442               nan               nan               nan
               nan               nan               nan               nan
               nan               nan               nan               nan
               nan               nan               nan               nan
               nan               nan               nan               nan]"	0.0	0.0	0.0
5398.887566713569	2.0	trials	12.0	1.0	1.0	0.0	10000.0	0.0	True	0.0	0.0	0.0	"[nan nan nan nan nan nan nan nan nan nan nan nan nan nan nan nan nan nan
 nan nan]"	0.0	0.0	0.0
5405.067305753655	2.0	trials	12.0	1.0	1.0	0.0	10000.0	0.0	True	1.0	0.0	1.0	"[48641803.57381422               nan               nan               nan
               nan               nan               nan               nan
               nan               nan               nan               nan
               nan               nan               nan               nan
               nan               nan               nan               nan]"	0.0	0.0	0.0
5411.3448492620155	2.0	trials	12.0	1.0	1.0	0.0	10000.0	0.0	True	1.0	0.0	1.0	"[48642092.57283402               nan               nan               nan
               nan               nan               nan               nan
               nan               nan               nan               nan
               nan               nan               nan               nan
               nan               nan               nan               nan]"	0.0	0.0	0.0
5418.2316835038355	2.0	trials	12.0	1.0	1.0	0.0	10000.0	0.0	True	1.0	0.0	1.0	"[48642383.57184703               nan               nan               nan
               nan               nan               nan               nan
               nan               nan               nan               nan
               nan               nan               nan               nan
               nan               nan               nan               nan]"	0.0	0.0	0.0
5424.582234764574	2.0	trials	12.0	1.0	1.0	0.0	10000.0	0.0	True	1.0	0.0	1.0	"[48697783.3839463              nan              nan              nan
              nan              nan              nan              nan
              nan              nan              nan              nan
              nan              nan              nan              nan
              nan              nan              nan              nan]"	0.0	0.0	0.0
5429.949557360145	2.0	trials	12.0	1.0	1.0	0.0	10000.0	0.0	True	1.0	0.0	1.0	"[48698072.38296609               nan               nan               nan
               nan               nan               nan               nan
               nan               nan               nan               nan
               nan               nan               nan               nan
               nan               nan               nan               nan]"	0.0	0.0	0.0
5436.855745136324	2.0	trials	12.0	1.0	1.0	0.0	10000.0	0.0	True	1.0	0.0	1.0	"[48698363.38197911               nan               nan               nan
               nan               nan               nan               nan
               nan               nan               nan               nan
               nan               nan               nan               nan
               nan               nan               nan               nan]"	0.0	0.0	0.0
5443.297880086437	2.0	trials	12.0	1.0	1.0	0.0	10000.0	0.0	True	1.0	0.0	1.0	"[48698652.38099889               nan               nan               nan
               nan               nan               nan               nan
               nan               nan               nan               nan
               nan               nan               nan               nan
               nan               nan               nan               nan]"	0.0	0.0	0.0
5448.88716352918	2.0	trials	12.0	1.0	1.0	0.0	10000.0	0.0	True	1.0	0.0	1.0	"[48698941.3800187              nan              nan              nan
              nan              nan              nan              nan
              nan              nan              nan              nan
              nan              nan              nan              nan
              nan              nan              nan              nan]"	0.0	0.0	0.0
5454.05179241223	2.0	trials	12.0	1.0	1.0	0.0	10000.0	0.0	True	1.0	0.0	1.0	"[48699231.37903511               nan               nan               nan
               nan               nan               nan               nan
               nan               nan               nan               nan
               nan               nan               nan               nan
               nan               nan               nan               nan]"	0.0	0.0	0.0
5459.391812700401	2.0	trials	12.0	1.0	1.0	0.0	10000.0	0.0	True	1.0	0.0	1.0	"[48699521.3780515              nan              nan              nan
              nan              nan              nan              nan
              nan              nan              nan              nan
              nan              nan              nan              nan
              nan              nan              nan              nan]"	0.0	0.0	0.0
5465.589522879534	2.0	trials	12.0	1.0	1.0	0.0	10000.0	0.0	True	1.0	0.0	1.0	"[48699811.37706791               nan               nan               nan
               nan               nan               nan               nan
               nan               nan               nan               nan
               nan               nan               nan               nan
               nan               nan               nan               nan]"	0.0	0.0	0.0
5471.145456035391	2.0	trials	12.0	1.0	1.0	0.0	10000.0	0.0	True	1.0	0.0	1.0	"[48700099.37609109               nan               nan               nan
               nan               nan               nan               nan
               nan               nan               nan               nan
               nan               nan               nan               nan
               nan               nan               nan               nan]"	0.0	0.0	0.0
5477.661289935539	2.0	trials	12.0	1.0	1.0	0.0	10000.0	0.0	True	1.0	0.0	1.0	"[48700389.37510749               nan               nan               nan
               nan               nan               nan               nan
               nan               nan               nan               nan
               nan               nan               nan               nan
               nan               nan               nan               nan]"	0.0	0.0	0.0
5484.68748690468	2.0	trials	12.0	1.0	1.0	0.0	10000.0	0.0	True	1.0	0.0	1.0	"[48700679.3741239              nan              nan              nan
              nan              nan              nan              nan
              nan              nan              nan              nan
              nan              nan              nan              nan
              nan              nan              nan              nan]"	0.0	0.0	0.0
5491.06810526344	2.0	trials	12.0	1.0	1.0	0.0	10000.0	0.0	True	1.0	0.0	1.0	"[48700969.37314031               nan               nan               nan
               nan               nan               nan               nan
               nan               nan               nan               nan
               nan               nan               nan               nan
               nan               nan               nan               nan]"	0.0	0.0	0.0
5497.383664642862	2.0	trials	12.0	1.0	1.0	0.0	10000.0	0.0	True	1.0	0.0	1.0	"[48701258.3721601              nan              nan              nan
              nan              nan              nan              nan
              nan              nan              nan              nan
              nan              nan              nan              nan
              nan              nan              nan              nan]"	0.0	0.0	0.0
5502.598232556533	2.0	trials	12.0	1.0	1.0	0.0	10000.0	0.0	True	0.0	0.0	0.0	"[nan nan nan nan nan nan nan nan nan nan nan nan nan nan nan nan nan nan
 nan nan]"	0.0	0.0	0.0
5508.1143354474825	2.0	trials	12.0	1.0	1.0	0.0	10000.0	0.0	True	1.0	0.0	1.0	"[48701548.3711765              nan              nan              nan
              nan              nan              nan              nan
              nan              nan              nan              nan
              nan              nan              nan              nan
              nan              nan              nan              nan]"	0.0	0.0	0.0
5513.7998681637755	2.0	trials	12.0	1.0	1.0	0.0	10000.0	0.0	True	1.0	0.0	1.0	"[48701838.37019291               nan               nan               nan
               nan               nan               nan               nan
               nan               nan               nan               nan
               nan               nan               nan               nan
               nan               nan               nan               nan]"	0.0	0.0	0.0
5520.483663094247	2.0	trials	12.0	1.0	1.0	0.0	10000.0	0.0	True	1.0	0.0	1.0	"[48702127.3692127              nan              nan              nan
              nan              nan              nan              nan
              nan              nan              nan              nan
              nan              nan              nan              nan
              nan              nan              nan              nan]"	0.0	0.0	0.0
5526.734249894037	2.0	trials	12.0	1.0	1.0	0.0	10000.0	0.0	True	1.0	0.0	1.0	"[48702417.36822911               nan               nan               nan
               nan               nan               nan               nan
               nan               nan               nan               nan
               nan               nan               nan               nan
               nan               nan               nan               nan]"	0.0	0.0	0.0
5532.903620969288	2.0	trials	12.0	1.0	1.0	0.0	10000.0	0.0	True	1.0	0.0	1.0	"[48702707.36724552               nan               nan               nan
               nan               nan               nan               nan
               nan               nan               nan               nan
               nan               nan               nan               nan
               nan               nan               nan               nan]"	0.0	0.0	0.0
5539.206306792373	2.0	trials	12.0	1.0	1.0	0.0	10000.0	0.0	True	1.0	0.0	1.0	"[48702995.3662687              nan              nan              nan
              nan              nan              nan              nan
              nan              nan              nan              nan
              nan              nan              nan              nan
              nan              nan              nan              nan]"	0.0	0.0	0.0
