onset	duration	nwb_table	Block	sound	sound_puretone	sound_bluenoise	sound_freq	sound_amp	optogenetics	opto_freq	opto_power	opto_pulse_duration	opto_pulse_ts	airpuff	airpuff_duration	airpuff_amp
390.0316752925445	2.0	trials	1.0	1.0	1.0	0.0	10000.0	1.0	False	0.0	0.0	0.0	[NaN, NaN, NaN, NaN, NaN, NaN, NaN, NaN, NaN, NaN, NaN, NaN, NaN, NaN, NaN, NaN, NaN, NaN, NaN, NaN]	0.0	0.0	0.0
399.15755816085135	2.0	trials	1.0	1.0	1.0	0.0	10000.0	1.0	False	0.0	0.0	0.0	[NaN, NaN, NaN, NaN, NaN, NaN, NaN, NaN, NaN, NaN, NaN, NaN, NaN, NaN, NaN, NaN, NaN, NaN, NaN, NaN]	0.0	0.0	0.0
407.3541257586561	2.0	trials	1.0	1.0	1.0	0.0	10000.0	1.0	False	0.0	0.0	0.0	[NaN, NaN, NaN, NaN, NaN, NaN, NaN, NaN, NaN, NaN, NaN, NaN, NaN, NaN, NaN, NaN, NaN, NaN, NaN, NaN]	0.0	0.0	0.0
417.8988646489213	2.0	trials	1.0	1.0	1.0	0.0	10000.0	1.0	False	0.0	0.0	0.0	[NaN, NaN, NaN, NaN, NaN, NaN, NaN, NaN, NaN, NaN, NaN, NaN, NaN, NaN, NaN, NaN, NaN, NaN, NaN, NaN]	0.0	0.0	0.0
428.5818430736606	2.0	trials	1.0	1.0	1.0	0.0	10000.0	1.0	False	0.0	0.0	0.0	[NaN, NaN, NaN, NaN, NaN, NaN, NaN, NaN, NaN, NaN, NaN, NaN, NaN, NaN, NaN, NaN, NaN, NaN, NaN, NaN]	0.0	0.0	0.0
437.1436222416042	2.0	trials	1.0	1.0	1.0	0.0	10000.0	1.0	False	0.0	0.0	0.0	[NaN, NaN, NaN, NaN, NaN, NaN, NaN, NaN, NaN, NaN, NaN, NaN, NaN, NaN, NaN, NaN, NaN, NaN, NaN, NaN]	0.0	0.0	0.0
447.0976463211198	2.0	trials	1.0	1.0	1.0	0.0	10000.0	1.0	False	0.0	0.0	0.0	[NaN, NaN, NaN, NaN, NaN, NaN, NaN, NaN, NaN, NaN, NaN, NaN, NaN, NaN, NaN, NaN, NaN, NaN, NaN, NaN]	0.0	0.0	0.0
456.931488405352	2.0	trials	1.0	1.0	1.0	0.0	10000.0	1.0	False	0.0	0.0	0.0	[NaN, NaN, NaN, NaN, NaN, NaN, NaN, NaN, NaN, NaN, NaN, NaN, NaN, NaN, NaN, NaN, NaN, NaN, NaN, NaN]	0.0	0.0	0.0
467.11352131704086	2.0	trials	1.0	1.0	1.0	0.0	10000.0	1.0	False	0.0	0.0	0.0	[NaN, NaN, NaN, NaN, NaN, NaN, NaN, NaN, NaN, NaN, NaN, NaN, NaN, NaN, NaN, NaN, NaN, NaN, NaN, NaN]	0.0	0.0	0.0
477.53004303908136	2.0	trials	1.0	1.0	1.0	0.0	10000.0	1.0	False	0.0	0.0	0.0	[NaN, NaN, NaN, NaN, NaN, NaN, NaN, NaN, NaN, NaN, NaN, NaN, NaN, NaN, NaN, NaN, NaN, NaN, NaN, NaN]	0.0	0.0	0.0
488.3546305869476	2.0	trials	1.0	1.0	1.0	0.0	10000.0	1.0	False	0.0	0.0	0.0	[NaN, NaN, NaN, NaN, NaN, NaN, NaN, NaN, NaN, NaN, NaN, NaN, NaN, NaN, NaN, NaN, NaN, NaN, NaN, NaN]	0.0	0.0	0.0
497.58194671367477	2.0	trials	1.0	1.0	1.0	0.0	10000.0	1.0	False	0.0	0.0	0.0	[NaN, NaN, NaN, NaN, NaN, NaN, NaN, NaN, NaN, NaN, NaN, NaN, NaN, NaN, NaN, NaN, NaN, NaN, NaN, NaN]	0.0	0.0	0.0
507.53000921326617	2.0	trials	1.0	1.0	1.0	0.0	10000.0	1.0	False	0.0	0.0	0.0	[NaN, NaN, NaN, NaN, NaN, NaN, NaN, NaN, NaN, NaN, NaN, NaN, NaN, NaN, NaN, NaN, NaN, NaN, NaN, NaN]	0.0	0.0	0.0
517.4783309119849	2.0	trials	1.0	1.0	1.0	0.0	10000.0	1.0	False	0.0	0.0	0.0	[NaN, NaN, NaN, NaN, NaN, NaN, NaN, NaN, NaN, NaN, NaN, NaN, NaN, NaN, NaN, NaN, NaN, NaN, NaN, NaN]	0.0	0.0	0.0
525.5776124374036	2.0	trials	1.0	1.0	1.0	0.0	10000.0	1.0	False	0.0	0.0	0.0	[NaN, NaN, NaN, NaN, NaN, NaN, NaN, NaN, NaN, NaN, NaN, NaN, NaN, NaN, NaN, NaN, NaN, NaN, NaN, NaN]	0.0	0.0	0.0
532.131721566238	2.0	trials	1.0	1.0	1.0	0.0	10000.0	1.0	False	0.0	0.0	0.0	[NaN, NaN, NaN, NaN, NaN, NaN, NaN, NaN, NaN, NaN, NaN, NaN, NaN, NaN, NaN, NaN, NaN, NaN, NaN, NaN]	0.0	0.0	0.0
542.1795757297779	2.0	trials	1.0	1.0	1.0	0.0	10000.0	1.0	False	0.0	0.0	0.0	[NaN, NaN, NaN, NaN, NaN, NaN, NaN, NaN, NaN, NaN, NaN, NaN, NaN, NaN, NaN, NaN, NaN, NaN, NaN, NaN]	0.0	0.0	0.0
550.4479414858002	2.0	trials	1.0	1.0	1.0	0.0	10000.0	1.0	False	0.0	0.0	0.0	[NaN, NaN, NaN, NaN, NaN, NaN, NaN, NaN, NaN, NaN, NaN, NaN, NaN, NaN, NaN, NaN, NaN, NaN, NaN, NaN]	0.0	0.0	0.0
561.2663082546151	2.0	trials	1.0	1.0	1.0	0.0	10000.0	1.0	False	0.0	0.0	0.0	[NaN, NaN, NaN, NaN, NaN, NaN, NaN, NaN, NaN, NaN, NaN, NaN, NaN, NaN, NaN, NaN, NaN, NaN, NaN, NaN]	0.0	0.0	0.0
568.2738430565246	2.0	trials	1.0	1.0	1.0	0.0	10000.0	1.0	False	0.0	0.0	0.0	[NaN, NaN, NaN, NaN, NaN, NaN, NaN, NaN, NaN, NaN, NaN, NaN, NaN, NaN, NaN, NaN, NaN, NaN, NaN, NaN]	0.0	0.0	0.0
578.9298647720415	2.0	trials	1.0	1.0	1.0	0.0	10000.0	1.0	False	0.0	0.0	0.0	[NaN, NaN, NaN, NaN, NaN, NaN, NaN, NaN, NaN, NaN, NaN, NaN, NaN, NaN, NaN, NaN, NaN, NaN, NaN, NaN]	0.0	0.0	0.0
586.099744627249	2.0	trials	1.0	1.0	1.0	0.0	10000.0	1.0	False	0.0	0.0	0.0	[NaN, NaN, NaN, NaN, NaN, NaN, NaN, NaN, NaN, NaN, NaN, NaN, NaN, NaN, NaN, NaN, NaN, NaN, NaN, NaN]	0.0	0.0	0.0
592.408392182683	2.0	trials	1.0	1.0	1.0	0.0	10000.0	1.0	False	0.0	0.0	0.0	[NaN, NaN, NaN, NaN, NaN, NaN, NaN, NaN, NaN, NaN, NaN, NaN, NaN, NaN, NaN, NaN, NaN, NaN, NaN, NaN]	0.0	0.0	0.0
601.8559411677692	2.0	trials	1.0	1.0	1.0	0.0	10000.0	1.0	False	0.0	0.0	0.0	[NaN, NaN, NaN, NaN, NaN, NaN, NaN, NaN, NaN, NaN, NaN, NaN, NaN, NaN, NaN, NaN, NaN, NaN, NaN, NaN]	0.0	0.0	0.0
611.8757154258691	2.0	trials	1.0	1.0	1.0	0.0	10000.0	1.0	False	0.0	0.0	0.0	[NaN, NaN, NaN, NaN, NaN, NaN, NaN, NaN, NaN, NaN, NaN, NaN, NaN, NaN, NaN, NaN, NaN, NaN, NaN, NaN]	0.0	0.0	0.0
622.8081298106251	2.0	trials	1.0	1.0	1.0	0.0	10000.0	1.0	False	0.0	0.0	0.0	[NaN, NaN, NaN, NaN, NaN, NaN, NaN, NaN, NaN, NaN, NaN, NaN, NaN, NaN, NaN, NaN, NaN, NaN, NaN, NaN]	0.0	0.0	0.0
631.1481209254467	2.0	trials	1.0	1.0	1.0	0.0	10000.0	1.0	False	0.0	0.0	0.0	[NaN, NaN, NaN, NaN, NaN, NaN, NaN, NaN, NaN, NaN, NaN, NaN, NaN, NaN, NaN, NaN, NaN, NaN, NaN, NaN]	0.0	0.0	0.0
641.7274196993305	2.0	trials	1.0	1.0	1.0	0.0	10000.0	1.0	False	0.0	0.0	0.0	[NaN, NaN, NaN, NaN, NaN, NaN, NaN, NaN, NaN, NaN, NaN, NaN, NaN, NaN, NaN, NaN, NaN, NaN, NaN, NaN]	0.0	0.0	0.0
647.9920034031508	2.0	trials	1.0	1.0	1.0	0.0	10000.0	1.0	False	0.0	0.0	0.0	[NaN, NaN, NaN, NaN, NaN, NaN, NaN, NaN, NaN, NaN, NaN, NaN, NaN, NaN, NaN, NaN, NaN, NaN, NaN, NaN]	0.0	0.0	0.0
654.2061296768883	2.0	trials	1.0	1.0	1.0	0.0	10000.0	1.0	False	0.0	0.0	0.0	[NaN, NaN, NaN, NaN, NaN, NaN, NaN, NaN, NaN, NaN, NaN, NaN, NaN, NaN, NaN, NaN, NaN, NaN, NaN, NaN]	0.0	0.0	0.0
665.0538723467788	2.0	trials	1.0	1.0	1.0	0.0	10000.0	1.0	False	0.0	0.0	0.0	[NaN, NaN, NaN, NaN, NaN, NaN, NaN, NaN, NaN, NaN, NaN, NaN, NaN, NaN, NaN, NaN, NaN, NaN, NaN, NaN]	0.0	0.0	0.0
674.9718677476221	2.0	trials	1.0	1.0	1.0	0.0	10000.0	1.0	False	0.0	0.0	0.0	[NaN, NaN, NaN, NaN, NaN, NaN, NaN, NaN, NaN, NaN, NaN, NaN, NaN, NaN, NaN, NaN, NaN, NaN, NaN, NaN]	0.0	0.0	0.0
682.7661583001073	2.0	trials	1.0	1.0	1.0	0.0	10000.0	1.0	False	0.0	0.0	0.0	[NaN, NaN, NaN, NaN, NaN, NaN, NaN, NaN, NaN, NaN, NaN, NaN, NaN, NaN, NaN, NaN, NaN, NaN, NaN, NaN]	0.0	0.0	0.0
691.861887669957	2.0	trials	1.0	1.0	1.0	0.0	10000.0	1.0	False	0.0	0.0	0.0	[NaN, NaN, NaN, NaN, NaN, NaN, NaN, NaN, NaN, NaN, NaN, NaN, NaN, NaN, NaN, NaN, NaN, NaN, NaN, NaN]	0.0	0.0	0.0
700.8680205415257	2.0	trials	1.0	1.0	1.0	0.0	10000.0	1.0	False	0.0	0.0	0.0	[NaN, NaN, NaN, NaN, NaN, NaN, NaN, NaN, NaN, NaN, NaN, NaN, NaN, NaN, NaN, NaN, NaN, NaN, NaN, NaN]	0.0	0.0	0.0
711.1758514295858	2.0	trials	1.0	1.0	1.0	0.0	10000.0	1.0	False	0.0	0.0	0.0	[NaN, NaN, NaN, NaN, NaN, NaN, NaN, NaN, NaN, NaN, NaN, NaN, NaN, NaN, NaN, NaN, NaN, NaN, NaN, NaN]	0.0	0.0	0.0
720.7400400218846	2.0	trials	1.0	1.0	1.0	0.0	10000.0	1.0	False	0.0	0.0	0.0	[NaN, NaN, NaN, NaN, NaN, NaN, NaN, NaN, NaN, NaN, NaN, NaN, NaN, NaN, NaN, NaN, NaN, NaN, NaN, NaN]	0.0	0.0	0.0
727.3584305342496	2.0	trials	1.0	1.0	1.0	0.0	10000.0	1.0	False	0.0	0.0	0.0	[NaN, NaN, NaN, NaN, NaN, NaN, NaN, NaN, NaN, NaN, NaN, NaN, NaN, NaN, NaN, NaN, NaN, NaN, NaN, NaN]	0.0	0.0	0.0
734.0266736787341	2.0	trials	1.0	1.0	1.0	0.0	10000.0	1.0	False	0.0	0.0	0.0	[NaN, NaN, NaN, NaN, NaN, NaN, NaN, NaN, NaN, NaN, NaN, NaN, NaN, NaN, NaN, NaN, NaN, NaN, NaN, NaN]	0.0	0.0	0.0
740.5298069792316	2.0	trials	1.0	1.0	1.0	0.0	10000.0	1.0	False	0.0	0.0	0.0	[NaN, NaN, NaN, NaN, NaN, NaN, NaN, NaN, NaN, NaN, NaN, NaN, NaN, NaN, NaN, NaN, NaN, NaN, NaN, NaN]	0.0	0.0	0.0
749.7802782279831	2.0	trials	1.0	1.0	1.0	0.0	10000.0	1.0	False	0.0	0.0	0.0	[NaN, NaN, NaN, NaN, NaN, NaN, NaN, NaN, NaN, NaN, NaN, NaN, NaN, NaN, NaN, NaN, NaN, NaN, NaN, NaN]	0.0	0.0	0.0
760.2203870705933	2.0	trials	1.0	1.0	1.0	0.0	10000.0	1.0	False	0.0	0.0	0.0	[NaN, NaN, NaN, NaN, NaN, NaN, NaN, NaN, NaN, NaN, NaN, NaN, NaN, NaN, NaN, NaN, NaN, NaN, NaN, NaN]	0.0	0.0	0.0
770.6001025165801	2.0	trials	1.0	1.0	1.0	0.0	10000.0	1.0	False	0.0	0.0	0.0	[NaN, NaN, NaN, NaN, NaN, NaN, NaN, NaN, NaN, NaN, NaN, NaN, NaN, NaN, NaN, NaN, NaN, NaN, NaN, NaN]	0.0	0.0	0.0
777.4522042419153	2.0	trials	1.0	1.0	1.0	0.0	10000.0	1.0	False	0.0	0.0	0.0	[NaN, NaN, NaN, NaN, NaN, NaN, NaN, NaN, NaN, NaN, NaN, NaN, NaN, NaN, NaN, NaN, NaN, NaN, NaN, NaN]	0.0	0.0	0.0
787.8800443258408	2.0	trials	1.0	1.0	1.0	0.0	10000.0	1.0	False	0.0	0.0	0.0	[NaN, NaN, NaN, NaN, NaN, NaN, NaN, NaN, NaN, NaN, NaN, NaN, NaN, NaN, NaN, NaN, NaN, NaN, NaN, NaN]	0.0	0.0	0.0
794.4272414779516	2.0	trials	1.0	1.0	1.0	0.0	10000.0	1.0	False	0.0	0.0	0.0	[NaN, NaN, NaN, NaN, NaN, NaN, NaN, NaN, NaN, NaN, NaN, NaN, NaN, NaN, NaN, NaN, NaN, NaN, NaN, NaN]	0.0	0.0	0.0
802.4000338293266	2.0	trials	1.0	1.0	1.0	0.0	10000.0	1.0	False	0.0	0.0	0.0	[NaN, NaN, NaN, NaN, NaN, NaN, NaN, NaN, NaN, NaN, NaN, NaN, NaN, NaN, NaN, NaN, NaN, NaN, NaN, NaN]	0.0	0.0	0.0
811.6343483324864	2.0	trials	1.0	1.0	1.0	0.0	10000.0	1.0	False	0.0	0.0	0.0	[NaN, NaN, NaN, NaN, NaN, NaN, NaN, NaN, NaN, NaN, NaN, NaN, NaN, NaN, NaN, NaN, NaN, NaN, NaN, NaN]	0.0	0.0	0.0
820.808269439023	2.0	trials	1.0	1.0	1.0	0.0	10000.0	1.0	False	0.0	0.0	0.0	[NaN, NaN, NaN, NaN, NaN, NaN, NaN, NaN, NaN, NaN, NaN, NaN, NaN, NaN, NaN, NaN, NaN, NaN, NaN, NaN]	0.0	0.0	0.0
831.0741964681959	2.0	trials	1.0	1.0	1.0	0.0	10000.0	1.0	False	0.0	0.0	0.0	[NaN, NaN, NaN, NaN, NaN, NaN, NaN, NaN, NaN, NaN, NaN, NaN, NaN, NaN, NaN, NaN, NaN, NaN, NaN, NaN]	0.0	0.0	0.0
875.2491581076446	2.0	trials	2.0	1.0	1.0	0.0	10000.0	1.0	True	40.0	0.0	0.005	[10138309.561830012, 10138599.56085343, 10138888.559880214, 10139178.55890363, 10139468.557927048, 10139758.556950467, 10140047.555977251, 10140336.555004036, 10140626.554027453, 10140916.553050872, 10141206.552074289, 10141495.551101074, 10141785.55012449, 10142074.549151275, 10142364.548174692, 10142654.547198111, 10142943.546224898, 10143233.545248313, 10143523.54427173, 10143812.543298516]	0.0	0.0	0.0
885.2392108658324	2.0	trials	2.0	1.0	1.0	0.0	10000.0	1.0	True	40.0	0.0	0.005	[10253935.172456447, 10254225.171479864, 10254515.170503283, 10254805.1695267, 10255095.168550117, 10255383.16758027, 10255674.166600319, 10255964.165623737, 10256252.16465389, 10256543.16367394, 10256832.162700724, 10257122.16172414, 10257412.160747558, 10257701.159774344, 10257991.158797763, 10258280.157824546, 10258571.156844595, 10258859.155874748, 10259150.154894799, 10259439.153921584]	0.0	0.0	0.0
892.3769500292748	2.0	trials	2.0	1.0	1.0	0.0	10000.0	1.0	True	40.0	0.0	0.005	[10336547.89425502, 10336837.893278437, 10337127.892301854, 10337416.891328638, 10337705.890355423, 10337996.889375474, 10338285.888402259, 10338575.887425676, 10338864.88645246, 10339155.88547251, 10339444.884499297, 10339733.883526081, 10340024.88254613, 10340313.881572917, 10340603.880596332, 10340892.879623119, 10341182.878646536, 10341471.87767332, 10341761.87669674, 10342051.875720154]	0.0	0.0	0.0
899.5589258437489	2.0	trials	2.0	1.0	1.0	0.0	10000.0	1.0	True	40.0	0.0	0.005	[10419673.61432605, 10419962.613352835, 10420252.612376254, 10420542.611399671, 10420831.610426454, 10421122.609446505, 10421411.60847329, 10421700.607500074, 10421990.606523493, 10422280.60554691, 10422569.604573695, 10422859.603597112, 10423148.602623897, 10423438.601647314, 10423728.600670733, 10424017.599697517, 10424307.598720934, 10424596.59774772, 10424887.59676777, 10425176.595794557]	0.0	0.0	0.0
907.2147176626327	2.0	trials	2.0	1.0	1.0	0.0	10000.0	1.0	True	40.0	0.0	0.005	[10508283.31592957, 10508570.31496309, 10508861.313983139, 10509151.313006556, 10509440.312033342, 10509729.311060127, 10510019.310083544, 10510309.30910696, 10510598.308133746, 10510888.307157164, 10511178.30618058, 10511467.305207366, 10511757.304230783, 10512046.30325757, 10512337.302277619, 10512626.301304404, 10512915.300331188, 10513206.29935124, 10513494.29838139, 10513784.297404809]	0.0	0.0	0.0
915.6386892946474	2.0	trials	2.0	1.0	1.0	0.0	10000.0	1.0	True	40.0	0.0	0.005	[10605781.98759915, 10606070.986625934, 10606359.985652719, 10606649.984676136, 10606939.983699555, 10607228.98272634, 10607518.981749756, 10607808.980773173, 10608097.979799958, 10608387.978823375, 10608677.977846794, 10608966.976873579, 10609256.975896996, 10609546.974920413, 10609835.973947197, 10610125.972970614, 10610414.9719974, 10610704.971020818, 10610993.970047602, 10611283.969071021]	0.0	0.0	0.0
926.303350981069	2.0	trials	2.0	1.0	1.0	0.0	10000.0	1.0	True	40.0	0.0	0.005	[10729214.571935307, 10729504.570958726, 10729793.56998551, 10730084.569005562, 10730373.568032345, 10730662.567059131, 10730952.566082546, 10731242.565105965, 10731532.564129382, 10731821.563156169, 10732110.562182954, 10732400.56120637, 10732690.560229788, 10732979.559256572, 10733269.55827999, 10733559.557303408, 10733849.556326825, 10734139.555350242, 10734427.554380396, 10734718.553400446]	0.0	0.0	0.0
934.1271902340478	2.0	trials	2.0	1.0	1.0	0.0	10000.0	1.0	True	40.0	0.0	0.005	[10819769.266988989, 10820059.266012406, 10820348.26503919, 10820639.26405924, 10820927.263089392, 10821217.262112811, 10821507.261136228, 10821796.260163015, 10822085.2591898, 10822376.258209849, 10822665.257236633, 10822955.25626005, 10823245.255283467, 10823534.254310254, 10823824.253333671, 10824114.252357088, 10824403.251383873, 10824692.250410657, 10824983.249430709, 10825272.248457493]	0.0	0.0	0.0
942.5915105301872	2.0	trials	2.0	1.0	1.0	0.0	10000.0	1.0	True	40.0	0.0	0.005	[10917734.937085932, 10918025.936105983, 10918314.935132768, 10918604.934156187, 10918893.933182972, 10919183.932206389, 10919473.931229806, 10919762.930256592, 10920052.92928001, 10920341.928306794, 10920631.927330209, 10920921.926353628, 10921210.925380412, 10921500.924403831, 10921790.923427248, 10922080.922450667, 10922370.921474082, 10922659.920500869, 10922948.919527654, 10923238.91855107]	0.0	0.0	0.0
951.8875144256061	2.0	trials	2.0	1.0	1.0	0.0	10000.0	1.0	True	40.0	0.0	0.005	[11025328.574760338, 11025618.573783757, 11025907.57281054, 11026196.571837327, 11026486.570860744, 11026777.569880793, 11027066.568907578, 11027355.567934362, 11027645.56695778, 11027935.565981198, 11028224.565007985, 11028514.564031402, 11028803.563058186, 11029093.562081603, 11029383.56110502, 11029672.560131805, 11029963.559151854, 11030252.558178639, 11030542.557202056, 11030831.556228843]	0.0	0.0	0.0
959.4509449555195	2.0	trials	2.0	1.0	1.0	0.0	10000.0	1.0	True	40.0	0.0	0.005	[11112868.27996711, 11113157.278993895, 11113447.278017312, 11113736.277044097, 11114027.276064146, 11114316.275090933, 11114605.274117716, 11114896.273137765, 11115185.272164552, 11115474.271191338, 11115765.270211387, 11116054.269238172, 11116344.26826159, 11116633.267288374, 11116923.26631179, 11117213.26533521, 11117502.264361994, 11117791.263388779, 11118081.262412196, 11118371.261435615]	0.0	0.0	0.0
970.3172635628551	2.0	trials	2.0	1.0	1.0	0.0	10000.0	1.0	True	40.0	0.0	0.005	[11238634.856443463, 11238924.855466882, 11239214.854490299, 11239504.853513716, 11239793.8525405, 11240083.85156392, 11240373.850587336, 11240662.849614121, 11240952.848637538, 11241240.84766769, 11241530.84669111, 11241821.845711159, 11242110.844737943, 11242399.843764728, 11242689.842788145, 11242979.841811564, 11243269.84083498, 11243558.839861766, 11243848.838885183, 11244137.837911967]	0.0	0.0	0.0
981.2489003502299	2.0	trials	2.0	1.0	1.0	0.0	10000.0	1.0	True	40.0	0.0	0.005	[11365158.4303706, 11365449.429390652, 11365738.428417435, 11366028.427440854, 11366317.426467637, 11366607.425491055, 11366896.42451784, 11367185.423544625, 11367476.422564674, 11367765.42159146, 11368055.420614878, 11368344.419641662, 11368634.41866508, 11368924.417688496, 11369214.416711915, 11369503.4157387, 11369793.414762117, 11370082.413788904, 11370373.412808951, 11370662.411835738]	0.0	0.0	0.0
987.6871474692333	2.0	trials	2.0	1.0	1.0	0.0	10000.0	1.0	True	40.0	0.0	0.005	[11439675.179432664, 11439965.178456081, 11440256.17747613, 11440545.176502917, 11440835.175526334, 11441125.174549751, 11441414.173576536, 11441703.17260332, 11441993.171626737, 11442283.170650156, 11442572.16967694, 11442862.168700358, 11443152.167723777, 11443441.16675056, 11443730.165777344, 11444021.164797395, 11444310.16382418, 11444599.162850965, 11444890.161871014, 11445180.160894433]	0.0	0.0	0.0
997.5571046318468	2.0	trials	2.0	1.0	1.0	0.0	10000.0	1.0	True	40.0	0.0	0.005	[11553911.794736592, 11554200.793763377, 11554490.792786796, 11554779.79181358, 11555069.790836997, 11555358.789863782, 11555648.788887199, 11555938.787910618, 11556228.786934035, 11556517.785960821, 11556807.784984237, 11557097.784007654, 11557386.78303444, 11557676.782057857, 11557966.781081274, 11558254.780111426, 11558545.779131476, 11558834.778158262, 11559124.77718168, 11559413.776208466]	0.0	0.0	0.0
1005.1975173025207	2.0	trials	2.0	1.0	1.0	0.0	10000.0	1.0	True	40.0	0.0	0.005	[11642342.496942898, 11642631.495969683, 11642921.4949931, 11643211.494016519, 11643501.493039936, 11643790.49206672, 11644079.491093505, 11644370.490113556, 11644659.48914034, 11644948.488167126, 11645238.487190543, 11645528.48621396, 11645817.485240746, 11646107.484264163, 11646397.48328758, 11646686.482314365, 11646977.481334416, 11647266.480361199, 11647556.479384616, 11647844.47841477]	0.0	0.0	0.0
1014.2010581828177	2.0	trials	2.0	1.0	1.0	0.0	10000.0	1.0	True	40.0	0.0	0.005	[11746549.146023113, 11746839.14504653, 11747128.144073317, 11747418.143096734, 11747707.142123519, 11747998.141143568, 11748287.140170353, 11748576.13919714, 11748866.138220556, 11749156.137243971, 11749445.136270758, 11749736.135290807, 11750025.134317594, 11750315.13334101, 11750605.132364428, 11750894.131391212, 11751183.130417997, 11751473.129441416, 11751762.1284682, 11752052.12749162]	0.0	0.0	0.0
1022.4930110594097	1.9999999999998863	trials	2.0	1.0	1.0	0.0	10000.0	1.0	True	40.0	0.0	0.005	[11842520.822834905, 11842809.82186169, 11843099.820885107, 11843389.819908524, 11843678.81893531, 11843968.81795873, 11844259.816978779, 11844548.816005562, 11844837.815032348, 11845127.814055765, 11845417.813079182, 11845706.812105969, 11845996.811129384, 11846286.8101528, 11846575.809179587, 11846864.808206374, 11847154.80722979, 11847444.806253208, 11847733.805279993, 11848024.804300042]	0.0	0.0	0.0
1033.390951960256	2.0	trials	2.0	1.0	1.0	0.0	10000.0	1.0	True	40.0	0.0	0.005	[11968655.398072008, 11968945.397095425, 11969233.396125577, 11969523.395148994, 11969813.394172411, 11970103.393195828, 11970392.392222617, 11970682.391246034, 11970972.39026945, 11971261.389296237, 11971551.388319654, 11971840.387346439, 11972130.386369856, 11972420.385393273, 11972710.38441669, 11972998.383446844, 11973289.382466892, 11973578.381493678, 11973868.380517093, 11974157.37954388]	0.0	0.0	0.0
1041.4859135002223	2.0	trials	2.0	1.0	1.0	0.0	10000.0	1.0	True	40.0	0.0	0.005	[12062347.082561757, 12062636.081588544, 12062926.080611961, 12063215.079638746, 12063505.078662163, 12063795.077685583, 12064085.076709, 12064374.075735785, 12064663.07476257, 12064953.073785989, 12065244.072806036, 12065532.07183619, 12065822.070859607, 12066112.069883024, 12066402.068906441, 12066691.067933226, 12066981.066956643, 12067271.065980064, 12067560.065006845, 12067849.064033631]	0.0	0.0	0.0
1049.1874971649008	2.0	trials	2.0	1.0	1.0	0.0	10000.0	1.0	True	40.0	0.0	0.005	[12151485.782383855, 12151775.781407272, 12152063.780437427, 12152354.77945748, 12152643.77848426, 12152932.777511045, 12153223.776531098, 12153511.775561249, 12153802.7745813, 12154091.773608085, 12154381.772631502, 12154672.771651551, 12154960.770681705, 12155250.769705122, 12155540.76872854, 12155829.767755324, 12156119.766778741, 12156408.765805526, 12156699.764825577, 12156987.763855727]	0.0	0.0	0.0
1060.0141583057843	2.0	trials	2.0	1.0	1.0	0.0	10000.0	1.0	True	40.0	0.0	0.005	[12276794.36040254, 12277084.359425956, 12277374.358449373, 12277662.357479528, 12277953.356499575, 12278242.355526362, 12278532.354549779, 12278822.353573196, 12279112.352596613, 12279401.351623397, 12279691.350646816, 12279980.349673599, 12280270.348697018, 12280559.3477238, 12280849.34674722, 12281139.345770637, 12281429.344794054, 12281719.34381747, 12282008.342844255, 12282298.341867672]	0.0	0.0	0.0
1066.7696651564058	2.0	trials	2.0	1.0	1.0	0.0	10000.0	1.0	True	40.0	0.0	0.005	[12354983.097099045, 12355272.096125828, 12355562.095149247, 12355852.094172664, 12356140.093202816, 12356431.09222287, 12356720.091249654, 12357009.090276437, 12357299.089299856, 12357590.088319905, 12357878.08735006, 12358168.086373473, 12358458.085396891, 12358748.084420308, 12359038.083443727, 12359326.08247388, 12359617.08149393, 12359906.080520716, 12360195.079547498, 12360486.07856755]	0.0	0.0	0.0
1077.0273842132192	2.0	trials	2.0	1.0	1.0	0.0	10000.0	1.0	True	40.0	0.0	0.005	[12473706.697292885, 12473995.69631967, 12474285.69534309, 12474574.694369871, 12474864.693393292, 12475154.692416709, 12475444.691440126, 12475733.690466909, 12476024.689486962, 12476312.68851711, 12476602.687540527, 12476892.686563946, 12477182.685587365, 12477470.684617518, 12477760.683640935, 12478050.682664352, 12478340.68168777, 12478629.680714555, 12478919.679737972, 12479210.678758021]	0.0	0.0	0.0
1084.1074083710184	2.0	trials	2.0	1.0	1.0	0.0	10000.0	1.0	True	40.0	0.0	0.005	[12555651.421340963, 12555941.42036438, 12556230.419391168, 12556520.418414585, 12556809.417441368, 12557100.416461421, 12557389.415488206, 12557678.414514987, 12557968.413538408, 12558257.412565192, 12558548.411585242, 12558837.410612026, 12559126.409638813, 12559417.40865886, 12559705.407689014, 12559995.406712431, 12560285.405735848, 12560575.404759265, 12560865.403782686, 12561155.402806103]	0.0	0.0	0.0
1091.1390486917521	2.0	trials	2.0	1.0	1.0	0.0	10000.0	1.0	True	40.0	0.0	0.005	[12637036.14727486, 12637325.146301642, 12637615.145325061, 12637905.144348478, 12638194.143375266, 12638485.142395312, 12638773.141425468, 12639063.140448885, 12639352.13947567, 12639642.138499087, 12639932.137522504, 12640221.136549287, 12640511.135572705, 12640801.134596122, 12641091.133619541, 12641381.132642958, 12641670.131669743, 12641959.130696528, 12642250.129716577, 12642539.128743364]	0.0	0.0	0.0
1100.957425228065	2.0	trials	2.0	1.0	1.0	0.0	10000.0	1.0	True	40.0	0.0	0.005	[12750673.764595935, 12750963.763619356, 12751252.762646137, 12751541.761672921, 12751832.760692975, 12752121.75971976, 12752411.758743176, 12752700.757769963, 12752990.75679338, 12753279.755820164, 12753570.754840212, 12753860.75386363, 12754148.752893783, 12754439.751913834, 12754728.750940617, 12755018.749964036, 12755308.748987453, 12755597.748014238, 12755886.747041022, 12756177.746061072]	0.0	0.0	0.0
1107.8994690505174	2.0	trials	2.0	1.0	1.0	0.0	10000.0	1.0	True	40.0	0.0	0.005	[12831022.494018586, 12831311.493045375, 12831601.492068792, 12831890.491095575, 12832179.49012236, 12832469.489145776, 12832760.488165827, 12833049.48719261, 12833339.48621603, 12833628.485242812, 12833918.484266229, 12834207.483293017, 12834497.482316434, 12834787.481339853, 12835076.480366638, 12835365.47939342, 12835655.47841684, 12835945.477440257, 12836235.476463674, 12836524.475490458]	0.0	0.0	0.0
1115.3129960852355	2.0	trials	2.0	1.0	1.0	0.0	10000.0	1.0	True	40.0	0.0	0.005	[12916827.205068015, 12917117.204091432, 12917406.203118216, 12917695.202145005, 12917985.201168422, 12918275.20019184, 12918565.199215256, 12918854.198242042, 12919144.19726546, 12919434.196288876, 12919723.19531566, 12920013.194339078, 12920303.193362495, 12920592.19238928, 12920882.191412697, 12921172.190436115, 12921462.189459534, 12921751.188486317, 12922040.187513102, 12922330.186536523]	0.0	0.0	0.0
1126.1311036549232	2.0	trials	2.0	1.0	1.0	0.0	10000.0	1.0	True	40.0	0.0	0.005	[13042036.783420082, 13042325.782446869, 13042616.781466916, 13042905.7804937, 13043195.779517118, 13043484.778543904, 13043773.77757069, 13044063.776594106, 13044353.775617525, 13044643.774640942, 13044932.773667727, 13045222.772691144, 13045511.771717932, 13045802.770737978, 13046091.769764762, 13046380.76879155, 13046670.767814968, 13046960.766838385, 13047249.76586517, 13047539.764888586]	0.0	0.0	0.0
1135.5330335936328	2.0	trials	2.0	1.0	1.0	0.0	10000.0	1.0	True	40.0	0.0	0.005	[13150855.416969268, 13151145.415992687, 13151433.415022837, 13151723.414046254, 13152013.413069671, 13152303.41209309, 13152592.411119875, 13152882.410143292, 13153171.409170076, 13153462.408190126, 13153752.407213543, 13154040.406243697, 13154331.405263748, 13154620.40429053, 13154909.403317316, 13155200.402337369, 13155489.40136415, 13155779.40038757, 13156068.399414351, 13156358.398437772]	0.0	0.0	0.0
1144.773309676717	2.0	trials	2.0	1.0	1.0	0.0	10000.0	1.0	True	40.0	0.0	0.005	[13257802.056822462, 13258092.055845879, 13258382.054869296, 13258671.053896083, 13258962.05291613, 13259251.051942915, 13259540.050969701, 13259830.049993118, 13260119.049019903, 13260409.04804332, 13260699.047066739, 13260988.046093522, 13261279.045113573, 13261567.044143725, 13261858.043163775, 13262148.042187192, 13262437.041213976, 13262727.040237393, 13263016.039264182, 13263305.038290966]	0.0	0.0	0.0
1154.3970276685486	2.0	trials	2.0	1.0	1.0	0.0	10000.0	1.0	True	40.0	0.0	0.005	[13369188.68172384, 13369476.680753991, 13369766.679777408, 13370056.678800827, 13370346.677824244, 13370635.676851027, 13370924.675877815, 13371214.674901232, 13371504.67392465, 13371794.672948068, 13372084.671971485, 13372373.67099827, 13372663.670021687, 13372952.669048471, 13373242.668071888, 13373532.667095305, 13373821.66612209, 13374111.665145507, 13374401.664168924, 13374690.66319571]	0.0	0.0	0.0
1163.7116075014126	2.0	trials	2.0	1.0	1.0	0.0	10000.0	1.0	True	40.0	0.0	0.005	[13476997.318674223, 13477285.317704378, 13477575.316727795, 13477865.315751212, 13478155.31477463, 13478445.313798048, 13478734.31282483, 13479024.311848247, 13479313.310875036, 13479603.309898455, 13479892.308925238, 13480182.307948656, 13480472.306972073, 13480761.305998858, 13481051.305022275, 13481339.304052427, 13481630.303072477, 13481920.302095894, 13482210.30111931, 13482500.300142728]	0.0	0.0	0.0
1171.3413930078736	2.0	trials	2.0	1.0	1.0	0.0	10000.0	1.0	True	40.0	0.0	0.005	[13565304.021298107, 13565593.020324888, 13565883.019348308, 13566172.018375091, 13566462.017398508, 13566752.016421927, 13567042.015445344, 13567331.01447213, 13567620.013498915, 13567911.012518965, 13568200.01154575, 13568489.010572534, 13568780.009592585, 13569068.008622738, 13569359.007642787, 13569649.006666204, 13569938.005692989, 13570227.004719773, 13570517.003743194, 13570807.002766611]	0.0	0.0	0.0
1178.9242634723225	2.0	trials	2.0	1.0	1.0	0.0	10000.0	1.0	True	40.0	0.0	0.005	[13653067.725750549, 13653358.724770602, 13653647.723797387, 13653935.722827537, 13654226.721847588, 13654515.720874371, 13654805.719897792, 13655094.718924576, 13655385.717944626, 13655674.71697141, 13655964.715994827, 13656253.715021612, 13656543.71404503, 13656833.713068446, 13657123.712091865, 13657412.711118648, 13657701.710145434, 13657992.709165484, 13658281.708192272, 13658571.70721569]	0.0	0.0	0.0
1185.5615755209687	2.0	trials	2.0	1.0	1.0	0.0	10000.0	1.0	True	40.0	0.0	0.005	[13729889.467050465, 13730178.466077253, 13730468.46510067, 13730758.464124084, 13731048.4631475, 13731338.462170918, 13731627.461197706, 13731916.46022449, 13732206.459247908, 13732496.458271326, 13732786.457294744, 13733076.45631816, 13733365.455344945, 13733654.45437173, 13733944.453395147, 13734234.452418564, 13734523.45144535, 13734813.450468767, 13735103.449492184, 13735392.44851897]	0.0	0.0	0.0
1196.205501277219	2.0	trials	2.0	1.0	1.0	0.0	10000.0	1.0	True	40.0	0.0	0.005	[13853084.052188097, 13853372.051218249, 13853662.050241666, 13853952.049265085, 13854241.048291868, 13854531.047315286, 13854820.046342071, 13855111.04536212, 13855399.044392273, 13855689.043415692, 13855980.04243574, 13856269.041462528, 13856558.04048931, 13856849.039509362, 13857138.038536144, 13857427.03756293, 13857717.036586346, 13858007.035609767, 13858297.034633184, 13858587.0336566]	0.0	0.0	0.0
1207.1913106821657	2.0	trials	2.0	1.0	1.0	0.0	10000.0	1.0	True	40.0	0.0	0.005	[13980232.62401053, 13980523.623030579, 13980811.622060731, 13981101.621084148, 13981391.620107567, 13981681.619130984, 13981970.618157769, 13982261.61717782, 13982549.616207974, 13982839.615231391, 13983129.614254804, 13983419.613278221, 13983707.612308377, 13983998.611328427, 13984287.610355211, 13984577.609378628, 13984867.608402047, 13985157.607425464, 13985447.606448881, 13985735.605479036]	0.0	0.0	0.0
1214.5942105526713	2.0	trials	2.0	1.0	1.0	0.0	10000.0	1.0	True	40.0	0.0	0.005	[14065915.335470797, 14066205.334494215, 14066494.333521, 14066783.332547784, 14067073.331571203, 14067363.33059462, 14067652.329621404, 14067942.328644821, 14068232.327668238, 14068522.326691655, 14068811.32571844, 14069100.324745225, 14069390.323768642, 14069680.322792059, 14069969.321818847, 14070259.320842264, 14070548.319869049, 14070838.318892466, 14071128.317915885, 14071418.316939302]	0.0	0.0	0.0
1225.006066690423	2.0	trials	2.0	1.0	1.0	0.0	10000.0	1.0	True	40.0	0.0	0.005	[14186421.929660339, 14186711.928683756, 14187000.92771054, 14187290.926733958, 14187579.925760744, 14187869.924784161, 14188159.923807576, 14188449.922830993, 14188738.92185778, 14189028.920881197, 14189317.919907982, 14189607.918931399, 14189897.917954817, 14190187.916978234, 14190476.91600502, 14190766.915028436, 14191055.91405522, 14191345.913078638, 14191634.912105426, 14191924.911128843]	0.0	0.0	0.0
1235.69742588694	2.0	trials	2.0	1.0	1.0	0.0	10000.0	1.0	True	40.0	0.0	0.005	[14310164.512952564, 14310455.511972614, 14310744.5109994, 14311033.510026183, 14311322.50905297, 14311612.508076387, 14311902.507099804, 14312192.50612322, 14312481.505150009, 14312771.504173426, 14313061.503196843, 14313350.502223628, 14313640.501247045, 14313929.500273827, 14314219.499297244, 14314509.498320663, 14314798.497347446, 14315088.496370863, 14315378.495394284, 14315667.494421069]	0.0	0.0	0.0
1244.769654535929	2.0	trials	2.0	1.0	1.0	0.0	10000.0	1.0	True	40.0	0.0	0.005	[14415168.15934886, 14415458.158372277, 14415746.157402432, 14416037.15642248, 14416327.1554459, 14416616.154472684, 14416906.153496103, 14417195.152522884, 14417484.151549669, 14417774.150573086, 14418064.149596507, 14418354.148619924, 14418643.147646708, 14418932.146673495, 14419223.145693542, 14419512.144720329, 14419802.143743746, 14420092.142767161, 14420380.141797315, 14420671.140817365]	0.0	0.0	0.0
1253.5684281057866	2.0	trials	2.0	1.0	1.0	0.0	10000.0	1.0	True	40.0	0.0	0.005	[14517005.816406745, 14517294.81543353, 14517584.814456949, 14517873.813483732, 14518163.81250715, 14518453.811530568, 14518742.810557352, 14519032.80958077, 14519322.808604186, 14519611.807630973, 14519901.806654388, 14520191.805677805, 14520480.804704592, 14520770.803728009, 14521059.802754793, 14521349.801778214, 14521639.800801631, 14521929.799825048, 14522218.798851833, 14522509.797871882]	0.0	0.0	0.0
1261.503550184017	2.0	trials	2.0	1.0	1.0	0.0	10000.0	1.0	True	40.0	0.0	0.005	[14608846.507129785, 14609137.506149838, 14609426.505176622, 14609715.504203409, 14610005.503226826, 14610294.50225361, 14610584.501277028, 14610873.500303812, 14611163.49932723, 14611453.498350646, 14611743.497374063, 14612032.496400848, 14612323.495420901, 14612611.494451052, 14612901.493474472, 14613191.492497886, 14613480.491524674, 14613771.490544721, 14614060.489571508, 14614349.488598293]	0.0	0.0	0.0
1269.9515409351468	2.0	trials	2.0	1.0	1.0	0.0	10000.0	1.0	True	40.0	0.0	0.005	[14706625.177856458, 14706914.176883245, 14707204.175906664, 14707494.17493008, 14707784.173953496, 14708073.172980282, 14708362.172007067, 14708652.171030484, 14708942.170053901, 14709231.169080686, 14709521.168104103, 14709811.16712752, 14710100.166154308, 14710390.165177725, 14710680.164201142, 14710970.16322456, 14711259.162251346, 14711548.161278129, 14711838.160301547, 14712127.159328328]	0.0	0.0	0.0
1278.4594066846453	2.0	trials	2.0	1.0	1.0	0.0	10000.0	1.0	True	40.0	0.0	0.005	[14805094.84625617, 14805383.845282957, 14805673.844306374, 14805963.843329793, 14806253.84235321, 14806543.841376629, 14806831.840406777, 14807122.83942683, 14807410.838456983, 14807701.837477032, 14807991.83650045, 14808280.835527234, 14808570.83455065, 14808859.833577437, 14809149.832600854, 14809439.831624271, 14809728.830651056, 14810018.829674473, 14810308.82869789, 14810597.827724675]	0.0	0.0	0.0
1288.1192397548582	2.0	trials	2.0	1.0	1.0	0.0	10000.0	1.0	True	40.0	0.0	0.005	[14916898.469753293, 14917188.46877671, 14917477.467803495, 14917767.466826912, 14918056.465853699, 14918346.464877112, 14918636.46390053, 14918926.462923948, 14919215.461950734, 14919505.460974153, 14919795.45999757, 14920083.45902772, 14920374.458047772, 14920663.457074556, 14920953.456097974, 14921243.45512139, 14921532.454148175, 14921822.453171592, 14922112.45219501, 14922401.451221798]	0.0	0.0	0.0
1296.9115333465372	2.0	trials	2.0	1.0	1.0	0.0	10000.0	1.0	True	40.0	0.0	0.005	[15018662.127060374, 15018952.126083791, 15019241.125110576, 15019531.124133993, 15019820.123160778, 15020110.122184195, 15020399.121210981, 15020690.12023103, 15020979.119257815, 15021269.118281232, 15021558.117308019, 15021847.116334802, 15022137.11535822, 15022426.114385003, 15022717.113405054, 15023006.11243184, 15023296.111455256, 15023586.110478673, 15023875.109505458, 15024164.108532246]	0.0	0.0	0.0
1306.7514234104028	2.0	trials	2.0	1.0	1.0	0.0	10000.0	1.0	True	40.0	0.0	0.005	[15132548.743542936, 15132839.742562985, 15133127.74159314, 15133418.740613187, 15133708.739636606, 15133997.73866339, 15134286.737690175, 15134576.736713596, 15134865.735740377, 15135155.734763797, 15135445.733787214, 15135735.732810631, 15136024.731837416, 15136313.730864203, 15136603.72988762, 15136893.728911037, 15137182.727937821, 15137473.726957869, 15137763.725981288, 15138052.725008074]	0.0	0.0	0.0
1317.6875529826477	2.0	trials	2.0	1.0	1.0	0.0	10000.0	1.0	True	40.0	0.0	0.005	[15259125.317291595, 15259414.31631838, 15259704.315341797, 15259993.314368581, 15260283.313391998, 15260572.312418785, 15260863.311438832, 15261152.310465617, 15261442.309489034, 15261731.30851582, 15262020.307542605, 15262310.306566022, 15262599.305592807, 15262890.30461286, 15263179.303639645, 15263469.302663062, 15263758.301689848, 15264048.300713263, 15264337.29974005, 15264627.298763467]	0.0	0.0	0.0
1325.763247387497	2.0	trials	2.0	1.0	1.0	0.0	10000.0	1.0	True	40.0	0.0	0.005	[15352594.002532305, 15352884.001555722, 15353173.000582505, 15353461.99960929, 15353752.99862934, 15354041.997656127, 15354331.996679544, 15354621.995702961, 15354910.994729746, 15355199.99375653, 15355489.992779948, 15355779.991803365, 15356069.990826784, 15356358.989853567, 15356648.988876985, 15356937.98790377, 15357227.986927189, 15357517.985950608, 15357806.98497739, 15358095.984004175]	0.0	0.0	0.0
1335.255378622451	2.0	trials	2.0	1.0	1.0	0.0	10000.0	1.0	True	40.0	0.0	0.005	[15462456.63256579, 15462745.631592575, 15463035.630615992, 15463325.62963941, 15463614.628666198, 15463904.627689615, 15464193.6267164, 15464484.625736449, 15464772.624766601, 15465063.623786652, 15465352.622813435, 15465642.621836854, 15465932.620860271, 15466222.619883688, 15466511.618910473, 15466800.61793726, 15467090.616960676, 15467380.615984093, 15467669.615010878, 15467960.61403093]	0.0	0.0	0.0
1341.939432913691	2.0	trials	2.0	1.0	1.0	0.0	10000.0	1.0	True	40.0	0.0	0.005	[15539818.372047242, 15540108.371070659, 15540397.370097445, 15540686.36912423, 15540975.368151015, 15541265.367174432, 15541555.366197849, 15541845.365221266, 15542135.364244686, 15542425.363268103, 15542715.36229152, 15543004.361318305, 15543293.360345092, 15543583.359368509, 15543872.358395293, 15544162.35741871, 15544451.356445495, 15544741.355468912, 15545031.354492329, 15545321.353515746]	0.0	0.0	0.0
1352.9159111500608	2.0	trials	2.0	1.0	1.0	0.0	10000.0	1.0	True	40.0	0.0	0.005	[15666860.944226632, 15667149.943253418, 15667440.942273468, 15667729.941300256, 15668018.940327039, 15668308.939350456, 15668598.938373873, 15668887.937400658, 15669178.936420709, 15669467.935447492, 15669756.934474276, 15670046.933497693, 15670336.93252111, 15670625.931547899, 15670915.930571316, 15671204.9295981, 15671494.92862152, 15671784.927644936, 15672074.926668353, 15672364.92569177]	0.0	0.0	0.0
1360.809561367949	2.0	trials	2.0	1.0	1.0	0.0	10000.0	1.0	True	40.0	0.0	0.005	[15758222.63656272, 15758512.635586137, 15758801.634612922, 15759090.633639708, 15759381.632659758, 15759670.631686544, 15759960.630709963, 15760249.629736746, 15760538.628763529, 15760829.627783582, 15761118.626810364, 15761407.625837153, 15761697.62486057, 15761987.623883983, 15762276.622910772, 15762567.621930817, 15762856.620957606, 15763146.619981024, 15763435.619007807, 15763724.618034592]	0.0	0.0	0.0
1369.0355912665386	2.0	trials	2.0	1.0	1.0	0.0	10000.0	1.0	True	40.0	0.0	0.005	[15853430.315947304, 15853720.31497072, 15854011.31399077, 15854300.313017555, 15854590.312040972, 15854880.311064389, 15855169.310091177, 15855459.309114594, 15855748.308141379, 15856038.307164796, 15856327.306191579, 15856617.305214997, 15856906.304241784, 15857196.3032652, 15857486.302288614, 15857776.301312033, 15858066.300335452, 15858354.299365604, 15858644.298389021, 15858934.29741244]	0.0	0.0	0.0
1377.4415917590716	2.0	trials	2.0	1.0	1.0	0.0	10000.0	1.0	True	40.0	0.0	0.005	[15950721.98831396, 15951010.987340745, 15951301.986360794, 15951590.985387579, 15951879.984414367, 15952168.98344115, 15952459.982461201, 15952749.981484614, 15953038.980511403, 15953328.979534822, 15953618.978558239, 15953907.977585023, 15954197.97660844, 15954486.975635225, 15954776.974658642, 15955066.973682059, 15955355.972708846, 15955645.97173226, 15955936.970752314, 15956224.969782464]	0.0	0.0	0.0
1387.971383499672	2.0	trials	2.0	1.0	1.0	0.0	10000.0	1.0	True	40.0	0.0	0.005	[16072595.577900093, 16072884.576926876, 16073173.575953664, 16073464.57497371, 16073752.574003866, 16074043.573023917, 16074332.5720507, 16074622.571074119, 16074912.570097536, 16075201.56912432, 16075491.568147738, 16075781.567171155, 16076071.566194572, 16076360.565221356, 16076650.564244773, 16076939.56327156, 16077228.562298344, 16077518.561321761, 16077807.560348546, 16078097.559371963]	0.0	0.0	0.0
1395.1354745743733	2.0	trials	2.0	1.0	1.0	0.0	10000.0	1.0	True	40.0	0.0	0.005	[16155513.29867157, 16155801.297701724, 16156092.296721771, 16156382.29574519, 16156670.294775343, 16156961.293795392, 16157251.292818809, 16157540.291845595, 16157830.290869012, 16158119.289895797, 16158409.288919214, 16158698.287945999, 16158988.286969416, 16159278.285992833, 16159568.28501625, 16159857.284043035, 16160147.283066455, 16160436.282093238, 16160726.281116659, 16161016.280140074]	0.0	0.0	0.0
1406.2414659746034	2.0	trials	2.0	1.0	1.0	0.0	10000.0	1.0	True	40.0	0.0	0.005	[16284053.865806406, 16284343.864829823, 16284633.86385324, 16284923.862876657, 16285212.861903444, 16285501.860930229, 16285791.859953646, 16286081.858977063, 16286370.858003847, 16286659.857030632, 16286950.856050685, 16287239.855077466, 16287529.854100887, 16287818.853127671, 16288108.85215109, 16288398.851174505, 16288688.850197922, 16288976.849228077, 16289266.848251494, 16289556.84727491]	0.0	0.0	0.0
1417.083419863988	2.0	trials	2.0	1.0	1.0	0.0	10000.0	1.0	True	40.0	0.0	0.005	[16409539.443229035, 16409830.442249086, 16410119.441275869, 16410408.440302657, 16410698.439326074, 16410987.438352859, 16411278.437372908, 16411567.436399693, 16411857.43542311, 16412147.434446527, 16412436.433473311, 16412725.432500098, 16413015.431523515, 16413305.430546932, 16413594.429573717, 16413885.428593766, 16414174.427620552, 16414463.426647337, 16414753.425670754, 16415043.424694171]	0.0	0.0	0.0
1423.3773794688839	2.0	trials	2.0	1.0	1.0	0.0	10000.0	1.0	True	40.0	0.0	0.005	[16482387.197911499, 16482676.196938284, 16482966.1959617, 16483255.194988487, 16483545.194011906, 16483835.19303532, 16484126.192055373, 16484414.191085523, 16484704.190108942, 16484994.18913236, 16485284.188155778, 16485572.187185926, 16485863.18620598, 16486152.185232764, 16486442.184256181, 16486732.183279598, 16487021.182306383, 16487310.18133317, 16487601.180353217, 16487890.179380003]	0.0	0.0	0.0
1429.5102900161178	2.0	trials	2.0	1.0	1.0	0.0	10000.0	1.0	True	40.0	0.0	0.005	[16553368.958877768, 16553659.957897816, 16553949.956921233, 16554238.95594802, 16554528.954971436, 16554817.953998221, 16555106.953025006, 16555397.952045057, 16555687.951068474, 16555976.950095259, 16556265.949122043, 16556555.94814546, 16556844.947172247, 16557133.94619903, 16557424.945219083, 16557714.9442425, 16558003.943269284, 16558293.942292701, 16558582.941319484, 16558872.940342901]	0.0	0.0	0.0
1439.7179836413934	2.0	trials	2.0	1.0	1.0	0.0	10000.0	1.0	True	40.0	0.0	0.005	[16671513.561021402, 16671802.560048187, 16672093.55906824, 16672382.558095025, 16672672.557118442, 16672962.556141859, 16673251.555168644, 16673540.55419543, 16673830.553218847, 16674119.552245632, 16674409.551269049, 16674699.550292466, 16674989.549315883, 16675278.548342668, 16675568.547366086, 16675858.546389503, 16676147.545416288, 16676437.544439705, 16676727.543463122, 16677017.54248654]	0.0	0.0	0.0
1448.3500057727915	2.0	trials	2.0	1.0	1.0	0.0	10000.0	1.0	True	40.0	0.0	0.005	[16771421.224578615, 16771711.223602032, 16772001.22262545, 16772290.221652234, 16772580.220675651, 16772870.219699068, 16773159.218725853, 16773448.21775264, 16773738.216776056, 16774028.215799473, 16774317.214826258, 16774607.213849675, 16774897.212873094, 16775187.211896513, 16775476.210923295, 16775766.209946712, 16776055.208973497, 16776344.208000282, 16776634.207023703, 16776925.206043748]	0.0	0.0	0.0
1458.6515294820913	2.0	trials	2.0	1.0	1.0	0.0	10000.0	1.0	True	40.0	0.0	0.005	[16890652.82306175, 16890941.822088536, 16891230.82111532, 16891520.820138738, 16891810.819162153, 16892100.81818557, 16892389.817212354, 16892678.81623914, 16892968.815262564, 16893257.814289343, 16893547.81331276, 16893838.81233281, 16894127.8113596, 16894417.810383014, 16894706.809409797, 16894996.808433216, 16895285.80746, 16895575.806483418, 16895865.805506833, 16896154.804533623]	0.0	0.0	0.0
1467.5137204383889	2.0	trials	2.0	1.0	1.0	0.0	10000.0	1.0	True	40.0	0.0	0.005	[16993225.477644503, 16993514.476671286, 16993804.475694705, 16994093.474721488, 16994383.473744906, 16994672.472771693, 16994962.471795112, 16995251.470821895, 16995540.469848678, 16995830.468872096, 16996120.467895515, 16996410.46691893, 16996700.46594235, 16996989.464969132, 16997279.46399255, 16997568.463019338, 16997858.462042753, 16998148.461066175, 16998437.460092954, 16998726.45911974]	0.0	0.0	0.0
1477.563907394073	2.0	trials	2.0	1.0	1.0	0.0	10000.0	1.0	True	40.0	0.0	0.005	[17109545.085933875, 17109835.08495729, 17110125.08398071, 17110414.083007496, 17110703.08203428, 17110993.081057698, 17111283.080081113, 17111572.0791079, 17111862.078131314, 17112152.077154737, 17112442.076178152, 17112731.075204935, 17113021.074228354, 17113311.073251773, 17113600.07227856, 17113889.071305342, 17114179.07032876, 17114469.069352176, 17114758.068378963, 17115048.067402378]	0.0	0.0	0.0
1488.5018513602079	2.0	trials	2.0	1.0	1.0	0.0	10000.0	1.0	True	40.0	0.0	0.005	[17236141.65961518, 17236431.6586386, 17236722.657658648, 17237011.656685434, 17237300.65571222, 17237590.654735636, 17237880.653759055, 17238168.65278921, 17238458.651812624, 17238749.65083267, 17239038.64985946, 17239328.648882877, 17239618.647906296, 17239907.646933082, 17240196.64595986, 17240486.644983284, 17240776.6440067, 17241065.643033486, 17241355.6420569, 17241645.64108032]	0.0	0.0	0.0
1498.503568079117	2.0	trials	2.0	1.0	1.0	0.0	10000.0	1.0	True	40.0	0.0	0.005	[17351902.269787002, 17352193.268807054, 17352482.267833836, 17352772.266857255, 17353062.26588067, 17353350.264910825, 17353640.26393424, 17353930.26295766, 17354220.261981077, 17354510.261004493, 17354800.26002791, 17355089.259054694, 17355378.25808148, 17355668.257104896, 17355957.256131686, 17356247.255155098, 17356537.254178517, 17356827.253201935, 17357116.252228722, 17357406.25125214]	0.0	0.0	0.0
1509.4535216048096	2.0	trials	2.0	1.0	1.0	0.0	10000.0	1.0	True	40.0	0.0	0.005	[17478638.842996854, 17478928.84202027, 17479217.841047056, 17479507.840070475, 17479796.839097258, 17480086.83812068, 17480376.837144095, 17480666.836167514, 17480955.835194297, 17481244.834221084, 17481535.83324113, 17481824.832267918, 17482114.831291333, 17482403.83031812, 17482693.82934154, 17482982.82836832, 17483272.82739174, 17483561.826418523, 17483851.82544194, 17484141.82446536]	0.0	0.0	0.0
1516.2224204103334	2.0	trials	2.0	1.0	1.0	0.0	10000.0	1.0	True	40.0	0.0	0.005	[17556982.579171393, 17557272.578194812, 17557561.5772216, 17557851.576245017, 17558141.575268436, 17558431.57429185, 17558721.573315267, 17559009.57234542, 17559299.571368836, 17559589.570392255, 17559878.56941904, 17560168.568442456, 17560458.567465875, 17560748.566489294, 17561037.56551608, 17561327.564539496, 17561616.563566282, 17561907.56258633, 17562195.561616484, 17562485.5606399]	0.0	0.0	0.0
1524.967626160582	2.0	trials	2.0	1.0	1.0	0.0	10000.0	1.0	True	40.0	0.0	0.005	[17658200.238317147, 17658490.237340562, 17658779.23636735, 17659068.235394135, 17659359.234414183, 17659648.23344097, 17659938.232464384, 17660228.231487807, 17660517.230514586, 17660807.229538005, 17661097.228561424, 17661386.227588207, 17661675.226614993, 17661965.225638412, 17662255.22466183, 17662545.223685246, 17662835.222708665, 17663124.221735448, 17663413.220762234, 17663703.21978565]	0.0	0.0	0.0
1535.6525053789205	2.0	trials	2.0	1.0	1.0	0.0	10000.0	1.0	True	40.0	0.0	0.005	[17781866.821865305, 17782155.820892088, 17782445.819915507, 17782734.81894229, 17783025.817962345, 17783313.816992495, 17783604.816012546, 17783894.81503596, 17784183.814062748, 17784473.813086163, 17784762.81211295, 17785052.81113637, 17785341.81016315, 17785631.80918657, 17785921.808209985, 17786211.807233404, 17786501.806256823, 17786790.805283606, 17787079.804310393, 17787369.80333381]	0.0	0.0	0.0
1543.8816456670356	2.0	trials	2.0	1.0	1.0	0.0	10000.0	1.0	True	40.0	0.0	0.005	[17877111.501125287, 17877401.500148706, 17877691.499172125, 17877981.49819554, 17878270.497222327, 17878560.49624574, 17878850.49526916, 17879139.494295947, 17879428.49332273, 17879719.49234278, 17880007.49137293, 17880297.49039635, 17880587.489419766, 17880877.48844319, 17881166.487469967, 17881456.486493386, 17881746.485516805, 17882035.48454359, 17882325.483567007, 17882615.482590422]	0.0	0.0	0.0
1554.4722628028044	2.0	trials	2.0	1.0	1.0	0.0	10000.0	1.0	True	40.0	0.0	0.005	[17999688.088344052, 17999979.0873641, 18000268.086390886, 18000558.0854143, 18000847.08444109, 18001137.083464503, 18001426.08249129, 18001716.081514705, 18002005.08054149, 18002296.079561543, 18002585.07858833, 18002875.077611748, 18003164.07663853, 18003454.075661946, 18003743.074688733, 18004033.073712148, 18004323.072735567, 18004613.07175898, 18004902.07078577, 18005192.069809187]	0.0	0.0	0.0
1560.8684332635023	2.0	trials	2.0	1.0	1.0	0.0	10000.0	1.0	True	40.0	0.0	0.005	[18073719.839039363, 18074007.838069513, 18074297.837092932, 18074586.836119723, 18074877.835139766, 18075166.834166553, 18075456.833189968, 18075746.832213387, 18076035.831240173, 18076325.830263592, 18076614.829290375, 18076904.828313794, 18077193.827340577, 18077484.826360628, 18077773.825387415, 18078062.824414197, 18078353.82343425, 18078641.822464403, 18078931.821487818, 18079221.820511237]	0.0	0.0	0.0
1571.2417551310198	2.0	trials	2.0	1.0	1.0	0.0	10000.0	1.0	True	40.0	0.0	0.005	[18193780.43473082, 18194070.43375424, 18194358.432784393, 18194648.43180781, 18194938.430831224, 18195228.429854643, 18195518.42887806, 18195808.427901477, 18196097.426928263, 18196387.425951682, 18196676.424978465, 18196966.424001884, 18197255.423028667, 18197546.422048718, 18197835.4210755, 18198124.420102287, 18198414.419125702, 18198704.418149125, 18198994.41717254, 18199283.416199327]	0.0	0.0	0.0
1578.5078842621047	2.0	trials	2.0	1.0	1.0	0.0	10000.0	1.0	True	40.0	0.0	0.005	[18277879.151525248, 18278169.150548667, 18278458.14957545, 18278748.14859887, 18279037.147625655, 18279327.14664907, 18279616.145675857, 18279906.14469927, 18280196.143722694, 18280486.14274611, 18280775.141772896, 18281065.14079631, 18281354.139823098, 18281644.138846513, 18281933.1378733, 18282223.13689672, 18282513.135920133, 18282802.13494692, 18283092.133970335, 18283382.132993754]	0.0	0.0	0.0
1589.0024249214143	2.0	trials	2.0	1.0	1.0	0.0	10000.0	1.0	True	40.0	0.0	0.005	[18399342.74249207, 18399633.74151212, 18399923.740535535, 18400212.73956232, 18400501.738589104, 18400791.737612523, 18401081.736635942, 18401371.735659357, 18401660.734686144, 18401950.73370956, 18402239.732736345, 18402529.73175976, 18402818.730786547, 18403108.729809966, 18403398.72883338, 18403688.7278568, 18403977.726883583, 18404267.725907005, 18404557.72493042, 18404846.723957207]	0.0	0.0	0.0
1597.0603209861997	2.0	trials	2.0	1.0	1.0	0.0	10000.0	1.0	True	40.0	0.0	0.005	[18492606.42842312, 18492894.427453272, 18493184.42647669, 18493475.42549674, 18493765.424520157, 18494054.423546944, 18494343.422573727, 18494633.421597145, 18494922.42062393, 18495212.419647347, 18495502.418670762, 18495792.417694185, 18496081.416720964, 18496371.415744383, 18496661.4147678, 18496950.41379459, 18497240.412818007, 18497529.41184479, 18497819.41086821, 18498109.409891624]	0.0	0.0	0.0
1607.740189021413	2.0	trials	2.0	1.0	1.0	0.0	10000.0	1.0	True	40.0	0.0	0.005	[18616216.012163226, 18616504.01119338, 18616794.0102168, 18617084.009240214, 18617374.008263633, 18617663.007290415, 18617953.006313834, 18618243.00533725, 18618533.004360672, 18618823.003384087, 18619112.002410874, 18619402.00143429, 18619691.000461075, 18619980.999484494, 18620269.998511277, 18620559.997534696, 18620849.99655811, 18621139.99558153, 18621428.994608313, 18621718.99363173]	0.0	0.0	0.0
1618.4742296741988	2.0	trials	2.0	1.0	1.0	0.0	10000.0	1.0	True	40.0	0.0	0.005	[18740452.5937919, 18740741.59281868, 18741032.591838732, 18741321.590865515, 18741610.5898923, 18741900.588915717, 18742189.587942503, 18742479.586965922, 18742769.58598934, 18743058.585016124, 18743348.584039543, 18743637.583066326, 18743928.582086377, 18744217.58111316, 18744506.580139946, 18744796.57916336, 18745085.578190148, 18745376.577210195, 18745666.576233618, 18745954.57526377]	0.0	0.0	0.0
1627.8999195328965	2.0	trials	2.0	1.0	1.0	0.0	10000.0	1.0	True	40.0	0.0	0.005	[18849545.22641838, 18849835.2254418, 18850124.224468585, 18850414.223492, 18850704.222515415, 18850993.221542202, 18851283.22056562, 18851573.219589036, 18851862.218615822, 18852151.217642605, 18852441.216666024, 18852731.215689443, 18853021.21471286, 18853311.213736277, 18853600.21276306, 18853890.21178648, 18854180.210809894, 18854469.20983668, 18854759.2088601, 18855048.207886882]	0.0	0.0	0.0
1634.7519348585226	2.0	trials	2.0	1.0	1.0	0.0	10000.0	1.0	True	40.0	0.0	0.005	[18928849.959356725, 18929140.95837678, 18929430.957400195, 18929719.95642698, 18930009.955450397, 18930299.954473816, 18930588.9535006, 18930878.952524018, 18931167.951550804, 18931457.95057422, 18931746.949601006, 18932036.94862442, 18932326.947647844, 18932616.94667126, 18932906.945694678, 18933194.944724828, 18933484.943748243, 18933774.942771662, 18934063.94179845, 18934353.940821864]	0.0	0.0	0.0
1642.7139272462666	2.0	trials	2.0	1.0	1.0	0.0	10000.0	1.0	True	40.0	0.0	0.005	[19021003.649025735, 19021293.648049153, 19021583.64707257, 19021872.646099355, 19022162.64512277, 19022451.644149557, 19022741.643172972, 19023031.64219639, 19023321.64121981, 19023610.640246596, 19023900.63927001, 19024189.638296798, 19024479.637320213, 19024769.636343632, 19025059.63536705, 19025348.634393834, 19025638.63341725, 19025927.632444035, 19026217.63146745, 19026506.63049424]	0.0	0.0	0.0
1648.8463193952464	2.0	trials	2.0	1.0	1.0	0.0	10000.0	1.0	True	40.0	0.0	0.005	[19091980.41000884, 19092270.409032255, 19092560.408055674, 19092850.407079093, 19093139.406105876, 19093428.405132663, 19093719.404152714, 19094008.403179493, 19094298.402202915, 19094588.40122633, 19094877.400253117, 19095167.399276536, 19095456.39830332, 19095746.397326738, 19096036.396350153, 19096325.39537694, 19096615.394400354, 19096905.393423773, 19097194.392450556, 19097484.391473975]	0.0	0.0	0.0
1656.8379468831931	2.0	trials	2.0	1.0	1.0	0.0	10000.0	1.0	True	40.0	0.0	0.005	[19184476.098526154, 19184767.0975462, 19185056.096572988, 19185346.095596403, 19185636.09461982, 19185926.09364324, 19186215.092670027, 19186505.091693442, 19186794.090720225, 19187084.089743644, 19187374.088767063, 19187663.087793846, 19187953.086817265, 19188242.08584405, 19188532.084867466, 19188822.083890885, 19189111.082917668, 19189400.081944454, 19189690.08096787, 19189980.07999129]	0.0	0.0	0.0
1664.4520076426081	2.0	trials	2.0	1.0	1.0	0.0	10000.0	1.0	True	40.0	0.0	0.005	[19272601.801759552, 19272891.80078297, 19273181.79980639, 19273470.798833173, 19273761.79785322, 19274051.79687664, 19274340.795903426, 19274629.794930212, 19274919.793953627, 19275208.79298041, 19275498.79200383, 19275788.791027248, 19276077.790054034, 19276367.78907745, 19276657.78810087, 19276946.78712765, 19277235.786154438, 19277526.78517449, 19277815.78420127, 19278105.78322469]	0.0	0.0	0.0
1671.1599946532538	2.0	trials	2.0	1.0	1.0	0.0	10000.0	1.0	True	40.0	0.0	0.005	[19350241.540304832, 19350530.53933162, 19350819.5383584, 19351110.53737845, 19351399.536405236, 19351688.535432022, 19351978.534455437, 19352268.53347886, 19352557.53250564, 19352847.53152906, 19353137.530552477, 19353426.529579263, 19353716.528602682, 19354006.527626097, 19354295.526652884, 19354585.5256763, 19354875.524699718, 19355164.5237265, 19355454.52274992, 19355744.52177334]	0.0	0.0	0.0
1680.9906399482513	2.0	trials	2.0	1.0	1.0	0.0	10000.0	1.0	True	40.0	0.0	0.005	[19464021.15714772, 19464310.156174503, 19464600.155197922, 19464890.15422134, 19465179.153248124, 19465469.152271543, 19465759.15129496, 19466049.150318377, 19466339.149341796, 19466628.14836858, 19466918.147391997, 19467207.146418784, 19467497.1454422, 19467787.144465618, 19468076.143492404, 19468366.14251582, 19468656.14153924, 19468945.14056602, 19469235.13958944, 19469525.138612855]	0.0	0.0	0.0
1687.6238048108632	2.0	trials	2.0	1.0	1.0	0.0	10000.0	1.0	True	40.0	0.0	0.005	[19540793.898612645, 19541084.897632696, 19541373.89665948, 19541662.89568626, 19541952.89470968, 19542242.8937331, 19542532.892756518, 19542821.891783305, 19543111.89080672, 19543400.889833506, 19543690.88885692, 19543980.88788034, 19544269.886907123, 19544559.885930542, 19544849.884953957, 19545138.883980744, 19545428.88300416, 19545717.882030945, 19546007.881054364, 19546297.880077783]	0.0	0.0	0.0
1695.810609241546	2.0	trials	2.0	1.0	1.0	0.0	10000.0	1.0	True	40.0	0.0	0.005	[19635549.579519346, 19635838.578546133, 19636127.57757292, 19636417.576596335, 19636707.575619753, 19636997.574643172, 19637286.57366996, 19637576.572693374, 19637865.57172016, 19638155.570743576, 19638445.569766995, 19638735.56879041, 19639024.567817196, 19639314.56684061, 19639603.565867398, 19639892.564894184, 19640183.563914232, 19640472.56294102, 19640762.561964437, 19641051.56099122]	0.0	0.0	0.0
1705.114389110779	2.0	trials	2.0	1.0	1.0	0.0	10000.0	1.0	True	40.0	0.0	0.005	[19743231.21689741, 19743521.21592083, 19743810.21494761, 19744100.213971034, 19744390.21299445, 19744679.212021235, 19744969.21104465, 19745259.21006807, 19745549.209091485, 19745839.208114903, 19746129.207138322, 19746417.206168473, 19746708.205188524, 19746997.204215307, 19747286.203242093, 19747576.202265512, 19747866.201288927, 19748155.200315714, 19748445.19933913, 19748734.198365916]	0.0	0.0	0.0
1715.1821152073994	2.0	trials	2.0	1.0	1.0	0.0	10000.0	1.0	True	40.0	0.0	0.005	[19859754.82449981, 19860044.823523227, 19860335.822543275, 19860624.82157006, 19860914.820593476, 19861203.819620263, 19861494.81864031, 19861783.817667097, 19862072.816693883, 19862362.8157173, 19862652.814740717, 19862941.8137675, 19863230.812794287, 19863520.811817702, 19863811.810837753, 19864101.809861172, 19864390.808887955, 19864679.807914745, 19864969.80693816, 19865258.805964947]	0.0	0.0	0.0
1723.8404028503476	2.0	trials	2.0	1.0	1.0	0.0	10000.0	1.0	True	40.0	0.0	0.005	[19959968.487026554, 19960258.486049972, 19960547.485076755, 19960837.484100174, 19961126.483126957, 19961416.482150376, 19961705.481177162, 19961996.48019721, 19962285.479223996, 19962574.478250783, 19962865.47727083, 19963153.476300985, 19963444.475321036, 19963734.474344447, 19964023.473371238, 19964313.472394656, 19964602.471421435, 19964892.470444858, 19965182.469468273, 19965471.46849506]	0.0	0.0	0.0
1733.398111464468	2.0	trials	2.0	1.0	1.0	0.0	10000.0	1.0	True	40.0	0.0	0.005	[20070589.114507455, 20070879.113530874, 20071169.11255429, 20071459.11157771, 20071748.110604495, 20072038.109627914, 20072328.10865133, 20072618.107674748, 20072907.106701534, 20073197.10572495, 20073486.104751736, 20073776.10377515, 20074066.10279857, 20074354.101828724, 20074644.10085214, 20074934.09987556, 20075223.09890234, 20075514.09792239, 20075804.09694581, 20076093.095972594]	0.0	0.0	0.0
1742.1908370546923	2.0	trials	2.0	1.0	1.0	0.0	10000.0	1.0	True	40.0	0.0	0.005	[20172356.77180107, 20172646.770824485, 20172935.76985127, 20173225.76887469, 20173515.76789811, 20173804.76692489, 20174094.765948307, 20174384.764971726, 20174673.76399851, 20174963.763021927, 20175253.762045342, 20175542.76107213, 20175832.760095544, 20176122.759118967, 20176411.75814575, 20176700.757172536, 20176991.756192587, 20177280.75521937, 20177570.75424279, 20177859.75326957]	0.0	0.0	0.0
1749.0844970400788	2.0	trials	2.0	1.0	1.0	0.0	10000.0	1.0	True	40.0	0.0	0.005	[20252145.503109533, 20252435.502132952, 20252724.50115974, 20253013.50018652, 20253303.49920994, 20253593.498233356, 20253883.497256774, 20254173.496280193, 20254462.495306976, 20254751.49433376, 20255041.493357178, 20255330.492383964, 20255620.491407383, 20255910.490430802, 20256200.489454217, 20256489.488481004, 20256779.48750442, 20257069.486527838, 20257358.48555462, 20257647.484581407]	0.0	0.0	0.0
1772.2412606589603	2.0	trials	3.0	1.0	1.0	0.0	10000.0	1.0	False	0.0	0.0	0.0	[NaN, NaN, NaN, NaN, NaN, NaN, NaN, NaN, NaN, NaN, NaN, NaN, NaN, NaN, NaN, NaN, NaN, NaN, NaN, NaN]	0.0	0.0	0.0
1783.0412242897482	2.0	trials	3.0	1.0	1.0	0.0	10000.0	1.0	False	0.0	0.0	0.0	[NaN, NaN, NaN, NaN, NaN, NaN, NaN, NaN, NaN, NaN, NaN, NaN, NaN, NaN, NaN, NaN, NaN, NaN, NaN, NaN]	0.0	0.0	0.0
1789.989402491543	2.0	trials	3.0	1.0	1.0	0.0	10000.0	1.0	False	0.0	0.0	0.0	[NaN, NaN, NaN, NaN, NaN, NaN, NaN, NaN, NaN, NaN, NaN, NaN, NaN, NaN, NaN, NaN, NaN, NaN, NaN, NaN]	0.0	0.0	0.0
1798.1914132710176	2.0	trials	3.0	1.0	1.0	0.0	10000.0	1.0	False	0.0	0.0	0.0	[NaN, NaN, NaN, NaN, NaN, NaN, NaN, NaN, NaN, NaN, NaN, NaN, NaN, NaN, NaN, NaN, NaN, NaN, NaN, NaN]	0.0	0.0	0.0
1809.1767906774187	2.0	trials	3.0	1.0	1.0	0.0	10000.0	1.0	False	0.0	0.0	0.0	[NaN, NaN, NaN, NaN, NaN, NaN, NaN, NaN, NaN, NaN, NaN, NaN, NaN, NaN, NaN, NaN, NaN, NaN, NaN, NaN]	0.0	0.0	0.0
1817.0255994463125	2.0	trials	3.0	1.0	1.0	0.0	10000.0	1.0	False	0.0	0.0	0.0	[NaN, NaN, NaN, NaN, NaN, NaN, NaN, NaN, NaN, NaN, NaN, NaN, NaN, NaN, NaN, NaN, NaN, NaN, NaN, NaN]	0.0	0.0	0.0
1827.97598497055	2.0	trials	3.0	1.0	1.0	0.0	10000.0	1.0	False	0.0	0.0	0.0	[NaN, NaN, NaN, NaN, NaN, NaN, NaN, NaN, NaN, NaN, NaN, NaN, NaN, NaN, NaN, NaN, NaN, NaN, NaN, NaN]	0.0	0.0	0.0
1836.3753326854865	2.0	trials	3.0	1.0	1.0	0.0	10000.0	1.0	False	0.0	0.0	0.0	[NaN, NaN, NaN, NaN, NaN, NaN, NaN, NaN, NaN, NaN, NaN, NaN, NaN, NaN, NaN, NaN, NaN, NaN, NaN, NaN]	0.0	0.0	0.0
1845.3653952111727	2.0	trials	3.0	1.0	1.0	0.0	10000.0	1.0	False	0.0	0.0	0.0	[NaN, NaN, NaN, NaN, NaN, NaN, NaN, NaN, NaN, NaN, NaN, NaN, NaN, NaN, NaN, NaN, NaN, NaN, NaN, NaN]	0.0	0.0	0.0
1853.2056504088703	2.0	trials	3.0	1.0	1.0	0.0	10000.0	1.0	False	0.0	0.0	0.0	[NaN, NaN, NaN, NaN, NaN, NaN, NaN, NaN, NaN, NaN, NaN, NaN, NaN, NaN, NaN, NaN, NaN, NaN, NaN, NaN]	0.0	0.0	0.0
1863.8855184440838	2.0	trials	3.0	1.0	1.0	0.0	10000.0	1.0	False	0.0	0.0	0.0	[NaN, NaN, NaN, NaN, NaN, NaN, NaN, NaN, NaN, NaN, NaN, NaN, NaN, NaN, NaN, NaN, NaN, NaN, NaN, NaN]	0.0	0.0	0.0
1874.9756122978495	2.0	trials	3.0	1.0	1.0	0.0	10000.0	1.0	False	0.0	0.0	0.0	[NaN, NaN, NaN, NaN, NaN, NaN, NaN, NaN, NaN, NaN, NaN, NaN, NaN, NaN, NaN, NaN, NaN, NaN, NaN, NaN]	0.0	0.0	0.0
1883.931633338171	2.0	trials	3.0	1.0	1.0	0.0	10000.0	1.0	False	0.0	0.0	0.0	[NaN, NaN, NaN, NaN, NaN, NaN, NaN, NaN, NaN, NaN, NaN, NaN, NaN, NaN, NaN, NaN, NaN, NaN, NaN, NaN]	0.0	0.0	0.0
1895.037106340147	2.0	trials	3.0	1.0	1.0	0.0	10000.0	1.0	False	0.0	0.0	0.0	[NaN, NaN, NaN, NaN, NaN, NaN, NaN, NaN, NaN, NaN, NaN, NaN, NaN, NaN, NaN, NaN, NaN, NaN, NaN, NaN]	0.0	0.0	0.0
1902.0944937741763	2.0	trials	3.0	1.0	1.0	0.0	10000.0	1.0	False	0.0	0.0	0.0	[NaN, NaN, NaN, NaN, NaN, NaN, NaN, NaN, NaN, NaN, NaN, NaN, NaN, NaN, NaN, NaN, NaN, NaN, NaN, NaN]	0.0	0.0	0.0
1909.025910432416	2.0	trials	3.0	1.0	1.0	0.0	10000.0	1.0	False	0.0	0.0	0.0	[NaN, NaN, NaN, NaN, NaN, NaN, NaN, NaN, NaN, NaN, NaN, NaN, NaN, NaN, NaN, NaN, NaN, NaN, NaN, NaN]	0.0	0.0	0.0
1915.6475841337246	2.0	trials	3.0	1.0	1.0	0.0	10000.0	1.0	False	0.0	0.0	0.0	[NaN, NaN, NaN, NaN, NaN, NaN, NaN, NaN, NaN, NaN, NaN, NaN, NaN, NaN, NaN, NaN, NaN, NaN, NaN, NaN]	0.0	0.0	0.0
1924.0717285651574	2.0	trials	3.0	1.0	1.0	0.0	10000.0	1.0	False	0.0	0.0	0.0	[NaN, NaN, NaN, NaN, NaN, NaN, NaN, NaN, NaN, NaN, NaN, NaN, NaN, NaN, NaN, NaN, NaN, NaN, NaN, NaN]	0.0	0.0	0.0
1932.3333551438739	2.0	trials	3.0	1.0	1.0	0.0	10000.0	1.0	False	0.0	0.0	0.0	[NaN, NaN, NaN, NaN, NaN, NaN, NaN, NaN, NaN, NaN, NaN, NaN, NaN, NaN, NaN, NaN, NaN, NaN, NaN, NaN]	0.0	0.0	0.0
1941.440748474445	2.0	trials	3.0	1.0	1.0	0.0	10000.0	1.0	False	0.0	0.0	0.0	[NaN, NaN, NaN, NaN, NaN, NaN, NaN, NaN, NaN, NaN, NaN, NaN, NaN, NaN, NaN, NaN, NaN, NaN, NaN, NaN]	0.0	0.0	0.0
1951.3833677923665	2.0	trials	3.0	1.0	1.0	0.0	10000.0	1.0	False	0.0	0.0	0.0	[NaN, NaN, NaN, NaN, NaN, NaN, NaN, NaN, NaN, NaN, NaN, NaN, NaN, NaN, NaN, NaN, NaN, NaN, NaN, NaN]	0.0	0.0	0.0
1959.7137685394837	2.0	trials	3.0	1.0	1.0	0.0	10000.0	1.0	False	0.0	0.0	0.0	[NaN, NaN, NaN, NaN, NaN, NaN, NaN, NaN, NaN, NaN, NaN, NaN, NaN, NaN, NaN, NaN, NaN, NaN, NaN, NaN]	0.0	0.0	0.0
1966.3058071405896	2.0	trials	3.0	1.0	1.0	0.0	10000.0	1.0	False	0.0	0.0	0.0	[NaN, NaN, NaN, NaN, NaN, NaN, NaN, NaN, NaN, NaN, NaN, NaN, NaN, NaN, NaN, NaN, NaN, NaN, NaN, NaN]	0.0	0.0	0.0
1974.4458693286783	2.0	trials	3.0	1.0	1.0	0.0	10000.0	1.0	False	0.0	0.0	0.0	[NaN, NaN, NaN, NaN, NaN, NaN, NaN, NaN, NaN, NaN, NaN, NaN, NaN, NaN, NaN, NaN, NaN, NaN, NaN, NaN]	0.0	0.0	0.0
1982.181753677848	2.0	trials	3.0	1.0	1.0	0.0	10000.0	1.0	False	0.0	0.0	0.0	[NaN, NaN, NaN, NaN, NaN, NaN, NaN, NaN, NaN, NaN, NaN, NaN, NaN, NaN, NaN, NaN, NaN, NaN, NaN, NaN]	0.0	0.0	0.0
1992.2017871350754	2.0	trials	3.0	1.0	1.0	0.0	10000.0	1.0	False	0.0	0.0	0.0	[NaN, NaN, NaN, NaN, NaN, NaN, NaN, NaN, NaN, NaN, NaN, NaN, NaN, NaN, NaN, NaN, NaN, NaN, NaN, NaN]	0.0	0.0	0.0
1999.5156089055538	2.0	trials	3.0	1.0	1.0	0.0	10000.0	1.0	False	0.0	0.0	0.0	[NaN, NaN, NaN, NaN, NaN, NaN, NaN, NaN, NaN, NaN, NaN, NaN, NaN, NaN, NaN, NaN, NaN, NaN, NaN, NaN]	0.0	0.0	0.0
2006.0938235532124	2.0	trials	3.0	1.0	1.0	0.0	10000.0	1.0	False	0.0	0.0	0.0	[NaN, NaN, NaN, NaN, NaN, NaN, NaN, NaN, NaN, NaN, NaN, NaN, NaN, NaN, NaN, NaN, NaN, NaN, NaN, NaN]	0.0	0.0	0.0
2014.1622603825017	2.0	trials	3.0	1.0	1.0	0.0	10000.0	1.0	False	0.0	0.0	0.0	[NaN, NaN, NaN, NaN, NaN, NaN, NaN, NaN, NaN, NaN, NaN, NaN, NaN, NaN, NaN, NaN, NaN, NaN, NaN, NaN]	0.0	0.0	0.0
2023.761268057546	2.0	trials	3.0	1.0	1.0	0.0	10000.0	1.0	False	0.0	0.0	0.0	[NaN, NaN, NaN, NaN, NaN, NaN, NaN, NaN, NaN, NaN, NaN, NaN, NaN, NaN, NaN, NaN, NaN, NaN, NaN, NaN]	0.0	0.0	0.0
2030.9075607921839	2.0	trials	3.0	1.0	1.0	0.0	10000.0	1.0	False	0.0	0.0	0.0	[NaN, NaN, NaN, NaN, NaN, NaN, NaN, NaN, NaN, NaN, NaN, NaN, NaN, NaN, NaN, NaN, NaN, NaN, NaN, NaN]	0.0	0.0	0.0
2037.175686884075	2.0	trials	3.0	1.0	1.0	0.0	10000.0	1.0	False	0.0	0.0	0.0	[NaN, NaN, NaN, NaN, NaN, NaN, NaN, NaN, NaN, NaN, NaN, NaN, NaN, NaN, NaN, NaN, NaN, NaN, NaN, NaN]	0.0	0.0	0.0
2045.1817431234324	2.0	trials	3.0	1.0	1.0	0.0	10000.0	1.0	False	0.0	0.0	0.0	[NaN, NaN, NaN, NaN, NaN, NaN, NaN, NaN, NaN, NaN, NaN, NaN, NaN, NaN, NaN, NaN, NaN, NaN, NaN, NaN]	0.0	0.0	0.0
2055.7480819409593	2.0	trials	3.0	1.0	1.0	0.0	10000.0	1.0	False	0.0	0.0	0.0	[NaN, NaN, NaN, NaN, NaN, NaN, NaN, NaN, NaN, NaN, NaN, NaN, NaN, NaN, NaN, NaN, NaN, NaN, NaN, NaN]	0.0	0.0	0.0
2065.809846457656	2.0	trials	3.0	1.0	1.0	0.0	10000.0	1.0	False	0.0	0.0	0.0	[NaN, NaN, NaN, NaN, NaN, NaN, NaN, NaN, NaN, NaN, NaN, NaN, NaN, NaN, NaN, NaN, NaN, NaN, NaN, NaN]	0.0	0.0	0.0
2076.315791878559	2.0	trials	3.0	1.0	1.0	0.0	10000.0	1.0	False	0.0	0.0	0.0	[NaN, NaN, NaN, NaN, NaN, NaN, NaN, NaN, NaN, NaN, NaN, NaN, NaN, NaN, NaN, NaN, NaN, NaN, NaN, NaN]	0.0	0.0	0.0
2083.611469710138	2.0	trials	3.0	1.0	1.0	0.0	10000.0	1.0	False	0.0	0.0	0.0	[NaN, NaN, NaN, NaN, NaN, NaN, NaN, NaN, NaN, NaN, NaN, NaN, NaN, NaN, NaN, NaN, NaN, NaN, NaN, NaN]	0.0	0.0	0.0
2090.289648821163	2.0	trials	3.0	1.0	1.0	0.0	10000.0	1.0	False	0.0	0.0	0.0	[NaN, NaN, NaN, NaN, NaN, NaN, NaN, NaN, NaN, NaN, NaN, NaN, NaN, NaN, NaN, NaN, NaN, NaN, NaN, NaN]	0.0	0.0	0.0
2098.6262703473326	2.0	trials	3.0	1.0	1.0	0.0	10000.0	1.0	False	0.0	0.0	0.0	[NaN, NaN, NaN, NaN, NaN, NaN, NaN, NaN, NaN, NaN, NaN, NaN, NaN, NaN, NaN, NaN, NaN, NaN, NaN, NaN]	0.0	0.0	0.0
2109.429603566773	2.0	trials	3.0	1.0	1.0	0.0	10000.0	1.0	False	0.0	0.0	0.0	[NaN, NaN, NaN, NaN, NaN, NaN, NaN, NaN, NaN, NaN, NaN, NaN, NaN, NaN, NaN, NaN, NaN, NaN, NaN, NaN]	0.0	0.0	0.0
2117.8238536988756	2.0	trials	3.0	1.0	1.0	0.0	10000.0	1.0	False	0.0	0.0	0.0	[NaN, NaN, NaN, NaN, NaN, NaN, NaN, NaN, NaN, NaN, NaN, NaN, NaN, NaN, NaN, NaN, NaN, NaN, NaN, NaN]	0.0	0.0	0.0
2126.9137942882194	2.0	trials	3.0	1.0	1.0	0.0	10000.0	1.0	False	0.0	0.0	0.0	[NaN, NaN, NaN, NaN, NaN, NaN, NaN, NaN, NaN, NaN, NaN, NaN, NaN, NaN, NaN, NaN, NaN, NaN, NaN, NaN]	0.0	0.0	0.0
2134.2394528188374	2.0	trials	3.0	1.0	1.0	0.0	10000.0	1.0	False	0.0	0.0	0.0	[NaN, NaN, NaN, NaN, NaN, NaN, NaN, NaN, NaN, NaN, NaN, NaN, NaN, NaN, NaN, NaN, NaN, NaN, NaN, NaN]	0.0	0.0	0.0
2142.3059024548184	2.0	trials	3.0	1.0	1.0	0.0	10000.0	1.0	False	0.0	0.0	0.0	[NaN, NaN, NaN, NaN, NaN, NaN, NaN, NaN, NaN, NaN, NaN, NaN, NaN, NaN, NaN, NaN, NaN, NaN, NaN, NaN]	0.0	0.0	0.0
2148.5194239305924	2.0	trials	3.0	1.0	1.0	0.0	10000.0	1.0	False	0.0	0.0	0.0	[NaN, NaN, NaN, NaN, NaN, NaN, NaN, NaN, NaN, NaN, NaN, NaN, NaN, NaN, NaN, NaN, NaN, NaN, NaN, NaN]	0.0	0.0	0.0
2155.5816497483283	2.0	trials	3.0	1.0	1.0	0.0	10000.0	1.0	False	0.0	0.0	0.0	[NaN, NaN, NaN, NaN, NaN, NaN, NaN, NaN, NaN, NaN, NaN, NaN, NaN, NaN, NaN, NaN, NaN, NaN, NaN, NaN]	0.0	0.0	0.0
2162.446193031766	2.0	trials	3.0	1.0	1.0	0.0	10000.0	1.0	False	0.0	0.0	0.0	[NaN, NaN, NaN, NaN, NaN, NaN, NaN, NaN, NaN, NaN, NaN, NaN, NaN, NaN, NaN, NaN, NaN, NaN, NaN, NaN]	0.0	0.0	0.0
2171.6568340146473	2.0	trials	3.0	1.0	1.0	0.0	10000.0	1.0	False	0.0	0.0	0.0	[NaN, NaN, NaN, NaN, NaN, NaN, NaN, NaN, NaN, NaN, NaN, NaN, NaN, NaN, NaN, NaN, NaN, NaN, NaN, NaN]	0.0	0.0	0.0
2182.3233100949587	2.0	trials	3.0	1.0	1.0	0.0	10000.0	1.0	False	0.0	0.0	0.0	[NaN, NaN, NaN, NaN, NaN, NaN, NaN, NaN, NaN, NaN, NaN, NaN, NaN, NaN, NaN, NaN, NaN, NaN, NaN, NaN]	0.0	0.0	0.0
2193.2861371772988	2.0	trials	3.0	1.0	1.0	0.0	10000.0	1.0	False	0.0	0.0	0.0	[NaN, NaN, NaN, NaN, NaN, NaN, NaN, NaN, NaN, NaN, NaN, NaN, NaN, NaN, NaN, NaN, NaN, NaN, NaN, NaN]	0.0	0.0	0.0
2310.2096538337355	2.0	trials	4.0	1.0	1.0	1.0	0.0	1.0	False	0.0	0.0	0.0	[NaN, NaN, NaN, NaN, NaN, NaN, NaN, NaN, NaN, NaN, NaN, NaN, NaN, NaN, NaN, NaN, NaN, NaN, NaN, NaN]	1.0	0.02	5.0
2317.355168970992	2.0	trials	4.0	1.0	1.0	1.0	0.0	1.0	False	0.0	0.0	0.0	[NaN, NaN, NaN, NaN, NaN, NaN, NaN, NaN, NaN, NaN, NaN, NaN, NaN, NaN, NaN, NaN, NaN, NaN, NaN, NaN]	1.0	0.02	5.0
2324.8249422163	2.0	trials	4.0	1.0	1.0	1.0	0.0	1.0	False	0.0	0.0	0.0	[NaN, NaN, NaN, NaN, NaN, NaN, NaN, NaN, NaN, NaN, NaN, NaN, NaN, NaN, NaN, NaN, NaN, NaN, NaN, NaN]	1.0	0.02	5.0
2331.019023757538	2.0	trials	4.0	1.0	1.0	1.0	0.0	1.0	False	0.0	0.0	0.0	[NaN, NaN, NaN, NaN, NaN, NaN, NaN, NaN, NaN, NaN, NaN, NaN, NaN, NaN, NaN, NaN, NaN, NaN, NaN, NaN]	1.0	0.02	5.0
2339.680853788557	2.0	trials	4.0	1.0	1.0	1.0	0.0	1.0	False	0.0	0.0	0.0	[NaN, NaN, NaN, NaN, NaN, NaN, NaN, NaN, NaN, NaN, NaN, NaN, NaN, NaN, NaN, NaN, NaN, NaN, NaN, NaN]	1.0	0.02	5.0
2346.7312428461537	2.0	trials	4.0	1.0	1.0	1.0	0.0	1.0	False	0.0	0.0	0.0	[NaN, NaN, NaN, NaN, NaN, NaN, NaN, NaN, NaN, NaN, NaN, NaN, NaN, NaN, NaN, NaN, NaN, NaN, NaN, NaN]	1.0	0.02	5.0
2353.387217231954	2.0	trials	4.0	1.0	1.0	1.0	0.0	1.0	False	0.0	0.0	0.0	[NaN, NaN, NaN, NaN, NaN, NaN, NaN, NaN, NaN, NaN, NaN, NaN, NaN, NaN, NaN, NaN, NaN, NaN, NaN, NaN]	1.0	0.02	5.0
2362.5296888443977	2.0	trials	4.0	1.0	1.0	1.0	0.0	1.0	False	0.0	0.0	0.0	[NaN, NaN, NaN, NaN, NaN, NaN, NaN, NaN, NaN, NaN, NaN, NaN, NaN, NaN, NaN, NaN, NaN, NaN, NaN, NaN]	1.0	0.02	5.0
2372.6212612607146	2.0	trials	4.0	1.0	1.0	1.0	0.0	1.0	False	0.0	0.0	0.0	[NaN, NaN, NaN, NaN, NaN, NaN, NaN, NaN, NaN, NaN, NaN, NaN, NaN, NaN, NaN, NaN, NaN, NaN, NaN, NaN]	1.0	0.02	5.0
2383.1330818618335	2.0	trials	4.0	1.0	1.0	1.0	0.0	1.0	False	0.0	0.0	0.0	[NaN, NaN, NaN, NaN, NaN, NaN, NaN, NaN, NaN, NaN, NaN, NaN, NaN, NaN, NaN, NaN, NaN, NaN, NaN, NaN]	1.0	0.02	5.0
2390.8492670773408	2.0	trials	4.0	1.0	1.0	1.0	0.0	1.0	False	0.0	0.0	0.0	[NaN, NaN, NaN, NaN, NaN, NaN, NaN, NaN, NaN, NaN, NaN, NaN, NaN, NaN, NaN, NaN, NaN, NaN, NaN, NaN]	1.0	0.02	5.0
2399.3389888879396	2.0	trials	4.0	1.0	1.0	1.0	0.0	1.0	False	0.0	0.0	0.0	[NaN, NaN, NaN, NaN, NaN, NaN, NaN, NaN, NaN, NaN, NaN, NaN, NaN, NaN, NaN, NaN, NaN, NaN, NaN, NaN]	1.0	0.02	5.0
2410.1025782412194	2.0	trials	4.0	1.0	1.0	1.0	0.0	1.0	False	0.0	0.0	0.0	[NaN, NaN, NaN, NaN, NaN, NaN, NaN, NaN, NaN, NaN, NaN, NaN, NaN, NaN, NaN, NaN, NaN, NaN, NaN, NaN]	1.0	0.02	5.0
2420.5322327190347	2.0	trials	4.0	1.0	1.0	1.0	0.0	1.0	False	0.0	0.0	0.0	[NaN, NaN, NaN, NaN, NaN, NaN, NaN, NaN, NaN, NaN, NaN, NaN, NaN, NaN, NaN, NaN, NaN, NaN, NaN, NaN]	1.0	0.02	5.0
2428.0391578392323	2.0	trials	4.0	1.0	1.0	1.0	0.0	1.0	False	0.0	0.0	0.0	[NaN, NaN, NaN, NaN, NaN, NaN, NaN, NaN, NaN, NaN, NaN, NaN, NaN, NaN, NaN, NaN, NaN, NaN, NaN, NaN]	1.0	0.02	5.0
2437.9011662286134	2.0	trials	4.0	1.0	1.0	1.0	0.0	1.0	False	0.0	0.0	0.0	[NaN, NaN, NaN, NaN, NaN, NaN, NaN, NaN, NaN, NaN, NaN, NaN, NaN, NaN, NaN, NaN, NaN, NaN, NaN, NaN]	1.0	0.02	5.0
2445.5267181493314	2.0	trials	4.0	1.0	1.0	1.0	0.0	1.0	False	0.0	0.0	0.0	[NaN, NaN, NaN, NaN, NaN, NaN, NaN, NaN, NaN, NaN, NaN, NaN, NaN, NaN, NaN, NaN, NaN, NaN, NaN, NaN]	1.0	0.02	5.0
2451.9790484209093	2.0	trials	4.0	1.0	1.0	1.0	0.0	1.0	False	0.0	0.0	0.0	[NaN, NaN, NaN, NaN, NaN, NaN, NaN, NaN, NaN, NaN, NaN, NaN, NaN, NaN, NaN, NaN, NaN, NaN, NaN, NaN]	1.0	0.02	5.0
2459.2246144212413	2.0	trials	4.0	1.0	1.0	1.0	0.0	1.0	False	0.0	0.0	0.0	[NaN, NaN, NaN, NaN, NaN, NaN, NaN, NaN, NaN, NaN, NaN, NaN, NaN, NaN, NaN, NaN, NaN, NaN, NaN, NaN]	1.0	0.02	5.0
2469.340897154346	2.0	trials	4.0	1.0	1.0	1.0	0.0	1.0	False	0.0	0.0	0.0	[NaN, NaN, NaN, NaN, NaN, NaN, NaN, NaN, NaN, NaN, NaN, NaN, NaN, NaN, NaN, NaN, NaN, NaN, NaN, NaN]	1.0	0.02	5.0
2478.594133193787	2.0	trials	4.0	1.0	1.0	1.0	0.0	1.0	False	0.0	0.0	0.0	[NaN, NaN, NaN, NaN, NaN, NaN, NaN, NaN, NaN, NaN, NaN, NaN, NaN, NaN, NaN, NaN, NaN, NaN, NaN, NaN]	1.0	0.02	5.0
2487.3130734324855	2.0	trials	4.0	1.0	1.0	1.0	0.0	1.0	False	0.0	0.0	0.0	[NaN, NaN, NaN, NaN, NaN, NaN, NaN, NaN, NaN, NaN, NaN, NaN, NaN, NaN, NaN, NaN, NaN, NaN, NaN, NaN]	1.0	0.02	5.0
2494.21692858354	2.0	trials	4.0	1.0	1.0	1.0	0.0	1.0	False	0.0	0.0	0.0	[NaN, NaN, NaN, NaN, NaN, NaN, NaN, NaN, NaN, NaN, NaN, NaN, NaN, NaN, NaN, NaN, NaN, NaN, NaN, NaN]	1.0	0.02	5.0
2500.7270602604694	2.0	trials	4.0	1.0	1.0	1.0	0.0	1.0	False	0.0	0.0	0.0	[NaN, NaN, NaN, NaN, NaN, NaN, NaN, NaN, NaN, NaN, NaN, NaN, NaN, NaN, NaN, NaN, NaN, NaN, NaN, NaN]	1.0	0.02	5.0
2507.05869013851	2.0	trials	4.0	1.0	1.0	1.0	0.0	1.0	False	0.0	0.0	0.0	[NaN, NaN, NaN, NaN, NaN, NaN, NaN, NaN, NaN, NaN, NaN, NaN, NaN, NaN, NaN, NaN, NaN, NaN, NaN, NaN]	1.0	0.02	5.0
2513.4710173447993	2.0	trials	4.0	1.0	1.0	1.0	0.0	1.0	False	0.0	0.0	0.0	[NaN, NaN, NaN, NaN, NaN, NaN, NaN, NaN, NaN, NaN, NaN, NaN, NaN, NaN, NaN, NaN, NaN, NaN, NaN, NaN]	1.0	0.02	5.0
2520.792010291129	2.0	trials	4.0	1.0	1.0	1.0	0.0	1.0	False	0.0	0.0	0.0	[NaN, NaN, NaN, NaN, NaN, NaN, NaN, NaN, NaN, NaN, NaN, NaN, NaN, NaN, NaN, NaN, NaN, NaN, NaN, NaN]	1.0	0.02	5.0
2530.187633051078	2.0	trials	4.0	1.0	1.0	1.0	0.0	1.0	False	0.0	0.0	0.0	[NaN, NaN, NaN, NaN, NaN, NaN, NaN, NaN, NaN, NaN, NaN, NaN, NaN, NaN, NaN, NaN, NaN, NaN, NaN, NaN]	1.0	0.02	5.0
2540.669386553449	2.0	trials	4.0	1.0	1.0	1.0	0.0	1.0	False	0.0	0.0	0.0	[NaN, NaN, NaN, NaN, NaN, NaN, NaN, NaN, NaN, NaN, NaN, NaN, NaN, NaN, NaN, NaN, NaN, NaN, NaN, NaN]	1.0	0.02	5.0
2548.0445521173506	2.0	trials	4.0	1.0	1.0	1.0	0.0	1.0	False	0.0	0.0	0.0	[NaN, NaN, NaN, NaN, NaN, NaN, NaN, NaN, NaN, NaN, NaN, NaN, NaN, NaN, NaN, NaN, NaN, NaN, NaN, NaN]	1.0	0.02	5.0
2554.703032094713	2.0	trials	4.0	1.0	1.0	1.0	0.0	1.0	False	0.0	0.0	0.0	[NaN, NaN, NaN, NaN, NaN, NaN, NaN, NaN, NaN, NaN, NaN, NaN, NaN, NaN, NaN, NaN, NaN, NaN, NaN, NaN]	1.0	0.02	5.0
2565.425235987359	2.0	trials	4.0	1.0	1.0	1.0	0.0	1.0	False	0.0	0.0	0.0	[NaN, NaN, NaN, NaN, NaN, NaN, NaN, NaN, NaN, NaN, NaN, NaN, NaN, NaN, NaN, NaN, NaN, NaN, NaN, NaN]	1.0	0.02	5.0
2574.7610701486483	2.0	trials	4.0	1.0	1.0	1.0	0.0	1.0	False	0.0	0.0	0.0	[NaN, NaN, NaN, NaN, NaN, NaN, NaN, NaN, NaN, NaN, NaN, NaN, NaN, NaN, NaN, NaN, NaN, NaN, NaN, NaN]	1.0	0.02	5.0
2583.6227427066915	2.0	trials	4.0	1.0	1.0	1.0	0.0	1.0	False	0.0	0.0	0.0	[NaN, NaN, NaN, NaN, NaN, NaN, NaN, NaN, NaN, NaN, NaN, NaN, NaN, NaN, NaN, NaN, NaN, NaN, NaN, NaN]	1.0	0.02	5.0
2594.537185951966	2.0	trials	4.0	1.0	1.0	1.0	0.0	1.0	False	0.0	0.0	0.0	[NaN, NaN, NaN, NaN, NaN, NaN, NaN, NaN, NaN, NaN, NaN, NaN, NaN, NaN, NaN, NaN, NaN, NaN, NaN, NaN]	1.0	0.02	5.0
2605.607753471487	2.0	trials	4.0	1.0	1.0	1.0	0.0	1.0	False	0.0	0.0	0.0	[NaN, NaN, NaN, NaN, NaN, NaN, NaN, NaN, NaN, NaN, NaN, NaN, NaN, NaN, NaN, NaN, NaN, NaN, NaN, NaN]	1.0	0.02	5.0
2613.245055752635	2.0	trials	4.0	1.0	1.0	1.0	0.0	1.0	False	0.0	0.0	0.0	[NaN, NaN, NaN, NaN, NaN, NaN, NaN, NaN, NaN, NaN, NaN, NaN, NaN, NaN, NaN, NaN, NaN, NaN, NaN, NaN]	1.0	0.02	5.0
2622.287303702585	2.0	trials	4.0	1.0	1.0	1.0	0.0	1.0	False	0.0	0.0	0.0	[NaN, NaN, NaN, NaN, NaN, NaN, NaN, NaN, NaN, NaN, NaN, NaN, NaN, NaN, NaN, NaN, NaN, NaN, NaN, NaN]	1.0	0.02	5.0
2632.82305702311	2.0	trials	4.0	1.0	1.0	1.0	0.0	1.0	False	0.0	0.0	0.0	[NaN, NaN, NaN, NaN, NaN, NaN, NaN, NaN, NaN, NaN, NaN, NaN, NaN, NaN, NaN, NaN, NaN, NaN, NaN, NaN]	1.0	0.02	5.0
2639.723196986675	2.0	trials	4.0	1.0	1.0	1.0	0.0	1.0	False	0.0	0.0	0.0	[NaN, NaN, NaN, NaN, NaN, NaN, NaN, NaN, NaN, NaN, NaN, NaN, NaN, NaN, NaN, NaN, NaN, NaN, NaN, NaN]	1.0	0.02	5.0
2647.2623491983463	2.0	trials	4.0	1.0	1.0	1.0	0.0	1.0	False	0.0	0.0	0.0	[NaN, NaN, NaN, NaN, NaN, NaN, NaN, NaN, NaN, NaN, NaN, NaN, NaN, NaN, NaN, NaN, NaN, NaN, NaN, NaN]	1.0	0.02	5.0
2654.0633886956352	2.0	trials	4.0	1.0	1.0	1.0	0.0	1.0	False	0.0	0.0	0.0	[NaN, NaN, NaN, NaN, NaN, NaN, NaN, NaN, NaN, NaN, NaN, NaN, NaN, NaN, NaN, NaN, NaN, NaN, NaN, NaN]	1.0	0.02	5.0
2663.5152576661735	2.0	trials	4.0	1.0	1.0	1.0	0.0	1.0	False	0.0	0.0	0.0	[NaN, NaN, NaN, NaN, NaN, NaN, NaN, NaN, NaN, NaN, NaN, NaN, NaN, NaN, NaN, NaN, NaN, NaN, NaN, NaN]	1.0	0.02	5.0
2673.545745488195	2.0	trials	4.0	1.0	1.0	1.0	0.0	1.0	False	0.0	0.0	0.0	[NaN, NaN, NaN, NaN, NaN, NaN, NaN, NaN, NaN, NaN, NaN, NaN, NaN, NaN, NaN, NaN, NaN, NaN, NaN, NaN]	1.0	0.02	5.0
2682.726060173201	2.0	trials	4.0	1.0	1.0	1.0	0.0	1.0	False	0.0	0.0	0.0	[NaN, NaN, NaN, NaN, NaN, NaN, NaN, NaN, NaN, NaN, NaN, NaN, NaN, NaN, NaN, NaN, NaN, NaN, NaN, NaN]	1.0	0.02	5.0
2688.9051081650655	2.0	trials	4.0	1.0	1.0	1.0	0.0	1.0	False	0.0	0.0	0.0	[NaN, NaN, NaN, NaN, NaN, NaN, NaN, NaN, NaN, NaN, NaN, NaN, NaN, NaN, NaN, NaN, NaN, NaN, NaN, NaN]	1.0	0.02	5.0
2698.3314028217264	2.0	trials	4.0	1.0	1.0	1.0	0.0	1.0	False	0.0	0.0	0.0	[NaN, NaN, NaN, NaN, NaN, NaN, NaN, NaN, NaN, NaN, NaN, NaN, NaN, NaN, NaN, NaN, NaN, NaN, NaN, NaN]	1.0	0.02	5.0
2706.275856068534	2.0	trials	4.0	1.0	1.0	1.0	0.0	1.0	False	0.0	0.0	0.0	[NaN, NaN, NaN, NaN, NaN, NaN, NaN, NaN, NaN, NaN, NaN, NaN, NaN, NaN, NaN, NaN, NaN, NaN, NaN, NaN]	1.0	0.02	5.0
2714.0750714044348	2.0	trials	4.0	1.0	1.0	1.0	0.0	1.0	False	0.0	0.0	0.0	[NaN, NaN, NaN, NaN, NaN, NaN, NaN, NaN, NaN, NaN, NaN, NaN, NaN, NaN, NaN, NaN, NaN, NaN, NaN, NaN]	1.0	0.02	5.0
2722.2887461446307	2.0	trials	4.0	1.0	1.0	1.0	0.0	1.0	False	0.0	0.0	0.0	[NaN, NaN, NaN, NaN, NaN, NaN, NaN, NaN, NaN, NaN, NaN, NaN, NaN, NaN, NaN, NaN, NaN, NaN, NaN, NaN]	1.0	0.02	5.0
2795.510253168938	2.0	trials	5.0	0.0	0.0	0.0	0.0	0.0	True	40.0	0.0	0.005	[32363554.71748641, 32363843.716513198, 32364132.715539984, 32364423.714560032, 32364712.71358682, 32365002.712610237, 32365292.711633652, 32365581.71066044, 32365871.709683858, 32366160.70871064, 32366451.707730692, 32366740.706757475, 32367030.705780897, 32367319.704807676, 32367608.703834467, 32367898.702857878, 32368188.7018813, 32368478.700904712, 32368767.699931502, 32369056.698958285]	0.0	0.0	0.0
2805.0380674837284	2.0	trials	5.0	0.0	0.0	0.0	0.0	0.0	True	40.0	0.0	0.005	[32473829.34613248, 32474119.3451559, 32474409.344179314, 32474698.343206104, 32474988.34222952, 32475279.34124957, 32475567.340279724, 32475857.339303136, 32476146.338329922, 32476436.33735334, 32476727.336373392, 32477015.33540354, 32477306.33442359, 32477595.333450377, 32477885.332473796, 32478174.331500582, 32478464.330523994, 32478754.329547416, 32479044.328570835, 32479334.32759425]	0.0	0.0	0.0
2812.448397729212	2.0	trials	5.0	0.0	0.0	0.0	0.0	0.0	True	40.0	0.0	0.005	[32559598.05730314, 32559887.05632993, 32560177.05535334, 32560467.054376762, 32560757.053400174, 32561045.05243033, 32561336.05145038, 32561625.050477166, 32561915.049500585, 32562204.04852737, 32562495.04754742, 32562784.046574205, 32563073.045600988, 32563363.044624403, 32563653.043647826, 32563943.042671237, 32564232.041698024, 32564522.040721443, 32564811.03974823, 32565101.038771648]	0.0	0.0	0.0
2820.1462662064014	2.0	trials	5.0	0.0	0.0	0.0	0.0	0.0	True	40.0	0.0	0.005	[32648692.75727341, 32648982.75629683, 32649272.755320244, 32649562.754343662, 32649852.753367078, 32650141.75239386, 32650430.751420647, 32650720.750444066, 32651010.74946748, 32651299.74849427, 32651588.747521058, 32651878.74654447, 32652168.74556789, 32652458.744591307, 32652747.74361809, 32653037.742641512, 32653327.741664924, 32653617.740688346, 32653906.73971513, 32654196.738738544]	0.0	0.0	0.0
2826.284533535596	2.0	trials	5.0	0.0	0.0	0.0	0.0	0.0	True	40.0	0.0	0.005	[32719737.518027518, 32720028.51704757, 32720317.516074356, 32720606.515101146, 32720896.51412456, 32721186.513147973, 32721475.512174767, 32721764.51120155, 32722054.510224964, 32722344.509248383, 32722633.50827517, 32722923.50729858, 32723213.506322004, 32723503.50534542, 32723792.504372206, 32724082.503395624, 32724372.502419036, 32724661.50144583, 32724951.50046924, 32725240.499496028]	0.0	0.0	0.0
2836.1124140399043	2.0	trials	5.0	0.0	0.0	0.0	0.0	0.0	True	40.0	0.0	0.005	[32833487.134971436, 32833777.133994855, 32834066.133021638, 32834356.13204506, 32834645.13107184, 32834935.130095262, 32835224.129122045, 32835514.128145464, 32835804.12716888, 32836092.126199037, 32836384.12521572, 32836673.1242425, 32836963.12326592, 32837251.12229607, 32837541.121319488, 32837831.120342903, 32838121.119366325, 32838410.11839311, 32838700.117416523, 32838990.116439942]	0.0	0.0	0.0
2842.148470513297	2.0	trials	5.0	0.0	0.0	0.0	0.0	0.0	True	40.0	0.0	0.005	[32903347.899712697, 32903636.89873949, 32903927.89775953, 32904216.89678632, 32904507.895806372, 32904796.894833155, 32905085.89385994, 32905376.89287999, 32905664.891910143, 32905953.890936926, 32906243.88996035, 32906534.888980396, 32906824.888003815, 32907112.887033965, 32907403.886054017, 32907692.8850808, 32907983.88410085, 32908272.883127637, 32908561.88215442, 32908850.881181203]	0.0	0.0	0.0
2848.970332340466	2.0	trials	5.0	0.0	0.0	0.0	0.0	0.0	True	40.0	0.0	0.005	[32982305.63381958, 32982594.632846367, 32982883.631873153, 32983174.630893197, 32983462.629923355, 32983752.62894677, 32984042.62797019, 32984332.626993608, 32984622.626017023, 32984911.62504381, 32985201.624067225, 32985491.623090643, 32985781.62211406, 32986069.621144217, 32986360.62016426, 32986650.619187683, 32986939.618214462, 32987227.61724462, 32987518.616264667, 32987807.615291454]	0.0	0.0	0.0
2856.800133173369	2.0	trials	5.0	0.0	0.0	0.0	0.0	0.0	True	40.0	0.0	0.005	[33072927.328647636, 33073216.327674422, 33073506.32669784, 33073796.325721256, 33074086.324744675, 33074375.32377146, 33074666.32279151, 33074955.321818296, 33075245.32084171, 33075534.319868494, 33075823.31889528, 33076113.3179187, 33076403.316942114, 33076693.315965537, 33076983.31498895, 33077272.314015735, 33077561.313042525, 33077851.31206594, 33078140.311092723, 33078431.310112774]	0.0	0.0	0.0
2862.9921411215905	2.0	trials	5.0	0.0	0.0	0.0	0.0	0.0	True	40.0	0.0	0.005	[33144594.087307148, 33144884.086330567, 33145174.08535399, 33145463.08438077, 33145754.083400823, 33146042.082430974, 33146333.08145102, 33146622.080477804, 33146912.079501227, 33147202.078524638, 33147491.07755143, 33147780.07657821, 33148070.07560163, 33148359.07462841, 33148648.073655203, 33148939.07267525, 33149228.07170203, 33149518.070725452, 33149808.069748867, 33150097.068775658]	0.0	0.0	0.0
2872.293933797516	2.0	trials	5.0	0.0	0.0	0.0	0.0	0.0	True	40.0	0.0	0.005	[33252254.724755935, 33252543.723782714, 33252833.722806133, 33253123.72182955, 33253413.720852967, 33253701.719883118, 33253992.718903173, 33254281.71792995, 33254571.716953374, 33254861.715976786, 33255150.715003572, 33255440.71402699, 33255729.713053778, 33256020.71207383, 33256309.71110061, 33256598.710127395, 33256889.709147446, 33257178.708174232, 33257467.707201015, 33257756.7062278]	0.0	0.0	0.0
2879.276326284093	2.0	trials	5.0	0.0	0.0	0.0	0.0	0.0	True	40.0	0.0	0.005	[33333069.452609308, 33333358.451636102, 33333647.450662885, 33333938.449682932, 33334227.44870972, 33334516.447736505, 33334805.44676329, 33335096.44578334, 33335386.44480676, 33335676.443830173, 33335965.44285696, 33336254.441883743, 33336544.440907158, 33336834.439930577, 33337123.438957363, 33337414.437977415, 33337703.437004197, 33337993.43602762, 33338283.43505103, 33338572.434077818]	0.0	0.0	0.0
2886.530705054748	2.0	trials	5.0	0.0	0.0	0.0	0.0	0.0	True	40.0	0.0	0.005	[33417031.169865094, 33417323.168881778, 33417611.16791193, 33417901.166935343, 33418190.165962134, 33418481.164982177, 33418769.16401233, 33419058.163039118, 33419350.1620558, 33419638.161085952, 33419928.160109367, 33420217.159136157, 33420508.15815621, 33420797.15718299, 33421087.156206407, 33421377.155229826, 33421666.154256612, 33421956.153280023, 33422245.152306817, 33422535.15133023]	0.0	0.0	0.0
2894.3074564662966	2.0	trials	5.0	0.0	0.0	0.0	0.0	0.0	True	40.0	0.0	0.005	[33507040.866754074, 33507329.865780864, 33507618.864807643, 33507908.863831062, 33508198.862854484, 33508488.861877896, 33508778.86090132, 33509067.8599281, 33509357.858951516, 33509647.857974935, 33509935.85700509, 33510226.856025137, 33510514.85505529, 33510805.854075335, 33511095.853098758, 33511384.85212554, 33511674.85114896, 33511963.850175746, 33512253.84919916, 33512543.84822258]	0.0	0.0	0.0
2900.5541554303445	2.0	trials	5.0	0.0	0.0	0.0	0.0	0.0	True	40.0	0.0	0.005	[33579339.62328531, 33579630.62230536, 33579919.621332146, 33580208.62035893, 33580498.61938235, 33580787.618409134, 33581077.61743255, 33581367.61645597, 33581657.61547939, 33581946.61450617, 33582236.61352959, 33582526.612553, 33582815.61157979, 33583105.610603206, 33583394.609629996, 33583684.60865341, 33583974.60767683, 33584263.60670361, 33584553.60572703, 33584843.60475045]	0.0	0.0	0.0
2910.542134595515	2.0	trials	5.0	0.0	0.0	0.0	0.0	0.0	True	40.0	0.0	0.005	[33694942.2339892, 33695230.23301935, 33695521.2320394, 33695811.23106282, 33696099.23009297, 33696389.22911639, 33696680.22813644, 33696969.227163225, 33697259.22618665, 33697548.22521342, 33697838.224236846, 33698127.22326363, 33698416.22229041, 33698707.22131047, 33698997.22033388, 33699286.219360664, 33699575.218387455, 33699866.217407495, 33700155.216434285, 33700445.21545771]	0.0	0.0	0.0
2917.532562255034	2.0	trials	5.0	0.0	0.0	0.0	0.0	0.0	True	40.0	0.0	0.005	[33775848.96153277, 33776139.96055282, 33776427.95958297, 33776718.958603024, 33777006.957633175, 33777297.95665322, 33777586.95568001, 33777875.954706796, 33778165.95373022, 33778454.95275699, 33778744.951780416, 33779034.95080383, 33779324.949827254, 33779614.94885066, 33779903.94787745, 33780193.94690087, 33780483.94592429, 33780772.94495107, 33781061.94397786, 33781351.94300127]	0.0	0.0	0.0
2924.4688172969795	2.0	trials	5.0	0.0	0.0	0.0	0.0	0.0	True	40.0	0.0	0.005	[33856131.69117768, 33856420.690204464, 33856709.689231254, 33856999.68825466, 33857288.68728145, 33857578.68630487, 33857866.68533502, 33858158.684351705, 33858447.68337849, 33858737.6824019, 33859026.68142869, 33859317.68044875, 33859605.67947889, 33859895.678502314, 33860185.67752573, 33860474.67655252, 33860764.67557593, 33861054.67459935, 33861344.673622765, 33861632.67265292]	0.0	0.0	0.0
2933.7692275775603	2.0	trials	5.0	0.0	0.0	0.0	0.0	0.0	True	40.0	0.0	0.005	[33963773.32869044, 33964064.327710494, 33964352.326740645, 33964643.32576069, 33964933.324784115, 33965222.3238109, 33965512.32283432, 33965800.32186447, 33966090.320887886, 33966381.31990793, 33966670.318934724, 33966959.3179615, 33967250.316981554, 33967540.31600497, 33967828.31503513, 33968118.31405854, 33968408.31308196, 33968697.31210875, 33968987.31113216, 33969276.310158946]	0.0	0.0	0.0
2942.0245469775164	2.0	trials	5.0	0.0	0.0	0.0	0.0	0.0	True	40.0	0.0	0.005	[34059322.0069267, 34059611.00595348, 34059900.004980266, 34060190.00400369, 34060480.003027104, 34060770.00205052, 34061059.00107731, 34061349.00010072, 34061638.99912414, 34061928.99814756, 34062217.99717434, 34062507.99619776, 34062796.99522454, 34063086.994247966, 34063376.99327138, 34063664.99230153, 34063955.99132158, 34064244.99034837, 34064534.989371784, 34064823.98839857]	0.0	0.0	0.0
2948.5701025351555	2.0	trials	5.0	0.0	0.0	0.0	0.0	0.0	True	40.0	0.0	0.005	[34135080.7518063, 34135370.75082971, 34135659.749856494, 34135948.74888328, 34136239.74790333, 34136527.74693348, 34136818.74595353, 34137106.74498368, 34137396.7440071, 34137687.74302715, 34137975.7420573, 34138265.74108072, 34138555.74010414, 34138846.73912419, 34139134.738154344, 34139424.73717776, 34139713.73620454, 34140003.735227965, 34140293.73425138, 34140583.733274795]	0.0	0.0	0.0
2957.7207821199586	2.0	trials	5.0	0.0	0.0	0.0	0.0	0.0	True	40.0	0.0	0.005	[34240990.39515161, 34241279.3941784, 34241570.393198445, 34241859.39222523, 34242147.39125538, 34242438.39027543, 34242729.38929549, 34243018.38832227, 34243307.387349054, 34243597.38637247, 34243887.38539589, 34244177.38441931, 34244466.38344609, 34244754.38247624, 34245045.381496295, 34245334.38052307, 34245624.37954649, 34245914.378569916, 34246204.37759333, 34246494.376616746]	0.0	0.0	0.0
2963.4083885667674	2.0	trials	5.0	0.0	0.0	0.0	0.0	0.0	True	40.0	0.0	0.005	[34306819.173470736, 34307108.172497526, 34307399.17151758, 34307687.17054773, 34307978.16956778, 34308268.168591194, 34308554.16762808, 34308846.16664476, 34309136.16566818, 34309426.1646916, 34309715.16371839, 34310005.1627418, 34310295.161765225, 34310585.16078863, 34310875.159812056, 34311164.15883884, 34311453.15786563, 34311743.15688904, 34312032.15591583, 34312323.15493588]	0.0	0.0	0.0
2969.776911120571	2.0	trials	5.0	0.0	0.0	0.0	0.0	0.0	True	40.0	0.0	0.005	[34380529.92524703, 34380818.92427381, 34381108.923297234, 34381398.92232065, 34381686.9213508, 34381977.920370854, 34382267.91939426, 34382555.91842442, 34382846.91744447, 34383136.91646789, 34383424.91549804, 34383715.91451809, 34384005.91354151, 34384294.91256829, 34384584.91159171, 34384873.91061849, 34385163.909641914, 34385452.9086687, 34385742.90769212, 34386032.906715535]	0.0	0.0	0.0
2978.1508573210476	2.0	trials	5.0	0.0	0.0	0.0	0.0	0.0	True	40.0	0.0	0.005	[34477449.59886641, 34477740.59788646, 34478029.59691324, 34478318.59594002, 34478608.59496344, 34478897.59399023, 34479187.593013644, 34479477.59203707, 34479767.59106048, 34480057.5900839, 34480346.58911069, 34480636.5881341, 34480926.587157525, 34481214.58618767, 34481504.58521109, 34481794.584234506, 34482083.58326129, 34482373.58228471, 34482663.58130813, 34482952.58033491]	0.0	0.0	0.0
2986.8925206832255	2.0	trials	5.0	0.0	0.0	0.0	0.0	0.0	True	40.0	0.0	0.005	[34578626.25815022, 34578915.25717702, 34579205.256200425, 34579495.25522384, 34579785.25424726, 34580075.25327068, 34580364.25229747, 34580654.25132088, 34580944.2503443, 34581232.24937445, 34581522.24839787, 34581811.247424655, 34582102.24644471, 34582391.24547149, 34582681.24449491, 34582970.24352169, 34583260.24254511, 34583550.241568536, 34583840.24059194, 34584129.23961873]	0.0	0.0	0.0
2993.2762495858206	2.0	trials	5.0	0.0	0.0	0.0	0.0	0.0	True	40.0	0.0	0.005	[34652513.009333834, 34652802.00836062, 34653093.007380664, 34653381.006410815, 34653670.005437605, 34653960.00446102, 34654250.00348444, 34654540.00250785, 34654829.00153464, 34655118.00056142, 34655408.99958147, 34655697.99860826, 34655986.997635044, 34656276.99665846, 34656567.995678514, 34656856.9947053, 34657146.99372871, 34657435.9927555, 34657724.991782285, 34658014.9908057]	0.0	0.0	0.0
3001.1903765347533	2.0	trials	5.0	0.0	0.0	0.0	0.0	0.0	True	40.0	0.0	0.005	[34744111.70087182, 34744400.69989859, 34744689.69892538, 34744980.69794544, 34745270.696968846, 34745559.695995644, 34745848.69502242, 34746139.69404247, 34746428.69306926, 34746718.69209267, 34747007.691119455, 34747297.69014288, 34747586.68916966, 34747877.688189715, 34748165.687219866, 34748457.686236545, 34748746.685263336, 34749035.68429012, 34749324.683316894, 34749614.68234032]	0.0	0.0	0.0
3007.286567205642	2.0	trials	5.0	0.0	0.0	0.0	0.0	0.0	True	40.0	0.0	0.005	[34814667.46327265, 34814958.46229269, 34815248.461316116, 34815538.46033953, 34815827.459366314, 34816116.458393104, 34816405.45741989, 34816696.45643994, 34816985.455466725, 34817276.45448677, 34817564.45351692, 34817854.452540345, 34818144.45156375, 34818434.450587176, 34818723.44961396, 34819012.44864075, 34819302.447664164, 34819592.44668758, 34819881.44571436, 34820172.44473442]	0.0	0.0	0.0
3017.1687067272314	2.0	trials	5.0	0.0	0.0	0.0	0.0	0.0	True	40.0	0.0	0.005	[34929045.078101754, 34929335.07712518, 34929625.076148584, 34929914.075175375, 34930204.07419879, 34930494.073222205, 34930784.07224563, 34931073.07127241, 34931362.07029919, 34931653.06931925, 34931942.06834603, 34932231.067372814, 34932521.06639624, 34932811.06541965, 34933100.064446434, 34933390.06346985, 34933680.06249327, 34933969.061520055, 34934259.06054348, 34934549.0595669]	0.0	0.0	0.0
3022.8563995737495	2.0	trials	5.0	0.0	0.0	0.0	0.0	0.0	True	40.0	0.0	0.005	[34994874.856417514, 34995164.85544094, 34995454.85446435, 34995744.85348777, 34996033.85251455, 34996323.85153797, 34996612.850564755, 34996903.84958481, 34997193.848608226, 34997482.84763501, 34997771.84666179, 34998060.84568858, 34998350.844712, 34998641.84373205, 34998930.842758834, 34999219.84178561, 34999510.840805665, 34999799.839832455, 35000089.83885587, 35000379.837879285]	0.0	0.0	0.0
3032.9561799624266	2.0	trials	5.0	0.0	0.0	0.0	0.0	0.0	True	40.0	0.0	0.005	[35111770.46276719, 35112060.461790614, 35112350.46081404, 35112639.45984081, 35112929.458864234, 35113219.45788765, 35113510.456907704, 35113798.45593785, 35114087.45496464, 35114377.45398805, 35114667.453011476, 35114958.45203152, 35115247.451058306, 35115536.45008509, 35115825.44911188, 35116116.44813193, 35116405.44715871, 35116694.44618549, 35116983.44521228, 35117274.44423233]	0.0	0.0	0.0
3042.854476229607	2.0	trials	5.0	0.0	0.0	0.0	0.0	0.0	True	40.0	0.0	0.005	[35226333.076973304, 35226623.07599673, 35226913.07502014, 35227204.07404019, 35227494.07306361, 35227782.07209377, 35228073.07111381, 35228362.07014059, 35228651.06916739, 35228940.068194166, 35229231.06721422, 35229520.066241, 35229810.06526442, 35230101.06428447, 35230389.063314624, 35230678.06234141, 35230969.06136146, 35231258.060388245, 35231547.05941503, 35231838.05843508]	0.0	0.0	0.0
3049.8923373293915	2.0	trials	5.0	0.0	0.0	0.0	0.0	0.0	True	40.0	0.0	0.005	[35307791.80265801, 35308080.80168479, 35308369.80071157, 35308659.799734995, 35308950.79875504, 35309239.79778183, 35309528.796808615, 35309819.79582866, 35310107.79485882, 35310396.7938856, 35310687.79290565, 35310976.79193244, 35311266.79095585, 35311556.78997927, 35311845.789006054, 35312136.78802611, 35312424.78705625, 35312714.786079675, 35313004.78510309, 35313294.78412651]	0.0	0.0	0.0
3059.722723425262	2.0	trials	5.0	0.0	0.0	0.0	0.0	0.0	True	40.0	0.0	0.005	[35421568.419511, 35421857.41853778, 35422147.4175612, 35422437.41658462, 35422726.4156114, 35423016.41463482, 35423306.41365824, 35423595.41268502, 35423886.41170507, 35424175.41073186, 35424465.409755275, 35424755.40877869, 35425044.40780547, 35425333.40683226, 35425624.40585231, 35425912.40488247, 35426202.40390588, 35426492.4029293, 35426782.401952714, 35427072.40097614]	0.0	0.0	0.0
3068.481321130413	2.0	trials	5.0	0.0	0.0	0.0	0.0	0.0	True	40.0	0.0	0.005	[35522941.07813478, 35523230.077161565, 35523521.07618161, 35523811.075205036, 35524099.074235186, 35524390.07325523, 35524678.07228539, 35524969.07130544, 35525258.07033222, 35525548.06935564, 35525837.06838243, 35526128.06740248, 35526416.06643263, 35526706.06545604, 35526995.06448283, 35527286.063502885, 35527575.06252966, 35527864.06155645, 35528153.06058324, 35528444.05960329]	0.0	0.0	0.0
3074.3089815055864	2.0	trials	5.0	0.0	0.0	0.0	0.0	0.0	True	40.0	0.0	0.005	[35590391.85099178, 35590680.85001857, 35590970.84904198, 35591261.84806204, 35591548.84709556, 35591840.84611224, 35592128.84514239, 35592418.84416581, 35592708.843189225, 35592998.84221264, 35593287.84123943, 35593577.840262845, 35593866.83928963, 35594156.83831305, 35594446.837336466, 35594735.83636325, 35595026.8353833, 35595314.834413454, 35595604.83343688, 35595895.832456924]	0.0	0.0	0.0
3083.6116381786023	2.0	trials	5.0	0.0	0.0	0.0	0.0	0.0	True	40.0	0.0	0.005	[35698060.488413624, 35698350.48743704, 35698640.486460455, 35698930.48548388, 35699219.48451066, 35699509.483534075, 35699799.4825575, 35700088.48158428, 35700377.48061106, 35700668.47963112, 35700958.478654526, 35701246.477684684, 35701536.4767081, 35701826.47573152, 35702116.474754944, 35702405.47378173, 35702695.47280514, 35702985.47182856, 35703274.47085535, 35703564.469878756]	0.0	0.0	0.0
3091.154678377181	2.0	trials	5.0	0.0	0.0	0.0	0.0	0.0	True	40.0	0.0	0.005	[35785365.19441176, 35785653.19344192, 35785944.19246197, 35786232.191492125, 35786522.19051553, 35786812.189538956, 35787102.18856237, 35787393.18758242, 35787681.186612576, 35787971.18563599, 35788261.184659414, 35788551.18368282, 35788839.18271298, 35789129.181736395, 35789418.18076318, 35789709.179783225, 35789998.178810015, 35790288.17783343, 35790578.176856846, 35790867.175883636]	0.0	0.0	0.0
3100.592723394271	2.0	trials	5.0	0.0	0.0	0.0	0.0	0.0	True	40.0	0.0	0.005	[35894602.826549955, 35894891.82557674, 35895180.82460353, 35895470.82362694, 35895759.822653726, 35896049.82167714, 35896339.82070056, 35896629.81972398, 35896918.81875077, 35897207.81777755, 35897497.81680097, 35897786.81582775, 35898077.8148478, 35898366.81387459, 35898655.81290137, 35898945.81192479, 35899234.810951576, 35899525.80997162, 35899814.808998406, 35900104.80802183]	0.0	0.0	0.0
3108.1345539969234	2.0	trials	5.0	0.0	0.0	0.0	0.0	0.0	True	40.0	0.0	0.005	[35981891.532601975, 35982181.5316254, 35982470.53065217, 35982760.529675595, 35983048.528705746, 35983339.5277258, 35983629.526749216, 35983917.52577937, 35984207.52480279, 35984497.523826204, 35984787.52284963, 35985076.5218764, 35985366.520899825, 35985655.51992661, 35985946.518946655, 35986235.51797344, 35986525.51699686, 35986814.51602364, 35987104.515047066, 35987393.51407385]	0.0	0.0	0.0
3113.953315202065	2.0	trials	5.0	0.0	0.0	0.0	0.0	0.0	True	40.0	0.0	0.005	[36049239.30580583, 36049527.30483598, 36049818.30385603, 36050106.30288618, 36050396.3019096, 36050686.300933026, 36050976.29995644, 36051265.29898323, 36051555.29800664, 36051844.29703343, 36052133.29606021, 36052424.29508027, 36052713.29410705, 36053003.293130465, 36053293.29215388, 36053582.29118067, 36053873.29020072, 36054162.2892275, 36054452.28825092, 36054741.2872777]	0.0	0.0	0.0
3123.278522199141	2.0	trials	5.0	0.0	0.0	0.0	0.0	0.0	True	40.0	0.0	0.005	[36157167.942352116, 36157456.9413789, 36157747.940398954, 36158036.93942574, 36158325.93845252, 36158616.937472574, 36158906.93649599, 36159194.93552614, 36159485.93454619, 36159773.93357634, 36160064.93259639, 36160354.93161981, 36160643.93064659, 36160933.92967001, 36161223.92869343, 36161511.92772359, 36161801.926747, 36162091.92577042, 36162382.92479047, 36162671.923817255]	0.0	0.0	0.0
3130.790372102754	2.0	trials	5.0	0.0	0.0	0.0	0.0	0.0	True	40.0	0.0	0.005	[36244111.64956593, 36244399.648596086, 36244690.64761613, 36244978.64664629, 36245268.6456697, 36245558.64469312, 36245848.643716544, 36246138.64273996, 36246427.64176674, 36246717.64079016, 36247007.63981358, 36247297.638836995, 36247586.637863785, 36247876.63688719, 36248165.63591398, 36248455.6349374, 36248745.63396081, 36249034.632987596, 36249324.63201102, 36249614.63103444]	0.0	0.0	0.0
3138.086827531715	2.0	trials	5.0	0.0	0.0	0.0	0.0	0.0	True	40.0	0.0	0.005	[36328560.36518173, 36328851.36420178, 36329140.36322856, 36329430.36225198, 36329719.36127876, 36330009.36030218, 36330299.359325595, 36330588.358352385, 36330876.357382536, 36331168.356399216, 36331457.355426006, 36331746.35445279, 36332037.353472844, 36332325.35250299, 36332616.35152304, 36332905.350549825, 36333195.34957325, 36333483.3486034, 36333774.347623445, 36334062.346653596]	0.0	0.0	0.0
3144.6454294454197	2.0	trials	5.0	0.0	0.0	0.0	0.0	0.0	True	40.0	0.0	0.005	[36404471.109549455, 36404761.10857287, 36405049.10760303, 36405340.106623076, 36405630.1056465, 36405920.10466991, 36406209.1036967, 36406498.10272348, 36406788.1017469, 36407077.100773685, 36407367.0997971, 36407656.09882389, 36407947.09784394, 36408236.09687072, 36408527.09589077, 36408815.094920926, 36409105.09394435, 36409395.09296776, 36409684.09199455, 36409974.09101797]	0.0	0.0	0.0
3153.851059245176	2.0	trials	5.0	0.0	0.0	0.0	0.0	0.0	True	40.0	0.0	0.005	[36511016.75075303, 36511306.749776445, 36511596.74879987, 36511885.74782665, 36512175.746850066, 36512465.74587349, 36512754.74490027, 36513042.74393042, 36513333.74295047, 36513623.74197389, 36513913.74099731, 36514203.74002073, 36514492.73904751, 36514781.738074295, 36515072.73709434, 36515360.73612449, 36515651.73514455, 36515939.7341747, 36516229.733198114, 36516519.73222154]	0.0	0.0	0.0
3163.130560796167	2.0	trials	5.0	0.0	0.0	0.0	0.0	0.0	True	40.0	0.0	0.005	[36618418.389074005, 36618708.38809741, 36618997.3871242, 36619288.38614425, 36619577.38517103, 36619866.38419782, 36620155.38322461, 36620446.382244654, 36620736.38126808, 36621025.38029486, 36621315.37931828, 36621605.3783417, 36621893.37737185, 36622184.3763919, 36622474.37541531, 36622762.37444547, 36623052.37346888, 36623342.372492306, 36623633.37151235, 36623921.370542504]	0.0	0.0	0.0
3169.7668360483053	2.0	trials	5.0	0.0	0.0	0.0	0.0	0.0	True	40.0	0.0	0.005	[36695228.13041432, 36695518.129437745, 36695808.12846116, 36696098.12748458, 36696387.126511365, 36696676.12553815, 36696966.12456157, 36697256.12358498, 36697546.1226084, 36697835.12163518, 36698123.12066534, 36698414.11968538, 36698704.118708804, 36698993.11773559, 36699283.11675901, 36699573.115782425, 36699863.11480584, 36700151.11383599, 36700442.112856045, 36700731.11188283]	0.0	0.0	0.0
3175.7905373633043	2.0	trials	5.0	0.0	0.0	0.0	0.0	0.0	True	40.0	0.0	0.005	[36764946.89563378, 36765235.89466056, 36765525.893683985, 36765814.89271077, 36766104.89173418, 36766394.890757605, 36766684.88978101, 36766973.8888078, 36767263.88783122, 36767553.88685463, 36767842.885881424, 36768132.88490484, 36768422.883928254, 36768712.88295168, 36769002.88197509, 36769292.88099851, 36769580.880028665, 36769871.87904872, 36770161.87807213, 36770449.87710228]	0.0	0.0	0.0
3197.130747099487	2.0	trials	6.0	0.0	0.0	0.0	0.0	0.0	True	40.0	0.0	0.005	[37011940.06387506, 37012229.06290184, 37012519.061925255, 37012809.06094867, 37013098.05997546, 37013388.058998875, 37013677.058025666, 37013967.05704907, 37014257.056072496, 37014547.05509592, 37014835.05412607, 37015126.05314612, 37015415.0521729, 37015705.05119632, 37015994.050223105, 37016284.04924652, 37016575.04826657, 37016864.04729336, 37017153.04632014, 37017443.04534356]	0.0	0.0	0.0
3203.6167732575927	2.0	trials	6.0	0.0	0.0	0.0	0.0	0.0	True	40.0	0.0	0.005	[37087009.81107488, 37087299.81009829, 37087588.80912508, 37087877.80815186, 37088167.807175286, 37088457.806198694, 37088746.805225484, 37089036.8042489, 37089326.80327232, 37089615.802299105, 37089906.80131915, 37090195.80034594, 37090484.799372725, 37090775.79839278, 37091064.797419555, 37091353.796446346, 37091644.79546639, 37091932.79449655, 37092222.79351996, 37092512.79254338]	0.0	0.0	0.0
3211.194459739499	2.0	trials	6.0	0.0	0.0	0.0	0.0	0.0	True	40.0	0.0	0.005	[37174714.51572601, 37175004.51474942, 37175293.513776205, 37175583.51279963, 37175873.51182304, 37176162.51084983, 37176452.50987324, 37176741.50890003, 37177030.507926814, 37177321.50694686, 37177610.505973645, 37177900.50499707, 37178190.50402049, 37178479.503047265, 37178768.502074055, 37179058.50109747, 37179348.500120886, 37179637.499147676, 37179928.49816772, 37180216.497197874]	0.0	0.0	0.0
3221.118935118521	2.0	trials	6.0	0.0	0.0	0.0	0.0	0.0	True	40.0	0.0	0.005	[37289581.128908396, 37289870.12793518, 37290160.126958594, 37290449.125985384, 37290740.125005424, 37291029.12403222, 37291319.12305563, 37291608.12208242, 37291898.121105835, 37292187.120132625, 37292477.11915603, 37292767.118179455, 37293057.11720287, 37293345.11623302, 37293636.115253076, 37293926.11427649, 37294215.11330328, 37294504.112330064, 37294794.11135348, 37295083.11038026]	0.0	0.0	0.0
3227.700605754542	2.0	trials	6.0	0.0	0.0	0.0	0.0	0.0	True	40.0	0.0	0.005	[37365757.87238037, 37366046.87140715, 37366336.87043057, 37366626.86945398, 37366915.86848077, 37367205.86750418, 37367494.86653097, 37367784.865554385, 37368074.86457781, 37368363.86360459, 37368653.862628005, 37368942.86165479, 37369233.86067484, 37369522.859701626, 37369811.85872841, 37370101.85775183, 37370391.85677525, 37370681.85579867, 37370970.854825445, 37371260.85384887]	0.0	0.0	0.0
3234.5166788012043	2.0	trials	6.0	0.0	0.0	0.0	0.0	0.0	True	40.0	0.0	0.005	[37444647.60671624, 37444936.60574302, 37445227.604763076, 37445516.60378985, 37445805.60281664, 37446094.601843424, 37446385.60086347, 37446673.59989363, 37446964.59891368, 37447254.5979371, 37447543.596963875, 37447833.5959873, 37448123.59501071, 37448412.5940375, 37448701.59306428, 37448992.59208433, 37449280.591114484, 37449571.59013454, 37449861.589157954, 37450151.58818137]	0.0	0.0	0.0
3240.3068417026516	2.0	trials	6.0	0.0	0.0	0.0	0.0	0.0	True	40.0	0.0	0.005	[37511662.38104148, 37511952.38006489, 37512242.37908831, 37512532.378111735, 37512822.37713515, 37513111.37616193, 37513401.37518535, 37513690.37421213, 37513980.37323555, 37514270.37225897, 37514559.37128575, 37514849.370309174, 37515138.36933596, 37515428.36835938, 37515718.367382795, 37516008.36640621, 37516298.365429625, 37516587.36445641, 37516876.3634832, 37517166.36250661]	0.0	0.0	0.0
3247.470846377644	2.0	trials	6.0	0.0	0.0	0.0	0.0	0.0	True	40.0	0.0	0.005	[37594579.10181632, 37594869.10083974, 37595160.09985979, 37595449.09888657, 37595739.097909994, 37596028.09693678, 37596318.09596019, 37596608.09498361, 37596897.0940104, 37597186.09303718, 37597476.0920606, 37597767.09108065, 37598056.09010743, 37598345.08913422, 37598635.08815764, 37598924.087184414, 37599215.08620447, 37599503.08523462, 37599793.08425804, 37600083.08328146]	0.0	0.0	0.0
3256.698940101752	2.0	trials	6.0	0.0	0.0	0.0	0.0	0.0	True	40.0	0.0	0.005	[37701386.7421376, 37701675.741164386, 37701965.74018781, 37702254.73921459, 37702544.73823801, 37702834.73726142, 37703124.73628484, 37703413.73531163, 37703703.73433504, 37703992.733361825, 37704282.73238525, 37704572.73140866, 37704861.730435446, 37705150.72946223, 37705440.72848565, 37705731.727505706, 37706019.72653586, 37706309.72555927, 37706599.72458269, 37706889.72360611]	0.0	0.0	0.0
3263.2446684588094	2.0	trials	6.0	0.0	0.0	0.0	0.0	0.0	True	40.0	0.0	0.005	[37777146.48701383, 37777436.48603725, 37777726.48506066, 37778016.484084085, 37778306.48310751, 37778594.48213766, 37778885.481157705, 37779174.48018449, 37779464.4792079, 37779753.478234686, 37780043.47725811, 37780333.47628152, 37780623.47530494, 37780912.47433173, 37781202.473355144, 37781491.47238193, 37781781.47140535, 37782070.47043213, 37782360.46945555, 37782649.46848234]	0.0	0.0	0.0
3271.1695953713725	2.0	trials	6.0	0.0	0.0	0.0	0.0	0.0	True	40.0	0.0	0.005	[37868870.17813087, 37869159.177157655, 37869449.17618108, 37869739.17520449, 37870028.174231276, 37870319.17325132, 37870608.17227811, 37870897.1713049, 37871187.17032832, 37871477.16935173, 37871767.16837515, 37872056.16740193, 37872346.16642535, 37872636.16544877, 37872926.164472185, 37873214.163502336, 37873505.16252239, 37873795.161545806, 37874084.16057259, 37874374.15959601]	0.0	0.0	0.0
3280.464476070574	2.0	trials	6.0	0.0	0.0	0.0	0.0	0.0	True	40.0	0.0	0.005	[37976450.81584905, 37976740.81487247, 37977029.81389926, 37977319.81292267, 37977608.81194946, 37977898.81097288, 37978188.80999629, 37978477.80902308, 37978767.8080465, 37979057.80706992, 37979347.80609333, 37979636.80512012, 37979926.80414353, 37980215.80317032, 37980505.80219373, 37980795.80121715, 37981084.80024394, 37981373.79927073, 37981663.79829414, 37981953.79731756]	0.0	0.0	0.0
3285.793523724841	2.0	trials	6.0	0.0	0.0	0.0	0.0	0.0	True	40.0	0.0	0.005	[38038128.60814678, 38038418.6071702, 38038708.606193624, 38038997.6052204, 38039287.60424382, 38039577.60326724, 38039867.60229066, 38040156.60131744, 38040446.60034086, 38040735.59936764, 38041025.59839106, 38041314.59741785, 38041604.59644127, 38041894.595464684, 38042183.59449147, 38042473.59351489, 38042762.59254167, 38043052.59156509, 38043342.5905885, 38043631.58961529]	0.0	0.0	0.0
3295.1233963062064	2.0	trials	6.0	0.0	0.0	0.0	0.0	0.0	True	40.0	0.0	0.005	[38146113.24450448, 38146403.243527904, 38146692.24255469, 38146982.2415781, 38147272.240601525, 38147562.23962494, 38147852.23864836, 38148141.237675145, 38148430.23670193, 38148720.23572534, 38149009.23475213, 38149299.23377555, 38149588.23280233, 38149878.231825754, 38150168.23084917, 38150457.22987595, 38150748.228896, 38151038.22791942, 38151326.22694957, 38151616.225972995]	0.0	0.0	0.0
3304.2308760364863	2.0	trials	6.0	0.0	0.0	0.0	0.0	0.0	True	40.0	0.0	0.005	[38251524.88952683, 38251813.88855361, 38252102.88758041, 38252392.88660382, 38252682.88562724, 38252972.884650655, 38253261.88367744, 38253551.88270085, 38253840.88172764, 38254130.88075106, 38254419.87977784, 38254708.87880463, 38254998.87782805, 38255289.8768481, 38255578.875874884, 38255868.8748983, 38256158.873921715, 38256448.87294513, 38256736.87197528, 38257027.870995335]	0.0	0.0	0.0
3310.7335773384384	2.0	trials	6.0	0.0	0.0	0.0	0.0	0.0	True	40.0	0.0	0.005	[38326787.63607672, 38327076.6351035, 38327366.634126924, 38327655.63315371, 38327946.63217376, 38328235.631200545, 38328525.63022397, 38328814.62925075, 38329104.628274165, 38329394.62729758, 38329683.62632437, 38329973.62534778, 38330262.62437457, 38330551.62340135, 38330841.622424774, 38331131.62144819, 38331421.620471604, 38331711.61949502, 38332000.61852181, 38332290.617545225]	0.0	0.0	0.0
3317.9946952863984	2.0	trials	6.0	0.0	0.0	0.0	0.0	0.0	True	40.0	0.0	0.005	[38410828.35306647, 38411118.35208988, 38411406.35112003, 38411696.350143455, 38411987.3491635, 38412276.348190285, 38412565.347217076, 38412855.34624049, 38413146.34526054, 38413435.34428732, 38413724.34331411, 38414013.342340894, 38414303.34136431, 38414592.34039109, 38414882.339414515, 38415172.33843793, 38415462.33746135, 38415752.33648477, 38416041.33551156, 38416331.33453497]	0.0	0.0	0.0
3326.454781996794	2.0	trials	6.0	0.0	0.0	0.0	0.0	0.0	True	40.0	0.0	0.005	[38508745.02332842, 38509035.02235183, 38509324.02137863, 38509614.02040204, 38509904.01942545, 38510194.018448874, 38510483.01747566, 38510772.01650244, 38511062.01552586, 38511352.01454928, 38511641.01357606, 38511932.012596115, 38512220.011626266, 38512510.01064969, 38512799.00967647, 38513090.00869652, 38513379.0077233, 38513669.006746724, 38513959.00577014, 38514249.004793555]	0.0	0.0	0.0
3332.991092785566	2.0	trials	6.0	0.0	0.0	0.0	0.0	0.0	True	40.0	0.0	0.005	[38584398.76856161, 38584687.76758839, 38584976.766615175, 38585265.76564196, 38585556.76466201, 38585844.76369216, 38586135.76271222, 38586425.761735626, 38586714.760762416, 38587004.75978583, 38587293.75881262, 38587583.75783603, 38587873.75685945, 38588163.75588287, 38588452.75490966, 38588742.75393307, 38589030.75296323, 38589321.75198328, 38589611.75100669, 38589900.750033475]	0.0	0.0	0.0
3339.6071505057866	2.0	trials	6.0	0.0	0.0	0.0	0.0	0.0	True	40.0	0.0	0.005	[38660970.51070341, 38661261.509723455, 38661551.50874688, 38661841.507770285, 38662130.506797075, 38662420.50582049, 38662709.50484727, 38662998.503874056, 38663289.50289411, 38663579.501917526, 38663868.50094432, 38664157.4999711, 38664447.498994514, 38664737.49801793, 38665026.49704472, 38665316.49606813, 38665606.49509155, 38665895.49411833, 38666185.49314175, 38666474.49216854]	0.0	0.0	0.0
3347.186996980419	2.0	trials	6.0	0.0	0.0	0.0	0.0	0.0	True	40.0	0.0	0.005	[38748702.21526361, 38748992.21428703, 38749280.21331718, 38749571.212337226, 38749860.211364016, 38750150.21038743, 38750440.209410846, 38750729.20843764, 38751019.20746105, 38751309.20648447, 38751598.20551126, 38751888.204534665, 38752177.203561455, 38752466.202588245, 38752756.20161166, 38753046.20063507, 38753336.19965849, 38753625.19868528, 38753915.197708696, 38754205.19673211]	0.0	0.0	0.0
3355.4530299442968	2.0	trials	6.0	0.0	0.0	0.0	0.0	0.0	True	40.0	0.0	0.005	[38844372.893089026, 38844662.89211244, 38844952.891135864, 38845241.89016265, 38845531.88918607, 38845821.88820948, 38846110.88723627, 38846400.88625968, 38846690.8852831, 38846979.88430988, 38847269.8833333, 38847559.88235672, 38847849.88138014, 38848137.88041029, 38848427.87943371, 38848717.87845713, 38849007.877480544, 38849296.87650733, 38849586.87553075, 38849875.87455753]	0.0	0.0	0.0
3361.831315665222	2.0	trials	6.0	0.0	0.0	0.0	0.0	0.0	True	40.0	0.0	0.005	[38918196.64448479, 38918485.64351156, 38918774.642538354, 38919065.64155841, 38919354.64058519, 38919644.639608614, 38919934.63863202, 38920223.63765881, 38920513.63668223, 38920802.63570901, 38921092.634732425, 38921381.633759215, 38921672.63277926, 38921960.63180941, 38922250.630832836, 38922540.62985625, 38922830.628879674, 38923120.62790308, 38923409.62692987, 38923699.62595329]	0.0	0.0	0.0
3371.149092287321	2.0	trials	6.0	0.0	0.0	0.0	0.0	0.0	True	40.0	0.0	0.005	[39026040.28131731, 39026331.280337356, 39026620.27936414, 39026910.27838756, 39027199.277414344, 39027489.27643776, 39027778.27546454, 39028068.274487965, 39028357.27351475, 39028647.27253816, 39028936.27156495, 39029227.270585, 39029517.26960842, 39029806.268635206, 39030095.26766199, 39030385.26668541, 39030675.26570883, 39030965.26473224, 39031254.26375903, 39031544.26278244]	0.0	0.0	0.0
3379.758823293784	2.0	trials	6.0	0.0	0.0	0.0	0.0	0.0	True	40.0	0.0	0.005	[39125690.94573998, 39125979.94476675, 39126268.943793535, 39126558.94281696, 39126848.94184038, 39127137.940867156, 39127427.93989058, 39127717.93891399, 39128006.937940784, 39128295.93696757, 39128585.93599098, 39128875.935014404, 39129165.93403782, 39129454.9330646, 39129744.932088025, 39130034.93111143, 39130324.930134855, 39130613.929161645, 39130902.92818843, 39131193.927208476]	0.0	0.0	0.0
3387.534883507661	2.0	trials	6.0	0.0	0.0	0.0	0.0	0.0	True	40.0	0.0	0.005	[39215690.64266263, 39215980.641686045, 39216270.64070946, 39216560.63973288, 39216849.638759665, 39217139.63778309, 39217428.63680986, 39217719.63582992, 39218008.63485671, 39218297.63388349, 39218587.63290691, 39218876.63193369, 39219167.63095374, 39219455.62998389, 39219746.62900394, 39220035.628030725, 39220324.627057515, 39220614.62608093, 39220905.62510098, 39221194.62412777]	0.0	0.0	0.0
3395.7730093655173	2.0	trials	6.0	0.0	0.0	0.0	0.0	0.0	True	40.0	0.0	0.005	[39311040.32156902, 39311330.32059244, 39311620.319615856, 39311908.31864601, 39312199.31766606, 39312488.316692844, 39312778.31571627, 39313067.31474304, 39313356.31376983, 39313646.31279325, 39313936.31181667, 39314227.31083672, 39314515.30986687, 39314805.30889029, 39315095.307913706, 39315384.30694049, 39315674.3059639, 39315963.304990694, 39316253.30401411, 39316543.303037524]	0.0	0.0	0.0
3405.8374522731942	2.0	trials	6.0	0.0	0.0	0.0	0.0	0.0	True	40.0	0.0	0.005	[39427526.92929602, 39427814.92832617, 39428104.92734959, 39428393.926376365, 39428683.92539979, 39428974.924419835, 39429263.923446625, 39429553.92247004, 39429843.92149346, 39430132.920520246, 39430421.91954703, 39430711.918570444, 39431001.91759387, 39431290.91662065, 39431580.915644065, 39431869.914670855, 39432159.91369427, 39432449.912717685, 39432738.911744475, 39433028.91076789]	0.0	0.0	0.0
3414.8118764515425	2.0	trials	6.0	0.0	0.0	0.0	0.0	0.0	True	40.0	0.0	0.005	[39531396.57951109, 39531686.578534506, 39531975.57756129, 39532265.57658471, 39532554.575611494, 39532844.57463491, 39533135.57365496, 39533424.57268174, 39533714.57170516, 39534002.57073531, 39534292.569758736, 39534582.56878215, 39534872.567805566, 39535162.56682899, 39535452.5658524, 39535741.56487919, 39536030.56390597, 39536320.56292939, 39536610.56195281, 39536899.56097959]	0.0	0.0	0.0
3423.9970295202556	2.0	trials	6.0	0.0	0.0	0.0	0.0	0.0	True	40.0	0.0	0.005	[39637707.22150603, 39637996.22053282, 39638285.2195596, 39638575.21858302, 39638865.21760643, 39639154.21663322, 39639444.21565663, 39639734.21468005, 39640023.213706836, 39640313.21273026, 39640602.21175704, 39640893.21077709, 39641182.20980387, 39641471.20883066, 39641761.20785408, 39642051.2068775, 39642340.20590428, 39642630.2049277, 39642919.20395448, 39643209.2029779]	0.0	0.0	0.0
3433.867591480832	2.0	trials	6.0	0.0	0.0	0.0	0.0	0.0	True	40.0	0.0	0.005	[39751949.83678975, 39752238.83581653, 39752528.834839955, 39752818.83386338, 39753107.83289015, 39753397.831913576, 39753686.83094036, 39753976.82996378, 39754266.828987196, 39754556.82801062, 39754844.82704076, 39755134.826064184, 39755424.8250876, 39755714.82411102, 39756004.82313443, 39756293.82216122, 39756583.821184635, 39756873.82020805, 39757162.81923484, 39757452.818258256]	0.0	0.0	0.0
3441.6612772353546	2.0	trials	6.0	0.0	0.0	0.0	0.0	0.0	True	40.0	0.0	0.005	[39842153.533025436, 39842443.53204885, 39842732.531075634, 39843023.53009569, 39843312.52912247, 39843601.528149255, 39843891.52717268, 39844180.52619946, 39844471.52521951, 39844760.5242463, 39845050.52326971, 39845339.522296496, 39845629.52131992, 39845919.520343326, 39846209.51936675, 39846498.51839353, 39846788.517416954, 39847078.51644038, 39847367.51546715, 39847657.514490575]	0.0	0.0	0.0
3448.123197874636	2.0	trials	6.0	0.0	0.0	0.0	0.0	0.0	True	40.0	0.0	0.005	[39916944.2811648, 39917234.28018821, 39917524.27921163, 39917813.278238416, 39918103.27726183, 39918392.27628861, 39918682.27531204, 39918971.27433882, 39919261.27336224, 39919552.27238229, 39919841.27140907, 39920130.27043586, 39920420.26945928, 39920709.26848606, 39920999.267509475, 39921289.2665329, 39921579.26555631, 39921868.264583096, 39922158.26360651, 39922447.2626333]	0.0	0.0	0.0
3453.319103577263	2.0	trials	6.0	0.0	0.0	0.0	0.0	0.0	True	40.0	0.0	0.005	[39977082.078648515, 39977373.07766856, 39977662.07669535, 39977952.07571876, 39978242.07474218, 39978531.073768966, 39978821.07279239, 39979111.07181581, 39979400.07084259, 39979689.06986937, 39979979.06889279, 39980268.067919575, 39980558.06694299, 39980848.06596641, 39981138.06498983, 39981427.06401662, 39981718.06303666, 39982006.062066816, 39982297.06108686, 39982585.06011702]	0.0	0.0	0.0
3459.7449091381636	2.0	trials	6.0	0.0	0.0	0.0	0.0	0.0	True	40.0	0.0	0.005	[40051455.82819214, 40051745.82721555, 40052034.826242335, 40052324.82526575, 40052614.82428917, 40052903.823315956, 40053192.82234274, 40053483.82136279, 40053772.820389576, 40054062.819413, 40054351.81843978, 40054641.8174632, 40054931.81648661, 40055221.81551003, 40055510.81453681, 40055800.81356023, 40056089.812587015, 40056378.811613806, 40056668.81063722, 40056959.80965727]	0.0	0.0	0.0
3465.514940907403	2.0	trials	6.0	0.0	0.0	0.0	0.0	0.0	True	40.0	0.0	0.005	[40118238.60329864, 40118527.602325425, 40118816.601352215, 40119106.60037563, 40119396.59939905, 40119686.59842247, 40119975.59744925, 40120265.59647267, 40120556.59549272, 40120845.5945195, 40121134.593546286, 40121424.5925697, 40121713.591596484, 40122002.59062328, 40122293.58964333, 40122583.588666745, 40122871.587696895, 40123161.58672031, 40123451.58574373, 40123740.584770516]	0.0	0.0	0.0
3474.955577915766	2.0	trials	6.0	0.0	0.0	0.0	0.0	0.0	True	40.0	0.0	0.005	[40227504.23534255, 40227794.23436596, 40228084.23338938, 40228374.2324128, 40228663.23143958, 40228954.23045963, 40229243.22948642, 40229533.228509836, 40229822.22753662, 40230112.22656004, 40230401.225586824, 40230691.22461024, 40230980.22363702, 40231271.22265707, 40231560.22168386, 40231849.22071065, 40232139.219734065, 40232428.21876085, 40232718.21778427, 40233008.21680768]	0.0	0.0	0.0
3481.405229796363	2.0	trials	6.0	0.0	0.0	0.0	0.0	0.0	True	40.0	0.0	0.005	[40302152.9839601, 40302442.982983515, 40302732.98200693, 40303021.98103372, 40303310.9800605, 40303600.97908392, 40303890.97810733, 40304179.97713412, 40304469.97615753, 40304759.975180954, 40305049.97420437, 40305339.97322779, 40305628.972254574, 40305918.971278, 40306206.97030814, 40306496.96933156, 40306786.96835498, 40307076.96737839, 40307365.96640518, 40307656.96542523]	0.0	0.0	0.0
3490.2678527512057	2.0	trials	6.0	0.0	0.0	0.0	0.0	0.0	True	40.0	0.0	0.005	[40404729.638529375, 40405020.63754942, 40405308.63657958, 40405598.635602996, 40405888.63462642, 40406178.633649826, 40406467.632676624, 40406757.63170003, 40407047.630723454, 40407336.62975024, 40407625.62877703, 40407915.627800435, 40408205.62682386, 40408495.62584727, 40408785.624870695, 40409073.623900846, 40409363.62292426, 40409654.621944316, 40409943.6209711, 40410233.61999452]	0.0	0.0	0.0
3497.7137796768166	2.0	trials	6.0	0.0	0.0	0.0	0.0	0.0	True	40.0	0.0	0.005	[40490910.34831262, 40491200.34733604, 40491490.34635945, 40491778.345389605, 40492069.34440965, 40492359.34343307, 40492648.34245986, 40492938.34148327, 40493227.340510055, 40493517.33953348, 40493807.33855689, 40494096.337583676, 40494386.3366071, 40494675.33563388, 40494965.3346573, 40495254.33368409, 40495544.3327075, 40495834.33173092, 40496124.33075434, 40496413.329781115]	0.0	0.0	0.0
3504.3012390933422	2.0	trials	6.0	0.0	0.0	0.0	0.0	0.0	True	40.0	0.0	0.005	[40567153.09156233, 40567443.090585746, 40567733.08960917, 40568022.08863595, 40568312.08765937, 40568602.08668279, 40568891.08570957, 40569181.08473299, 40569470.08375977, 40569760.08278319, 40570050.08180661, 40570340.08083002, 40570628.07986017, 40570919.07888023, 40571208.07790701, 40571498.076930426, 40571788.07595385, 40572077.07498063, 40572367.07400405, 40572656.07303084]	0.0	0.0	0.0
3511.0448227841157	2.0	trials	6.0	0.0	0.0	0.0	0.0	0.0	True	40.0	0.0	0.005	[40645204.82872019, 40645493.827746965, 40645782.82677376, 40646072.82579717, 40646362.82482059, 40646652.82384401, 40646941.82287079, 40647231.82189421, 40647521.82091763, 40647810.81994441, 40648100.818967834, 40648389.81799462, 40648680.81701467, 40648969.816041455, 40649259.81506487, 40649548.81409165, 40649838.813115075, 40650128.81213848, 40650417.81116528, 40650707.81018869]	0.0	0.0	0.0
3521.0638194448343	2.0	trials	6.0	0.0	0.0	0.0	0.0	0.0	True	40.0	0.0	0.005	[40761165.438218504, 40761454.43724529, 40761744.4362687, 40762035.43528875, 40762323.43431891, 40762613.43334232, 40762902.432369106, 40763193.43138915, 40763481.43041931, 40763771.42944273, 40764062.42846278, 40764351.427489564, 40764640.426516354, 40764931.4255364, 40765220.424563184, 40765509.42358997, 40765799.42261338, 40766090.42163344, 40766379.42066022, 40766669.41968364]	0.0	0.0	0.0
3530.7191597301767	2.0	trials	6.0	0.0	0.0	0.0	0.0	0.0	True	40.0	0.0	0.005	[40872917.061890736, 40873206.06091752, 40873495.0599443, 40873786.05896435, 40874074.05799451, 40874365.057014555, 40874654.056041345, 40874944.05506475, 40875233.05409154, 40875523.05311496, 40875812.05214175, 40876103.051161796, 40876392.05018858, 40876682.049212, 40876971.048238784, 40877261.0472622, 40877551.04628562, 40877840.045312405, 40878130.04433582, 40878419.0433626]	0.0	0.0	0.0
3539.563725145829	2.0	trials	6.0	0.0	0.0	0.0	0.0	0.0	True	40.0	0.0	0.005	[40975284.71716383, 40975573.716190614, 40975863.71521403, 40976153.71423745, 40976442.71326423, 40976732.71228765, 40977021.71131443, 40977311.710337855, 40977600.70936463, 40977891.708384685, 40978180.707411475, 40978469.70643826, 40978760.705458306, 40979049.70448509, 40979338.70351188, 40979628.702535294, 40979918.70155872, 40980208.70058213, 40980498.69960555, 40980787.69863234]	0.0	0.0	0.0
3544.989540474228	2.0	trials	6.0	0.0	0.0	0.0	0.0	0.0	True	40.0	0.0	0.005	[41038083.505686566, 41038372.50471335, 41038661.50374013, 41038951.50276355, 41039241.50178696, 41039531.500810385, 41039820.49983717, 41040109.49886396, 41040400.497884005, 41040689.49691079, 41040979.4959342, 41041268.49496099, 41041558.49398441, 41041848.493007824, 41042137.49203461, 41042426.4910614, 41042716.49008481, 41043006.489108235, 41043296.48813165, 41043586.487155065]	0.0	0.0	0.0
3554.599434512612	2.0	trials	6.0	0.0	0.0	0.0	0.0	0.0	True	40.0	0.0	0.005	[41149309.13113011, 41149598.1301569, 41149888.12918031, 41150177.1282071, 41150466.127233885, 41150757.12625393, 41151046.125280716, 41151335.124307506, 41151626.12332755, 41151915.122354336, 41152205.12137776, 41152495.120401174, 41152784.11942796, 41153073.11845474, 41153364.117474794, 41153652.116504945, 41153942.11552836, 41154231.11455515, 41154522.1135752, 41154812.11259861]	0.0	0.0	0.0
3562.9876366650815	2.0	trials	6.0	0.0	0.0	0.0	0.0	0.0	True	40.0	0.0	0.005	[41246393.80419385, 41246684.803213894, 41246973.802240685, 41247262.80126747, 41247552.80029089, 41247841.79931767, 41248132.79833772, 41248421.7973645, 41248710.79639129, 41249000.7954147, 41249290.79443812, 41249580.79346154, 41249869.79248832, 41250159.791511744, 41250449.79053516, 41250738.78956195, 41251028.788585365, 41251318.78760879, 41251606.78663893, 41251896.78566235]	0.0	0.0	0.0
3571.0535679028076	2.0	trials	6.0	0.0	0.0	0.0	0.0	0.0	True	40.0	0.0	0.005	[41339749.489815086, 41340039.4888385, 41340329.487861924, 41340618.48688871, 41340908.48591213, 41341197.484938905, 41341487.48396233, 41341777.48298574, 41342067.482009165, 41342356.48103595, 41342646.48005936, 41342935.47908615, 41343224.478112936, 41343515.47713298, 41343804.476159774, 41344094.47518319, 41344384.474206604, 41344673.473233394, 41344962.47226018, 41345252.47128359]	0.0	0.0	0.0
3576.2099889384003	2.0	trials	6.0	0.0	0.0	0.0	0.0	0.0	True	40.0	0.0	0.005	[41399431.2888344, 41399720.28786118, 41400010.2868846, 41400299.28591139, 41400590.284931436, 41400879.28395822, 41401168.28298501, 41401458.282008424, 41401749.28102848, 41402038.280055255, 41402328.27907868, 41402617.27810546, 41402907.27712888, 41403197.2761523, 41403486.27517908, 41403775.27420586, 41404065.273229286, 41404355.2722527, 41404644.271279484, 41404934.27030291]	0.0	0.0	0.0
3596.955423077509	2.0	trials	7.0	0.0	0.0	0.0	0.0	0.0	True	40.0	0.0	0.005	[41639539.48026109, 41639829.47928451, 41640118.47831129, 41640408.477334715, 41640698.47635813, 41640987.47538491, 41641277.47440833, 41641567.47343175, 41641856.472458534, 41642146.47148196, 41642436.470505364, 41642725.469532155, 41643015.46855557, 41643304.46758236, 41643594.466605775, 41643883.46563256, 41644173.46465597, 41644463.463679396, 41644753.46270281, 41645043.461726226]	0.0	0.0	0.0
3603.3454591588643	2.0	trials	7.0	0.0	0.0	0.0	0.0	0.0	True	40.0	0.0	0.005	[41713499.23119886, 41713789.230222285, 41714078.22924907, 41714367.22827585, 41714657.22729927, 41714947.22632269, 41715236.22534947, 41715526.224372886, 41715815.22339968, 41716105.22242309, 41716394.22144988, 41716685.22046993, 41716974.21949671, 41717264.218520135, 41717553.21754692, 41717843.21657034, 41718132.215597115, 41718422.21462054, 41718712.21364395, 41719001.212670736]	0.0	0.0	0.0
3610.887721760061	2.0	trials	7.0	0.0	0.0	0.0	0.0	0.0	True	40.0	0.0	0.005	[41800792.937234044, 41801082.93625747, 41801372.93528088, 41801662.934304304, 41801950.93333445, 41802241.9323545, 41802531.931377925, 41802820.93040471, 41803109.92943149, 41803399.928454906, 41803689.92747833, 41803979.92650174, 41804268.925528534, 41804557.92455532, 41804848.923575364, 41805137.92260215, 41805427.92162557, 41805716.920652345, 41806005.91967914, 41806295.91870255]	0.0	0.0	0.0
3616.713740540763	2.0	trials	7.0	0.0	0.0	0.0	0.0	0.0	True	40.0	0.0	0.005	[41868223.7101584, 41868513.70918182, 41868803.70820524, 41869092.70723202, 41869382.706255436, 41869672.70527886, 41869961.70430564, 41870251.70332906, 41870541.70235248, 41870831.701375894, 41871120.700402685, 41871410.69942609, 41871699.69845288, 41871988.697479665, 41872279.69649971, 41872568.6955265, 41872858.69454992, 41873147.6935767, 41873436.692603484, 41873727.69162353]	0.0	0.0	0.0
3623.703736201736	2.0	trials	7.0	0.0	0.0	0.0	0.0	0.0	True	40.0	0.0	0.005	[41949126.43771544, 41949416.43673886, 41949705.43576565, 41949995.43478907, 41950285.43381248, 41950574.43283927, 41950864.43186269, 41951153.43088947, 41951444.42990952, 41951733.4289363, 41952022.42796309, 41952312.4269865, 41952602.42600992, 41952891.425036706, 41953180.4240635, 41953471.423083544, 41953761.42210696, 41954050.42113374, 41954340.420157164, 41954629.41918395]	0.0	0.0	0.0
3632.0135738181007	2.0	trials	7.0	0.0	0.0	0.0	0.0	0.0	True	40.0	0.0	0.005	[42045306.11382679, 42045595.11285357, 42045885.111876994, 42046174.11090378, 42046464.10992719, 42046752.10895734, 42047043.1079774, 42047332.10700418, 42047622.106027596, 42047911.105054386, 42048202.10407444, 42048491.10310122, 42048781.10212464, 42049071.101148054, 42049360.100174844, 42049650.09919826, 42049939.09822504, 42050229.09724846, 42050518.09627525, 42050808.09529866]	0.0	0.0	0.0
3641.1874949246367	2.0	trials	7.0	0.0	0.0	0.0	0.0	0.0	True	40.0	0.0	0.005	[42151485.756262876, 42151775.75528629, 42152064.75431308, 42152353.753339864, 42152644.75235992, 42152934.75138333, 42153222.750413485, 42153512.7494369, 42153802.74846032, 42154092.74748373, 42154382.74650715, 42154671.745533936, 42154960.74456072, 42155250.74358414, 42155540.74260756, 42155829.74163435, 42156119.74065776, 42156409.73968118, 42156699.73870459, 42156988.73773138]	0.0	0.0	0.0
3648.8074308642667	2.0	trials	7.0	0.0	0.0	0.0	0.0	0.0	True	40.0	0.0	0.005	[42239679.45926729, 42239968.45829407, 42240257.457320854, 42240548.45634091, 42240837.45536769, 42241127.45439111, 42241417.45341453, 42241705.45244468, 42241995.451468095, 42242285.45049151, 42242575.44951493, 42242865.44853835, 42243155.44756176, 42243444.446588546, 42243734.44561197, 42244023.44463875, 42244313.44366217, 42244603.44268559, 42244892.44171237, 42245182.44073579]	0.0	0.0	0.0
3658.4073889361102	2.0	trials	7.0	0.0	0.0	0.0	0.0	0.0	True	40.0	0.0	0.005	[42350789.08510146, 42351079.084124885, 42351369.0831483, 42351658.08217509, 42351948.081198506, 42352237.08022529, 42352527.07924871, 42352816.078275494, 42353106.07729891, 42353395.07632569, 42353686.07534574, 42353975.07437253, 42354265.07339595, 42354555.07241936, 42354845.07144278, 42355134.070469566, 42355424.06949298, 42355713.06851977, 42356002.06754656, 42356292.06656997]	0.0	0.0	0.0
3666.973833688343	2.0	trials	7.0	0.0	0.0	0.0	0.0	0.0	True	40.0	0.0	0.005	[42449938.75121126, 42450227.750238046, 42450518.74925809, 42450807.748284884, 42451096.74731167, 42451386.74633509, 42451676.745358504, 42451965.74438529, 42452255.7434087, 42452544.74243549, 42452834.74145891, 42453124.74048232, 42453413.73950911, 42453703.73853253, 42453994.73755258, 42454282.73658273, 42454572.73560614, 42454861.73463293, 42455152.73365298, 42455441.73267976]	0.0	0.0	0.0
3672.6814848676504	2.0	trials	7.0	0.0	0.0	0.0	0.0	0.0	True	40.0	0.0	0.005	[42515999.52874913, 42516288.52777591, 42516578.52679933, 42516867.52582611, 42517158.52484616, 42517447.52387294, 42517736.52289974, 42518027.52191979, 42518315.52094994, 42518605.51997335, 42518896.5189934, 42519184.51802355, 42519475.517043605, 42519764.51607039, 42520054.51509381, 42520344.514117226, 42520633.51314401, 42520923.51216743, 42521213.51119084, 42521502.51021763]	0.0	0.0	0.0
3680.4336123621206	2.0	trials	7.0	0.0	0.0	0.0	0.0	0.0	True	40.0	0.0	0.005	[42605722.22660459, 42606013.225624636, 42606301.22465479, 42606591.22367821, 42606881.222701624, 42607171.22172505, 42607461.22074846, 42607749.21977861, 42608040.21879867, 42608329.21782545, 42608619.216848865, 42608907.215879016, 42609197.21490243, 42609488.21392248, 42609778.2129459, 42610066.21197606, 42610356.210999474, 42610647.21001952, 42610935.20904968, 42611226.20806973]	0.0	0.0	0.0
3687.1360697913883	2.0	trials	7.0	0.0	0.0	0.0	0.0	0.0	True	40.0	0.0	0.005	[42683297.96536539, 42683587.96438881, 42683876.96341559, 42684166.96243901, 42684456.96146243, 42684745.96048921, 42685035.959512636, 42685325.958536044, 42685614.957562834, 42685903.95658962, 42686194.955609664, 42686483.95463645, 42686773.95365987, 42687062.95268665, 42687351.95171344, 42687641.95073686, 42687931.94976027, 42688221.94878369, 42688510.94781048, 42688800.946833886]	0.0	0.0	0.0
3695.284339951836	2.0	trials	7.0	0.0	0.0	0.0	0.0	0.0	True	40.0	0.0	0.005	[42777605.64778074, 42777895.64680416, 42778184.645830944, 42778474.64485436, 42778764.64387778, 42779053.642904565, 42779344.64192462, 42779633.6409514, 42779923.63997482, 42780213.63899823, 42780502.63802502, 42780791.637051806, 42781081.63607523, 42781370.63510201, 42781661.63412206, 42781951.633145474, 42782240.63217226, 42782529.63119905, 42782819.63022246, 42783109.62924588]	0.0	0.0	0.0
3703.5754288313374	2.0	trials	7.0	0.0	0.0	0.0	0.0	0.0	True	40.0	0.0	0.005	[42873567.324626215, 42873857.32364962, 42874147.322673045, 42874435.321703196, 42874726.32072324, 42875015.31975004, 42875305.31877345, 42875594.31780024, 42875884.316823654, 42876175.3158437, 42876463.31487385, 42876753.313897274, 42877043.31292069, 42877333.31194411, 42877623.31096753, 42877912.30999431, 42878202.30901773, 42878491.308044516, 42878780.30707129, 42879070.30609471]	0.0	0.0	0.0
3710.511597473575	2.0	trials	7.0	0.0	0.0	0.0	0.0	0.0	True	40.0	0.0	0.005	[42953847.05428122, 42954136.053308, 42954427.05232806, 42954716.05135484, 42955006.05037826, 42955295.049405046, 42955585.04842846, 42955874.04745525, 42956164.04647866, 42956453.04550545, 42956743.044528864, 42957033.04355229, 42957323.0425757, 42957612.041602485, 42957902.0406259, 42958192.03964932, 42958481.038676105, 42958771.03769952, 42959060.03672631, 42959350.035749726]	0.0	0.0	0.0
3717.7781586032047	2.0	trials	7.0	0.0	0.0	0.0	0.0	0.0	True	40.0	0.0	0.005	[43037950.77105881, 43038240.77008223, 43038530.76910565, 43038820.76812906, 43039109.76715585, 43039399.76617927, 43039688.765206054, 43039977.76423284, 43040267.76325626, 43040557.762279674, 43040847.76130309, 43041137.760326505, 43041426.75935329, 43041715.75838008, 43042006.757400125, 43042295.75642691, 43042584.7554537, 43042874.75447711, 43043164.75350053, 43043453.75252732]	0.0	0.0	0.0
3725.9020640457015	2.0	trials	7.0	0.0	0.0	0.0	0.0	0.0	True	40.0	0.0	0.005	[43131977.45442045, 43132267.453443855, 43132557.45246728, 43132846.45149406, 43133136.450517476, 43133426.4495409, 43133715.44856768, 43134004.447594464, 43134294.44661789, 43134584.4456413, 43134874.444664724, 43135163.44369151, 43135453.44271492, 43135742.441741705, 43136032.44076513, 43136322.43978854, 43136612.43881196, 43136901.43783875, 43137190.43686553, 43137480.435888946]	0.0	0.0	0.0
3735.8041619000815	2.0	trials	7.0	0.0	0.0	0.0	0.0	0.0	True	40.0	0.0	0.005	[43246586.06847165, 43246875.06749844, 43247164.06652522, 43247455.065545276, 43247744.06457206, 43248034.063595474, 43248324.06261889, 43248613.06164568, 43248902.06067246, 43249192.059695885, 43249482.05871929, 43249772.057742715, 43250061.0567695, 43250351.05579291, 43250641.054816335, 43250931.05383975, 43251220.05286654, 43251509.051893316, 43251799.05091674, 43252089.049940154]	0.0	0.0	0.0
3743.3135926118402	2.0	trials	7.0	0.0	0.0	0.0	0.0	0.0	True	40.0	0.0	0.005	[43333500.77578313, 43333789.77480991, 43334079.77383333, 43334368.77286011, 43334658.77188353, 43334949.77090358, 43335237.76993374, 43335527.76895715, 43335817.767980576, 43336107.76700398, 43336396.76603077, 43336686.76505419, 43336975.76408098, 43337265.76310439, 43337555.76212781, 43337845.761151224, 43338134.76017801, 43338424.75920143, 43338713.75822821, 43339004.75724827]	0.0	0.0	0.0
3751.683823624828	2.0	trials	7.0	0.0	0.0	0.0	0.0	0.0	True	40.0	0.0	0.005	[43430377.449547306, 43430667.44857073, 43430957.447594136, 43431246.446620926, 43431536.44564434, 43431825.44467113, 43432116.44369119, 43432404.44272134, 43432694.44174475, 43432984.44076817, 43433274.43979159, 43433563.438818365, 43433853.43784179, 43434143.4368652, 43434432.435891986, 43434722.43491541, 43435012.43393882, 43435301.43296561, 43435590.4319924, 43435881.431012444]	0.0	0.0	0.0
3758.013639108978	2.0	trials	7.0	0.0	0.0	0.0	0.0	0.0	True	40.0	0.0	0.005	[43503640.202832244, 43503930.20185567, 43504220.20087908, 43504509.19990587, 43504798.198932655, 43505088.19795607, 43505378.196979485, 43505667.196006276, 43505956.19503306, 43506246.19405648, 43506536.19307989, 43506826.19210331, 43507115.1911301, 43507405.19015351, 43507695.18917693, 43507984.188203715, 43508274.18722713, 43508564.18625055, 43508853.185277335, 43509143.18430075]	0.0	0.0	0.0
3763.7364102373695	2.0	trials	7.0	0.0	0.0	0.0	0.0	0.0	True	40.0	0.0	0.005	[43569875.97978079, 43570165.97880421, 43570454.97783099, 43570744.976854414, 43571034.97587784, 43571323.97490461, 43571612.9739314, 43571903.97295145, 43572192.97197824, 43572482.971001655, 43572772.97002508, 43573060.96905522, 43573350.96807864, 43573640.96710206, 43573930.96612548, 43574220.96514889, 43574509.96417568, 43574798.96320246, 43575088.962225884, 43575378.9612493]	0.0	0.0	0.0
3770.643894176203	2.0	trials	7.0	0.0	0.0	0.0	0.0	0.0	True	40.0	0.0	0.005	[43649823.710553825, 43650112.70958061, 43650402.70860402, 43650692.707627445, 43650981.70665423, 43651271.70567765, 43651560.70470443, 43651851.70372448, 43652140.702751264, 43652430.70177469, 43652720.7007981, 43653009.699824885, 43653299.6988483, 43653588.69787509, 43653878.696898505, 43654168.69592192, 43654457.69494871, 43654746.69397549, 43655036.69299891, 43655327.692018956]	0.0	0.0	0.0
3777.513794241602	2.0	trials	7.0	0.0	0.0	0.0	0.0	0.0	True	40.0	0.0	0.005	[43729336.44279173, 43729625.44181851, 43729915.44084193, 43730205.43986535, 43730494.43889213, 43730783.43791892, 43731074.436938964, 43731363.435965754, 43731652.43499254, 43731941.43401933, 43732231.433042735, 43732521.43206616, 43732811.43108957, 43733101.43011299, 43733391.42913641, 43733680.42816319, 43733969.427189976, 43734259.4262134, 43734549.42523681, 43734838.4242636]	0.0	0.0	0.0
3785.451508311104	2.0	trials	7.0	0.0	0.0	0.0	0.0	0.0	True	40.0	0.0	0.005	[43821208.13341037, 43821498.132433794, 43821787.13146058, 43822077.13048399, 43822366.12951078, 43822656.1285342, 43822945.12756098, 43823235.126584396, 43823524.125611186, 43823814.1246346, 43824105.12365465, 43824393.1226848, 43824684.121704854, 43824973.120731644, 43825263.11975505, 43825553.118778475, 43825842.11780526, 43826132.11682868, 43826421.11585546, 43826711.11487888]	0.0	0.0	0.0
3794.2486402864906	2.0	trials	7.0	0.0	0.0	0.0	0.0	0.0	True	40.0	0.0	0.005	[43923026.79053224, 43923316.78955566, 43923605.788582444, 43923895.78760586, 43924185.78662928, 43924474.785656065, 43924763.78468285, 43925054.7837029, 43925343.782729685, 43925633.78175311, 43925923.78077652, 43926212.779803306, 43926502.77882673, 43926791.77785351, 43927081.77687693, 43927370.77590371, 43927660.77492713, 43927950.77395054, 43928240.77297396, 43928529.772000745]	0.0	0.0	0.0
3801.5382701384356	2.0	trials	7.0	0.0	0.0	0.0	0.0	0.0	True	40.0	0.0	0.005	[44007397.5064107, 44007686.50543749, 44007976.5044609, 44008265.5034877, 44008555.50251111, 44008844.5015379, 44009135.500557944, 44009424.49958473, 44009713.49861151, 44010002.4976383, 44010293.49665835, 44010583.49568177, 44010872.49470855, 44011162.49373197, 44011451.49275876, 44011740.49178554, 44012030.49080896, 44012320.48983237, 44012609.48885916, 44012899.48788257]	0.0	0.0	0.0
3808.942034006032	2.0	trials	7.0	0.0	0.0	0.0	0.0	0.0	True	40.0	0.0	0.005	[44093089.217840664, 44093379.21686408, 44093668.21589087, 44093957.21491765, 44094247.213941075, 44094537.21296448, 44094827.211987905, 44095117.21101132, 44095407.21003474, 44095696.209061526, 44095985.20808831, 44096275.20711172, 44096565.20613515, 44096854.20516192, 44097144.204185344, 44097434.20320877, 44097723.20223555, 44098013.20125897, 44098303.20028238, 44098592.19930917]	0.0	0.0	0.0
3815.7699438128334	2.0	trials	7.0	0.0	0.0	0.0	0.0	0.0	True	40.0	0.0	0.005	[44172115.951715186, 44172404.95074197, 44172694.949765384, 44172983.948792174, 44173272.94781896, 44173563.94683901, 44173852.945865795, 44174142.94488921, 44174431.94391599, 44174721.942939416, 44175011.94196282, 44175301.940986246, 44175590.94001303, 44175880.939036444, 44176170.93805987, 44176459.93708665, 44176749.93611007, 44177038.935136855, 44177327.93416364, 44177617.93318705]	0.0	0.0	0.0
3823.431610811933	2.0	trials	7.0	0.0	0.0	0.0	0.0	0.0	True	40.0	0.0	0.005	[44260791.653096445, 44261082.65211649, 44261371.65114328, 44261661.6501667, 44261951.64919012, 44262240.6482169, 44262529.647243686, 44262819.6462671, 44263109.64529052, 44263398.64431731, 44263688.64334072, 44263978.642364144, 44264268.64138756, 44264557.64041434, 44264847.639437765, 44265136.63846455, 44265427.637484595, 44265716.63651138, 44266006.6355348, 44266295.63456158]	0.0	0.0	0.0
3830.8056531796165	2.0	trials	7.0	0.0	0.0	0.0	0.0	0.0	True	40.0	0.0	0.005	[44346140.36568147, 44346429.36470825, 44346718.363735035, 44347008.36275846, 44347298.36178187, 44347588.36080529, 44347878.3598287, 44348167.358855486, 44348457.35787891, 44348746.35690569, 44349036.35592911, 44349325.354955904, 44349616.353975944, 44349905.353002734, 44350195.35202615, 44350484.35105293, 44350774.35007635, 44351063.34910314, 44351353.34812655, 44351643.347149976]	0.0	0.0	0.0
3837.6516205256094	2.0	trials	7.0	0.0	0.0	0.0	0.0	0.0	True	40.0	0.0	0.005	[44425376.09885217, 44425665.097878955, 44425955.09690238, 44426245.09592579, 44426534.094952576, 44426824.093976, 44427113.09300278, 44427403.0920262, 44427692.09105299, 44427982.0900764, 44428272.089099824, 44428562.08812324, 44428851.08715002, 44429141.086173445, 44429430.08520022, 44429721.084220275, 44430010.08324706, 44430300.08227047, 44430589.081297256, 44430878.08032405]	0.0	0.0	0.0
3845.181614368122	2.0	trials	7.0	0.0	0.0	0.0	0.0	0.0	True	40.0	0.0	0.005	[44512528.80536218, 44512818.8043856, 44513108.80340901, 44513396.80243917, 44513686.80146258, 44513976.800486006, 44514266.79950941, 44514556.798532836, 44514845.79755962, 44515135.796583034, 44515424.795609824, 44515714.79463324, 44516003.79366003, 44516293.792683445, 44516583.79170686, 44516873.790730275, 44517162.789757065, 44517452.78878048, 44517741.78780726, 44518031.78683068]	0.0	0.0	0.0
3852.8761132566583	2.0	trials	7.0	0.0	0.0	0.0	0.0	0.0	True	40.0	0.0	0.005	[44601585.50546042, 44601874.504487194, 44602164.50351062, 44602453.5025374, 44602743.50156082, 44603032.5005876, 44603322.49961102, 44603611.4986378, 44603901.497661225, 44604191.49668464, 44604481.495708056, 44604770.494734846, 44605060.49375826, 44605349.492785044, 44605640.49180509, 44605929.490831874, 44606219.4898553, 44606508.48888208, 44606798.487905495, 44607087.48693229]	0.0	0.0	0.0
3859.7256229907225	2.0	trials	7.0	0.0	0.0	0.0	0.0	0.0	True	40.0	0.0	0.005	[44680862.238493055, 44681151.23751984, 44681440.23654662, 44681731.235566676, 44682020.23459346, 44682310.23361687, 44682599.232643664, 44682889.23166708, 44683178.23069386, 44683468.229717284, 44683758.22874069, 44684047.22776748, 44684337.2267909, 44684626.22581769, 44684916.224841096, 44685206.22386452, 44685495.2228913, 44685786.221911356, 44686075.22093814, 44686365.219961554]	0.0	0.0	0.0
3867.3099622502255	2.0	trials	7.0	0.0	0.0	0.0	0.0	0.0	True	40.0	0.0	0.005	[44768642.94288825, 44768932.94191166, 44769222.94093508, 44769512.9399585, 44769801.93898529, 44770091.9380087, 44770381.937032126, 44770671.93605554, 44770960.935082324, 44771249.93410911, 44771540.933129154, 44771829.932155944, 44772119.93117936, 44772408.93020615, 44772698.92922956, 44772987.928256355, 44773278.9272764, 44773566.92630655, 44773856.92532997, 44774146.92435338]	0.0	0.0	0.0
3875.5897327678413	2.0	trials	7.0	0.0	0.0	0.0	0.0	0.0	True	40.0	0.0	0.005	[44864474.620171495, 44864763.61919828, 44865053.6182217, 44865343.617245115, 44865632.6162719, 44865922.61529532, 44866212.61431873, 44866501.61334552, 44866791.61236894, 44867081.61139235, 44867370.61041915, 44867660.609442554, 44867950.60846598, 44868239.60749276, 44868529.606516175, 44868818.60554296, 44869108.60456638, 44869398.603589796, 44869687.60261658, 44869978.60163663]	0.0	0.0	0.0
3882.4839975511914	2.0	trials	7.0	0.0	0.0	0.0	0.0	0.0	True	40.0	0.0	0.005	[44944268.351463124, 44944558.35048654, 44944847.34951333, 44945137.348536745, 44945427.34756016, 44945717.346583575, 44946006.345610365, 44946296.34463378, 44946586.343657196, 44946875.34268398, 44947164.34171077, 44947454.340734184, 44947745.33975424, 44948033.33878439, 44948323.337807804, 44948612.33683459, 44948902.33585801, 44949193.33487806, 44949482.33390485, 44949771.33293163]	0.0	0.0	0.0
3889.5519257497244	2.0	trials	7.0	0.0	0.0	0.0	0.0	0.0	True	40.0	0.0	0.005	[45026073.07598266, 45026363.075006075, 45026652.07403286, 45026942.07305628, 45027232.07207969, 45027522.07110311, 45027811.0701299, 45028100.069156684, 45028390.06818011, 45028680.067203514, 45028969.066230305, 45029259.06525372, 45029549.064277135, 45029839.06330056, 45030129.06232397, 45030418.061350755, 45030707.06037754, 45030997.05940095, 45031286.05842774, 45031577.0574478]	0.0	0.0	0.0
3896.415864235199	2.0	trials	7.0	0.0	0.0	0.0	0.0	0.0	True	40.0	0.0	0.005	[45105516.80845292, 45105806.807476334, 45106096.80649976, 45106386.80552318, 45106675.804549955, 45106964.80357674, 45107254.80260016, 45107544.801623575, 45107834.80064699, 45108123.79967378, 45108413.798697196, 45108703.79772061, 45108992.7967474, 45109281.795774184, 45109571.7947976, 45109861.79382102, 45110151.79284443, 45110440.79187122, 45110730.790894635, 45111019.789921425]	0.0	0.0	0.0
3905.3556421302205	2.0	trials	7.0	0.0	0.0	0.0	0.0	0.0	True	40.0	0.0	0.005	[45208987.46001163, 45209276.45903842, 45209565.4580652, 45209856.45708525, 45210145.456112035, 45210435.45513546, 45210725.45415887, 45211013.45318902, 45211303.452212445, 45211594.45123249, 45211883.45025928, 45212172.449286066, 45212462.44830948, 45212752.4473329, 45213042.44635631, 45213331.445383094, 45213621.44440652, 45213910.4434333, 45214200.442456715, 45214489.441483505]	0.0	0.0	0.0
3910.9358537386847	2.0	trials	7.0	0.0	0.0	0.0	0.0	0.0	True	40.0	0.0	0.005	[45273572.24251997, 45273862.24154338, 45274152.2405668, 45274441.23959359, 45274730.23862037, 45275020.237643786, 45275310.23666721, 45275599.23569399, 45275889.23471741, 45276179.23374082, 45276469.232764244, 45276758.23179103, 45277048.23081444, 45277337.229841225, 45277628.22886128, 45277917.22788806, 45278206.226914845, 45278496.22593827, 45278786.22496168, 45279076.223985106]	0.0	0.0	0.0
3917.578090570747	2.0	trials	7.0	0.0	0.0	0.0	0.0	0.0	True	40.0	0.0	0.005	[45350449.9836313, 45350739.98265472, 45351029.981678136, 45351319.98070155, 45351608.97972834, 45351898.97875175, 45352188.97777517, 45352477.976801954, 45352766.975828744, 45353056.97485216, 45353345.97387894, 45353635.97290236, 45353925.97192578, 45354215.970949195, 45354504.96997598, 45354793.96900277, 45355083.96802618, 45355373.9670496, 45355662.96607639, 45355952.965099804]	0.0	0.0	0.0
3925.7323223111184	2.0	trials	7.0	0.0	0.0	0.0	0.0	0.0	True	40.0	0.0	0.005	[45444827.66581093, 45445118.664830975, 45445406.66386113, 45445697.66288118, 45445985.66191133, 45446275.66093475, 45446565.65995817, 45446855.658981584, 45447145.658005, 45447434.65703178, 45447724.656055205, 45448014.65507862, 45448303.6541054, 45448593.653128825, 45448882.65215561, 45449171.65118239, 45449462.650202446, 45449751.64922923, 45450041.64825265, 45450331.647276066]	0.0	0.0	0.0
3930.9759206531394	2.0	trials	7.0	0.0	0.0	0.0	0.0	0.0	True	40.0	0.0	0.005	[45505517.46143577, 45505807.460459195, 45506097.4594826, 45506386.45850939, 45506676.45753281, 45506965.4565596, 45507256.455579646, 45507545.45460643, 45507834.45363322, 45508125.45265327, 45508413.45168342, 45508703.45070683, 45508993.449730255, 45509282.44875704, 45509572.44778045, 45509863.44680051, 45510152.44582729, 45510442.44485071, 45510731.44387749, 45511021.44290091]	0.0	0.0	0.0
3939.249902390249	2.0	trials	7.0	0.0	0.0	0.0	0.0	0.0	True	40.0	0.0	0.005	[45601283.13894128, 45601572.137968056, 45601861.136994846, 45602151.13601826, 45602441.135041684, 45602731.1340651, 45603020.13309188, 45603309.132118665, 45603598.131145455, 45603888.13016887, 45604179.12918892, 45604468.1282157, 45604757.12724249, 45605048.12626254, 45605337.12528933, 45605627.12431274, 45605916.12333953, 45606205.12236631, 45606495.12138973, 45606785.12041315]	0.0	0.0	0.0
3944.866142677386	2.0	trials	7.0	0.0	0.0	0.0	0.0	0.0	True	40.0	0.0	0.005	[45666283.92004871, 45666573.91907214, 45666863.91809555, 45667153.91711897, 45667442.91614576, 45667732.915169165, 45668021.914195955, 45668311.91321937, 45668600.91224616, 45668889.91127294, 45669179.910296366, 45669469.90931977, 45669758.90834656, 45670048.90736998, 45670338.906393394, 45670628.90541682, 45670918.90444023, 45671207.903467014, 45671497.90249044, 45671786.90151722]	0.0	0.0	0.0
3952.5431024249865	2.0	trials	7.0	0.0	0.0	0.0	0.0	0.0	True	40.0	0.0	0.005	[45755138.62082718, 45755427.61985397, 45755717.61887739, 45756007.6179008, 45756296.6169276, 45756586.61595101, 45756876.61497443, 45757166.61399785, 45757455.61302463, 45757745.61204805, 45758035.61107147, 45758323.61010162, 45758613.60912503, 45758903.608148456, 45759192.60717524, 45759483.60619529, 45759772.605222076, 45760062.60424549, 45760352.60326891, 45760641.6022957]	0.0	0.0	0.0
3957.80812789485	2.0	trials	7.0	0.0	0.0	0.0	0.0	0.0	True	40.0	0.0	0.005	[45816076.415616885, 45816365.414643675, 45816654.41367046, 45816944.41269388, 45817233.411720656, 45817523.41074408, 45817813.40976749, 45818102.40879428, 45818393.40781433, 45818682.406841114, 45818971.405867904, 45819262.40488795, 45819551.403914735, 45819841.40293815, 45820130.40196494, 45820420.400988355, 45820710.40001177, 45820999.39903855, 45821288.39806534, 45821578.39708876]	0.0	0.0	0.0
3965.4940732121913	2.0	trials	7.0	0.0	0.0	0.0	0.0	0.0	True	40.0	0.0	0.005	[45905034.11604851, 45905324.11507193, 45905613.114098705, 45905903.11312213, 45906193.11214555, 45906482.11117233, 45906771.11019911, 45907061.10922253, 45907351.108245954, 45907641.10726937, 45907930.10629615, 45908219.105322935, 45908509.10434636, 45908799.10336977, 45909089.10239319, 45909379.1014166, 45909667.10044676, 45909958.09946681, 45910248.09849023, 45910537.097517006]	0.0	0.0	0.0
3972.7660775234913	2.0	trials	7.0	0.0	0.0	0.0	0.0	0.0	True	40.0	0.0	0.005	[45989200.832613945, 45989489.83164073, 45989779.83066415, 45990069.829687566, 45990359.82871098, 45990647.82774113, 45990937.826764554, 45991227.82578797, 45991516.82481475, 45991806.823838174, 45992096.82286159, 45992385.82188837, 45992675.820911795, 45992965.81993521, 45993254.81896199, 45993544.817985415, 45993834.81700882, 45994123.81603562, 45994413.81505903, 45994703.81408244]	0.0	0.0	0.0
3979.5821505701547	2.0	trials	7.0	0.0	0.0	0.0	0.0	0.0	True	40.0	0.0	0.005	[46068090.566949815, 46068379.565976605, 46068668.56500339, 46068958.5640268, 46069248.563050225, 46069537.56207701, 46069827.56110042, 46070117.560123846, 46070406.55915063, 46070696.55817405, 46070986.55719746, 46071275.55622425, 46071565.555247664, 46071855.55427108, 46072144.55329786, 46072434.552321285, 46072723.55134807, 46073013.55037148, 46073303.549394906, 46073592.54842169]	0.0	0.0	0.0
3985.642226162662	2.0	trials	7.0	0.0	0.0	0.0	0.0	0.0	True	40.0	0.0	0.005	[46138230.33075154, 46138518.329781696, 46138808.32880511, 46139098.32782853, 46139388.32685195, 46139677.32587873, 46139967.32490215, 46140256.32392894, 46140546.32295235, 46140836.32197577, 46141126.32099919, 46141415.320025966, 46141705.31904939, 46141995.3180728, 46142284.317099586, 46142574.31612301, 46142863.31514979, 46143153.314173214, 46143443.31319663, 46143732.31222341]	0.0	0.0	0.0
3993.3822576978664	2.0	trials	7.0	0.0	0.0	0.0	0.0	0.0	True	40.0	0.0	0.005	[46227813.029078454, 46228103.02810188, 46228393.02712529, 46228682.026152074, 46228973.02517213, 46229262.02419891, 46229551.023225695, 46229841.02224912, 46230131.02127253, 46230420.020299315, 46230711.01931936, 46231000.018346146, 46231289.01737294, 46231579.01639635, 46231869.01541977, 46232158.01444656, 46232448.01346997, 46232738.012493394, 46233028.01151681, 46233317.01054359]	0.0	0.0	0.0
3999.244909955203	2.0	trials	7.0	0.0	0.0	0.0	0.0	0.0	True	40.0	0.0	0.005	[46295668.80057161, 46295958.79959503, 46296247.79862181, 46296537.79764523, 46296826.79667202, 46297116.79569543, 46297406.794718854, 46297695.79374564, 46297985.79276905, 46298274.791795835, 46298565.79081588, 46298854.78984267, 46299143.78886946, 46299433.78789288, 46299723.78691629, 46300012.78594308, 46300302.78496649, 46300592.783989914, 46300881.7830167, 46301172.78203675]	0.0	0.0	0.0
4004.691893212318	2.0	trials	8.0	0.0	0.0	0.0	0.0	0.0	True	40.0	0.0	0.005	[46358712.5882693, 46672844.53041825, 46673134.52944166, 46673423.528468445, 46673713.52749187, 46674002.52651865, 46674292.52554207, 46674582.52456548, 46674872.5235889, 46675161.522615686, 46675450.52164248, 46675740.520665884, 46676029.519692674, 46676319.5187161, 46676609.517739505, 46676899.51676293, 46677189.51578634, 46677478.514813125, 46677768.51383655, 46678058.51285996]	0.0	0.0	0.0
4031.8328930141606	2.0	trials	8.0	0.0	0.0	0.0	0.0	0.0	True	40.0	0.0	0.005	[46678347.51188675, 46734850.32161143, 46735140.32063484, 46735430.319658265, 46735719.31868505, 46736008.31771183, 46736297.31673861, 46736588.31575867, 46736877.31478545, 46737167.31380887, 46737456.312835656, 46737747.3118557, 46738036.31088249, 46738326.30990591, 46738616.308929324, 46738904.30795948, 46739195.30697953, 46739485.306002945, 46739774.30502973, 46740064.30405314]	0.0	0.0	0.0
4037.190279772995	2.0	trials	8.0	0.0	0.0	0.0	0.0	0.0	True	40.0	0.0	0.005	[46740353.30307993, 46804623.08664903, 46804912.08567582, 46805201.0847026, 46805491.08372602, 46805781.082749434, 46806070.081776224, 46806360.08079964, 46806650.079823054, 46806940.07884648, 46807229.07787326, 46807519.07689668, 46807808.07592346, 46808099.07494351, 46808388.073970295, 46808677.072997086, 46808967.0720205, 46809257.071043916, 46809546.07007071, 46809836.06909412]	0.0	0.0	0.0
4043.218560272574	2.0	trials	8.0	0.0	0.0	0.0	0.0	0.0	True	40.0	0.0	0.005	[46810125.068120904, 46898817.76944492, 46899106.7684717, 46899396.76749512, 46899685.76652191, 46899975.76554532, 46900265.764568746, 46900554.76359553, 46900845.76261558, 46901134.76164237, 46901423.76066915, 46901713.759692565, 46902003.75871598, 46902292.75774277, 46902582.75676618, 46902871.755792975, 46903161.75481638, 46903451.753839806, 46903740.75286659, 46904030.75189]	0.0	0.0	0.0
4051.3569808661905	2.0	trials	8.0	0.0	0.0	0.0	0.0	0.0	True	40.0	0.0	0.005	[46904320.75091342, 47000615.42663751, 47000904.42566429, 47001193.42469107, 47001483.423714496, 47001773.42273791, 47002063.42176133, 47002352.42078812, 47002642.419811524, 47002932.41883495, 47003221.41786173, 47003511.416885145, 47003801.41590857, 47004090.41493535, 47004379.41396213, 47004669.412985556, 47004959.41200897, 47005249.411032386, 47005538.41005918, 47005829.40907922]	0.0	0.0	0.0
4060.152298447686	2.0	trials	8.0	0.0	0.0	0.0	0.0	0.0	True	40.0	0.0	0.005	[47006118.408106014, 47087782.13310037, 47088070.13213052, 47088361.131150566, 47088649.13018072, 47088940.12920077, 47089228.12823092, 47089519.12725097, 47089809.126274385, 47090098.125301175, 47090388.12432459, 47090678.123348005, 47090967.12237479, 47091256.12140158, 47091546.12042499, 47091836.119448416, 47092126.11847183, 47092416.117495246, 47092705.11652204, 47092994.11554882]	0.0	0.0	0.0
4067.6834154864164	2.0	trials	8.0	0.0	0.0	0.0	0.0	0.0	True	40.0	0.0	0.005	[47093284.114572234, 47185908.80265514, 47186197.80168192, 47186486.8007087, 47186776.79973212, 47187066.79875554, 47187356.79777896, 47187645.79680575, 47187935.79582916, 47188225.79485258, 47188514.79387937, 47188804.79290278, 47189093.791929565, 47189383.79095299, 47189673.789976396, 47189962.789003186, 47190252.7880266, 47190542.787050016, 47190831.7860768, 47191120.7851036]	0.0	0.0	0.0
4076.161646135712	2.0	trials	8.0	0.0	0.0	0.0	0.0	0.0	True	40.0	0.0	0.005	[47191411.78412364, 47267496.52790542, 47267785.52693221, 47268075.525955625, 47268365.52497904, 47268655.52400246, 47268944.523029245, 47269234.52205267, 47269524.521076076, 47269812.52010623, 47270102.51912965, 47270392.51815307, 47270682.51717648, 47270971.51620327, 47271261.515226685, 47271551.51425011, 47271840.51327689, 47272130.512300305, 47272419.51132709, 47272710.51034714]	0.0	0.0	0.0
4083.210825597382	2.0	trials	8.0	0.0	0.0	0.0	0.0	0.0	True	40.0	0.0	0.005	[47272999.509373926, 47348738.254320875, 47349027.25334766, 47349317.25237108, 47349607.251394495, 47349896.25042128, 47350186.2494447, 47350476.24846811, 47350765.2474949, 47351054.24652168, 47351345.24554173, 47351634.24456851, 47351924.243591934, 47352214.24261535, 47352503.24164213, 47352793.240665555, 47353083.23968897, 47353372.23871576, 47353662.237739176, 47353951.23676596]	0.0	0.0	0.0
4090.2301107597214	2.0	trials	8.0	0.0	0.0	0.0	0.0	0.0	True	40.0	0.0	0.005	[47354241.23578938, 47442288.93928545, 47442578.93830887, 47442867.937335655, 47443157.93635907, 47443447.935382485, 47443736.93440927, 47444026.93343269, 47444316.932456106, 47444606.93147953, 47444895.93050631, 47445184.9295331, 47445474.92855651, 47445764.927579924, 47446053.92660671, 47446343.92563013, 47446632.92465692, 47446922.923680335, 47447212.92270376, 47447502.921727166]	0.0	0.0	0.0
4098.312889940713	2.0	trials	8.0	0.0	0.0	0.0	0.0	0.0	True	40.0	0.0	0.005	[47447790.92075733, 47540108.609874055, 47540399.6088941, 47540688.60792089, 47540978.606944315, 47541267.6059711, 47541557.60499451, 47541846.60402129, 47542137.60304134, 47542426.60206813, 47542715.60109492, 47543005.60011833, 47543294.599145114, 47543584.59816854, 47543874.59719195, 47544164.59621537, 47544454.59523879, 47544742.59426894, 47545033.593288995, 47545322.59231577]	0.0	0.0	0.0
4106.764595879332	2.0	trials	8.0	0.0	0.0	0.0	0.0	0.0	True	40.0	0.0	0.005	[47545612.591339186, 47643335.262254454, 47643625.26127786, 47643914.26030464, 47644204.25932806, 47644494.25835148, 47644783.25737827, 47645073.25640168, 47645363.255425096, 47645652.254451886, 47645942.25347531, 47646232.25249873, 47646521.25152551, 47646811.25054893, 47647100.24957571, 47647390.248599134, 47647680.247622535, 47647969.246649325, 47648259.24567275, 47648548.24469953]	0.0	0.0	0.0
4115.683378645054	2.0	trials	8.0	0.0	0.0	0.0	0.0	0.0	True	40.0	0.0	0.005	[47648839.24371959, 47746100.916187264, 47746390.91521068, 47746680.9142341, 47746970.913257524, 47747260.91228093, 47747549.91130771, 47747838.910334505, 47748128.90935792, 47748418.90838134, 47748707.90740812, 47748997.90643154, 47749287.90545496, 47749577.90447838, 47749866.90350516, 47750156.90252858, 47750446.901552, 47750735.90057878, 47751024.89960557, 47751314.89862898]	0.0	0.0	0.0
4124.562331144907	2.0	trials	8.0	0.0	0.0	0.0	0.0	0.0	True	40.0	0.0	0.005	[47751604.8976524, 47807631.70898002, 47807921.70800344, 47808211.70702686, 47808501.70605027, 47808791.705073684, 47809080.704100475, 47809370.7031239, 47809660.70214732, 47809949.701174095, 47810239.70019752, 47810528.6992243, 47810817.69825109, 47811108.69727114, 47811397.696297914, 47811686.695324704, 47811977.69434476, 47812266.69337154, 47812556.69239495, 47812845.69142175]	0.0	0.0	0.0
4129.878591642236	2.0	trials	8.0	0.0	0.0	0.0	0.0	0.0	True	40.0	0.0	0.005	[47813135.690445155, 47872148.49171734, 47872438.49074076, 47872727.48976754, 47873017.48879096, 47873307.48781438, 47873597.4868378, 47873886.485864595, 47874175.48489137, 47874465.483914785, 47874755.48293821, 47875044.48196499, 47875334.480988406, 47875624.48001183, 47875913.47903861, 47876203.478062026, 47876492.47708881, 47876783.47610886, 47877073.47513228, 47877361.47416243]	0.0	0.0	0.0
4135.452841670775	2.0	trials	8.0	0.0	0.0	0.0	0.0	0.0	True	40.0	0.0	0.005	[47877652.47318249, 47934646.28125371, 47934936.28027712, 47935224.27930727, 47935515.278327316, 47935804.27735411, 47936094.27637753, 47936384.27540095, 47936673.27442773, 47936963.27345114, 47937253.272474565, 47937542.27150135, 47937832.27052476, 47938122.269548185, 47938411.26857497, 47938701.26759839, 47938990.266625166, 47939280.26564858, 47939570.264672, 47939859.26369879]	0.0	0.0	0.0
4140.852564287042	2.0	trials	8.0	0.0	0.0	0.0	0.0	0.0	True	40.0	0.0	0.005	[47940149.26272221, 48003771.04847347, 48004061.047496885, 48004350.04652367, 48004641.045543715, 48004930.044570506, 48005219.04359728, 48005509.0426207, 48005799.041644126, 48006088.04067092, 48006378.039694324, 48006668.03871774, 48006958.03774116, 48007248.036764584, 48007537.03579137, 48007826.03481814, 48008116.033841565, 48008406.03286498, 48008695.03189178, 48008985.03091518]	0.0	0.0	0.0
4146.825030574577	2.0	trials	8.0	0.0	0.0	0.0	0.0	0.0	True	40.0	0.0	0.005	[48009275.0299386, 48089021.761388496, 48089311.76041192, 48089601.75943534, 48089891.75845876, 48090180.75748555, 48090470.756508954, 48090760.75553238, 48091049.75455916, 48091338.75358595, 48091628.75260936, 48091918.75163278, 48092208.750656195, 48092497.74968299, 48092787.74870639, 48093076.74773318, 48093366.746756606, 48093655.74578339, 48093946.74480345, 48094235.74383023]	0.0	0.0	0.0
4154.190692170484	2.0	trials	8.0	0.0	0.0	0.0	0.0	0.0	True	40.0	0.0	0.005	[48094525.742853634, 48152980.546004914, 48153269.54503169, 48153559.54405511, 48153849.543078534, 48154138.54210532, 48154428.54112873, 48154718.54015214, 48155008.53917556, 48155297.53820235, 48155587.53722576, 48155876.53625255, 48156166.53527597, 48156456.53429939, 48156745.533326164, 48157034.53235296, 48157325.53137301, 48157613.53040316, 48157904.529423214, 48158194.52844663]	0.0	0.0	0.0
4159.716644761667	2.0	trials	8.0	0.0	0.0	0.0	0.0	0.0	True	40.0	0.0	0.005	[48158483.52747341, 48229157.28947688, 48229447.2885003, 48229736.28752708, 48230026.2865505, 48230315.28557729, 48230605.2846007, 48230894.28362749, 48231184.282650895, 48231473.281677686, 48231764.28069774, 48232053.279724516, 48232343.27874794, 48232633.27777135, 48232922.27679814, 48233211.27582492, 48233501.27484834, 48233791.273871765, 48234081.27289518, 48234371.271918595]	0.0	0.0	0.0
4166.2983153976875	2.0	trials	8.0	0.0	0.0	0.0	0.0	0.0	True	40.0	0.0	0.005	[48234660.27094537, 48316588.99504734, 48316877.99407412, 48317167.99309754, 48317457.99212097, 48317746.99114774, 48318035.99017453, 48318326.98919458, 48318615.98822136, 48318904.98724815, 48319195.9862682, 48319485.98529162, 48319773.98432177, 48320063.98334519, 48320352.98237197, 48320642.98139539, 48320932.98041881, 48321222.97944223, 48321511.97846901, 48321801.97749243]	0.0	0.0	0.0
4173.852414759024	2.0	trials	8.0	0.0	0.0	0.0	0.0	0.0	True	40.0	0.0	0.005	[48322091.97651585, 48410620.678392135, 48410911.67741219, 48411201.6764356, 48411490.67546239, 48411780.6744858, 48412069.673512585, 48412358.672539376, 48412648.67156278, 48412938.670586206, 48413227.669613, 48413518.66863305, 48413807.66765983, 48414097.66668324, 48414386.665710025, 48414676.66473345, 48414965.66376023, 48415255.66278365, 48415544.661810435, 48415834.66083386]	0.0	0.0	0.0
4181.976838599775	2.0	trials	8.0	0.0	0.0	0.0	0.0	0.0	True	40.0	0.0	0.005	[48416124.65985727, 48492286.40337975, 48492575.402406536, 48492866.40142658, 48493155.400453374, 48493444.39948015, 48493735.398500204, 48494024.397526994, 48494313.39655378, 48494603.39557719, 48494893.39460061, 48495182.393627405, 48495472.39265081, 48495762.391674235, 48496052.39069765, 48496342.38972107, 48496631.388747856, 48496920.38777465, 48497210.38679805, 48497500.38582147]	0.0	0.0	0.0
4189.032670839041	2.0	trials	8.0	0.0	0.0	0.0	0.0	0.0	True	40.0	0.0	0.005	[48497790.38484489, 48568950.14521175, 48569240.14423515, 48569530.14325857, 48569820.142281994, 48570109.14130878, 48570399.1403322, 48570688.139358975, 48570978.13838239, 48571266.13741255, 48571557.136432596, 48571847.13545601, 48572137.13447943, 48572427.13350284, 48572715.13253301, 48573006.131553054, 48573295.13057983, 48573585.12960325, 48573874.12863004, 48574164.127653465]	0.0	0.0	0.0
4195.656504533076	2.0	trials	8.0	0.0	0.0	0.0	0.0	0.0	True	40.0	0.0	0.005	[48574454.12667687, 48634857.92326484, 48635147.92228825, 48635436.92131504, 48635727.920335084, 48636016.91936187, 48636305.91838866, 48636595.91741208, 48636885.91643549, 48637175.9154589, 48637464.91448569, 48637754.913509116, 48638043.91253589, 48638333.91155931, 48638623.910582736, 48638912.90960952, 48639203.90862957, 48639491.90765972, 48639782.906679764, 48640071.905706555]	0.0	0.0	0.0
4201.3509365569	2.0	trials	8.0	0.0	0.0	0.0	0.0	0.0	True	40.0	0.0	0.005	[48640360.90473333, 48698816.70788124, 48699105.706908025, 48699395.705931425, 48699685.70495485, 48699975.70397827, 48700264.70300506, 48700554.70202848, 48700843.70105526, 48701133.70007867, 48701423.699102096, 48701712.69812888, 48702002.697152294, 48702292.69617572, 48702581.6952025, 48702871.69422592, 48703160.6932527, 48703450.69227611, 48703740.691299535, 48704029.69032632]	0.0	0.0	0.0
4206.876889148083	2.0	trials	8.0	0.0	0.0	0.0	0.0	0.0	True	40.0	0.0	0.005	[48704319.68934974, 48781178.430525064, 48781468.42954847, 48781757.42857525, 48782046.427602045, 48782336.42662546, 48782626.42564888, 48782916.424672306, 48783205.42369908, 48783494.422725864, 48783785.42174591, 48784075.420769334, 48784363.41979948, 48784654.41881954, 48784943.41784632, 48785232.41687311, 48785522.41589652, 48785811.41492331, 48786101.41394673, 48786391.41297014]	0.0	0.0	0.0
4213.992941984555	2.0	trials	8.0	0.0	0.0	0.0	0.0	0.0	True	40.0	0.0	0.005	[48786681.411993556, 48866636.14274302, 48866926.14176644, 48867215.14079321, 48867505.139816634, 48867795.13884006, 48868085.13786348, 48868374.13689026, 48868664.13591366, 48868954.134937085, 48869243.133963875, 48869532.132990666, 48869822.13201407, 48870112.131037496, 48870402.13006092, 48870691.12908771, 48870981.12811112, 48871271.12713453, 48871561.126157954, 48871849.125188105]	0.0	0.0	0.0
4221.376574719943	2.0	trials	8.0	0.0	0.0	0.0	0.0	0.0	True	40.0	0.0	0.005	[48872139.12421153, 48926689.9405096, 48926978.9395364, 48927268.938559815, 48927558.93758322, 48927848.936606646, 48928137.935633436, 48928427.93465686, 48928717.933680266, 48929006.93270704, 48929296.931730464, 48929585.930757254, 48929875.92978068, 48930165.928804085, 48930455.9278275, 48930744.92685429, 48931034.925877705, 48931324.92490113, 48931613.92392791, 48931903.92295133]	0.0	0.0	0.0
4226.565136447301	2.0	trials	8.0	0.0	0.0	0.0	0.0	0.0	True	40.0	0.0	0.005	[48932192.921978116, 48993495.715538666, 48993784.71456545, 48994073.71359224, 48994363.71261566, 48994653.71163906, 48994942.71066585, 48995232.709689274, 48995521.70871606, 48995811.70773947, 48996101.706762895, 48996390.70578968, 48996680.70481309, 48996970.703836516, 48997259.70286329, 48997549.70188671, 48997839.700910136, 48998129.69993355, 48998418.698960334, 48998707.697987124]	0.0	0.0	0.0
4232.3371554098485	2.0	trials	8.0	0.0	0.0	0.0	0.0	0.0	True	40.0	0.0	0.005	[48998997.69701053, 49070436.45643784, 49070725.45546463, 49071015.454488054, 49071304.45351483, 49071595.45253488, 49071884.45156167, 49072173.45058845, 49072463.44961187, 49072753.44863529, 49073042.44766207, 49073332.44668549, 49073622.44570891, 49073911.44473568, 49074201.443759106, 49074491.44278253, 49074781.44180595, 49075070.440832734, 49075360.43985614, 49075649.43888294]	0.0	0.0	0.0
4238.98483542358	2.0	trials	8.0	0.0	0.0	0.0	0.0	0.0	True	40.0	0.0	0.005	[49075940.43790298, 49151665.18289706, 49151955.18192048, 49152244.180947274, 49152535.17996732, 49152824.17899412, 49153114.17801752, 49153403.17704431, 49153692.17607109, 49153982.175094515, 49154272.17411793, 49154562.17314135, 49154851.172168136, 49155141.17119156, 49155430.17021833, 49155721.16923838, 49156010.16826517, 49156299.16729196, 49156589.16631538, 49156879.16533879]	0.0	0.0	0.0
4246.003083789412	2.0	trials	8.0	0.0	0.0	0.0	0.0	0.0	True	40.0	0.0	0.005	[49157168.16436558, 49256457.83000391, 49256746.82903071, 49257035.82805749, 49257325.827080905, 49257614.82610768, 49257905.825127736, 49258194.824154526, 49258484.82317795, 49258773.82220474, 49259063.82122814, 49259353.82025156, 49259642.819278345, 49259932.81830177, 49260222.81732518, 49260512.81634859, 49260802.81537201, 49261091.8143988, 49261380.81342558, 49261670.812449]	0.0	0.0	0.0
4255.057082099792	2.0	trials	8.0	0.0	0.0	0.0	0.0	0.0	True	40.0	0.0	0.005	[49261959.81147579, 49318190.62211644, 49318480.621139854, 49318769.62016663, 49319059.61919005, 49319348.618216835, 49319638.61724026, 49319928.61626367, 49320217.615290456, 49320506.614317246, 49320797.61333729, 49321087.612360716, 49321376.61138749, 49321665.61041428, 49321955.609437704, 49322245.60846113, 49322534.6074879, 49322824.60651131, 49323114.60553473, 49323403.60456152]	0.0	0.0	0.0
4260.390795338347	2.0	trials	8.0	0.0	0.0	0.0	0.0	0.0	True	40.0	0.0	0.005	[49323693.60358493, 49382630.40511305, 49382921.404133104, 49383209.403163254, 49383500.40218332, 49383789.4012101, 49384079.4002335, 49384369.39925692, 49384659.398280345, 49384947.397310495, 49385237.39633391, 49385527.39535733, 49385817.394380756, 49386106.393407546, 49386395.39243432, 49386685.391457744, 49386975.39048115, 49387264.38950794, 49387555.388528, 49387844.38755477]	0.0	0.0	0.0
4265.9584789890005	2.0	trials	8.0	0.0	0.0	0.0	0.0	0.0	True	40.0	0.0	0.005	[49388134.386578195, 49448813.182240084, 49449102.181266874, 49449393.18028692, 49449682.1793137, 49449971.17834048, 49450262.17736054, 49450551.176387325, 49450841.17541074, 49451131.17443415, 49451420.17346094, 49451710.17248436, 49451999.171511136, 49452289.17053456, 49452578.16956135, 49452868.16858477, 49453158.16760818, 49453447.16663497, 49453737.16565838, 49454027.1646818]	0.0	0.0	0.0
4271.676584533102	2.0	trials	8.0	0.0	0.0	0.0	0.0	0.0	True	40.0	0.0	0.005	[49454316.16370859, 49530860.90594131, 49531150.90496472, 49531439.9039915, 49531728.903018296, 49532019.90203834, 49532308.901065126, 49532598.90008855, 49532887.89911533, 49533177.898138754, 49533467.89716216, 49533757.896185584, 49534046.89521236, 49534336.89423578, 49534625.89326257, 49534915.892285995, 49535204.89131277, 49535494.89033619, 49535784.8893596, 49536073.88838639]	0.0	0.0	0.0
4278.765507860933	2.0	trials	8.0	0.0	0.0	0.0	0.0	0.0	True	40.0	0.0	0.005	[49536363.88740981, 49618467.610922456, 49618756.60994923, 49619045.60897602, 49619335.607999444, 49619625.60702287, 49619914.60604964, 49620204.60507306, 49620494.60409648, 49620784.603119895, 49621073.60214668, 49621362.60117346, 49621652.60019688, 49621941.59922367, 49622231.59824708, 49622521.597270496, 49622811.59629392, 49623100.5953207, 49623390.594344124, 49623680.59336754]	0.0	0.0	0.0
4286.334727171354	2.0	trials	8.0	0.0	0.0	0.0	0.0	0.0	True	40.0	0.0	0.005	[49623969.59239433, 49707110.31241485, 49707400.311438255, 49707689.31046505, 49707979.30948845, 49708268.30851524, 49708559.3075353, 49708848.30656209, 49709137.305588864, 49709428.30460891, 49709717.3036357, 49710006.3026625, 49710296.3016859, 49710587.300705954, 49710875.299736105, 49711165.29875953, 49711455.29778295, 49711745.29680635, 49712035.29582977, 49712324.29485656]	0.0	0.0	0.0
4293.9935429800535	2.0	trials	8.0	0.0	0.0	0.0	0.0	0.0	True	40.0	0.0	0.005	[49712613.293883346, 49793195.02252136, 49793485.021544784, 49793775.02056821, 49794064.01959498, 49794353.01862177, 49794643.017645195, 49794933.0166686, 49795223.01569202, 49795512.0147188, 49795802.01374222, 49796091.01276901, 49796381.01179242, 49796671.01081584, 49796960.009842634, 49797250.00886605, 49797540.007889464, 49797829.00691625, 49798119.00593967, 49798409.00496309]	0.0	0.0	0.0
4301.431261933305	2.0	trials	8.0	0.0	0.0	0.0	0.0	0.0	True	40.0	0.0	0.005	[49798699.0039865, 49881459.72528668, 49881749.7243101, 49882037.72334025, 49882328.722360305, 49882617.72138708, 49882907.720410496, 49883196.71943728, 49883486.7184607, 49883776.717484124, 49884065.71651091, 49884354.71553769, 49884645.71455774, 49884935.71358116, 49885224.712607935, 49885514.71163136, 49885803.71065815, 49886093.70968157, 49886382.708708346, 49886672.70773177]	0.0	0.0	0.0
4309.0572458525685	2.0	trials	8.0	0.0	0.0	0.0	0.0	0.0	True	40.0	0.0	0.005	[49886962.706755176, 49970411.425738506, 49970700.42476529, 49970990.423788704, 49971279.4228155, 49971569.4218389, 49971859.420862325, 49972148.41988911, 49972438.41891253, 49972728.41793595, 49973017.416962735, 49973307.41598614, 49973596.41501294, 49973886.414036356, 49974176.41305976, 49974466.412083186, 49974755.41110998, 49975044.41013676, 49975334.409160174, 49975624.40818358]	0.0	0.0	0.0
4316.742672771655	2.0	trials	8.0	0.0	0.0	0.0	0.0	0.0	True	40.0	0.0	0.005	[49975914.407207005, 50072301.082621284, 50072591.08164469, 50072880.08067148, 50073170.07969489, 50073460.07871831, 50073750.077741735, 50074039.076768525, 50074329.07579193, 50074618.07481871, 50074908.07384213, 50075198.07286555, 50075487.07189234, 50075777.07091576, 50076067.069939174, 50076357.06896259, 50076645.067992754, 50076936.06701279, 50077225.06603958, 50077514.06506636]	0.0	0.0	0.0
4325.546025526091	2.0	trials	8.0	0.0	0.0	0.0	0.0	0.0	True	40.0	0.0	0.005	[50077805.06408642, 50141669.849019356, 50141958.84804615, 50142248.84706957, 50142537.846096344, 50142827.84511977, 50143117.84414319, 50143406.84316998, 50143696.84219339, 50143986.8412168, 50144275.840243585, 50144565.83926701, 50144854.8382938, 50145144.837317206, 50145433.836343996, 50145723.83536742, 50146013.83439083, 50146303.83341424, 50146591.83244441, 50146882.831464455]	0.0	0.0	0.0
4331.539400543216	2.0	trials	8.0	0.0	0.0	0.0	0.0	0.0	True	40.0	0.0	0.005	[50147171.83049124, 50234854.53521645, 50235144.534239866, 50235433.533266656, 50235723.53229008, 50236012.531316854, 50236302.53034027, 50236592.52936369, 50236882.528387114, 50237171.5274139, 50237461.52643731, 50237750.525464095, 50238040.52448751, 50238330.52351093, 50238619.52253771, 50238909.52156113, 50239199.52058455, 50239488.519611344, 50239778.51863475, 50240067.51766154]	0.0	0.0	0.0
4339.590643830405	2.0	trials	8.0	0.0	0.0	0.0	0.0	0.0	True	40.0	0.0	0.005	[50240357.51668495, 50337709.18884956, 50337999.18787298, 50338289.18689639, 50338578.18592318, 50338868.18494659, 50339158.18397001, 50339448.182993434, 50339737.182020225, 50340027.18104363, 50340316.18007042, 50340606.17909384, 50340895.17812062, 50341185.17714404, 50341475.17616746, 50341764.17519424, 50342054.17421766, 50342344.17324108, 50342634.17226449, 50342923.17129128]	0.0	0.0	0.0
4348.477285904362	2.0	trials	8.0	0.0	0.0	0.0	0.0	0.0	True	40.0	0.0	0.005	[50343212.17031807, 50397843.98634339, 50398133.9853668, 50398422.984393574, 50398712.983417, 50399002.98244042, 50399290.98147057, 50399581.98049063, 50399870.97951741, 50400160.97854083, 50400450.97756424, 50400739.97659103, 50401029.97561444, 50401318.974641226, 50401608.97366465, 50401898.97268807, 50402188.97171149, 50402477.97073827, 50402767.969761685, 50403056.96878847]	0.0	0.0	0.0
4353.672846008152	2.0	trials	8.0	0.0	0.0	0.0	0.0	0.0	True	40.0	0.0	0.005	[50403346.96781189, 50489242.67855488, 50489532.677578285, 50489821.676605076, 50490111.67562848, 50490401.674651906, 50490691.67367533, 50490980.67270212, 50491270.671725534, 50491560.67074894, 50491849.66977573, 50492139.668799154, 50492429.66782258, 50492718.66684935, 50493008.66587276, 50493298.66489618, 50493587.66392297, 50493876.66294975, 50494167.6619698, 50494456.66099659]	0.0	0.0	0.0
4361.569779414985	2.0	trials	8.0	0.0	0.0	0.0	0.0	0.0	True	40.0	0.0	0.005	[50494745.660023384, 50575902.38672506, 50576192.38574848, 50576481.38477527, 50576771.383798696, 50577061.382822104, 50577350.381848894, 50577639.38087568, 50577930.379895724, 50578219.3789225, 50578509.37794592, 50578799.376969345, 50579088.375996135, 50579378.37501954, 50579667.37404633, 50579957.37306975, 50580246.37209653, 50580536.371119946, 50580826.37014337, 50581115.36917015]	0.0	0.0	0.0
4369.057178200938	2.0	trials	8.0	0.0	0.0	0.0	0.0	0.0	True	40.0	0.0	0.005	[50581405.368193574, 50661595.09815166, 50661884.09717845, 50662174.09620186, 50662463.09522865, 50662753.09425206, 50663043.09327548, 50663332.09230227, 50663622.09132568, 50663911.09035247, 50664201.08937589, 50664491.08839931, 50664780.08742609, 50665071.086446136, 50665360.08547292, 50665650.08449634, 50665939.083523124, 50666229.08254655, 50666518.08157333, 50666808.080596745]	0.0	0.0	0.0
4402.738463178168	2.0	trials	9.0	0.0	0.0	0.0	0.0	0.0	True	5.0	0.0	0.01	[50667097.07962353, 50965778.073804125, 50968095.066001564, NaN, NaN, NaN, NaN, NaN, NaN, NaN, NaN, NaN, NaN, NaN, NaN, NaN, NaN, NaN, NaN, NaN]	0.0	0.0	0.0
4409.914477412717	2.0	trials	9.0	0.0	0.0	0.0	0.0	0.0	True	5.0	0.0	0.01	[50970412.05819901, 51048833.79411088, 51051150.78630832, NaN, NaN, NaN, NaN, NaN, NaN, NaN, NaN, NaN, NaN, NaN, NaN, NaN, NaN, NaN, NaN, NaN]	0.0	0.0	0.0
4417.210328043714	2.0	trials	9.0	0.0	0.0	0.0	0.0	0.0	True	5.0	0.0	0.01	[51053467.77850576, 51133276.50974688, 51135593.50194432, NaN, NaN, NaN, NaN, NaN, NaN, NaN, NaN, NaN, NaN, NaN, NaN, NaN, NaN, NaN, NaN, NaN]	0.0	0.0	0.0
4423.9062190950945	2.0	trials	9.0	0.0	0.0	0.0	0.0	0.0	True	5.0	0.0	0.01	[51137910.49414176, 51210775.24876697, 51213092.24096443, NaN, NaN, NaN, NaN, NaN, NaN, NaN, NaN, NaN, NaN, NaN, NaN, NaN, NaN, NaN, NaN, NaN]	0.0	0.0	0.0
4431.88618262232	2.0	trials	9.0	0.0	0.0	0.0	0.0	0.0	True	5.0	0.0	0.01	[51215409.23316187, 51303135.93773892, 51305452.92993636, NaN, NaN, NaN, NaN, NaN, NaN, NaN, NaN, NaN, NaN, NaN, NaN, NaN, NaN, NaN, NaN, NaN]	0.0	0.0	0.0
4438.114910446885	2.0	trials	9.0	0.0	0.0	0.0	0.0	0.0	True	5.0	0.0	0.01	[51307769.922133796, 51375226.694970585, 51377544.68716466, NaN, NaN, NaN, NaN, NaN, NaN, NaN, NaN, NaN, NaN, NaN, NaN, NaN, NaN, NaN, NaN, NaN]	0.0	0.0	0.0
4443.3677535577735	2.0	trials	9.0	0.0	0.0	0.0	0.0	0.0	True	5.0	0.0	0.01	[51379861.6793621, 51436024.49023174, 51438341.48242918, NaN, NaN, NaN, NaN, NaN, NaN, NaN, NaN, NaN, NaN, NaN, NaN, NaN, NaN, NaN, NaN, NaN]	0.0	0.0	0.0
4449.178393190265	2.0	trials	9.0	0.0	0.0	0.0	0.0	0.0	True	5.0	0.0	0.01	[51440658.47462662, 51503277.26375552, 51505594.25595296, NaN, NaN, NaN, NaN, NaN, NaN, NaN, NaN, NaN, NaN, NaN, NaN, NaN, NaN, NaN, NaN, NaN]	0.0	0.0	0.0
4455.016680729651	2.0	trials	9.0	0.0	0.0	0.0	0.0	0.0	True	5.0	0.0	0.01	[51507912.248147026, 51570850.03620168, 51573167.02839912, NaN, NaN, NaN, NaN, NaN, NaN, NaN, NaN, NaN, NaN, NaN, NaN, NaN, NaN, NaN, NaN, NaN]	0.0	0.0	0.0
4460.884171370694	2.0	trials	9.0	0.0	0.0	0.0	0.0	0.0	True	5.0	0.0	0.01	[51575485.020593196, 51638760.807509616, 51641077.799707055, NaN, NaN, NaN, NaN, NaN, NaN, NaN, NaN, NaN, NaN, NaN, NaN, NaN, NaN, NaN, NaN, NaN]	0.0	0.0	0.0
4466.458680598362	2.0	trials	9.0	0.0	0.0	0.0	0.0	0.0	True	5.0	0.0	0.01	[51643394.7919045, 51703280.590236835, 51705597.582434274, NaN, NaN, NaN, NaN, NaN, NaN, NaN, NaN, NaN, NaN, NaN, NaN, NaN, NaN, NaN, NaN, NaN]	0.0	0.0	0.0
4474.996527046899	2.0	trials	9.0	0.0	0.0	0.0	0.0	0.0	True	5.0	0.0	0.01	[51707914.57463172, 51802098.25746465, 51804415.24966209, NaN, NaN, NaN, NaN, NaN, NaN, NaN, NaN, NaN, NaN, NaN, NaN, NaN, NaN, NaN, NaN, NaN]	0.0	0.0	0.0
4482.424482833028	2.0	trials	9.0	0.0	0.0	0.0	0.0	0.0	True	5.0	0.0	0.01	[51806732.24185953, 51888069.9679517, 51890386.960149154, NaN, NaN, NaN, NaN, NaN, NaN, NaN, NaN, NaN, NaN, NaN, NaN, NaN, NaN, NaN, NaN, NaN]	0.0	0.0	0.0
4491.365211124848	2.0	trials	9.0	0.0	0.0	0.0	0.0	0.0	True	5.0	0.0	0.01	[51892703.952346586, 51991550.619476736, 51993868.611670814, NaN, NaN, NaN, NaN, NaN, NaN, NaN, NaN, NaN, NaN, NaN, NaN, NaN, NaN, NaN, NaN, NaN]	0.0	0.0	0.0
4498.822456412345	2.0	trials	9.0	0.0	0.0	0.0	0.0	0.0	True	5.0	0.0	0.01	[51996185.60386826, 52077861.3288222, 52080178.32101965, NaN, NaN, NaN, NaN, NaN, NaN, NaN, NaN, NaN, NaN, NaN, NaN, NaN, NaN, NaN, NaN, NaN]	0.0	0.0	0.0
4504.132496130621	2.0	trials	9.0	0.0	0.0	0.0	0.0	0.0	True	5.0	0.0	0.01	[52082495.31321709, 52139320.12185741, 52141637.11405486, NaN, NaN, NaN, NaN, NaN, NaN, NaN, NaN, NaN, NaN, NaN, NaN, NaN, NaN, NaN, NaN, NaN]	0.0	0.0	0.0
4511.230577827611	2.0	trials	9.0	0.0	0.0	0.0	0.0	0.0	True	5.0	0.0	0.01	[52143954.1062523, 52221473.845201686, 52223790.837399125, NaN, NaN, NaN, NaN, NaN, NaN, NaN, NaN, NaN, NaN, NaN, NaN, NaN, NaN, NaN, NaN, NaN]	0.0	0.0	0.0
4516.876626014369	2.0	trials	9.0	0.0	0.0	0.0	0.0	0.0	True	5.0	0.0	0.01	[52226107.82959657, 52286821.62514059, 52289138.61733804, NaN, NaN, NaN, NaN, NaN, NaN, NaN, NaN, NaN, NaN, NaN, NaN, NaN, NaN, NaN, NaN, NaN]	0.0	0.0	0.0
4523.242383777483	2.0	trials	9.0	0.0	0.0	0.0	0.0	0.0	True	5.0	0.0	0.01	[52291455.60953549, 52360499.37702802, 52362816.36922546, NaN, NaN, NaN, NaN, NaN, NaN, NaN, NaN, NaN, NaN, NaN, NaN, NaN, NaN, NaN, NaN, NaN]	0.0	0.0	0.0
4530.962456979897	2.0	trials	9.0	0.0	0.0	0.0	0.0	0.0	True	5.0	0.0	0.01	[52365134.361419536, 52449852.07612947, 52452169.068326905, NaN, NaN, NaN, NaN, NaN, NaN, NaN, NaN, NaN, NaN, NaN, NaN, NaN, NaN, NaN, NaN, NaN]	0.0	0.0	0.0
4538.152554367021	2.0	trials	9.0	0.0	0.0	0.0	0.0	0.0	True	5.0	0.0	0.01	[52454486.06052435, 52533070.79588732, 52535387.78808476, NaN, NaN, NaN, NaN, NaN, NaN, NaN, NaN, NaN, NaN, NaN, NaN, NaN, NaN, NaN, NaN, NaN]	0.0	0.0	0.0
4546.570305219985	2.0	trials	9.0	0.0	0.0	0.0	0.0	0.0	True	5.0	0.0	0.01	[52537705.780278824, 52630498.46779599, 52632816.459990054, NaN, NaN, NaN, NaN, NaN, NaN, NaN, NaN, NaN, NaN, NaN, NaN, NaN, NaN, NaN, NaN, NaN]	0.0	0.0	0.0
4553.866587849528	2.0	trials	9.0	0.0	0.0	0.0	0.0	0.0	True	5.0	0.0	0.01	[52635133.45218749, 52714946.18341515, 52717263.17561259, NaN, NaN, NaN, NaN, NaN, NaN, NaN, NaN, NaN, NaN, NaN, NaN, NaN, NaN, NaN, NaN, NaN]	0.0	0.0	0.0
4560.4391001163885	2.0	trials	9.0	0.0	0.0	0.0	0.0	0.0	True	5.0	0.0	0.01	[52719580.16781003, 52791016.927244075, 52793333.91944151, NaN, NaN, NaN, NaN, NaN, NaN, NaN, NaN, NaN, NaN, NaN, NaN, NaN, NaN, NaN, NaN, NaN]	0.0	0.0	0.0
4568.066293631578	2.0	trials	9.0	0.0	0.0	0.0	0.0	0.0	True	5.0	0.0	0.01	[52795650.91163897, 52879294.62996561, 52881611.62216306, NaN, NaN, NaN, NaN, NaN, NaN, NaN, NaN, NaN, NaN, NaN, NaN, NaN, NaN, NaN, NaN, NaN]	0.0	0.0	0.0
4575.292592496793	2.0	trials	9.0	0.0	0.0	0.0	0.0	0.0	True	5.0	0.0	0.01	[52883928.6143605, 52962932.34831247, 52965249.340509914, NaN, NaN, NaN, NaN, NaN, NaN, NaN, NaN, NaN, NaN, NaN, NaN, NaN, NaN, NaN, NaN, NaN]	0.0	0.0	0.0
4580.915226362399	2.0	trials	9.0	0.0	0.0	0.0	0.0	0.0	True	5.0	0.0	0.01	[52967566.33270735, 53028009.12916397, 53030327.12135805, NaN, NaN, NaN, NaN, NaN, NaN, NaN, NaN, NaN, NaN, NaN, NaN, NaN, NaN, NaN, NaN, NaN]	0.0	0.0	0.0
4589.878764177408	2.0	trials	9.0	0.0	0.0	0.0	0.0	0.0	True	5.0	0.0	0.01	[53032644.113555506, 53131753.77979999, 53134070.77199743, NaN, NaN, NaN, NaN, NaN, NaN, NaN, NaN, NaN, NaN, NaN, NaN, NaN, NaN, NaN, NaN, NaN]	0.0	0.0	0.0
4596.974945080799	2.0	trials	9.0	0.0	0.0	0.0	0.0	0.0	True	5.0	0.0	0.01	[53136387.76419488, 53213885.503218345, 53216202.495415784, NaN, NaN, NaN, NaN, NaN, NaN, NaN, NaN, NaN, NaN, NaN, NaN, NaN, NaN, NaN, NaN, NaN]	0.0	0.0	0.0
4604.218696687241	2.0	trials	9.0	0.0	0.0	0.0	0.0	0.0	True	5.0	0.0	0.01	[53218519.48761323, 53297725.220884964, 53300042.2130824, NaN, NaN, NaN, NaN, NaN, NaN, NaN, NaN, NaN, NaN, NaN, NaN, NaN, NaN, NaN, NaN, NaN]	0.0	0.0	0.0
4621.781770343047	2.0	trials	10.0	0.0	0.0	0.0	0.0	0.0	True	10.0	0.0	0.005	[53302359.20527984, 53500956.5364959, 53502115.532592945, 53503273.52869335, 53504430.52479712, NaN, NaN, NaN, NaN, NaN, NaN, NaN, NaN, NaN, NaN, NaN, NaN, NaN, NaN, NaN]	0.0	0.0	0.0
4628.5111844815365	2.0	trials	10.0	0.0	0.0	0.0	0.0	0.0	True	10.0	0.0	0.005	[53505590.52089079, 53578844.27420605, 53580002.27030645, 53581160.26640685, 53582319.2625039, NaN, NaN, NaN, NaN, NaN, NaN, NaN, NaN, NaN, NaN, NaN, NaN, NaN, NaN, NaN]	0.0	0.0	0.0
4635.987264905604	2.0	trials	10.0	0.0	0.0	0.0	0.0	0.0	True	10.0	0.0	0.005	[53583477.258604296, 53665371.98282075, 53666530.97891779, 53667687.97502157, 53668846.9711186, NaN, NaN, NaN, NaN, NaN, NaN, NaN, NaN, NaN, NaN, NaN, NaN, NaN, NaN, NaN]	0.0	0.0	0.0
4642.282088507591	2.0	trials	10.0	0.0	0.0	0.0	0.0	0.0	True	10.0	0.0	0.005	[53670005.967215635, 53738227.737476274, 53739386.73357332, 53740545.729670346, 53741703.72577075, NaN, NaN, NaN, NaN, NaN, NaN, NaN, NaN, NaN, NaN, NaN, NaN, NaN, NaN, NaN]	0.0	0.0	0.0
4649.799381592873	2.0	trials	10.0	0.0	0.0	0.0	0.0	0.0	True	10.0	0.0	0.005	[53742862.72186779, 53825234.44447793, 53826391.44058171, 53827550.43667875, 53828709.43277578, NaN, NaN, NaN, NaN, NaN, NaN, NaN, NaN, NaN, NaN, NaN, NaN, NaN, NaN, NaN]	0.0	0.0	0.0
4658.193026927012	2.0	trials	10.0	0.0	0.0	0.0	0.0	0.0	True	10.0	0.0	0.005	[53829867.42887619, 53922382.11732952, 53923542.11342319, 53924700.1095236, 53925858.105624, NaN, NaN, NaN, NaN, NaN, NaN, NaN, NaN, NaN, NaN, NaN, NaN, NaN, NaN, NaN]	0.0	0.0	0.0
4663.521469783317	2.0	trials	10.0	0.0	0.0	0.0	0.0	0.0	True	10.0	0.0	0.005	[53927017.10172104, 53984053.90964745, 53985212.90574449, 53986371.901841536, 53987529.89794193, NaN, NaN, NaN, NaN, NaN, NaN, NaN, NaN, NaN, NaN, NaN, NaN, NaN, NaN, NaN]	0.0	0.0	0.0
4672.377180761436	2.0	trials	10.0	0.0	0.0	0.0	0.0	0.0	True	10.0	0.0	0.005	[53988687.89404234, 54086550.56448614, 54087710.56057981, 54088868.5566802, 54090026.55278061, NaN, NaN, NaN, NaN, NaN, NaN, NaN, NaN, NaN, NaN, NaN, NaN, NaN, NaN, NaN]	0.0	0.0	0.0
4679.853693184048	2.0	trials	10.0	0.0	0.0	0.0	0.0	0.0	True	10.0	0.0	0.005	[54091184.548881024, 54173085.27307728, 54174243.269177675, 54175402.26527472, 54176560.26137512, NaN, NaN, NaN, NaN, NaN, NaN, NaN, NaN, NaN, NaN, NaN, NaN, NaN, NaN, NaN]	0.0	0.0	0.0
4685.163732902325	2.0	trials	10.0	0.0	0.0	0.0	0.0	0.0	True	10.0	0.0	0.005	[54177719.25747215, 54234544.06611249, 54235701.06221627, 54236861.058309935, 54238018.054413706, NaN, NaN, NaN, NaN, NaN, NaN, NaN, NaN, NaN, NaN, NaN, NaN, NaN, NaN, NaN]	0.0	0.0	0.0
4693.955594495459	2.0	trials	10.0	0.0	0.0	0.0	0.0	0.0	True	10.0	0.0	0.005	[54239177.05051075, 54336302.7234364, 54337459.71954018, 54338619.71563385, 54339777.711734265, NaN, NaN, NaN, NaN, NaN, NaN, NaN, NaN, NaN, NaN, NaN, NaN, NaN, NaN, NaN]	0.0	0.0	0.0
4702.624250103492	2.0	trials	10.0	0.0	0.0	0.0	0.0	0.0	True	10.0	0.0	0.005	[54340936.70783129, 54436632.38557252, 54437791.38166956, 54438949.37776996, 54440109.37386364, NaN, NaN, NaN, NaN, NaN, NaN, NaN, NaN, NaN, NaN, NaN, NaN, NaN, NaN, NaN]	0.0	0.0	0.0
4708.438172924927	2.0	trials	10.0	0.0	0.0	0.0	0.0	0.0	True	10.0	0.0	0.005	[54441268.369960666, 54503923.15896833, 54505082.155065365, 54506240.151165776, 54507398.14726617, NaN, NaN, NaN, NaN, NaN, NaN, NaN, NaN, NaN, NaN, NaN, NaN, NaN, NaN, NaN]	0.0	0.0	0.0
4714.221942247905	2.0	trials	10.0	0.0	0.0	0.0	0.0	0.0	True	10.0	0.0	0.005	[54508558.14335984, 54570865.93353604, 54572024.92963307, 54573182.92573348, 54574340.92183388, NaN, NaN, NaN, NaN, NaN, NaN, NaN, NaN, NaN, NaN, NaN, NaN, NaN, NaN, NaN]	0.0	0.0	0.0
4719.603607324982	2.0	trials	10.0	0.0	0.0	0.0	0.0	0.0	True	10.0	0.0	0.005	[54575499.91793092, 54633151.7237863, 54634311.71987997, 54635469.71598039, 54636628.712077424, NaN, NaN, NaN, NaN, NaN, NaN, NaN, NaN, NaN, NaN, NaN, NaN, NaN, NaN, NaN]	0.0	0.0	0.0
4725.399472607225	2.0	trials	10.0	0.0	0.0	0.0	0.0	0.0	True	10.0	0.0	0.005	[54637787.70817446, 54700235.497879185, 54701394.49397623, 54702552.490076624, 54703710.486177035, NaN, NaN, NaN, NaN, NaN, NaN, NaN, NaN, NaN, NaN, NaN, NaN, NaN, NaN, NaN]	0.0	0.0	0.0
4730.709512325503	2.0	trials	10.0	0.0	0.0	0.0	0.0	0.0	True	10.0	0.0	0.005	[54704869.48227407, 54761694.29091441, 54762853.28701144, 54764012.28310848, 54765170.27920889, NaN, NaN, NaN, NaN, NaN, NaN, NaN, NaN, NaN, NaN, NaN, NaN, NaN, NaN, NaN]	0.0	0.0	0.0
4739.487636364897	2.0	trials	10.0	0.0	0.0	0.0	0.0	0.0	True	10.0	0.0	0.005	[54766328.2753093, 54863292.94877714, 54864451.94487417, 54865608.940977946, 54866768.937071614, NaN, NaN, NaN, NaN, NaN, NaN, NaN, NaN, NaN, NaN, NaN, NaN, NaN, NaN, NaN]	0.0	0.0	0.0
4746.509599918219	2.0	trials	10.0	0.0	0.0	0.0	0.0	0.0	True	10.0	0.0	0.005	[54867926.93317202, 54944564.67509156, 54945723.67118859, 54946881.667289004, 54948040.66338603, NaN, NaN, NaN, NaN, NaN, NaN, NaN, NaN, NaN, NaN, NaN, NaN, NaN, NaN, NaN]	0.0	0.0	0.0
4753.5104819425305	2.0	trials	10.0	0.0	0.0	0.0	0.0	0.0	True	10.0	0.0	0.005	[54949199.659483075, 55025594.40222093, 55026753.39831796, 55027910.394421734, 55029069.39051877, NaN, NaN, NaN, NaN, NaN, NaN, NaN, NaN, NaN, NaN, NaN, NaN, NaN, NaN, NaN]	0.0	0.0	0.0
4760.661699460585	2.0	trials	10.0	0.0	0.0	0.0	0.0	0.0	True	10.0	0.0	0.005	[55030228.38661581, 55108363.12349416, 55109521.11959457, 55110680.1156916, 55111838.11179201, NaN, NaN, NaN, NaN, NaN, NaN, NaN, NaN, NaN, NaN, NaN, NaN, NaN, NaN, NaN]	0.0	0.0	0.0
4766.739746192574	2.0	trials	10.0	0.0	0.0	0.0	0.0	0.0	True	10.0	0.0	0.005	[55112997.10788904, 55178709.8865988, 55179868.882695846, 55181027.87879288, 55182184.87489665, NaN, NaN, NaN, NaN, NaN, NaN, NaN, NaN, NaN, NaN, NaN, NaN, NaN, NaN, NaN]	0.0	0.0	0.0
4772.985926758368	2.0	trials	10.0	0.0	0.0	0.0	0.0	0.0	True	10.0	0.0	0.005	[55183343.87099369, 55251003.64314687, 55252162.63924392, 55253321.63534096, 55254479.63144137, NaN, NaN, NaN, NaN, NaN, NaN, NaN, NaN, NaN, NaN, NaN, NaN, NaN, NaN, NaN]	0.0	0.0	0.0
4780.787906884957	2.0	trials	10.0	0.0	0.0	0.0	0.0	0.0	True	10.0	0.0	0.005	[55255638.6275384, 55341304.33905591, 55342464.33514958, 55343622.33124999, 55344781.32734702, NaN, NaN, NaN, NaN, NaN, NaN, NaN, NaN, NaN, NaN, NaN, NaN, NaN, NaN, NaN]	0.0	0.0	0.0
4787.697550816519	2.0	trials	10.0	0.0	0.0	0.0	0.0	0.0	True	10.0	0.0	0.005	[55345939.32344743, 55421278.06974138, 55422436.065841794, 55423594.06194219, 55424753.058039226, NaN, NaN, NaN, NaN, NaN, NaN, NaN, NaN, NaN, NaN, NaN, NaN, NaN, NaN, NaN]	0.0	0.0	0.0
4796.070028221941	2.0	trials	10.0	0.0	0.0	0.0	0.0	0.0	True	10.0	0.0	0.005	[55425912.054136276, 55518180.743418016, 55519339.739515044, 55520498.73561208, 55521656.73171249, NaN, NaN, NaN, NaN, NaN, NaN, NaN, NaN, NaN, NaN, NaN, NaN, NaN, NaN, NaN]	0.0	0.0	0.0
4803.65747787097	2.0	trials	10.0	0.0	0.0	0.0	0.0	0.0	True	10.0	0.0	0.005	[55522815.72780952, 55605999.44768524, 55607157.44378565, 55608316.439882696, 55609475.435979724, NaN, NaN, NaN, NaN, NaN, NaN, NaN, NaN, NaN, NaN, NaN, NaN, NaN, NaN, NaN]	0.0	0.0	0.0
4812.474654578854	2.0	trials	10.0	0.0	0.0	0.0	0.0	0.0	True	10.0	0.0	0.005	[55610634.43207676, 55708050.10402585, 55709208.10012626, 55710368.09621991, 55711526.09232032, NaN, NaN, NaN, NaN, NaN, NaN, NaN, NaN, NaN, NaN, NaN, NaN, NaN, NaN, NaN]	0.0	0.0	0.0
4820.367872798197	2.0	trials	10.0	0.0	0.0	0.0	0.0	0.0	True	10.0	0.0	0.005	[55712684.08842073, 55799405.79638214, 55800565.792475805, 55801723.78857621, 55802881.78467661, NaN, NaN, NaN, NaN, NaN, NaN, NaN, NaN, NaN, NaN, NaN, NaN, NaN, NaN, NaN]	0.0	0.0	0.0
4825.887777409747	2.0	trials	10.0	0.0	0.0	0.0	0.0	0.0	True	10.0	0.0	0.005	[55804040.780773655, 55863294.58123427, 55864452.57733467, 55865612.57342835, 55866769.56953212, NaN, NaN, NaN, NaN, NaN, NaN, NaN, NaN, NaN, NaN, NaN, NaN, NaN, NaN, NaN]	0.0	0.0	0.0
4846.904679434679	2.0	trials	11.0	0.0	0.0	0.0	0.0	0.0	True	20.0	0.0	0.005	[55867928.56562915, 56106544.762080185, 56107124.76012703, 56107704.75817385, 56108283.756224066, 56108861.75427763, 56109441.75232448, 56110020.750374675, 56110599.74842487, 56111179.7464717, NaN, NaN, NaN, NaN, NaN, NaN, NaN, NaN, NaN, NaN]	0.0	0.0	0.0
4855.851801304969	2.0	trials	11.0	0.0	0.0	0.0	0.0	0.0	True	20.0	0.0	0.005	[56111759.74451854, 56210099.41335604, 56210678.411406234, 56211258.40945308, 56211837.40750328, 56212416.40555348, 56212996.403600305, 56213575.40165052, 56214155.39969734, 56214734.397747554, NaN, NaN, NaN, NaN, NaN, NaN, NaN, NaN, NaN, NaN]	0.0	0.0	0.0
4862.223779847133	2.0	trials	11.0	0.0	0.0	0.0	0.0	0.0	True	20.0	0.0	0.005	[56215313.39579775, 56283850.16499763, 56284429.16304783, 56285008.161098026, 56285588.15914486, 56286166.15719844, 56286746.15524527, 56287325.153295465, 56287905.1513423, 56288484.14939251, NaN, NaN, NaN, NaN, NaN, NaN, NaN, NaN, NaN, NaN]	0.0	0.0	0.0
4871.0349949750935	2.0	trials	11.0	0.0	0.0	0.0	0.0	0.0	True	20.0	0.0	0.005	[56289063.1474427, 56385831.82157059, 56386410.81962078, 56386989.817670986, 56387568.815721184, 56388148.81376803, 56388726.811821595, 56389306.809868425, 56389885.80791864, 56390465.80596546, NaN, NaN, NaN, NaN, NaN, NaN, NaN, NaN, NaN, NaN]	0.0	0.0	0.0
4877.4923364297965	2.0	trials	11.0	0.0	0.0	0.0	0.0	0.0	True	20.0	0.0	0.005	[56391044.80401567, 56460568.56989179, 56461148.56793863, 56461727.56598883, 56462307.56403566, 56462886.56208587, 56463465.56013607, 56464045.558182895, 56464624.55623311, 56465202.554286666, NaN, NaN, NaN, NaN, NaN, NaN, NaN, NaN, NaN, NaN]	0.0	0.0	0.0
4883.378748607121	2.0	trials	11.0	0.0	0.0	0.0	0.0	0.0	True	20.0	0.0	0.005	[56465782.55233351, 56528699.34045888, 56529277.33851244, 56529857.33655929, 56530437.33460611, 56531015.332659684, 56531595.330706514, 56532174.32875673, 56532753.32680692, 56533333.32485376, NaN, NaN, NaN, NaN, NaN, NaN, NaN, NaN, NaN, NaN]	0.0	0.0	0.0
4888.64066368746	2.0	trials	11.0	0.0	0.0	0.0	0.0	0.0	True	20.0	0.0	0.005	[56533913.32290059, 56589601.1353698, 56590181.13341664, 56590759.13147021, 56591340.12951368, 56591918.12756724, 56592497.12561745, 56593077.12366428, 56593656.12171449, 56594235.11976469, NaN, NaN, NaN, NaN, NaN, NaN, NaN, NaN, NaN, NaN]	0.0	0.0	0.0
4896.459146158478	2.0	trials	11.0	0.0	0.0	0.0	0.0	0.0	True	20.0	0.0	0.005	[56594814.11781489, 56680090.83064237, 56680670.82868921, 56681249.826739416, 56681828.82478961, 56682408.82283645, 56682987.82088665, 56683567.818933494, 56684146.81698368, 56684726.81503052, NaN, NaN, NaN, NaN, NaN, NaN, NaN, NaN, NaN, NaN]	0.0	0.0	0.0
4901.876667114808	2.0	trials	11.0	0.0	0.0	0.0	0.0	0.0	True	20.0	0.0	0.005	[56685304.81308409, 56742795.61948165, 56743374.61753185, 56743954.615578696, 56744533.613628894, 56745112.61167909, 56745692.60972593, 56746271.607776135, 56746850.605826326, 56747429.60387654, NaN, NaN, NaN, NaN, NaN, NaN, NaN, NaN, NaN, NaN]	0.0	0.0	0.0
4910.858608067843	2.0	trials	11.0	0.0	0.0	0.0	0.0	0.0	True	20.0	0.0	0.005	[56748009.601923384, 56846753.26940038, 56847333.26744722, 56847912.26549742, 56848491.26354762, 56849070.261597835, 56849649.25964803, 56850228.25769823, 56850808.25574507, 56851387.25379527, NaN, NaN, NaN, NaN, NaN, NaN, NaN, NaN, NaN, NaN]	0.0	0.0	0.0
4916.252714703022	2.0	trials	11.0	0.0	0.0	0.0	0.0	0.0	True	20.0	0.0	0.005	[56851966.251845464, 56909185.059158996, 56909763.05721257, 56910343.0552594, 56910923.05330624, 56911501.05135982, 56912081.04940664, 56912661.047453485, 56913240.04550368, 56913818.04355726, NaN, NaN, NaN, NaN, NaN, NaN, NaN, NaN, NaN, NaN]	0.0	0.0	0.0
4924.316831546859	2.0	trials	11.0	0.0	0.0	0.0	0.0	0.0	True	20.0	0.0	0.005	[56914398.04160408, 57002518.74485432, 57003097.74290453, 57003677.74095137, 57004257.7389982, 57004835.73705178, 57005414.735101976, 57005994.733148806, 57006573.731199004, 57007153.72924584, NaN, NaN, NaN, NaN, NaN, NaN, NaN, NaN, NaN, NaN]	0.0	0.0	0.0
4930.715593998828	2.0	trials	11.0	0.0	0.0	0.0	0.0	0.0	True	20.0	0.0	0.005	[57007732.72729604, 57076578.49545535, 57077158.493502185, 57077737.49155238, 57078316.48960259, 57078895.487652786, 57079475.485699624, 57080054.48374982, 57080634.48179667, 57081213.47984686, NaN, NaN, NaN, NaN, NaN, NaN, NaN, NaN, NaN, NaN]	0.0	0.0	0.0
4936.046801645822	2.0	trials	11.0	0.0	0.0	0.0	0.0	0.0	True	20.0	0.0	0.005	[57081792.47789706, 57138282.287665516, 57138861.285715714, 57139442.283759184, 57140020.281812765, 57140600.279859595, 57141179.27790979, 57141758.275960006, 57142338.274006836, 57142916.2720604, NaN, NaN, NaN, NaN, NaN, NaN, NaN, NaN, NaN, NaN]	0.0	0.0	0.0
4945.068486465018	2.0	trials	11.0	0.0	0.0	0.0	0.0	0.0	True	20.0	0.0	0.005	[57143496.27010725, 57242699.936035186, 57243278.93408539, 57243858.93213223, 57244436.9301858, 57245017.92822926, 57245596.92627947, 57246174.924333036, 57246754.922379866, 57247333.920430064, NaN, NaN, NaN, NaN, NaN, NaN, NaN, NaN, NaN, NaN]	0.0	0.0	0.0
4950.230696281117	2.0	trials	11.0	0.0	0.0	0.0	0.0	0.0	True	20.0	0.0	0.005	[57247913.91847691, 57302448.734828874, 57303027.73287909, 57303607.73092591, 57304185.72897948, 57304764.72702968, 57305344.72507653, 57305924.72312335, 57306503.72117356, 57307082.71922376, NaN, NaN, NaN, NaN, NaN, NaN, NaN, NaN, NaN, NaN]	0.0	0.0	0.0
4956.645183480133	2.0	trials	11.0	0.0	0.0	0.0	0.0	0.0	True	20.0	0.0	0.005	[57307661.717273965, 57376690.48481702, 57377268.48287058, 57377848.48091742, 57378427.478967614, 57379006.47701782, 57379586.47506465, 57380164.47311822, 57380744.47116505, 57381324.46921189, NaN, NaN, NaN, NaN, NaN, NaN, NaN, NaN, NaN, NaN]	0.0	0.0	0.0
4964.498485033896	2.0	trials	11.0	0.0	0.0	0.0	0.0	0.0	True	20.0	0.0	0.005	[57381903.46726209, 57467584.178729095, 57468164.17677593, 57468743.17482613, 57469322.17287634, 57469902.17092317, 57470481.16897337, 57471060.16702357, 57471640.165070415, 57472218.16312398, NaN, NaN, NaN, NaN, NaN, NaN, NaN, NaN, NaN, NaN]	0.0	0.0	0.0
4973.26503151228	2.0	trials	11.0	0.0	0.0	0.0	0.0	0.0	True	20.0	0.0	0.005	[57472798.16117081, 57569049.8370397, 57569628.8350899, 57570207.83314011, 57570787.831186935, 57571365.829240516, 57571945.827287346, 57572524.82533755, 57573103.82338775, 57573682.82143796, NaN, NaN, NaN, NaN, NaN, NaN, NaN, NaN, NaN, NaN]	0.0	0.0	0.0
4982.383656805027	2.0	trials	11.0	0.0	0.0	0.0	0.0	0.0	True	20.0	0.0	0.005	[57574262.819484785, 57674588.48163436, 57675168.47968121, 57675747.47773142, 57676326.475781605, 57676906.47382845, 57677485.47187865, 57678065.469925486, 57678643.46797905, 57679222.46602926, NaN, NaN, NaN, NaN, NaN, NaN, NaN, NaN, NaN, NaN]	0.0	0.0	0.0
4991.438432712789	2.0	trials	11.0	0.0	0.0	0.0	0.0	0.0	True	20.0	0.0	0.005	[57679802.464076094, 57779390.1287109, 57779968.12676448, 57780548.124811314, 57781128.122858144, 57781707.12090834, 57782286.118958555, 57782865.11700875, 57783444.115058966, 57784023.11310915, NaN, NaN, NaN, NaN, NaN, NaN, NaN, NaN, NaN, NaN]	0.0	0.0	0.0
4997.109018416915	2.0	trials	11.0	0.0	0.0	0.0	0.0	0.0	True	20.0	0.0	0.005	[57784603.111155994, 57845021.90769344, 57845601.90574028, 57846179.90379384, 57846759.90184069, 57847338.89989088, 57847918.89793772, 57848497.89598792, 57849076.89403813, 57849655.89208832, NaN, NaN, NaN, NaN, NaN, NaN, NaN, NaN, NaN, NaN]	0.0	0.0	0.0
5004.452475287597	2.0	trials	11.0	0.0	0.0	0.0	0.0	0.0	True	20.0	0.0	0.005	[57850234.89013853, 57930015.62147393, 57930594.619524136, 57931174.617570974, 57931753.61562117, 57932332.61367137, 57932912.611718215, 57933491.609768406, 57934070.60781861, 57934650.605865456, NaN, NaN, NaN, NaN, NaN, NaN, NaN, NaN, NaN, NaN]	0.0	0.0	0.0
5011.623305539604	2.0	trials	11.0	0.0	0.0	0.0	0.0	0.0	True	20.0	0.0	0.005	[57935229.603915654, 58013011.341982745, 58013589.34003632, 58014169.33808315, 58014747.33613671, 58015328.33418018, 58015906.33223376, 58016486.330280595, 58017065.32833079, 58017645.32637762, NaN, NaN, NaN, NaN, NaN, NaN, NaN, NaN, NaN, NaN]	0.0	0.0	0.0
5018.356521265291	2.0	trials	11.0	0.0	0.0	0.0	0.0	0.0	True	20.0	0.0	0.005	[58018224.32442782, 58090941.079551436, 58091521.077598274, 58092100.07564847, 58092680.07369532, 58093259.071745515, 58093838.06979571, 58094417.06784591, 58094997.065892756, 58095576.063942954, NaN, NaN, NaN, NaN, NaN, NaN, NaN, NaN, NaN, NaN]	0.0	0.0	0.0
5026.808745602165	2.0	trials	11.0	0.0	0.0	0.0	0.0	0.0	True	20.0	0.0	0.005	[58096154.061996534, 58188767.750116475, 58189347.748163305, 58189926.7462135, 58190506.74426034, 58191084.742313914, 58191664.740360744, 58192243.73841095, 58192822.736461155, 58193402.73450799, NaN, NaN, NaN, NaN, NaN, NaN, NaN, NaN, NaN, NaN]	0.0	0.0	0.0
5035.094564099414	2.0	trials	11.0	0.0	0.0	0.0	0.0	0.0	True	20.0	0.0	0.005	[58193981.73255819, 58284669.42716399, 58285248.42521419, 58285827.423264384, 58286406.4213146, 58286986.41936144, 58287565.41741163, 58288144.41546184, 58288724.413508676, 58289303.411558874, NaN, NaN, NaN, NaN, NaN, NaN, NaN, NaN, NaN, NaN]	0.0	0.0	0.0
5043.536506870911	2.0	trials	11.0	0.0	0.0	0.0	0.0	0.0	True	20.0	0.0	0.005	[58289883.409605704, 58382377.09812976, 58382956.096179955, 58383536.09422679, 58384114.092280366, 58384694.0903272, 58385274.08837403, 58385852.08642761, 58386431.084477805, 58387010.082528, NaN, NaN, NaN, NaN, NaN, NaN, NaN, NaN, NaN, NaN]	0.0	0.0	0.0
5049.422746248817	2.0	trials	11.0	0.0	0.0	0.0	0.0	0.0	True	20.0	0.0	0.005	[58387590.08057484, 58450502.868713684, 58451083.866757154, 58451662.86480735, 58452241.86285755, 58452821.86090438, 58453400.85895459, 58453980.85700142, 58454559.85505163, 58455138.85310183, NaN, NaN, NaN, NaN, NaN, NaN, NaN, NaN, NaN, NaN]	0.0	0.0	0.0
5056.556424625934	2.0	trials	11.0	0.0	0.0	0.0	0.0	0.0	True	20.0	0.0	0.005	[58455717.85115203, 58533070.59066379, 58533648.58871736, 58534228.586764194, 58534807.58481439, 58535387.58286124, 58535966.580911435, 58536545.57896163, 58537125.57700848, 58537703.575062044, NaN, NaN, NaN, NaN, NaN, NaN, NaN, NaN, NaN, NaN]	0.0	0.0	0.0
5080.579431727714	2.0	trials	12.0	0.0	0.0	0.0	0.0	0.0	True	1.0	0.0	1.0	[58538283.573108874, NaN, NaN, NaN, NaN, NaN, NaN, NaN, NaN, NaN, NaN, NaN, NaN, NaN, NaN, NaN, NaN, NaN, NaN, NaN]	0.0	0.0	0.0
5087.953906093942	2.0	trials	12.0	0.0	0.0	0.0	0.0	0.0	True	1.0	0.0	1.0	[58812245.65053134, NaN, NaN, NaN, NaN, NaN, NaN, NaN, NaN, NaN, NaN, NaN, NaN, NaN, NaN, NaN, NaN, NaN, NaN, NaN]	0.0	0.0	0.0
5096.4075992258695	2.0	trials	12.0	0.0	0.0	0.0	0.0	0.0	True	1.0	0.0	1.0	[58821501.61936152, NaN, NaN, NaN, NaN, NaN, NaN, NaN, NaN, NaN, NaN, NaN, NaN, NaN, NaN, NaN, NaN, NaN, NaN, NaN]	0.0	0.0	0.0
5103.655670817764	2.0	trials	12.0	0.0	0.0	0.0	0.0	0.0	True	1.0	0.0	1.0	[58821503.61935479, NaN, NaN, NaN, NaN, NaN, NaN, NaN, NaN, NaN, NaN, NaN, NaN, NaN, NaN, NaN, NaN, NaN, NaN, NaN]	0.0	0.0	0.0
5110.748136533666	2.0	trials	12.0	0.0	0.0	0.0	0.0	0.0	True	1.0	0.0	1.0	[58821505.61934805, NaN, NaN, NaN, NaN, NaN, NaN, NaN, NaN, NaN, NaN, NaN, NaN, NaN, NaN, NaN, NaN, NaN, NaN, NaN]	0.0	0.0	0.0
5118.145593222502	2.0	trials	12.0	0.0	0.0	0.0	0.0	0.0	True	1.0	0.0	1.0	[58821509.61933457, NaN, NaN, NaN, NaN, NaN, NaN, NaN, NaN, NaN, NaN, NaN, NaN, NaN, NaN, NaN, NaN, NaN, NaN, NaN]	0.0	0.0	0.0
5127.139802934222	2.0	trials	12.0	0.0	0.0	0.0	0.0	0.0	True	1.0	0.0	1.0	[58821511.61932785, NaN, NaN, NaN, NaN, NaN, NaN, NaN, NaN, NaN, NaN, NaN, NaN, NaN, NaN, NaN, NaN, NaN, NaN, NaN]	0.0	0.0	0.0
5135.8717895289865	2.0	trials	12.0	0.0	0.0	0.0	0.0	0.0	True	0.0	0.0	0.0	[NaN, NaN, NaN, NaN, NaN, NaN, NaN, NaN, NaN, NaN, NaN, NaN, NaN, NaN, NaN, NaN, NaN, NaN, NaN, NaN]	0.0	0.0	0.0
5142.577789346325	2.0	trials	12.0	0.0	0.0	0.0	0.0	0.0	True	1.0	0.0	1.0	[58821513.619321115, NaN, NaN, NaN, NaN, NaN, NaN, NaN, NaN, NaN, NaN, NaN, NaN, NaN, NaN, NaN, NaN, NaN, NaN, NaN]	0.0	0.0	0.0
5150.876740599349	2.0	trials	12.0	0.0	0.0	0.0	0.0	0.0	True	1.0	0.0	1.0	[58897600.363096155, NaN, NaN, NaN, NaN, NaN, NaN, NaN, NaN, NaN, NaN, NaN, NaN, NaN, NaN, NaN, NaN, NaN, NaN, NaN]	0.0	0.0	0.0
5158.806246696492	2.0	trials	12.0	0.0	0.0	0.0	0.0	0.0	True	1.0	0.0	1.0	[58906856.33192633, NaN, NaN, NaN, NaN, NaN, NaN, NaN, NaN, NaN, NaN, NaN, NaN, NaN, NaN, NaN, NaN, NaN, NaN, NaN]	0.0	0.0	0.0
5165.743970533492	2.0	trials	12.0	0.0	0.0	0.0	0.0	0.0	True	1.0	0.0	1.0	[58906861.3319095, NaN, NaN, NaN, NaN, NaN, NaN, NaN, NaN, NaN, NaN, NaN, NaN, NaN, NaN, NaN, NaN, NaN, NaN, NaN]	0.0	0.0	0.0
5174.222028383369	2.0	trials	12.0	0.0	0.0	0.0	0.0	0.0	True	0.0	0.0	0.0	[NaN, NaN, NaN, NaN, NaN, NaN, NaN, NaN, NaN, NaN, NaN, NaN, NaN, NaN, NaN, NaN, NaN, NaN, NaN, NaN]	0.0	0.0	0.0
5179.585981520092	2.0	trials	12.0	0.0	0.0	0.0	0.0	0.0	True	1.0	0.0	1.0	[58995442.03361068, NaN, NaN, NaN, NaN, NaN, NaN, NaN, NaN, NaN, NaN, NaN, NaN, NaN, NaN, NaN, NaN, NaN, NaN, NaN]	0.0	0.0	0.0
5186.575977181064	2.0	trials	12.0	0.0	0.0	0.0	0.0	0.0	True	1.0	0.0	1.0	[58995445.03360057, NaN, NaN, NaN, NaN, NaN, NaN, NaN, NaN, NaN, NaN, NaN, NaN, NaN, NaN, NaN, NaN, NaN, NaN, NaN]	0.0	0.0	0.0
5192.527707538428	2.0	trials	12.0	0.0	0.0	0.0	0.0	0.0	True	1.0	0.0	1.0	[59004669.00253851, NaN, NaN, NaN, NaN, NaN, NaN, NaN, NaN, NaN, NaN, NaN, NaN, NaN, NaN, NaN, NaN, NaN, NaN, NaN]	0.0	0.0	0.0
5201.56978268896	2.0	trials	12.0	0.0	0.0	0.0	0.0	0.0	True	1.0	0.0	1.0	[59004702.002427384, NaN, NaN, NaN, NaN, NaN, NaN, NaN, NaN, NaN, NaN, NaN, NaN, NaN, NaN, NaN, NaN, NaN, NaN, NaN]	0.0	0.0	0.0
5207.013655556549	2.0	trials	12.0	0.0	0.0	0.0	0.0	0.0	True	1.0	0.0	1.0	[59004705.002417274, NaN, NaN, NaN, NaN, NaN, NaN, NaN, NaN, NaN, NaN, NaN, NaN, NaN, NaN, NaN, NaN, NaN, NaN, NaN]	0.0	0.0	0.0
5214.861081930098	2.0	trials	12.0	0.0	0.0	0.0	0.0	0.0	True	1.0	0.0	1.0	[59079336.75109208, NaN, NaN, NaN, NaN, NaN, NaN, NaN, NaN, NaN, NaN, NaN, NaN, NaN, NaN, NaN, NaN, NaN, NaN, NaN]	0.0	0.0	0.0
5220.553785959741	2.0	trials	12.0	0.0	0.0	0.0	0.0	0.0	True	1.0	0.0	1.0	[59088581.71995929, NaN, NaN, NaN, NaN, NaN, NaN, NaN, NaN, NaN, NaN, NaN, NaN, NaN, NaN, NaN, NaN, NaN, NaN, NaN]	0.0	0.0	0.0
5227.525896880941	2.0	trials	12.0	0.0	0.0	0.0	0.0	0.0	True	1.0	0.0	1.0	[59088588.71993573, NaN, NaN, NaN, NaN, NaN, NaN, NaN, NaN, NaN, NaN, NaN, NaN, NaN, NaN, NaN, NaN, NaN, NaN, NaN]	0.0	0.0	0.0
5234.797814792533	2.0	trials	12.0	0.0	0.0	0.0	0.0	0.0	True	1.0	0.0	1.0	[59088592.71992226, NaN, NaN, NaN, NaN, NaN, NaN, NaN, NaN, NaN, NaN, NaN, NaN, NaN, NaN, NaN, NaN, NaN, NaN, NaN]	0.0	0.0	0.0
5240.545901035674	2.0	trials	12.0	0.0	0.0	0.0	0.0	0.0	True	1.0	0.0	1.0	[59088602.71988858, NaN, NaN, NaN, NaN, NaN, NaN, NaN, NaN, NaN, NaN, NaN, NaN, NaN, NaN, NaN, NaN, NaN, NaN, NaN]	0.0	0.0	0.0
5247.289830325283	2.0	trials	12.0	0.0	0.0	0.0	0.0	0.0	True	1.0	0.0	1.0	[59088619.71983134, NaN, NaN, NaN, NaN, NaN, NaN, NaN, NaN, NaN, NaN, NaN, NaN, NaN, NaN, NaN, NaN, NaN, NaN, NaN]	0.0	0.0	0.0
5254.276542797314	2.0	trials	12.0	0.0	0.0	0.0	0.0	0.0	True	1.0	0.0	1.0	[59161420.47467208, NaN, NaN, NaN, NaN, NaN, NaN, NaN, NaN, NaN, NaN, NaN, NaN, NaN, NaN, NaN, NaN, NaN, NaN, NaN]	0.0	0.0	0.0
5261.072657511186	2.0	trials	12.0	0.0	0.0	0.0	0.0	0.0	True	1.0	0.0	1.0	[59161423.47466196, NaN, NaN, NaN, NaN, NaN, NaN, NaN, NaN, NaN, NaN, NaN, NaN, NaN, NaN, NaN, NaN, NaN, NaN, NaN]	0.0	0.0	0.0
5268.229923008873	2.0	trials	12.0	0.0	0.0	0.0	0.0	0.0	True	0.0	0.0	0.0	[NaN, NaN, NaN, NaN, NaN, NaN, NaN, NaN, NaN, NaN, NaN, NaN, NaN, NaN, NaN, NaN, NaN, NaN, NaN, NaN]	0.0	0.0	0.0
5274.967977118267	2.0	trials	12.0	0.0	0.0	0.0	0.0	0.0	True	1.0	0.0	1.0	[59170678.44349552, NaN, NaN, NaN, NaN, NaN, NaN, NaN, NaN, NaN, NaN, NaN, NaN, NaN, NaN, NaN, NaN, NaN, NaN, NaN]	0.0	0.0	0.0
5280.919966674758	2.0	trials	12.0	0.0	0.0	0.0	0.0	0.0	True	1.0	0.0	1.0	[59170681.44348542, NaN, NaN, NaN, NaN, NaN, NaN, NaN, NaN, NaN, NaN, NaN, NaN, NaN, NaN, NaN, NaN, NaN, NaN, NaN]	0.0	0.0	0.0
5288.370818383784	2.0	trials	12.0	0.0	0.0	0.0	0.0	0.0	True	1.0	0.0	1.0	[59170683.44347867, NaN, NaN, NaN, NaN, NaN, NaN, NaN, NaN, NaN, NaN, NaN, NaN, NaN, NaN, NaN, NaN, NaN, NaN, NaN]	0.0	0.0	0.0
