onset	duration	nwb_table	Block	sound	sound_puretone	sound_bluenoise	sound_freq	sound_amp	optogenetics	opto_freq	opto_power	opto_pulse_duration	opto_pulse_ts	airpuff	airpuff_duration	airpuff_amp
309.9019278322508	2.0	trials	1.0	1.0	1.0	0.0	10000.0	1.0	False	0.0	0.0	0.0	"[nan nan nan nan nan nan nan nan nan nan nan nan nan nan nan nan nan nan
 nan nan]"	0.0	0.0	0.0
316.5261986885098	2.0	trials	1.0	1.0	1.0	0.0	10000.0	1.0	False	0.0	0.0	0.0	"[nan nan nan nan nan nan nan nan nan nan nan nan nan nan nan nan nan nan
 nan nan]"	0.0	0.0	0.0
322.5200967761857	2.0	trials	1.0	1.0	1.0	0.0	10000.0	1.0	False	0.0	0.0	0.0	"[nan nan nan nan nan nan nan nan nan nan nan nan nan nan nan nan nan nan
 nan nan]"	0.0	0.0	0.0
330.2719711141851	2.0	trials	1.0	1.0	1.0	0.0	10000.0	1.0	False	0.0	0.0	0.0	"[nan nan nan nan nan nan nan nan nan nan nan nan nan nan nan nan nan nan
 nan nan]"	0.0	0.0	0.0
338.095557266593	2.0	trials	1.0	1.0	1.0	0.0	10000.0	1.0	False	0.0	0.0	0.0	"[nan nan nan nan nan nan nan nan nan nan nan nan nan nan nan nan nan nan
 nan nan]"	0.0	0.0	0.0
346.49249233516275	2.0	trials	1.0	1.0	1.0	0.0	10000.0	1.0	False	0.0	0.0	0.0	"[nan nan nan nan nan nan nan nan nan nan nan nan nan nan nan nan nan nan
 nan nan]"	0.0	0.0	0.0
353.53994929620796	2.0	trials	1.0	1.0	1.0	0.0	10000.0	1.0	False	0.0	0.0	0.0	"[nan nan nan nan nan nan nan nan nan nan nan nan nan nan nan nan nan nan
 nan nan]"	0.0	0.0	0.0
360.17588412228037	2.0	trials	1.0	1.0	1.0	0.0	10000.0	1.0	False	0.0	0.0	0.0	"[nan nan nan nan nan nan nan nan nan nan nan nan nan nan nan nan nan nan
 nan nan]"	0.0	0.0	0.0
365.49154396525006	2.0	trials	1.0	1.0	1.0	0.0	10000.0	1.0	False	0.0	0.0	0.0	"[nan nan nan nan nan nan nan nan nan nan nan nan nan nan nan nan nan nan
 nan nan]"	0.0	0.0	0.0
373.38684193206626	2.0	trials	1.0	1.0	1.0	0.0	10000.0	1.0	False	0.0	0.0	0.0	"[nan nan nan nan nan nan nan nan nan nan nan nan nan nan nan nan nan nan
 nan nan]"	0.0	0.0	0.0
379.1898829136841	2.0	trials	1.0	1.0	1.0	0.0	10000.0	1.0	False	0.0	0.0	0.0	"[nan nan nan nan nan nan nan nan nan nan nan nan nan nan nan nan nan nan
 nan nan]"	0.0	0.0	0.0
387.0555457571967	2.0	trials	1.0	1.0	1.0	0.0	10000.0	1.0	False	0.0	0.0	0.0	"[nan nan nan nan nan nan nan nan nan nan nan nan nan nan nan nan nan nan
 nan nan]"	0.0	0.0	0.0
392.7737421583939	2.0	trials	1.0	1.0	1.0	0.0	10000.0	1.0	False	0.0	0.0	0.0	"[nan nan nan nan nan nan nan nan nan nan nan nan nan nan nan nan nan nan
 nan nan]"	0.0	0.0	0.0
398.1444386589276	2.0	trials	1.0	1.0	1.0	0.0	10000.0	1.0	False	0.0	0.0	0.0	"[nan nan nan nan nan nan nan nan nan nan nan nan nan nan nan nan nan nan
 nan nan]"	0.0	0.0	0.0
404.2711332029237	2.0	trials	1.0	1.0	1.0	0.0	10000.0	1.0	False	0.0	0.0	0.0	"[nan nan nan nan nan nan nan nan nan nan nan nan nan nan nan nan nan nan
 nan nan]"	0.0	0.0	0.0
412.286094860048	2.0	trials	1.0	1.0	1.0	0.0	10000.0	1.0	False	0.0	0.0	0.0	"[nan nan nan nan nan nan nan nan nan nan nan nan nan nan nan nan nan nan
 nan nan]"	0.0	0.0	0.0
420.8598902708998	2.0	trials	1.0	1.0	1.0	0.0	10000.0	1.0	False	0.0	0.0	0.0	"[nan nan nan nan nan nan nan nan nan nan nan nan nan nan nan nan nan nan
 nan nan]"	0.0	0.0	0.0
429.43368568175157	2.0	trials	1.0	1.0	1.0	0.0	10000.0	1.0	False	0.0	0.0	0.0	"[nan nan nan nan nan nan nan nan nan nan nan nan nan nan nan nan nan nan
 nan nan]"	0.0	0.0	0.0
437.2107887544586	2.0	trials	1.0	1.0	1.0	0.0	10000.0	1.0	False	0.0	0.0	0.0	"[nan nan nan nan nan nan nan nan nan nan nan nan nan nan nan nan nan nan
 nan nan]"	0.0	0.0	0.0
445.1177506910883	2.0	trials	1.0	1.0	1.0	0.0	10000.0	1.0	False	0.0	0.0	0.0	"[nan nan nan nan nan nan nan nan nan nan nan nan nan nan nan nan nan nan
 nan nan]"	0.0	0.0	0.0
453.51183456703694	2.0	trials	1.0	1.0	1.0	0.0	10000.0	1.0	False	0.0	0.0	0.0	"[nan nan nan nan nan nan nan nan nan nan nan nan nan nan nan nan nan nan
 nan nan]"	0.0	0.0	0.0
462.37576042702557	2.0	trials	1.0	1.0	1.0	0.0	10000.0	1.0	False	0.0	0.0	0.0	"[nan nan nan nan nan nan nan nan nan nan nan nan nan nan nan nan nan nan
 nan nan]"	0.0	0.0	0.0
468.28403633629335	2.0	trials	1.0	1.0	1.0	0.0	10000.0	1.0	False	0.0	0.0	0.0	"[nan nan nan nan nan nan nan nan nan nan nan nan nan nan nan nan nan nan
 nan nan]"	0.0	0.0	0.0
475.1357978038023	2.0	trials	1.0	1.0	1.0	0.0	10000.0	1.0	False	0.0	0.0	0.0	"[nan nan nan nan nan nan nan nan nan nan nan nan nan nan nan nan nan nan
 nan nan]"	0.0	0.0	0.0
484.0893202319132	2.0	trials	1.0	1.0	1.0	0.0	10000.0	1.0	False	0.0	0.0	0.0	"[nan nan nan nan nan nan nan nan nan nan nan nan nan nan nan nan nan nan
 nan nan]"	0.0	0.0	0.0
489.5600676735132	2.0	trials	1.0	1.0	1.0	0.0	10000.0	1.0	False	0.0	0.0	0.0	"[nan nan nan nan nan nan nan nan nan nan nan nan nan nan nan nan nan nan
 nan nan]"	0.0	0.0	0.0
496.3474613076073	2.0	trials	1.0	1.0	1.0	0.0	10000.0	1.0	False	0.0	0.0	0.0	"[nan nan nan nan nan nan nan nan nan nan nan nan nan nan nan nan nan nan
 nan nan]"	0.0	0.0	0.0
502.5986579293895	2.0	trials	1.0	1.0	1.0	0.0	10000.0	1.0	False	0.0	0.0	0.0	"[nan nan nan nan nan nan nan nan nan nan nan nan nan nan nan nan nan nan
 nan nan]"	0.0	0.0	0.0
508.58002804948813	2.0	trials	1.0	1.0	1.0	0.0	10000.0	1.0	False	0.0	0.0	0.0	"[nan nan nan nan nan nan nan nan nan nan nan nan nan nan nan nan nan nan
 nan nan]"	0.0	0.0	0.0
516.4670316377704	2.0	trials	1.0	1.0	1.0	0.0	10000.0	1.0	False	0.0	0.0	0.0	"[nan nan nan nan nan nan nan nan nan nan nan nan nan nan nan nan nan nan
 nan nan]"	0.0	0.0	0.0
522.9623940276471	2.0	trials	1.0	1.0	1.0	0.0	10000.0	1.0	False	0.0	0.0	0.0	"[nan nan nan nan nan nan nan nan nan nan nan nan nan nan nan nan nan nan
 nan nan]"	0.0	0.0	0.0
530.522460862048	2.0	trials	1.0	1.0	1.0	0.0	10000.0	1.0	False	0.0	0.0	0.0	"[nan nan nan nan nan nan nan nan nan nan nan nan nan nan nan nan nan nan
 nan nan]"	0.0	0.0	0.0
536.2397068657049	2.0	trials	1.0	1.0	1.0	0.0	10000.0	1.0	False	0.0	0.0	0.0	"[nan nan nan nan nan nan nan nan nan nan nan nan nan nan nan nan nan nan
 nan nan]"	0.0	0.0	0.0
542.6139367690746	2.0	trials	1.0	1.0	1.0	0.0	10000.0	1.0	False	0.0	0.0	0.0	"[nan nan nan nan nan nan nan nan nan nan nan nan nan nan nan nan nan nan
 nan nan]"	0.0	0.0	0.0
548.0140955933593	2.0	trials	1.0	1.0	1.0	0.0	10000.0	1.0	False	0.0	0.0	0.0	"[nan nan nan nan nan nan nan nan nan nan nan nan nan nan nan nan nan nan
 nan nan]"	0.0	0.0	0.0
553.2684115950879	2.0	trials	1.0	1.0	1.0	0.0	10000.0	1.0	False	0.0	0.0	0.0	"[nan nan nan nan nan nan nan nan nan nan nan nan nan nan nan nan nan nan
 nan nan]"	0.0	0.0	0.0
561.3139587730564	2.0	trials	1.0	1.0	1.0	0.0	10000.0	1.0	False	0.0	0.0	0.0	"[nan nan nan nan nan nan nan nan nan nan nan nan nan nan nan nan nan nan
 nan nan]"	0.0	0.0	0.0
569.2712917793248	2.0	trials	1.0	1.0	1.0	0.0	10000.0	1.0	False	0.0	0.0	0.0	"[nan nan nan nan nan nan nan nan nan nan nan nan nan nan nan nan nan nan
 nan nan]"	0.0	0.0	0.0
576.0801989577413	2.0	trials	1.0	1.0	1.0	0.0	10000.0	1.0	False	0.0	0.0	0.0	"[nan nan nan nan nan nan nan nan nan nan nan nan nan nan nan nan nan nan
 nan nan]"	0.0	0.0	0.0
584.3723310975432	2.0	trials	1.0	1.0	1.0	0.0	10000.0	1.0	False	0.0	0.0	0.0	"[nan nan nan nan nan nan nan nan nan nan nan nan nan nan nan nan nan nan
 nan nan]"	0.0	0.0	0.0
593.1506347791236	2.0	trials	1.0	1.0	1.0	0.0	10000.0	1.0	False	0.0	0.0	0.0	"[nan nan nan nan nan nan nan nan nan nan nan nan nan nan nan nan nan nan
 nan nan]"	0.0	0.0	0.0
599.4141865689305	2.0	trials	1.0	1.0	1.0	0.0	10000.0	1.0	False	0.0	0.0	0.0	"[nan nan nan nan nan nan nan nan nan nan nan nan nan nan nan nan nan nan
 nan nan]"	0.0	0.0	0.0
604.6358434551815	2.0	trials	1.0	1.0	1.0	0.0	10000.0	1.0	False	0.0	0.0	0.0	"[nan nan nan nan nan nan nan nan nan nan nan nan nan nan nan nan nan nan
 nan nan]"	0.0	0.0	0.0
610.2203794022947	2.0	trials	1.0	1.0	1.0	0.0	10000.0	1.0	False	0.0	0.0	0.0	"[nan nan nan nan nan nan nan nan nan nan nan nan nan nan nan nan nan nan
 nan nan]"	0.0	0.0	0.0
617.6662257323004	2.0	trials	1.0	1.0	1.0	0.0	10000.0	1.0	False	0.0	0.0	0.0	"[nan nan nan nan nan nan nan nan nan nan nan nan nan nan nan nan nan nan
 nan nan]"	0.0	0.0	0.0
623.3904701178454	2.0	trials	1.0	1.0	1.0	0.0	10000.0	1.0	False	0.0	0.0	0.0	"[nan nan nan nan nan nan nan nan nan nan nan nan nan nan nan nan nan nan
 nan nan]"	0.0	0.0	0.0
629.6554907038511	2.0	trials	1.0	1.0	1.0	0.0	10000.0	1.0	False	0.0	0.0	0.0	"[nan nan nan nan nan nan nan nan nan nan nan nan nan nan nan nan nan nan
 nan nan]"	0.0	0.0	0.0
634.8317877074944	2.0	trials	1.0	1.0	1.0	0.0	10000.0	1.0	False	0.0	0.0	0.0	"[nan nan nan nan nan nan nan nan nan nan nan nan nan nan nan nan nan nan
 nan nan]"	0.0	0.0	0.0
643.5996370161309	2.0	trials	1.0	1.0	1.0	0.0	10000.0	1.0	False	0.0	0.0	0.0	"[nan nan nan nan nan nan nan nan nan nan nan nan nan nan nan nan nan nan
 nan nan]"	0.0	0.0	0.0
648.9982406444404	2.0	trials	1.0	1.0	1.0	0.0	10000.0	1.0	False	0.0	0.0	0.0	"[nan nan nan nan nan nan nan nan nan nan nan nan nan nan nan nan nan nan
 nan nan]"	0.0	0.0	0.0
696.1923041052921	2.0	trials	2.0	1.0	1.0	0.0	10000.0	1.0	True	40.0	0.0	0.005	"[8065892.27647196 8066182.27572144 8066473.27496833 8066761.27422298
 8067052.27346986 8067341.27272192 8067631.2719714  8067920.27122346
 8068210.27047294 8068500.26972241 8068789.26897447 8069078.26822654
 8069368.26747601 8069658.26672549 8069947.26597755 8070238.26522443
 8070527.2644765  8070817.26372597 8071106.26297803 8071396.26222751]"	0.0	0.0	0.0
703.8906105819264	2.0	trials	2.0	1.0	1.0	0.0	10000.0	1.0	True	40.0	0.0	0.005	"[8154993.04587688 8155283.04512636 8155573.04437583 8155862.04362789
 8156154.04287219 8156441.04212943 8156732.04137632 8157021.04062838
 8157310.03988044 8157601.03912733 8157890.03837939 8158179.03763145
 8158469.03688093 8158758.03613299 8159049.03537988 8159338.03463194
 8159627.033884   8159917.03313348 8160207.03238295 8160497.03163243]"	0.0	0.0	0.0
709.4487945972387	2.0	trials	2.0	1.0	1.0	0.0	10000.0	1.0	True	40.0	0.0	0.005	"[8219324.87938444 8219613.8786365  8219903.87788598 8220192.87713804
 8220482.87638751 8220771.87563958 8221061.87488905 8221351.87413853
 8221641.873388   8221930.87264006 8222220.87188954 8222510.87113901
 8222799.87039108 8223088.86964314 8223378.86889261 8223668.86814209
 8223958.86739156 8224248.86664104 8224537.8658931  8224827.86514257]"	0.0	0.0	0.0
716.2984824701141	2.0	trials	2.0	1.0	1.0	0.0	10000.0	1.0	True	40.0	0.0	0.005	"[8298602.67421147 8298892.67346094 8299182.67271042 8299471.67196248
 8299760.67121454 8300051.67046143 8300340.66971349 8300630.66896297
 8300919.66821503 8301209.6674645  8301498.66671657 8301788.66596604
 8302078.66521551 8302367.66446758 8302658.66371446 8302948.66296394
 8303237.662216   8303527.66146547 8303816.66071754 8304105.6599696 ]"	0.0	0.0	0.0
722.5444087055363	2.0	trials	2.0	1.0	1.0	0.0	10000.0	1.0	True	40.0	0.0	0.005	"[8370893.48712098 8371183.48637046 8371472.48562252 8371762.484872
 8372052.48412147 8372341.48337353 8372631.48262301 8372921.48187248
 8373211.48112196 8373500.48037402 8373790.47962349 8374080.47887297
 8374369.47812503 8374659.47737451 8374948.47662657 8375238.47587604
 8375528.47512552 8375817.47437758 8376106.47362964 8376397.47287653]"	0.0	0.0	0.0
728.064663219011	2.0	trials	2.0	1.0	1.0	0.0	10000.0	1.0	True	40.0	0.0	0.005	"[8434785.32176727 8435075.32101675 8435364.32026881 8435654.31951828
 8435944.31876776 8436234.31801723 8436523.3172693  8436813.31651877
 8437102.31577083 8437392.31502031 8437682.31426978 8437971.31352185
 8438261.31277132 8438551.31202079 8438841.31127027 8439130.31052233
 8439419.30977439 8439709.30902387 8440000.30827075 8440288.3075254 ]"	0.0	0.0	0.0
733.938724816826	2.0	trials	2.0	1.0	1.0	0.0	10000.0	1.0	True	40.0	0.0	0.005	"[8502773.14581303 8503062.1450651  8503352.14431457 8503642.14356405
 8503932.14281352 8504221.14206558 8504510.14131765 8504800.14056712
 8505090.1398166  8505379.13906866 8505669.13831813 8505958.13757019
 8506249.13681708 8506538.13606915 8506828.13531862 8507117.13457068
 8507407.13382016 8507697.13306963 8507986.13232169 8508276.13157117]"	0.0	0.0	0.0
741.3544176248697	2.0	trials	2.0	1.0	1.0	0.0	10000.0	1.0	True	40.0	0.0	0.005	"[8588602.92368336 8588892.92293284 8589182.92218231 8589471.92143437
 8589760.92068644 8590051.91993332 8590339.91918797 8590629.91843745
 8590920.91768434 8591208.91693899 8591498.91618846 8591788.91543793
 8592077.91469    8592367.91393947 8592656.91319153 8592946.91244101
 8593236.91169048 8593526.91093996 8593815.91019202 8594105.90944149]"	0.0	0.0	0.0
750.1561356458535	2.0	trials	2.0	1.0	1.0	0.0	10000.0	1.0	True	40.0	0.0	0.005	"[8690473.66003928 8690763.65928875 8691052.65854081 8691342.65779029
 8691631.65704235 8691922.65628924 8692212.65553871 8692501.65479077
 8692791.65404025 8693080.65329231 8693369.65254437 8693659.65179385
 8693949.65104332 8694239.6502928  8694528.64954486 8694818.64879433
 8695108.64804381 8695397.64729587 8695688.64654276 8695977.64579482]"	0.0	0.0	0.0
756.7742721179883	2.0	trials	2.0	1.0	1.0	0.0	10000.0	1.0	True	40.0	0.0	0.005	"[8767072.46179961 8767361.46105167 8767652.46029856 8767941.45955062
 8768231.45880009 8768520.45805215 8768811.45729904 8769099.45655369
 8769389.45580317 8769679.45505264 8769969.45430212 8770259.45355159
 8770548.45280365 8770838.45205313 8771127.45130519 8771417.45055467
 8771706.44980673 8771996.4490562  8772286.44830568 8772576.44755515]"	0.0	0.0	0.0
765.4322209110495	2.0	trials	2.0	1.0	1.0	0.0	10000.0	1.0	True	40.0	0.0	0.005	"[8867281.20245681 8867569.20171146 8867859.20096093 8868149.20021041
 8868439.19945988 8868728.19871194 8869018.19796142 8869307.19721348
 8869598.19646037 8869887.19571243 8870176.19496449 8870467.19421138
 8870756.19346344 8871046.19271292 8871335.19196498 8871624.19121704
 8871914.19046652 8872205.1897134  8872494.18896547 8872784.18821494]"	0.0	0.0	0.0
771.1810892328673	2.0	trials	2.0	1.0	1.0	0.0	10000.0	1.0	True	40.0	0.0	0.005	"[8933819.0302552  8934108.02950726 8934397.02875932 8934687.0280088
 8934977.02725827 8935267.02650775 8935557.02575722 8935846.02500928
 8936136.02425876 8936426.02350823 8936715.0227603  8937005.02200977
 8937294.02126183 8937584.02051131 8937873.01976337 8938163.01901284
 8938453.01826232 8938742.01751438 8939032.01676386 8939321.01601592]"	0.0	0.0	0.0
776.4906146917128	2.0	trials	2.0	1.0	1.0	0.0	10000.0	1.0	True	40.0	0.0	0.005	"[8995271.87121367 8995561.87046314 8995851.86971261 8996140.86896468
 8996430.86821415 8996719.86746622 8997009.86671569 8997299.86596516
 8997587.86521981 8997879.86446411 8998167.86371876 8998458.86296565
 8998746.8622203  8999035.86147236 8999326.86071925 8999615.85997131
 8999905.85922078 9000194.85847285 9000485.85771973 9000774.8569718 ]"	0.0	0.0	0.0
782.5628773765796	2.0	trials	2.0	1.0	1.0	0.0	10000.0	1.0	True	40.0	0.0	0.005	"[9065551.68932769 9065841.68857716 9066131.68782664 9066421.68707611
 9066710.68632817 9067000.68557765 9067290.68482712 9067579.68407919
 9067868.68333125 9068159.68257814 9068447.68183278 9068737.68108226
 9069028.68032915 9069317.67958121 9069606.67883327 9069896.67808275
 9070186.67733222 9070476.67658169 9070764.67583635 9071054.67508582]"	0.0	0.0	0.0
789.6861069415237	2.0	trials	2.0	1.0	1.0	0.0	10000.0	1.0	True	40.0	0.0	0.005	"[9147997.47595587 9148286.47520794 9148575.47446    9148864.47371206
 9149155.47295895 9149444.47221101 9149734.47146048 9150024.47070996
 9150313.46996202 9150604.46920891 9150893.46846097 9151183.46771044
 9151471.46696509 9151762.46621198 9152051.46546404 9152341.46471352
 9152631.46396299 9152921.46321247 9153210.46246453 9153499.46171659]"	0.0	0.0	0.0
798.1264146978443	2.0	trials	2.0	1.0	1.0	0.0	10000.0	1.0	True	40.0	0.0	0.005	"[9245687.22313229 9245976.22238435 9246265.22163642 9246554.22088848
 9246844.22013796 9247134.21938743 9247424.2186369  9247713.21788897
 9248003.21713844 9248293.21638792 9248583.21563739 9248872.21488945
 9249162.21413893 9249452.2133884  9249741.21264046 9250031.21188994
 9250320.211142   9250609.21039406 9250899.20964354 9251190.20889042]"	0.0	0.0	0.0
804.3607633632294	2.0	trials	2.0	1.0	1.0	0.0	10000.0	1.0	True	40.0	0.0	0.005	"[9317843.03639119 9318132.03564325 9318421.03489532 9318711.03414479
 9319001.03339427 9319291.03264374 9319581.03189322 9319869.03114787
 9320159.03039734 9320449.02964681 9320738.02889888 9321029.02814576
 9321318.02739782 9321608.0266473  9321897.02589936 9322187.02514884
 9322476.0244009  9322766.02365037 9323055.02290244 9323346.02214932]"	0.0	0.0	0.0
811.4586777936898	2.0	trials	2.0	1.0	1.0	0.0	10000.0	1.0	True	40.0	0.0	0.005	"[9399993.82378284 9400282.8230349  9400572.82228438 9400863.82153126
 9401152.82078333 9401441.82003539 9401731.81928486 9402021.81853434
 9402310.8177864  9402599.81703846 9402890.81628535 9403180.81553482
 9403469.81478689 9403758.81403895 9404048.81328842 9404339.81253531
 9404628.81178737 9404917.81103943 9405207.81028891 9405496.80954097]"	0.0	0.0	0.0
817.9742577312429	2.0	trials	2.0	1.0	1.0	0.0	10000.0	1.0	True	40.0	0.0	0.005	"[9475406.62861256 9475696.62786204 9475985.6271141  9476275.62636358
 9476564.62561564 9476853.6248677  9477143.62411717 9477433.62336665
 9477723.62261612 9478013.6218656  9478303.62111507 9478591.62036972
 9478881.6196192  9479171.61886867 9479461.61811815 9479751.61736762
 9480040.61661968 9480330.61586916 9480619.61512122 9480908.61437328]"	0.0	0.0	0.0
823.417530043949	2.0	trials	2.0	1.0	1.0	0.0	10000.0	1.0	True	40.0	0.0	0.005	"[9538407.46556477 9538697.46481425 9538986.46406631 9539276.46331579
 9539565.46256785 9539855.46181732 9540145.4610668  9540434.46031886
 9540724.45956834 9541014.45881781 9541302.45807246 9541593.45731935
 9541882.45657141 9542172.45582088 9542462.45507036 9542751.45432242
 9543041.4535719  9543331.45282137 9543620.45207343 9543909.45132549]"	0.0	0.0	0.0
829.4527272247421	2.0	trials	2.0	1.0	1.0	0.0	10000.0	1.0	True	40.0	0.0	0.005	"[9608258.28478906 9608548.28403853 9608838.28328801 9609128.28253748
 9609416.28179213 9609707.28103902 9609997.28028849 9610286.27954056
 9610576.27879003 9610865.27804209 9611155.27729157 9611444.27654363
 9611734.2757931  9612024.27504258 9612313.27429464 9612603.27354412
 9612893.27279359 9613183.27204306 9613471.27129772 9613762.2705446 ]"	0.0	0.0	0.0
835.7428901456789	2.0	trials	2.0	1.0	1.0	0.0	10000.0	1.0	True	40.0	0.0	0.005	"[9681062.09637092 9681351.09562298 9681642.09486987 9681930.09412452
 9682219.09337658 9682510.09262347 9682799.09187553 9683090.09112242
 9683379.09037448 9683669.08962396 9683958.08887602 9684248.08812549
 9684538.08737497 9684827.08662703 9685117.08587651 9685406.08512857
 9685696.08437804 9685986.08362752 9686275.08287958 9686564.08213164]"	0.0	0.0	0.0
841.2507030913525	2.0	trials	2.0	1.0	1.0	0.0	10000.0	1.0	True	40.0	0.0	0.005	"[9744808.93139247 9745098.93064195 9745387.92989401 9745677.92914348
 9745967.92839296 9746257.92764243 9746545.92689708 9746836.92614397
 9747125.92539603 9747414.92464809 9747705.92389498 9747994.92314705
 9748284.92239652 9748573.92164858 9748863.92089806 9749153.92014753
 9749443.91939701 9749732.91864907 9750022.91789854 9750311.9171506 ]"	0.0	0.0	0.0
850.0413619409575	2.0	trials	2.0	1.0	1.0	0.0	10000.0	1.0	True	40.0	0.0	0.005	"[9846553.66807448 9846842.66732654 9847131.6665786  9847422.66582549
 9847710.66508014 9848001.66432703 9848289.66358168 9848580.66282856
 9848870.66207804 9849159.6613301  9849448.66058216 9849738.65983164
 9850028.65908111 9850318.65833059 9850608.65758006 9850896.65683471
 9851187.6560816  9851476.65533366 9851766.65458314 9852056.65383261]"	0.0	0.0	0.0
855.2901483569968	2.0	trials	2.0	1.0	1.0	0.0	10000.0	1.0	True	40.0	0.0	0.005	"[9907302.51085491 9907592.51010438 9907882.50935386 9908171.50860592
 9908462.50785281 9908750.50710746 9909040.50635693 9909330.50560641
 9909621.50485329 9909909.50410794 9910200.50335483 9910489.50260689
 9910778.50185896 9911068.50110843 9911358.5003579  9911648.49960738
 9911938.49885685 9912226.49811151 9912517.49735839 9912806.49661045]"	0.0	0.0	0.0
861.0669238065904	2.0	trials	2.0	1.0	1.0	0.0	10000.0	1.0	True	40.0	0.0	0.005	"[9974163.33781737 9974453.33706684 9974742.33631891 9975033.33556579
 9975322.33481785 9975611.33406992 9975902.3333168  9976191.33256887
 9976481.33181834 9976770.3310704  9977059.33032246 9977350.32956935
 9977639.32882142 9977928.32807348 9978218.32732295 9978507.32657501
 9978797.32582449 9979087.32507396 9979377.32432344 9979666.3235755 ]"	0.0	0.0	0.0
866.6302918084864	2.0	trials	2.0	1.0	1.0	0.0	10000.0	1.0	True	40.0	0.0	0.005	"[10038554.17117224 10038843.1704243  10039133.16967377 10039424.16892066
 10039713.16817272 10040001.16742737 10040292.16667426 10040582.16592373
 10040871.1651758  10041161.16442527 10041450.16367733 10041741.16292422
 10042029.16217887 10042319.16142835 10042610.16067523 10042899.15992729
 10043189.15917677 10043478.15842883 10043767.15768089 10044058.15692778]"	0.0	0.0	0.0
875.7244730725698	2.0	trials	2.0	1.0	1.0	0.0	10000.0	1.0	True	40.0	0.0	0.005	"[10143811.89876253 10144099.89801718 10144389.89726665 10144678.89651872
 10144969.8957656  10145258.89501767 10145548.89426714 10145837.8935192
 10146127.89276868 10146417.89201815 10146707.89126763 10146996.89051969
 10147286.88976916 10147576.88901864 10147864.88827329 10148155.88752017
 10148445.88676965 10148734.88602171 10149025.8852686  10149314.88452066]"	0.0	0.0	0.0
881.0191377698752	2.0	trials	2.0	1.0	1.0	0.0	10000.0	1.0	True	40.0	0.0	0.005	"[10205092.74016614 10205382.73941561 10205670.73867026 10205960.73791974
 10206250.73716921 10206540.73641868 10206830.73566816 10207118.73492281
 10207408.73417228 10207699.73341917 10207988.73267123 10208278.73192071
 10208567.73117277 10208857.73042224 10209146.72967431 10209436.72892378
 10209726.72817325 10210016.72742273 10210304.72667738 10210595.72592427]"	0.0	0.0	0.0
888.0483643781007	2.0	trials	2.0	1.0	1.0	0.0	10000.0	1.0	True	40.0	0.0	0.005	"[10286449.52961267 10286739.52886215 10287028.52811421 10287317.52736627
 10287607.52661575 10287897.52586522 10288186.52511728 10288477.52436417
 10288766.52361623 10289056.52286571 10289345.52211777 10289635.52136724
 10289925.52061672 10290214.51986878 10290504.51911825 10290793.51837032
 10291083.51761979 10291372.51687185 10291662.51612133 10291952.5153708 ]"	0.0	0.0	0.0
896.970696486933	2.0	trials	2.0	1.0	1.0	0.0	10000.0	1.0	True	40.0	0.0	0.005	"[10389716.26235571 10390006.26160518 10390296.26085466 10390585.26010672
 10390875.2593562  10391165.25860567 10391454.25785773 10391744.25710721
 10392033.25635927 10392323.25560874 10392613.25485822 10392903.25410769
 10393192.25335976 10393483.25260664 10393771.25186129 10394061.25111077
 10394351.25036024 10394641.24960972 10394930.24886178 10395219.24811384]"	0.0	0.0	0.0
904.7613643245339	2.0	trials	2.0	1.0	1.0	0.0	10000.0	1.0	True	40.0	0.0	0.005	"[10479886.02899403 10480176.02824351 10480465.02749557 10480756.02674246
 10481045.02599452 10481335.025244   10481625.02449347 10481915.02374294
 10482204.02299501 10482493.02224707 10482783.02149654 10483072.02074861
 10483363.01999549 10483653.01924497 10483941.01849962 10484233.01774392
 10484521.01699856 10484810.01625063 10485100.0155001  10485390.01474958]"	0.0	0.0	0.0
910.0209507126228	2.0	trials	2.0	1.0	1.0	0.0	10000.0	1.0	True	40.0	0.0	0.005	"[10540761.87144579 10541050.87069785 10541339.86994991 10541629.86919939
 10541919.86844886 10542208.86770093 10542499.86694781 10542787.86620246
 10543077.86545194 10543367.86470141 10543657.86395089 10543947.86320036
 10544236.86245242 10544525.86170449 10544816.86095137 10545105.86020343
 10545394.8594555  10545684.85870497 10545974.85795445 10546263.85720651]"	0.0	0.0	0.0
916.2608289636971	2.0	trials	2.0	1.0	1.0	0.0	10000.0	1.0	True	40.0	0.0	0.005	"[10612981.68453906 10613272.68378594 10613561.683038   10613850.68229007
 10614140.68153954 10614430.68078902 10614719.68004108 10615009.67929055
 10615298.67854261 10615588.67779209 10615878.67704156 10616167.67629363
 10616456.67554569 10616746.67479516 10617036.67404464 10617325.6732967
 10617616.67254359 10617905.67179565 10618194.67104771 10618484.67029718]"	0.0	0.0	0.0
922.7849624791137	2.0	trials	2.0	1.0	1.0	0.0	10000.0	1.0	True	40.0	0.0	0.005	"[10688493.48911256 10688781.48836721 10689071.48761669 10689361.48686616
 10689650.48611823 10689940.4853677  10690230.48461717 10690519.48386924
 10690809.48311871 10691099.48236818 10691388.48162025 10691678.48086972
 10691967.48012178 10692258.47936867 10692547.47862073 10692836.4778728
 10693126.47712227 10693416.47637174 10693706.47562122 10693995.47487328]"	0.0	0.0	0.0
928.6350049390909	2.0	trials	2.0	1.0	1.0	0.0	10000.0	1.0	True	40.0	0.0	0.005	"[10756202.31388038 10756491.31313244 10756781.31238192 10757071.31163139
 10757361.31088087 10757651.31013034 10757940.30938241 10758230.30863188
 10758519.30788394 10758809.30713342 10759099.30638289 10759387.30563754
 10759678.30488443 10759966.30413908 10760257.30338596 10760548.30263285
 10760836.3018875  10761126.30113698 10761416.30038645 10761706.29963592]"	0.0	0.0	0.0
937.0813606797589	2.0	trials	2.0	1.0	1.0	0.0	10000.0	1.0	True	40.0	0.0	0.005	"[10853961.06087823 10854251.0601277  10854540.05937977 10854830.05862924
 10855119.0578813  10855409.05713078 10855698.05638284 10855988.05563232
 10856278.05488179 10856568.05413126 10856857.05338333 10857147.0526328
 10857437.05188227 10857726.05113434 10858015.0503864  10858305.04963587
 10858595.04888535 10858884.04813741 10859174.04738689 10859464.04663636]"	0.0	0.0	0.0
942.360905416195	2.0	trials	2.0	1.0	1.0	0.0	10000.0	1.0	True	40.0	0.0	0.005	"[10915065.90273733 10915354.90198939 10915645.90123628 10915935.90048575
 10916224.89973781 10916513.89898988 10916803.89823935 10917092.89749141
 10917382.89674089 10917672.89599036 10917961.89524242 10918252.89448931
 10918541.89374137 10918831.89299085 10919120.89224291 10919409.89149497
 10919699.89074445 10919989.88999392 10920278.88924599 10920568.88849546]"	0.0	0.0	0.0
948.2651205359723	2.0	trials	2.0	1.0	1.0	0.0	10000.0	1.0	True	40.0	0.0	0.005	"[10983402.72587987 10983692.72512935 10983981.72438141 10984271.72363088
 10984562.72287777 10984850.72213242 10985140.7213819  10985430.72063137
 10985720.71988084 10986008.71913549 10986298.71838497 10986588.71763444
 10986878.71688392 10987167.71613598 10987457.71538545 10987747.71463493
 10988036.71388699 10988325.71313906 10988615.71238853 10988904.71164059]"	0.0	0.0	0.0
954.6485088156398	2.0	trials	2.0	1.0	1.0	0.0	10000.0	1.0	True	40.0	0.0	0.005	"[11057284.53467185 11057574.53392132 11057862.53317598 11058152.53242545
 11058442.53167492 11058731.53092699 11059021.53017646 11059312.52942335
 11059601.52867541 11059891.52792488 11060181.52717436 11060470.52642642
 11060760.52567589 11061049.52492796 11061339.52417743 11061628.52342949
 11061919.52267638 11062207.52193103 11062497.52118051 11062787.52042998]"	0.0	0.0	0.0
962.4305366756015	2.0	trials	2.0	1.0	1.0	0.0	10000.0	1.0	True	40.0	0.0	0.005	"[11147354.30156898 11147643.30082104 11147932.3000731  11148222.29932258
 11148511.29857464 11148801.29782411 11149091.29707359 11149381.29632306
 11149671.29557254 11149960.2948246  11150249.29407666 11150539.29332614
 11150830.29257302 11151119.29182508 11151408.29107715 11151697.29032921
 11151988.2895761  11152277.28882816 11152566.28808022 11152856.28732969]"	0.0	0.0	0.0
968.5929143272491	2.0	trials	2.0	1.0	1.0	0.0	10000.0	1.0	True	40.0	0.0	0.005	"[11218678.11698111 11218967.11623317 11219257.11548264 11219546.11473471
 11219836.11398418 11220126.11323365 11220415.11248572 11220705.11173519
 11220994.11098726 11221285.11023414 11221573.10948879 11221864.10873568
 11222153.10798774 11222443.10723722 11222732.10648928 11223022.10573875
 11223312.10498823 11223601.10424029 11223890.10349235 11224180.10274182]"	0.0	0.0	0.0
974.2989283599744	2.0	trials	2.0	1.0	1.0	0.0	10000.0	1.0	True	40.0	0.0	0.005	"[11284718.94606574 11285008.94531522 11285298.94456469 11285587.94381675
 11285877.94306623 11286167.9423157  11286456.94156777 11286746.94081724
 11287036.94006671 11287325.93931878 11287615.93856825 11287904.93782031
 11288194.93706979 11288484.93631926 11288773.93557132 11289063.9348208
 11289352.93407286 11289642.93332234 11289932.93257181 11290222.93182128]"	0.0	0.0	0.0
980.6351423617302	2.0	trials	2.0	1.0	1.0	0.0	10000.0	1.0	True	40.0	0.0	0.005	"[11358054.75627078 11358345.75551767 11358635.75476714 11358924.7540192
 11359214.75326868 11359503.75252074 11359793.75177021 11360082.75102228
 11360371.75027434 11360662.74952123 11360951.74877329 11361242.74802017
 11361531.74727224 11361820.7465243  11362110.74577377 11362400.74502325
 11362689.74427531 11362978.74352737 11363268.74277685 11363558.74202632]"	0.0	0.0	0.0
986.1410545123233	2.0	trials	2.0	1.0	1.0	0.0	10000.0	1.0	True	40.0	0.0	0.005	"[11421781.59134409 11422070.59059615 11422359.58984821 11422649.58909769
 11422939.58834716 11423229.58759664 11423518.5868487  11423808.58609818
 11424098.58534765 11424387.58459971 11424676.58385178 11424967.58309866
 11425256.58235072 11425546.5816002  11425836.58084967 11426125.58010174
 11426414.5793538  11426704.57860327 11426994.57785275 11427283.57710481]"	0.0	0.0	0.0
991.5013830396895	2.0	trials	2.0	1.0	1.0	0.0	10000.0	1.0	True	40.0	0.0	0.005	"[11483822.4307808  11484112.43003028 11484400.42928493 11484690.4285344
 11484980.42778388 11485270.42703335 11485559.42628541 11485850.4255323
 11486139.42478436 11486429.42403384 11486718.4232859  11487007.42253796
 11487297.42178744 11487588.42103432 11487876.42028897 11488166.41953845
 11488456.41878792 11488746.4180374  11489035.41728946 11489325.41653893]"	0.0	0.0	0.0
999.1326432898403	2.0	trials	2.0	1.0	1.0	0.0	10000.0	1.0	True	40.0	0.0	0.005	"[11572147.20219402 11572436.20144608 11572726.20069556 11573016.19994503
 11573306.19919451 11573595.19844657 11573884.19769863 11574174.19694811
 11574464.19619758 11574753.19544964 11575043.19469912 11575333.19394859
 11575623.19319807 11575912.19245013 11576201.19170219 11576492.19094908
 11576781.19020114 11577071.18945061 11577360.18870268 11577650.18795215]"	0.0	0.0	0.0
1004.9108875356327	2.0	trials	2.0	1.0	1.0	0.0	10000.0	1.0	True	40.0	0.0	0.005	"[11639024.02911507 11639314.02836455 11639604.02761402 11639893.02686608
 11640183.02611556 11640472.02536762 11640762.0246171  11641051.02386916
 11641342.02311604 11641631.02236811 11641920.02162017 11642211.02086706
 11642500.02011912 11642789.01937118 11643080.01861807 11643369.01787013
 11643659.01711961 11643948.01637167 11644238.01562114 11644527.0148732 ]"	0.0	0.0	0.0
1013.7311815085415	2.0	trials	2.0	1.0	1.0	0.0	10000.0	1.0	True	40.0	0.0	0.005	"[11741110.76491197 11741400.76416145 11741690.76341092 11741979.76266299
 11742269.76191246 11742558.76116452 11742848.760414   11743138.75966347
 11743428.75891295 11743717.75816501 11744006.75741707 11744296.75666654
 11744586.75591602 11744876.75516549 11745166.75441497 11745454.75366962
 11745744.75291909 11746034.75216857 11746324.75141804 11746614.75066752]"	0.0	0.0	0.0
1021.1670054644853	2.0	trials	2.0	1.0	1.0	0.0	10000.0	1.0	True	40.0	0.0	0.005	"[11827174.5421767  11827463.54142877 11827753.54067824 11828042.5399303
 11828332.53917978 11828622.53842925 11828912.53767873 11829201.53693079
 11829491.53618026 11829780.53543233 11830070.5346818  11830360.53393128
 11830649.53318334 11830938.5324354  11831228.53168488 11831517.53093694
 11831808.53018383 11832098.5294333  11832387.52868536 11832676.52793742]"	0.0	0.0	0.0
1027.770885973515	2.0	trials	2.0	1.0	1.0	0.0	10000.0	1.0	True	40.0	0.0	0.005	"[11903608.34436406 11903898.34361353 11904187.3428656  11904477.34211507
 11904767.34136455 11905056.34061661 11905346.33986608 11905635.33911815
 11905925.33836762 11906214.33761968 11906504.33686916 11906794.33611863
 11907084.33536811 11907372.33462276 11907662.33387223 11907953.33311912
 11908242.33237118 11908531.33162324 11908822.33087013 11909111.33012219]"	0.0	0.0	0.0
1034.022860193285	2.0	trials	2.0	1.0	1.0	0.0	10000.0	1.0	True	40.0	0.0	0.005	"[11975969.15709242 11976258.15634448 11976548.15559395 11976838.15484343
 11977127.15409549 11977417.15334496 11977706.15259703 11977996.1518465
 11978287.15109339 11978576.15034545 11978865.14959751 11979155.14884699
 11979445.14809646 11979735.14734594 11980023.14660059 11980314.14584747
 11980603.14509954 11980893.14434901 11981182.14360107 11981473.14284796]"	0.0	0.0	0.0
1043.0410096541398	2.0	trials	2.0	1.0	1.0	0.0	10000.0	1.0	True	40.0	0.0	0.005	"[12080345.88696275 12080634.88621482 12080924.88546429 12081213.88471635
 12081504.88396324 12081793.8832153  12082083.88246478 12082373.88171425
 12082662.88096632 12082952.88021579 12083241.87946785 12083531.87871733
 12083820.87796939 12084110.87721886 12084400.87646834 12084689.8757204
 12084979.87496987 12085268.87422194 12085559.87346882 12085848.87272089]"	0.0	0.0	0.0
1049.2576463653638	2.0	trials	2.0	1.0	1.0	0.0	10000.0	1.0	True	40.0	0.0	0.005	"[12152297.70074961 12152586.70000167 12152876.69925115 12153165.69850321
 12153455.69775268 12153745.69700216 12154034.69625422 12154323.69550628
 12154613.69475576 12154903.69400523 12155193.69325471 12155482.69250677
 12155772.69175624 12156061.69100831 12156351.69025778 12156641.68950725
 12156930.68875932 12157220.68800879 12157510.68725827 12157799.68651033]"	0.0	0.0	0.0
1056.024908851558	2.0	trials	2.0	1.0	1.0	0.0	10000.0	1.0	True	40.0	0.0	0.005	"[12230621.49804561 12230912.49729249 12231201.49654455 12231490.49579662
 12231781.4950435  12232070.49429557 12232360.49354504 12232649.4927971
 12232939.49204658 12233228.49129864 12233518.49054812 12233808.48979759
 12234097.48904965 12234388.48829654 12234676.48755119 12234967.48679808
 12235256.48605014 12235545.4853022  12235835.48455167 12236125.48380115]"	0.0	0.0	0.0
1062.6061526191718	2.0	trials	2.0	1.0	1.0	0.0	10000.0	1.0	True	40.0	0.0	0.005	"[12306794.30090843 12307083.30016049 12307373.29940997 12307662.29866203
 12307951.2979141  12308241.29716357 12308531.29641305 12308820.29566511
 12309110.29491458 12309399.29416664 12309689.29341612 12309980.292663
 12310269.29191507 12310559.29116454 12310849.29041402 12311138.28966608
 12311428.28891555 12311717.28816762 12312006.28741968 12312296.28666915]"	0.0	0.0	0.0
1071.2098423526563	2.0	trials	2.0	1.0	1.0	0.0	10000.0	1.0	True	40.0	0.0	0.005	"[12406374.0431935  12406662.04244815 12406952.04169762 12407242.0409471
 12407532.04019657 12407821.03944864 12408111.03869811 12408401.03794758
 12408691.03719706 12408980.03644912 12409270.0356986  12409560.03494807
 12409849.03420013 12410139.03344961 12410428.03270167 12410718.03195114
 12411008.03120062 12411296.03045527 12411587.02970216 12411877.02895163]"	0.0	0.0	0.0
1077.0751775730557	2.0	trials	2.0	1.0	1.0	0.0	10000.0	1.0	True	40.0	0.0	0.005	"[12474259.86750324 12474549.86675271 12474839.86600219 12475128.86525425
 12475417.86450631 12475708.8637532  12475997.86300526 12476287.86225474
 12476576.8615068  12476866.86075627 12477155.86000834 12477445.85925781
 12477734.85850987 12478024.85775935 12478314.85700882 12478604.8562583
 12478893.85551036 12479182.85476242 12479472.8540119  12479763.85325878]"	0.0	0.0	0.0
1086.0911670395008	2.0	trials	2.0	1.0	1.0	0.0	10000.0	1.0	True	40.0	0.0	0.005	"[12578610.59744087 12578901.59668775 12579190.59593981 12579479.59519188
 12579770.59443876 12580059.59369083 12580349.5929403  12580639.59218977
 12580928.59144184 12581218.59069131 12581507.58994337 12581796.58919544
 12582086.58844491 12582376.58769438 12582665.58694645 12582955.58619592
 12583246.58544281 12583534.58469746 12583824.58394693 12584113.583199  ]"	0.0	0.0	0.0
1094.0169641273844	2.0	trials	2.0	1.0	1.0	0.0	10000.0	1.0	True	40.0	0.0	0.005	"[12670344.36003153 12670634.359281   12670925.35852789 12671213.35778254
 12671504.35702943 12671793.35628149 12672083.35553096 12672372.35478302
 12672661.35403509 12672952.35328197 12673241.35253404 12673530.3517861
 12673820.35103557 12674111.35028246 12674399.34953711 12674689.34878659
 12674980.34803347 12675269.34728554 12675558.3465376  12675847.34578966]"	0.0	0.0	0.0
1100.341341359774	2.0	trials	2.0	1.0	1.0	0.0	10000.0	1.0	True	40.0	0.0	0.005	"[12743544.17058854 12743834.16983801 12744123.16909007 12744412.16834213
 12744703.16758902 12744992.16684108 12745282.16609056 12745572.16534003
 12745862.16458951 12746150.16384416 12746440.16309363 12746730.16234311
 12747019.16159517 12747309.16084464 12747599.16009412 12747888.15934618
 12748178.15859566 12748467.15784772 12748757.15709719 12749047.15634667]"	0.0	0.0	0.0
1107.4991308352767	2.0	trials	2.0	1.0	1.0	0.0	10000.0	1.0	True	40.0	0.0	0.005	"[12826388.9561841  12826677.95543616 12826967.95468564 12827256.9539377
 12827546.95318717 12827836.95243665 12828125.95168871 12828415.95093818
 12828704.95019025 12828995.94943713 12829283.94869179 12829573.94794126
 12829863.94719073 12830153.9464402  12830443.94568968 12830731.94494433
 12831022.94419122 12831311.94344328 12831600.94269534 12831890.94194482]"	0.0	0.0	0.0
1114.6052532444944	2.0	trials	2.0	1.0	1.0	0.0	10000.0	1.0	True	40.0	0.0	0.005	"[12908634.74332989 12908924.74257936 12909213.74183142 12909504.74107831
 12909793.74033037 12910082.73958243 12910373.73882932 12910662.73808138
 12910952.73733086 12911241.73658292 12911530.73583498 12911821.73508187
 12912111.73433135 12912399.733586   12912690.73283288 12912979.73208494
 12913269.73133442 12913558.73058648 12913848.72983596 12914137.72908802]"	0.0	0.0	0.0
1120.5548282468794	2.0	trials	2.0	1.0	1.0	0.0	10000.0	1.0	True	40.0	0.0	0.005	"[12977496.56511372 12977786.56436319 12978074.56361784 12978363.56286991
 12978653.56211938 12978944.56136627 12979233.56061833 12979523.5598678
 12979812.55911987 12980102.55836934 12980392.55761882 12980681.55687088
 12980971.55612036 12981261.55536983 12981551.5546193  12981840.55387137
 12982129.55312343 12982419.5523729  12982709.55162238 12982998.55087444]"	0.0	0.0	0.0
1129.0508638589752	2.0	trials	2.0	1.0	1.0	0.0	10000.0	1.0	True	40.0	0.0	0.005	"[13075829.31062604 13076119.30987552 13076409.30912499 13076698.30837706
 13076988.30762653 13077278.30687601 13077568.30612548 13077857.30537754
 13078146.30462961 13078436.30387908 13078725.30313114 13079015.30238062
 13079305.30163009 13079594.30088216 13079885.30012904 13080174.29938111
 13080464.29863058 13080754.29788005 13081043.29713212 13081333.29638159]"	0.0	0.0	0.0
1135.8310863116283	2.0	trials	2.0	1.0	1.0	0.0	10000.0	1.0	True	40.0	0.0	0.005	"[13154305.10752867 13154593.10678332 13154883.10603279 13155173.10528226
 13155462.10453433 13155753.10378121 13156043.10303069 13156331.10228534
 13156622.10153222 13156911.10078429 13157200.10003635 13157490.09928582
 13157780.0985353  13158070.09778477 13158358.09703942 13158649.09628631
 13158938.09553837 13159228.09478785 13159517.09403991 13159807.09328938]"	0.0	0.0	0.0
1143.0370868623595	2.0	trials	2.0	1.0	1.0	0.0	10000.0	1.0	True	40.0	0.0	0.005	"[13237707.89168011 13237996.89093217 13238287.89017906 13238575.88943371
 13238865.88868318 13239154.88793525 13239444.88718473 13239734.8864342
 13240024.88568367 13240313.88493574 13240603.88418521 13240893.88343468
 13241182.88268675 13241472.88193622 13241762.8811857  13242052.88043517
 13242342.87968464 13242630.8789393  13242921.87818618 13243210.87743825]"	0.0	0.0	0.0
1150.8253355062218	2.0	trials	2.0	1.0	1.0	0.0	10000.0	1.0	True	40.0	0.0	0.005	"[13327848.65839349 13328139.65764038 13328427.65689503 13328718.65614191
 13329007.65539398 13329297.65464345 13329586.65389551 13329876.65314499
 13330166.65239446 13330455.65164652 13330744.65089859 13331034.65014806
 13331325.64939495 13331614.64864701 13331903.64789907 13332193.64714855
 13332483.64639802 13332772.64565009 13333063.64489697 13333351.64415162]"	0.0	0.0	0.0
1159.2074962130278	2.0	trials	2.0	1.0	1.0	0.0	10000.0	1.0	True	40.0	0.0	0.005	"[13424864.40731424 13425154.40656371 13425444.40581319 13425734.40506266
 13426023.40431472 13426312.40356678 13426602.40281626 13426891.40206832
 13427182.40131521 13427471.40056727 13427760.39981933 13428051.39906622
 13428340.39831828 13428630.39756776 13428919.39681982 13429209.39606929
 13429500.39531618 13429788.39457083 13430077.39382289 13430367.39307237]"	0.0	0.0	0.0
1165.8849029317703	2.0	trials	2.0	1.0	1.0	0.0	10000.0	1.0	True	40.0	0.0	0.005	"[13502150.2072966  13502439.20654866 13502729.20579813 13503018.20505019
 13503308.20429967 13503597.20355174 13503887.20280121 13504176.20205327
 13504467.20130016 13504757.20054963 13505046.1998017  13505336.19905117
 13505626.19830064 13505914.19755529 13506205.19680218 13506494.19605424
 13506784.19530372 13507073.19455578 13507362.19380784 13507653.19305473]"	0.0	0.0	0.0
1174.123553609983	2.0	trials	2.0	1.0	1.0	0.0	10000.0	1.0	True	40.0	0.0	0.005	"[13597504.96051604 13597793.95976811 13598083.95901758 13598373.95826706
 13598662.95751912 13598951.95677118 13599242.95601807 13599532.95526754
 13599821.9545196  13600110.95377167 13600400.95302114 13600690.95227062
 13600980.95152009 13601270.95076957 13601558.95002422 13601848.94927369
 13602137.94852575 13602427.94777523 13602717.9470247  13603007.94627417]"	0.0	0.0	0.0
1180.6590918958836	2.0	trials	2.0	1.0	1.0	0.0	10000.0	1.0	True	40.0	0.0	0.005	"[13673146.76475311 13673436.76400258 13673726.76325206 13674016.76250153
 13674305.76175359 13674594.76100565 13674884.76025513 13675175.75950202
 13675464.75875408 13675754.75800356 13676043.75725562 13676332.75650768
 13676623.75575457 13676912.75500663 13677202.7542561  13677492.75350558
 13677780.75276023 13678071.75200711 13678361.75125659 13678649.75051124]"	0.0	0.0	0.0
1188.2055075656142	2.0	trials	2.0	1.0	1.0	0.0	10000.0	1.0	True	40.0	0.0	0.005	"[13760490.53870517 13760779.53795724 13761070.53720412 13761359.53645618
 13761649.53570566 13761938.53495773 13762227.53420979 13762518.53345667
 13762806.53271132 13763097.53195821 13763387.53120769 13763676.53045975
 13763966.52970922 13764256.5289587  13764544.52821334 13764834.52746282
 13765125.52670971 13765414.52596177 13765703.52521383 13765994.52446072]"	0.0	0.0	0.0
1194.6012510133064	2.0	trials	2.0	1.0	1.0	0.0	10000.0	1.0	True	40.0	0.0	0.005	"[13834515.34712707 13834804.34637913 13835094.3456286  13835383.34488066
 13835673.34413014 13835964.34337703 13836253.34262909 13836543.34187857
 13836832.34113063 13837122.3403801  13837412.33962958 13837701.33888164
 13837991.33813111 13838280.33738318 13838570.33663265 13838859.33588471
 13839149.33513419 13839439.33438366 13839728.33363572 13840018.3328852 ]"	0.0	0.0	0.0
1201.4954347710257	2.0	trials	2.0	1.0	1.0	0.0	10000.0	1.0	True	40.0	0.0	0.005	"[13914308.14062127 13914598.13987074 13914888.13912021 13915179.1383671
 13915467.13762175 13915757.13687122 13916047.1361207  13916337.13537017
 13916627.13461965 13916915.1338743  13917205.13312377 13917494.13237584
 13917784.13162531 13918074.13087478 13918363.13012685 13918653.12937632
 13918943.1286258  13919233.12787527 13919522.12712733 13919812.12637681]"	0.0	0.0	0.0
1210.4831715105893	2.0	trials	2.0	1.0	1.0	0.0	10000.0	1.0	True	40.0	0.0	0.005	"[14018333.8714     14018622.87065206 14018911.86990412 14019202.86915101
 14019492.86840048 14019781.86765255 14020070.86690461 14020360.86615408
 14020649.86540615 14020939.86465562 14021229.86390509 14021519.86315457
 14021809.86240404 14022098.86165611 14022387.86090817 14022677.86015764
 14022967.85940712 14023257.85865659 14023546.85790865 14023835.85716072]"	0.0	0.0	0.0
1219.3930620516205	2.0	trials	2.0	1.0	1.0	0.0	10000.0	1.0	True	40.0	0.0	0.005	"[14121457.60451312 14121747.6037626  14122035.60301725 14122326.60226413
 14122615.6015162  14122906.60076308 14123194.60001773 14123484.59926721
 14123774.59851668 14124063.59776874 14124354.59701563 14124642.59627028
 14124932.59551976 14125223.59476664 14125511.59402129 14125801.59327077
 14126091.59252024 14126380.5917723  14126670.59102178 14126960.59027125]"	0.0	0.0	0.0
1224.8170672141903	2.0	trials	2.0	1.0	1.0	0.0	10000.0	1.0	True	40.0	0.0	0.005	"[14184235.44204246 14184525.44129194 14184814.440544   14185103.43979606
 14185394.43904295 14185684.43829243 14185972.43754707 14186263.43679396
 14186551.43604861 14186842.4352955  14187132.43454497 14187421.43379704
 14187711.43304651 14188000.43229857 14188290.43154805 14188580.43079752
 14188870.430047   14189159.42929906 14189448.42855112 14189738.4278006 ]"	0.0	0.0	0.0
1233.5111311137848	2.0	trials	2.0	1.0	1.0	0.0	10000.0	1.0	True	40.0	0.0	0.005	"[14284860.18162305 14285151.18086994 14285440.180122   14285729.17937406
 14286020.17862095 14286309.17787301 14286599.17712248 14286889.17637196
 14287178.17562402 14287467.17487608 14287757.17412556 14288047.17337503
 14288336.1726271  14288626.17187657 14288916.17112605 14289206.17037552
 14289496.169625   14289784.16887964 14290074.16812912 14290364.16737859]"	0.0	0.0	0.0
1242.278462023763	2.0	trials	2.0	1.0	1.0	0.0	10000.0	1.0	True	40.0	0.0	0.005	"[14386334.91900382 14386624.91825329 14386914.91750277 14387202.91675742
 14387492.91600689 14387782.91525637 14388072.91450584 14388361.9137579
 14388651.91300738 14388941.91225685 14389230.91150891 14389520.91075839
 14389809.91001045 14390100.90925734 14390389.9085094  14390678.90776147
 14390968.90701094 14391258.90626041 14391548.90550989 14391837.90476195]"	0.0	0.0	0.0
1248.309512015289	2.0	trials	2.0	1.0	1.0	0.0	10000.0	1.0	True	40.0	0.0	0.005	"[14456138.73834974 14456427.7376018  14456718.73684869 14457006.73610334
 14457297.73535023 14457586.73460229 14457875.73385435 14458165.73310382
 14458456.73235071 14458745.73160277 14459034.73085484 14459323.7301069
 14459613.72935637 14459902.72860844 14460193.72785532 14460482.72710738
 14460772.72635686 14461061.72560892 14461351.7248584  14461641.72410787]"	0.0	0.0	0.0
1254.6973930833294	2.0	trials	2.0	1.0	1.0	0.0	10000.0	1.0	True	40.0	0.0	0.005	"[14530072.54700714 14530361.5462592  14530651.54550868 14530940.54476074
 14531231.54400763 14531520.54325969 14531808.54251434 14532099.54176123
 14532388.54101329 14532679.54026018 14532967.53951482 14533258.53876171
 14533547.53801377 14533836.53726584 14534126.53651531 14534416.53576478
 14534705.53501685 14534995.53426632 14535284.53351839 14535574.53276786]"	0.0	0.0	0.0
1261.0539974323144	2.0	trials	2.0	1.0	1.0	0.0	10000.0	1.0	True	40.0	0.0	0.005	"[14603643.35660399 14603933.35585347 14604223.35510294 14604512.354355
 14604802.35360448 14605091.35285654 14605381.35210601 14605672.3513529
 14605961.35060496 14606251.34985444 14606541.34910391 14606830.34835598
 14607118.34761063 14607409.34685751 14607699.34610699 14607989.34535646
 14608278.34460852 14608568.343858   14608857.34311006 14609147.34235954]"	0.0	0.0	0.0
1270.09322843861	2.0	trials	2.0	1.0	1.0	0.0	10000.0	1.0	True	40.0	0.0	0.005	"[14708265.08584027 14708554.08509233 14708844.0843418  14709134.08359128
 14709424.08284075 14709712.0820954  14710003.08134229 14710292.08059435
 14710582.07984383 14710871.07909589 14711161.07834536 14711451.07759484
 14711740.0768469  14712030.07609637 14712320.07534585 14712609.07459791
 14712899.07384739 14713188.07309945 14713479.07234633 14713768.0715984 ]"	0.0	0.0	0.0
1277.287565019528	2.0	trials	2.0	1.0	1.0	0.0	10000.0	1.0	True	40.0	0.0	0.005	"[14791530.87034627 14791821.86959316 14792110.86884522 14792399.86809728
 14792689.86734676 14792979.86659623 14793269.86584571 14793559.86509518
 14793849.86434466 14794137.86359931 14794428.86284619 14794718.86209567
 14795006.86135032 14795296.86059979 14795586.85984927 14795875.85910133
 14796166.85834822 14796455.85760028 14796745.85684975 14797035.85609923]"	0.0	0.0	0.0
1284.3916138341124	2.0	trials	2.0	1.0	1.0	0.0	10000.0	1.0	True	40.0	0.0	0.005	"[14873755.65754641 14874043.65680106 14874334.65604795 14874623.65530001
 14874913.65454948 14875203.65379896 14875492.65305102 14875782.65230049
 14876071.65155256 14876361.65080203 14876651.65005151 14876940.64930357
 14877230.64855304 14877519.6478051  14877809.64705458 14878099.64630405
 14878388.64555612 14878677.64480818 14878968.64405506 14879257.64330713]"	0.0	0.0	0.0
1291.453758757145	2.0	trials	2.0	1.0	1.0	0.0	10000.0	1.0	True	40.0	0.0	0.005	"[14955491.44601209 14955782.44525898 14956072.44450845 14956361.44376051
 14956650.44301257 14956940.44226205 14957231.44150893 14957519.44076358
 14957809.44001306 14958099.43926253 14958389.43851201 14958679.43776148
 14958968.43701354 14959257.4362656  14959547.43551508 14959837.43476455
 14960127.43401403 14960416.43326609 14960706.43251557 14960995.43176763]"	0.0	0.0	0.0
1298.683519246385	2.0	trials	2.0	1.0	1.0	0.0	10000.0	1.0	True	40.0	0.0	0.005	"[15039171.22944666 15039460.22869872 15039749.22795078 15040040.22719767
 15040329.22644973 15040619.2256992  15040908.22495126 15041199.22419815
 15041488.22345021 15041778.22269969 15042066.22195434 15042356.22120382
 15042646.22045329 15042936.21970276 15043225.21895483 15043515.2182043
 15043806.21745118 15044094.21670584 15044384.21595531 15044674.21520479]"	0.0	0.0	0.0
1305.8653278597255	2.0	trials	2.0	1.0	1.0	0.0	10000.0	1.0	True	40.0	0.0	0.005	"[15122293.01432534 15122583.01357481 15122873.01282429 15123162.01207635
 15123452.01132582 15123741.01057788 15124031.00982736 15124320.00907942
 15124610.00832889 15124900.00757837 15125189.00683044 15125479.00607991
 15125769.00532938 15126058.00458145 15126349.00382833 15126638.0030804
 15126927.00233246 15127217.00158193 15127507.00083141 15127796.00008347]"	0.0	0.0	0.0
1312.2132058312945	2.0	trials	2.0	1.0	1.0	0.0	10000.0	1.0	True	40.0	0.0	0.005	"[15195763.82418099 15196054.82342788 15196342.82268253 15196633.82192942
 15196921.82118406 15197211.82043354 15197501.81968301 15197790.81893508
 15198081.81818196 15198370.81743403 15198661.81668091 15198950.81593297
 15199238.81518762 15199528.8144371  15199818.81368657 15200107.81293863
 15200398.81218552 15200687.81143758 15200977.81068706 15201267.80993653]"	0.0	0.0	0.0
1320.577481784387	2.0	trials	2.0	1.0	1.0	0.0	10000.0	1.0	True	40.0	0.0	0.005	"[15292572.57363746 15292862.57288693 15293152.57213641 15293442.57138588
 15293731.57063794 15294022.56988483 15294311.56913689 15294600.56838895
 15294889.56764102 15295180.5668879  15295469.56613996 15295759.56538944
 15296048.5646415  15296338.56389098 15296628.56314045 15296917.56239251
 15297207.56164199 15297497.56089146 15297786.56014352 15298075.55939559]"	0.0	0.0	0.0
1328.707700743223	2.0	trials	2.0	1.0	1.0	0.0	10000.0	1.0	True	40.0	0.0	0.005	"[15386672.33010487 15386962.32935434 15387251.3286064  15387541.32785588
 15387831.32710535 15388121.32635483 15388409.32560948 15388700.32485636
 15388990.32410584 15389279.3233579  15389569.32260738 15389858.32185944
 15390148.32110891 15390437.32036098 15390727.31961045 15391017.31885992
 15391307.3181094  15391596.31736146 15391886.31661093 15392175.315863  ]"	0.0	0.0	0.0
1337.2333714786225	2.0	trials	2.0	1.0	1.0	0.0	10000.0	1.0	True	40.0	0.0	0.005	"[15485349.07472691 15485639.07397639 15485929.07322586 15486219.07247534
 15486509.07172481 15486798.07097687 15487087.07022894 15487378.06947582
 15487666.06873047 15487956.06797995 15488246.06722942 15488535.06648148
 15488825.06573096 15489115.06498043 15489405.06422991 15489694.06348197
 15489984.06273144 15490273.06198351 15490563.06123298 15490853.06048246]"	0.0	0.0	0.0
1343.8998054257625	2.0	trials	2.0	1.0	1.0	0.0	10000.0	1.0	True	40.0	0.0	0.005	"[15562506.87504054 15562795.8742926  15563085.87354208 15563376.87278897
 15563664.87204362 15563954.87129309 15564244.87054256 15564533.86979463
 15564824.86904151 15565113.86829358 15565402.86754564 15565692.86679511
 15565982.86604459 15566272.86529406 15566561.86454612 15566851.8637956
 15567141.86304507 15567431.86229455 15567720.86154661 15568010.86079608]"	0.0	0.0	0.0
1352.7251969854788	2.0	trials	2.0	1.0	1.0	0.0	10000.0	1.0	True	40.0	0.0	0.005	"[15664652.61068475 15664942.60993422 15665232.6091837  15665521.60843576
 15665811.60768524 15666101.60693471 15666390.60618677 15666680.60543625
 15666970.60468572 15667258.60394037 15667548.60318985 15667837.60244191
 15668128.60168879 15668418.60093827 15668707.60019033 15668996.59944239
 15669286.59869187 15669576.59794134 15669866.59719082 15670155.59644288]"	0.0	0.0	0.0
1359.697572540836	2.0	trials	2.0	1.0	1.0	0.0	10000.0	1.0	True	40.0	0.0	0.005	"[15745351.4018342  15745642.40108109 15745931.40033315 15746220.39958521
 15746511.3988321  15746800.39808416 15747089.39733622 15747380.39658311
 15747669.39583517 15747959.39508465 15748248.39433671 15748537.39358877
 15748828.39283566 15749118.39208513 15749407.3913372  15749696.39058926
 15749985.38984132 15750276.38908821 15750565.38834027 15750855.38758975]"	0.0	0.0	0.0
1365.1812799488953	2.0	trials	2.0	1.0	1.0	0.0	10000.0	1.0	True	40.0	0.0	0.005	"[15808821.23757263 15809111.23682211 15809400.23607417 15809691.23532106
 15809979.23457571 15810270.2338226  15810558.23307724 15810849.23232413
 15811138.23157619 15811427.23082826 15811717.23007773 15812007.22932721
 15812296.22857927 15812587.22782616 15812876.22707822 15813166.22632769
 15813455.22557976 15813745.22482923 15814034.22408129 15814325.22332818]"	0.0	0.0	0.0
1372.8795864255294	2.0	trials	2.0	1.0	1.0	0.0	10000.0	1.0	True	40.0	0.0	0.005	"[15897921.00698014 15898212.00622703 15898501.00547909 15898790.00473115
 15899080.00398062 15899370.0032301  15899659.00248216 15899950.00172905
 15900238.0009837  15900528.00023318 15900817.99948265 15901107.99873213
 15901396.99798419 15901686.99723366 15901976.99648314 15902265.9957352
 15902555.99498467 15902845.99423415 15903135.99348362 15903424.99273568]"	0.0	0.0	0.0
1381.7712466137411	2.0	trials	2.0	1.0	1.0	0.0	10000.0	1.0	True	40.0	0.0	0.005	"[16000834.74063675 16001123.73988881 16001412.73914088 16001703.73838776
 16001992.73763982 16002282.7368893  16002571.73614136 16002861.73539084
 16003150.7346429  16003440.73389237 16003730.73314185 16004020.73239132
 16004309.73164338 16004598.73089545 16004888.73014492 16005178.72939439
 16005468.72864387 16005757.72789593 16006046.72714799 16006336.72639747]"	0.0	0.0	0.0
1388.533325113351	2.0	trials	2.0	1.0	1.0	0.0	10000.0	1.0	True	40.0	0.0	0.005	"[16079098.53808803 16079389.53733492 16079678.53658698 16079968.53583645
 16080257.53508851 16080548.5343354  16080837.53358747 16081126.53283953
 16081416.532089   16081705.53134106 16081996.53058795 16082285.52984001
 16082574.52909207 16082864.52834155 16083155.52758843 16083443.52684308
 16083733.52609256 16084023.52534203 16084313.52459151 16084602.52384357]"	0.0	0.0	0.0
1441.0901362953082	2.0	trials	3.0	1.0	1.0	0.0	10000.0	1.0	False	0.0	0.0	0.0	"[nan nan nan nan nan nan nan nan nan nan nan nan nan nan nan nan nan nan
 nan nan]"	0.0	0.0	0.0
1448.3335479492189	2.0	trials	3.0	1.0	1.0	0.0	10000.0	1.0	False	0.0	0.0	0.0	"[nan nan nan nan nan nan nan nan nan nan nan nan nan nan nan nan nan nan
 nan nan]"	0.0	0.0	0.0
1456.015697667667	2.0	trials	3.0	1.0	1.0	0.0	10000.0	1.0	False	0.0	0.0	0.0	"[nan nan nan nan nan nan nan nan nan nan nan nan nan nan nan nan nan nan
 nan nan]"	0.0	0.0	0.0
1464.4315542872673	2.0	trials	3.0	1.0	1.0	0.0	10000.0	1.0	False	0.0	0.0	0.0	"[nan nan nan nan nan nan nan nan nan nan nan nan nan nan nan nan nan nan
 nan nan]"	0.0	0.0	0.0
1471.7156602358607	2.0	trials	3.0	1.0	1.0	0.0	10000.0	1.0	False	0.0	0.0	0.0	"[nan nan nan nan nan nan nan nan nan nan nan nan nan nan nan nan nan nan
 nan nan]"	0.0	0.0	0.0
1477.1034638921208	2.0	trials	3.0	1.0	1.0	0.0	10000.0	1.0	False	0.0	0.0	0.0	"[nan nan nan nan nan nan nan nan nan nan nan nan nan nan nan nan nan nan
 nan nan]"	0.0	0.0	0.0
1485.212342106187	2.0	trials	3.0	1.0	1.0	0.0	10000.0	1.0	False	0.0	0.0	0.0	"[nan nan nan nan nan nan nan nan nan nan nan nan nan nan nan nan nan nan
 nan nan]"	0.0	0.0	0.0
1493.39345053332	2.0	trials	3.0	1.0	1.0	0.0	10000.0	1.0	False	0.0	0.0	0.0	"[nan nan nan nan nan nan nan nan nan nan nan nan nan nan nan nan nan nan
 nan nan]"	0.0	0.0	0.0
1498.9921560437622	2.0	trials	3.0	1.0	1.0	0.0	10000.0	1.0	False	0.0	0.0	0.0	"[nan nan nan nan nan nan nan nan nan nan nan nan nan nan nan nan nan nan
 nan nan]"	0.0	0.0	0.0
1507.6499320372707	2.0	trials	3.0	1.0	1.0	0.0	10000.0	1.0	False	0.0	0.0	0.0	"[nan nan nan nan nan nan nan nan nan nan nan nan nan nan nan nan nan nan
 nan nan]"	0.0	0.0	0.0
1516.6921006359635	2.0	trials	3.0	1.0	1.0	0.0	10000.0	1.0	False	0.0	0.0	0.0	"[nan nan nan nan nan nan nan nan nan nan nan nan nan nan nan nan nan nan
 nan nan]"	0.0	0.0	0.0
1525.592228002262	2.0	trials	3.0	1.0	1.0	0.0	10000.0	1.0	False	0.0	0.0	0.0	"[nan nan nan nan nan nan nan nan nan nan nan nan nan nan nan nan nan nan
 nan nan]"	0.0	0.0	0.0
1533.3138624185226	2.0	trials	3.0	1.0	1.0	0.0	10000.0	1.0	False	0.0	0.0	0.0	"[nan nan nan nan nan nan nan nan nan nan nan nan nan nan nan nan nan nan
 nan nan]"	0.0	0.0	0.0
1541.0818935147086	2.0	trials	3.0	1.0	1.0	0.0	10000.0	1.0	False	0.0	0.0	0.0	"[nan nan nan nan nan nan nan nan nan nan nan nan nan nan nan nan nan nan
 nan nan]"	0.0	0.0	0.0
1547.8856167065412	2.0	trials	3.0	1.0	1.0	0.0	10000.0	1.0	False	0.0	0.0	0.0	"[nan nan nan nan nan nan nan nan nan nan nan nan nan nan nan nan nan nan
 nan nan]"	0.0	0.0	0.0
1553.292169114279	2.0	trials	3.0	1.0	1.0	0.0	10000.0	1.0	False	0.0	0.0	0.0	"[nan nan nan nan nan nan nan nan nan nan nan nan nan nan nan nan nan nan
 nan nan]"	0.0	0.0	0.0
1561.9495995086818	2.0	trials	3.0	1.0	1.0	0.0	10000.0	1.0	False	0.0	0.0	0.0	"[nan nan nan nan nan nan nan nan nan nan nan nan nan nan nan nan nan nan
 nan nan]"	0.0	0.0	0.0
1568.9153222812567	2.0	trials	3.0	1.0	1.0	0.0	10000.0	1.0	False	0.0	0.0	0.0	"[nan nan nan nan nan nan nan nan nan nan nan nan nan nan nan nan nan nan
 nan nan]"	0.0	0.0	0.0
1575.7619861619582	2.0	trials	3.0	1.0	1.0	0.0	10000.0	1.0	False	0.0	0.0	0.0	"[nan nan nan nan nan nan nan nan nan nan nan nan nan nan nan nan nan nan
 nan nan]"	0.0	0.0	0.0
1581.2156264478322	2.0	trials	3.0	1.0	1.0	0.0	10000.0	1.0	False	0.0	0.0	0.0	"[nan nan nan nan nan nan nan nan nan nan nan nan nan nan nan nan nan nan
 nan nan]"	0.0	0.0	0.0
1586.9936114942952	2.0	trials	3.0	1.0	1.0	0.0	10000.0	1.0	False	0.0	0.0	0.0	"[nan nan nan nan nan nan nan nan nan nan nan nan nan nan nan nan nan nan
 nan nan]"	0.0	0.0	0.0
1593.1559891459424	2.0	trials	3.0	1.0	1.0	0.0	10000.0	1.0	False	0.0	0.0	0.0	"[nan nan nan nan nan nan nan nan nan nan nan nan nan nan nan nan nan nan
 nan nan]"	0.0	0.0	0.0
1599.851367018175	2.0	trials	3.0	1.0	1.0	0.0	10000.0	1.0	False	0.0	0.0	0.0	"[nan nan nan nan nan nan nan nan nan nan nan nan nan nan nan nan nan nan
 nan nan]"	0.0	0.0	0.0
1605.2156699352556	2.0	trials	3.0	1.0	1.0	0.0	10000.0	1.0	False	0.0	0.0	0.0	"[nan nan nan nan nan nan nan nan nan nan nan nan nan nan nan nan nan nan
 nan nan]"	0.0	0.0	0.0
1614.2158482426203	2.0	trials	3.0	1.0	1.0	0.0	10000.0	1.0	False	0.0	0.0	0.0	"[nan nan nan nan nan nan nan nan nan nan nan nan nan nan nan nan nan nan
 nan nan]"	0.0	0.0	0.0
1622.1110598096602	2.0	trials	3.0	1.0	1.0	0.0	10000.0	1.0	False	0.0	0.0	0.0	"[nan nan nan nan nan nan nan nan nan nan nan nan nan nan nan nan nan nan
 nan nan]"	0.0	0.0	0.0
1627.30757436098	2.0	trials	3.0	1.0	1.0	0.0	10000.0	1.0	False	0.0	0.0	0.0	"[nan nan nan nan nan nan nan nan nan nan nan nan nan nan nan nan nan nan
 nan nan]"	0.0	0.0	0.0
1634.0026930338834	2.0	trials	3.0	1.0	1.0	0.0	10000.0	1.0	False	0.0	0.0	0.0	"[nan nan nan nan nan nan nan nan nan nan nan nan nan nan nan nan nan nan
 nan nan]"	0.0	0.0	0.0
1639.5178499605508	2.0	trials	3.0	1.0	1.0	0.0	10000.0	1.0	False	0.0	0.0	0.0	"[nan nan nan nan nan nan nan nan nan nan nan nan nan nan nan nan nan nan
 nan nan]"	0.0	0.0	0.0
1646.9035620461855	2.0	trials	3.0	1.0	1.0	0.0	10000.0	1.0	False	0.0	0.0	0.0	"[nan nan nan nan nan nan nan nan nan nan nan nan nan nan nan nan nan nan
 nan nan]"	0.0	0.0	0.0
1655.0517521585118	2.0	trials	3.0	1.0	1.0	0.0	10000.0	1.0	False	0.0	0.0	0.0	"[nan nan nan nan nan nan nan nan nan nan nan nan nan nan nan nan nan nan
 nan nan]"	0.0	0.0	0.0
1664.0100265743245	2.0	trials	3.0	1.0	1.0	0.0	10000.0	1.0	False	0.0	0.0	0.0	"[nan nan nan nan nan nan nan nan nan nan nan nan nan nan nan nan nan nan
 nan nan]"	0.0	0.0	0.0
1669.776520450527	2.0	trials	3.0	1.0	1.0	0.0	10000.0	1.0	False	0.0	0.0	0.0	"[nan nan nan nan nan nan nan nan nan nan nan nan nan nan nan nan nan nan
 nan nan]"	0.0	0.0	0.0
1676.8660541026768	2.0	trials	3.0	1.0	1.0	0.0	10000.0	1.0	False	0.0	0.0	0.0	"[nan nan nan nan nan nan nan nan nan nan nan nan nan nan nan nan nan nan
 nan nan]"	0.0	0.0	0.0
1685.4141023801626	2.0	trials	3.0	1.0	1.0	0.0	10000.0	1.0	False	0.0	0.0	0.0	"[nan nan nan nan nan nan nan nan nan nan nan nan nan nan nan nan nan nan
 nan nan]"	0.0	0.0	0.0
1693.0631609842512	2.0	trials	3.0	1.0	1.0	0.0	10000.0	1.0	False	0.0	0.0	0.0	"[nan nan nan nan nan nan nan nan nan nan nan nan nan nan nan nan nan nan
 nan nan]"	0.0	0.0	0.0
1700.6999508200915	2.0	trials	3.0	1.0	1.0	0.0	10000.0	1.0	False	0.0	0.0	0.0	"[nan nan nan nan nan nan nan nan nan nan nan nan nan nan nan nan nan nan
 nan nan]"	0.0	0.0	0.0
1707.9178745399652	2.0	trials	3.0	1.0	1.0	0.0	10000.0	1.0	False	0.0	0.0	0.0	"[nan nan nan nan nan nan nan nan nan nan nan nan nan nan nan nan nan nan
 nan nan]"	0.0	0.0	0.0
1715.8795275350535	2.0	trials	3.0	1.0	1.0	0.0	10000.0	1.0	False	0.0	0.0	0.0	"[nan nan nan nan nan nan nan nan nan nan nan nan nan nan nan nan nan nan
 nan nan]"	0.0	0.0	0.0
1721.7777810702596	2.0	trials	3.0	1.0	1.0	0.0	10000.0	1.0	False	0.0	0.0	0.0	"[nan nan nan nan nan nan nan nan nan nan nan nan nan nan nan nan nan nan
 nan nan]"	0.0	0.0	0.0
1730.1853433113258	2.0	trials	3.0	1.0	1.0	0.0	10000.0	1.0	False	0.0	0.0	0.0	"[nan nan nan nan nan nan nan nan nan nan nan nan nan nan nan nan nan nan
 nan nan]"	0.0	0.0	0.0
1736.1417438960461	2.0	trials	3.0	1.0	1.0	0.0	10000.0	1.0	False	0.0	0.0	0.0	"[nan nan nan nan nan nan nan nan nan nan nan nan nan nan nan nan nan nan
 nan nan]"	0.0	0.0	0.0
1745.225643586738	2.0	trials	3.0	1.0	1.0	0.0	10000.0	1.0	False	0.0	0.0	0.0	"[nan nan nan nan nan nan nan nan nan nan nan nan nan nan nan nan nan nan
 nan nan]"	0.0	0.0	0.0
1750.7340613308465	2.0	trials	3.0	1.0	1.0	0.0	10000.0	1.0	False	0.0	0.0	0.0	"[nan nan nan nan nan nan nan nan nan nan nan nan nan nan nan nan nan nan
 nan nan]"	0.0	0.0	0.0
1756.0619899420644	2.0	trials	3.0	1.0	1.0	0.0	10000.0	1.0	False	0.0	0.0	0.0	"[nan nan nan nan nan nan nan nan nan nan nan nan nan nan nan nan nan nan
 nan nan]"	0.0	0.0	0.0
1764.3825476083007	2.0	trials	3.0	1.0	1.0	0.0	10000.0	1.0	False	0.0	0.0	0.0	"[nan nan nan nan nan nan nan nan nan nan nan nan nan nan nan nan nan nan
 nan nan]"	0.0	0.0	0.0
1771.8239011499338	2.0	trials	3.0	1.0	1.0	0.0	10000.0	1.0	False	0.0	0.0	0.0	"[nan nan nan nan nan nan nan nan nan nan nan nan nan nan nan nan nan nan
 nan nan]"	0.0	0.0	0.0
1778.8691117167925	2.0	trials	3.0	1.0	1.0	0.0	10000.0	1.0	False	0.0	0.0	0.0	"[nan nan nan nan nan nan nan nan nan nan nan nan nan nan nan nan nan nan
 nan nan]"	0.0	0.0	0.0
1784.5741753519774	2.0	trials	3.0	1.0	1.0	0.0	10000.0	1.0	False	0.0	0.0	0.0	"[nan nan nan nan nan nan nan nan nan nan nan nan nan nan nan nan nan nan
 nan nan]"	0.0	0.0	0.0
1793.447691587146	2.0	trials	3.0	1.0	1.0	0.0	10000.0	1.0	False	0.0	0.0	0.0	"[nan nan nan nan nan nan nan nan nan nan nan nan nan nan nan nan nan nan
 nan nan]"	0.0	0.0	0.0
1876.5742124541039	2.0	trials	4.0	1.0	1.0	1.0	0.0	1.0	False	0.0	0.0	0.0	"[nan nan nan nan nan nan nan nan nan nan nan nan nan nan nan nan nan nan
 nan nan]"	1.0	0.02	5.0
1883.6962324221781	2.0	trials	4.0	1.0	1.0	1.0	0.0	1.0	False	0.0	0.0	0.0	"[nan nan nan nan nan nan nan nan nan nan nan nan nan nan nan nan nan nan
 nan nan]"	1.0	0.02	5.0
1889.3202530671044	2.0	trials	4.0	1.0	1.0	1.0	0.0	1.0	False	0.0	0.0	0.0	"[nan nan nan nan nan nan nan nan nan nan nan nan nan nan nan nan nan nan
 nan nan]"	1.0	0.02	5.0
1896.0941683360804	2.0	trials	4.0	1.0	1.0	1.0	0.0	1.0	False	0.0	0.0	0.0	"[nan nan nan nan nan nan nan nan nan nan nan nan nan nan nan nan nan nan
 nan nan]"	1.0	0.02	5.0
1901.3482251384803	2.0	trials	4.0	1.0	1.0	1.0	0.0	1.0	False	0.0	0.0	0.0	"[nan nan nan nan nan nan nan nan nan nan nan nan nan nan nan nan nan nan
 nan nan]"	1.0	0.02	5.0
1909.7731537346021	2.0	trials	4.0	1.0	1.0	1.0	0.0	1.0	False	0.0	0.0	0.0	"[nan nan nan nan nan nan nan nan nan nan nan nan nan nan nan nan nan nan
 nan nan]"	1.0	0.02	5.0
1915.7722358088618	2.0	trials	4.0	1.0	1.0	1.0	0.0	1.0	False	0.0	0.0	0.0	"[nan nan nan nan nan nan nan nan nan nan nan nan nan nan nan nan nan nan
 nan nan]"	1.0	0.02	5.0
1924.2329339124117	2.0	trials	4.0	1.0	1.0	1.0	0.0	1.0	False	0.0	0.0	0.0	"[nan nan nan nan nan nan nan nan nan nan nan nan nan nan nan nan nan nan
 nan nan]"	1.0	0.02	5.0
1930.262515107739	2.0	trials	4.0	1.0	1.0	1.0	0.0	1.0	False	0.0	0.0	0.0	"[nan nan nan nan nan nan nan nan nan nan nan nan nan nan nan nan nan nan
 nan nan]"	1.0	0.02	5.0
1937.3207720408338	2.0	trials	4.0	1.0	1.0	1.0	0.0	1.0	False	0.0	0.0	0.0	"[nan nan nan nan nan nan nan nan nan nan nan nan nan nan nan nan nan nan
 nan nan]"	1.0	0.02	5.0
1943.9062493974911	2.0	trials	4.0	1.0	1.0	1.0	0.0	1.0	False	0.0	0.0	0.0	"[nan nan nan nan nan nan nan nan nan nan nan nan nan nan nan nan nan nan
 nan nan]"	1.0	0.02	5.0
1951.6043830745723	2.0	trials	4.0	1.0	1.0	1.0	0.0	1.0	False	0.0	0.0	0.0	"[nan nan nan nan nan nan nan nan nan nan nan nan nan nan nan nan nan nan
 nan nan]"	1.0	0.02	5.0
1957.7614903398598	2.0	trials	4.0	1.0	1.0	1.0	0.0	1.0	False	0.0	0.0	0.0	"[nan nan nan nan nan nan nan nan nan nan nan nan nan nan nan nan nan nan
 nan nan]"	1.0	0.02	5.0
1966.3107482142152	2.0	trials	4.0	1.0	1.0	1.0	0.0	1.0	False	0.0	0.0	0.0	"[nan nan nan nan nan nan nan nan nan nan nan nan nan nan nan nan nan nan
 nan nan]"	1.0	0.02	5.0
1974.8184477961245	2.0	trials	4.0	1.0	1.0	1.0	0.0	1.0	False	0.0	0.0	0.0	"[nan nan nan nan nan nan nan nan nan nan nan nan nan nan nan nan nan nan
 nan nan]"	1.0	0.02	5.0
1981.2827926662746	2.0	trials	4.0	1.0	1.0	1.0	0.0	1.0	False	0.0	0.0	0.0	"[nan nan nan nan nan nan nan nan nan nan nan nan nan nan nan nan nan nan
 nan nan]"	1.0	0.02	5.0
1990.0942738619913	2.0	trials	4.0	1.0	1.0	1.0	0.0	1.0	False	0.0	0.0	0.0	"[nan nan nan nan nan nan nan nan nan nan nan nan nan nan nan nan nan nan
 nan nan]"	1.0	0.02	5.0
1995.999698578638	2.0	trials	4.0	1.0	1.0	1.0	0.0	1.0	False	0.0	0.0	0.0	"[nan nan nan nan nan nan nan nan nan nan nan nan nan nan nan nan nan nan
 nan nan]"	1.0	0.02	5.0
2001.9864254848728	2.0	trials	4.0	1.0	1.0	1.0	0.0	1.0	False	0.0	0.0	0.0	"[nan nan nan nan nan nan nan nan nan nan nan nan nan nan nan nan nan nan
 nan nan]"	1.0	0.02	5.0
2009.8403379587958	2.0	trials	4.0	1.0	1.0	1.0	0.0	1.0	False	0.0	0.0	0.0	"[nan nan nan nan nan nan nan nan nan nan nan nan nan nan nan nan nan nan
 nan nan]"	1.0	0.02	5.0
2017.6735144863835	2.0	trials	4.0	1.0	1.0	1.0	0.0	1.0	False	0.0	0.0	0.0	"[nan nan nan nan nan nan nan nan nan nan nan nan nan nan nan nan nan nan
 nan nan]"	1.0	0.02	5.0
2023.970589389432	2.0	trials	4.0	1.0	1.0	1.0	0.0	1.0	False	0.0	0.0	0.0	"[nan nan nan nan nan nan nan nan nan nan nan nan nan nan nan nan nan nan
 nan nan]"	1.0	0.02	5.0
2032.7008547953365	2.0	trials	4.0	1.0	1.0	1.0	0.0	1.0	False	0.0	0.0	0.0	"[nan nan nan nan nan nan nan nan nan nan nan nan nan nan nan nan nan nan
 nan nan]"	1.0	0.02	5.0
2041.550611091996	2.0	trials	4.0	1.0	1.0	1.0	0.0	1.0	False	0.0	0.0	0.0	"[nan nan nan nan nan nan nan nan nan nan nan nan nan nan nan nan nan nan
 nan nan]"	1.0	0.02	5.0
2048.3454351068604	2.0	trials	4.0	1.0	1.0	1.0	0.0	1.0	False	0.0	0.0	0.0	"[nan nan nan nan nan nan nan nan nan nan nan nan nan nan nan nan nan nan
 nan nan]"	1.0	0.02	5.0
2054.7294281849627	2.0	trials	4.0	1.0	1.0	1.0	0.0	1.0	False	0.0	0.0	0.0	"[nan nan nan nan nan nan nan nan nan nan nan nan nan nan nan nan nan nan
 nan nan]"	1.0	0.02	5.0
2061.662319042507	2.0	trials	4.0	1.0	1.0	1.0	0.0	1.0	False	0.0	0.0	0.0	"[nan nan nan nan nan nan nan nan nan nan nan nan nan nan nan nan nan nan
 nan nan]"	1.0	0.02	5.0
2070.1469498841184	2.0	trials	4.0	1.0	1.0	1.0	0.0	1.0	False	0.0	0.0	0.0	"[nan nan nan nan nan nan nan nan nan nan nan nan nan nan nan nan nan nan
 nan nan]"	1.0	0.02	5.0
2076.3987513043357	2.0	trials	4.0	1.0	1.0	1.0	0.0	1.0	False	0.0	0.0	0.0	"[nan nan nan nan nan nan nan nan nan nan nan nan nan nan nan nan nan nan
 nan nan]"	1.0	0.02	5.0
2082.0626022461797	2.0	trials	4.0	1.0	1.0	1.0	0.0	1.0	False	0.0	0.0	0.0	"[nan nan nan nan nan nan nan nan nan nan nan nan nan nan nan nan nan nan
 nan nan]"	1.0	0.02	5.0
2089.1450511166654	2.0	trials	4.0	1.0	1.0	1.0	0.0	1.0	False	0.0	0.0	0.0	"[nan nan nan nan nan nan nan nan nan nan nan nan nan nan nan nan nan nan
 nan nan]"	1.0	0.02	5.0
2097.8007535155402	2.0	trials	4.0	1.0	1.0	1.0	0.0	1.0	False	0.0	0.0	0.0	"[nan nan nan nan nan nan nan nan nan nan nan nan nan nan nan nan nan nan
 nan nan]"	1.0	0.02	5.0
2105.4388393480267	2.0	trials	4.0	1.0	1.0	1.0	0.0	1.0	False	0.0	0.0	0.0	"[nan nan nan nan nan nan nan nan nan nan nan nan nan nan nan nan nan nan
 nan nan]"	1.0	0.02	5.0
2112.245068133375	2.0	trials	4.0	1.0	1.0	1.0	0.0	1.0	False	0.0	0.0	0.0	"[nan nan nan nan nan nan nan nan nan nan nan nan nan nan nan nan nan nan
 nan nan]"	1.0	0.02	5.0
2120.451232495663	2.0	trials	4.0	1.0	1.0	1.0	0.0	1.0	False	0.0	0.0	0.0	"[nan nan nan nan nan nan nan nan nan nan nan nan nan nan nan nan nan nan
 nan nan]"	1.0	0.02	5.0
2129.2431009421375	2.0	trials	4.0	1.0	1.0	1.0	0.0	1.0	False	0.0	0.0	0.0	"[nan nan nan nan nan nan nan nan nan nan nan nan nan nan nan nan nan nan
 nan nan]"	1.0	0.02	5.0
2137.0766230688305	2.0	trials	4.0	1.0	1.0	1.0	0.0	1.0	False	0.0	0.0	0.0	"[nan nan nan nan nan nan nan nan nan nan nan nan nan nan nan nan nan nan
 nan nan]"	1.0	0.02	5.0
2142.4171660474026	2.0	trials	4.0	1.0	1.0	1.0	0.0	1.0	False	0.0	0.0	0.0	"[nan nan nan nan nan nan nan nan nan nan nan nan nan nan nan nan nan nan
 nan nan]"	1.0	0.02	5.0
2151.0564524887623	2.0	trials	4.0	1.0	1.0	1.0	0.0	1.0	False	0.0	0.0	0.0	"[nan nan nan nan nan nan nan nan nan nan nan nan nan nan nan nan nan nan
 nan nan]"	1.0	0.02	5.0
2156.834696734554	2.0	trials	4.0	1.0	1.0	1.0	0.0	1.0	False	0.0	0.0	0.0	"[nan nan nan nan nan nan nan nan nan nan nan nan nan nan nan nan nan nan
 nan nan]"	1.0	0.02	5.0
2163.9507551180577	2.0	trials	4.0	1.0	1.0	1.0	0.0	1.0	False	0.0	0.0	0.0	"[nan nan nan nan nan nan nan nan nan nan nan nan nan nan nan nan nan nan
 nan nan]"	1.0	0.02	5.0
2170.263209181305	2.0	trials	4.0	1.0	1.0	1.0	0.0	1.0	False	0.0	0.0	0.0	"[nan nan nan nan nan nan nan nan nan nan nan nan nan nan nan nan nan nan
 nan nan]"	1.0	0.02	5.0
2176.1682882988457	2.0	trials	4.0	1.0	1.0	1.0	0.0	1.0	False	0.0	0.0	0.0	"[nan nan nan nan nan nan nan nan nan nan nan nan nan nan nan nan nan nan
 nan nan]"	1.0	0.02	5.0
2185.0107870142883	2.0	trials	4.0	1.0	1.0	1.0	0.0	1.0	False	0.0	0.0	0.0	"[nan nan nan nan nan nan nan nan nan nan nan nan nan nan nan nan nan nan
 nan nan]"	1.0	0.02	5.0
2194.079307544782	2.0	trials	4.0	1.0	1.0	1.0	0.0	1.0	False	0.0	0.0	0.0	"[nan nan nan nan nan nan nan nan nan nan nan nan nan nan nan nan nan nan
 nan nan]"	1.0	0.02	5.0
2202.4060859949186	2.0	trials	4.0	1.0	1.0	1.0	0.0	1.0	False	0.0	0.0	0.0	"[nan nan nan nan nan nan nan nan nan nan nan nan nan nan nan nan nan nan
 nan nan]"	1.0	0.02	5.0
2208.2386757000636	2.0	trials	4.0	1.0	1.0	1.0	0.0	1.0	False	0.0	0.0	0.0	"[nan nan nan nan nan nan nan nan nan nan nan nan nan nan nan nan nan nan
 nan nan]"	1.0	0.02	5.0
2215.881427120475	2.0	trials	4.0	1.0	1.0	1.0	0.0	1.0	False	0.0	0.0	0.0	"[nan nan nan nan nan nan nan nan nan nan nan nan nan nan nan nan nan nan
 nan nan]"	1.0	0.02	5.0
2221.7030440540184	2.0	trials	4.0	1.0	1.0	1.0	0.0	1.0	False	0.0	0.0	0.0	"[nan nan nan nan nan nan nan nan nan nan nan nan nan nan nan nan nan nan
 nan nan]"	1.0	0.02	5.0
2228.3909051457044	2.0	trials	4.0	1.0	1.0	1.0	0.0	1.0	False	0.0	0.0	0.0	"[nan nan nan nan nan nan nan nan nan nan nan nan nan nan nan nan nan nan
 nan nan]"	1.0	0.02	5.0
2237.1152089670377	2.0	trials	4.0	1.0	1.0	1.0	0.0	1.0	False	0.0	0.0	0.0	"[nan nan nan nan nan nan nan nan nan nan nan nan nan nan nan nan nan nan
 nan nan]"	1.0	0.02	5.0
2310.8848068498924	2.0	trials	5.0	0.0	0.0	0.0	0.0	0.0	True	40.0	0.0	0.005	"[26754462.90997042 26754752.90921989 26755041.90847195 26755331.90772143
 26755622.90696832 26755911.90622038 26756201.90546985 26756489.9047245
 26756779.90397398 26757069.90322345 26757359.90247293 26757648.90172499
 26757939.90097188 26758227.90022653 26758517.899476   26758807.89872547
 26759097.89797495 26759386.89722701 26759676.89647648 26759965.89572855]"	0.0	0.0	0.0
2316.836973845569	2.0	trials	5.0	0.0	0.0	0.0	0.0	0.0	True	40.0	0.0	0.005	"[26823354.73167661 26823644.73092609 26823933.73017815 26824222.72943021
 26824512.72867968 26824802.72792916 26825091.72718122 26825380.72643328
 26825670.72568276 26825960.72493223 26826251.72417912 26826540.72343118
 26826829.72268324 26827118.72193531 26827408.72118478 26827698.72043426
 26827988.71968373 26828278.71893321 26828568.71818268 26828857.71743474]"	0.0	0.0	0.0
2325.4981194303573	2.0	trials	5.0	0.0	0.0	0.0	0.0	0.0	True	40.0	0.0	0.005	"[26923599.47224065 26923888.4714927  26924178.47074218 26924467.46999425
 26924757.46924372 26925046.46849578 26925336.46774526 26925626.46699473
 26925915.46624679 26926205.46549627 26926495.46474574 26926784.4639978
 26927074.46324728 26927364.46249675 26927654.46174623 26927943.46099829
 26928233.46024776 26928523.45949724 26928812.4587493  26929101.45800136]"	0.0	0.0	0.0
2334.252663173429	2.0	trials	5.0	0.0	0.0	0.0	0.0	0.0	True	40.0	0.0	0.005	"[27024924.21000962 27025214.20925909 27025504.20850857 27025793.20776062
 27026084.20700752 27026373.20625957 27026663.20550905 27026951.2047637
 27027242.20401059 27027532.20326007 27027820.20251471 27028110.20176419
 27028400.20101366 27028690.20026314 27028980.19951261 27029268.19876726
 27029558.19801674 27029849.19726362 27030138.19651568 27030427.19576775]"	0.0	0.0	0.0
2340.630867466513	2.0	trials	5.0	0.0	0.0	0.0	0.0	0.0	True	40.0	0.0	0.005	"[27098746.01895687 27099036.01820635 27099326.01745582 27099616.0167053
 27099904.01595994 27100193.01521201 27100485.01445631 27100774.01370838
 27101063.01296043 27101354.01220733 27101643.01145938 27101933.01070885
 27102221.0099635  27102511.00921299 27102801.00846246 27103091.00771194
 27103380.006964   27103670.00621347 27103960.00546295 27104249.00471501]"	0.0	0.0	0.0
2348.262300516217	2.0	trials	5.0	0.0	0.0	0.0	0.0	0.0	True	40.0	0.0	0.005	"[27187073.79036232 27187362.78961439 27187652.78886387 27187941.78811593
 27188231.78736541 27188520.78661747 27188810.78586694 27189100.78511642
 27189390.78436589 27189679.78361795 27189969.78286743 27190258.78211949
 27190547.78137155 27190837.78062103 27191126.77987309 27191417.77911998
 27191708.77836686 27191996.77762151 27192286.77687099 27192576.77612046]"	0.0	0.0	0.0
2357.334968235977	2.0	trials	5.0	0.0	0.0	0.0	0.0	0.0	True	40.0	0.0	0.005	"[27292080.51860222 27292371.5178491  27292660.51710117 27292949.51635323
 27293240.51560012 27293529.51485218 27293818.51410424 27294109.51335113
 27294397.51260578 27294688.51185266 27294977.51110473 27295266.51035679
 27295556.50960626 27295846.50885574 27296136.50810521 27296425.50735727
 27296715.50660675 27297005.50585622 27297295.5051057  27297584.50435776]"	0.0	0.0	0.0
2365.942113960518	2.0	trials	5.0	0.0	0.0	0.0	0.0	0.0	True	40.0	0.0	0.005	"[27391702.26077858 27391991.26003065 27392281.25928012 27392570.25853219
 27392860.25778166 27393149.25703372 27393439.25628319 27393729.25553267
 27394018.25478474 27394307.2540368  27394597.25328627 27394887.25253575
 27395176.25178781 27395466.25103728 27395756.25028676 27396047.24953364
 27396335.24878829 27396625.24803777 27396914.24728983 27397204.2465393 ]"	0.0	0.0	0.0
2371.94473842561	2.0	trials	5.0	0.0	0.0	0.0	0.0	0.0	True	40.0	0.0	0.005	"[27461177.08097596 27461465.08023061 27461755.07948009 27462044.07873215
 27462335.07797904 27462623.07723369 27462914.07648057 27463204.07573005
 27463493.07498211 27463784.074229   27464073.07348106 27464363.07273054
 27464651.07198518 27464942.07123207 27465230.07048672 27465521.06973361
 27465810.06898567 27466100.06823514 27466390.06748462 27466679.06673668]"	0.0	0.0	0.0
2380.8722545210253	2.0	trials	5.0	0.0	0.0	0.0	0.0	0.0	True	40.0	0.0	0.005	"[27564502.81356631 27564793.81281319 27565082.81206526 27565371.81131732
 27565662.81056421 27565950.80981886 27566241.80906574 27566530.80831781
 27566820.80756728 27567109.80681934 27567399.80606882 27567688.80532088
 27567977.80457294 27568268.80381983 27568557.80307189 27568847.80232137
 27569136.80157343 27569427.80082031 27569716.80007238 27570005.79932445]"	0.0	0.0	0.0
2388.3904174638747	2.0	trials	5.0	0.0	0.0	0.0	0.0	0.0	True	40.0	0.0	0.005	"[27651518.58836725 27651807.5876193  27652098.58686619 27652388.58611567
 27652677.58536774 27652966.5846198  27653256.58386927 27653546.58311874
 27653836.58236822 27654126.58161769 27654414.58087234 27654705.58011923
 27654994.57937129 27655283.57862335 27655574.57787024 27655863.5771223
 27656153.57637178 27656443.57562125 27656732.57487331 27657021.57412538]"	0.0	0.0	0.0
2396.6245753537146	2.0	trials	5.0	0.0	0.0	0.0	0.0	0.0	True	40.0	0.0	0.005	"[27746822.34171868 27747112.34096815 27747401.34022022 27747691.33946969
 27747981.33871917 27748270.33797123 27748559.33722329 27748850.33647018
 27749139.33572224 27749428.3349743  27749719.33422119 27750007.33347584
 27750297.33272532 27750588.3319722  27750877.33122426 27751167.33047374
 27751456.3297258  27751746.32897527 27752036.32822475 27752325.32747681]"	0.0	0.0	0.0
2402.9719349266256	2.0	trials	5.0	0.0	0.0	0.0	0.0	0.0	True	40.0	0.0	0.005	"[27820286.15159246 27820576.15084193 27820865.15009398 27821155.14934346
 27821445.14859293 27821734.147845   27822025.14709188 27822315.14634136
 27822604.14559342 27822893.14484549 27823183.14409496 27823473.14334444
 27823762.1425965  27824052.14184597 27824342.14109545 27824630.1403501
 27824921.13959698 27825211.13884646 27825500.13809852 27825789.13735059]"	0.0	0.0	0.0
2411.502357649727	2.0	trials	5.0	0.0	0.0	0.0	0.0	0.0	True	40.0	0.0	0.005	"[27919017.89607216 27919306.89532422 27919597.89457111 27919887.89382058
 27920176.89307264 27920465.8923247  27920755.89157418 27921046.89082107
 27921334.89007571 27921624.88932519 27921914.88857466 27922204.88782414
 27922493.8870762  27922782.88632827 27923073.88557515 27923362.88482722
 27923651.88407927 27923941.88332875 27924231.88257822 27924522.88182512]"	0.0	0.0	0.0
2419.4486314846163	2.0	trials	5.0	0.0	0.0	0.0	0.0	0.0	True	40.0	0.0	0.005	"[28010989.65804687 28011277.65730152 28011568.65654841 28011857.65580047
 28012147.65504994 28012437.65429942 28012726.65355148 28013015.65280354
 28013305.65205302 28013595.65130249 28013884.65055456 28014175.64980144
 28014464.6490535  28014753.64830557 28015043.64755504 28015333.64680451
 28015622.64605658 28015912.64530605 28016202.64455553 28016492.643805  ]"	0.0	0.0	0.0
2425.206139784074	2.0	trials	5.0	0.0	0.0	0.0	0.0	0.0	True	40.0	0.0	0.005	"[28077627.48558645 28077916.48483852 28078206.484088   28078496.48333747
 28078785.48258954 28079076.48183642 28079365.48108849 28079655.48033796
 28079944.47959002 28080234.4788395  28080523.47809156 28080814.47733845
 28081104.47658792 28081392.47584257 28081681.47509463 28081972.47434152
 28082262.47359099 28082551.47284305 28082840.47209511 28083129.47134718]"	0.0	0.0	0.0
2433.3787810331205	2.0	trials	5.0	0.0	0.0	0.0	0.0	0.0	True	40.0	0.0	0.005	"[28172217.24078574 28172507.24003521 28172796.23928728 28173086.23853676
 28173376.23778623 28173666.2370357  28173955.23628777 28174245.23553723
 28174535.23478672 28174824.23403878 28175113.23329084 28175403.23254031
 28175692.23179237 28175983.23103926 28176271.23029391 28176562.2295408
 28176851.22879286 28177140.22804492 28177430.2272944  28177720.22654387]"	0.0	0.0	0.0
2439.702726266628	2.0	trials	5.0	0.0	0.0	0.0	0.0	0.0	True	40.0	0.0	0.005	"[28245412.05135569 28245702.05060516 28245992.04985464 28246281.0491067
 28246571.04835617 28246860.04760823 28247149.0468603  28247440.04610718
 28247729.04535924 28248019.04460872 28248309.04385819 28248598.04311026
 28248887.04236232 28249177.04161179 28249467.04086127 28249756.04011333
 28250047.03936022 28250336.03861228 28250625.03786434 28250914.0371164 ]"	0.0	0.0	0.0
2444.8385017751416	2.0	trials	5.0	0.0	0.0	0.0	0.0	0.0	True	40.0	0.0	0.005	"[28304852.89752125 28305142.89677073 28305432.8960202  28305721.89527225
 28306011.89452174 28306300.8937738  28306589.89302586 28306879.89227533
 28307169.89152481 28307459.89077428 28307748.89002635 28308038.88927582
 28308327.88852788 28308618.88777477 28308908.88702424 28309196.88627889
 28309486.88552837 28309776.88477784 28310065.8840299  28310357.8832742 ]"	0.0	0.0	0.0
2450.7064289888326	2.0	trials	5.0	0.0	0.0	0.0	0.0	0.0	True	40.0	0.0	0.005	"[28372768.72175334 28373058.72100282 28373348.72025229 28373637.71950436
 28373927.71875384 28374216.7180059  28374505.71725796 28374796.71650485
 28375086.71575432 28375376.7150038  28375665.71425586 28375954.71350792
 28376245.71275481 28376533.71200945 28376824.71125634 28377112.710511
 28377403.70975788 28377692.70900994 28377981.708262   28378272.70750889]"	0.0	0.0	0.0
2456.0947510437513	2.0	trials	5.0	0.0	0.0	0.0	0.0	0.0	True	40.0	0.0	0.005	"[28435133.56035154 28435422.5596036  28435713.55885049 28436002.55810255
 28436291.55735461 28436581.55660409 28436871.55585356 28437160.55510563
 28437450.5543551  28437740.55360457 28438029.55285664 28438320.55210352
 28438609.55135559 28438899.55060506 28439188.54985712 28439477.54910918
 28439768.54835607 28440057.54760813 28440347.54685761 28440637.54610708]"	0.0	0.0	0.0
2461.524458591563	2.0	trials	5.0	0.0	0.0	0.0	0.0	0.0	True	40.0	0.0	0.005	"[28497978.39770748 28498267.39695955 28498558.39620643 28498846.39546109
 28499137.39470797 28499425.39396262 28499717.39320692 28500006.39245899
 28500296.39170846 28500585.39096052 28500875.39021    28501165.38945947
 28501454.38871153 28501744.38796101 28502034.38721048 28502322.38646513
 28502613.38571202 28502901.38496667 28503191.38421614 28503482.38346303]"	0.0	0.0	0.0
2467.1222137044647	2.0	trials	5.0	0.0	0.0	0.0	0.0	0.0	True	40.0	0.0	0.005	"[28562769.23002715 28563057.22928179 28563345.22853645 28563636.22778333
 28563926.2270328  28564215.22628487 28564506.22553175 28564795.22478382
 28565084.22403589 28565373.22328794 28565663.22253741 28565952.22178948
 28566242.22103896 28566532.22028843 28566822.21953791 28567111.21878996
 28567401.21803943 28567692.21728633 28567981.21653838 28568270.21579045]"	0.0	0.0	0.0
2473.2604858184977	2.0	trials	5.0	0.0	0.0	0.0	0.0	0.0	True	40.0	0.0	0.005	"[28633811.0461691  28634101.04541857 28634392.04466546 28634681.04391752
 28634970.04316958 28635259.04242164 28635549.04167112 28635839.04092059
 28636129.04017007 28636419.03941954 28636708.0386716  28636997.03792368
 28637288.03717055 28637577.03642261 28637866.03567468 28638156.03492415
 28638447.03417104 28638735.0334257  28639024.03267775 28639316.03192205]"	0.0	0.0	0.0
2479.419061879984	2.0	trials	5.0	0.0	0.0	0.0	0.0	0.0	True	40.0	0.0	0.005	"[28705089.86169768 28705380.86094457 28705668.86019923 28705959.85944611
 28706248.85869818 28706538.85794765 28706827.85719971 28707118.85644659
 28707407.85569866 28707697.85494814 28707986.8542002  28708275.85345226
 28708565.85270173 28708854.8519538  28709145.85120068 28709435.85045016
 28709724.84970222 28710014.84895169 28710303.84820376 28710594.84745064]"	0.0	0.0	0.0
2487.457092277406	2.0	trials	5.0	0.0	0.0	0.0	0.0	0.0	True	40.0	0.0	0.005	"[28798124.62092134 28798414.62017081 28798703.61942287 28798992.61867494
 28799282.61792441 28799573.6171713  28799861.61642595 28800152.61567283
 28800441.6149249  28800730.61417696 28801020.61342643 28801309.61267849
 28801599.61192797 28801889.61117744 28802178.61042951 28802468.60967898
 28802758.60892846 28803048.60817793 28803339.60742482 28803627.60667947]"	0.0	0.0	0.0
2494.3686423901804	2.0	trials	5.0	0.0	0.0	0.0	0.0	0.0	True	40.0	0.0	0.005	"[28878119.41389275 28878408.41314482 28878698.4123943  28878988.41164377
 28879277.41089582 28879567.41014531 28879857.40939477 28880146.40864684
 28880436.40789632 28880726.40714579 28881015.40639786 28881305.40564733
 28881595.4048968  28881883.40415145 28882173.40340093 28882464.40264782
 28882753.40189988 28883042.40115194 28883332.40040141 28883621.39965348]"	0.0	0.0	0.0
2500.8848271261686	2.0	trials	5.0	0.0	0.0	0.0	0.0	0.0	True	40.0	0.0	0.005	"[28953538.21870695 28953826.2179616  28954117.21720849 28954405.21646313
 28954696.21571002 28954986.2149595  28955274.21421415 28955565.21346103
 28955855.21271051 28956144.21196257 28956434.21121204 28956723.21046411
 28957014.20971099 28957303.20896306 28957593.20821253 28957882.20746459
 28958172.20671407 28958462.20596354 28958751.2052156  28959041.20446508]"	0.0	0.0	0.0
2507.4604549083165	2.0	trials	5.0	0.0	0.0	0.0	0.0	0.0	True	40.0	0.0	0.005	"[29029645.02174059 29029935.02099006 29030224.02024212 29030514.0194916
 29030804.01874107 29031093.01799313 29031382.0172452  29031671.01649726
 29031962.01574415 29032253.01499103 29032541.01424569 29032830.01349775
 29033120.01274722 29033410.01199669 29033700.01124617 29033989.01049823
 29034279.00974771 29034568.00899977 29034858.00824924 29035148.00749872]"	0.0	0.0	0.0
2515.2550971356322	2.0	trials	5.0	0.0	0.0	0.0	0.0	0.0	True	40.0	0.0	0.005	"[29119860.78825986 29120150.78750934 29120439.7867614  29120729.78601087
 29121018.78526293 29121308.78451241 29121597.78376447 29121886.78301654
 29122177.78226342 29122465.78151807 29122756.78076496 29123046.78001444
 29123335.7792665  29123625.77851596 29123915.77776545 29124204.77701751
 29124494.77626698 29124783.77551904 29125074.77476593 29125364.77401541]"	0.0	0.0	0.0
2524.116690201658	2.0	trials	5.0	0.0	0.0	0.0	0.0	0.0	True	40.0	0.0	0.005	"[29222425.52281969 29222715.52206916 29223004.52132123 29223293.52057329
 29223584.51982018 29223872.51907482 29224162.5183243  29224452.51757377
 29224741.51682584 29225032.51607272 29225322.5153222  29225612.51457167
 29225901.51382373 29226191.51307321 29226480.51232527 29226769.51157733
 29227059.51082681 29227349.51007628 29227638.50932834 29227928.50857782]"	0.0	0.0	0.0
2533.0687438335704	2.0	trials	5.0	0.0	0.0	0.0	0.0	0.0	True	40.0	0.0	0.005	"[29326037.25466986 29326326.25392193 29326616.2531714  29326905.25242346
 29327194.25167552 29327485.25092241 29327774.25017447 29328062.24942912
 29328354.24867342 29328643.24792549 29328932.24717755 29329222.24642702
 29329511.24567908 29329801.24492856 29330092.24417545 29330380.24343009
 29330671.24267698 29330959.24193163 29331250.24117852 29331539.24043058]"	0.0	0.0	0.0
2541.186694024158	2.0	trials	5.0	0.0	0.0	0.0	0.0	0.0	True	40.0	0.0	0.005	"[29419994.01150736 29420284.01075684 29420574.01000631 29420862.00926096
 29421152.00851043 29421442.00775991 29421733.00700679 29422022.00625886
 29422310.00551351 29422601.00476039 29422890.00401245 29423180.00326193
 29423471.00250882 29423759.00176347 29424050.00101035 29424339.00026241
 29424627.99951448 29424916.99876655 29425207.99801342 29425497.9972629 ]"	0.0	0.0	0.0
2547.480831334809	2.0	trials	5.0	0.0	0.0	0.0	0.0	0.0	True	40.0	0.0	0.005	"[29492842.82297276 29493132.82222224 29493421.8214743  29493711.82072377
 29494001.81997325 29494291.81922272 29494580.81847478 29494870.81772426
 29495160.81697373 29495449.81622579 29495738.81547786 29496028.81472733
 29496318.81397681 29496607.81322887 29496897.81247834 29497187.81172782
 29497478.8109747  29497766.81022935 29498056.80947883 29498345.8087309 ]"	0.0	0.0	0.0
2554.197636351588	2.0	trials	5.0	0.0	0.0	0.0	0.0	0.0	True	40.0	0.0	0.005	"[29570583.62177757 29570873.62102705 29571162.62027911 29571453.61952599
 29571742.61877806 29572032.61802753 29572321.61727959 29572611.61652907
 29572901.61577854 29573190.61503061 29573480.61428009 29573769.61353214
 29574060.61277904 29574348.61203368 29574638.61128316 29574929.61053004
 29575217.6097847  29575508.60903158 29575796.60828623 29576087.60753312]"	0.0	0.0	0.0
2561.7248712709584	2.0	trials	5.0	0.0	0.0	0.0	0.0	0.0	True	40.0	0.0	0.005	"[29657705.39630418 29657995.39555366 29658284.39480572 29658574.39405519
 29658863.39330725 29659152.39255932 29659443.3918062  29659731.39106085
 29660022.39030774 29660311.3895598  29660602.38880669 29660890.38806134
 29661180.38731081 29661471.3865577  29661760.38580976 29662049.38506182
 29662338.38431389 29662628.38356336 29662918.38281284 29663207.3820649 ]"	0.0	0.0	0.0
2568.5586615849775	2.0	trials	5.0	0.0	0.0	0.0	0.0	0.0	True	40.0	0.0	0.005	"[29736799.1916074  29737088.19085947 29737379.19010635 29737668.18935841
 29737958.18860789 29738248.18785736 29738538.18710684 29738827.1863589
 29739118.18560579 29739406.18486044 29739696.18410991 29739986.18335939
 29740275.18261145 29740564.18186351 29740855.1811104  29741144.18036246
 29741434.17961193 29741723.178864   29742013.17811347 29742302.17736553]"	0.0	0.0	0.0
2576.3406030451624	2.0	trials	5.0	0.0	0.0	0.0	0.0	0.0	True	40.0	0.0	0.005	"[29826867.95850712 29827156.95775918 29827447.95700607 29827736.95625813
 29828025.95551019 29828316.95475708 29828606.95400655 29828895.95325861
 29829185.95250809 29829474.95176015 29829764.95100962 29830054.9502591
 29830343.94951116 29830633.94876063 29830922.94801271 29831212.94726218
 29831502.94651165 29831792.94576113 29832082.9450106  29832371.94426266]"	0.0	0.0	0.0
2583.5104884893603	2.0	trials	5.0	0.0	0.0	0.0	0.0	0.0	True	40.0	0.0	0.005	"[29909852.74374036 29910143.74298725 29910432.74223931 29910722.74148878
 29911011.74074084 29911301.73999032 29911591.73923979 29911880.73849185
 29912169.73774392 29912460.7369908  29912750.73624028 29913039.73549234
 29913329.73474181 29913619.73399129 29913907.73324594 29914197.73249542
 29914487.73174489 29914777.73099437 29915067.73024384 29915356.7294959 ]"	0.0	0.0	0.0
2592.018965669257	2.0	trials	5.0	0.0	0.0	0.0	0.0	0.0	True	40.0	0.0	0.005	"[30008330.48887742 30008619.48812949 30008909.48737896 30009199.48662843
 30009489.48587791 30009779.48512738 30010068.48437944 30010358.48362892
 30010647.48288098 30010938.48212787 30011227.48137993 30011516.48063199
 30011805.47988405 30012095.47913353 30012385.478383   30012674.47763506
 30012965.47688195 30013254.47613401 30013543.47538607 30013833.47463555]"	0.0	0.0	0.0
2598.8348712295615	2.0	trials	5.0	0.0	0.0	0.0	0.0	0.0	True	40.0	0.0	0.005	"[30087218.28471377 30087507.28396584 30087798.28321272 30088087.28246479
 30088377.28171426 30088667.28096373 30088957.28021321 30089246.27946527
 30089535.27871734 30089826.27796422 30090115.27721629 30090404.27646834
 30090694.27571782 30090984.27496729 30091272.27422195 30091563.27346884
 30091852.2727209  30092143.27196778 30092432.27121985 30092722.27046932]"	0.0	0.0	0.0
2605.224912292012	2.0	trials	5.0	0.0	0.0	0.0	0.0	0.0	True	40.0	0.0	0.005	"[30161176.09330907 30161467.09255595 30161757.09180543 30162048.09105231
 30162337.09030437 30162626.08955644 30162915.0888085  30163205.08805797
 30163496.08730486 30163784.08655952 30164074.08580898 30164364.08505846
 30164654.08430794 30164943.08356    30165232.08281206 30165522.08206154
 30165812.08131101 30166102.08056048 30166392.07980996 30166680.07906461]"	0.0	0.0	0.0
2613.9427361301155	2.0	trials	5.0	0.0	0.0	0.0	0.0	0.0	True	40.0	0.0	0.005	"[30262077.83217277 30262366.83142483 30262657.83067172 30262946.82992378
 30263237.82917067 30263525.82842532 30263815.82767479 30264104.82692686
 30264394.82617633 30264684.8254258  30264973.82467787 30265262.82392993
 30265552.8231794  30265842.82242888 30266132.82167835 30266421.82093041
 30266711.82017989 30267001.81942936 30267290.81868143 30267581.81792831]"	0.0	0.0	0.0
2621.875445200111	2.0	trials	5.0	0.0	0.0	0.0	0.0	0.0	True	40.0	0.0	0.005	"[30353893.59455121 30354180.59380845 30354471.59305534 30354760.5923074
 30355051.59155428 30355341.59080376 30355629.59005841 30355920.5893053
 30356208.58855995 30356498.58780942 30356788.5870589  30357078.58630837
 30357367.58556043 30357657.58480991 30357946.58406197 30358236.58331145
 30358525.58256351 30358816.58181039 30359105.58106246 30359395.58031194]"	0.0	0.0	0.0
2629.3626770230103	2.0	trials	5.0	0.0	0.0	0.0	0.0	0.0	True	40.0	0.0	0.005	"[30440550.37028125 30440838.3695359  30441128.36878538 30441419.36803226
 30441708.36728432 30441999.36653121 30442288.36578327 30442577.36503534
 30442866.3642874  30443156.36353687 30443446.36278635 30443736.36203582
 30444026.36128529 30444315.36053736 30444606.35978424 30444895.35903631
 30445184.35828837 30445474.35753784 30445763.35678991 30446052.35604196]"	0.0	0.0	0.0
2636.0376645480137	2.0	trials	5.0	0.0	0.0	0.0	0.0	0.0	True	40.0	0.0	0.005	"[30517806.17034126 30518096.16959073 30518386.1688402  30518675.16809227
 30518964.16734433 30519254.1665938  30519544.16584328 30519834.16509275
 30520123.16434481 30520413.16359429 30520703.16284376 30520992.16209582
 30521282.1613453  30521572.16059477 30521862.15984425 30522151.15909631
 30522440.15834837 30522731.15759526 30523019.15684991 30523310.15609679]"	0.0	0.0	0.0
2642.1369703628925	2.0	trials	5.0	0.0	0.0	0.0	0.0	0.0	True	40.0	0.0	0.005	"[30588401.98763746 30588690.98688953 30588979.98614158 30589269.98539106
 30589559.98464053 30589847.98389518 30590138.98314207 30590426.98239672
 30590718.98164102 30591007.98089308 30591296.98014514 30591585.97939721
 30591876.97864409 30592166.97789357 30592454.97714822 30592744.97639769
 30593034.97564717 30593324.97489664 30593616.97414094 30593902.97340077]"	0.0	0.0	0.0
2648.1848683108155	2.0	trials	5.0	0.0	0.0	0.0	0.0	0.0	True	40.0	0.0	0.005	"[30658398.80648389 30658687.80573596 30658977.80498543 30659268.80423231
 30659557.80348438 30659846.80273644 30660136.80198592 30660426.80123539
 30660716.80048487 30661005.79973693 30661296.79898382 30661584.79823846
 30661875.79748535 30662162.79674259 30662453.79598948 30662744.79523636
 30663033.79448842 30663322.79374049 30663612.79298996 30663902.79223944]"	0.0	0.0	0.0
2654.544583051751	2.0	trials	5.0	0.0	0.0	0.0	0.0	0.0	True	40.0	0.0	0.005	"[30732006.61598499 30732296.61523446 30732586.61448394 30732875.613736
 30733166.61298288 30733454.61223754 30733744.61148701 30734035.6107339
 30734323.60998854 30734613.60923802 30734903.60848749 30735193.60773697
 30735483.60698644 30735770.60624369 30736062.60548798 30736352.60473745
 30736640.60399211 30736931.603239   30737220.60249105 30737509.60174312]"	0.0	0.0	0.0
2662.2250911744477	2.0	trials	5.0	0.0	0.0	0.0	0.0	0.0	True	40.0	0.0	0.005	"[30820901.38592304 30821191.38517251 30821481.38442199 30821770.38367405
 30822060.38292352 30822350.382173   30822639.38142506 30822929.38067453
 30823219.37992401 30823508.37917607 30823799.37842296 30824088.37767502
 30824378.37692449 30824666.37617915 30824957.37542603 30825247.3746755
 30825536.37392757 30825826.37317704 30826114.37243169 30826405.37167858]"	0.0	0.0	0.0
2681.1519989912445	2.0	trials	6.0	0.0	0.0	0.0	0.0	0.0	True	40.0	0.0	0.005	"[31039963.81898383 31040252.81823589 31040542.81748536 31040832.81673484
 31041122.81598431 31041411.81523637 31041700.81448844 31041991.81373532
 31042280.81298739 31042570.81223686 31042860.81148633 31043149.8107384
 31043439.80998787 31043728.80923993 31044018.80848941 31044307.80774147
 31044597.80699094 31044886.80624301 31045177.80548989 31045467.80473937]"	0.0	0.0	0.0
2688.123424149061	2.0	trials	6.0	0.0	0.0	0.0	0.0	0.0	True	40.0	0.0	0.005	"[31120651.61016175 31120940.60941381 31121230.60866328 31121520.60791276
 31121809.60716482 31122098.60641688 31122389.60566377 31122678.60491583
 31122967.60416789 31123257.60341737 31123548.60266425 31123837.60191632
 31124126.60116838 31124416.60041785 31124705.59966991 31124995.59891939
 31125285.59816886 31125575.59741834 31125865.59666781 31126153.59592246]"	0.0	0.0	0.0
2696.8230176343454	2.0	trials	6.0	0.0	0.0	0.0	0.0	0.0	True	40.0	0.0	0.005	"[31221341.34957411 31221630.34882617 31221920.34807565 31222210.34732512
 31222499.34657718 31222789.34582666 31223079.34507613 31223369.34432561
 31223658.34357767 31223949.34282456 31224237.3420792  31224527.34132868
 31224817.34057815 31225106.33983022 31225396.33907969 31225685.33833176
 31225976.33757864 31226264.33683329 31226555.33608017 31226844.33533224]"	0.0	0.0	0.0
2703.593908911148	2.0	trials	6.0	0.0	0.0	0.0	0.0	0.0	True	40.0	0.0	0.005	"[31299707.14676141 31299997.14601089 31300286.14526295 31300576.14451242
 31300866.1437619  31301155.14301396 31301444.14226602 31301734.14151549
 31302025.14076238 31302314.14001444 31302603.13926651 31302893.13851598
 31303183.13776546 31303473.13701493 31303762.136267   31304052.13551647
 31304341.13476853 31304631.134018   31304920.13327007 31305211.13251695]"	0.0	0.0	0.0
2709.0152356806493	2.0	trials	6.0	0.0	0.0	0.0	0.0	0.0	True	40.0	0.0	0.005	"[31362454.98436839 31362743.98362046 31363033.98286993 31363323.9821194
 31363612.98137147 31363902.98062094 31364191.979873   31364481.97912248
 31364771.97837195 31365060.97762402 31365351.9768709  31365640.97612296
 31365929.97537503 31366219.9746245  31366509.97387398 31366799.97312345
 31367089.97237293 31367378.97162499 31367667.97087705 31367958.97012394]"	0.0	0.0	0.0
2714.4759607481874	2.0	trials	6.0	0.0	0.0	0.0	0.0	0.0	True	40.0	0.0	0.005	"[31425656.82080042 31425946.82004989 31426236.81929936 31426526.81854884
 31426815.8178009  31427104.81705296 31427395.81629985 31427684.81555191
 31427974.81480139 31428264.81405086 31428553.81330292 31428842.81255499
 31429132.81180446 31429422.81105393 31429711.810306   31430001.80955547
 31430290.80880753 31430580.80805701 31430870.80730648 31431160.80655596]"	0.0	0.0	0.0
2720.803880371409	2.0	trials	6.0	0.0	0.0	0.0	0.0	0.0	True	40.0	0.0	0.005	"[31498897.63125132 31499186.63050338 31499476.62975285 31499766.62900233
 31500055.62825439 31500345.62750386 31500635.62675334 31500925.62600281
 31501215.62525229 31501503.62450694 31501793.62375641 31502083.62300589
 31502372.62225795 31502663.62150483 31502952.62075689 31503242.62000637
 31503531.61925843 31503820.61851049 31504111.61775738 31504400.61700944]"	0.0	0.0	0.0
2729.2892024112316	2.0	trials	6.0	0.0	0.0	0.0	0.0	0.0	True	40.0	0.0	0.005	"[31597107.37708196 31597397.37633144 31597686.3755835  31597977.37483039
 31598265.37408504 31598556.37333192 31598845.37258399 31599135.37183346
 31599423.37108811 31599714.370335   31600004.36958447 31600292.36883912
 31600583.36808601 31600873.36733549 31601162.36658755 31601451.36583961
 31601742.3650865  31602030.36434115 31602321.36358803 31602610.36284009]"	0.0	0.0	0.0
2735.175619177071	2.0	trials	6.0	0.0	0.0	0.0	0.0	0.0	True	40.0	0.0	0.005	"[31665236.20076282 31665525.20001488 31665815.19926435 31666105.19851383
 31666394.19776589 31666685.19701277 31666974.19626484 31667264.19551431
 31667553.19476638 31667843.19401585 31668132.19326792 31668423.1925148
 31668712.19176686 31669001.19101892 31669292.19026581 31669581.18951787
 31669871.18876735 31670160.18801941 31670449.18727147 31670739.18652095]"	0.0	0.0	0.0
2743.124917004135	2.0	trials	6.0	0.0	0.0	0.0	0.0	0.0	True	40.0	0.0	0.005	"[31757241.96264954 31757531.96189901 31757821.96114849 31758110.96040055
 31758400.95965002 31758690.9588995  31758980.95814897 31759269.95740104
 31759558.9566531  31759849.95589998 31760138.95515205 31760427.95440411
 31760717.95365358 31761007.95290306 31761296.95215512 31761586.9514046
 31761876.95065407 31762165.94990613 31762455.94915561 31762745.94840508]"	0.0	0.0	0.0
2751.921710237864	2.0	trials	6.0	0.0	0.0	0.0	0.0	0.0	True	40.0	0.0	0.005	"[31859056.69915038 31859346.69839986 31859636.69764933 31859925.69690139
 31860215.69615087 31860504.69540293 31860794.6946524  31861084.69390188
 31861374.69315135 31861663.69240341 31861953.69165289 31862243.69090236
 31862533.69015184 31862821.68940648 31863111.68865597 31863401.68790543
 31863690.6871575  31863981.68640438 31864270.68565645 31864560.68490592]"	0.0	0.0	0.0
2759.0078742987344	2.0	trials	6.0	0.0	0.0	0.0	0.0	0.0	True	40.0	0.0	0.005	"[31941073.48688882 31941363.4861383  31941652.48539037 31941941.48464242
 31942231.4838919  31942521.48314137 31942811.48239084 31943100.48164291
 31943390.48089239 31943680.48014186 31943969.47939392 31944258.47864599
 31944548.47789546 31944838.47714493 31945128.47639441 31945417.47564647
 31945707.47489595 31945998.47414283 31946285.47340007 31946575.47264955]"	0.0	0.0	0.0
2765.6500299087074	2.0	trials	6.0	0.0	0.0	0.0	0.0	0.0	True	40.0	0.0	0.005	"[32017950.28792968 32018239.28718175 32018528.28643381 32018818.28568328
 32019107.28493534 32019397.28418482 32019687.28343429 32019977.28268377
 32020267.28193324 32020557.28118272 32020845.28043737 32021135.27968685
 32021424.2789389  32021715.27818579 32022004.27743785 32022294.27668734
 32022583.27593939 32022873.27518887 32023162.27444093 32023452.27369041]"	0.0	0.0	0.0
2774.3072011037807	2.0	trials	6.0	0.0	0.0	0.0	0.0	0.0	True	40.0	0.0	0.005	"[32118149.02861277 32118438.02786483 32118727.02711689 32119018.02636378
 32119307.02561584 32119596.0248679  32119886.02411738 32120177.02336426
 32120465.02261892 32120755.02186839 32121045.02111787 32121334.02036992
 32121624.0196194  32121914.01886887 32122204.01811834 32122493.01737041
 32122782.01662248 32123072.01587195 32123363.01511884 32123652.0143709 ]"	0.0	0.0	0.0
2780.343262282338	2.0	trials	6.0	0.0	0.0	0.0	0.0	0.0	True	40.0	0.0	0.005	"[32188009.84781117 32188299.84706064 32188589.84631012 32188878.84556218
 32189169.84480907 32189458.84406113 32189747.84331319 32190038.84256008
 32190326.84181473 32190617.84106161 32190906.84031368 32191195.83956574
 32191485.83881521 32191776.8380621  32192065.83731416 32192354.83656622
 32192643.83581828 32192934.83506517 32193223.83431723 32193512.8335693 ]"	0.0	0.0	0.0
2787.089616022644	2.0	trials	6.0	0.0	0.0	0.0	0.0	0.0	True	40.0	0.0	0.005	"[32266093.64572829 32266383.64497777 32266672.64422983 32266961.64348189
 32267252.64272878 32267541.64198084 32267831.64123031 32268121.64047979
 32268410.63973185 32268699.63898391 32268989.63823339 32269279.63748286
 32269569.63673234 32269858.6359844  32270148.63523387 32270437.63448594
 32270727.63373541 32271017.63298488 32271306.63223695 32271596.63148642]"	0.0	0.0	0.0
2795.3134923390935	2.0	trials	6.0	0.0	0.0	0.0	0.0	0.0	True	40.0	0.0	0.005	"[32361276.39939288 32361565.39864494 32361855.39789442 32362145.39714389
 32362435.39639337 32362724.39564543 32363015.39489231 32363304.39414438
 32363594.39339385 32363883.39264591 32364173.39189539 32364463.39114486
 32364752.39039692 32365041.38964899 32365332.38889587 32365621.38814794
 32365911.38739741 32366200.38664947 32366490.38589895 32366780.38514842]"	0.0	0.0	0.0
2804.205670925963	2.0	trials	6.0	0.0	0.0	0.0	0.0	0.0	True	40.0	0.0	0.005	"[32464195.13303655 32464485.13228602 32464775.1315355  32465065.13078497
 32465354.13003703 32465644.12928651 32465934.12853598 32466223.12778804
 32466513.12703752 32466803.12628699 32467092.12553906 32467381.12479112
 32467671.12404059 32467961.12329007 32468251.12253954 32468540.1217916
 32468830.12104108 32469119.12029314 32469409.11954261 32469698.11879468]"	0.0	0.0	0.0
2812.9354179332095	2.0	trials	6.0	0.0	0.0	0.0	0.0	0.0	True	40.0	0.0	0.005	"[32565234.87154311 32565524.87079258 32565813.87004464 32566103.86929411
 32566392.86854618 32566682.86779566 32566971.86704772 32567261.86629719
 32567551.86554667 32567840.86479873 32568130.8640482  32568420.86329768
 32568710.86254715 32568999.86179921 32569288.86105128 32569579.86029816
 32569868.85955023 32570158.8587997  32570447.85805176 32570736.85730382]"	0.0	0.0	0.0
2818.485566769317	2.0	trials	6.0	0.0	0.0	0.0	0.0	0.0	True	40.0	0.0	0.005	"[32629471.70529653 32629762.70454341 32630050.70379806 32630340.70304754
 32630630.70229701 32630920.70154649 32631210.70079596 32631499.70004802
 32631789.6992975  32632079.69854697 32632369.69779645 32632658.69704851
 32632947.69630057 32633238.69554746 32633527.69479952 32633817.69404899
 32634106.69330106 32634396.69255053 32634685.69180259 32634975.69105207]"	0.0	0.0	0.0
2826.6696991886242	2.0	trials	6.0	0.0	0.0	0.0	0.0	0.0	True	40.0	0.0	0.005	"[32724196.46014642 32724485.45939849 32724776.45864537 32725064.45790002
 32725354.45714949 32725645.45639639 32725934.45564844 32726223.45490051
 32726513.45414999 32726802.45340205 32727092.45265152 32727383.45189841
 32727671.45115306 32727961.45040253 32728251.44965201 32728540.44890407
 32728831.44815096 32729120.44740302 32729409.44665508 32729699.44590455]"	0.0	0.0	0.0
2834.235554808044	2.0	trials	6.0	0.0	0.0	0.0	0.0	0.0	True	40.0	0.0	0.005	"[32811764.23351878 32812053.23277083 32812342.2320229  32812632.23127237
 32812923.23051926 32813212.22977132 32813501.22902339 32813791.22827286
 32814081.22752233 32814370.2267744  32814660.22602387 32814949.22527593
 32815240.22452282 32815528.22377747 32815818.22302694 32816108.22227642
 32816398.22152589 32816687.22077795 32816977.22002744 32817266.21927949]"	0.0	0.0	0.0
2841.789400858544	2.0	trials	6.0	0.0	0.0	0.0	0.0	0.0	True	40.0	0.0	0.005	"[32899193.00725086 32899482.00650292 32899773.00574981 32900062.00500187
 32900352.00425134 32900641.00350341 32900930.00275547 32901220.00200494
 32901510.00125442 32901800.00050389 32902088.99975596 32902378.99900543
 32902668.9982549  32902957.99750696 32903246.99675903 32903537.99600592
 32903826.99525798 32904116.99450745 32904406.99375693 32904695.99300899]"	0.0	0.0	0.0
2849.740513080912	2.0	trials	6.0	0.0	0.0	0.0	0.0	0.0	True	40.0	0.0	0.005	"[32991219.76908323 32991508.76833529 32991797.76758735 32992088.76683424
 32992377.7660863  32992667.76533578 32992956.76458785 32993246.76383732
 32993536.7630868  32993824.76234144 32994115.76158833 32994405.7608378
 32994694.76008987 32994983.75934193 32995273.7585914  32995563.75784088
 32995853.75709035 32996142.75634241 32996431.75559448 32996722.75484136]"	0.0	0.0	0.0
2854.9656259582193	2.0	trials	6.0	0.0	0.0	0.0	0.0	0.0	True	40.0	0.0	0.005	"[33051695.61257019 33051984.61182225 33052274.61107173 33052564.61032121
 33052854.60957068 33053143.60882274 33053433.60807221 33053722.60732428
 33054012.60657375 33054302.60582323 33054591.60507529 33054880.60432735
 33055170.60357683 33055459.60282889 33055750.60207578 33056039.60132784
 33056329.60057731 33056619.59982679 33056909.59907626 33057197.59833091]"	0.0	0.0	0.0
2861.5714072623296	2.0	trials	6.0	0.0	0.0	0.0	0.0	0.0	True	40.0	0.0	0.005	"[33128151.41470061 33128441.41395009 33128731.41319956 33129020.41245162
 33129309.41170369 33129599.41095316 33129889.41020263 33130178.4094547
 33130468.40870417 33130759.40795105 33131048.40720312 33131337.40645518
 33131626.40570725 33131917.40495413 33132206.4042062  33132495.40345826
 33132785.40270773 33133075.40195721 33133365.40120668 33133653.40046133]"	0.0	0.0	0.0
2869.1018389734263	2.0	trials	6.0	0.0	0.0	0.0	0.0	0.0	True	40.0	0.0	0.005	"[33215309.18913405 33215599.18838352 33215888.18763559 33216178.18688506
 33216467.18613712 33216757.1853866  33217046.18463866 33217336.18388813
 33217626.18313761 33217916.18238708 33218206.18163656 33218496.18088603
 33218785.18013809 33219074.17939016 33219364.17863963 33219654.1778891
 33219943.17714117 33220233.17639064 33220522.1756427  33220813.17488959]"	0.0	0.0	0.0
2874.654147803944	2.0	trials	6.0	0.0	0.0	0.0	0.0	0.0	True	40.0	0.0	0.005	"[33279571.02282277 33279861.02207224 33280151.02132172 33280441.02057119
 33280730.01982325 33281020.01907273 33281309.01832479 33281599.01757427
 33281889.01682374 33282178.0160758  33282469.01532269 33282757.01457734
 33283048.01382422 33283337.01307629 33283626.01232835 33283916.01157783
 33284206.0108273  33284496.01007678 33284785.00932883 33285074.0085809 ]"	0.0	0.0	0.0
2883.4833409538214	2.0	trials	6.0	0.0	0.0	0.0	0.0	0.0	True	40.0	0.0	0.005	"[33381761.75835052 33382050.75760258 33382340.75685206 33382630.75610153
 33382919.75535359 33383209.75460307 33383499.75385254 33383788.7531046
 33384078.75235408 33384367.75160614 33384658.75085303 33384946.75010768
 33385236.74935715 33385526.74860663 33385816.7478561  33386105.74710816
 33386396.74635505 33386685.74560711 33386974.74485917 33387265.74410606]"	0.0	0.0	0.0
2888.991845097706	2.0	trials	6.0	0.0	0.0	0.0	0.0	0.0	True	40.0	0.0	0.005	"[33445516.59335136 33445805.59260343 33446096.59185031 33446385.59110237
 33446674.59035444 33446965.58960132 33447254.58885339 33447543.58810545
 33447833.58735492 33448122.58660698 33448412.58585646 33448703.58510335
 33448992.58435541 33449281.58360747 33449570.58285953 33449861.58210642
 33450151.58135589 33450440.58060796 33450730.57985744 33451019.57910949]"	0.0	0.0	0.0
2896.5175248211017	2.0	trials	6.0	0.0	0.0	0.0	0.0	0.0	True	40.0	0.0	0.005	"[33532619.36792714 33532908.36717921 33533198.36642868 33533489.36567556
 33533778.36492763 33534068.3641771  33534357.36342917 33534647.36267864
 33534937.36192811 33535226.36118018 33535515.36043224 33535805.35968171
 33536094.35893377 33536385.35818066 33536675.35743014 33536963.35668479
 33537253.35593427 33537544.35518115 33537832.3544358  33538122.35368527]"	0.0	0.0	0.0
2903.542172241179	2.0	trials	6.0	0.0	0.0	0.0	0.0	0.0	True	40.0	0.0	0.005	"[33613923.15751084 33614213.15676032 33614502.15601238 33614792.15526185
 33615082.15451133 33615372.1537608  33615661.15301286 33615951.15226234
 33616240.1515144  33616531.15076129 33616819.15001594 33617109.14926542
 33617399.14851489 33617688.14776696 33617978.14701642 33618268.1462659
 33618557.14551797 33618847.14476744 33619138.14401432 33619427.14326639]"	0.0	0.0	0.0
2912.071644566739	2.0	trials	6.0	0.0	0.0	0.0	0.0	0.0	True	40.0	0.0	0.005	"[33712643.90201902 33712933.90126849 33713222.90052056 33713513.89976744
 33713802.8990195  33714092.89826898 33714381.89752104 33714670.8967731
 33714961.89601999 33715251.89526946 33715539.89452411 33715830.893771
 33716119.89302306 33716409.89227254 33716698.8915246  33716988.89077407
 33717277.89002614 33717567.88927561 33717857.88852508 33718146.88777715]"	0.0	0.0	0.0
2920.545648235854	2.0	trials	6.0	0.0	0.0	0.0	0.0	0.0	True	40.0	0.0	0.005	"[33810723.64818611 33811011.64744076 33811302.64668765 33811590.6459423
 33811881.64518919 33812171.64443866 33812460.64369072 33812749.64294279
 33813039.64219226 33813330.64143915 33813618.6406938  33813909.63994068
 33814198.63919275 33814487.6384448  33814777.63769428 33815066.63694634
 33815357.63619323 33815646.63544529 33815936.63469477 33816225.63394684]"	0.0	0.0	0.0
2927.703524111133	2.0	trials	6.0	0.0	0.0	0.0	0.0	0.0	True	40.0	0.0	0.005	"[33893569.43377909 33893857.43303374 33894148.43228062 33894438.4315301
 33894727.43078216 33895017.43003163 33895306.4292837  33895596.42853317
 33895886.42778265 33896175.42703471 33896465.42628418 33896755.42553366
 33897044.42478572 33897334.4240352  33897623.42328726 33897913.42253673
 33898203.4217862  33898492.42103827 33898783.42028515 33899072.41953722]"	0.0	0.0	0.0
2936.823970907241	2.0	trials	6.0	0.0	0.0	0.0	0.0	0.0	True	40.0	0.0	0.005	"[33999129.1605878  33999419.15983728 33999708.15908933 33999998.15833881
 34000288.15758828 34000576.15684293 34000867.15608983 34001157.15533929
 34001447.15458877 34001736.15384083 34002026.15309031 34002316.15233979
 34002605.15159184 34002894.1508439  34003185.1500908  34003473.14934545
 34003764.14859233 34004053.1478444  34004343.14709387 34004633.14634334]"	0.0	0.0	0.0
2942.8537249021206	2.0	trials	6.0	0.0	0.0	0.0	0.0	0.0	True	40.0	0.0	0.005	"[34068918.97996995 34069208.97921942 34069498.9784689  34069787.97772096
 34070076.97697303 34070367.97621991 34070656.97547197 34070945.97472403
 34071236.97397092 34071524.97322558 34071814.97247504 34072103.97172711
 34072394.970974   34072683.97022606 34072973.96947554 34073263.96872501
 34073553.96797448 34073842.96722654 34074131.96647861 34074420.96573067]"	0.0	0.0	0.0
2951.512019294287	2.0	trials	6.0	0.0	0.0	0.0	0.0	0.0	True	40.0	0.0	0.005	"[34169130.72061939 34169419.71987145 34169709.71912093 34169998.71837299
 34170289.71761987 34170578.71687193 34170867.716124   34171158.71537089
 34171446.71462554 34171736.713875   34172026.71312448 34172315.71237655
 34172605.71162603 34172895.7108755  34173185.71012497 34173474.70937704
 34173764.70862651 34174054.70787598 34174344.70712546 34174632.70638011]"	0.0	0.0	0.0
2958.7779812898375	2.0	trials	6.0	0.0	0.0	0.0	0.0	0.0	True	40.0	0.0	0.005	"[34253227.50297475 34253517.50222422 34253806.50147629 34254096.50072576
 34254385.49997783 34254676.49922471 34254965.49847677 34255254.49772884
 34255544.49697831 34255833.49623037 34256123.49547985 34256413.49472933
 34256703.4939788  34256992.49323086 34257281.49248292 34257572.49172981
 34257861.49098188 34258151.49023134 34258441.48948082 34258730.48873288]"	0.0	0.0	0.0
2966.5240668428182	2.0	trials	6.0	0.0	0.0	0.0	0.0	0.0	True	40.0	0.0	0.005	"[34342880.27095108 34343171.27019797 34343460.26945003 34343749.26870209
 34344039.26795157 34344328.26720364 34344618.26645311 34344909.26569999
 34345198.26495206 34345487.26420412 34345777.26345359 34346067.26270307
 34346356.26195513 34346646.26120461 34346935.26045667 34347225.25970614
 34347514.2589582  34347804.25820768 34348094.25745715 34348383.25670921]"	0.0	0.0	0.0
2975.4342165831786	2.0	trials	6.0	0.0	0.0	0.0	0.0	0.0	True	40.0	0.0	0.005	"[34446007.00405645 34446298.00330333 34446586.00255798 34446877.00180487
 34447166.00105693 34447456.00030641 34447745.99955588 34448034.99880794
 34448323.99806    34448613.99730948 34448902.99656154 34449193.99580843
 34449483.9950579  34449772.99430996 34450061.99356203 34450351.9928115
 34450641.99206097 34450930.99131304 34451220.99056251 34451509.98981457]"	0.0	0.0	0.0
2982.358121863978	2.0	trials	6.0	0.0	0.0	0.0	0.0	0.0	True	40.0	0.0	0.005	"[34526145.79665519 34526434.79590725 34526724.79515672 34527013.79440878
 34527303.79365826 34527593.79290774 34527882.7921598  34528172.79140928
 34528462.79065875 34528751.78991081 34529040.78916287 34529331.78840975
 34529620.78766182 34529909.78691389 34530199.78616336 34530488.78541542
 34530778.7846649  34531069.78391178 34531358.78316385 34531647.78241591]"	0.0	0.0	0.0
2988.0458191441076	2.0	trials	6.0	0.0	0.0	0.0	0.0	0.0	True	40.0	0.0	0.005	"[34591974.62628848 34592264.62553796 34592554.62478743 34592843.62403949
 34593133.62328897 34593423.62253844 34593711.62179309 34594002.62103998
 34594292.62028945 34594581.61954152 34594871.61879099 34595160.61804305
 34595450.61729253 34595739.61654459 34596030.61579148 34596319.61504354
 34596608.6142956  34596899.61354249 34597188.61279456 34597478.61204402]"	0.0	0.0	0.0
2996.529758787507	2.0	trials	6.0	0.0	0.0	0.0	0.0	0.0	True	40.0	0.0	0.005	"[34690168.37216055 34690458.37141001 34690748.37065949 34691037.36991156
 34691327.36916102 34691616.36841309 34691905.36766516 34692196.36691204
 34692486.36616152 34692776.36541098 34693065.36466305 34693354.36391512
 34693644.36316459 34693933.36241665 34694223.36166613 34694513.3609156
 34694803.36016507 34695092.35941714 34695381.3586692  34695671.35791867]"	0.0	0.0	0.0
3004.1337167083175	2.0	trials	6.0	0.0	0.0	0.0	0.0	0.0	True	40.0	0.0	0.005	"[34778177.14439157 34778468.14363846 34778757.14289052 34779047.14214
 34779336.14139207 34779625.14064413 34779915.1398936  34780204.13914566
 34780494.13839514 34780784.13764461 34781074.13689408 34781363.13614614
 34781652.13539821 34781942.13464769 34782232.13389716 34782522.13314663
 34782812.13239611 34783101.13164818 34783391.13089764 34783681.13014711]"	0.0	0.0	0.0
3009.580099412974	2.0	trials	6.0	0.0	0.0	0.0	0.0	0.0	True	40.0	0.0	0.005	"[34841214.98124803 34841504.98049751 34841792.97975216 34842083.97899904
 34842373.97824852 34842662.97750058 34842953.97674747 34843241.97600212
 34843531.97525159 34843820.97450365 34844110.97375313 34844400.97300261
 34844690.97225208 34844979.97150414 34845269.97075362 34845559.97000309
 34845849.96925256 34846137.96850722 34846428.9677541  34846717.96700616]"	0.0	0.0	0.0
3017.993277639506	2.0	trials	6.0	0.0	0.0	0.0	0.0	0.0	True	40.0	0.0	0.005	"[34938589.72923968 34938878.72849175 34939168.72774121 34939457.72699328
 34939747.72624275 34940037.72549223 34940326.7247443  34940616.72399376
 34940905.72324583 34941196.72249272 34941485.72174478 34941774.72099683
 34942065.72024372 34942353.71949838 34942644.71874527 34942933.71799733
 34943223.7172468  34943512.71649887 34943802.71574834 34944091.7150004 ]"	0.0	0.0	0.0
3026.0499703886294	2.0	trials	6.0	0.0	0.0	0.0	0.0	0.0	True	40.0	0.0	0.005	"[35031838.4879095  35032127.48716155 35032416.48641362 35032706.48566309
 35032995.48491515 35033286.48416205 35033576.48341151 35033864.48266616
 35034155.48191305 35034445.48116253 35034734.48041459 35035023.47966665
 35035313.47891612 35035602.47816819 35035893.47741508 35036181.47666973
 35036472.47591661 35036761.47516868 35037051.47441816 35037340.47367021]"	0.0	0.0	0.0
3035.1278220949735	2.0	trials	6.0	0.0	0.0	0.0	0.0	0.0	True	40.0	0.0	0.005	"[35136905.2159941  35137196.21524099 35137485.21449305 35137774.21374512
 35138064.21299458 35138353.21224664 35138644.21149354 35138933.2107456
 35139222.20999766 35139512.20924713 35139802.20849661 35140092.20774609
 35140382.20699555 35140671.20624761 35140961.20549709 35141250.20474916
 35141539.20400122 35141830.20324811 35142119.20250016 35142409.20174965]"	0.0	0.0	0.0
3042.5810124059726	2.0	trials	6.0	0.0	0.0	0.0	0.0	0.0	True	40.0	0.0	0.005	"[35223169.99273863 35223458.9919907  35223748.99124017 35224037.99049224
 35224327.98974171 35224616.98899378 35224906.98824324 35225196.98749273
 35225486.9867422  35225775.98599426 35226065.98524374 35226355.98449321
 35226644.98374527 35226934.98299475 35227223.98224681 35227513.98149628
 35227802.98074835 35228092.97999782 35228383.97924471 35228672.97849677]"	0.0	0.0	0.0
3064.563189115675	2.0	trials	7.0	0.0	0.0	0.0	0.0	0.0	True	40.0	0.0	0.005	"[35477593.33428448 35477883.33353396 35478172.33278602 35478462.3320355
 35478751.33128756 35479041.33053704 35479331.32978651 35479621.32903598
 35479910.32828805 35480199.32754011 35480489.32678958 35480779.32603905
 35481068.32529112 35481358.3245406  35481648.32379007 35481937.32304212
 35482227.32229161 35482517.32154108 35482806.32079314 35483096.32004262]"	0.0	0.0	0.0
3070.2031937192346	2.0	trials	7.0	0.0	0.0	0.0	0.0	0.0	True	40.0	0.0	0.005	"[35542871.16534378 35543160.16459583 35543450.16384532 35543740.16309479
 35544029.16234685 35544319.16159633 35544610.16084322 35544898.16009787
 35545188.15934734 35545478.15859681 35545768.15784629 35546057.15709835
 35546347.15634783 35546637.1555973  35546926.15484936 35547215.15410142
 35547505.1533509  35547795.15260037 35548085.15184984 35548375.15109932]"	0.0	0.0	0.0
3075.8496783060227	2.0	trials	7.0	0.0	0.0	0.0	0.0	0.0	True	40.0	0.0	0.005	"[35608222.99621156 35608512.99546103 35608801.9947131  35609091.99396257
 35609380.99321463 35609671.99246152 35609960.99171358 35610250.99096306
 35610539.99021512 35610829.98946459 35611118.98871665 35611409.98796354
 35611698.98721561 35611987.98646767 35612277.98571714 35612566.98496921
 35612856.98421868 35613146.98346815 35613435.98272021 35613725.98196969]"	0.0	0.0	0.0
3083.5409864007693	2.0	trials	7.0	0.0	0.0	0.0	0.0	0.0	True	40.0	0.0	0.005	"[35697242.76582611 35697532.76507558 35697822.76432505 35698112.76357453
 35698402.762824   35698691.76207606 35698981.76132554 35699270.7605776
 35699559.75982966 35699849.75907914 35700138.7583312  35700429.75757809
 35700718.75683016 35701008.75607962 35701298.7553291  35701587.75458116
 35701877.75383064 35702167.75308011 35702456.75233217 35702746.75158165]"	0.0	0.0	0.0
3092.0719275225288	2.0	trials	7.0	0.0	0.0	0.0	0.0	0.0	True	40.0	0.0	0.005	"[35795981.51028769 35796271.50953718 35796561.50878664 35796850.5080387
 35797139.50729077 35797429.50654025 35797718.5057923  35798009.50503919
 35798298.50429125 35798587.50354332 35798877.5027928  35799167.50204226
 35799456.50129432 35799746.5005438  35800036.49979328 35800325.49904534
 35800614.4982974  35800905.49754429 35801195.49679377 35801484.49604583]"	0.0	0.0	0.0
3097.851986163625	2.0	trials	7.0	0.0	0.0	0.0	0.0	0.0	True	40.0	0.0	0.005	"[35862880.33715181 35863169.33640388 35863459.33565334 35863748.33490541
 35864038.33415489 35864328.33340436 35864618.33265384 35864907.33190589
 35865196.33115796 35865487.33040485 35865776.32965691 35866066.32890638
 35866356.32815586 35866644.32741051 35866935.32665739 35867224.32590945
 35867514.32515893 35867803.324411   35868093.32366046 35868382.32291253]"	0.0	0.0	0.0
3105.2688021687613	2.0	trials	7.0	0.0	0.0	0.0	0.0	0.0	True	40.0	0.0	0.005	"[35948722.11499108 35949012.11424056 35949302.11349003 35949591.1127421
 35949880.11199416 35950170.11124363 35950461.11049052 35950750.10974258
 35951040.10899206 35951329.10824411 35951619.10749359 35951908.10674565
 35952198.10599513 35952487.10524719 35952778.10449407 35953067.10374614
 35953356.1029982  35953645.10225026 35953936.10149715 35954226.10074662]"	0.0	0.0	0.0
3111.249135491544	2.0	trials	7.0	0.0	0.0	0.0	0.0	0.0	True	40.0	0.0	0.005	"[36017939.93585358 36018228.93510564 36018517.9343577  36018808.9336046
 36019097.93285666 36019386.93210872 36019677.9313556  36019966.93060767
 36020255.92985973 36020545.92910921 36020834.92836127 36021124.92761074
 36021414.92686022 36021704.92610969 36021993.92536175 36022283.92461123
 36022572.92386329 36022862.92311276 36023151.92236482 36023441.9216143 ]"	0.0	0.0	0.0
3119.889804329326	2.0	trials	7.0	0.0	0.0	0.0	0.0	0.0	True	40.0	0.0	0.005	"[36117946.67703357 36118235.67628563 36118525.6755351  36118815.67478457
 36119104.67403664 36119395.67328352 36119684.67253559 36119974.67178506
 36120263.67103712 36120553.6702866  36120843.66953607 36121132.66878813
 36121422.66803761 36121711.66728967 36122002.66653656 36122291.66578862
 36122581.66503809 36122870.66429016 36123160.66353963 36123450.6627891 ]"	0.0	0.0	0.0
3126.7773353042626	2.0	trials	7.0	0.0	0.0	0.0	0.0	0.0	True	40.0	0.0	0.005	"[36197663.47072445 36197953.46997392 36198243.46922339 36198532.46847546
 36198822.46772493 36199112.46697441 36199401.46622647 36199692.46547335
 36199980.46472801 36200270.46397749 36200560.46322696 36200849.46247902
 36201139.46172849 36201429.46097797 36201718.46023004 36202008.4594795
 36202298.45872898 36202587.45798104 36202877.45723052 36203166.45648257]"	0.0	0.0	0.0
3135.0273907529595	2.0	trials	7.0	0.0	0.0	0.0	0.0	0.0	True	40.0	0.0	0.005	"[36293152.2235971  36293441.22284916 36293731.22209863 36294020.2213507
 36294309.22060277 36294599.21985224 36294889.21910171 36295178.21835377
 36295468.21760325 36295758.21685272 36296048.2161022  36296337.21535426
 36296626.21460632 36296916.2138558  36297206.21310527 36297495.21235733
 36297785.21160681 36298075.21085628 36298365.21010576 36298654.20935782]"	0.0	0.0	0.0
3142.623486294118	2.0	trials	7.0	0.0	0.0	0.0	0.0	0.0	True	40.0	0.0	0.005	"[36381068.99606624 36381357.99531829 36381647.99456777 36381936.99381983
 36382226.99306931 36382516.99231878 36382806.99156825 36383096.99081773
 36383385.99006979 36383675.98931926 36383963.98857392 36384254.9878208
 36384544.98707028 36384833.98632234 36385122.9855744  36385413.98482129
 36385702.98407336 36385991.98332541 36386281.98257489 36386571.98182436]"	0.0	0.0	0.0
3147.765568986308	2.0	trials	7.0	0.0	0.0	0.0	0.0	0.0	True	40.0	0.0	0.005	"[36440582.84204287 36440872.84129234 36441161.8405444  36441451.83979388
 36441741.83904335 36442031.83829283 36442321.8375423  36442610.83679436
 36442900.83604384 36443189.8352959  36443480.83454279 36443769.83379485
 36444058.83304691 36444348.83229639 36444637.83154845 36444927.83079793
 36445216.83004999 36445507.82929687 36445796.82854894 36446085.827801  ]"	0.0	0.0	0.0
3153.861332410355	2.0	trials	7.0	0.0	0.0	0.0	0.0	0.0	True	40.0	0.0	0.005	"[36511135.65945036 36511425.65869983 36511715.65794931 36512004.65720137
 36512293.65645343 36512583.65570291 36512873.65495238 36513163.65420187
 36513453.65345133 36513742.65270339 36514032.65195287 36514321.65120494
 36514611.6504544  36514901.64970388 36515190.64895594 36515479.64820801
 36515769.64745749 36516060.64670436 36516349.64595643 36516638.64520849]"	0.0	0.0	0.0
3159.9693646026494	2.0	trials	7.0	0.0	0.0	0.0	0.0	0.0	True	40.0	0.0	0.005	"[36581830.47649036 36582120.47573983 36582409.47499189 36582700.47423878
 36582988.47349343 36583278.4727429  36583568.47199238 36583858.47124185
 36584147.47049391 36584438.4697408  36584727.46899286 36585017.46824234
 36585306.4674944  36585596.46674388 36585886.46599335 36586175.46524541
 36586465.46449488 36586755.46374436 36587043.46299902 36587333.46224849]"	0.0	0.0	0.0
3168.933773402586	2.0	trials	7.0	0.0	0.0	0.0	0.0	0.0	True	40.0	0.0	0.005	"[36685585.20797044 36685875.20721991 36686164.20647198 36686454.20572145
 36686744.20497093 36687034.2042204  36687323.20347247 36687612.20272452
 36687903.20197142 36688192.20122348 36688482.20047295 36688771.19972501
 36689061.19897449 36689351.19822396 36689641.19747344 36689930.1967255
 36690219.19597756 36690509.19522704 36690798.1944791  36691088.19372857]"	0.0	0.0	0.0
3174.6407378328518	2.0	trials	7.0	0.0	0.0	0.0	0.0	0.0	True	40.0	0.0	0.005	"[36751639.03702144 36751928.03627349 36752218.03552297 36752508.03477245
 36752798.03402191 36753087.03327398 36753376.03252605 36753665.03177811
 36753956.03102499 36754246.03027447 36754535.02952653 36754825.028776
 36755114.02802807 36755404.02727754 36755694.02652702 36755984.02577649
 36756273.02502855 36756562.02428061 36756852.02353009 36757142.02277956]"	0.0	0.0	0.0
3181.3475204755687	2.0	trials	7.0	0.0	0.0	0.0	0.0	0.0	True	40.0	0.0	0.005	"[36829262.83612905 36829551.83538111 36829842.83462799 36830132.83387747
 36830421.83312953 36830711.83237901 36831000.83163106 36831290.83088054
 36831580.83013002 36831870.82937949 36832158.82863414 36832448.82788362
 36832738.82713309 36833028.82638257 36833317.82563463 36833607.82488409
 36833897.82413357 36834186.82338564 36834476.82263511 36834766.82188459]"	0.0	0.0	0.0
3188.5593098113186	2.0	trials	7.0	0.0	0.0	0.0	0.0	0.0	True	40.0	0.0	0.005	"[36912733.62010451 36913023.61935398 36913312.61860605 36913602.61785552
 36913892.61710499 36914181.61635705 36914470.61560912 36914761.614856
 36915050.61410806 36915340.61335754 36915629.6126096  36915919.61185908
 36916208.61111114 36916499.61035802 36916787.60961267 36917078.60885956
 36917367.60811163 36917657.60736111 36917947.60661057 36918236.60586264]"	0.0	0.0	0.0
3194.23568872074	2.0	trials	7.0	0.0	0.0	0.0	0.0	0.0	True	40.0	0.0	0.005	"[36978432.45007424 36978721.44932631 36979011.44857579 36979300.44782785
 36979590.44707732 36979880.44632679 36980169.44557886 36980459.44482833
 36980748.4440804  36981038.44332986 36981328.44257934 36981617.44183141
 36981908.44107829 36982197.44033036 36982487.43957983 36982777.4388293
 36983066.43808137 36983356.43733083 36983645.4365829  36983934.43583497]"	0.0	0.0	0.0
3201.4841115616828	2.0	trials	7.0	0.0	0.0	0.0	0.0	0.0	True	40.0	0.0	0.005	"[37062326.23295498 37062615.23220704 37062904.2314591  37063194.23070858
 37063484.22995805 37063773.22921012 37064063.22845959 37064353.22770906
 37064642.22696112 37064932.2262106  37065222.22546007 37065512.22470955
 37065801.22396161 37066090.22321367 37066380.22246315 37066670.22171263
 37066959.22096469 37067249.22021416 37067539.21946364 37067828.2187157 ]"	0.0	0.0	0.0
3207.56138543358	2.0	trials	7.0	0.0	0.0	0.0	0.0	0.0	True	40.0	0.0	0.005	"[37132664.05091889 37132954.05016837 37133244.04941785 37133534.04866732
 37133823.04791939 37134113.04716885 37134402.04642092 37134692.0456704
 37134982.04491986 37135271.04417193 37135561.0434214  37135851.04267088
 37136140.04192295 37136430.04117242 37136720.04042189 37137009.03967395
 37137300.03892083 37137588.03817549 37137878.03742497 37138168.03667444]"	0.0	0.0	0.0
3215.817488866625	2.0	trials	7.0	0.0	0.0	0.0	0.0	0.0	True	40.0	0.0	0.005	"[37228220.80361556 37228511.80286245 37228801.80211192 37229089.80136658
 37229379.80061604 37229669.79986552 37229959.79911499 37230249.79836448
 37230539.79761394 37230827.79686859 37231118.79611548 37231407.79536755
 37231697.79461702 37231987.79386649 37232276.79311856 37232566.79236803
 37232856.79161751 37233145.79086956 37233434.79012163 37233725.78936852]"	0.0	0.0	0.0
3224.8542142794045	2.0	trials	7.0	0.0	0.0	0.0	0.0	0.0	True	40.0	0.0	0.005	"[37332812.53292948 37333102.53217895 37333392.53142843 37333681.53068049
 37333970.52993255 37334260.52918202 37334549.52843409 37334840.52768097
 37335130.52693045 37335419.52618251 37335708.52543457 37335998.52468405
 37336287.52393611 37336577.52318558 37336867.52243506 37337156.52168712
 37337446.52093659 37337736.52018607 37338025.51943813 37338315.51868761]"	0.0	0.0	0.0
3232.6780596311414	2.0	trials	7.0	0.0	0.0	0.0	0.0	0.0	True	40.0	0.0	0.005	"[37423367.29857141 37423656.29782347 37423946.29707295 37424235.29632501
 37424524.29557707 37424815.29482396 37425104.29407603 37425394.2933255
 37425684.29257497 37425973.29182703 37426263.29107651 37426552.29032858
 37426842.28957805 37427132.28882752 37427422.288077   37427711.28732906
 37428001.28657853 37428291.28582801 37428580.28508007 37428870.28432955]"	0.0	0.0	0.0
3240.2375216671076	2.0	trials	7.0	0.0	0.0	0.0	0.0	0.0	True	40.0	0.0	0.005	"[37510860.07213786 37511150.07138734 37511439.0706394  37511730.06988628
 37512019.06913835 37512309.06838782 37512598.06763989 37512888.06688937
 37513178.06613883 37513468.06538831 37513757.06464037 37514046.06389244
 37514337.06313933 37514627.06238879 37514916.06164086 37515205.06089292
 37515495.0601424  37515785.05939186 37516075.05864134 37516364.05789341]"	0.0	0.0	0.0
3247.197974053323	2.0	trials	7.0	0.0	0.0	0.0	0.0	0.0	True	40.0	0.0	0.005	"[37591421.86364187 37591710.86289394 37592000.86214341 37592289.86139547
 37592579.86064495 37592868.85989701 37593159.8591439  37593448.85839596
 37593737.85764802 37594028.85689491 37594317.85614697 37594607.85539644
 37594897.85464592 37595186.85389798 37595475.85315005 37595765.85239952
 37596055.85164899 37596345.85089847 37596634.85015053 37596924.84940001]"	0.0	0.0	0.0
3252.5405906265282	2.0	trials	7.0	0.0	0.0	0.0	0.0	0.0	True	40.0	0.0	0.005	"[37653256.70361172 37653547.7028586  37653836.70211066 37654126.70136014
 37654416.70060961 37654705.69986168 37654995.69911116 37655284.69836321
 37655574.6976127  37655864.69686216 37656153.69611423 37656442.69536629
 37656732.69461577 37657022.69386524 37657312.69311471 37657601.69236678
 37657891.69161624 37658180.69086831 37658471.6901152  37658760.68936726]"	0.0	0.0	0.0
3260.5775842266326	2.0	trials	7.0	0.0	0.0	0.0	0.0	0.0	True	40.0	0.0	0.005	"[37746278.46286901 37746568.46211849 37746857.46137055 37747146.46062261
 37747437.4598695  37747726.45912156 37748015.45837362 37748305.4576231
 37748595.45687257 37748884.45612463 37749174.45537411 37749463.45462617
 37749753.45387565 37750043.45312513 37750332.45237719 37750622.45162665
 37750912.45087613 37751201.4501282  37751491.44937767 37751781.44862714]"	0.0	0.0	0.0
3269.639106375239	2.0	trials	7.0	0.0	0.0	0.0	0.0	0.0	True	40.0	0.0	0.005	"[37851157.19144017 37851445.19069482 37851735.18994429 37852025.18919376
 37852316.18844065 37852605.18769271 37852894.18694478 37853184.18619425
 37853474.18544372 37853764.18469319 37854053.18394526 37854343.18319474
 37854633.18244421 37854922.18169627 37855212.18094575 37855501.18019781
 37855791.17944729 37856081.17869676 37856370.17794882 37856659.17720088]"	0.0	0.0	0.0
3277.194075622832	2.0	trials	7.0	0.0	0.0	0.0	0.0	0.0	True	40.0	0.0	0.005	"[37938597.96514119 37938887.96439067 37939176.96364273 37939466.9628922
 37939756.96214168 37940045.96139374 37940335.96064322 37940625.95989269
 37940914.95914475 37941204.95839423 37941494.9576437  37941783.95689577
 37942073.95614523 37942363.95539472 37942653.95464419 37942942.95389625
 37943231.95314831 37943522.9523952  37943811.95164726 37944100.95089933]"	0.0	0.0	0.0
3284.853674999641	2.0	trials	7.0	0.0	0.0	0.0	0.0	0.0	True	40.0	0.0	0.005	"[38027251.73570295 38027540.73495501 38027830.73420449 38028120.73345397
 38028410.73270344 38028699.73195551 38028988.73120756 38029278.73045704
 38029567.7297091  38029858.72895599 38030147.72820806 38030437.72745752
 38030726.72670959 38031017.72595648 38031306.72520854 38031595.7244606
 38031885.72371008 38032174.72296214 38032464.72221161 38032754.72146109]"	0.0	0.0	0.0
3291.249850446215	2.0	trials	7.0	0.0	0.0	0.0	0.0	0.0	True	40.0	0.0	0.005	"[38101280.5441145  38101570.54336397 38101859.54261603 38102149.54186551
 38102438.54111757 38102729.54036446 38103018.53961652 38103309.53886341
 38103598.53811546 38103888.53736494 38104177.536617   38104466.53586907
 38104756.53511854 38105045.5343706  38105335.53362008 38105625.53286955
 38105914.53212161 38106205.5313685  38106494.53062056 38106783.52987262]"	0.0	0.0	0.0
3299.348187887561	2.0	trials	7.0	0.0	0.0	0.0	0.0	0.0	True	40.0	0.0	0.005	"[38195011.30153688 38195301.30078635 38195591.30003583 38195880.2992879
 38196169.29853996 38196459.29778943 38196748.29704149 38197039.29628838
 38197328.29554044 38197618.29478992 38197907.29404198 38198197.29329146
 38198486.29254352 38198776.29179299 38199066.29104247 38199356.29029194
 38199645.289544   38199935.28879348 38200224.28804554 38200515.28729243]"	0.0	0.0	0.0
3305.187603175042	2.0	trials	7.0	0.0	0.0	0.0	0.0	0.0	True	40.0	0.0	0.005	"[38262598.12662044 38262887.1258725  38263177.12512198 38263466.12437404
 38263756.12362352 38264045.12287558 38264336.12212246 38264625.12137453
 38264915.12062401 38265205.11987348 38265495.11912295 38265784.11837501
 38266074.11762449 38266363.11687655 38266652.11612861 38266942.11537809
 38267232.11462756 38267522.11387704 38267811.1131291  38268101.11237857]"	0.0	0.0	0.0
3312.5015170464912	2.0	trials	7.0	0.0	0.0	0.0	0.0	0.0	True	40.0	0.0	0.005	"[38347248.90754204 38347538.90679152 38347829.9060384  38348117.90529305
 38348407.90454253 38348696.90379459 38348986.90304407 38349277.90229095
 38349566.90154301 38349856.90079249 38350146.90004197 38350435.89929403
 38350724.89854608 38351014.89779557 38351304.89704504 38351593.8962971
 38351882.89554916 38352173.89479605 38352462.89404811 38352752.89329759]"	0.0	0.0	0.0
3317.7098683671775	2.0	trials	7.0	0.0	0.0	0.0	0.0	0.0	True	40.0	0.0	0.005	"[38407530.75153108 38407820.75078056 38408109.75003262 38408400.7492795
 38408688.74853416 38408979.74778104 38409268.7470331  38409558.74628258
 38409847.74553464 38410137.74478412 38410427.74403359 38410716.74328565
 38411006.74253512 38411296.7417846  38411586.74103408 38411874.74028872
 38412164.7395382  38412454.73878767 38412744.73803715 38413034.73728662]"	0.0	0.0	0.0
3326.4695096970568	2.0	trials	7.0	0.0	0.0	0.0	0.0	0.0	True	40.0	0.0	0.005	"[38508915.48914476 38509205.48839425 38509495.48764372 38509783.48689837
 38510074.48614526 38510363.48539732 38510654.4846442  38510943.48389627
 38511233.48314574 38511522.4823978  38511812.48164728 38512101.48089934
 38512391.48014882 38512681.47939829 38512971.47864777 38513260.47789983
 38513549.47715189 38513840.47639878 38514129.47565084 38514419.47490031]"	0.0	0.0	0.0
3335.3077748234555	2.0	trials	7.0	0.0	0.0	0.0	0.0	0.0	True	40.0	0.0	0.005	"[38611210.22440337 38611500.22365284 38611790.22290232 38612079.22215438
 38612369.22140384 38612658.22065591 38612948.21990539 38613238.21915486
 38613527.21840692 38613818.21765381 38614107.21690588 38614396.21615794
 38614686.21540741 38614975.21465947 38615266.21390636 38615555.21315842
 38615845.21240789 38616135.21165737 38616425.21090685 38616713.2101615 ]"	0.0	0.0	0.0
3341.1096062082033	2.0	trials	7.0	0.0	0.0	0.0	0.0	0.0	True	40.0	0.0	0.005	"[38678362.05061271 38678652.04986218 38678941.04911425 38679230.04836631
 38679520.04761579 38679810.04686525 38680099.04611732 38680390.04536421
 38680679.04461627 38680969.04386575 38681258.04311781 38681548.04236728
 38681837.04161934 38682128.04086623 38682417.04011829 38682706.03937036
 38682996.03861983 38683286.0378693  38683576.03711878 38683865.03637084]"	0.0	0.0	0.0
3350.117992494326	2.0	trials	7.0	0.0	0.0	0.0	0.0	0.0	True	40.0	0.0	0.005	"[38782625.78077549 38782915.78002497 38783204.77927703 38783494.77852651
 38783783.77777857 38784073.77702805 38784363.77627751 38784652.77552958
 38784942.77477905 38785232.77402853 38785521.77328059 38785811.77253006
 38786101.77177954 38786390.7710316  38786680.77028108 38786970.76953056
 38787258.7687852  38787549.76803209 38787838.76728415 38788127.76653622]"	0.0	0.0	0.0
3356.667527544003	2.0	trials	7.0	0.0	0.0	0.0	0.0	0.0	True	40.0	0.0	0.005	"[38858429.5845933  38858720.58384019 38859008.58309484 38859298.58234431
 38859588.58159379 38859878.58084326 38860167.58009532 38860457.57934479
 38860747.57859427 38861037.57784375 38861326.57709581 38861615.57634787
 38861905.57559735 38862196.57484423 38862485.57409629 38862775.57334577
 38863063.57260042 38863353.5718499  38863642.57110196 38863933.57034884]"	0.0	0.0	0.0
3364.7139387197353	2.0	trials	7.0	0.0	0.0	0.0	0.0	0.0	True	40.0	0.0	0.005	"[38951560.3435685  38951850.34281798 38952139.34207004 38952429.34131951
 38952719.34056899 38953009.33981846 38953297.33907311 38953587.33832259
 38953877.33757206 38954167.33682153 38954457.33607101 38954746.33532307
 38955035.33457513 38955325.3338246  38955615.33307409 38955904.33232615
 38956194.33157562 38956484.3308251  38956774.33007456 38957063.32932663]"	0.0	0.0	0.0
3372.6399086071715	2.0	trials	7.0	0.0	0.0	0.0	0.0	0.0	True	40.0	0.0	0.005	"[39043296.10615399 39043584.10540864 39043875.10465553 39044165.103905
 39044455.10315447 39044744.10240654 39045033.1016586  39045324.10090549
 39045613.10015755 39045902.09940961 39046192.09865908 39046481.09791114
 39046771.09716062 39047061.09641009 39047350.09566216 39047640.09491163
 39047930.0941611  39048219.09341317 39048509.09266264 39048799.09191212]"	0.0	0.0	0.0
3380.7095613227552	2.0	trials	7.0	0.0	0.0	0.0	0.0	0.0	True	40.0	0.0	0.005	"[39136693.86443818 39136983.86368766 39137272.86293972 39137563.8621866
 39137852.86143868 39138142.86068814 39138431.85994021 39138721.85918969
 39139011.85843915 39139300.85769121 39139591.85693811 39139880.85619017
 39140169.85544223 39140459.85469171 39140749.85394118 39141038.85319325
 39141328.85244272 39141617.85169478 39141907.85094425 39142197.85019373]"	0.0	0.0	0.0
3387.9822625008637	2.0	trials	7.0	0.0	0.0	0.0	0.0	0.0	True	40.0	0.0	0.005	"[39220869.6465891  39221158.64584116 39221448.64509063 39221738.64434011
 39222027.64359217 39222317.64284164 39222607.64209112 39222896.64134318
 39223185.64059524 39223475.63984472 39223765.63909419 39224055.63834367
 39224345.63759314 39224634.6368452  39224924.63609467 39225213.63534674
 39225503.63459622 39225792.63384828 39226082.63309775 39226372.63234723]"	0.0	0.0	0.0
3395.272157234476	2.0	trials	7.0	0.0	0.0	0.0	0.0	0.0	True	40.0	0.0	0.005	"[39305242.42823017 39305532.42747964 39305821.42673171 39306111.42598118
 39306402.42522807 39306690.42448272 39306981.4237296  39307270.42298166
 39307560.42223114 39307849.4214832  39308139.42073268 39308428.41998474
 39308718.41923421 39309007.41848627 39309297.41773576 39309586.41698781
 39309876.41623729 39310167.41548418 39310455.41473883 39310745.4139883 ]"	0.0	0.0	0.0
3403.5820013284383	2.0	trials	7.0	0.0	0.0	0.0	0.0	0.0	True	40.0	0.0	0.005	"[39401421.17931708 39401711.17856656 39402000.17781863 39402291.17706551
 39402579.17632016 39402869.17556963 39403158.1748217  39403448.17407117
 39403738.17332064 39404028.17257012 39404318.1718196  39404607.17107166
 39404897.17032113 39405186.1695732  39405476.16882267 39405765.16807473
 39406056.16732162 39406345.16657368 39406634.16582574 39406924.16507522]"	0.0	0.0	0.0
3412.40773848726	2.0	trials	7.0	0.0	0.0	0.0	0.0	0.0	True	40.0	0.0	0.005	"[39503570.91495094 39503861.91419782 39504150.91344989 39504439.91270195
 39504729.91195143 39505019.9112009  39505308.91045297 39505598.90970244
 39505888.90895192 39506177.90820398 39506467.90745345 39506757.90670293
 39507046.90595499 39507336.90520446 39507625.90445652 39507915.903706
 39508205.90295547 39508494.90220754 39508784.90145701 39509073.90070907]"	0.0	0.0	0.0
3417.681840037783	2.0	trials	7.0	0.0	0.0	0.0	0.0	0.0	True	40.0	0.0	0.005	"[39564613.7569705  39564903.75621997 39565193.75546945 39565483.75471892
 39565773.7539684  39566062.75322046 39566351.75247252 39566642.75171941
 39566930.75097406 39567220.75022353 39567510.74947301 39567800.74872248
 39568089.74797454 39568378.7472266  39568669.74647349 39568958.74572555
 39569248.74497503 39569538.7442245  39569827.74347656 39570117.74272604]"	0.0	0.0	0.0
3477.782388496402	2.0	trials	8.0	0.0	0.0	0.0	0.0	0.0	True	40.0	0.0	0.005	"[40260222.95671599 40260511.95596806 40260801.95521753 40261090.95446959
 40261380.95371906 40261670.95296855 40261960.95221802 40262249.95147008
 40262539.95071955 40262827.9499742  40263118.9492211  40263407.94847316
 40263697.94772262 40263987.9469721  40264276.94622417 40264567.94547106
 40264855.94472571 40265146.94397259 40265434.94322724 40265724.94247672]"	0.0	0.0	0.0
3484.649788323439	2.0	trials	8.0	0.0	0.0	0.0	0.0	0.0	True	40.0	0.0	0.005	"[40339706.75100989 40339995.75026195 40340284.74951401 40340574.74876349
 40340864.74801296 40341153.74726503 40341443.74651451 40341733.74576397
 40342023.74501345 40342312.74426551 40342602.74351498 40342891.74276705
 40343181.74201652 40343471.741266   40343760.74051806 40344050.73976754
 40344339.7390196  40344629.73826907 40344918.73752113 40345208.73677061]"	0.0	0.0	0.0
3490.34318798881	2.0	trials	8.0	0.0	0.0	0.0	0.0	0.0	True	40.0	0.0	0.005	"[40405601.58047237 40405891.57972185 40406181.57897133 40406470.57822338
 40406760.57747287 40407049.57672492 40407338.57597698 40407629.57522388
 40407919.57447334 40408208.57372541 40408498.57297488 40408787.57222695
 40409077.57147642 40409367.5707259  40409656.56997795 40409947.56922485
 40410236.56847691 40410525.56772897 40410815.56697844 40411104.56623051]"	0.0	0.0	0.0
3499.4177565036516	2.0	trials	8.0	0.0	0.0	0.0	0.0	0.0	True	40.0	0.0	0.005	"[40510631.30865274 40510921.30790222 40511212.3071491  40511500.30640375
 40511791.30565064 40512080.3049027  40512370.30415218 40512659.30340423
 40512949.30265371 40513239.30190319 40513528.30115525 40513817.30040731
 40514108.2996542  40514397.29890626 40514686.29815832 40514976.2974078
 40515266.29665727 40515556.29590674 40515845.29515881 40516135.29440828]"	0.0	0.0	0.0
3504.8855663528543	2.0	trials	8.0	0.0	0.0	0.0	0.0	0.0	True	40.0	0.0	0.005	"[40573916.14486995 40574206.14411943 40574495.14337149 40574786.14261838
 40575075.14187044 40575364.1411225  40575654.14037198 40575944.13962145
 40576233.13887351 40576523.13812299 40576812.13737505 40577103.13662194
 40577392.135874   40577681.13512606 40577972.13437295 40578261.13362502
 40578551.13287448 40578840.13212655 40579130.13137602 40579420.1306255 ]"	0.0	0.0	0.0
3511.3674503776124	2.0	trials	8.0	0.0	0.0	0.0	0.0	0.0	True	40.0	0.0	0.005	"[40648937.95071159 40649226.94996365 40649516.94921312 40649806.94846261
 40650095.94771466 40650385.94696414 40650675.94621361 40650965.94546308
 40651255.94471256 40651544.94396462 40651833.94321668 40652124.94246358
 40652413.94171564 40652702.94096769 40652992.94021717 40653282.93946665
 40653571.93871871 40653861.93796819 40654151.93721765 40654440.93646972]"	0.0	0.0	0.0
3517.6637476826736	2.0	trials	8.0	0.0	0.0	0.0	0.0	0.0	True	40.0	0.0	0.005	"[40721812.7621097  40722102.76135918 40722391.76061124 40722680.7598633
 40722971.75911019 40723260.75836225 40723549.75761431 40723840.7568612
 40724129.75611326 40724419.75536273 40724708.7546148  40724998.75386427
 40725288.75311375 40725578.75236322 40725866.75161787 40726156.75086735
 40726447.75011423 40726736.74936629 40727025.74861836 40727315.74786784]"	0.0	0.0	0.0
3523.964278576778	2.0	trials	8.0	0.0	0.0	0.0	0.0	0.0	True	40.0	0.0	0.005	"[40794734.57338618 40795025.57263307 40795315.57188255 40795604.5711346
 40795894.57038408 40796183.56963614 40796472.5688882  40796763.56813509
 40797052.56738716 40797342.56663662 40797631.56588869 40797920.56514075
 40798211.56438763 40798500.56363969 40798791.56288659 40799080.56213865
 40799370.56138813 40799659.56064019 40799948.55989224 40800238.55914173]"	0.0	0.0	0.0
3530.26774706328	2.0	trials	8.0	0.0	0.0	0.0	0.0	0.0	True	40.0	0.0	0.005	"[40867692.38456949 40867981.38382155 40868271.38307103 40868561.38232049
 40868851.38156997 40869140.38082204 40869430.38007151 40869719.37932357
 40870009.37857305 40870299.37782252 40870588.37707459 40870878.37632406
 40871168.37557353 40871457.3748256  40871747.37407507 40872036.37332713
 40872325.37257919 40872616.37182608 40872905.37107814 40873195.37032762]"	0.0	0.0	0.0
3537.489558773092	2.0	trials	8.0	0.0	0.0	0.0	0.0	0.0	True	40.0	0.0	0.005	"[40951278.16824733 40951567.16749939 40951856.16675145 40952146.16600093
 40952436.1652504  40952726.16449988 40953015.16375194 40953305.16300141
 40953594.16225348 40953884.16150295 40954174.16075243 40954463.16000449
 40954753.15925396 40955042.15850602 40955332.1577555  40955622.15700497
 40955912.15625445 40956201.15550651 40956490.15475857 40956781.15400546]"	0.0	0.0	0.0
3543.8400287379527	2.0	trials	8.0	0.0	0.0	0.0	0.0	0.0	True	40.0	0.0	0.005	"[41024778.97802535 41025067.97727741 41025357.97652688 41025646.97577894
 41025937.97502583 41026226.97427789 41026515.97352996 41026805.97277943
 41027094.97203149 41027385.97127838 41027674.97053044 41027963.9697825
 41028254.96902939 41028543.96828146 41028833.96753093 41029122.96678299
 41029412.96603246 41029702.96528194 41029991.964534   41030281.96378347]"	0.0	0.0	0.0
3552.035825127073	2.0	trials	8.0	0.0	0.0	0.0	0.0	0.0	True	40.0	0.0	0.005	"[41119636.73253103 41119927.73177792 41120216.73102998 41120505.73028205
 41120795.72953152 41121085.728781   41121374.72803306 41121664.72728253
 41121954.726532   41122243.72578407 41122533.72503354 41122822.72428561
 41123112.72353508 41123403.72278197 41123692.72203403 41123982.7212835
 41124271.72053557 41124561.71978504 41124850.7190371  41125140.71828658]"	0.0	0.0	0.0
3558.125713366325	2.0	trials	8.0	0.0	0.0	0.0	0.0	0.0	True	40.0	0.0	0.005	"[41190122.55011193 41190411.54936399 41190701.54861346 41190991.54786294
 41191280.547115   41191570.54636447 41191860.54561394 41192149.54486601
 41192438.54411808 41192728.54336755 41193018.54261702 41193308.5418665
 41193598.54111597 41193887.54036804 41194177.53961751 41194467.53886698
 41194756.53811905 41195045.53737111 41195335.53662058 41195624.53587264]"	0.0	0.0	0.0
3566.7179119295492	2.0	trials	8.0	0.0	0.0	0.0	0.0	0.0	True	40.0	0.0	0.005	"[41289568.29274379 41289858.29199326 41290148.29124273 41290438.29049221
 41290727.28974427 41291017.28899375 41291306.28824581 41291596.28749529
 41291885.28674734 41292175.28599682 41292465.2852463  41292754.28449836
 41293045.28374524 41293334.2829973  41293624.28224678 41293913.28149884
 41294203.28074832 41294493.27999779 41294782.27924985 41295071.27850192]"	0.0	0.0	0.0
3572.825425723185	2.0	trials	8.0	0.0	0.0	0.0	0.0	0.0	True	40.0	0.0	0.005	"[41360257.1097993  41360547.10904878 41360837.10829826 41361126.10755032
 41361416.1067998  41361706.10604927 41361996.10529875 41362284.1045534
 41362574.10380287 41362864.10305234 41363154.10230182 41363443.10155388
 41363733.10080335 41364022.10005542 41364312.09930489 41364602.09855437
 41364891.09780643 41365181.0970559  41365471.09630538 41365761.09555485]"	0.0	0.0	0.0
3580.403636510629	2.0	trials	8.0	0.0	0.0	0.0	0.0	0.0	True	40.0	0.0	0.005	"[41447968.88279898 41448257.88205104 41448547.88130052 41448837.88054999
 41449127.87979947 41449416.87905154 41449705.87830359 41449996.87755048
 41450285.87680254 41450575.87605201 41450864.87530408 41451154.87455355
 41451443.87380561 41451734.8730525  41452023.87230457 41452312.87155662
 41452602.87080611 41452891.87005816 41453182.86930505 41453471.86855712]"	0.0	0.0	0.0
3588.8098163552727	2.0	trials	8.0	0.0	0.0	0.0	0.0	0.0	True	40.0	0.0	0.005	"[41545262.63100026 41545551.63025232 41545840.62950438 41546130.62875386
 41546420.62800334 41546709.6272554  41547000.62650228 41547289.62575435
 41547578.62500641 41547868.62425588 41548158.62350535 41548447.62275742
 41548737.62200689 41549027.62125637 41549316.62050843 41549606.61975791
 41549896.61900739 41550185.61825944 41550476.61750633 41550765.61675839]"	0.0	0.0	0.0
3596.1359989949715	2.0	trials	8.0	0.0	0.0	0.0	0.0	0.0	True	40.0	0.0	0.005	"[41630055.41155436 41630345.41080383 41630635.41005331 41630924.40930538
 41631214.40855485 41631503.40780691 41631793.40705638 41632082.40630845
 41632372.40555792 41632662.4048074  41632952.40405687 41633241.40330894
 41633531.40255841 41633821.40180788 41634110.40105994 41634400.40030942
 41634690.39955889 41634979.39881095 41635269.39806043 41635559.39730991]"	0.0	0.0	0.0
3605.009601629916	2.0	trials	8.0	0.0	0.0	0.0	0.0	0.0	True	40.0	0.0	0.005	"[41732760.14575187 41733049.14500393 41733338.144256   41733629.14350288
 41733918.14275494 41734208.14200442 41734497.14125648 41734787.14050595
 41735076.13975801 41735366.13900749 41735656.13825697 41735946.13750644
 41736235.13675851 41736525.13600797 41736814.13526004 41737103.1345121
 41737394.13375898 41737683.13301105 41737972.13226311 41738262.13151259]"	0.0	0.0	0.0
3610.6233407014515	2.0	trials	8.0	0.0	0.0	0.0	0.0	0.0	True	40.0	0.0	0.005	"[41797732.97760051 41798022.97684999 41798312.97609945 41798601.97535152
 41798892.97459841 41799181.97385047 41799471.97309995 41799759.9723546
 41800050.97160148 41800339.97085354 41800629.97010302 41800919.96935249
 41801209.96860196 41801498.96785403 41801787.96710609 41802077.96635557
 41802366.96560763 41802656.9648571  41802945.96410917 41803236.96335605]"	0.0	0.0	0.0
3616.9984346025844	2.0	trials	8.0	0.0	0.0	0.0	0.0	0.0	True	40.0	0.0	0.005	"[41871519.78663835 41871808.78589042 41872097.78514247 41872387.78439195
 41872676.78364401 41872966.78289349 41873256.78214296 41873546.78139243
 41873835.7806445  41874126.77989139 41874415.77914345 41874704.7783955
 41874994.77764498 41875284.77689446 41875573.77614652 41875862.77539858
 41876153.77464547 41876443.77389494 41876732.77314701 41877021.77239907]"	0.0	0.0	0.0
3624.06602271153	2.0	trials	8.0	0.0	0.0	0.0	0.0	0.0	True	40.0	0.0	0.005	"[41953319.57493839 41953609.57418787 41953899.57343734 41954189.57268681
 41954478.57193888 41954767.57119094 41955057.57044042 41955347.56968989
 41955636.56894195 41955927.56818884 41956215.56744349 41956506.56669037
 41956795.56594244 41957084.5651945  41957374.56444398 41957664.56369346
 41957953.56294551 41958243.56219498 41958533.56144446 41958822.56069653]"	0.0	0.0	0.0
3632.2825550469856	2.0	trials	8.0	0.0	0.0	0.0	0.0	0.0	True	40.0	0.0	0.005	"[42048418.32882037 42048708.32806984 42048997.32732191 42049287.32657138
 42049577.32582086 42049867.32507033 42050157.3243198  42050446.32357187
 42050736.32282134 42051025.3220734  42051315.32132288 42051605.32057235
 42051894.31982442 42052184.31907389 42052473.31832595 42052764.31757284
 42053053.31682491 42053342.31607696 42053632.31532644 42053921.3145785 ]"	0.0	0.0	0.0
3640.830862523801	2.0	trials	8.0	0.0	0.0	0.0	0.0	0.0	True	40.0	0.0	0.005	"[42147358.07276177 42147648.07201124 42147938.07126072 42148227.07051278
 42148517.06976225 42148806.06901432 42149096.06826379 42149386.06751326
 42149675.06676533 42149965.0660148  42150255.06526428 42150544.06451634
 42150833.0637684  42151123.06301787 42151413.06226735 42151703.06151683
 42151992.06076889 42152282.06001836 42152571.05927043 42152861.0585199 ]"	0.0	0.0	0.0
3647.244749924536	2.0	trials	8.0	0.0	0.0	0.0	0.0	0.0	True	40.0	0.0	0.005	"[42221591.88064276 42221881.87989224 42222170.8791443  42222460.87839378
 42222751.87764066 42223040.87689272 42223330.8761422  42223619.87539426
 42223909.87464374 42224198.8738958  42224488.87314527 42224777.87239733
 42225067.87164681 42225357.87089628 42225646.87014835 42225936.86939783
 42226226.86864729 42226516.86789677 42226805.86714883 42227095.8663983 ]"	0.0	0.0	0.0
3655.2112413071022	2.0	trials	8.0	0.0	0.0	0.0	0.0	0.0	True	40.0	0.0	0.005	"[42313796.64201447 42314086.64126395 42314376.64051341 42314665.63976548
 42314955.63901496 42315245.63826443 42315534.63751649 42315824.63676596
 42316114.63601544 42316403.63526751 42316693.63451698 42316982.63376904
 42317272.63301852 42317561.63227058 42317851.63152006 42318141.63076953
 42318430.63002159 42318721.62926848 42319009.62852313 42319300.62777001]"	0.0	0.0	0.0
3664.001727357155	2.0	trials	8.0	0.0	0.0	0.0	0.0	0.0	True	40.0	0.0	0.005	"[42415538.37870423 42415828.37795372 42416118.37720319 42416408.37645266
 42416698.37570214 42416987.3749542  42417277.37420367 42417566.37345573
 42417856.37270521 42418145.37195727 42418435.37120675 42418726.37045363
 42419014.36970828 42419304.36895776 42419593.36820982 42419884.3674567
 42420174.36670618 42420463.36595824 42420752.36521031 42421042.36445978]"	0.0	0.0	0.0
3671.1983967320352	2.0	trials	8.0	0.0	0.0	0.0	0.0	0.0	True	40.0	0.0	0.005	"[42498834.16313261 42499123.16238467 42499414.16163155 42499702.16088621
 42499992.16013568 42500281.15938774 42500571.15863722 42500860.15788928
 42501151.15713616 42501441.15638565 42501730.1556377  42502020.15488717
 42502310.15413665 42502599.15338872 42502889.15263819 42503179.15188766
 42503468.15113972 42503758.1503892  42504048.14963868 42504337.14889073]"	0.0	0.0	0.0
3676.589569979574	2.0	trials	8.0	0.0	0.0	0.0	0.0	0.0	True	40.0	0.0	0.005	"[42561231.00164798 42561521.00089746 42561810.00014952 42562099.99939899
 42562389.99864847 42562678.99790053 42562968.99715    42563257.99640207
 42563548.99564895 42563837.99490102 42564127.99415049 42564416.99340256
 42564706.99265204 42564996.9919015  42565285.99115356 42565575.99040304
 42565864.98965511 42566154.98890457 42566443.98815663 42566733.98740611]"	0.0	0.0	0.0
3682.496377092644	2.0	trials	8.0	0.0	0.0	0.0	0.0	0.0	True	40.0	0.0	0.005	"[42629597.82471289 42629886.82396495 42630176.82321442 42630466.8224639
 42630756.82171337 42631046.82096285 42631335.8202149  42631624.81946697
 42631914.81871645 42632204.81796592 42632494.81721539 42632783.81646746
 42633073.81571693 42633362.814969   42633651.81422105 42633941.81347053
 42634231.81272001 42634521.81196948 42634810.81122154 42635100.81047101]"	0.0	0.0	0.0
3689.693996865065	2.0	trials	8.0	0.0	0.0	0.0	0.0	0.0	True	40.0	0.0	0.005	"[42712902.60911796 42713192.60836744 42713481.60761949 42713771.60686897
 42714060.60612103 42714350.60537051 42714640.60461998 42714930.60386946
 42715219.60312152 42715510.60236841 42715799.60162047 42716088.60087253
 42716378.60012201 42716668.59937148 42716958.59862095 42717247.59787302
 42717536.59712508 42717826.59637456 42718115.59562661 42718405.59487609]"	0.0	0.0	0.0
3698.7537910181427	2.0	trials	8.0	0.0	0.0	0.0	0.0	0.0	True	40.0	0.0	0.005	"[42817761.33774088 42818051.33699034 42818340.33624241 42818630.33549189
 42818920.33474135 42819210.33399083 42819499.33324289 42819789.33249237
 42820079.33174185 42820368.33099391 42820658.33024338 42820946.32949804
 42821237.32874492 42821527.32799439 42821816.32724646 42822106.32649593
 42822395.325748   42822685.32499747 42822975.32424694 42823265.32349642]"	0.0	0.0	0.0
3704.4798497989914	2.0	trials	8.0	0.0	0.0	0.0	0.0	0.0	True	40.0	0.0	0.005	"[42884035.16622251 42884325.16547197 42884614.16472404 42884904.16397351
 42885194.16322298 42885483.16247505 42885772.16172712 42886062.16097658
 42886353.16022347 42886642.15947554 42886931.15872759 42887221.15797707
 42887510.15722913 42887800.15647861 42888090.15572809 42888379.15498015
 42888670.15422703 42888959.1534791  42889249.15272857 42889538.15198063]"	0.0	0.0	0.0
3713.531695172641	2.0	trials	8.0	0.0	0.0	0.0	0.0	0.0	True	40.0	0.0	0.005	"[42988801.89508351 42989091.89433298 42989381.89358246 42989671.89283194
 42989960.892084   42990250.89133347 42990539.89058553 42990829.88983501
 42991119.88908448 42991408.88833655 42991698.88758602 42991987.88683809
 42992278.88608497 42992567.88533703 42992856.88458909 42993146.88383857
 42993436.88308804 42993726.88233752 42994015.88158958 42994304.88084164]"	0.0	0.0	0.0
3719.88579392811	2.0	trials	8.0	0.0	0.0	0.0	0.0	0.0	True	40.0	0.0	0.005	"[43062345.70475024 43062635.70399971 43062924.70325178 43063214.70250125
 43063503.70175331 43063793.70100279 43064083.70025226 43064373.69950174
 43064661.69875639 43064952.69800328 43065241.69725534 43065531.69650481
 43065821.69575428 43066111.69500376 43066401.69425324 43066689.69350789
 43066979.69275736 43067268.69200942 43067559.69125631 43067848.69050837]"	0.0	0.0	0.0
3728.95777044966	2.0	trials	8.0	0.0	0.0	0.0	0.0	0.0	True	40.0	0.0	0.005	"[43167345.43300824 43167635.43225772 43167924.43150978 43168214.43075925
 43168504.43000873 43168793.42926079 43169083.42851026 43169372.42776233
 43169662.4270118  43169951.42626386 43170241.42551334 43170531.42476282
 43170821.42401229 43171110.42326435 43171400.42251382 43171690.4217633
 43171980.42101277 43172269.42026484 43172559.41951431 43172848.41876637]"	0.0	0.0	0.0
3736.4002471883864	2.0	trials	8.0	0.0	0.0	0.0	0.0	0.0	True	40.0	0.0	0.005	"[43253484.21007887 43253774.20932835 43254064.20857782 43254353.20782989
 43254643.20707936 43254933.20632883 43255222.2055809  43255512.20483036
 43255802.20407984 43256091.20333191 43256381.20258138 43256670.20183344
 43256960.20108292 43257250.20033239 43257540.19958187 43257829.19883393
 43258119.1980834  43258408.19733547 43258699.19658235 43258988.19583441]"	0.0	0.0	0.0
3743.4540977328847	2.0	trials	8.0	0.0	0.0	0.0	0.0	0.0	True	40.0	0.0	0.005	"[43335126.99878523 43335416.99803471 43335705.99728677 43335995.99653625
 43336284.99578831 43336574.99503779 43336864.99428725 43337153.99353932
 43337443.9927888  43337732.99204086 43338022.99129032 43338312.9905398
 43338601.98979187 43338891.98904134 43339181.98829082 43339470.98754288
 43339760.98679236 43340049.98604442 43340339.98529389 43340629.98454337]"	0.0	0.0	0.0
3751.3505188967933	2.0	trials	8.0	0.0	0.0	0.0	0.0	0.0	True	40.0	0.0	0.005	"[43426519.76225841 43426809.76150788 43427099.76075736 43427389.76000684
 43427678.7592589  43427967.75851096 43428258.75775784 43428547.75700991
 43428837.75625938 43429126.75551145 43429416.75476092 43429705.75401298
 43429995.75326246 43430285.75251193 43430574.75176399 43430864.75101347
 43431153.75026553 43431442.7495176  43431733.74876449 43432023.74801395]"	0.0	0.0	0.0
3760.3805915267917	2.0	trials	8.0	0.0	0.0	0.0	0.0	0.0	True	40.0	0.0	0.005	"[43531034.4917716  43531324.49102108 43531613.49027314 43531903.48952261
 43532193.48877209 43532482.48802415 43532772.48727362 43533062.4865231
 43533352.48577257 43533641.48502464 43533931.48427411 43534220.48352617
 43534510.48277565 43534799.48202772 43535089.48127718 43535378.48052924
 43535669.47977614 43535959.47902562 43536249.47827508 43536537.47752973]"	0.0	0.0	0.0
3767.2498921489096	2.0	trials	8.0	0.0	0.0	0.0	0.0	0.0	True	40.0	0.0	0.005	"[43610541.28600597 43610830.28525804 43611120.28450751 43611410.28375698
 43611699.28300905 43611989.28225852 43612278.28151058 43612568.28076006
 43612857.28001212 43613147.2792616  43613437.27851107 43613727.27776054
 43614016.2770126  43614305.27626467 43614595.27551415 43614885.27476362
 43615175.27401309 43615464.27326515 43615753.27251722 43616043.27176669]"	0.0	0.0	0.0
3775.9018793573987	2.0	trials	8.0	0.0	0.0	0.0	0.0	0.0	True	40.0	0.0	0.005	"[43710680.02684434 43710970.02609381 43711259.02534588 43711548.02459794
 43711839.02384482 43712128.02309689 43712418.02234636 43712707.02159842
 43712997.02084789 43713287.02009737 43713576.01934944 43713866.01859891
 43714156.01784838 43714445.01710045 43714735.01634992 43715024.01560198
 43715313.01485404 43715604.01410093 43715893.013353   43716183.01260247]"	0.0	0.0	0.0
3783.076343989746	2.0	trials	8.0	0.0	0.0	0.0	0.0	0.0	True	40.0	0.0	0.005	"[43793716.811943   43794006.81119248 43794296.81044195 43794585.80969401
 43794875.80894349 43795165.80819296 43795455.80744243 43795744.8066945
 43796033.80594657 43796323.80519603 43796612.8044481  43796903.80369499
 43797192.80294704 43797482.80219653 43797771.80144858 43798061.80069806
 43798350.79995012 43798640.7991996  43798930.79844907 43799219.79770113]"	0.0	0.0	0.0
3792.1981731822757	2.0	trials	8.0	0.0	0.0	0.0	0.0	0.0	True	40.0	0.0	0.005	"[43899293.53870772 43899583.53795719 43899872.53720925 43900162.53645873
 43900451.53571079 43900742.53495768 43901031.53420974 43901320.5334618
 43901611.53270869 43901900.53196076 43902189.53121281 43902479.53046229
 43902769.52971176 43903058.52896383 43903348.5282133  43903638.52746277
 43903927.52671483 43904217.52596431 43904506.52521638 43904796.52446584]"	0.0	0.0	0.0
3800.004565779181	2.0	trials	8.0	0.0	0.0	0.0	0.0	0.0	True	40.0	0.0	0.005	"[43989646.30487243 43989936.30412191 43990225.30337397 43990515.30262345
 43990805.30187292 43991094.30112498 43991385.30037187 43991673.29962652
 43991963.29887599 43992253.29812547 43992543.29737494 43992832.296627
 43993122.29587648 43993411.29512854 43993701.29437802 43993990.29363008
 43994280.29287955 43994570.29212902 43994860.29137851 43995149.29063056]"	0.0	0.0	0.0
3808.7845110565127	2.0	trials	8.0	0.0	0.0	0.0	0.0	0.0	True	40.0	0.0	0.005	"[44091265.04188053 44091555.04113001 44091846.04037689 44092135.03962895
 44092424.03888102 44092714.03813048 44093003.03738254 44093293.03663202
 44093583.0358815  44093873.03513098 44094162.03438304 44094452.03363251
 44094742.03288199 44095031.03213405 44095320.03138611 44095610.03063558
 44095899.02988765 44096190.02913453 44096479.02838659 44096769.02763607]"	0.0	0.0	0.0
3817.3021466127075	2.0	trials	8.0	0.0	0.0	0.0	0.0	0.0	True	40.0	0.0	0.005	"[44189849.78674068 44190138.78599273 44190427.78524479 44190717.78449427
 44191007.78374375 44191297.78299321 44191586.78224529 44191876.78149476
 44192166.78074423 44192455.7799963  44192745.77924576 44193035.77849524
 44193325.77774472 44193614.77699678 44193903.77624884 44194193.77549832
 44194483.77474779 44194772.77399985 44195063.77324674 44195352.7724988 ]"	0.0	0.0	0.0
3822.517150716176	2.0	trials	8.0	0.0	0.0	0.0	0.0	0.0	True	40.0	0.0	0.005	"[44250208.63053043 44250498.6297799  44250787.62903197 44251077.62828144
 44251366.6275335  44251656.62678298 44251946.62603245 44252235.62528452
 44252526.6245314  44252815.62378346 44253105.62303294 44253394.622285
 44253684.62153447 44253974.62078395 44254263.62003601 44254552.61928807
 44254842.61853755 44255132.61778703 44255421.61703908 44255711.61628857]"	0.0	0.0	0.0
3830.8403867754796	2.0	trials	8.0	0.0	0.0	0.0	0.0	0.0	True	40.0	0.0	0.005	"[44346541.3812188  44346831.38046826 44347121.37971774 44347410.37896981
 44347700.37821928 44347989.37747134 44348279.37672082 44348569.37597029
 44348859.37521977 44349148.37447183 44349438.3737213  44349727.37297337
 44350017.37222284 44350306.3714749  44350596.37072438 44350886.36997385
 44351176.36922333 44351465.36847539 44351755.36772486 44352045.36697434]"	0.0	0.0	0.0
3837.1455832575098	2.0	trials	8.0	0.0	0.0	0.0	0.0	0.0	True	40.0	0.0	0.005	"[44419518.19235294 44419808.1916024  44420098.19085188 44420386.19010653
 44420677.18935341 44420967.18860289 44421256.18785495 44421546.18710443
 44421836.18635391 44422125.18560597 44422414.18485802 44422704.1841075
 44422993.18335957 44423284.18260645 44423573.18185852 44423863.18110798
 44424153.18035746 44424442.17960953 44424732.178859   44425021.17811106]"	0.0	0.0	0.0
3871.94672199149	2.0	trials	9.0	0.0	0.0	0.0	0.0	0.0	True	5.0	0.0	0.01	"[44822353.14980569 44824670.14380926 44826988.13781023               nan
               nan               nan               nan               nan
               nan               nan               nan               nan
               nan               nan               nan               nan
               nan               nan               nan               nan]"	0.0	0.0	0.0
3877.401744673786	2.0	trials	9.0	0.0	0.0	0.0	0.0	0.0	True	5.0	0.0	0.01	"[44885489.98640595 44887806.9804095  44890123.97441306               nan
               nan               nan               nan               nan
               nan               nan               nan               nan
               nan               nan               nan               nan
               nan               nan               nan               nan]"	0.0	0.0	0.0
3883.9411709496244	2.0	trials	9.0	0.0	0.0	0.0	0.0	0.0	True	5.0	0.0	0.01	"[44961178.79052137 44963495.78452493 44965812.77852849               nan
               nan               nan               nan               nan
               nan               nan               nan               nan
               nan               nan               nan               nan
               nan               nan               nan               nan]"	0.0	0.0	0.0
3890.9752359453287	2.0	trials	9.0	0.0	0.0	0.0	0.0	0.0	True	5.0	0.0	0.01	"[45042590.57982557 45044907.57382912 45047225.5678301                nan
               nan               nan               nan               nan
               nan               nan               nan               nan
               nan               nan               nan               nan
               nan               nan               nan               nan]"	0.0	0.0	0.0
3897.0208874990653	2.0	trials	9.0	0.0	0.0	0.0	0.0	0.0	True	5.0	0.0	0.01	"[45112564.39873152 45114881.39273508 45117198.38673864               nan
               nan               nan               nan               nan
               nan               nan               nan               nan
               nan               nan               nan               nan
               nan               nan               nan               nan]"	0.0	0.0	0.0
3905.061077890897	2.0	trials	9.0	0.0	0.0	0.0	0.0	0.0	True	5.0	0.0	0.01	"[45205621.15789823 45207939.15189921 45210256.14590277               nan
               nan               nan               nan               nan
               nan               nan               nan               nan
               nan               nan               nan               nan
               nan               nan               nan               nan]"	0.0	0.0	0.0
3913.1245962223556	2.0	trials	9.0	0.0	0.0	0.0	0.0	0.0	True	5.0	0.0	0.01	"[45298949.916361   45301266.91036456 45303583.90436812               nan
               nan               nan               nan               nan
               nan               nan               nan               nan
               nan               nan               nan               nan
               nan               nan               nan               nan]"	0.0	0.0	0.0
3919.6166754207297	2.0	trials	9.0	0.0	0.0	0.0	0.0	0.0	True	5.0	0.0	0.01	"[45374089.72189726 45376406.71590082 45378723.70990438               nan
               nan               nan               nan               nan
               nan               nan               nan               nan
               nan               nan               nan               nan
               nan               nan               nan               nan]"	0.0	0.0	0.0
3927.9088075605314	2.0	trials	9.0	0.0	0.0	0.0	0.0	0.0	True	5.0	0.0	0.01	"[45470063.47351472 45472380.46751828 45474697.46152184               nan
               nan               nan               nan               nan
               nan               nan               nan               nan
               nan               nan               nan               nan
               nan               nan               nan               nan]"	0.0	0.0	0.0
3934.3226949612667	2.0	trials	9.0	0.0	0.0	0.0	0.0	0.0	True	5.0	0.0	0.01	"[45544298.28139313 45546615.27539669 45548932.26940025               nan
               nan               nan               nan               nan
               nan               nan               nan               nan
               nan               nan               nan               nan
               nan               nan               nan               nan]"	0.0	0.0	0.0
3941.5250667213895	2.0	trials	9.0	0.0	0.0	0.0	0.0	0.0	True	5.0	0.0	0.01	"[45627658.06565586 45629975.05965941 45632292.05366298               nan
               nan               nan               nan               nan
               nan               nan               nan               nan
               nan               nan               nan               nan
               nan               nan               nan               nan]"	0.0	0.0	0.0
3946.8464289496014	2.0	trials	9.0	0.0	0.0	0.0	0.0	0.0	True	5.0	0.0	0.01	"[45689248.90625717 45691565.90026074 45693882.8942643                nan
               nan               nan               nan               nan
               nan               nan               nan               nan
               nan               nan               nan               nan
               nan               nan               nan               nan]"	0.0	0.0	0.0
3955.3288997968025	2.0	trials	9.0	0.0	0.0	0.0	0.0	0.0	True	5.0	0.0	0.01	"[45787425.65217324 45789742.64617679 45792059.64018036               nan
               nan               nan               nan               nan
               nan               nan               nan               nan
               nan               nan               nan               nan
               nan               nan               nan               nan]"	0.0	0.0	0.0
3963.2072634074448	2.0	trials	9.0	0.0	0.0	0.0	0.0	0.0	True	5.0	0.0	0.01	"[45878610.41618472 45880927.41018828 45883244.40419184               nan
               nan               nan               nan               nan
               nan               nan               nan               nan
               nan               nan               nan               nan
               nan               nan               nan               nan]"	0.0	0.0	0.0
3971.8711737850776	2.0	trials	9.0	0.0	0.0	0.0	0.0	0.0	True	5.0	0.0	0.01	"[45978886.15666852 45981203.15067209 45983521.14467306               nan
               nan               nan               nan               nan
               nan               nan               nan               nan
               nan               nan               nan               nan
               nan               nan               nan               nan]"	0.0	0.0	0.0
3979.0467616145183	2.0	trials	9.0	0.0	0.0	0.0	0.0	0.0	True	5.0	0.0	0.01	"[46061937.94172837 46064254.93573193 46066571.92973549               nan
               nan               nan               nan               nan
               nan               nan               nan               nan
               nan               nan               nan               nan
               nan               nan               nan               nan]"	0.0	0.0	0.0
3985.6890900240437	2.0	trials	9.0	0.0	0.0	0.0	0.0	0.0	True	5.0	0.0	0.01	"[46138816.74276406 46141133.73676761 46143450.73077118               nan
               nan               nan               nan               nan
               nan               nan               nan               nan
               nan               nan               nan               nan
               nan               nan               nan               nan]"	0.0	0.0	0.0
3992.3918982770465	2.0	trials	9.0	0.0	0.0	0.0	0.0	0.0	True	5.0	0.0	0.01	"[46216395.54198813 46218712.53599168 46221029.52999525               nan
               nan               nan               nan               nan
               nan               nan               nan               nan
               nan               nan               nan               nan
               nan               nan               nan               nan]"	0.0	0.0	0.0
3998.6614980512018	2.0	trials	9.0	0.0	0.0	0.0	0.0	0.0	True	5.0	0.0	0.01	"[46288960.35418853 46291277.34819209 46293594.34219564               nan
               nan               nan               nan               nan
               nan               nan               nan               nan
               nan               nan               nan               nan
               nan               nan               nan               nan]"	0.0	0.0	0.0
4004.5288204664575	2.0	trials	9.0	0.0	0.0	0.0	0.0	0.0	True	5.0	0.0	0.01	"[46356869.17843875 46359186.1724423  46361503.16644587               nan
               nan               nan               nan               nan
               nan               nan               nan               nan
               nan               nan               nan               nan
               nan               nan               nan               nan]"	0.0	0.0	0.0
4010.9953253310177	2.0	trials	9.0	0.0	0.0	0.0	0.0	0.0	True	5.0	0.0	0.01	"[46431712.98474105 46434029.97874461 46436346.97274817               nan
               nan               nan               nan               nan
               nan               nan               nan               nan
               nan               nan               nan               nan
               nan               nan               nan               nan]"	0.0	0.0	0.0
4017.093075949922	2.0	trials	9.0	0.0	0.0	0.0	0.0	0.0	True	5.0	0.0	0.01	"[46502288.80208902 46504605.79609258 46506922.79009613               nan
               nan               nan               nan               nan
               nan               nan               nan               nan
               nan               nan               nan               nan
               nan               nan               nan               nan]"	0.0	0.0	0.0
4023.9573653850075	2.0	trials	9.0	0.0	0.0	0.0	0.0	0.0	True	5.0	0.0	0.01	"[46581736.59647608 46584053.59047964 46586370.5844832                nan
               nan               nan               nan               nan
               nan               nan               nan               nan
               nan               nan               nan               nan
               nan               nan               nan               nan]"	0.0	0.0	0.0
4030.712963901388	2.0	trials	9.0	0.0	0.0	0.0	0.0	0.0	True	5.0	0.0	0.01	"[46659926.39411888 46662243.38812243 46664560.38212599               nan
               nan               nan               nan               nan
               nan               nan               nan               nan
               nan               nan               nan               nan
               nan               nan               nan               nan]"	0.0	0.0	0.0
4038.3758464697003	2.0	trials	9.0	0.0	0.0	0.0	0.0	0.0	True	5.0	0.0	0.01	"[46748616.16458746 46750933.15859102 46753250.15259458               nan
               nan               nan               nan               nan
               nan               nan               nan               nan
               nan               nan               nan               nan
               nan               nan               nan               nan]"	0.0	0.0	0.0
4044.495283432478	2.0	trials	9.0	0.0	0.0	0.0	0.0	0.0	True	5.0	0.0	0.01	"[46819443.98128325 46821760.97528681 46824077.96929037               nan
               nan               nan               nan               nan
               nan               nan               nan               nan
               nan               nan               nan               nan
               nan               nan               nan               nan]"	0.0	0.0	0.0
4052.7754060033617	2.0	trials	9.0	0.0	0.0	0.0	0.0	0.0	True	5.0	0.0	0.01	"[46915278.73326045 46917595.72726401 46919912.72126757               nan
               nan               nan               nan               nan
               nan               nan               nan               nan
               nan               nan               nan               nan
               nan               nan               nan               nan]"	0.0	0.0	0.0
4059.621119486523	2.0	trials	9.0	0.0	0.0	0.0	0.0	0.0	True	5.0	0.0	0.01	"[46994510.52820652 46996827.52221008 46999145.51621106               nan
               nan               nan               nan               nan
               nan               nan               nan               nan
               nan               nan               nan               nan
               nan               nan               nan               nan]"	0.0	0.0	0.0
4066.9475613255504	2.0	trials	9.0	0.0	0.0	0.0	0.0	0.0	True	5.0	0.0	0.01	"[47079307.30875028 47081625.30275125 47083942.29675481               nan
               nan               nan               nan               nan
               nan               nan               nan               nan
               nan               nan               nan               nan
               nan               nan               nan               nan]"	0.0	0.0	0.0
4074.018519025774	2.0	trials	9.0	0.0	0.0	0.0	0.0	0.0	True	5.0	0.0	0.01	"[47161147.0969468  47163465.09094777 47165781.08495392               nan
               nan               nan               nan               nan
               nan               nan               nan               nan
               nan               nan               nan               nan
               nan               nan               nan               nan]"	0.0	0.0	0.0
4092.6947810912475	2.0	trials	10.0	0.0	0.0	0.0	0.0	0.0	True	10.0	0.0	0.005	"[47377264.53762931 47378422.53463238 47379580.53163545 47380739.52863593
 47381898.52563642               nan               nan               nan
               nan               nan               nan               nan
               nan               nan               nan               nan
               nan               nan               nan               nan]"	0.0	0.0	0.0
4098.960924874346	2.0	trials	10.0	0.0	0.0	0.0	0.0	0.0	True	10.0	0.0	0.005	"[47449788.34993581 47450946.34693889 47452106.34393679 47453264.34093986
 47454422.33794293               nan               nan               nan
               nan               nan               nan               nan
               nan               nan               nan               nan
               nan               nan               nan               nan]"	0.0	0.0	0.0
4106.190771763363	2.0	trials	10.0	0.0	0.0	0.0	0.0	0.0	True	10.0	0.0	0.005	"[47533467.13337297 47534624.13037863 47535784.12737653 47536943.12437701
 47538101.12138008               nan               nan               nan
               nan               nan               nan               nan
               nan               nan               nan               nan
               nan               nan               nan               nan]"	0.0	0.0	0.0
4111.463145318357	2.0	trials	10.0	0.0	0.0	0.0	0.0	0.0	True	10.0	0.0	0.005	"[47594489.97544428 47595648.97244477 47596807.96944526 47597965.96644832
 47599125.96344622               nan               nan               nan
               nan               nan               nan               nan
               nan               nan               nan               nan
               nan               nan               nan               nan]"	0.0	0.0	0.0
4119.491671740377	2.0	trials	10.0	0.0	0.0	0.0	0.0	0.0	True	10.0	0.0	0.005	"[47687413.73495521 47688571.73195827 47689729.72896135 47690888.72596183
 47692046.72296491               nan               nan               nan
               nan               nan               nan               nan
               nan               nan               nan               nan
               nan               nan               nan               nan]"	0.0	0.0	0.0
4124.681533508914	2.0	trials	10.0	0.0	0.0	0.0	0.0	0.0	True	10.0	0.0	0.005	"[47747481.57949808 47748640.57649857 47749798.57350162 47750957.57050212
 47752115.5675052                nan               nan               nan
               nan               nan               nan               nan
               nan               nan               nan               nan
               nan               nan               nan               nan]"	0.0	0.0	0.0
4130.356702821466	2.0	trials	10.0	0.0	0.0	0.0	0.0	0.0	True	10.0	0.0	0.005	"[47813166.40950404 47814325.40650453 47815482.4035102  47816641.40051067
 47817800.39751117               nan               nan               nan
               nan               nan               nan               nan
               nan               nan               nan               nan
               nan               nan               nan               nan]"	0.0	0.0	0.0
4137.661458316617	2.0	trials	10.0	0.0	0.0	0.0	0.0	0.0	True	10.0	0.0	0.005	"[47897711.19069997 47898869.18770306 47900029.18470096 47901187.18170401
 47902346.17870452               nan               nan               nan
               nan               nan               nan               nan
               nan               nan               nan               nan
               nan               nan               nan               nan]"	0.0	0.0	0.0
4145.596932179457	2.0	trials	10.0	0.0	0.0	0.0	0.0	0.0	True	10.0	0.0	0.005	"[47989556.95300078 47990715.95000126 47991873.94700434 47993033.94400224
 47994190.9410079                nan               nan               nan
               nan               nan               nan               nan
               nan               nan               nan               nan
               nan               nan               nan               nan]"	0.0	0.0	0.0
4152.293606048337	2.0	trials	10.0	0.0	0.0	0.0	0.0	0.0	True	10.0	0.0	0.005	"[48067065.75240602 48068224.7494065  48069381.74641216 48070540.74341265
 48071699.74041314               nan               nan               nan
               nan               nan               nan               nan
               nan               nan               nan               nan
               nan               nan               nan               nan]"	0.0	0.0	0.0
4159.702818873151	2.0	trials	10.0	0.0	0.0	0.0	0.0	0.0	True	10.0	0.0	0.005	"[48152820.53047044 48153979.52747094 48155137.52447399 48156296.5214745
 48157454.51847757               nan               nan               nan
               nan               nan               nan               nan
               nan               nan               nan               nan
               nan               nan               nan               nan]"	0.0	0.0	0.0
4165.747260830019	2.0	trials	10.0	0.0	0.0	0.0	0.0	0.0	True	10.0	0.0	0.005	"[48222777.3494204  48223937.3464183  48225095.34342136 48226254.34042185
 48227412.33742493               nan               nan               nan
               nan               nan               nan               nan
               nan               nan               nan               nan
               nan               nan               nan               nan]"	0.0	0.0	0.0
4172.437368315891	2.0	trials	10.0	0.0	0.0	0.0	0.0	0.0	True	10.0	0.0	0.005	"[48300211.14901974 48301369.1460228  48302528.14302328 48303687.14002378
 48304844.13702944               nan               nan               nan
               nan               nan               nan               nan
               nan               nan               nan               nan
               nan               nan               nan               nan]"	0.0	0.0	0.0
4180.599468792217	2.0	trials	10.0	0.0	0.0	0.0	0.0	0.0	True	10.0	0.0	0.005	"[48394678.90453475 48395837.90153524 48396996.89853573 48398154.89553879
 48399312.89254187               nan               nan               nan
               nan               nan               nan               nan
               nan               nan               nan               nan
               nan               nan               nan               nan]"	0.0	0.0	0.0
4188.503406736673	2.0	trials	10.0	0.0	0.0	0.0	0.0	0.0	True	10.0	0.0	0.005	"[48486160.66777759 48487318.66478068 48488476.66178373 48489634.65878682
 48490794.65578472               nan               nan               nan
               nan               nan               nan               nan
               nan               nan               nan               nan
               nan               nan               nan               nan]"	0.0	0.0	0.0
4193.821485773382	2.0	trials	10.0	0.0	0.0	0.0	0.0	0.0	True	10.0	0.0	0.005	"[48547713.50847726 48548869.5054855  48550029.50248341 48551188.4994839
 48552345.49648955               nan               nan               nan
               nan               nan               nan               nan
               nan               nan               nan               nan
               nan               nan               nan               nan]"	0.0	0.0	0.0
4201.6814462316515	2.0	trials	10.0	0.0	0.0	0.0	0.0	0.0	True	10.0	0.0	0.005	"[48638684.27304258 48639842.27004565 48641000.26704873 48642159.26404921
 48643318.2610497                nan               nan               nan
               nan               nan               nan               nan
               nan               nan               nan               nan
               nan               nan               nan               nan]"	0.0	0.0	0.0
4207.13500011775	2.0	trials	10.0	0.0	0.0	0.0	0.0	0.0	True	10.0	0.0	0.005	"[48701804.10968682 48702963.10668729 48704120.10369296 48705280.10069086
 48706437.09769652               nan               nan               nan
               nan               nan               nan               nan
               nan               nan               nan               nan
               nan               nan               nan               nan]"	0.0	0.0	0.0
4215.599499811461	2.0	trials	10.0	0.0	0.0	0.0	0.0	0.0	True	10.0	0.0	0.005	"[48799772.85614119 48800931.85314167 48802089.85014474 48803247.84714781
 48804407.84414572               nan               nan               nan
               nan               nan               nan               nan
               nan               nan               nan               nan
               nan               nan               nan               nan]"	0.0	0.0	0.0
4224.188587982734	2.0	trials	10.0	0.0	0.0	0.0	0.0	0.0	True	10.0	0.0	0.005	"[48899183.59886362 48900341.5958667  48901499.59286977 48902659.58986767
 48903816.58687332               nan               nan               nan
               nan               nan               nan               nan
               nan               nan               nan               nan
               nan               nan               nan               nan]"	0.0	0.0	0.0
4231.867454509679	2.0	trials	10.0	0.0	0.0	0.0	0.0	0.0	True	10.0	0.0	0.005	"[48988060.36884826 48989217.36585392 48990377.36285182 48991535.35985489
 48992694.35685538               nan               nan               nan
               nan               nan               nan               nan
               nan               nan               nan               nan
               nan               nan               nan               nan]"	0.0	0.0	0.0
4239.292910492455	2.0	trials	10.0	0.0	0.0	0.0	0.0	0.0	True	10.0	0.0	0.005	"[49074001.14643131 49075160.1434318  49076319.14043229 49077477.13743535
 49078635.13443843               nan               nan               nan
               nan               nan               nan               nan
               nan               nan               nan               nan
               nan               nan               nan               nan]"	0.0	0.0	0.0
4247.897550623481	2.0	trials	10.0	0.0	0.0	0.0	0.0	0.0	True	10.0	0.0	0.005	"[49173591.88868792 49174750.8856884  49175909.88268888 49177068.87968937
 49178226.87669244               nan               nan               nan
               nan               nan               nan               nan
               nan               nan               nan               nan
               nan               nan               nan               nan]"	0.0	0.0	0.0
4256.963651960235	2.0	trials	10.0	0.0	0.0	0.0	0.0	0.0	True	10.0	0.0	0.005	"[49278523.61712191 49279682.61412239 49280841.61112286 49282000.60812336
 49283158.60512643               nan               nan               nan
               nan               nan               nan               nan
               nan               nan               nan               nan
               nan               nan               nan               nan]"	0.0	0.0	0.0
4263.575049249811	2.0	trials	10.0	0.0	0.0	0.0	0.0	0.0	True	10.0	0.0	0.005	"[49355045.41908151 49356204.41608199 49357362.41308507 49358520.41008814
 49359679.40708862               nan               nan               nan
               nan               nan               nan               nan
               nan               nan               nan               nan
               nan               nan               nan               nan]"	0.0	0.0	0.0
4270.648944542434	2.0	trials	10.0	0.0	0.0	0.0	0.0	0.0	True	10.0	0.0	0.005	"[49436918.20719262 49438077.20419312 49439235.20119618 49440393.19819926
 49441553.19519716               nan               nan               nan
               nan               nan               nan               nan
               nan               nan               nan               nan
               nan               nan               nan               nan]"	0.0	0.0	0.0
4277.243493875612	2.0	trials	10.0	0.0	0.0	0.0	0.0	0.0	True	10.0	0.0	0.005	"[49513245.00965689 49514403.00665997 49515561.00366305 49516720.00066353
 49517878.99766401               nan               nan               nan
               nan               nan               nan               nan
               nan               nan               nan               nan
               nan               nan               nan               nan]"	0.0	0.0	0.0
4284.26909169323	2.0	trials	10.0	0.0	0.0	0.0	0.0	0.0	True	10.0	0.0	0.005	"[49594559.79921212 49595716.79621779 49596877.79321311 49598034.79021876
 49599193.78721925               nan               nan               nan
               nan               nan               nan               nan
               nan               nan               nan               nan
               nan               nan               nan               nan]"	0.0	0.0	0.0
4290.251412210869	2.0	trials	10.0	0.0	0.0	0.0	0.0	0.0	True	10.0	0.0	0.005	"[49663800.6200151  49664958.61701817 49666116.61402126 49667274.61102433
 49668433.60802481               nan               nan               nan
               nan               nan               nan               nan
               nan               nan               nan               nan
               nan               nan               nan               nan]"	0.0	0.0	0.0
4298.846202767384	2.0	trials	10.0	0.0	0.0	0.0	0.0	0.0	True	10.0	0.0	0.005	"[49763275.36257191 49764434.3595724  49765593.35657288 49766752.35357337
 49767911.35057385               nan               nan               nan
               nan               nan               nan               nan
               nan               nan               nan               nan
               nan               nan               nan               nan]"	0.0	0.0	0.0
4323.948707401617	2.0	trials	11.0	0.0	0.0	0.0	0.0	0.0	True	20.0	0.0	0.005	"[50053814.61064886 50054393.60915039 50054973.60764935 50055552.6061509
 50056132.60464983 50056710.60315395 50057290.60165291 50057869.60015445
 50058449.59865339 50059027.59715752               nan               nan
               nan               nan               nan               nan
               nan               nan               nan               nan]"	0.0	0.0	0.0
4331.689522568238	2.0	trials	11.0	0.0	0.0	0.0	0.0	0.0	True	20.0	0.0	0.005	"[50143406.37878305 50143986.37728202 50144565.37578354 50145145.3742825
 50145723.37278663 50146303.37128557 50146882.36978711 50147461.36828864
 50148041.3667876  50148620.36528913               nan               nan
               nan               nan               nan               nan
               nan               nan               nan               nan]"	0.0	0.0	0.0
4337.369703067821	2.0	trials	11.0	0.0	0.0	0.0	0.0	0.0	True	20.0	0.0	0.005	"[50209150.20863634 50209729.20713788 50210308.20563941 50210887.20414095
 50211466.20264249 50212045.20114402 50212624.19964556 50213205.19814193
 50213784.19664346 50214362.19514758               nan               nan
               nan               nan               nan               nan
               nan               nan               nan               nan]"	0.0	0.0	0.0
4345.066799947586	2.0	trials	11.0	0.0	0.0	0.0	0.0	0.0	True	20.0	0.0	0.005	"[50298235.97808009 50298816.97657644 50299394.97508056 50299974.97357951
 50300552.97208364 50301133.97058    50301710.9690867  50302291.96758307
 50302870.9660846  50303449.96458615               nan               nan
               nan               nan               nan               nan
               nan               nan               nan               nan]"	0.0	0.0	0.0
4350.2153626230065	2.0	trials	11.0	0.0	0.0	0.0	0.0	0.0	True	20.0	0.0	0.005	"[50357824.82386261 50358404.82236155 50358984.82086051 50359564.81935945
 50360142.81786358 50360721.81636512 50361301.81486407 50361880.8133656
 50362460.81186455 50363039.81036609               nan               nan
               nan               nan               nan               nan
               nan               nan               nan               nan]"	0.0	0.0	0.0
4358.0027472691045	2.0	trials	11.0	0.0	0.0	0.0	0.0	0.0	True	20.0	0.0	0.005	"[50447957.5905967  50448537.58909564 50449116.58759718 50449695.58609872
 50450275.58459766 50450855.58309662 50451434.58159816 50452013.58009968
 50452591.57860381 50453171.57710276               nan               nan
               nan               nan               nan               nan
               nan               nan               nan               nan]"	0.0	0.0	0.0
4364.383111556598	2.0	trials	11.0	0.0	0.0	0.0	0.0	0.0	True	20.0	0.0	0.005	"[50521805.39947665 50522384.3979782  50522962.39648233 50523542.39498127
 50524122.39348023 50524701.39198176 50525281.39048071 50525860.38898224
 50526439.38748378 50527019.38598273               nan               nan
               nan               nan               nan               nan
               nan               nan               nan               nan]"	0.0	0.0	0.0
4371.895658513981	2.0	trials	11.0	0.0	0.0	0.0	0.0	0.0	True	20.0	0.0	0.005	"[50608755.17444841 50609334.17294995 50609914.17144889 50610493.16995043
 50611072.16845196 50611652.16695092 50612231.16545245 50612811.1639514
 50613390.16245294 50613968.16095706               nan               nan
               nan               nan               nan               nan
               nan               nan               nan               nan]"	0.0	0.0	0.0
4380.664976618817	2.0	trials	11.0	0.0	0.0	0.0	0.0	0.0	True	20.0	0.0	0.005	"[50710251.91177224 50710831.91027119 50711410.90877273 50711989.90727426
 50712569.90577321 50713148.90427475 50713727.90277629 50714307.90127523
 50714886.89977677 50715465.8982783                nan               nan
               nan               nan               nan               nan
               nan               nan               nan               nan]"	0.0	0.0	0.0
4389.215098490936	2.0	trials	11.0	0.0	0.0	0.0	0.0	0.0	True	20.0	0.0	0.005	"[50809213.6556567  50809791.65416083 50810370.65266237 50810949.6511639
 50811528.64966544 50812108.64816438 50812687.64666592 50813267.64516487
 50813846.64366642 50814425.64216794               nan               nan
               nan               nan               nan               nan
               nan               nan               nan               nan]"	0.0	0.0	0.0
4396.99107836655	2.0	trials	11.0	0.0	0.0	0.0	0.0	0.0	True	20.0	0.0	0.005	"[50899211.42274017 50899791.42123911 50900370.41974065 50900949.41824219
 50901529.41674114 50902108.41524266 50902687.41374421 50903266.41224575
 50903845.41074728 50904426.40924365               nan               nan
               nan               nan               nan               nan
               nan               nan               nan               nan]"	0.0	0.0	0.0
4402.594276665364	2.0	trials	11.0	0.0	0.0	0.0	0.0	0.0	True	20.0	0.0	0.005	"[50964064.25489936 50964643.25340091 50965223.25189986 50965802.25040139
 50966381.24890293 50966960.24740446 50967540.24590342 50968119.24440495
 50968698.24290649 50969278.24140543               nan               nan
               nan               nan               nan               nan
               nan               nan               nan               nan]"	0.0	0.0	0.0
4411.18690722747	2.0	trials	11.0	0.0	0.0	0.0	0.0	0.0	True	20.0	0.0	0.005	"[51063514.99751829 51064093.99601983 51064673.99451876 51065252.99302031
 51065832.99151926 51066411.9900208  51066990.98852233 51067569.98702387
 51068149.98552283 51068728.98402436               nan               nan
               nan               nan               nan               nan
               nan               nan               nan               nan]"	0.0	0.0	0.0
4418.302879211197	2.0	trials	11.0	0.0	0.0	0.0	0.0	0.0	True	20.0	0.0	0.005	"[51145874.78436904 51146454.78286799 51147034.78136694 51147614.77986588
 51148192.77837002 51148771.77687155 51149350.77537308 51149930.77387204
 51150510.77237098 51151088.7708751                nan               nan
               nan               nan               nan               nan
               nan               nan               nan               nan]"	0.0	0.0	0.0
4424.395705042846	2.0	trials	11.0	0.0	0.0	0.0	0.0	0.0	True	20.0	0.0	0.005	"[51216395.60185935 51216973.60036348 51217553.59886242 51218132.59736396
 51218712.59586291 51219291.59436444 51219870.59286598 51220449.59136753
 51221027.58987165 51221608.58836801               nan               nan
               nan               nan               nan               nan
               nan               nan               nan               nan]"	0.0	0.0	0.0
4432.048997235979	2.0	trials	11.0	0.0	0.0	0.0	0.0	0.0	True	20.0	0.0	0.005	"[51304974.37261522 51305554.37111416 51306133.3696157  51306712.36811724
 51307291.36661877 51307871.36511772 51308451.36361668 51309029.36212079
 51309609.36061975 51310188.35912129               nan               nan
               nan               nan               nan               nan
               nan               nan               nan               nan]"	0.0	0.0	0.0
4438.2409236111525	2.0	trials	11.0	0.0	0.0	0.0	0.0	0.0	True	20.0	0.0	0.005	"[51376640.18714224 51377220.1856412  51377799.18414272 51378379.18264169
 51378959.18114062 51379537.17964476 51380117.1781437  51380695.17664783
 51381276.17514418 51381854.17364831               nan               nan
               nan               nan               nan               nan
               nan               nan               nan               nan]"	0.0	0.0	0.0
4446.209142989247	2.0	trials	11.0	0.0	0.0	0.0	0.0	0.0	True	20.0	0.0	0.005	"[51468864.94846219 51469443.94696373 51470023.94546267 51470602.94396421
 51471182.94246317 51471762.94096211 51472340.93946623 51472919.93796778
 51473499.93646672 51474079.93496567               nan               nan
               nan               nan               nan               nan
               nan               nan               nan               nan]"	0.0	0.0	0.0
4451.627359366799	2.0	trials	11.0	0.0	0.0	0.0	0.0	0.0	True	20.0	0.0	0.005	"[51531576.78616234 51532155.78466387 51532735.78316282 51533314.78166436
 51533893.7801659  51534473.77866486 51535051.77716897 51535631.77566791
 51536210.77416946 51536789.772671                 nan               nan
               nan               nan               nan               nan
               nan               nan               nan               nan]"	0.0	0.0	0.0
4460.506837186539	2.0	trials	11.0	0.0	0.0	0.0	0.0	0.0	True	20.0	0.0	0.005	"[51634347.52018903 51634927.51868798 51635506.51718953 51636086.51568846
 51636665.51419    51637244.51269155 51637823.51119308 51638403.50969202
 51638982.50819357 51639561.50669511               nan               nan
               nan               nan               nan               nan
               nan               nan               nan               nan]"	0.0	0.0	0.0
4467.559046135285	2.0	trials	11.0	0.0	0.0	0.0	0.0	0.0	True	20.0	0.0	0.005	"[51715971.30894458 51716550.30744611 51717129.30594764 51717708.30444917
 51718287.30295072 51718867.30144967 51719446.2999512  51720024.29845534
 51720605.29695169 51721184.29545323               nan               nan
               nan               nan               nan               nan
               nan               nan               nan               nan]"	0.0	0.0	0.0
4475.096044229389	2.0	trials	11.0	0.0	0.0	0.0	0.0	0.0	True	20.0	0.0	0.005	"[51803204.08318391 51803784.08168286 51804362.08018698 51804941.07868852
 51805522.07718488 51806101.07568642 51806680.07418795 51807259.07268949
 51807838.07119102 51808418.06968997               nan               nan
               nan               nan               nan               nan
               nan               nan               nan               nan]"	0.0	0.0	0.0
4483.811103274648	2.0	trials	11.0	0.0	0.0	0.0	0.0	0.0	True	20.0	0.0	0.005	"[51904072.82213303 51904651.82063455 51905232.8191309  51905811.81763245
 51906389.81613657 51906969.81463552 51907549.81313447 51908128.81163601
 51908706.81014013 51909285.80864167               nan               nan
               nan               nan               nan               nan
               nan               nan               nan               nan]"	0.0	0.0	0.0
4489.043560132948	2.0	trials	11.0	0.0	0.0	0.0	0.0	0.0	True	20.0	0.0	0.005	"[51964634.66539741 51965212.66390153 51965792.66240047 51966371.66090202
 51966950.65940356 51967529.65790509 51968109.65640404 51968689.65490299
 51969267.65340711 51969846.65190866               nan               nan
               nan               nan               nan               nan
               nan               nan               nan               nan]"	0.0	0.0	0.0
4496.321272498089	2.0	trials	11.0	0.0	0.0	0.0	0.0	0.0	True	20.0	0.0	0.005	"[52048866.44740339 52049446.44590234 52050025.44440387 52050605.44290283
 52051184.44140436 52051763.4399059  52052342.43840744 52052921.43690898
 52053500.4354105  52054080.43390946               nan               nan
               nan               nan               nan               nan
               nan               nan               nan               nan]"	0.0	0.0	0.0
4502.045516883633	2.0	trials	11.0	0.0	0.0	0.0	0.0	0.0	True	20.0	0.0	0.005	"[52115119.27593938 52115698.2744409  52116278.27293985 52116857.27144139
 52117436.26994292 52118016.26844188 52118595.26694342 52119174.26544495
 52119754.2639439  52120333.26244543               nan               nan
               nan               nan               nan               nan
               nan               nan               nan               nan]"	0.0	0.0	0.0
4509.728616999621	2.0	trials	11.0	0.0	0.0	0.0	0.0	0.0	True	20.0	0.0	0.005	"[52204045.04579719 52204624.04429872 52205202.04280285 52205782.04130179
 52206361.03980333 52206942.03829969 52207520.03680382 52208099.03530535
 52208679.0338043  52209258.03230584               nan               nan
               nan               nan               nan               nan
               nan               nan               nan               nan]"	0.0	0.0	0.0
4516.326363124526	2.0	trials	11.0	0.0	0.0	0.0	0.0	0.0	True	20.0	0.0	0.005	"[52280406.84817087 52280985.84667242 52281565.84517135 52282144.84367289
 52282723.84217444 52283303.84067338 52283883.83917234 52284461.83767646
 52285040.836178   52285620.83467694               nan               nan
               nan               nan               nan               nan
               nan               nan               nan               nan]"	0.0	0.0	0.0
4523.783355025688	2.0	trials	11.0	0.0	0.0	0.0	0.0	0.0	True	20.0	0.0	0.005	"[52366714.62480412 52367293.62330566 52367873.62180462 52368452.62030615
 52369032.6188051  52369610.61730923 52370190.61580817 52370770.61430712
 52371349.61280867 52371927.61131278               nan               nan
               nan               nan               nan               nan
               nan               nan               nan               nan]"	0.0	0.0	0.0
4532.4470926037675	2.0	trials	11.0	0.0	0.0	0.0	0.0	0.0	True	20.0	0.0	0.005	"[52466991.36528534 52467569.36378946 52468149.36228842 52468728.36078996
 52469307.35929149 52469886.35779303 52470465.35629456 52471045.35479352
 52471624.35329505 52472203.35179659               nan               nan
               nan               nan               nan               nan
               nan               nan               nan               nan]"	0.0	0.0	0.0
4572.036334146045	2.0	trials	12.0	0.0	0.0	0.0	0.0	0.0	True	0.0	0.0	0.0	"[nan nan nan nan nan nan nan nan nan nan nan nan nan nan nan nan nan nan
 nan nan]"	0.0	0.0	0.0
4577.477532864118	2.0	trials	12.0	0.0	0.0	0.0	0.0	0.0	True	0.0	0.0	0.0	"[nan nan nan nan nan nan nan nan nan nan nan nan nan nan nan nan nan nan
 nan nan]"	0.0	0.0	0.0
4586.26179813027	2.0	trials	12.0	0.0	0.0	0.0	0.0	0.0	True	0.0	0.0	0.0	"[nan nan nan nan nan nan nan nan nan nan nan nan nan nan nan nan nan nan
 nan nan]"	0.0	0.0	0.0
4591.403794422684	2.0	trials	12.0	0.0	0.0	0.0	0.0	0.0	True	0.0	0.0	0.0	"[nan nan nan nan nan nan nan nan nan nan nan nan nan nan nan nan nan nan
 nan nan]"	0.0	0.0	0.0
4596.559528279545	2.0	trials	12.0	0.0	0.0	0.0	0.0	0.0	True	0.0	0.0	0.0	"[nan nan nan nan nan nan nan nan nan nan nan nan nan nan nan nan nan nan
 nan nan]"	0.0	0.0	0.0
4601.736084482518	2.0	trials	12.0	0.0	0.0	0.0	0.0	0.0	True	0.0	0.0	0.0	"[nan nan nan nan nan nan nan nan nan nan nan nan nan nan nan nan nan nan
 nan nan]"	0.0	0.0	0.0
4610.29139034122	2.0	trials	12.0	0.0	0.0	0.0	0.0	0.0	True	0.0	0.0	0.0	"[nan nan nan nan nan nan nan nan nan nan nan nan nan nan nan nan nan nan
 nan nan]"	0.0	0.0	0.0
4617.384207184873	2.0	trials	12.0	0.0	0.0	0.0	0.0	0.0	True	0.0	0.0	0.0	"[nan nan nan nan nan nan nan nan nan nan nan nan nan nan nan nan nan nan
 nan nan]"	0.0	0.0	0.0
4625.393466456756	2.0	trials	12.0	0.0	0.0	0.0	0.0	0.0	True	0.0	0.0	0.0	"[nan nan nan nan nan nan nan nan nan nan nan nan nan nan nan nan nan nan
 nan nan]"	0.0	0.0	0.0
4633.985578620203	2.0	trials	12.0	0.0	0.0	0.0	0.0	0.0	True	0.0	0.0	0.0	"[nan nan nan nan nan nan nan nan nan nan nan nan nan nan nan nan nan nan
 nan nan]"	0.0	0.0	0.0
4642.841814900093	2.0	trials	12.0	0.0	0.0	0.0	0.0	0.0	True	0.0	0.0	0.0	"[nan nan nan nan nan nan nan nan nan nan nan nan nan nan nan nan nan nan
 nan nan]"	0.0	0.0	0.0
4648.99797176784	2.0	trials	12.0	0.0	0.0	0.0	0.0	0.0	True	0.0	0.0	0.0	"[nan nan nan nan nan nan nan nan nan nan nan nan nan nan nan nan nan nan
 nan nan]"	0.0	0.0	0.0
4656.881778564395	2.0	trials	12.0	0.0	0.0	0.0	0.0	0.0	True	0.0	0.0	0.0	"[nan nan nan nan nan nan nan nan nan nan nan nan nan nan nan nan nan nan
 nan nan]"	0.0	0.0	0.0
4664.340066462202	2.0	trials	12.0	0.0	0.0	0.0	0.0	0.0	True	0.0	0.0	0.0	"[nan nan nan nan nan nan nan nan nan nan nan nan nan nan nan nan nan nan
 nan nan]"	0.0	0.0	0.0
4669.698148595382	2.0	trials	12.0	0.0	0.0	0.0	0.0	0.0	True	0.0	0.0	0.0	"[nan nan nan nan nan nan nan nan nan nan nan nan nan nan nan nan nan nan
 nan nan]"	0.0	0.0	0.0
4678.049464582015	2.0	trials	12.0	0.0	0.0	0.0	0.0	0.0	True	0.0	0.0	0.0	"[nan nan nan nan nan nan nan nan nan nan nan nan nan nan nan nan nan nan
 nan nan]"	0.0	0.0	0.0
4686.731518912691	2.0	trials	12.0	0.0	0.0	0.0	0.0	0.0	True	0.0	0.0	0.0	"[nan nan nan nan nan nan nan nan nan nan nan nan nan nan nan nan nan nan
 nan nan]"	0.0	0.0	0.0
4694.148075718499	2.0	trials	12.0	0.0	0.0	0.0	0.0	0.0	True	0.0	0.0	0.0	"[nan nan nan nan nan nan nan nan nan nan nan nan nan nan nan nan nan nan
 nan nan]"	0.0	0.0	0.0
4699.338283086142	2.0	trials	12.0	0.0	0.0	0.0	0.0	0.0	True	0.0	0.0	0.0	"[nan nan nan nan nan nan nan nan nan nan nan nan nan nan nan nan nan nan
 nan nan]"	0.0	0.0	0.0
4705.577470139005	2.0	trials	12.0	0.0	0.0	0.0	0.0	0.0	True	0.0	0.0	0.0	"[nan nan nan nan nan nan nan nan nan nan nan nan nan nan nan nan nan nan
 nan nan]"	0.0	0.0	0.0
4714.175803086353	2.0	trials	12.0	0.0	0.0	0.0	0.0	0.0	True	0.0	0.0	0.0	"[nan nan nan nan nan nan nan nan nan nan nan nan nan nan nan nan nan nan
 nan nan]"	0.0	0.0	0.0
4719.780038182484	2.0	trials	12.0	0.0	0.0	0.0	0.0	0.0	True	0.0	0.0	0.0	"[nan nan nan nan nan nan nan nan nan nan nan nan nan nan nan nan nan nan
 nan nan]"	0.0	0.0	0.0
4725.347985372529	2.0	trials	12.0	0.0	0.0	0.0	0.0	0.0	True	0.0	0.0	0.0	"[nan nan nan nan nan nan nan nan nan nan nan nan nan nan nan nan nan nan
 nan nan]"	0.0	0.0	0.0
4732.447109399859	2.0	trials	12.0	0.0	0.0	0.0	0.0	0.0	True	0.0	0.0	0.0	"[nan nan nan nan nan nan nan nan nan nan nan nan nan nan nan nan nan nan
 nan nan]"	0.0	0.0	0.0
4738.622274218414	2.0	trials	12.0	0.0	0.0	0.0	0.0	0.0	True	0.0	0.0	0.0	"[nan nan nan nan nan nan nan nan nan nan nan nan nan nan nan nan nan nan
 nan nan]"	0.0	0.0	0.0
4745.748786974861	2.0	trials	12.0	0.0	0.0	0.0	0.0	0.0	True	0.0	0.0	0.0	"[nan nan nan nan nan nan nan nan nan nan nan nan nan nan nan nan nan nan
 nan nan]"	0.0	0.0	0.0
4753.554142774449	2.0	trials	12.0	0.0	0.0	0.0	0.0	0.0	True	0.0	0.0	0.0	"[nan nan nan nan nan nan nan nan nan nan nan nan nan nan nan nan nan nan
 nan nan]"	0.0	0.0	0.0
4759.871694424503	2.0	trials	12.0	0.0	0.0	0.0	0.0	0.0	True	0.0	0.0	0.0	"[nan nan nan nan nan nan nan nan nan nan nan nan nan nan nan nan nan nan
 nan nan]"	0.0	0.0	0.0
4768.86366475311	2.0	trials	12.0	0.0	0.0	0.0	0.0	0.0	True	0.0	0.0	0.0	"[nan nan nan nan nan nan nan nan nan nan nan nan nan nan nan nan nan nan
 nan nan]"	0.0	0.0	0.0
4776.990168521562	2.0	trials	12.0	0.0	0.0	0.0	0.0	0.0	True	0.0	0.0	0.0	"[nan nan nan nan nan nan nan nan nan nan nan nan nan nan nan nan nan nan
 nan nan]"	0.0	0.0	0.0
