onset	duration	nwb_table	Block	sound	sound_puretone	sound_bluenoise	sound_freq	sound_amp	optogenetics	opto_freq	opto_power	opto_pulse_duration	opto_pulse_ts	airpuff	airpuff_duration	airpuff_amp
313.95724788215085	2.0	trials	1.0	1.0	1.0	0.0	10000.0	1.0	False	0.0	0.0	0.0	"[nan nan nan nan nan nan nan nan nan nan nan nan nan nan nan nan nan nan
 nan nan]"	0.0	0.0	0.0
321.2964725697515	2.0	trials	1.0	1.0	1.0	0.0	10000.0	1.0	False	0.0	0.0	0.0	"[nan nan nan nan nan nan nan nan nan nan nan nan nan nan nan nan nan nan
 nan nan]"	0.0	0.0	0.0
328.29251754743217	2.0	trials	1.0	1.0	1.0	0.0	10000.0	1.0	False	0.0	0.0	0.0	"[nan nan nan nan nan nan nan nan nan nan nan nan nan nan nan nan nan nan
 nan nan]"	0.0	0.0	0.0
336.2241851531902	2.0	trials	1.0	1.0	1.0	0.0	10000.0	1.0	False	0.0	0.0	0.0	"[nan nan nan nan nan nan nan nan nan nan nan nan nan nan nan nan nan nan
 nan nan]"	0.0	0.0	0.0
344.84022498510024	2.0	trials	1.0	1.0	1.0	0.0	10000.0	1.0	False	0.0	0.0	0.0	"[nan nan nan nan nan nan nan nan nan nan nan nan nan nan nan nan nan nan
 nan nan]"	0.0	0.0	0.0
353.1622465509334	2.0	trials	1.0	1.0	1.0	0.0	10000.0	1.0	False	0.0	0.0	0.0	"[nan nan nan nan nan nan nan nan nan nan nan nan nan nan nan nan nan nan
 nan nan]"	0.0	0.0	0.0
358.54425825544826	2.0	trials	1.0	1.0	1.0	0.0	10000.0	1.0	False	0.0	0.0	0.0	"[nan nan nan nan nan nan nan nan nan nan nan nan nan nan nan nan nan nan
 nan nan]"	0.0	0.0	0.0
364.0585479397938	2.0	trials	1.0	1.0	1.0	0.0	10000.0	1.0	False	0.0	0.0	0.0	"[nan nan nan nan nan nan nan nan nan nan nan nan nan nan nan nan nan nan
 nan nan]"	0.0	0.0	0.0
374.648389502097	2.0	trials	1.0	1.0	1.0	0.0	10000.0	1.0	False	0.0	0.0	0.0	"[nan nan nan nan nan nan nan nan nan nan nan nan nan nan nan nan nan nan
 nan nan]"	0.0	0.0	0.0
382.71276708631336	2.0	trials	1.0	1.0	1.0	0.0	10000.0	1.0	False	0.0	0.0	0.0	"[nan nan nan nan nan nan nan nan nan nan nan nan nan nan nan nan nan nan
 nan nan]"	0.0	0.0	0.0
390.77031909221074	2.0	trials	1.0	1.0	1.0	0.0	10000.0	1.0	False	0.0	0.0	0.0	"[nan nan nan nan nan nan nan nan nan nan nan nan nan nan nan nan nan nan
 nan nan]"	0.0	0.0	0.0
400.5262305034193	2.0	trials	1.0	1.0	1.0	0.0	10000.0	1.0	False	0.0	0.0	0.0	"[nan nan nan nan nan nan nan nan nan nan nan nan nan nan nan nan nan nan
 nan nan]"	0.0	0.0	0.0
405.65655980738114	2.0	trials	1.0	1.0	1.0	0.0	10000.0	1.0	False	0.0	0.0	0.0	"[nan nan nan nan nan nan nan nan nan nan nan nan nan nan nan nan nan nan
 nan nan]"	0.0	0.0	0.0
414.4088520064975	2.0	trials	1.0	1.0	1.0	0.0	10000.0	1.0	False	0.0	0.0	0.0	"[nan nan nan nan nan nan nan nan nan nan nan nan nan nan nan nan nan nan
 nan nan]"	0.0	0.0	0.0
420.6566753608382	2.0	trials	1.0	1.0	1.0	0.0	10000.0	1.0	False	0.0	0.0	0.0	"[nan nan nan nan nan nan nan nan nan nan nan nan nan nan nan nan nan nan
 nan nan]"	0.0	0.0	0.0
430.16090437149376	2.0	trials	1.0	1.0	1.0	0.0	10000.0	1.0	False	0.0	0.0	0.0	"[nan nan nan nan nan nan nan nan nan nan nan nan nan nan nan nan nan nan
 nan nan]"	0.0	0.0	0.0
441.1350519130828	2.0	trials	1.0	1.0	1.0	0.0	10000.0	1.0	False	0.0	0.0	0.0	"[nan nan nan nan nan nan nan nan nan nan nan nan nan nan nan nan nan nan
 nan nan]"	0.0	0.0	0.0
448.1130393481217	2.0	trials	1.0	1.0	1.0	0.0	10000.0	1.0	False	0.0	0.0	0.0	"[nan nan nan nan nan nan nan nan nan nan nan nan nan nan nan nan nan nan
 nan nan]"	0.0	0.0	0.0
457.17542016226906	2.0	trials	1.0	1.0	1.0	0.0	10000.0	1.0	False	0.0	0.0	0.0	"[nan nan nan nan nan nan nan nan nan nan nan nan nan nan nan nan nan nan
 nan nan]"	0.0	0.0	0.0
466.54158241148144	2.0	trials	1.0	1.0	1.0	0.0	10000.0	1.0	False	0.0	0.0	0.0	"[nan nan nan nan nan nan nan nan nan nan nan nan nan nan nan nan nan nan
 nan nan]"	0.0	0.0	0.0
474.9456837165955	2.0	trials	1.0	1.0	1.0	0.0	10000.0	1.0	False	0.0	0.0	0.0	"[nan nan nan nan nan nan nan nan nan nan nan nan nan nan nan nan nan nan
 nan nan]"	0.0	0.0	0.0
482.1686143735938	2.0	trials	1.0	1.0	1.0	0.0	10000.0	1.0	False	0.0	0.0	0.0	"[nan nan nan nan nan nan nan nan nan nan nan nan nan nan nan nan nan nan
 nan nan]"	0.0	0.0	0.0
489.27887978846337	2.0	trials	1.0	1.0	1.0	0.0	10000.0	1.0	False	0.0	0.0	0.0	"[nan nan nan nan nan nan nan nan nan nan nan nan nan nan nan nan nan nan
 nan nan]"	0.0	0.0	0.0
495.0091687867063	2.0	trials	1.0	1.0	1.0	0.0	10000.0	1.0	False	0.0	0.0	0.0	"[nan nan nan nan nan nan nan nan nan nan nan nan nan nan nan nan nan nan
 nan nan]"	0.0	0.0	0.0
500.6731891954454	2.0	trials	1.0	1.0	1.0	0.0	10000.0	1.0	False	0.0	0.0	0.0	"[nan nan nan nan nan nan nan nan nan nan nan nan nan nan nan nan nan nan
 nan nan]"	0.0	0.0	0.0
510.08756249151963	2.0	trials	1.0	1.0	1.0	0.0	10000.0	1.0	False	0.0	0.0	0.0	"[nan nan nan nan nan nan nan nan nan nan nan nan nan nan nan nan nan nan
 nan nan]"	0.0	0.0	0.0
519.2612261521869	2.0	trials	1.0	1.0	1.0	0.0	10000.0	1.0	False	0.0	0.0	0.0	"[nan nan nan nan nan nan nan nan nan nan nan nan nan nan nan nan nan nan
 nan nan]"	0.0	0.0	0.0
524.5712668853112	2.0	trials	1.0	1.0	1.0	0.0	10000.0	1.0	False	0.0	0.0	0.0	"[nan nan nan nan nan nan nan nan nan nan nan nan nan nan nan nan nan nan
 nan nan]"	0.0	0.0	0.0
532.4612034236243	2.0	trials	1.0	1.0	1.0	0.0	10000.0	1.0	False	0.0	0.0	0.0	"[nan nan nan nan nan nan nan nan nan nan nan nan nan nan nan nan nan nan
 nan nan]"	0.0	0.0	0.0
538.5749344038975	2.0	trials	1.0	1.0	1.0	0.0	10000.0	1.0	False	0.0	0.0	0.0	"[nan nan nan nan nan nan nan nan nan nan nan nan nan nan nan nan nan nan
 nan nan]"	0.0	0.0	0.0
546.3090058373023	2.0	trials	1.0	1.0	1.0	0.0	10000.0	1.0	False	0.0	0.0	0.0	"[nan nan nan nan nan nan nan nan nan nan nan nan nan nan nan nan nan nan
 nan nan]"	0.0	0.0	0.0
553.418839253544	2.0	trials	1.0	1.0	1.0	0.0	10000.0	1.0	False	0.0	0.0	0.0	"[nan nan nan nan nan nan nan nan nan nan nan nan nan nan nan nan nan nan
 nan nan]"	0.0	0.0	0.0
559.9952407641852	2.0	trials	1.0	1.0	1.0	0.0	10000.0	1.0	False	0.0	0.0	0.0	"[nan nan nan nan nan nan nan nan nan nan nan nan nan nan nan nan nan nan
 nan nan]"	0.0	0.0	0.0
568.923356404814	2.0	trials	1.0	1.0	1.0	0.0	10000.0	1.0	False	0.0	0.0	0.0	"[nan nan nan nan nan nan nan nan nan nan nan nan nan nan nan nan nan nan
 nan nan]"	0.0	0.0	0.0
575.2110964323628	2.0	trials	1.0	1.0	1.0	0.0	10000.0	1.0	False	0.0	0.0	0.0	"[nan nan nan nan nan nan nan nan nan nan nan nan nan nan nan nan nan nan
 nan nan]"	0.0	0.0	0.0
582.7216517757467	2.0	trials	1.0	1.0	1.0	0.0	10000.0	1.0	False	0.0	0.0	0.0	"[nan nan nan nan nan nan nan nan nan nan nan nan nan nan nan nan nan nan
 nan nan]"	0.0	0.0	0.0
589.845309148078	2.0	trials	1.0	1.0	1.0	0.0	10000.0	1.0	False	0.0	0.0	0.0	"[nan nan nan nan nan nan nan nan nan nan nan nan nan nan nan nan nan nan
 nan nan]"	0.0	0.0	0.0
595.1397979306017	2.0	trials	1.0	1.0	1.0	0.0	10000.0	1.0	False	0.0	0.0	0.0	"[nan nan nan nan nan nan nan nan nan nan nan nan nan nan nan nan nan nan
 nan nan]"	0.0	0.0	0.0
602.0492703832724	2.0	trials	1.0	1.0	1.0	0.0	10000.0	1.0	False	0.0	0.0	0.0	"[nan nan nan nan nan nan nan nan nan nan nan nan nan nan nan nan nan nan
 nan nan]"	0.0	0.0	0.0
608.5226834210473	2.0	trials	1.0	1.0	1.0	0.0	10000.0	1.0	False	0.0	0.0	0.0	"[nan nan nan nan nan nan nan nan nan nan nan nan nan nan nan nan nan nan
 nan nan]"	0.0	0.0	0.0
618.5609491353823	2.0	trials	1.0	1.0	1.0	0.0	10000.0	1.0	False	0.0	0.0	0.0	"[nan nan nan nan nan nan nan nan nan nan nan nan nan nan nan nan nan nan
 nan nan]"	0.0	0.0	0.0
627.9931207749217	2.0	trials	1.0	1.0	1.0	0.0	10000.0	1.0	False	0.0	0.0	0.0	"[nan nan nan nan nan nan nan nan nan nan nan nan nan nan nan nan nan nan
 nan nan]"	0.0	0.0	0.0
637.623147785991	2.0	trials	1.0	1.0	1.0	0.0	10000.0	1.0	False	0.0	0.0	0.0	"[nan nan nan nan nan nan nan nan nan nan nan nan nan nan nan nan nan nan
 nan nan]"	0.0	0.0	0.0
645.5731321335675	2.0	trials	1.0	1.0	1.0	0.0	10000.0	1.0	False	0.0	0.0	0.0	"[nan nan nan nan nan nan nan nan nan nan nan nan nan nan nan nan nan nan
 nan nan]"	0.0	0.0	0.0
653.1508200637106	2.0	trials	1.0	1.0	1.0	0.0	10000.0	1.0	False	0.0	0.0	0.0	"[nan nan nan nan nan nan nan nan nan nan nan nan nan nan nan nan nan nan
 nan nan]"	0.0	0.0	0.0
658.7792437855196	2.0	trials	1.0	1.0	1.0	0.0	10000.0	1.0	False	0.0	0.0	0.0	"[nan nan nan nan nan nan nan nan nan nan nan nan nan nan nan nan nan nan
 nan nan]"	0.0	0.0	0.0
666.044855906944	2.0	trials	1.0	1.0	1.0	0.0	10000.0	1.0	False	0.0	0.0	0.0	"[nan nan nan nan nan nan nan nan nan nan nan nan nan nan nan nan nan nan
 nan nan]"	0.0	0.0	0.0
672.3570470568261	2.0	trials	1.0	1.0	1.0	0.0	10000.0	1.0	False	0.0	0.0	0.0	"[nan nan nan nan nan nan nan nan nan nan nan nan nan nan nan nan nan nan
 nan nan]"	0.0	0.0	0.0
679.9828596341056	2.0	trials	1.0	1.0	1.0	0.0	10000.0	1.0	False	0.0	0.0	0.0	"[nan nan nan nan nan nan nan nan nan nan nan nan nan nan nan nan nan nan
 nan nan]"	0.0	0.0	0.0
687.5668547442147	2.0	trials	1.0	1.0	1.0	0.0	10000.0	1.0	False	0.0	0.0	0.0	"[nan nan nan nan nan nan nan nan nan nan nan nan nan nan nan nan nan nan
 nan nan]"	0.0	0.0	0.0
756.7706157245767	2.0	trials	2.0	1.0	1.0	0.0	10000.0	1.0	True	40.0	0.0	0.005	"[8767031.13765582 8767320.13673784 8767610.13581668 8767901.13489234
 8768189.13397754 8768478.13305956 8768769.13213522 8769058.13121724
 8769348.13029608 8769638.12937492 8769927.12845694 8770217.12753578
 8770507.12661462 8770796.12569664 8771086.12477548 8771376.12385433
 8771664.12293952 8771955.12201519 8772245.12109403 8772534.12017605]"	0.0	0.0	0.0
765.6239956025972	2.0	trials	2.0	1.0	1.0	0.0	10000.0	1.0	True	40.0	0.0	0.005	"[8869500.81216929 8869790.81124813 8870078.81033332 8870368.80941216
 8870657.80849418 8870947.80757302 8871237.80665187 8871527.80573071
 8871816.80481273 8872107.80388839 8872396.80297041 8872685.80205243
 8872975.80113127 8873265.80021011 8873555.79928895 8873844.79837097
 8874134.79744981 8874424.79652865 8874713.79561067 8875002.79469269]"	0.0	0.0	0.0
771.6362069053384	2.0	trials	2.0	1.0	1.0	0.0	10000.0	1.0	True	40.0	0.0	0.005	"[8939086.59113576 8939375.59021778 8939666.58929344 8939955.58837546
 8940244.58745748 8940534.58653632 8940824.58561516 8941114.584694
 8941403.58377602 8941692.58285804 8941982.58193688 8942272.58101572
 8942561.58009774 8942851.57917658 8943140.5782586  8943431.57733426
 8943720.57641628 8944009.5754983  8944300.57457396 8944589.57365598]"	0.0	0.0	0.0
782.7059989431212	2.0	trials	2.0	1.0	1.0	0.0	10000.0	1.0	True	40.0	0.0	0.005	"[9067209.18416483 9067498.18324685 9067788.18232569 9068077.18140771
 9068367.18048655 9068657.17956539 9068946.17864741 9069236.17772625
 9069525.17680827 9069815.17588711 9070105.17496595 9070395.17404479
 9070685.17312364 9070974.17220565 9071263.17128767 9071553.17036651
 9071842.16944853 9072133.1685242  9072422.16760622 9072712.16668506]"	0.0	0.0	0.0
790.3257635396117	2.0	trials	2.0	1.0	1.0	0.0	10000.0	1.0	True	40.0	0.0	0.005	"[9155399.90403423 9155689.90311307 9155978.90219509 9156269.90127075
 9156558.90035277 9156848.89943161 9157138.89851046 9157427.89759247
 9157717.89667131 9158007.89575016 9158296.89483218 9158585.89391419
 9158875.89299303 9159165.89207187 9159454.89115389 9159745.89022956
 9160034.88931158 9160323.8883936  9160612.88747561 9160903.88655128]"	0.0	0.0	0.0
800.8138262252063	2.0	trials	2.0	1.0	1.0	0.0	10000.0	1.0	True	40.0	0.0	0.005	"[9276789.51845006 9277079.5175289  9277368.51661092 9277659.51568658
 9277948.5147686  9278237.51385062 9278528.51292628 9278817.5120083
 9279106.51109032 9279397.51016598 9279686.509248   9279975.50833002
 9280266.50740569 9280554.50649088 9280844.50556972 9281135.50464539
 9281423.50373058 9281713.50280942 9282003.50188827 9282292.50097028]"	0.0	0.0	0.0
809.3877893907693	2.0	trials	2.0	1.0	1.0	0.0	10000.0	1.0	True	40.0	0.0	0.005	"[9376026.20323285 9376316.20231169 9376605.20139371 9376895.20047255
 9377184.19955457 9377474.19863341 9377764.19771226 9378053.19679428
 9378343.19587312 9378633.19495196 9378922.19403397 9379212.19311282
 9379501.19219484 9379791.19127368 9380081.19035252 9380370.18943454
 9380660.18851338 9380949.1875954  9381239.18667424 9381529.18575308]"	0.0	0.0	0.0
818.3025994736619	2.0	trials	2.0	1.0	1.0	0.0	10000.0	1.0	True	40.0	0.0	0.005	"[9479205.87549107 9479495.87456991 9479785.87364876 9480074.87273077
 9480364.87180961 9480653.87089163 9480943.86997047 9481233.86904932
 9481522.86813133 9481812.86721018 9482102.86628902 9482392.86536786
 9482681.86444988 9482971.86352872 9483260.86261074 9483550.86168958
 9483840.86076842 9484130.85984726 9484419.85892928 9484709.85800812]"	0.0	0.0	0.0
824.3288939316695	2.0	trials	2.0	1.0	1.0	0.0	10000.0	1.0	True	40.0	0.0	0.005	"[9548955.65393661 9549244.65301863 9549534.65209747 9549823.65117949
 9550113.65025833 9550403.64933717 9550692.64841919 9550982.64749803
 9551272.64657687 9551562.64565572 9551851.64473773 9552140.64381975
 9552430.64289859 9552719.64198061 9553009.64105945 9553299.64013829
 9553588.63922031 9553879.63829598 9554168.637378   9554457.63646001]"	0.0	0.0	0.0
831.9297369882626	2.0	trials	2.0	1.0	1.0	0.0	10000.0	1.0	True	40.0	0.0	0.005	"[9636928.37449847 9637218.37357731 9637507.37265933 9637797.37173817
 9638086.37082019 9638375.3699022  9638665.36898105 9638956.36805671
 9639245.36713873 9639535.36621757 9639824.36529959 9640114.36437843
 9640403.36346045 9640693.36253929 9640982.36162131 9641273.36069697
 9641563.35977582 9641851.35886101 9642140.35794303 9642430.35702187]"	0.0	0.0	0.0
842.3936941504264	2.0	trials	2.0	1.0	1.0	0.0	10000.0	1.0	True	40.0	0.0	0.005	"[9758038.98980051 9758328.98887935 9758617.98796137 9758906.98704339
 9759197.98611906 9759486.98520107 9759775.98428309 9760065.98336194
 9760355.98244078 9760645.98151962 9760934.98060163 9761223.97968365
 9761513.97876249 9761803.97784134 9762093.97692018 9762383.97599902
 9762671.97508422 9762961.97416306 9763252.97323872 9763541.97232074]"	0.0	0.0	0.0
849.7141700975808	2.0	trials	2.0	1.0	1.0	0.0	10000.0	1.0	True	40.0	0.0	0.005	"[9842766.72066981 9843055.71975183 9843345.71883067 9843634.71791269
 9843925.71698836 9844214.71607037 9844504.71514922 9844794.71422806
 9845083.71331008 9845372.71239209 9845662.71147094 9845951.71055296
 9846242.70962862 9846532.70870746 9846821.70778948 9847110.7068715
 9847400.70595034 9847689.70503236 9847980.70410802 9848268.70319322]"	0.0	0.0	0.0
856.8024035824327	2.0	trials	2.0	1.0	1.0	0.0	10000.0	1.0	True	40.0	0.0	0.005	"[9924806.4600773  9925096.45915614 9925386.45823498 9925675.457317
 9925964.45639902 9926255.45547468 9926544.4545567  9926834.45363554
 9927124.45271438 9927413.4517964  9927702.45087842 9927992.44995726
 9928282.4490361  9928571.44811812 9928860.44720014 9929151.4462758
 9929440.44535782 9929729.44443984 9930019.44351868 9930309.44259753]"	0.0	0.0	0.0
867.6957673806243	2.0	trials	2.0	1.0	1.0	0.0	10000.0	1.0	True	40.0	0.0	0.005	"[10050886.05959577 10051176.05867461 10051465.05775663 10051755.05683547
 10052045.05591431 10052334.05499633 10052625.054072   10052915.05315084
 10053203.05223604 10053493.05131488 10053783.05039372 10054073.04947256
 10054362.04855458 10054652.04763342 10054942.04671226 10055231.04579428
 10055521.04487312 10055810.04395514 10056100.04303398 10056390.04211282]"	0.0	0.0	0.0
874.4220724151102	2.0	trials	2.0	1.0	1.0	0.0	10000.0	1.0	True	40.0	0.0	0.005	"[10128736.81230923 10129026.81138807 10129316.81046692 10129606.80954576
 10129896.8086246  10130185.80770661 10130475.80678546 10130764.80586748
 10131054.80494632 10131344.80402516 10131633.80310718 10131922.80218919
 10132212.80126804 10132502.80034688 10132792.79942572 10133081.79850774
 10133371.79758658 10133661.79666542 10133950.79574744 10134240.79482628]"	0.0	0.0	0.0
881.4539732788977	2.0	trials	2.0	1.0	1.0	0.0	10000.0	1.0	True	40.0	0.0	0.005	"[10210124.55378773 10210414.55286657 10210704.55194542 10210994.55102426
 10211283.55010628 10211572.5491883  10211863.54826396 10212153.5473428
 10212442.54642482 10212731.54550684 10213020.54458885 10213311.54366452
 10213600.54274654 10213890.54182538 10214179.5409074  10214469.53998624
 10214759.53906508 10215049.53814392 10215338.53722594 10215628.53630478]"	0.0	0.0	0.0
891.8765449725187	2.0	trials	2.0	1.0	1.0	0.0	10000.0	1.0	True	40.0	0.0	0.005	"[10330757.1706081  10331046.16969012 10331336.16876896 10331625.16785098
 10331915.16692982 10332204.16601184 10332494.16509068 10332783.1641727
 10333074.16324837 10333362.16233356 10333652.1614124  10333942.16049124
 10334232.15957008 10334522.15864893 10334811.15773094 10335101.15680979
 10335390.15589181 10335680.15497064 10335970.15404949 10336259.15313151]"	0.0	0.0	0.0
901.8839659848293	2.0	trials	2.0	1.0	1.0	0.0	10000.0	1.0	True	40.0	0.0	0.005	"[10446583.80269429 10446872.80177631 10447162.80085515 10447452.79993399
 10447741.79901601 10448031.79809485 10448320.79717687 10448610.79625571
 10448899.79533773 10449189.79441657 10449479.79349541 10449769.79257425
 10450059.79165309 10450348.79073511 10450638.78981395 10450927.78889597
 10451216.78797799 10451507.78705366 10451797.7861325  10452086.78521452]"	0.0	0.0	0.0
908.5502232100516	2.0	trials	2.0	1.0	1.0	0.0	10000.0	1.0	True	40.0	0.0	0.005	"[10523738.55761853 10524028.55669737 10524318.55577621 10524607.55485823
 10524897.55393707 10525187.55301591 10525476.55209793 10525766.55117677
 10526055.55025879 10526346.54933445 10526635.54841647 10526924.54749849
 10527214.54657733 10527504.54565617 10527793.54473819 10528083.54381703
 10528373.54289588 10528663.54197472 10528952.54105674 10529241.54013875]"	0.0	0.0	0.0
916.326112110627	2.0	trials	2.0	1.0	1.0	0.0	10000.0	1.0	True	40.0	0.0	0.005	"[10613737.27174498 10614028.27082065 10614316.26990584 10614606.26898468
 10614897.26806035 10615185.26714554 10615475.26622438 10615765.26530322
 10616055.26438207 10616345.26346091 10616634.26254293 10616924.26162177
 10617213.26070379 10617503.25978263 10617793.25886147 10618083.25794031
 10618371.2570255  10618662.25610117 10618951.25518319 10619240.25426521]"	0.0	0.0	0.0
923.9642798486615	2.0	trials	2.0	1.0	1.0	0.0	10000.0	1.0	True	40.0	0.0	0.005	"[10702141.99093463 10702431.99001347 10702721.98909231 10703010.98817433
 10703300.98725317 10703589.98633519 10703880.98541085 10704169.98449287
 10704458.98357489 10704748.98265373 10705037.98173575 10705328.98081142
 10705617.97989343 10705907.97897227 10706196.97805429 10706487.97712996
 10706776.97621198 10707065.975294   10707355.97437284 10707644.97345485]"	0.0	0.0	0.0
930.5939899899724	2.0	trials	2.0	1.0	1.0	0.0	10000.0	1.0	True	40.0	0.0	0.005	"[10778875.74719613 10779164.74627815 10779453.74536017 10779744.74443584
 10780033.74351785 10780323.7425967  10780612.74167871 10780902.74075755
 10781192.7398364  10781481.73891841 10781770.73800043 10782061.7370761
 10782349.73616129 10782639.73524013 10782929.73431897 10783219.73339782
 10783509.73247666 10783798.73155868 10784087.73064069 10784378.72971636]"	0.0	0.0	0.0
937.9621585856352	2.0	trials	2.0	1.0	1.0	0.0	10000.0	1.0	True	40.0	0.0	0.005	"[10864155.47631206 10864445.4753909  10864733.47447609 10865023.47355493
 10865314.4726306  10865604.47170944 10865893.47079146 10866182.46987348
 10866472.46895232 10866762.46803116 10867051.46711318 10867341.46619202
 10867630.46527404 10867920.46435288 10868211.46342854 10868500.46251056
 10868789.46159258 10869079.46067142 10869369.45975026 10869658.45883228]"	0.0	0.0	0.0
944.2018603657734	2.0	trials	2.0	1.0	1.0	0.0	10000.0	1.0	True	40.0	0.0	0.005	"[10936374.24691504 10936664.24599389 10936953.2450759  10937243.24415475
 10937533.24323359 10937823.24231243 10938112.24139445 10938401.24047646
 10938691.23955531 10938981.23863415 10939271.23771299 10939560.23679501
 10939850.23587385 10940140.23495269 10940429.23403471 10940718.23311673
 10941008.23219557 10941298.23127441 10941588.23035325 10941877.22943527]"	0.0	0.0	0.0
953.2863595096637	2.0	trials	2.0	1.0	1.0	0.0	10000.0	1.0	True	40.0	0.0	0.005	"[11041518.91293162 11041808.91201046 11042097.91109248 11042387.91017132
 11042676.90925334 11042966.90833218 11043256.90741102 11043545.90649304
 11043835.90557188 11044125.90465073 11044414.90373274 11044704.90281158
 11044994.90189043 11045283.90097244 11045572.90005446 11045862.8991333
 11046152.89821215 11046442.89729099 11046731.89637301 11047021.89545185]"	0.0	0.0	0.0
959.7407646078157	2.0	trials	2.0	1.0	1.0	0.0	10000.0	1.0	True	40.0	0.0	0.005	"[11116221.67564441 11116510.67472643 11116801.67380209 11117090.67288411
 11117379.67196613 11117669.67104497 11117959.67012381 11118249.66920266
 11118539.6682815  11118827.66736669 11119117.66644553 11119406.66552755
 11119696.66460639 11119986.66368523 11120277.6627609  11120565.66184609
 11120856.66092176 11121145.66000378 11121434.6590858  11121724.65816464]"	0.0	0.0	0.0
967.2844110460887	2.0	trials	2.0	1.0	1.0	0.0	10000.0	1.0	True	40.0	0.0	0.005	"[11203532.39830905 11203822.39738789 11204111.39646991 11204402.39554557
 11204691.39462759 11204980.39370961 11205270.39278845 11205560.39186729
 11205849.39094931 11206139.39002815 11206429.38910699 11206718.38818901
 11207008.38726785 11207298.3863467  11207587.38542872 11207877.38450756
 11208167.3835864  11208457.38266524 11208746.38174726 11209035.38082928]"	0.0	0.0	0.0
977.2208978837155	2.0	trials	2.0	1.0	1.0	0.0	10000.0	1.0	True	40.0	0.0	0.005	"[11318538.03300307 11318828.03208191 11319118.03116075 11319408.03023959
 11319697.02932161 11319987.02840045 11320276.02748247 11320566.02656131
 11320855.02564333 11321146.02471899 11321435.02380101 11321725.02287985
 11322015.0219587  11322304.02104071 11322594.02011956 11322883.01920157
 11323173.01828042 11323462.01736243 11323752.01644127 11324043.01551694]"	0.0	0.0	0.0
986.3762448025642	2.0	trials	2.0	1.0	1.0	0.0	10000.0	1.0	True	40.0	0.0	0.005	"[11424503.69641181 11424792.69549383 11425082.69457267 11425372.69365151
 11425662.69273036 11425951.69181238 11426240.69089439 11426531.68997006
 11426821.6890489  11427110.68813092 11427400.68720976 11427689.68629178
 11427978.68537379 11428268.68445264 11428558.68353148 11428848.68261032
 11429137.68169234 11429427.68077118 11429717.67985002 11430006.67893204]"	0.0	0.0	0.0
994.5729867663368	2.0	trials	2.0	1.0	1.0	0.0	10000.0	1.0	True	40.0	0.0	0.005	"[11519373.39506598 11519663.39414483 11519952.39322684 11520242.39230568
 11520531.3913877  11520821.39046654 11521111.38954538 11521400.3886274
 11521690.38770624 11521979.38678826 11522269.3858671  11522559.38494595
 11522848.38402796 11523138.38310681 11523427.38218882 11523717.38126767
 11524007.38034651 11524296.37942852 11524586.37850737 11524876.37758621]"	0.0	0.0	0.0
1001.8289221184987	2.0	trials	2.0	1.0	1.0	0.0	10000.0	1.0	True	40.0	0.0	0.005	"[11603353.12831124 11603643.12739008 11603932.1264721  11604222.12555094
 11604512.12462978 11604802.12370862 11605090.12279381 11605381.12186948
 11605671.12094832 11605959.12003352 11606249.11911236 11606538.11819438
 11606829.11727004 11607119.11634888 11607409.11542772 11607698.11450974
 11607987.11359176 11608277.1126706  11608567.11174944 11608856.11083146]"	0.0	0.0	0.0
1007.0650910862701	2.0	trials	2.0	1.0	1.0	0.0	10000.0	1.0	True	40.0	0.0	0.005	"[11663957.93580503 11664246.93488704 11664536.93396589 11664826.93304473
 11665116.93212357 11665405.93120559 11665695.93028443 11665984.92936645
 11666273.92844846 11666564.92752413 11666854.92660297 11667143.92568499
 11667432.92476701 11667722.92384585 11668012.92292469 11668301.92200671
 11668591.92108555 11668881.92016439 11669171.91924324 11669460.91832525]"	0.0	0.0	0.0
1016.5028787079709	2.0	trials	2.0	1.0	1.0	0.0	10000.0	1.0	True	40.0	0.0	0.005	"[11773191.58883327 11773480.58791529 11773770.58699413 11774059.58607615
 11774349.58515499 11774639.58423383 11774929.58331267 11775218.58239469
 11775508.58147353 11775798.58055237 11776087.57963439 11776377.57871323
 11776666.57779525 11776956.57687409 11777246.57595294 11777535.57503496
 11777825.5741138  11778114.57319581 11778404.57227466 11778693.57135667]"	0.0	0.0	0.0
1025.9105128254516	2.0	trials	2.0	1.0	1.0	0.0	10000.0	1.0	True	40.0	0.0	0.005	"[11882077.24296691 11882366.24204892 11882655.24113094 11882945.24020979
 11883234.2392918  11883523.23837382 11883813.23745266 11884104.23652833
 11884393.23561035 11884683.23468919 11884973.23376803 11885263.23284687
 11885551.23193206 11885841.23101091 11886130.23009292 11886420.22917177
 11886710.22825061 11887000.22732945 11887290.22640829 11887579.22549031]"	0.0	0.0	0.0
1034.4543224867944	2.0	trials	2.0	1.0	1.0	0.0	10000.0	1.0	True	40.0	0.0	0.005	"[11980961.9288678  11981251.92794664 11981541.92702548 11981830.9261075
 11982120.92518634 11982409.92426836 11982698.92335038 11982988.92242922
 11983278.92150806 11983568.9205869  11983857.91966892 11984148.91874458
 11984436.91782978 11984726.91690862 11985016.91598746 11985305.91506948
 11985595.91414832 11985885.91322717 11986175.91230601 11986464.91138802]"	0.0	0.0	0.0
1041.3864316675617	2.0	trials	2.0	1.0	1.0	0.0	10000.0	1.0	True	40.0	0.0	0.005	"[12061195.67401188 12061485.67309072 12061775.67216956 12062063.67125475
 12062354.67033042 12062643.66941244 12062932.66849445 12063222.6675733
 12063511.66665531 12063802.66573098 12064091.664813   12064381.66389184
 12064670.66297386 12064961.66204952 12065250.66113154 12065539.66021356
 12065829.6592924  12066118.65837442 12066408.65745326 12066698.6565321 ]"	0.0	0.0	0.0
1046.9586091680317	2.0	trials	2.0	1.0	1.0	0.0	10000.0	1.0	True	40.0	0.0	0.005	"[12125687.46915897 12125977.46823781 12126267.46731665 12126556.46639867
 12126845.46548069 12127135.46455953 12127425.46363837 12127714.46272039
 12128004.46179923 12128293.46088125 12128584.45995691 12128872.45904211
 12129163.45811778 12129452.45719979 12129742.45627863 12130031.45536065
 12130321.45443949 12130611.45351833 12130900.45260036 12131191.45167602]"	0.0	0.0	0.0
1053.5466746416232	2.0	trials	2.0	1.0	1.0	0.0	10000.0	1.0	True	40.0	0.0	0.005	"[12201939.2269515  12202229.22603035 12202519.22510919 12202808.22419121
 12203098.22327005 12203387.22235207 12203677.22143091 12203966.22051292
 12204256.21959176 12204546.21867061 12204835.21775263 12205124.21683464
 12205415.21591031 12205704.21499233 12205993.21407435 12206283.21315319
 12206573.21223203 12206863.21131087 12207153.21038971 12207442.20947173]"	0.0	0.0	0.0
1061.2505061710826	2.0	trials	2.0	1.0	1.0	0.0	10000.0	1.0	True	40.0	0.0	0.005	"[12291102.94373025 12291392.9428091  12291682.94188794 12291972.94096678
 12292261.9400488  12292550.93913082 12292841.93820648 12293130.9372885
 12293420.93636734 12293710.93544619 12293999.9345282  12294289.93360705
 12294578.93268906 12294868.9317679  12295158.93084674 12295447.92992876
 12295736.92901078 12296027.92808644 12296316.92716847 12296606.92624731]"	0.0	0.0	0.0
1069.6190971889919	2.0	trials	2.0	1.0	1.0	0.0	10000.0	1.0	True	40.0	0.0	0.005	"[12387961.63606655 12388251.63514539 12388540.63422741 12388830.63330625
 12389120.6323851  12389409.63146711 12389700.63054278 12389988.62962797
 12390278.62870681 12390568.62778565 12390858.6268645  12391147.62594652
 12391437.62502535 12391726.62410738 12392017.62318304 12392306.62226506
 12392595.62134708 12392885.62042592 12393175.61950476 12393464.61858677]"	0.0	0.0	0.0
1079.342954302018	2.0	trials	2.0	1.0	1.0	0.0	10000.0	1.0	True	40.0	0.0	0.005	"[12500506.27857771 12500796.27765655 12501086.27673539 12501376.27581423
 12501664.27489943 12501955.27397509 12502244.27305711 12502534.27213595
 12502823.27121797 12503113.27029681 12503402.26937883 12503692.26845767
 12503982.26753651 12504271.26661853 12504561.26569737 12504850.26477939
 12505141.26385506 12505431.2629339  12505720.26201592 12506010.26109476]"	0.0	0.0	0.0
1087.7105085232208	2.0	trials	2.0	1.0	1.0	0.0	10000.0	1.0	True	40.0	0.0	0.005	"[12597353.97094894 12597642.97003096 12597932.9691098  12598222.96818864
 12598511.96727066 12598801.9663495  12599091.96542835 12599381.96450719
 12599671.96358603 12599959.96267122 12600250.96174689 12600539.96082891
 12600829.95990775 12601118.95898977 12601408.95806861 12601698.95714745
 12601987.95622947 12602277.95530831 12602567.95438715 12602856.95346917]"	0.0	0.0	0.0
1096.9868150578518	2.0	trials	2.0	1.0	1.0	0.0	10000.0	1.0	True	40.0	0.0	0.005	"[12704717.62991707 12705006.62899909 12705296.62807793 12705586.62715677
 12705876.62623561 12706166.62531445 12706455.62439647 12706745.62347532
 12707035.62255416 12707324.62163617 12707614.62071502 12707904.61979386
 12708193.61887588 12708483.61795472 12708773.61703356 12709061.61611876
 12709351.6151976  12709641.61427644 12709931.61335528 12710220.6124373 ]"	0.0	0.0	0.0
1103.2567567419355	2.0	trials	2.0	1.0	1.0	0.0	10000.0	1.0	True	40.0	0.0	0.005	"[12777286.39940832 12777576.39848716 12777866.397566   12778156.39664484
 12778445.39572686 12778736.39480252 12779025.39388454 12779315.39296339
 12779603.39204858 12779893.39112742 12780183.39020626 12780473.3892851
 12780763.38836394 12781052.38744596 12781342.3865248  12781632.38560365
 12781921.38468567 12782210.38376768 12782500.38284652 12782789.38192854]"	0.0	0.0	0.0
1110.678665966896	2.0	trials	2.0	1.0	1.0	0.0	10000.0	1.0	True	40.0	0.0	0.005	"[12863189.12654534 12863478.12562735 12863768.1247062  12864058.12378504
 12864347.12286706 12864637.1219459  12864926.12102791 12865216.12010675
 12865506.1191856  12865795.11826762 12866086.11734328 12866375.1164253
 12866665.11550414 12866955.11458298 12867243.11366818 12867533.11274702
 12867824.11182269 12868112.11090788 12868403.10998354 12868692.10906556]"	0.0	0.0	0.0
1116.7723522108397	2.0	trials	2.0	1.0	1.0	0.0	10000.0	1.0	True	40.0	0.0	0.005	"[12933716.90251963 12934007.9015953  12934296.90067731 12934586.89975615
 12934875.89883818 12935165.89791702 12935454.89699904 12935744.89607787
 12936034.89515672 12936323.89423873 12936613.89331757 12936902.89239959
 12937193.89147526 12937481.89056045 12937772.88963612 12938061.88871814
 12938351.88779698 12938641.88687582 12938931.88595466 12939219.88503986]"	0.0	0.0	0.0
1125.450599845152	2.0	trials	2.0	1.0	1.0	0.0	10000.0	1.0	True	40.0	0.0	0.005	"[13034160.5834685  13034450.58254734 13034739.58162936 13035029.5807082
 13035319.57978704 13035609.57886589 13035898.5779479  13036187.57702992
 13036477.57610876 13036767.5751876  13037056.57426962 13037346.57334847
 13037636.57242731 13037925.57150933 13038215.57058817 13038504.56967019
 13038794.56874903 13039084.56782787 13039373.56690988 13039664.56598555]"	0.0	0.0	0.0
1133.640861829508	2.0	trials	2.0	1.0	1.0	0.0	10000.0	1.0	True	40.0	0.0	0.005	"[13128955.2823609  13129245.28143974 13129534.28052176 13129824.2796006
 13130113.27868262 13130402.27776464 13130693.27684031 13130982.27592232
 13131271.27500434 13131562.27408    13131851.27316202 13132141.27224086
 13132430.27132288 13132720.27040172 13133009.26948374 13133299.26856259
 13133589.26764143 13133879.26672027 13134167.26580546 13134458.26488113]"	0.0	0.0	0.0
1143.3126199080223	2.0	trials	2.0	1.0	1.0	0.0	10000.0	1.0	True	40.0	0.0	0.005	"[13240895.92679061 13241186.92586627 13241474.92495147 13241764.92403031
 13242053.92311233 13242344.922188   13242634.92126684 13242923.92034885
 13243213.9194277  13243502.91850971 13243792.91758856 13244082.9166674
 13244371.91574942 13244661.91482825 13244951.9139071  13245240.91298912
 13245530.91206796 13245819.91114997 13246109.91022882 13246399.90930766]"	0.0	0.0	0.0
1148.448997192773	2.0	trials	2.0	1.0	1.0	0.0	10000.0	1.0	True	40.0	0.0	0.005	"[13300345.73795315 13300633.73703835 13300924.73611401 13301213.73519603
 13301503.73427487 13301793.73335371 13302082.73243573 13302372.73151457
 13302662.73059341 13302951.72967543 13303241.72875427 13303531.72783312
 13303820.72691513 13304110.72599398 13304399.72507599 13304689.72415484
 13304978.72323685 13305269.72231252 13305558.72139454 13305848.72047338]"	0.0	0.0	0.0
1155.2227356765907	2.0	trials	2.0	1.0	1.0	0.0	10000.0	1.0	True	40.0	0.0	0.005	"[13378745.48892276 13379034.48800478 13379324.48708362 13379614.48616246
 13379904.4852413  13380193.48432332 13380483.48340216 13380772.48248418
 13381062.48156302 13381352.48064187 13381641.47972388 13381931.47880273
 13382220.47788474 13382510.47696358 13382800.47604243 13383090.47512127
 13383379.47420329 13383669.47328213 13383958.47236415 13384248.47144299]"	0.0	0.0	0.0
1161.6251281399561	2.0	trials	2.0	1.0	1.0	0.0	10000.0	1.0	True	40.0	0.0	0.005	"[13452846.25354775 13453136.25262659 13453426.25170543 13453716.25078428
 13454005.24986629 13454295.24894513 13454584.24802715 13454874.24710599
 13455163.24618801 13455453.24526685 13455743.24434569 13456032.24342771
 13456322.24250655 13456612.2415854  13456901.24066742 13457191.23974626
 13457481.2388251  13457770.23790712 13458060.23698596 13458350.2360648 ]"	0.0	0.0	0.0
1168.0988003769078	2.0	trials	2.0	1.0	1.0	0.0	10000.0	1.0	True	40.0	0.0	0.005	"[13527773.01554902 13528063.01462787 13528353.01370671 13528642.01278873
 13528931.01187074 13529222.01094641 13529511.01002843 13529800.00911045
 13530091.00818611 13530380.00726813 13530671.00634379 13530959.00542899
 13531249.00450783 13531539.00358667 13531829.00266551 13532118.00174753
 13532408.00082637 13532696.99990839 13532985.99899041 13533275.99806925]"	0.0	0.0	0.0
1177.4515706686584	2.0	trials	2.0	1.0	1.0	0.0	10000.0	1.0	True	40.0	0.0	0.005	"[13636022.67170285 13636311.67078487 13636602.66986054 13636891.66894256
 13637181.6680214  13637471.66710024 13637760.66618226 13638050.6652611
 13638339.66434312 13638630.66341878 13638919.6625008  13639209.66157964
 13639498.66066166 13639788.6597405  13640077.65882252 13640367.65790136
 13640656.65698338 13640946.65606222 13641236.65514106 13641526.65421991]"	0.0	0.0	0.0
1182.9882378819239	2.0	trials	2.0	1.0	1.0	0.0	10000.0	1.0	True	40.0	0.0	0.005	"[13700104.46815228 13700394.46723112 13700683.46631313 13700973.46539198
 13701262.46447399 13701552.46355283 13701842.46263168 13702131.4617137
 13702420.46079572 13702710.45987456 13703000.4589534  13703291.45802906
 13703580.45711108 13703869.4561931  13704159.45527194 13704448.45435396
 13704738.4534328  13705028.45251164 13705317.45159366 13705606.45067568]"	0.0	0.0	0.0
1188.8046674065488	2.0	trials	2.0	1.0	1.0	0.0	10000.0	1.0	True	40.0	0.0	0.005	"[13767425.25431331 13767715.25339215 13768004.25247417 13768293.25155619
 13768583.25063503 13768873.24971387 13769163.24879271 13769452.24787473
 13769741.24695675 13770032.24603241 13770322.24511125 13770610.24419645
 13770901.24327211 13771190.24235413 13771480.24143297 13771770.24051182
 13772059.23959383 13772349.23867268 13772638.2377547  13772928.23683354]"	0.0	0.0	0.0
1199.4007297490923	2.0	trials	2.0	1.0	1.0	0.0	10000.0	1.0	True	40.0	0.0	0.005	"[13890063.86476181 13890353.86384065 13890643.86291949 13890932.86200151
 13891222.86108035 13891511.86016237 13891801.85924121 13892091.85832005
 13892381.85739889 13892670.85648091 13892959.85556293 13893249.85464177
 13893540.85371743 13893829.85279945 13894118.85188147 13894408.85096031
 13894697.85004233 13894987.84912117 13895278.84819684 13895566.84728203]"	0.0	0.0	0.0
1209.3311686059299	2.0	trials	2.0	1.0	1.0	0.0	10000.0	1.0	True	40.0	0.0	0.005	"[14004999.49967817 14005289.49875701 14005579.49783585 14005868.49691787
 14006158.49599671 14006447.49507873 14006737.49415757 14007027.49323642
 14007317.49231526 14007606.49139727 14007895.49047929 14008185.48955813
 14008475.48863698 14008765.48771582 14009054.48679784 14009343.48587985
 14009633.4849587  14009922.48404071 14010213.48311638 14010502.4821984 ]"	0.0	0.0	0.0
1216.9451444208078	2.0	trials	2.0	1.0	1.0	0.0	10000.0	1.0	True	40.0	0.0	0.005	"[14093125.21975403 14093414.21883605 14093703.21791807 14093994.21699374
 14094283.21607576 14094573.2151546  14094863.21423344 14095151.21331863
 14095442.2123943  14095732.21147314 14096021.21055515 14096310.20963718
 14096600.20871602 14096891.20779168 14097180.2068737  14097469.20595572
 14097758.20503774 14098048.20411658 14098338.20319542 14098628.20227426]"	0.0	0.0	0.0
1224.6188224460468	2.0	trials	2.0	1.0	1.0	0.0	10000.0	1.0	True	40.0	0.0	0.005	"[14181939.93764135 14182229.9367202  14182519.93579904 14182809.93487788
 14183098.9339599  14183388.93303874 14183678.93211758 14183968.93119643
 14184257.93027844 14184547.92935728 14184837.92843612 14185126.92751814
 14185416.92659698 14185705.925679   14185995.92475784 14186285.92383669
 14186574.9229187  14186864.92199755 14187154.92107639 14187443.92015841]"	0.0	0.0	0.0
1235.4788359501727	2.0	trials	2.0	1.0	1.0	0.0	10000.0	1.0	True	40.0	0.0	0.005	"[14307635.53837957 14307925.53745841 14308215.53653725 14308504.53561927
 14308794.53469812 14309083.53378013 14309373.53285898 14309663.53193782
 14309952.53101983 14310242.53009867 14310532.52917752 14310821.52825953
 14311111.52733837 14311400.5264204  14311690.52549924 14311980.52457808
 14312269.5236601  14312558.52274211 14312848.52182096 14313139.52089662]"	0.0	0.0	0.0
1245.3489677985701	2.0	trials	2.0	1.0	1.0	0.0	10000.0	1.0	True	40.0	0.0	0.005	"[14421873.17551307 14422163.17459191 14422452.17367393 14422742.17275277
 14423031.17183479 14423322.17091045 14423611.16999247 14423901.16907132
 14424190.16815333 14424479.16723535 14424770.16631101 14425059.16539303
 14425349.16447187 14425639.16355072 14425928.16263274 14426218.16171158
 14426508.16079042 14426796.15987561 14427086.15895445 14427376.1580333 ]"	0.0	0.0	0.0
1254.5176202751547	2.0	trials	2.0	1.0	1.0	0.0	10000.0	1.0	True	40.0	0.0	0.005	"[14527990.838439   14528280.83751784 14528570.83659668 14528860.83567553
 14529149.83475754 14529439.83383639 14529728.83291841 14530019.83199407
 14530308.83107609 14530597.83015811 14530887.82923695 14531177.82831579
 14531466.82739781 14531756.82647665 14532045.82555867 14532336.82463433
 14532624.82371953 14532915.82279519 14533205.82187403 14533494.82095605]"	0.0	0.0	0.0
1261.927260739086	2.0	trials	2.0	1.0	1.0	0.0	10000.0	1.0	True	40.0	0.0	0.005	"[14613750.56603025 14614040.56510909 14614329.56419111 14614619.56326995
 14614908.56235197 14615198.56143081 14615488.56050965 14615777.55959167
 14616068.55866734 14616357.55774935 14616647.55682819 14616936.55591021
 14617225.55499223 14617515.55407107 14617805.55314991 14618094.55223193
 14618385.5513076  14618674.55038962 14618964.54946846 14619253.54855048]"	0.0	0.0	0.0
1272.7572071387174	2.0	trials	2.0	1.0	1.0	0.0	10000.0	1.0	True	40.0	0.0	0.005	"[14739098.16787386 14739387.16695587 14739678.16603154 14739967.16511356
 14740257.1641924  14740546.16327441 14740836.16235326 14741125.16143527
 14741416.16051094 14741705.15959296 14741994.15867498 14742284.15775382
 14742573.15683584 14742863.15591468 14743153.15499352 14743442.15407554
 14743733.1531512  14744022.15223322 14744312.15131206 14744602.1503909 ]"	0.0	0.0	0.0
1278.3674869181589	2.0	trials	2.0	1.0	1.0	0.0	10000.0	1.0	True	40.0	0.0	0.005	"[14804030.96162015 14804320.96069899 14804610.95977783 14804900.95885668
 14805189.95793869 14805480.95701436 14805768.95609955 14806058.95517839
 14806348.95425724 14806637.95333926 14806927.9524181  14807216.95150012
 14807506.95057896 14807796.9496578  14808086.94873664 14808376.94781548
 14808666.94689432 14808955.94597634 14809244.94505836 14809534.9441372 ]"	0.0	0.0	0.0
1283.6769228532044	2.0	trials	2.0	1.0	1.0	0.0	10000.0	1.0	True	40.0	0.0	0.005	"[14865483.76642035 14865773.76549919 14866062.76458121 14866352.76366005
 14866641.76274207 14866931.76182091 14867221.76089975 14867511.75997859
 14867800.75906061 14868090.75813945 14868380.75721829 14868668.75630349
 14868958.75538233 14869248.75446117 14869538.75354001 14869828.75261885
 14870117.75170087 14870407.75077971 14870696.74986173 14870986.74894057]"	0.0	0.0	0.0
1289.809316174198	2.0	trials	2.0	1.0	1.0	0.0	10000.0	1.0	True	40.0	0.0	0.005	"[14936460.54096843 14936749.54005045 14937039.53912929 14937328.53821131
 14937618.53729015 14937909.53636582 14938198.53544784 14938488.53452668
 14938776.53361188 14939066.53269072 14939357.53176638 14939646.5308484
 14939935.52993042 14940225.52900926 14940515.5280881  14940804.52717012
 14941094.52624896 14941384.5253278  14941674.52440664 14941963.52348866]"	0.0	0.0	0.0
1297.819002732136	2.0	trials	2.0	1.0	1.0	0.0	10000.0	1.0	True	40.0	0.0	0.005	"[15029164.2465027  15029454.24558154 15029744.24466039 15030033.2437424
 15030323.24282124 15030612.24190327 15030902.24098211 15031193.24005777
 15031482.23913979 15031771.23822181 15032060.23730383 15032350.23638267
 15032640.23546151 15032929.23454353 15033219.23362237 15033509.23270121
 15033799.23178005 15034088.23086207 15034377.22994409 15034667.22902293]"	0.0	0.0	0.0
1308.7092561402073	2.0	trials	2.0	1.0	1.0	0.0	10000.0	1.0	True	40.0	0.0	0.005	"[15155209.84612918 15155498.84521119 15155788.84429003 15156077.84337206
 15156367.8424509  15156657.84152974 15156946.84061176 15157236.8396906
 15157526.83876944 15157815.83785146 15158104.83693347 15158395.83600914
 15158685.83508798 15158974.83417    15159263.83325202 15159553.83233086
 15159842.83141288 15160133.83048854 15160422.82957056 15160711.82865258]"	0.0	0.0	0.0
1319.5512121016914	2.0	trials	2.0	1.0	1.0	0.0	10000.0	1.0	True	40.0	0.0	0.005	"[15280695.44753444 15280984.44661646 15281274.4456953  15281563.44477732
 15281854.44385298 15282143.442935   15282433.44201384 15282722.44109586
 15283012.4401747  15283301.43925672 15283590.43833874 15283881.4374144
 15284170.43649642 15284460.43557526 15284749.43465728 15285039.43373612
 15285328.43281814 15285618.43189698 15285908.43097582 15286198.43005466]"	0.0	0.0	0.0
1329.3010755321109	2.0	trials	2.0	1.0	1.0	0.0	10000.0	1.0	True	40.0	0.0	0.005	"[15393541.08908949 15393830.08817151 15394120.08725035 15394409.08633237
 15394699.08541122 15394989.08449006 15395278.08357207 15395568.08265092
 15395857.08173293 15396147.08081178 15396436.0798938  15396727.07896946
 15397016.07805148 15397305.0771335  15397596.07620916 15397885.07529118
 15398174.0743732  15398465.07344886 15398754.07253088 15399043.0716129 ]"	0.0	0.0	0.0
1339.2259848065125	2.0	trials	2.0	1.0	1.0	0.0	10000.0	1.0	True	40.0	0.0	0.005	"[15508412.72420915 15508701.72329117 15508990.72237319 15509279.72145521
 15509569.72053405 15509859.71961289 15510149.71869173 15510438.71777375
 15510729.71684941 15511018.71593143 15511307.71501345 15511597.71409229
 15511886.71317431 15512177.71224998 15512465.71133517 15512755.71041401
 15513046.70948968 15513335.7085717  15513624.70765371 15513915.70672938]"	0.0	0.0	0.0
1346.3015175317075	2.0	trials	2.0	1.0	1.0	0.0	10000.0	1.0	True	40.0	0.0	0.005	"[15590305.46408357 15590594.46316559 15590883.4622476  15591173.46132645
 15591462.46040846 15591752.45948731 15592043.45856297 15592331.45764817
 15592621.45672701 15592911.45580585 15593200.45488787 15593490.45396671
 15593780.45304555 15594070.45212439 15594360.45120323 15594649.45028525
 15594938.44936727 15595228.44844611 15595518.44752495 15595808.4466038 ]"	0.0	0.0	0.0
1354.8493879801515	2.0	trials	2.0	1.0	1.0	0.0	10000.0	1.0	True	40.0	0.0	0.005	"[15689238.14983199 15689529.14890766 15689818.14798968 15690108.14706852
 15690397.14615054 15690687.14522938 15690977.14430822 15691267.14338706
 15691556.14246908 15691846.14154792 15692135.14062994 15692425.13970878
 15692715.13878762 15693005.13786646 15693294.13694848 15693583.1360305
 15693873.13510934 15694163.13418818 15694453.13326702 15694742.13234904]"	0.0	0.0	0.0
1360.8679928625843	2.0	trials	2.0	1.0	1.0	0.0	10000.0	1.0	True	40.0	0.0	0.005	"[15758897.92856341 15759187.92764225 15759476.92672427 15759767.92579993
 15760056.92488195 15760345.92396397 15760635.92304281 15760924.92212483
 15761215.9212005  15761504.92028251 15761794.91936135 15762084.91844019
 15762373.91752221 15762663.91660106 15762952.91568307 15763242.91476192
 15763532.91384076 15763822.9129196  15764111.91200162 15764400.91108363]"	0.0	0.0	0.0
1371.6793633212203	2.0	trials	2.0	1.0	1.0	0.0	10000.0	1.0	True	40.0	0.0	0.005	"[15884029.53109312 15884319.53017196 15884608.52925398 15884899.52832964
 15885187.52741484 15885477.52649368 15885768.52556935 15886057.52465136
 15886347.52373021 15886637.52280905 15886926.52189107 15887215.52097308
 15887505.52005192 15887795.51913076 15888084.51821278 15888373.5172948
 15888664.51637047 15888953.51545248 15889243.51453133 15889533.51361017]"	0.0	0.0	0.0
1379.1905234626834	2.0	trials	2.0	1.0	1.0	0.0	10000.0	1.0	True	40.0	0.0	0.005	"[15970964.25495209 15971253.2540341  15971543.25311295 15971834.25218861
 15972122.2512738  15972413.25034947 15972702.24943149 15972992.24851033
 15973281.24759235 15973570.24667437 15973861.24575003 15974150.24483205
 15974440.24391089 15974729.24299291 15975019.24207175 15975309.2411506
 15975598.24023261 15975888.23931145 15976177.23839347 15976467.23747231]"	0.0	0.0	0.0
1389.6313254983975	2.0	trials	2.0	1.0	1.0	0.0	10000.0	1.0	True	40.0	0.0	0.005	"[16091807.87110223 16092096.87018425 16092385.86926627 16092675.86834511
 16092965.86742395 16093255.86650279 16093544.86558481 16093834.86466365
 16094124.8637425  16094412.86282769 16094702.86190653 16094992.86098537
 16095282.86006422 16095571.85914624 16095861.85822508 16096151.85730392
 16096441.85638276 16096731.8554616  16097020.85454362 16097310.85362246]"	0.0	0.0	0.0
1395.0794329929647	2.0	trials	2.0	1.0	1.0	0.0	10000.0	1.0	True	40.0	0.0	0.005	"[16154863.67081065 16155153.66988949 16155442.66897151 16155732.66805035
 16156022.66712919 16156312.66620803 16156601.66529005 16156891.66436889
 16157180.66345091 16157469.66253293 16157760.66160859 16158050.66068743
 16158339.65976945 16158629.65884829 16158919.65792714 16159208.65700915
 16159498.656088   16159787.65517001 16160076.65425203 16160367.6533277 ]"	0.0	0.0	0.0
1405.0695740601634	2.0	trials	2.0	1.0	1.0	0.0	10000.0	1.0	True	40.0	0.0	0.005	"[16270491.30352894 16270779.30261414 16271069.30169298 16271359.30077182
 16271649.29985066 16271938.29893268 16272228.29801152 16272518.29709036
 16272808.2961692  16273097.29525122 16273387.29433006 16273676.29341208
 16273965.2924941  16274256.29156976 16274545.29065178 16274835.28973062
 16275124.28881264 16275415.28788831 16275704.28697033 16275994.28604917]"	0.0	0.0	0.0
1415.5695599078854	2.0	trials	2.0	1.0	1.0	0.0	10000.0	1.0	True	40.0	0.0	0.005	"[16392018.91750642 16392307.91658844 16392597.91566728 16392887.91474613
 16393176.91382814 16393466.91290698 16393755.911989   16394045.91106784
 16394335.91014669 16394624.9092287  16394913.90831072 16395204.90738639
 16395493.90646841 16395783.90554725 16396073.90462609 16396362.90370811
 16396652.90278695 16396942.90186579 16397231.90094781 16397521.90002665]"	0.0	0.0	0.0
1421.359637516215	2.0	trials	2.0	1.0	1.0	0.0	10000.0	1.0	True	40.0	0.0	0.005	"[16459031.70464579 16459322.70372146 16459612.7028003  16459901.70188232
 16460191.70096116 16460480.70004318 16460770.69912202 16461061.69819768
 16461349.69728288 16461639.69636172 16461929.69544056 16462218.69452258
 16462507.6936046  16462798.69268026 16463088.69175911 16463376.6908443
 16463666.68992314 16463956.68900198 16464245.688084   16464535.68716284]"	0.0	0.0	0.0
1428.8117002453953	2.0	trials	2.0	1.0	1.0	0.0	10000.0	1.0	True	40.0	0.0	0.005	"[16545284.43067107 16545574.42974991 16545863.42883193 16546153.42791077
 16546443.42698961 16546732.42607163 16547022.42515047 16547311.42423249
 16547600.42331451 16547891.42239018 16548180.42147219 16548470.42055104
 16548760.41962987 16549050.41870872 16549339.41779073 16549629.41686958
 16549918.41595159 16550208.41503043 16550497.41411246 16550786.41319447]"	0.0	0.0	0.0
1438.1417474093241	2.0	trials	2.0	1.0	1.0	0.0	10000.0	1.0	True	40.0	0.0	0.005	"[16653271.08766029 16653561.08673914 16653851.08581798 16654139.08490318
 16654430.08397884 16654719.08306086 16655008.08214288 16655299.08121854
 16655588.08030056 16655878.0793794  16656167.07846142 16656457.07754026
 16656746.07662228 16657036.07570112 16657326.07477996 16657616.0738588
 16657905.07294082 16658195.07201966 16658484.07110168 16658774.07018052]"	0.0	0.0	0.0
1443.523413514937	2.0	trials	2.0	1.0	1.0	0.0	10000.0	1.0	True	40.0	0.0	0.005	"[16715557.88981137 16715847.88889021 16716137.88796905 16716426.88705107
 16716715.88613309 16717006.88520875 16717295.88429077 16717584.88337279
 16717874.88245163 16718164.88153047 16718452.88061566 16718743.87969133
 16719033.87877017 16719323.87784902 16719612.87693103 16719902.87600987
 16720192.87508872 16720480.87417391 16720771.87324958 16721060.87233159]"	0.0	0.0	0.0
1454.0835335716479	2.0	trials	2.0	1.0	1.0	0.0	10000.0	1.0	True	40.0	0.0	0.005	"[16837782.5015749  16838072.50065374 16838361.49973575 16838651.4988146
 16838940.49789662 16839230.49697546 16839520.4960543  16839810.49513314
 16840099.49421516 16840389.493294   16840678.49237602 16840968.49145486
 16841257.49053688 16841547.48961572 16841837.48869456 16842126.48777658
 16842416.48685542 16842706.48593426 16842996.4850131  16843285.48409512]"	0.0	0.0	0.0
1464.9196143517938	2.0	trials	2.0	1.0	1.0	0.0	10000.0	1.0	True	40.0	0.0	0.005	"[16963199.10319933 16963489.10227817 16963780.10135384 16964068.10043903
 16964358.09951787 16964648.09859671 16964937.09767873 16965227.09675757
 16965517.09583642 16965806.09491843 16966096.09399727 16966386.09307612
 16966676.09215496 16966965.09123698 16967254.090319   16967545.08939466
 16967834.08847668 16968124.08755552 16968413.08663754 16968703.08571638]"	0.0	0.0	0.0
1474.6180699455056	2.0	trials	2.0	1.0	1.0	0.0	10000.0	1.0	True	40.0	0.0	0.005	"[17075450.74664117 17075739.74572319 17076029.74480204 17076319.74388088
 17076608.74296289 17076898.74204174 17077187.74112375 17077477.74020259
 17077767.73928144 17078057.73836027 17078346.7374423  17078635.73652431
 17078926.73559998 17079214.73468517 17079505.73376084 17079795.73283968
 17080084.7319217  17080374.73100054 17080663.73008256 17080953.7291614 ]"	0.0	0.0	0.0
1484.1794955744813	2.0	trials	2.0	1.0	1.0	0.0	10000.0	1.0	True	40.0	0.0	0.005	"[17186114.39512715 17186404.39420599 17186694.39328484 17186983.39236686
 17187272.39144887 17187563.39052454 17187852.38960656 17188142.3886854
 17188431.38776742 17188721.38684626 17189010.38592828 17189300.38500712
 17189590.38408596 17189880.3831648  17190169.38224682 17190459.38132566
 17190749.38040451 17191038.37948652 17191328.37856536 17191617.37764738]"	0.0	0.0	0.0
1489.747785087301	2.0	trials	2.0	1.0	1.0	0.0	10000.0	1.0	True	40.0	0.0	0.005	"[17250563.19041083 17250853.18948967 17251142.18857169 17251431.18765371
 17251722.18672938 17252012.18580822 17252301.18489024 17252591.18396908
 17252880.1830511  17253170.18212994 17253459.18121195 17253749.1802908
 17254038.17937281 17254328.17845165 17254618.1775305  17254908.17660934
 17255198.17568818 17255487.1747702  17255777.17384904 17256066.17293106]"	0.0	0.0	0.0
1499.1136017376111	2.0	trials	2.0	1.0	1.0	0.0	10000.0	1.0	True	40.0	0.0	0.005	"[17358963.84608503 17359252.84516704 17359542.84424588 17359831.8433279
 17360121.84240675 17360411.84148559 17360700.84056761 17360990.83964645
 17361279.83872847 17361570.83780413 17361859.83688615 17362148.83596817
 17362438.83504701 17362727.83412902 17363017.83320787 17363307.83228671
 17363597.83136555 17363886.83044757 17364176.82952641 17364465.82860843]"	0.0	0.0	0.0
1504.3419947300824	2.0	trials	2.0	1.0	1.0	0.0	10000.0	1.0	True	40.0	0.0	0.005	"[17419477.65386787 17419767.65294671 17420057.65202555 17420346.65110757
 17420636.65018641 17420924.6492716  17421214.64835045 17421504.64742929
 17421794.64650813 17422084.64558697 17422373.64466899 17422662.64375101
 17422953.64282668 17423242.64190869 17423531.64099071 17423821.64006956
 17424111.6391484  17424401.63822724 17424690.63730925 17424980.63638809]"	0.0	0.0	0.0
1513.1295380172269	2.0	trials	2.0	1.0	1.0	0.0	10000.0	1.0	True	40.0	0.0	0.005	"[17521184.33080494 17521474.32988378 17521763.3289658  17522054.32804146
 17522343.32712348 17522632.3262055  17522922.32528434 17523212.32436318
 17523501.3234452  17523791.32252404 17524081.32160288 17524370.3206849
 17524660.31976374 17524950.31884258 17525240.31792143 17525529.31700344
 17525819.31608228 17526108.31516431 17526397.31424632 17526688.31332199]"	0.0	0.0	0.0
1523.9774555597742	2.0	trials	2.0	1.0	1.0	0.0	10000.0	1.0	True	40.0	0.0	0.005	"[17646739.93198785 17647028.93106987 17647318.93014871 17647608.92922755
 17647897.92830957 17648186.92739159 17648476.92647043 17648766.92554927
 17649055.92463129 17649345.92371013 17649635.92278897 17649925.92186781
 17650214.92094983 17650503.92003185 17650793.91911069 17651082.91819271
 17651373.91726837 17651662.91635039 17651952.91542923 17652242.91450808]"	0.0	0.0	0.0
1535.0777467006794	2.0	trials	2.0	1.0	1.0	0.0	10000.0	1.0	True	40.0	0.0	0.005	"[17775215.52389565 17775504.52297767 17775794.52205651 17776083.52113853
 17776373.52021737 17776662.51929939 17776952.51837823 17777241.51746025
 17777532.51653592 17777821.51561793 17778111.51469677 17778400.51377879
 17778690.51285763 17778979.51193965 17779269.51101849 17779558.51010051
 17779849.50917618 17780138.50825819 17780429.50733386 17780718.50641588]"	0.0	0.0	0.0
1544.1080732166445	2.0	trials	2.0	1.0	1.0	0.0	10000.0	1.0	True	40.0	0.0	0.005	"[17879732.19190701 17880022.19098585 17880311.19006787 17880601.18914672
 17880891.18822556 17881181.1873044  17881470.18638642 17881760.18546526
 17882050.1845441  17882339.18362612 17882629.18270496 17882918.18178697
 17883208.18086582 17883498.17994466 17883788.1790235  17884077.17810552
 17884366.17718754 17884656.17626638 17884945.1753484  17885235.17442724]"	0.0	0.0	0.0
1553.983907446929	2.0	trials	2.0	1.0	1.0	0.0	10000.0	1.0	True	40.0	0.0	0.005	"[17994035.82883087 17994325.82790971 17994615.82698855 17994904.82607057
 17995194.82514941 17995484.82422825 17995773.82331027 17996063.82238911
 17996352.82147113 17996643.8205468  17996932.81962882 17997221.81871083
 17997511.81778967 17997801.81686852 17998091.81594736 17998380.81502937
 17998670.81410822 17998959.81319023 17999248.81227225 17999538.81135109]"	0.0	0.0	0.0
1560.7879722344173	2.0	trials	2.0	1.0	1.0	0.0	10000.0	1.0	True	40.0	0.0	0.005	"[18072787.57868239 18073077.57776123 18073367.57684007 18073656.57592208
 18073945.5750041  18074236.57407977 18074525.57316178 18074814.5722438
 18075105.57131947 18075393.57040466 18075684.56948033 18075973.56856235
 18076263.56764119 18076552.56672321 18076842.56580205 18077132.56488089
 18077421.56396291 18077711.56304175 18078000.56212376 18078290.56120261]"	0.0	0.0	0.0
1568.4919765633279	2.0	trials	2.0	1.0	1.0	0.0	10000.0	1.0	True	40.0	0.0	0.005	"[18161953.29545479 18162242.2945368  18162532.29361564 18162822.29269449
 18163111.2917765  18163401.29085534 18163691.28993419 18163981.28901303
 18164271.28809187 18164559.28717707 18164850.28625273 18165140.28533157
 18165428.28441676 18165719.28349243 18166008.28257445 18166298.28165329
 18166588.28073213 18166877.27981415 18167166.27889617 18167456.27797501]"	0.0	0.0	0.0
1607.096324340025	2.0	trials	3.0	1.0	1.0	0.0	10000.0	1.0	False	0.0	0.0	0.0	"[nan nan nan nan nan nan nan nan nan nan nan nan nan nan nan nan nan nan
 nan nan]"	0.0	0.0	0.0
1616.2527080555803	2.0	trials	3.0	1.0	1.0	0.0	10000.0	1.0	False	0.0	0.0	0.0	"[nan nan nan nan nan nan nan nan nan nan nan nan nan nan nan nan nan nan
 nan nan]"	0.0	0.0	0.0
1621.9165556648684	2.0	trials	3.0	1.0	1.0	0.0	10000.0	1.0	False	0.0	0.0	0.0	"[nan nan nan nan nan nan nan nan nan nan nan nan nan nan nan nan nan nan
 nan nan]"	0.0	0.0	0.0
1628.5886880714286	2.0	trials	3.0	1.0	1.0	0.0	10000.0	1.0	False	0.0	0.0	0.0	"[nan nan nan nan nan nan nan nan nan nan nan nan nan nan nan nan nan nan
 nan nan]"	0.0	0.0	0.0
1638.242475007027	2.0	trials	3.0	1.0	1.0	0.0	10000.0	1.0	False	0.0	0.0	0.0	"[nan nan nan nan nan nan nan nan nan nan nan nan nan nan nan nan nan nan
 nan nan]"	0.0	0.0	0.0
1647.89090515964	2.0	trials	3.0	1.0	1.0	0.0	10000.0	1.0	False	0.0	0.0	0.0	"[nan nan nan nan nan nan nan nan nan nan nan nan nan nan nan nan nan nan
 nan nan]"	0.0	0.0	0.0
1658.7567074453782	2.0	trials	3.0	1.0	1.0	0.0	10000.0	1.0	False	0.0	0.0	0.0	"[nan nan nan nan nan nan nan nan nan nan nan nan nan nan nan nan nan nan
 nan nan]"	0.0	0.0	0.0
1664.190818184405	2.0	trials	3.0	1.0	1.0	0.0	10000.0	1.0	False	0.0	0.0	0.0	"[nan nan nan nan nan nan nan nan nan nan nan nan nan nan nan nan nan nan
 nan nan]"	0.0	0.0	0.0
1674.5790027872538	2.0	trials	3.0	1.0	1.0	0.0	10000.0	1.0	False	0.0	0.0	0.0	"[nan nan nan nan nan nan nan nan nan nan nan nan nan nan nan nan nan nan
 nan nan]"	0.0	0.0	0.0
1680.4949647957228	2.0	trials	3.0	1.0	1.0	0.0	10000.0	1.0	False	0.0	0.0	0.0	"[nan nan nan nan nan nan nan nan nan nan nan nan nan nan nan nan nan nan
 nan nan]"	0.0	0.0	0.0
1690.9833730802197	2.0	trials	3.0	1.0	1.0	0.0	10000.0	1.0	False	0.0	0.0	0.0	"[nan nan nan nan nan nan nan nan nan nan nan nan nan nan nan nan nan nan
 nan nan]"	0.0	0.0	0.0
1701.0188740033368	2.0	trials	3.0	1.0	1.0	0.0	10000.0	1.0	False	0.0	0.0	0.0	"[nan nan nan nan nan nan nan nan nan nan nan nan nan nan nan nan nan nan
 nan nan]"	0.0	0.0	0.0
1708.4007801553635	2.0	trials	3.0	1.0	1.0	0.0	10000.0	1.0	False	0.0	0.0	0.0	"[nan nan nan nan nan nan nan nan nan nan nan nan nan nan nan nan nan nan
 nan nan]"	0.0	0.0	0.0
1718.0071336416297	2.0	trials	3.0	1.0	1.0	0.0	10000.0	1.0	False	0.0	0.0	0.0	"[nan nan nan nan nan nan nan nan nan nan nan nan nan nan nan nan nan nan
 nan nan]"	0.0	0.0	0.0
1725.2606498014757	2.0	trials	3.0	1.0	1.0	0.0	10000.0	1.0	False	0.0	0.0	0.0	"[nan nan nan nan nan nan nan nan nan nan nan nan nan nan nan nan nan nan
 nan nan]"	0.0	0.0	0.0
1733.0793929659285	2.0	trials	3.0	1.0	1.0	0.0	10000.0	1.0	False	0.0	0.0	0.0	"[nan nan nan nan nan nan nan nan nan nan nan nan nan nan nan nan nan nan
 nan nan]"	0.0	0.0	0.0
1744.0114638411706	2.0	trials	3.0	1.0	1.0	0.0	10000.0	1.0	False	0.0	0.0	0.0	"[nan nan nan nan nan nan nan nan nan nan nan nan nan nan nan nan nan nan
 nan nan]"	0.0	0.0	0.0
1753.4972897102818	2.0	trials	3.0	1.0	1.0	0.0	10000.0	1.0	False	0.0	0.0	0.0	"[nan nan nan nan nan nan nan nan nan nan nan nan nan nan nan nan nan nan
 nan nan]"	0.0	0.0	0.0
1758.8068984447784	2.0	trials	3.0	1.0	1.0	0.0	10000.0	1.0	False	0.0	0.0	0.0	"[nan nan nan nan nan nan nan nan nan nan nan nan nan nan nan nan nan nan
 nan nan]"	0.0	0.0	0.0
1765.4968291948037	2.0	trials	3.0	1.0	1.0	0.0	10000.0	1.0	False	0.0	0.0	0.0	"[nan nan nan nan nan nan nan nan nan nan nan nan nan nan nan nan nan nan
 nan nan]"	0.0	0.0	0.0
1770.903032822475	2.0	trials	3.0	1.0	1.0	0.0	10000.0	1.0	False	0.0	0.0	0.0	"[nan nan nan nan nan nan nan nan nan nan nan nan nan nan nan nan nan nan
 nan nan]"	0.0	0.0	0.0
1778.296516537727	2.0	trials	3.0	1.0	1.0	0.0	10000.0	1.0	False	0.0	0.0	0.0	"[nan nan nan nan nan nan nan nan nan nan nan nan nan nan nan nan nan nan
 nan nan]"	0.0	0.0	0.0
1789.184869151836	2.0	trials	3.0	1.0	1.0	0.0	10000.0	1.0	False	0.0	0.0	0.0	"[nan nan nan nan nan nan nan nan nan nan nan nan nan nan nan nan nan nan
 nan nan]"	0.0	0.0	0.0
1799.0502490153278	2.0	trials	3.0	1.0	1.0	0.0	10000.0	1.0	False	0.0	0.0	0.0	"[nan nan nan nan nan nan nan nan nan nan nan nan nan nan nan nan nan nan
 nan nan]"	0.0	0.0	0.0
1806.3273523002513	2.0	trials	3.0	1.0	1.0	0.0	10000.0	1.0	False	0.0	0.0	0.0	"[nan nan nan nan nan nan nan nan nan nan nan nan nan nan nan nan nan nan
 nan nan]"	0.0	0.0	0.0
1812.0157374315982	2.0	trials	3.0	1.0	1.0	0.0	10000.0	1.0	False	0.0	0.0	0.0	"[nan nan nan nan nan nan nan nan nan nan nan nan nan nan nan nan nan nan
 nan nan]"	0.0	0.0	0.0
1823.0429344046804	2.0	trials	3.0	1.0	1.0	0.0	10000.0	1.0	False	0.0	0.0	0.0	"[nan nan nan nan nan nan nan nan nan nan nan nan nan nan nan nan nan nan
 nan nan]"	0.0	0.0	0.0
1832.0913184632873	2.0	trials	3.0	1.0	1.0	0.0	10000.0	1.0	False	0.0	0.0	0.0	"[nan nan nan nan nan nan nan nan nan nan nan nan nan nan nan nan nan nan
 nan nan]"	0.0	0.0	0.0
1841.9224840354575	2.0	trials	3.0	1.0	1.0	0.0	10000.0	1.0	False	0.0	0.0	0.0	"[nan nan nan nan nan nan nan nan nan nan nan nan nan nan nan nan nan nan
 nan nan]"	0.0	0.0	0.0
1850.811547000134	2.0	trials	3.0	1.0	1.0	0.0	10000.0	1.0	False	0.0	0.0	0.0	"[nan nan nan nan nan nan nan nan nan nan nan nan nan nan nan nan nan nan
 nan nan]"	0.0	0.0	0.0
1861.526927363674	2.0	trials	3.0	1.0	1.0	0.0	10000.0	1.0	False	0.0	0.0	0.0	"[nan nan nan nan nan nan nan nan nan nan nan nan nan nan nan nan nan nan
 nan nan]"	0.0	0.0	0.0
1868.313453006874	2.0	trials	3.0	1.0	1.0	0.0	10000.0	1.0	False	0.0	0.0	0.0	"[nan nan nan nan nan nan nan nan nan nan nan nan nan nan nan nan nan nan
 nan nan]"	0.0	0.0	0.0
1878.0931243426116	2.0	trials	3.0	1.0	1.0	0.0	10000.0	1.0	False	0.0	0.0	0.0	"[nan nan nan nan nan nan nan nan nan nan nan nan nan nan nan nan nan nan
 nan nan]"	0.0	0.0	0.0
1888.5450719429227	2.0	trials	3.0	1.0	1.0	0.0	10000.0	1.0	False	0.0	0.0	0.0	"[nan nan nan nan nan nan nan nan nan nan nan nan nan nan nan nan nan nan
 nan nan]"	0.0	0.0	0.0
1895.8345303886013	2.0	trials	3.0	1.0	1.0	0.0	10000.0	1.0	False	0.0	0.0	0.0	"[nan nan nan nan nan nan nan nan nan nan nan nan nan nan nan nan nan nan
 nan nan]"	0.0	0.0	0.0
1901.4097318794659	2.0	trials	3.0	1.0	1.0	0.0	10000.0	1.0	False	0.0	0.0	0.0	"[nan nan nan nan nan nan nan nan nan nan nan nan nan nan nan nan nan nan
 nan nan]"	0.0	0.0	0.0
1910.121157008393	2.0	trials	3.0	1.0	1.0	0.0	10000.0	1.0	False	0.0	0.0	0.0	"[nan nan nan nan nan nan nan nan nan nan nan nan nan nan nan nan nan nan
 nan nan]"	0.0	0.0	0.0
1919.1211572206869	2.0	trials	3.0	1.0	1.0	0.0	10000.0	1.0	False	0.0	0.0	0.0	"[nan nan nan nan nan nan nan nan nan nan nan nan nan nan nan nan nan nan
 nan nan]"	0.0	0.0	0.0
1929.8504479400417	2.0	trials	3.0	1.0	1.0	0.0	10000.0	1.0	False	0.0	0.0	0.0	"[nan nan nan nan nan nan nan nan nan nan nan nan nan nan nan nan nan nan
 nan nan]"	0.0	0.0	0.0
1936.8322369630055	2.0	trials	3.0	1.0	1.0	0.0	10000.0	1.0	False	0.0	0.0	0.0	"[nan nan nan nan nan nan nan nan nan nan nan nan nan nan nan nan nan nan
 nan nan]"	0.0	0.0	0.0
1942.7253030442012	2.0	trials	3.0	1.0	1.0	0.0	10000.0	1.0	False	0.0	0.0	0.0	"[nan nan nan nan nan nan nan nan nan nan nan nan nan nan nan nan nan nan
 nan nan]"	0.0	0.0	0.0
1948.6300330883475	2.0	trials	3.0	1.0	1.0	0.0	10000.0	1.0	False	0.0	0.0	0.0	"[nan nan nan nan nan nan nan nan nan nan nan nan nan nan nan nan nan nan
 nan nan]"	0.0	0.0	0.0
1957.215833016312	2.0	trials	3.0	1.0	1.0	0.0	10000.0	1.0	False	0.0	0.0	0.0	"[nan nan nan nan nan nan nan nan nan nan nan nan nan nan nan nan nan nan
 nan nan]"	0.0	0.0	0.0
1962.8252487984978	2.0	trials	3.0	1.0	1.0	0.0	10000.0	1.0	False	0.0	0.0	0.0	"[nan nan nan nan nan nan nan nan nan nan nan nan nan nan nan nan nan nan
 nan nan]"	0.0	0.0	0.0
1972.515842017184	2.0	trials	3.0	1.0	1.0	0.0	10000.0	1.0	False	0.0	0.0	0.0	"[nan nan nan nan nan nan nan nan nan nan nan nan nan nan nan nan nan nan
 nan nan]"	0.0	0.0	0.0
1983.1699649753027	2.0	trials	3.0	1.0	1.0	0.0	10000.0	1.0	False	0.0	0.0	0.0	"[nan nan nan nan nan nan nan nan nan nan nan nan nan nan nan nan nan nan
 nan nan]"	0.0	0.0	0.0
1992.2853952209434	2.0	trials	3.0	1.0	1.0	0.0	10000.0	1.0	False	0.0	0.0	0.0	"[nan nan nan nan nan nan nan nan nan nan nan nan nan nan nan nan nan nan
 nan nan]"	0.0	0.0	0.0
1999.701602064017	2.0	trials	3.0	1.0	1.0	0.0	10000.0	1.0	False	0.0	0.0	0.0	"[nan nan nan nan nan nan nan nan nan nan nan nan nan nan nan nan nan nan
 nan nan]"	0.0	0.0	0.0
2007.8318162391092	2.0	trials	3.0	1.0	1.0	0.0	10000.0	1.0	False	0.0	0.0	0.0	"[nan nan nan nan nan nan nan nan nan nan nan nan nan nan nan nan nan nan
 nan nan]"	0.0	0.0	0.0
2015.1725097220444	2.0	trials	3.0	1.0	1.0	0.0	10000.0	1.0	False	0.0	0.0	0.0	"[nan nan nan nan nan nan nan nan nan nan nan nan nan nan nan nan nan nan
 nan nan]"	0.0	0.0	0.0
2146.16702162954	2.0	trials	4.0	1.0	1.0	1.0	0.0	1.0	False	0.0	0.0	0.0	"[nan nan nan nan nan nan nan nan nan nan nan nan nan nan nan nan nan nan
 nan nan]"	1.0	0.02	5.0
2151.326813239918	2.0	trials	4.0	1.0	1.0	1.0	0.0	1.0	False	0.0	0.0	0.0	"[nan nan nan nan nan nan nan nan nan nan nan nan nan nan nan nan nan nan
 nan nan]"	1.0	0.02	5.0
2160.7278809782565	2.0	trials	4.0	1.0	1.0	1.0	0.0	1.0	False	0.0	0.0	0.0	"[nan nan nan nan nan nan nan nan nan nan nan nan nan nan nan nan nan nan
 nan nan]"	1.0	0.02	5.0
2166.5601216526584	2.0	trials	4.0	1.0	1.0	1.0	0.0	1.0	False	0.0	0.0	0.0	"[nan nan nan nan nan nan nan nan nan nan nan nan nan nan nan nan nan nan
 nan nan]"	1.0	0.02	5.0
2173.9688117196088	2.0	trials	4.0	1.0	1.0	1.0	0.0	1.0	False	0.0	0.0	0.0	"[nan nan nan nan nan nan nan nan nan nan nan nan nan nan nan nan nan nan
 nan nan]"	1.0	0.02	5.0
2184.973803963222	2.0	trials	4.0	1.0	1.0	1.0	0.0	1.0	False	0.0	0.0	0.0	"[nan nan nan nan nan nan nan nan nan nan nan nan nan nan nan nan nan nan
 nan nan]"	1.0	0.02	5.0
2195.3422894286437	2.0	trials	4.0	1.0	1.0	1.0	0.0	1.0	False	0.0	0.0	0.0	"[nan nan nan nan nan nan nan nan nan nan nan nan nan nan nan nan nan nan
 nan nan]"	1.0	0.02	5.0
2201.492221893926	2.0	trials	4.0	1.0	1.0	1.0	0.0	1.0	False	0.0	0.0	0.0	"[nan nan nan nan nan nan nan nan nan nan nan nan nan nan nan nan nan nan
 nan nan]"	1.0	0.02	5.0
2210.5580586970955	2.0	trials	4.0	1.0	1.0	1.0	0.0	1.0	False	0.0	0.0	0.0	"[nan nan nan nan nan nan nan nan nan nan nan nan nan nan nan nan nan nan
 nan nan]"	1.0	0.02	5.0
2217.697959217832	2.0	trials	4.0	1.0	1.0	1.0	0.0	1.0	False	0.0	0.0	0.0	"[nan nan nan nan nan nan nan nan nan nan nan nan nan nan nan nan nan nan
 nan nan]"	1.0	0.02	5.0
2225.1319644043706	2.0	trials	4.0	1.0	1.0	1.0	0.0	1.0	False	0.0	0.0	0.0	"[nan nan nan nan nan nan nan nan nan nan nan nan nan nan nan nan nan nan
 nan nan]"	1.0	0.02	5.0
2232.1702588478493	2.0	trials	4.0	1.0	1.0	1.0	0.0	1.0	False	0.0	0.0	0.0	"[nan nan nan nan nan nan nan nan nan nan nan nan nan nan nan nan nan nan
 nan nan]"	1.0	0.02	5.0
2237.8704807415975	2.0	trials	4.0	1.0	1.0	1.0	0.0	1.0	False	0.0	0.0	0.0	"[nan nan nan nan nan nan nan nan nan nan nan nan nan nan nan nan nan nan
 nan nan]"	1.0	0.02	5.0
2248.5106933439015	2.0	trials	4.0	1.0	1.0	1.0	0.0	1.0	False	0.0	0.0	0.0	"[nan nan nan nan nan nan nan nan nan nan nan nan nan nan nan nan nan nan
 nan nan]"	1.0	0.02	5.0
2257.466370496984	2.0	trials	4.0	1.0	1.0	1.0	0.0	1.0	False	0.0	0.0	0.0	"[nan nan nan nan nan nan nan nan nan nan nan nan nan nan nan nan nan nan
 nan nan]"	1.0	0.02	5.0
2266.428614029208	2.0	trials	4.0	1.0	1.0	1.0	0.0	1.0	False	0.0	0.0	0.0	"[nan nan nan nan nan nan nan nan nan nan nan nan nan nan nan nan nan nan
 nan nan]"	1.0	0.02	5.0
2276.1565319293354	2.0	trials	4.0	1.0	1.0	1.0	0.0	1.0	False	0.0	0.0	0.0	"[nan nan nan nan nan nan nan nan nan nan nan nan nan nan nan nan nan nan
 nan nan]"	1.0	0.02	5.0
2286.960126412672	2.0	trials	4.0	1.0	1.0	1.0	0.0	1.0	False	0.0	0.0	0.0	"[nan nan nan nan nan nan nan nan nan nan nan nan nan nan nan nan nan nan
 nan nan]"	1.0	0.02	5.0
2297.6426748804997	2.0	trials	4.0	1.0	1.0	1.0	0.0	1.0	False	0.0	0.0	0.0	"[nan nan nan nan nan nan nan nan nan nan nan nan nan nan nan nan nan nan
 nan nan]"	1.0	0.02	5.0
2304.9285045377046	2.0	trials	4.0	1.0	1.0	1.0	0.0	1.0	False	0.0	0.0	0.0	"[nan nan nan nan nan nan nan nan nan nan nan nan nan nan nan nan nan nan
 nan nan]"	1.0	0.02	5.0
2310.218414134774	2.0	trials	4.0	1.0	1.0	1.0	0.0	1.0	False	0.0	0.0	0.0	"[nan nan nan nan nan nan nan nan nan nan nan nan nan nan nan nan nan nan
 nan nan]"	1.0	0.02	5.0
2320.9918551138894	2.0	trials	4.0	1.0	1.0	1.0	0.0	1.0	False	0.0	0.0	0.0	"[nan nan nan nan nan nan nan nan nan nan nan nan nan nan nan nan nan nan
 nan nan]"	1.0	0.02	5.0
2331.3325198676807	2.0	trials	4.0	1.0	1.0	1.0	0.0	1.0	False	0.0	0.0	0.0	"[nan nan nan nan nan nan nan nan nan nan nan nan nan nan nan nan nan nan
 nan nan]"	1.0	0.02	5.0
2337.66285495993	2.0	trials	4.0	1.0	1.0	1.0	0.0	1.0	False	0.0	0.0	0.0	"[nan nan nan nan nan nan nan nan nan nan nan nan nan nan nan nan nan nan
 nan nan]"	1.0	0.02	5.0
2346.170463136264	2.0	trials	4.0	1.0	1.0	1.0	0.0	1.0	False	0.0	0.0	0.0	"[nan nan nan nan nan nan nan nan nan nan nan nan nan nan nan nan nan nan
 nan nan]"	1.0	0.02	5.0
2354.8163108734916	2.0	trials	4.0	1.0	1.0	1.0	0.0	1.0	False	0.0	0.0	0.0	"[nan nan nan nan nan nan nan nan nan nan nan nan nan nan nan nan nan nan
 nan nan]"	1.0	0.02	5.0
2364.692663502129	2.0	trials	4.0	1.0	1.0	1.0	0.0	1.0	False	0.0	0.0	0.0	"[nan nan nan nan nan nan nan nan nan nan nan nan nan nan nan nan nan nan
 nan nan]"	1.0	0.02	5.0
2369.8586758927468	2.0	trials	4.0	1.0	1.0	1.0	0.0	1.0	False	0.0	0.0	0.0	"[nan nan nan nan nan nan nan nan nan nan nan nan nan nan nan nan nan nan
 nan nan]"	1.0	0.02	5.0
2375.666811043718	2.0	trials	4.0	1.0	1.0	1.0	0.0	1.0	False	0.0	0.0	0.0	"[nan nan nan nan nan nan nan nan nan nan nan nan nan nan nan nan nan nan
 nan nan]"	1.0	0.02	5.0
2382.579393886509	2.0	trials	4.0	1.0	1.0	1.0	0.0	1.0	False	0.0	0.0	0.0	"[nan nan nan nan nan nan nan nan nan nan nan nan nan nan nan nan nan nan
 nan nan]"	1.0	0.02	5.0
2389.7431407315	2.0	trials	4.0	1.0	1.0	1.0	0.0	1.0	False	0.0	0.0	0.0	"[nan nan nan nan nan nan nan nan nan nan nan nan nan nan nan nan nan nan
 nan nan]"	1.0	0.02	5.0
2398.946785096936	2.0	trials	4.0	1.0	1.0	1.0	0.0	1.0	False	0.0	0.0	0.0	"[nan nan nan nan nan nan nan nan nan nan nan nan nan nan nan nan nan nan
 nan nan]"	1.0	0.02	5.0
2408.170560598427	2.0	trials	4.0	1.0	1.0	1.0	0.0	1.0	False	0.0	0.0	0.0	"[nan nan nan nan nan nan nan nan nan nan nan nan nan nan nan nan nan nan
 nan nan]"	1.0	0.02	5.0
2417.847070661847	2.0	trials	4.0	1.0	1.0	1.0	0.0	1.0	False	0.0	0.0	0.0	"[nan nan nan nan nan nan nan nan nan nan nan nan nan nan nan nan nan nan
 nan nan]"	1.0	0.02	5.0
2425.4309793722305	2.0	trials	4.0	1.0	1.0	1.0	0.0	1.0	False	0.0	0.0	0.0	"[nan nan nan nan nan nan nan nan nan nan nan nan nan nan nan nan nan nan
 nan nan]"	1.0	0.02	5.0
2436.141780550316	2.0	trials	4.0	1.0	1.0	1.0	0.0	1.0	False	0.0	0.0	0.0	"[nan nan nan nan nan nan nan nan nan nan nan nan nan nan nan nan nan nan
 nan nan]"	1.0	0.02	5.0
2444.2467660055454	2.0	trials	4.0	1.0	1.0	1.0	0.0	1.0	False	0.0	0.0	0.0	"[nan nan nan nan nan nan nan nan nan nan nan nan nan nan nan nan nan nan
 nan nan]"	1.0	0.02	5.0
2451.7345118213816	2.0	trials	4.0	1.0	1.0	1.0	0.0	1.0	False	0.0	0.0	0.0	"[nan nan nan nan nan nan nan nan nan nan nan nan nan nan nan nan nan nan
 nan nan]"	1.0	0.02	5.0
2462.354506887905	2.0	trials	4.0	1.0	1.0	1.0	0.0	1.0	False	0.0	0.0	0.0	"[nan nan nan nan nan nan nan nan nan nan nan nan nan nan nan nan nan nan
 nan nan]"	1.0	0.02	5.0
2468.6668708372376	2.0	trials	4.0	1.0	1.0	1.0	0.0	1.0	False	0.0	0.0	0.0	"[nan nan nan nan nan nan nan nan nan nan nan nan nan nan nan nan nan nan
 nan nan]"	1.0	0.02	5.0
2479.526970741089	2.0	trials	4.0	1.0	1.0	1.0	0.0	1.0	False	0.0	0.0	0.0	"[nan nan nan nan nan nan nan nan nan nan nan nan nan nan nan nan nan nan
 nan nan]"	1.0	0.02	5.0
2484.7229638364756	2.0	trials	4.0	1.0	1.0	1.0	0.0	1.0	False	0.0	0.0	0.0	"[nan nan nan nan nan nan nan nan nan nan nan nan nan nan nan nan nan nan
 nan nan]"	1.0	0.02	5.0
2493.62178997014	2.0	trials	4.0	1.0	1.0	1.0	0.0	1.0	False	0.0	0.0	0.0	"[nan nan nan nan nan nan nan nan nan nan nan nan nan nan nan nan nan nan
 nan nan]"	1.0	0.02	5.0
2501.685044357924	2.0	trials	4.0	1.0	1.0	1.0	0.0	1.0	False	0.0	0.0	0.0	"[nan nan nan nan nan nan nan nan nan nan nan nan nan nan nan nan nan nan
 nan nan]"	1.0	0.02	5.0
2509.3287416783946	2.0	trials	4.0	1.0	1.0	1.0	0.0	1.0	False	0.0	0.0	0.0	"[nan nan nan nan nan nan nan nan nan nan nan nan nan nan nan nan nan nan
 nan nan]"	1.0	0.02	5.0
2520.398792915354	2.0	trials	4.0	1.0	1.0	1.0	0.0	1.0	False	0.0	0.0	0.0	"[nan nan nan nan nan nan nan nan nan nan nan nan nan nan nan nan nan nan
 nan nan]"	1.0	0.02	5.0
2525.7208432103307	2.0	trials	4.0	1.0	1.0	1.0	0.0	1.0	False	0.0	0.0	0.0	"[nan nan nan nan nan nan nan nan nan nan nan nan nan nan nan nan nan nan
 nan nan]"	1.0	0.02	5.0
2532.5670710638924	2.0	trials	4.0	1.0	1.0	1.0	0.0	1.0	False	0.0	0.0	0.0	"[nan nan nan nan nan nan nan nan nan nan nan nan nan nan nan nan nan nan
 nan nan]"	1.0	0.02	5.0
2542.7070292552107	2.0	trials	4.0	1.0	1.0	1.0	0.0	1.0	False	0.0	0.0	0.0	"[nan nan nan nan nan nan nan nan nan nan nan nan nan nan nan nan nan nan
 nan nan]"	1.0	0.02	5.0
2550.242726918732	2.0	trials	4.0	1.0	1.0	1.0	0.0	1.0	False	0.0	0.0	0.0	"[nan nan nan nan nan nan nan nan nan nan nan nan nan nan nan nan nan nan
 nan nan]"	1.0	0.02	5.0
3028.2633781283303	2.0	trials	5.0	1.0	1.0	0.0	10000.0	0.0	True	40.0	0.0	0.005	"[30370522.51593421 30370810.51501941 30371101.51409508 30371390.51317709
 30371680.51225593 30371970.51133478 30372258.51041997 30372549.50949563
 30372838.50857765 30373127.50765967 30373417.50673851 30373707.50581735
 30373997.50489619 30374287.50397504 30450452.26204392 30450741.26112594
 30451032.2602016  30451321.25928362 30451611.25836247 30451900.25744448]"	0.0	0.0	0.0
3036.0569789726446	2.0	trials	5.0	1.0	1.0	0.0	10000.0	0.0	True	40.0	0.0	0.005	"[30452190.25652332 30452480.25560217 30452770.25468101 30453058.2537662
 30453348.25284504 30453637.25192706 30453927.2510059  30454218.25008157
 30454507.24916358 30454796.2482456  30455087.24732127 30455376.24640329
 30455666.24548213 30455955.24456415 30542120.97086577 30542410.96994461
 30542699.96902663 30542988.96810865 30543279.96718431 30543568.96626633]"	0.0	0.0	0.0
3043.734026587181	2.0	trials	5.0	1.0	1.0	0.0	10000.0	0.0	True	40.0	0.0	0.005	"[30543857.96534835 30544148.96442401 30544436.96350921 30544726.96258805
 30545016.96166689 30545305.96074891 30545596.95982458 30545885.95890659
 30546175.95798543 30546465.95706427 30546755.95614312 30547044.95522514
 30547333.95430715 30547624.95338282 30604547.77257215 30604838.77164781
 30605126.770733   30605415.76981502 30605706.76889069 30605996.76796953]"	0.0	0.0	0.0
3050.190159679844	2.0	trials	5.0	1.0	1.0	0.0	10000.0	0.0	True	40.0	0.0	0.005	"[30606286.76704837 30606576.76612722 30606864.76521241 30607154.76429125
 30607444.7633701  30607734.76244894 30608024.76152778 30608312.76061297
 30608602.75969181 30608892.75877065 30609183.75784632 30609471.75693151
 30609761.75601036 30610051.7550892  30681216.52904012 30681505.52812214
 30681794.52720415 30682085.52627982 30682375.52535866 30682664.52444068]"	0.0	0.0	0.0
3057.8444841665573	2.0	trials	5.0	1.0	1.0	0.0	10000.0	0.0	True	40.0	0.0	0.005	"[30682954.52351952 30683243.52260154 30683533.52168038 30683823.52075922
 30684113.51983807 30684402.51892008 30684692.51799892 30684981.51708094
 30685271.51615978 30685561.51523862 30685849.51432382 30686139.51340266
 30686429.5124815  30686718.51156352 30795757.16521116 30796048.16428683
 30796337.16336885 30796626.16245087 30796916.16152971 30797205.16061173]"	0.0	0.0	0.0
3063.3605018454145	2.0	trials	5.0	1.0	1.0	0.0	10000.0	0.0	True	40.0	0.0	0.005	"[30797496.15968739 30797785.15876941 30798075.15784826 30798365.1569271
 30798654.15600911 30798944.15508796 30799234.1541668  30799523.15324881
 30799812.15233083 30800103.15140649 30800391.15049169 30800681.14957053
 30800971.14864937 30801262.14772504 30875039.91337601 30875328.91245802
 30875619.91153369 30875907.91061889 30876197.90969773 30876487.90877656]"	0.0	0.0	0.0
3069.7311856095002	2.0	trials	5.0	1.0	1.0	0.0	10000.0	0.0	True	40.0	0.0	0.005	"[30876776.90785859 30877067.90693425 30877355.90601944 30877645.90509829
 30877934.90418031 30878225.90325597 30878514.90233799 30878805.90141366
 30879093.90049885 30879384.89957451 30879673.89865653 30879963.89773538
 30880252.89681739 30880542.89589623 30934945.72309011 30935234.72217213
 30935523.72125414 30935813.72033299 30936103.71941183 30936393.71849067]"	0.0	0.0	0.0
3075.2941183393355	2.0	trials	5.0	1.0	1.0	0.0	10000.0	0.0	True	40.0	0.0	0.005	"[30936683.71756951 30936973.71664836 30937261.71573355 30937551.71481239
 30937841.71389123 30938131.71297007 30938421.71204891 30938710.71113093
 30939000.71020977 30939289.70929179 30939579.70837064 30939868.70745265
 30940157.70653467 30940447.70561351 31018605.45735181 31018895.45643065
 31019184.45551267 31019474.45459151 31019763.45367353 31020053.45275237]"	0.0	0.0	0.0
3081.9121645176956	2.0	trials	5.0	1.0	1.0	0.0	10000.0	0.0	True	40.0	0.0	0.005	"[31020343.45183121 31020632.45091323 31020921.44999525 31021212.44907092
 31021502.44814976 31021791.44723178 31022081.44631062 31022370.44539263
 31022659.44447465 31022950.44355032 31023240.44262916 31023530.441708
 31023819.44079002 31024108.43987203 31127035.11293389 31127325.11201273
 31127615.11109157 31127903.11017676 31128194.10925243 31128483.10833444]"	0.0	0.0	0.0
3087.696453344413	2.0	trials	5.0	1.0	1.0	0.0	10000.0	0.0	True	40.0	0.0	0.005	"[31128773.10741329 31129063.10649213 31129352.10557415 31129641.10465617
 31129932.10373183 31130221.10281385 31130510.10189587 31130800.10097471
 31131090.10005355 31131380.09913239 31131670.09821124 31131958.09729643
 31132249.0963721  31132538.09545411 31237675.76149293 31237963.76057813
 31238254.75965378 31238543.7587358  31238833.75781465 31239122.75689666]"	0.0	0.0	0.0
3095.5446588152813	2.0	trials	5.0	1.0	1.0	0.0	10000.0	0.0	True	40.0	0.0	0.005	"[31239413.75597233 31239703.75505117 31239992.75413319 31240281.7532152
 31240570.75229723 31240861.75137289 31241149.75045808 31241439.74953692
 31241730.74861259 31242018.74769779 31242309.74677345 31242599.7458523
 31242888.74493431 31243177.74401633 31333703.45646882 31333991.45555401
 31334281.45463285 31334571.4537117  31334860.45279371 31335151.45186938]"	0.0	0.0	0.0
3102.672290574989	2.0	trials	5.0	1.0	1.0	0.0	10000.0	0.0	True	40.0	0.0	0.005	"[31335440.45095139 31335730.45003023 31336020.44910908 31336309.4481911
 31336599.44726994 31336889.44634878 31337177.44543398 31337468.44450964
 31337757.44359166 31338047.4426705  31338336.44175252 31338626.44083136
 31338915.43991338 31339204.43899539 31400943.24288714 31401234.24196281
 31401523.24104482 31401812.24012684 31402102.23920569 31402392.23828452]"	0.0	0.0	0.0
3110.6703131699755	2.0	trials	5.0	1.0	1.0	0.0	10000.0	0.0	True	40.0	0.0	0.005	"[31402682.23736336 31402971.23644539 31403261.23552423 31403550.23460624
 31403840.23368508 31404129.23276711 31404421.23183959 31404709.23092479
 31404998.2300068  31405288.22908565 31405578.22816449 31405867.22724651
 31406158.22632217 31406446.22540737 31510593.89459082 31510882.89367284
 31511171.89275486 31511461.8918337  31511751.89091254 31512041.88999138]"	0.0	0.0	0.0
3116.0648528346956	2.0	trials	5.0	1.0	1.0	0.0	10000.0	0.0	True	40.0	0.0	0.005	"[31512331.88907022 31512619.88815542 31512909.88723426 31513198.88631628
 31513489.88539194 31513778.88447396 31514069.88354963 31514357.88263482
 31514647.88171367 31514937.88079251 31515225.8798777  31515516.87895336
 31515807.87802903 31516095.87711423 31637398.4918064  31637688.49088524
 31637977.48996726 31638266.48904928 31638556.48812812 31638846.48720696]"	0.0	0.0	0.0
3121.518230712523	2.0	trials	5.0	1.0	1.0	0.0	10000.0	0.0	True	40.0	0.0	0.005	"[31639135.48628898 31639425.48536782 31639714.48444984 31640005.48352551
 31640294.48260752 31640584.48168636 31640874.4807652  31641164.47984405
 31641452.47892924 31641741.47801127 31642031.47709011 31642322.47616577
 31642610.47525096 31642900.4743298  31714358.24735004 31714648.24642888
 31714939.24550455 31715229.24458338 31715517.24366858 31715808.24274425]"	0.0	0.0	0.0
3127.3807112908707	2.0	trials	5.0	1.0	1.0	0.0	10000.0	0.0	True	40.0	0.0	0.005	"[31716097.24182626 31716387.2409051  31716675.2399903  31716965.23906914
 31717254.23815116 31717546.23722365 31717834.23630885 31718125.23538451
 31718415.23446335 31718703.23354854 31718993.23262738 31719283.23170623
 31719573.23078507 31719863.22986391 31796979.98490885 31797268.98399087
 31797559.98306654 31797849.98214538 31798138.9812274  31798428.98030624]"	0.0	0.0	0.0
3133.986575107928	2.0	trials	5.0	1.0	1.0	0.0	10000.0	0.0	True	40.0	0.0	0.005	"[31798718.97938508 31799007.9784671  31799297.97754594 31799586.97662796
 31799877.97570362 31800166.97478564 31800455.97386766 31800745.9729465
 31801035.97202534 31801325.97110418 31801615.97018303 31801903.96926822
 31802193.96834706 31802483.96742591 31910821.62330021 31911111.62237905
 31911400.62146107 31911689.62054309 31911979.61962193 31912269.61870078]"	0.0	0.0	0.0
3139.5124423554985	2.0	trials	5.0	1.0	1.0	0.0	10000.0	0.0	True	40.0	0.0	0.005	"[31912558.61778279 31912849.61685845 31913138.61594047 31913427.61502249
 31913717.61410133 31914007.61318017 31914296.61226219 31914586.61134103
 31914876.61041988 31915164.60950507 31915456.60857756 31915745.60765957
 31916035.60673841 31916325.60581726 32022491.26859073 32022780.26767274
 32023070.26675158 32023359.26583361 32023648.26491562 32023939.26399129]"	0.0	0.0	0.0
3146.5088329320815	2.0	trials	5.0	1.0	1.0	0.0	10000.0	0.0	True	40.0	0.0	0.005	"[32024229.26307013 32024517.26215532 32024807.26123416 32025097.26031301
 32025387.25939185 32025676.25847387 32025966.25755271 32026256.25663155
 32026546.25571039 32026834.25479558 32027124.25387442 32027413.25295645
 32027703.25203528 32027992.2511173  32109063.99359955 32109354.99267522
 32109643.99175723 32109933.99083607 32110224.98991174 32110512.98899694]"	0.0	0.0	0.0
3152.3945550366043	2.0	trials	5.0	1.0	1.0	0.0	10000.0	0.0	True	40.0	0.0	0.005	"[32110802.98807578 32111092.98715462 32111381.98623664 32111670.98531866
 32111959.98440067 32112250.98347634 32112538.98256154 32112829.9816372
 32113119.98071604 32113409.97979488 32113698.9788769  32113988.97795574
 32114278.97703458 32114566.97611978 32187884.7432319  32188175.74230755
 32188465.7413864  32188754.74046842 32189043.73955043 32189334.7386261 ]"	0.0	0.0	0.0
3158.6653607179437	2.0	trials	5.0	1.0	1.0	0.0	10000.0	0.0	True	40.0	0.0	0.005	"[32189622.7377113  32189911.73679331 32190203.7358658  32190491.734951
 32190782.73402666 32191071.73310868 32191360.7321907  32191650.73126954
 32191939.73035156 32192229.7294304  32192519.72850925 32192809.72758809
 32193098.7266701  32193388.72574895 32261263.51015025 32261552.50923226
 32261842.50831111 32262131.50739312 32262420.50647514 32262711.50555081]"	0.0	0.0	0.0
3166.4077265250016	2.0	trials	5.0	1.0	1.0	0.0	10000.0	0.0	True	40.0	0.0	0.005	"[32262999.504636   32263290.50371167 32263579.50279368 32263868.50187571
 32264159.50095137 32264447.50003656 32264739.49910906 32265027.49819425
 32265317.49727309 32265607.49635193 32265896.49543395 32266186.49451279
 32266475.49359481 32266765.49267365 32351773.22265356 32352062.22173558
 32352353.22081124 32352641.21989643 32352931.21897528 32353222.21805094]"	0.0	0.0	0.0
3173.2028921407586	2.0	trials	5.0	1.0	1.0	0.0	10000.0	0.0	True	40.0	0.0	0.005	"[32353510.21713613 32353800.21621498 32354090.21529382 32354380.21437266
 32354670.2134515  32354958.2125367  32355250.21160919 32355538.21069438
 32355829.20977005 32356117.20885524 32356408.2079309  32356696.2070161
 32356987.20609177 32357275.20517696 32443238.93212022 32443528.93119906
 32443818.9302779  32444107.92935992 32444396.92844194 32444686.92752078]"	0.0	0.0	0.0
3180.4750706413256	2.0	trials	5.0	1.0	1.0	0.0	10000.0	0.0	True	40.0	0.0	0.005	"[32444976.92659962 32445266.92567847 32445554.92476366 32445845.92383932
 32446134.92292134 32446424.92200018 32446713.9210822  32447003.92016105
 32447292.91924306 32447583.91831873 32447872.91740074 32448161.91648276
 32448451.9155616  32448741.91464045 32503929.73934084 32504219.73841968
 32504509.73749853 32504798.73658054 32505089.7356562  32505378.73473823]"	0.0	0.0	0.0
3187.7714410650487	2.0	trials	5.0	1.0	1.0	0.0	10000.0	0.0	True	40.0	0.0	0.005	"[32505667.73382024 32505957.73289908 32506247.73197792 32506537.73105676
 32506827.73013561 32507115.72922081 32507406.72829647 32507695.72737849
 32507985.72645733 32508275.72553617 32508565.72461502 32508853.72370021
 32509145.7227727  32509433.72185789 32579830.49824829 32580119.49733031
 32580409.49640915 32580699.49548799 32580988.49457001 32581278.49364886]"	0.0	0.0	0.0
3193.477192541233	2.0	trials	5.0	1.0	1.0	0.0	10000.0	0.0	True	40.0	0.0	0.005	"[32581568.4927277  32581857.49180971 32582148.49088538 32582436.48997058
 32582727.48904624 32583016.48812826 32583305.48721027 32583596.48628594
 32583884.48537114 32584174.48444997 32584465.48352564 32584755.48260448
 32585044.4816865  32585333.48076852 32653373.26464572 32653662.26372774
 32653952.26280658 32654241.2618886  32654530.26097061 32654820.26004945]"	0.0	0.0	0.0
3199.313580402463	2.0	trials	5.0	1.0	1.0	0.0	10000.0	0.0	True	40.0	0.0	0.005	"[32655110.25912829 32655399.25821032 32655689.25728915 32655979.256368
 32656269.25544684 32656558.25452885 32656848.2536077  32657137.25268972
 32657427.25176856 32657717.2508474  32658006.24992942 32658006.24992942
 32658296.24900826 32658587.24808393 32658876.24716594 32743603.97803524
 32743893.97711409 32744183.97619293 32744473.97527177 32744761.97435697]"	0.0	0.0	0.0
3207.325081354637	2.0	trials	5.0	1.0	1.0	0.0	10000.0	0.0	True	40.0	0.0	0.005	"[32745052.97343263 32745341.97251464 32745632.97159031 32745920.97067551
 32746211.96975117 32746500.96883319 32746789.9679152  32747079.96699405
 32747369.96607289 32747658.96515491 32747948.96423375 32748238.96331259
 32748527.96239461 32748817.96147345 32749106.96055546 32803304.7884005
 32803593.78748253 32803882.78656454 32804171.78564656 32804461.78472541]"	0.0	0.0	0.0
3214.7707505041258	2.0	trials	5.0	1.0	1.0	0.0	10000.0	0.0	True	40.0	0.0	0.005	"[32804751.78380424 32805041.78288309 32805329.78196828 32805620.78104395
 32805909.78012597 32806199.77920481 32806490.77828047 32806779.77736248
 32807068.77644451 32807358.77552335 32807647.77460536 32807938.77368103
 32808227.77276305 32808516.77184507 32808807.77092073 32888742.51701456
 32889030.51609975 32889320.51517859 32889610.51425743 32889900.51333627]"	0.0	0.0	0.0
3221.533170623895	2.0	trials	5.0	1.0	1.0	0.0	10000.0	0.0	True	40.0	0.0	0.005	"[32890190.51241511 32890479.51149714 32890769.51057598 32891058.50965799
 32891348.50873683 32891638.50781568 32891927.5068977  32892217.50597654
 32892506.50505856 32892796.5041374  32893085.50321941 32893376.50229508
 32893664.50138028 32893954.50045912 32894245.49953478 32961430.28612781
 32961720.28520665 32962011.28428232 32962300.28336433 32962590.28244318]"	0.0	0.0	0.0
3228.540965964252	2.0	trials	5.0	1.0	1.0	0.0	10000.0	0.0	True	40.0	0.0	0.005	"[32962879.28152519 32963169.28060403 32963458.27968606 32963747.27876807
 32964038.27784374 32964326.27692893 32964617.27600459 32964907.27508344
 32965196.27416546 32965485.27324747 32965776.27232314 32966065.27140516
 32966354.27048718 32966645.26956284 32966935.26864168 33048790.00863681
 33049080.00771565 33049369.00679766 33049660.00587333 33049949.00495535]"	0.0	0.0	0.0
3234.7994164848365	2.0	trials	5.0	1.0	1.0	0.0	10000.0	0.0	True	40.0	0.0	0.005	"[33050240.00403101 33050528.0031162  33050819.00219187 33051109.00127072
 33051397.00035591 33051686.99943475 33051976.99851359 33052266.99759243
 33052556.99667127 33052844.99575647 33053135.99483214 33053424.99391415
 33053714.99299299 33054005.99206866 33054293.99115385 33139332.72103529
 33139620.72012048 33139911.71919615 33140200.71827817 33140489.71736018]"	0.0	0.0	0.0
3239.954369710583	2.0	trials	5.0	1.0	1.0	0.0	10000.0	0.0	True	40.0	0.0	0.005	"[33140779.71643903 33141069.71551787 33141358.71459989 33141647.71368191
 33141937.71276075 33142227.71183959 33142517.71091843 33142807.70999727
 33143096.70907929 33143386.70815813 33143676.70723698 33143965.70631899
 33144254.70540101 33144544.70447985 33144834.70355869 33214763.48143566
 33215054.48051132 33215344.47959017 33215634.478669   33215922.4777542 ]"	0.0	0.0	0.0
3247.6793691728035	2.0	trials	5.0	1.0	1.0	0.0	10000.0	0.0	True	40.0	0.0	0.005	"[33216212.47683305 33216502.47591188 33216793.47498755 33217082.47406956
 33217370.47315476 33217661.47223043 33217951.47130927 33218239.47039446
 33218529.46947331 33218819.46855215 33219108.46763416 33219399.46670983
 33219688.46579184 33219978.46487069 33220267.46395271 33296777.22092573
 33297067.22000457 33297357.21908341 33297646.21816543 33297937.2172411 ]"	0.0	0.0	0.0
3253.381059861886	2.0	trials	5.0	1.0	1.0	0.0	10000.0	0.0	True	40.0	0.0	0.005	"[33298226.21632311 33298516.21540195 33298806.21448079 33299094.21356599
 33299385.21264166 33299674.21172367 33299963.21080569 33300253.20988454
 33300543.20896337 33300833.20804221 33301122.20712424 33301413.2061999
 33301703.20527874 33301991.20436394 33302280.20344595 33389348.92687928
 33389637.9259613  33389926.92504332 33390216.92412216 33390505.92320418]"	0.0	0.0	0.0
3258.8054074319252	2.0	trials	5.0	1.0	1.0	0.0	10000.0	0.0	True	40.0	0.0	0.005	"[33390795.92228302 33391084.92136504 33391374.92044388 33391665.91951954
 33391954.91860156 33392243.91768358 33392533.91676242 33392823.91584127
 33393113.9149201  33393402.91400212 33393691.91308414 33393982.91215981
 33394271.91124182 33394560.91032384 33394850.90940269 33468306.67607646
 33468596.6751553  33468885.67423731 33469174.67331933 33469465.672395  ]"	0.0	0.0	0.0
3264.151304051156	2.0	trials	5.0	1.0	1.0	0.0	10000.0	0.0	True	40.0	0.0	0.005	"[33469755.67147384 33470043.67055903 33470333.66963788 33470622.6687199
 33470912.66779874 33471202.66687758 33471493.66595325 33471782.66503526
 33472071.66411728 33472360.6631993  33472651.66227496 33472940.66135698
 33473229.660439   33473519.65951784 33473809.65859668 33556154.39703537
 33556444.39611421 33556733.39519622 33557023.39427506 33557312.39335708]"	0.0	0.0	0.0
3271.1715409519934	2.0	trials	5.0	1.0	1.0	0.0	10000.0	0.0	True	40.0	0.0	0.005	"[33557601.3924391  33557892.39151477 33558181.39059678 33558470.3896788
 33558761.38875446 33559050.38783649 33559340.38691533 33559630.38599417
 33559919.38507619 33560209.38415503 33560498.38323704 33560788.38231588
 33561077.38139791 33561367.38047675 33561657.37955559 33619695.19520322
 33619984.19428524 33620273.19336726 33620564.19244292 33620853.19152494]"	0.0	0.0	0.0
3276.817244618914	2.0	trials	5.0	1.0	1.0	0.0	10000.0	0.0	True	40.0	0.0	0.005	"[33621144.1906006  33621433.18968263 33621722.18876464 33622012.18784348
 33622301.1869255  33622590.18600751 33622880.18508636 33623171.18416203
 33623460.18324405 33623750.18232288 33624039.1814049  33624330.18048057
 33624619.17956258 33624908.1786446  33625198.17772345 33689006.97504003
 33689296.97411887 33689586.97319771 33689875.97227973 33690165.97135857]"	0.0	0.0	0.0
3284.4792586812027	2.0	trials	5.0	1.0	1.0	0.0	10000.0	0.0	True	40.0	0.0	0.005	"[33690454.97044059 33690744.96951943 33691034.96859828 33691323.96768029
 33691612.9667623  33691902.96584115 33692192.96491998 33692482.96399883
 33692770.96308403 33693062.96215651 33693351.96123853 33693641.96031737
 33693931.95939622 33694219.95848142 33694509.95756026 33754209.76792869
 33754499.76700754 33754787.76609273 33755077.76517157 33755366.76425359]"	0.0	0.0	0.0
3291.2957650291714	2.0	trials	5.0	1.0	1.0	0.0	10000.0	0.0	True	40.0	0.0	0.005	"[33755657.76332925 33755945.76241445 33756235.76149329 33756526.76056895
 33756815.75965098 33757105.75872982 33757395.75780866 33757683.75689385
 33757975.75596634 33758263.75505153 33758553.75413038 33758843.75320922
 33759132.75229123 33759423.7513669  33759712.75044892 33821227.55505218
 33821516.55413419 33821806.55321304 33822095.55229506 33822385.5513739 ]"	0.0	0.0	0.0
3297.853072200465	2.0	trials	5.0	1.0	1.0	0.0	10000.0	0.0	True	40.0	0.0	0.005	"[33822675.55045274 33822964.54953475 33823254.5486136  33823543.54769562
 33823834.54677129 33824122.54585648 33824412.54493532 33824702.54401416
 33824991.54309618 33825280.5421782  33825571.54125386 33825860.54033589
 33826151.53941154 33826439.53849674 33826730.53757241 33898034.31108181
 33898325.31015747 33898613.30924267 33898902.30832469 33899193.30740035]"	0.0	0.0	0.0
3305.797354166155	2.0	trials	5.0	1.0	1.0	0.0	10000.0	0.0	True	40.0	0.0	0.005	"[33899483.30647919 33899773.30555804 33900062.30464005 33900351.30372207
 33900642.30279773 33900929.3018861  33901220.30096177 33901510.30004061
 33901800.29911946 33902089.29820147 33902379.29728031 33902668.29636233
 33902958.29544117 33903247.29452319 33903538.29359886 33962463.10642901
 33962751.10551421 33963041.10459305 33963331.10367189 33963620.10275391]"	0.0	0.0	0.0
3311.0409535103236	2.0	trials	5.0	1.0	1.0	0.0	10000.0	0.0	True	40.0	0.0	0.005	"[33963909.10183593 33964200.10091159 33964490.09999043 33964779.09907245
 33965068.09815447 33965358.09723331 33965649.09630898 33965938.095391
 33966227.09447301 33966517.09355186 33966807.0926307  33967096.09171271
 33967385.09079473 33967675.08987357 33967966.08894924 34042749.85140474
 34043040.85048041 34043329.84956242 34043619.84864126 34043910.84771693]"	0.0	0.0	0.0
3319.0390625050363	2.0	trials	5.0	1.0	1.0	0.0	10000.0	0.0	True	40.0	0.0	0.005	"[34044197.8468053  34044487.84588414 34044778.84495981 34045067.84404182
 34045356.84312385 34045646.84220269 34045936.84128153 34046225.84036355
 34046515.83944239 34046804.8385244  34047095.83760007 34047383.83668527
 34047675.83575775 34047964.83483978 34048252.83392497 34124704.59108222
 34124993.59016424 34125284.5892399  34125573.58832192 34125863.58740076]"	0.0	0.0	0.0
3325.5194739205817	2.0	trials	5.0	1.0	1.0	0.0	10000.0	0.0	True	40.0	0.0	0.005	"[34126153.5864796  34126442.58556163 34126732.58464047 34127022.58371931
 34127311.58280133 34127600.58188334 34127890.58096219 34128179.5800442
 34128470.57911987 34128760.57819871 34129050.57727756 34129339.57635957
 34129628.57544159 34129917.57452361 34130207.57360245 34211157.31647221
 34211446.31555424 34211737.3146299  34212026.31371192 34212315.31279394]"	0.0	0.0	0.0
3333.50522775454	2.0	trials	5.0	1.0	1.0	0.0	10000.0	0.0	True	40.0	0.0	0.005	"[34212604.31187595 34212894.31095479 34213184.31003364 34213473.30911566
 34213764.30819132 34214053.30727334 34214343.30635218 34214632.3054342
 34214922.30451304 34215211.30359506 34215500.30267707 34215792.30174956
 34216081.30083159 34216370.2999136  34216659.29899562 34279560.09919637
 34279848.09828157 34280137.09736358 34280428.09643926 34280717.09552127]"	0.0	0.0	0.0
3339.0022374937735	2.0	trials	5.0	1.0	1.0	0.0	10000.0	0.0	True	40.0	0.0	0.005	"[34281008.09459694 34281297.09367895 34281586.09276097 34281877.09183664
 34282166.09091866 34282455.09000068 34282745.08907951 34283036.08815519
 34283325.0872372  34283614.08631922 34283904.08539806 34284194.0844769
 34284483.08355892 34284772.08264094 34285063.0817166  35057456.62827174
 35057745.62735376 35058036.62642942 35058325.62551145 35058614.62459346]"	0.0	0.0	0.0
3346.9873001299275	2.0	trials	5.0	1.0	1.0	0.0	10000.0	0.0	True	40.0	0.0	0.005	"[35058903.62367548 35059193.62275432 35059483.62183316 35059773.62091201
 35060062.61999402 35060352.61907286 35060642.61815171 35060931.61723372
 35061222.61630939 35061511.6153914  35061801.61447025 35062091.61354909
 35062380.61263111 35062670.61170995 35062959.61079197 35147660.34174704
 35147950.34082587 35148239.33990789 35148529.33898673 35148818.33806875]"	0.0	0.0	0.0
3354.6774805027476	2.0	trials	5.0	1.0	1.0	0.0	10000.0	0.0	True	40.0	0.0	0.005	"[35149107.33715077 35149398.33622643 35149688.33530527 35149978.33438411
 35150267.33346613 35150557.33254498 35150845.33163018 35151136.33070584
 35151424.32979103 35151715.3288667  35152005.32794554 35152294.32702756
 35152584.3261064  35152873.32518841 35153163.32426726 35236515.0595073
 35236803.05859249 35237093.05767134 35237383.05675018 35237673.05582902]"	0.0	0.0	0.0
3376.4307714053393	2.0	trials	6.0	1.0	1.0	0.0	10000.0	0.0	True	40.0	0.0	0.005	"[35237963.05490786 35238251.05399305 35238541.05307189 35238831.05215074
 35239120.05123276 35239410.0503116  35239700.04939044 35239989.04847245
 35240279.0475513  35240569.04663014 35240859.04570898 35241148.044791
 35241437.04387301 35241727.04295185 35242018.04202753 35311237.82215656
 35311526.82123858 35311817.82031424 35312106.81939626 35312395.81847828]"	0.0	0.0	0.0
3381.8841492831666	2.0	trials	6.0	1.0	1.0	0.0	10000.0	0.0	True	40.0	0.0	0.005	"[35312686.81755394 35312974.81663914 35313265.81571481 35313554.81479682
 35313845.81387249 35314134.8129545  35314424.81203335 35314713.81111536
 35315002.81019738 35315292.80927622 35315582.80835506 35315872.80743391
 35316161.80651592 35316451.80559476 35316741.80467361 35399831.54074586
 35400119.53983106 35400409.5389099  35400699.53798874 35400989.53706759]"	0.0	0.0	0.0
3387.992523480455	2.0	trials	6.0	1.0	1.0	0.0	10000.0	0.0	True	40.0	0.0	0.005	"[35401277.53615278 35401567.53523162 35401857.53431046 35402147.5333893
 35402436.53247132 35402725.53155334 35403015.53063218 35403306.52970785
 35403595.52878986 35403883.52787506 35404174.52695072 35404463.52603275
 35404753.52511159 35405044.52418725 35405333.52326927 35463672.3379608
 35463962.33703964 35464251.33612166 35464542.33519732 35464831.33427934]"	0.0	0.0	0.0
3395.2388684630787	2.0	trials	6.0	1.0	1.0	0.0	10000.0	0.0	True	40.0	0.0	0.005	"[35465120.33336136 35465411.33243702 35465700.33151904 35465989.33060107
 35466280.32967672 35466570.32875556 35466859.32783759 35467149.32691643
 35467438.32599845 35467728.32507729 35468018.32415613 35468308.32323497
 35468596.32232016 35468886.32139901 35469176.32047785 35537407.10374835
 35537696.10283037 35537986.10190921 35538275.10099123 35538566.10006689]"	0.0	0.0	0.0
3403.2372366569684	2.0	trials	6.0	1.0	1.0	0.0	10000.0	0.0	True	40.0	0.0	0.005	"[35538855.09914891 35539144.09823094 35539434.09730977 35539725.09638544
 35540014.09546746 35540302.09455265 35540594.09362514 35540882.09271034
 35541173.091786   35541461.0908712  35541752.08994686 35542042.08902571
 35542330.0881109  35542620.08718973 35542910.08626858 35601793.89922897
 35602082.89831099 35602372.89738983 35602662.89646868 35602952.89554751]"	0.0	0.0	0.0
3410.984095249756	2.0	trials	6.0	1.0	1.0	0.0	10000.0	0.0	True	40.0	0.0	0.005	"[35603241.89462953 35603530.89371155 35603821.89278721 35604110.89186922
 35604399.89095125 35604690.89002691 35604979.88910893 35605269.88818777
 35605559.88726661 35605847.88635181 35606137.88543066 35606428.88450632
 35606716.88359151 35607006.88267036 35607297.88174602 35678391.65592247
 35678680.65500449 35678971.65408015 35679260.65316217 35679550.65224101]"	0.0	0.0	0.0
3417.2126514652973	2.0	trials	6.0	1.0	1.0	0.0	10000.0	0.0	True	40.0	0.0	0.005	"[35679839.65132303 35680128.65040505 35680419.64948071 35680707.6485659
 35680997.64764475 35681287.64672359 35681578.64579926 35681866.64488445
 35682157.64396011 35682446.64304213 35682735.64212415 35683025.64120299
 35683314.64028502 35683604.63936386 35683895.63843951 35745338.44327148
 35745627.44235349 35745917.44143233 35746208.44050801 35746497.43959002]"	0.0	0.0	0.0
3424.490618747477	2.0	trials	6.0	1.0	1.0	0.0	10000.0	0.0	True	40.0	0.0	0.005	"[35746787.43866886 35747077.4377477  35747366.43682972 35747655.43591174
 35747945.43499058 35748234.4340726  35748524.43315144 35748813.43223346
 35749105.43130595 35749393.43039115 35749682.42947316 35749973.42854883
 35750263.42762767 35750553.42670652 35750841.4257917  35836174.15473928
 35836464.15381812 35836464.15381812 35836755.15289378 35837043.15197898]"	0.0	0.0	0.0
3432.0085180675333	2.0	trials	6.0	1.0	1.0	0.0	10000.0	0.0	True	40.0	0.0	0.005	"[35837334.15105464 35837623.15013666 35837912.14921868 35838202.14829752
 35838492.14737636 35838781.14645839 35839071.14553723 35839360.14461924
 35839650.14369808 35839939.1427801  35840230.14185577 35840519.14093778
 35840808.1400198  35841099.13909547 35841388.13817748 35841678.13725632
 35918670.89269514 35918958.89178034 35919249.89085601 35919539.88993485]"	0.0	0.0	0.0
3439.478379140179	2.0	trials	6.0	1.0	1.0	0.0	10000.0	0.0	True	40.0	0.0	0.005	"[35919828.88901686 35920117.88809888 35920408.88717455 35920697.88625657
 35920986.88533858 35921276.88441742 35921566.88349626 35921856.8825751
 35922145.88165713 35922435.88073597 35922724.87981798 35923015.87889365
 35923303.87797885 35923593.87705768 35923884.87613335 35924172.87521855
 36011240.59865505 36011529.59773707 36011818.59681908 36012108.59589793]"	0.0	0.0	0.0
3444.81261179646	2.0	trials	6.0	1.0	1.0	0.0	10000.0	0.0	True	40.0	0.0	0.005	"[36012398.59497677 36012687.5940588  36012978.59313446 36013267.59221647
 36013557.59129531 36013848.59037098 36014136.58945618 36014425.58853819
 36014716.58761386 36015005.58669587 36015294.58577789 36015585.58485356
 36015874.58393558 36016163.5830176  36016453.58209644 36016742.58117846
 36073676.40033284 36073966.39941168 36074256.39849053 36074546.39756937]"	0.0	0.0	0.0
3451.028294452892	2.0	trials	6.0	1.0	1.0	0.0	10000.0	0.0	True	40.0	0.0	0.005	"[36074836.39664821 36075124.3957334  36075415.39480906 36075703.39389426
 36075995.39296675 36076282.39205512 36076574.39112761 36076863.39020963
 36077153.38928847 36077441.38837367 36077732.38744932 36078021.38653135
 36078311.38561019 36078601.38468903 36078891.38376787 36079179.38285306
 36136796.19983797 36137085.19891998 36137374.198002   36137664.19708084]"	0.0	0.0	0.0
3457.8685607253906	2.0	trials	6.0	1.0	1.0	0.0	10000.0	0.0	True	40.0	0.0	0.005	"[36137954.19615968 36138243.1952417  36138532.19432372 36138822.19340256
 36139113.19247822 36139403.19155706 36139691.19064226 36139981.18972111
 36140271.18879995 36140561.18787879 36140850.18696081 36141138.186046
 36141430.18511849 36141719.18420051 36142008.18328252 36142299.18235819
 36204647.98431233 36204935.98339752 36205226.98247319 36205515.98155521]"	0.0	0.0	0.0
3465.0224580016675	2.0	trials	6.0	1.0	1.0	0.0	10000.0	0.0	True	40.0	0.0	0.005	"[36205805.98063405 36206095.97971289 36206383.97879808 36206673.97787692
 36206962.97695894 36207253.9760346  36207543.97511345 36207833.97419228
 36208122.97327431 36208411.97235632 36208701.97143517 36208991.97051401
 36209280.96959603 36209569.96867804 36209859.96775688 36210149.96683573
 36281104.7414537  36281394.74053253 36281684.73961137 36281973.7386934 ]"	0.0	0.0	0.0
3470.8648938436854	2.0	trials	6.0	1.0	1.0	0.0	10000.0	0.0	True	40.0	0.0	0.005	"[36282263.73777224 36282553.73685108 36282843.73592992 36283131.73501512
 36283422.73409078 36283710.73317598 36284001.73225164 36284290.73133367
 36284580.7304125  36284868.72949769 36285160.72857019 36285449.7276522
 36285738.72673422 36286028.72581307 36286318.7248919  36286608.72397075
 36345060.53830335 36345349.53738537 36345640.53646103 36345930.53553987]"	0.0	0.0	0.0
3478.904561106392	2.0	trials	6.0	1.0	1.0	0.0	10000.0	0.0	True	40.0	0.0	0.005	"[36346219.53462189 36346508.5337039  36346798.53278275 36347088.53186159
 36347377.53094361 36347667.53002245 36347956.52910446 36348246.5281833
 36348536.52726215 36348826.52634099 36349114.52542619 36349405.52450185
 36349693.52358704 36349985.52265953 36350273.52174473 36350563.52082357
 36426037.28108735 36426328.28016302 36426617.27924503 36426907.27832387]"	0.0	0.0	0.0
3484.4222203800346	2.0	trials	6.0	1.0	1.0	0.0	10000.0	0.0	True	40.0	0.0	0.005	"[36427195.27740907 36427486.27648474 36427775.27556676 36428065.2746456
 36428355.27372444 36428644.27280645 36428934.27188529 36429223.27096731
 36429512.27004933 36429803.269125   36430092.26820701 36430383.26728268
 36430672.2663647  36430962.26544354 36431251.26452556 36431541.2636044
 36494160.06470091 36494450.06377975 36494738.06286494 36495030.06193743]"	0.0	0.0	0.0
3490.5948759731386	2.0	trials	6.0	1.0	1.0	0.0	10000.0	0.0	True	40.0	0.0	0.005	"[36495317.0610258  36495608.06010147 36495899.05917713 36496188.05825915
 36496477.05734117 36496766.05642319 36497056.05550203 36497346.05458087
 36497635.05366289 36497925.05274173 36498215.05182058 36498505.05089941
 36498795.04997826 36499083.04906345 36499373.04814229 36499663.04722114
 36566738.83416039 36567028.83323923 36567317.83232125 36567606.83140326]"	0.0	0.0	0.0
3497.847268936553	2.0	trials	6.0	1.0	1.0	0.0	10000.0	0.0	True	40.0	0.0	0.005	"[36567897.83047894 36568187.82955778 36568475.82864297 36568765.8277218
 36569054.82680383 36569344.82588267 36569634.82496151 36569924.82404035
 36570214.82311919 36570504.82219803 36570792.82128323 36571082.82036207
 36571372.81944092 36571662.81851976 36571952.8175986  36572241.81668061
 36656349.54951929 36656639.54859813 36656928.54768014 36657219.54675581]"	0.0	0.0	0.0
3503.300733214105	2.0	trials	6.0	1.0	1.0	0.0	10000.0	0.0	True	40.0	0.0	0.005	"[36657507.54584101 36657797.54491985 36658086.54400186 36658376.54308071
 36658666.54215954 36658956.54123839 36659245.54032041 36659535.53939925
 36659825.53847809 36660114.53756011 36660403.53664213 36660693.53572097
 36660984.53479663 36661273.53387865 36661563.53295749 36661851.53204269
 36734996.29970432 36735287.29877999 36735575.29786518 36735865.29694402]"	0.0	0.0	0.0
3510.677023383971	2.0	trials	6.0	1.0	1.0	0.0	10000.0	0.0	True	40.0	0.0	0.005	"[36736155.29602287 36736445.2951017  36736734.29418372 36737025.29325939
 36737314.29234141 36737603.29142343 36737893.29050227 36738183.28958111
 36738472.28866313 36738761.28774515 36739052.28682081 36739340.285906
 36739632.28497849 36739920.28406369 36740210.28314253 36740499.28222455
 36819166.03234606 36819455.03142808 36819745.03050692 36820035.02958576]"	0.0	0.0	0.0
3518.5225504633463	2.0	trials	6.0	1.0	1.0	0.0	10000.0	0.0	True	40.0	0.0	0.005	"[36820323.02867095 36820613.0277498  36820903.02682864 36821193.02590748
 36821483.02498632 36821772.02406833 36822063.02314401 36822352.02222602
 36822642.02130487 36822932.02038371 36823221.01946572 36823510.01854774
 36823800.01762658 36824089.0167086  36824379.01578745 36824668.01486947
 36903613.76410475 36903903.76318359 36904192.76226562 36904482.76134446]"	0.0	0.0	0.0
3525.380615079309	2.0	trials	6.0	1.0	1.0	0.0	10000.0	0.0	True	40.0	0.0	0.005	"[36904773.76042012 36905062.75950214 36905351.75858416 36905641.757663
 36905931.75674184 36906221.75582068 36906509.75490588 36906799.75398472
 36907089.75306356 36907379.7521424  36907668.75122441 36907958.75030326
 36908247.74938528 36908539.74845777 36908827.74754296 36909117.7466218
 36969653.55433477 36969942.55341678 36970232.55249562 36970522.55157447]"	0.0	0.0	0.0
3531.6388928004426	2.0	trials	6.0	1.0	1.0	0.0	10000.0	0.0	True	40.0	0.0	0.005	"[36970810.55065966 36971100.5497385  36971390.54881734 36971680.54789618
 36971969.54697821 36972259.54605705 36972550.54513271 36972838.54421791
 36973128.54329675 36973419.54237241 36973708.54145443 36973997.54053645
 36974286.53961847 36974577.53869414 36974866.53777615 36975157.53685182
 37037204.33976522 37037493.33884724 37037783.33792609 37038072.3370081 ]"	0.0	0.0	0.0
3538.8268315685896	2.0	trials	6.0	1.0	1.0	0.0	10000.0	0.0	True	40.0	0.0	0.005	"[37038362.33608694 37038652.33516578 37038941.33424781 37039232.33332347
 37039520.33240867 37039810.33148751 37040100.33056635 37040390.32964519
 37040680.32872403 37040968.32780923 37041258.32688807 37041547.32597008
 37041839.32504258 37042127.32412777 37042417.32320661 37042706.32228863
 37129930.04522962 37130219.04431164 37130508.04339365 37130800.04246613]"	0.0	0.0	0.0
3546.167093052897	2.0	trials	6.0	1.0	1.0	0.0	10000.0	0.0	True	40.0	0.0	0.005	"[37131088.04155133 37131378.04063018 37131668.03970902 37131957.03879104
 37132246.03787305 37132537.03694872 37132826.03603073 37133116.03510958
 37133407.03418525 37133695.03327044 37133984.03235246 37134275.03142812
 37134564.03051014 37134853.02959216 37135142.02867418 37135433.02774984
 37216106.7714963  37216395.77057832 37216684.76966033 37216975.768736  ]"	0.0	0.0	0.0
3553.6109478081494	2.0	trials	6.0	1.0	1.0	0.0	10000.0	0.0	True	40.0	0.0	0.005	"[37217265.76781484 37217553.76690004 37217843.76597888 37218133.76505772
 37218423.76413657 37218712.76321858 37219002.76229742 37219292.76137627
 37219581.76045828 37219870.7595403  37220160.75861914 37220450.75769798
 37220741.75677365 37221030.75585567 37221319.75493769 37221608.7540197
 37294374.5228852  37294664.52196404 37294953.52104606 37295244.52012172]"	0.0	0.0	0.0
3560.546512977939	2.0	trials	6.0	1.0	1.0	0.0	10000.0	0.0	True	40.0	0.0	0.005	"[37295534.51920056 37295822.51828576 37296112.5173646  37296403.51644026
 37296691.51552546 37296981.5146043  37297271.51368314 37297560.51276516
 37297850.511844   37298139.51092602 37298430.51000168 37298719.5090837
 37299008.50816572 37299298.50724456 37299588.5063234  37299877.50540543
 37375483.26524992 37375774.26432558 37376064.26340442 37376352.26248962]"	0.0	0.0	0.0
3566.4627341855844	2.0	trials	6.0	1.0	1.0	0.0	10000.0	0.0	True	40.0	0.0	0.005	"[37376644.26156211 37376932.2606473  37377222.25972614 37377512.25880498
 37377801.257887   37378090.25696902 37378379.25605104 37378670.2551267
 37378959.25420872 37379249.25328756 37379538.25236958 37379828.25144842
 37380118.25052726 37380408.24960611 37380697.24868813 37380987.24776696
 37447919.03516363 37448208.03424564 37448498.03332448 37448789.03240015]"	0.0	0.0	0.0
3572.0786299471874	2.0	trials	6.0	1.0	1.0	0.0	10000.0	0.0	True	40.0	0.0	0.005	"[37449077.03148534 37449368.03056101 37449656.0296462  37449946.02872504
 37450236.02780388 37450527.02687956 37450815.02596474 37451105.02504359
 37451395.02412243 37451683.02320763 37451973.02228647 37452264.02136213
 37452554.02044097 37452843.01952299 37453132.01860501 37453422.01768385
 37507583.84564324 37507871.84472843 37508162.8438041  37508450.84288929]"	0.0	0.0	0.0
3578.5708781251346	2.0	trials	6.0	1.0	1.0	0.0	10000.0	0.0	True	40.0	0.0	0.005	"[37508742.84196178 37509031.8410438  37509320.84012581 37509610.83920466
 37509900.8382835  37510189.83736552 37510478.83644754 37510769.8355232
 37511058.83460522 37511348.83368406 37511637.83276608 37511927.83184492
 37512218.83092058 37512507.83000261 37512796.82908463 37513086.82816347
 37596993.5616406  37597283.56071944 37597572.55980145 37597862.5588803 ]"	0.0	0.0	0.0
3584.7433609187874	2.0	trials	6.0	1.0	1.0	0.0	10000.0	0.0	True	40.0	0.0	0.005	"[37598152.55795914 37598440.55704433 37598730.55612317 37599020.55520201
 37599309.55428404 37599600.5533597  37599890.55243854 37600178.55152374
 37600468.55060258 37600758.54968142 37601048.54876027 37601337.54784228
 37601627.54692112 37601917.54599997 37602207.54507881 37602496.54416082
 37662984.35202625 37663273.35110828 37663564.35018393 37663854.34926277]"	0.0	0.0	0.0
3591.4953266717644	2.0	trials	6.0	1.0	1.0	0.0	10000.0	0.0	True	40.0	0.0	0.005	"[37664143.34834479 37664432.34742682 37664723.34650248 37665013.34558132
 37665302.34466334 37665591.34374536 37665880.34282737 37666171.34190304
 37666460.34098506 37666750.34006391 37667040.33914274 37667329.33822476
 37667618.33730678 37667908.33638562 37668198.33546446 37668487.33454648
 37725767.15260183 37726057.15168067 37726345.15076587 37726635.14984471]"	0.0	0.0	0.0
3598.508651594557	2.0	trials	6.0	1.0	1.0	0.0	10000.0	0.0	True	40.0	0.0	0.005	"[37726924.14892672 37727215.14800239 37727504.14708441 37727794.14616325
 37728084.14524209 37728374.14432094 37728663.14340295 37728953.14248179
 37729243.14156064 37729533.14063947 37729822.13972149 37730111.1388035
 37730402.13787918 37730691.13696119 37730980.13604321 37731269.13512523
 37787639.95606793 37787929.95514677 37788218.95422879 37788507.95331082]"	0.0	0.0	0.0
3603.6572112406116	2.0	trials	6.0	1.0	1.0	0.0	10000.0	0.0	True	40.0	0.0	0.005	"[37788798.95238648 37789087.9514685  37789377.95054734 37789668.949623
 37789956.9487082  37790247.94778386 37790535.94686905 37790825.94594789
 37791115.94502673 37791405.94410558 37791693.94319078 37791985.94226326
 37792273.94134846 37792564.94042412 37792853.93950614 37793142.93858816
 37868892.69797525 37869181.69705727 37869471.69613611 37869760.69521812]"	0.0	0.0	0.0
3609.1953472492105	2.0	trials	6.0	1.0	1.0	0.0	10000.0	0.0	True	40.0	0.0	0.005	"[37870050.69429697 37870340.69337581 37870630.69245465 37870919.69153667
 37871210.69061234 37871500.68969118 37871789.68877319 37872079.68785204
 37872367.68693724 37872658.68601289 37872946.68509809 37873237.68417376
 37873525.68325895 37873815.68233779 37874105.68141664 37874395.68049547
 37934237.49041287 37934526.48949488 37934815.4885769  37935106.48765257]"	0.0	0.0	0.0
3614.387279557496	2.0	trials	6.0	1.0	1.0	0.0	10000.0	0.0	True	40.0	0.0	0.005	"[37935394.48673777 37935685.48581343 37935973.48489863 37936262.48398064
 37936553.48305631 37936843.48213515 37937133.48121399 37937423.48029283
 37937712.47937485 37938002.47845369 37938292.47753254 37938580.47661773
 37938869.47569975 37939161.47477224 37939450.47385425 37939739.47293627
 38022917.20872901 38023207.20780785 38023497.20688668 38023787.20596553]"	0.0	0.0	0.0
3620.475090620102	2.0	trials	6.0	1.0	1.0	0.0	10000.0	0.0	True	40.0	0.0	0.005	"[38024076.20504755 38024366.20412639 38024655.20320841 38024944.20229042
 38025234.20136926 38025524.20044811 38025814.19952695 38026103.19860896
 38026392.19769099 38026682.19676983 38026972.19584867 38027262.19492751
 38027552.19400635 38027841.19308838 38028131.19216722 38028420.19124923
 38101811.95812629 38102100.95720831 38102390.95628715 38102680.95536599]"	0.0	0.0	0.0
3627.8214000851985	2.0	trials	6.0	1.0	1.0	0.0	10000.0	0.0	True	40.0	0.0	0.005	"[38102969.95444801 38103260.95352368 38103549.95260569 38103840.95168136
 38104128.95076656 38104418.9498454  38104708.94892424 38104998.94800308
 38105288.94708192 38105576.94616711 38105867.94524278 38106156.94432479
 38106446.94340364 38106735.94248566 38107024.94156767 38107314.94064651
 38177706.7170528  38177996.71613164 38178286.71521048 38178576.71428933]"	0.0	0.0	0.0
3633.155891940656	2.0	trials	6.0	1.0	1.0	0.0	10000.0	0.0	True	40.0	0.0	0.005	"[38178866.71336817 38179155.71245019 38179444.71153221 38179734.71061105
 38180023.70969306 38180312.70877508 38180603.70785075 38180892.70693277
 38181181.70601478 38181473.70508727 38181762.7041693  38182051.70325131
 38182341.70233015 38182630.70141217 38182921.70048783 38183210.69956985
 38269655.42498527 38269944.42406728 38270235.42314294 38270524.42222496]"	0.0	0.0	0.0
3638.631560947677	2.0	trials	6.0	1.0	1.0	0.0	10000.0	0.0	True	40.0	0.0	0.005	"[38270813.42130698 38271103.42038582 38271392.41946784 38271681.41854986
 38271973.41762234 38272261.41670754 38272552.4157832  38272841.41486523
 38273130.41394725 38273421.41302291 38273709.4121081  38274000.41118377
 38274289.41026578 38274579.40934463 38274869.40842347 38275158.40750548
 38330344.23221224 38330635.2312879  38330924.23036992 38331213.22945193]"	0.0	0.0	0.0
3645.48884796611	2.0	trials	6.0	1.0	1.0	0.0	10000.0	0.0	True	40.0	0.0	0.005	"[38331504.22852761 38331793.22760962 38332083.22668846 38332372.22577047
 38332662.22484932 38332952.22392815 38333241.22301018 38333530.2220922
 38333821.22116786 38334111.2202467  38334399.2193319  38334691.21840439
 38334979.21748959 38335268.2165716  38335559.21564727 38335848.21472929
 38422915.93816578 38423205.93724462 38423494.93632665 38423783.93540867]"	0.0	0.0	0.0
3652.9409970950155	2.0	trials	6.0	1.0	1.0	0.0	10000.0	0.0	True	40.0	0.0	0.005	"[38424073.93448751 38424363.93356635 38424651.93265154 38424942.93172721
 38425231.93080923 38425522.92988489 38425810.92897008 38426100.92804893
 38426391.92712459 38426680.92620661 38426969.92528863 38427258.92437065
 38427548.92344949 38427837.92253151 38428127.92161035 38428418.92068601
 38497919.69992248 38498209.69900133 38498499.69808017 38498789.69715901]"	0.0	0.0	0.0
3660.2008204348276	2.0	trials	6.0	1.0	1.0	0.0	10000.0	0.0	True	40.0	0.0	0.005	"[38499078.69624102 38499367.69532304 38499656.69440506 38499946.6934839
 38500236.69256274 38500526.69164158 38500816.69072042 38501106.68979927
 38501395.68888129 38501685.68796013 38501974.68704215 38502263.68612416
 38502553.685203   38502842.68428502 38503132.68336387 38503422.68244271
 38590348.40633026 38590638.40540911 38590927.40449112 38591215.40357631]"	0.0	0.0	0.0
3666.9807796988857	2.0	trials	6.0	1.0	1.0	0.0	10000.0	0.0	True	40.0	0.0	0.005	"[38591505.40265515 38591795.401734   38592085.40081284 38592375.39989168
 38592664.3989737  38592953.39805572 38593244.39713138 38593533.3962134
 38593823.39529224 38594112.39437427 38594402.39345311 38594692.39253195
 38594981.39161396 38595271.3906928  38595560.38977483 38595850.38885367
 38653971.20423765 38654261.20331649 38654550.20239851 38654839.20148053]"	0.0	0.0	0.0
3673.8208731719333	2.0	trials	6.0	1.0	1.0	0.0	10000.0	0.0	True	40.0	0.0	0.005	"[38655130.20055619 38655418.19964138 38655709.19871706 38655999.1977959
 38656288.19687792 38656577.19595993 38656867.19503877 38657157.19411762
 38657446.19319963 38657736.19227847 38658025.1913605  38658316.19043616
 38658604.18952136 38658895.18859702 38659183.18768221 38659474.18675788
 38746389.9106772  38746679.90975604 38746967.90884124 38747258.9079169 ]"	0.0	0.0	0.0
3680.4872167968806	2.0	trials	6.0	1.0	1.0	0.0	10000.0	0.0	True	40.0	0.0	0.005	"[38747548.90699574 38747838.90607458 38748127.9051566  38748416.90423862
 38748707.90331428 38748997.90239312 38749285.90147831 38749575.90055716
 38749865.899636   38750154.89871803 38750443.89780004 38750733.89687888
 38751024.89595455 38751312.89503974 38751602.89411858 38751893.89319425
 38835396.62795465 38835686.62703349 38835975.62611551 38836266.62519117]"	0.0	0.0	0.0
3687.555491945129	2.0	trials	6.0	1.0	1.0	0.0	10000.0	0.0	True	40.0	0.0	0.005	"[38836555.62427319 38836845.62335204 38837135.62243088 38837424.6215129
 38837715.62058856 38838004.61967057 38838294.61874942 38838583.61783144
 38838872.61691345 38839162.6159923  38839451.61507431 38839742.61414998
 38840031.61323199 38840321.61231083 38840609.61139603 38840900.6104717
 39087170.82821452 39087460.82729336 39087749.82637537 39088039.82545422]"	0.0	0.0	0.0
3694.4374028853467	2.0	trials	6.0	1.0	1.0	0.0	10000.0	0.0	True	40.0	0.0	0.005	"[39088329.82453306 39088619.8236119  39088908.82269391 39089198.82177275
 39089488.8208516  39089777.81993362 39090066.81901564 39090356.81809448
 39090647.81717014 39090936.81625216 39091225.81533419 39091515.81441303
 39091804.81349504 39092094.81257388 39092384.81165272 39092673.81073473
 39150288.627726   39150579.62680166 39150867.62588685 39151157.62496569]"	0.0	0.0	0.0
3701.8589665114046	2.0	trials	6.0	1.0	1.0	0.0	10000.0	0.0	True	40.0	0.0	0.005	"[39151447.62404454 39151737.62312338 39152027.62220223 39152316.62128424
 39152606.62036308 39152895.61944509 39153185.61852394 39153475.61760278
 39153763.61668798 39154053.61576682 39154344.61484248 39154633.6139245
 39154923.61300334 39155212.61208536 39155502.6111642  39155791.61024622
 39220987.40315712 39221277.40223596 39221566.40131798 39221857.40039364]"	0.0	0.0	0.0
3720.7951079624227	2.0	trials	7.0	1.0	1.0	0.0	10000.0	0.0	True	40.0	0.0	0.005	"[39222146.39947566 39222436.3985545  39222725.39763653 39223014.39671854
 39223305.39579421 39223594.39487622 39223884.39395507 39224173.39303709
 39224463.39211593 39224754.39119159 39225043.39027361 39225332.38935563
 39225621.38843764 39225911.38751648 39226202.38659216 39226490.38567735
 39304857.13675178 39305147.13583062 39305437.13490947 39305727.13398831]"	0.0	0.0	0.0
3727.057964869011	2.0	trials	7.0	1.0	1.0	0.0	10000.0	0.0	True	40.0	0.0	0.005	"[39306016.13307032 39306306.13214917 39306595.13123118 39306885.13031002
 39307174.12939204 39307464.12847088 39307753.1275529  39308044.12662857
 39308334.12570741 39308623.12478942 39308913.12386826 39309202.12295029
 39309492.12202913 39309781.12111115 39310071.12018999 39310361.11926883
 39397431.8426958  39397721.84177464 39398010.84085666 39398299.83993869]"	0.0	0.0	0.0
3732.2851482653246	2.0	trials	7.0	1.0	1.0	0.0	10000.0	0.0	True	40.0	0.0	0.005	"[39398590.83901435 39398879.83809637 39399168.83717839 39399457.8362604
 39399748.83533607 39400037.83441808 39400327.83349692 39400616.83257895
 39400907.83165461 39401196.83073663 39401485.82981864 39401775.82889748
 39402064.82797951 39402354.82705835 39402645.82613401 39402934.82521603
 39487093.55789271 39487383.55697155 39487672.55605356 39487962.55513241]"	0.0	0.0	0.0
3738.0095620822294	2.0	trials	7.0	1.0	1.0	0.0	10000.0	0.0	True	40.0	0.0	0.005	"[39488252.55421125 39488541.55329327 39488832.55236893 39489120.55145413
 39489410.55053297 39489701.54960863 39489989.54869383 39490279.54777267
 39490569.54685151 39490859.54593036 39491148.54501238 39491437.54409439
 39491728.54317006 39492018.5422489  39492307.54133091 39492596.54041294
 39559184.32890227 39559472.32798747 39559763.32706314 39560052.32614516]"	0.0	0.0	0.0
3744.6333970422024	2.0	trials	7.0	1.0	1.0	0.0	10000.0	0.0	True	40.0	0.0	0.005	"[39560342.325224   39560632.32430284 39560921.32338485 39561211.32246369
 39561501.32154254 39561790.32062456 39562080.3197034  39562370.31878224
 39562659.31786425 39562949.31694309 39563239.31602194 39563528.31510396
 39563818.3141828  39564107.31326482 39564397.31234366 39564687.3114225
 39643419.06133755 39643709.06041639 39643998.05949841 39644289.05857407]"	0.0	0.0	0.0
3750.6040500769495	2.0	trials	7.0	1.0	1.0	0.0	10000.0	0.0	True	40.0	0.0	0.005	"[39644578.05765609 39644868.05673493 39645156.05582012 39645447.05489579
 39645736.0539778  39646026.05305664 39646316.05213549 39646606.05121433
 39646894.05029953 39647185.04937519 39647474.04845721 39647764.04753605
 39648053.04661807 39648342.04570009 39648633.04477575 39648922.04385777
 39730433.7849424  39730721.78402759 39731012.78310326 39731301.78218528]"	0.0	0.0	0.0
3756.47154183938	2.0	trials	7.0	1.0	1.0	0.0	10000.0	0.0	True	40.0	0.0	0.005	"[39731590.78126729 39731880.78034613 39732169.77942815 39732460.77850382
 39732750.77758266 39733039.77666468 39733328.7757467  39733618.77482554
 39733907.77390756 39734197.7729864  39734486.77206842 39734778.7711409
 39735065.77022928 39735356.76930494 39735646.76838379 39735935.7674658
 39816888.51032604 39817178.50940488 39817467.5084869  39817758.50756257]"	0.0	0.0	0.0
3763.077492056162	2.0	trials	7.0	1.0	1.0	0.0	10000.0	0.0	True	40.0	0.0	0.005	"[39818047.50664458 39818336.50572661 39818626.50480545 39818916.50388429
 39819205.5029663  39819495.50204515 39819784.50112717 39820074.50020601
 39820365.49928167 39820654.49836369 39820944.49744254 39821232.49652772
 39821522.49560656 39821812.49468541 39822102.49376425 39822391.49284627
 39878628.31421461 39878918.31329345 39879206.31237864 39879497.31145431]"	0.0	0.0	0.0
3770.733976536015	2.0	trials	7.0	1.0	1.0	0.0	10000.0	0.0	True	40.0	0.0	0.005	"[39879786.31053633 39880076.30961517 39880365.30869719 39880655.30777603
 39880944.30685805 39881233.30594006 39881524.30501574 39881814.30409458
 39882103.30317659 39882393.30225543 39882683.30133428 39882972.30041629
 39883262.29949513 39883552.29857398 39883841.29765599 39884130.29673801
 39950568.08570381 39950859.08477948 39951149.08385832 39951438.08294034]"	0.0	0.0	0.0
3777.0754571928614	2.0	trials	7.0	1.0	1.0	0.0	10000.0	0.0	True	40.0	0.0	0.005	"[39951727.08202236 39952017.0811012  39952307.08018005 39952597.07925888
 39952886.0783409  39953176.07741974 39953465.07650176 39953755.07558061
 39954045.07465944 39954334.07374147 39954625.07281712 39954913.07190232
 39955202.07098434 39955492.07006318 39955782.06914203 39956073.06821769
 40029738.83422441 40030027.83330643 40030317.83238528 40030606.83146729]"	0.0	0.0	0.0
3784.6362971765207	2.0	trials	7.0	1.0	1.0	0.0	10000.0	0.0	True	40.0	0.0	0.005	"[40030895.83054931 40031186.82962497 40031476.82870381 40031765.82778583
 40032054.82686786 40032344.8259467  40032634.82502554 40032923.82410756
 40033213.8231864  40033502.82226841 40033793.82134408 40034081.82042927
 40034371.81950812 40034661.81858696 40034951.81766579 40035240.81674782
 40112538.57121783 40112826.57030302 40113117.56937869 40113406.56846071]"	0.0	0.0	0.0
3791.7464761916644	2.0	trials	7.0	1.0	1.0	0.0	10000.0	0.0	True	40.0	0.0	0.005	"[40113696.56753955 40113985.56662156 40114274.56570359 40114565.56477925
 40114854.56386127 40115144.56294011 40115433.56202213 40115723.56110097
 40116013.56017981 40116302.55926184 40116593.55833749 40116881.55742269
 40117171.55650153 40117462.5555772  40117751.55465922 40118039.55374441
 40180159.35642594 40180449.35550478 40180739.35458363 40181027.35366882]"	0.0	0.0	0.0
3799.8706423859685	2.0	trials	7.0	1.0	1.0	0.0	10000.0	0.0	True	40.0	0.0	0.005	"[40181318.35274448 40181607.3518265  40181896.35090853 40182186.34998737
 40182475.34906938 40182765.34814823 40183055.34722707 40183345.34630591
 40183634.34538792 40183924.34446676 40184213.34354878 40184503.34262763
 40184793.34170647 40185083.34078531 40185372.33986732 40185662.33894617
 40273211.06085482 40273501.05993366 40273790.05901568 40274079.0580977 ]"	0.0	0.0	0.0
3805.186039902077	2.0	trials	7.0	1.0	1.0	0.0	10000.0	0.0	True	40.0	0.0	0.005	"[40274369.05717654 40274658.05625856 40274948.05533741 40275238.05441625
 40275528.05349509 40275818.05257392 40276107.05165594 40276397.05073479
 40276685.04981998 40276976.04889564 40277265.04797766 40277555.0470565
 40277845.04613535 40278134.04521737 40278424.04429621 40278714.04337505
 40337071.85800622 40337360.85708825 40337650.85616709 40337941.85524275]"	0.0	0.0	0.0
3810.832434766802	2.0	trials	7.0	1.0	1.0	0.0	10000.0	0.0	True	40.0	0.0	0.005	"[40338229.85432795 40338520.85340361 40338808.85248881 40339100.85156129
 40339388.85064649 40339678.84972533 40339967.84880735 40340258.84788302
 40340546.84696821 40340836.84604705 40341126.84512589 40341416.84420473
 40341707.8432804  40341995.8423656  40342285.84144443 40342575.84052327
 40408515.63107093 40408804.63015295 40409093.62923497 40409384.62831064]"	0.0	0.0	0.0
3818.9017371353752	2.0	trials	7.0	1.0	1.0	0.0	10000.0	0.0	True	40.0	0.0	0.005	"[40409673.62739265 40409963.62647149 40410252.62555351 40410541.62463553
 40410832.6237112  40411122.62279004 40411411.62187206 40411701.62095089
 40411990.62003291 40412280.61911175 40412570.61819059 40412858.61727579
 40413148.61635464 40413438.61543348 40413728.61451232 40414017.61359434
 40492454.36444642 40492744.36352526 40493034.3626041  40493322.36168929]"	0.0	0.0	0.0
3824.9879066031954	2.0	trials	7.0	1.0	1.0	0.0	10000.0	0.0	True	40.0	0.0	0.005	"[40493613.36076497 40493902.35984698 40494192.35892582 40494482.35800466
 40494770.35708985 40495060.35616869 40495351.35524436 40495640.35432638
 40495930.35340522 40496219.35248724 40496510.35156291 40496799.35064492
 40497089.34972376 40497377.34880896 40497667.34788781 40497958.34696347
 40555574.16395154 40555865.16302721 40556153.16211241 40556444.16118807]"	0.0	0.0	0.0
3831.4129357946576	2.0	trials	7.0	1.0	1.0	0.0	10000.0	0.0	True	40.0	0.0	0.005	"[40556732.16027326 40557023.15934893 40557311.15843412 40557601.15751297
 40557892.15658863 40558181.15567065 40558471.15474948 40558760.1538315
 40559049.15291352 40559340.15198919 40559629.15107121 40559919.15015005
 40560208.14923207 40560498.14831091 40560788.14738975 40561077.14647177
 40640947.89276889 40641236.8918509  40641526.89092974 40641816.89000858]"	0.0	0.0	0.0
3837.834336197646	2.0	trials	7.0	1.0	1.0	0.0	10000.0	0.0	True	40.0	0.0	0.005	"[40642106.88908742 40642394.88817262 40642685.88724829 40642974.88633031
 40643264.88540915 40643554.88448799 40643843.88357    40644133.88264885
 40644423.88172769 40644713.88080654 40645001.87989172 40645291.87897056
 40645581.8780494  40645871.87712825 40646160.87621027 40646450.8752891
 40731750.60434151 40732040.60342034 40732331.60249601 40732620.60157803]"	0.0	0.0	0.0
3844.690068021019	2.0	trials	7.0	1.0	1.0	0.0	10000.0	0.0	True	40.0	0.0	0.005	"[40732910.60065687 40733199.59973889 40733489.59881773 40733778.59789975
 40734068.59697859 40734358.59605744 40734647.59513945 40734938.59421512
 40735226.59330031 40735517.59237597 40735806.59145799 40736096.59053684
 40736385.58961885 40736675.58869769 40736965.58777653 40737254.58685855
 40811128.35220459 40811417.35128661 40811706.35036862 40811997.34944429]"	0.0	0.0	0.0
3850.2831542550744	2.0	trials	7.0	1.0	1.0	0.0	10000.0	0.0	True	40.0	0.0	0.005	"[40812287.34852313 40812576.34760515 40812865.34668717 40813155.34576601
 40813444.34484803 40813735.34392369 40814023.34300888 40814314.34208455
 40814604.34116339 40814893.34024541 40815183.33932425 40815473.3384031
 40815762.33748511 40816052.33656395 40816341.33564597 40816631.33472481
 40883561.12212782 40883852.12120349 40884141.1202855  40884430.11936752]"	0.0	0.0	0.0
3857.09836460716	2.0	trials	7.0	1.0	1.0	0.0	10000.0	0.0	True	40.0	0.0	0.005	"[40884720.11844636 40885011.11752203 40885300.11660405 40885590.11568289
 40885878.11476809 40886168.11384693 40886457.11292895 40886748.11200461
 40887037.11108663 40887327.11016548 40887616.10924749 40887906.10832633
 40888197.10740199 40888485.10648718 40888775.10556603 40889064.10464805
 40966754.85786973 40967043.85695175 40967334.85602742 40967623.85510944]"	0.0	0.0	0.0
3863.4227381183464	2.0	trials	7.0	1.0	1.0	0.0	10000.0	0.0	True	40.0	0.0	0.005	"[40967913.85418828 40968202.85327029 40968491.85235231 40968781.85143115
 40969072.85050682 40969361.84958883 40969650.84867086 40969940.8477497
 40970230.84682854 40970520.84590738 40970809.8449894  40971098.84407142
 40971389.84314708 40971678.8422291  40971968.84130795 40972256.84039314
 41051711.58801164 41052001.58709048 41052291.58616932 41052581.58524816]"	0.0	0.0	0.0
3869.130908786846	2.0	trials	7.0	1.0	1.0	0.0	10000.0	0.0	True	40.0	0.0	0.005	"[41052870.58433018 41053160.58340902 41053450.58248787 41053739.58156988
 41054028.5806519  41054318.57973074 41054608.57880958 41054897.5778916
 41055188.57696727 41055477.57604928 41055767.57512812 41056056.57421014
 41056347.5732858  41056635.572371   41056925.57144985 41057215.57052869
 41137868.31434185 41138157.31342387 41138447.3125027  41138737.31158154]"	0.0	0.0	0.0
3876.5379572590105	2.0	trials	7.0	1.0	1.0	0.0	10000.0	0.0	True	40.0	0.0	0.005	"[41139026.31066357 41139317.30973923 41139606.30882125 41139895.30790327
 41140186.30697893 41140475.30606095 41140764.30514297 41141054.30422181
 41141344.30330066 41141634.3023795  41141923.30146151 41142212.30054353
 41142503.29961919 41142792.29870122 41143081.29778323 41143371.29686207
 41218140.05936522 41218431.05844089 41218720.0575229  41219009.05660493]"	0.0	0.0	0.0
3882.0392869845214	2.0	trials	7.0	1.0	1.0	0.0	10000.0	0.0	True	40.0	0.0	0.005	"[41219300.05568059 41219589.05476261 41219879.05384145 41220168.05292346
 41220458.05200231 41220747.05108432 41221038.05016    41221327.04924201
 41221617.04832085 41221906.04740287 41222196.04648171 41222485.04556373
 41222774.04464575 41223065.04372142 41223355.04280026 41223644.04188227
 41286614.84186069 41286904.84093953 41287193.84002154 41287483.83910038]"	0.0	0.0	0.0
3889.2582432541444	2.0	trials	7.0	1.0	1.0	0.0	10000.0	0.0	True	40.0	0.0	0.005	"[41287772.8381824  41288062.83726124 41288353.83633691 41288641.83542211
 41288931.83450095 41289221.83357979 41289511.83265863 41289801.83173747
 41290089.83082267 41290379.82990151 41290670.82897717 41290959.82805919
 41291248.8271412  41291538.82622005 41291827.82530206 41292118.82437774
 41351613.63539733 41351903.63447618 41352193.63355502 41352483.63263386]"	0.0	0.0	0.0
3897.3284096199736	2.0	trials	7.0	1.0	1.0	0.0	10000.0	0.0	True	40.0	0.0	0.005	"[41352772.63171588 41353061.63079789 41353352.62987357 41353641.62895558
 41353930.6280376  41354221.62711326 41354510.62619528 41354800.62527412
 41355089.62435614 41355379.62343498 41355668.622517   41355957.62159903
 41356248.62067468 41356537.61975671 41356827.61883555 41357117.61791439
 41426756.39671251 41427046.39579135 41427335.39487337 41427624.39395539]"	0.0	0.0	0.0
3903.190544599419	2.0	trials	7.0	1.0	1.0	0.0	10000.0	0.0	True	40.0	0.0	0.005	"[41427914.39303423 41428205.39210989 41428493.39119509 41428783.39027393
 41429072.38935595 41429362.38843478 41429653.38751046 41429941.38659565
 41430231.38567449 41430521.38475333 41430810.38383535 41431100.38291419
 41431390.38199303 41431680.38107187 41431968.38015707 41432259.37923273
 41498198.16978357 41498486.16886876 41498777.16794442 41499066.16702644]"	0.0	0.0	0.0
3910.619279402699	2.0	trials	7.0	1.0	1.0	0.0	10000.0	0.0	True	40.0	0.0	0.005	"[41499355.16610846 41499646.16518413 41499935.16426614 41500224.16334817
 41500514.162427   41500803.16150902 41501094.16058469 41501384.15966353
 41501673.15874555 41501962.15782757 41502253.15690323 41502542.15598524
 41502831.15506727 41503120.15414928 41503411.15322495 41503700.15230697
 41576343.92155998 41576633.92063882 41576923.91971766 41577211.91880286]"	0.0	0.0	0.0
3917.9683536590132	2.0	trials	7.0	1.0	1.0	0.0	10000.0	0.0	True	40.0	0.0	0.005	"[41577502.91787853 41577792.91695736 41578080.91604256 41578370.9151214
 41578660.91420024 41578951.91327591 41579239.91236111 41579529.91143995
 41579820.91051561 41580109.90959763 41580398.90867964 41580687.90776167
 41580977.90684051 41581267.90591935 41581556.90500136 41581846.9040802
 41657517.66371824 41657805.66280343 41658095.66188227 41658386.66095794]"	0.0	0.0	0.0
3923.6760059291596	2.0	trials	7.0	1.0	1.0	0.0	10000.0	0.0	True	40.0	0.0	0.005	"[41658676.66003678 41658965.65911879 41659254.65820082 41659543.65728283
 41659834.6563585  41660123.65544052 41660413.65451936 41660703.6535982
 41660992.65268022 41661282.65175907 41661571.65084108 41661862.64991675
 41662151.64899876 41662440.64808078 41662730.64715961 41663020.64623846
 41717107.47443608 41717397.47351492 41717685.47260012 41717975.47167896]"	0.0	0.0	0.0
3930.868523882761	2.0	trials	7.0	1.0	1.0	0.0	10000.0	0.0	True	40.0	0.0	0.005	"[41718264.47076098 41718554.46983982 41718844.46891866 41719134.46799751
 41719424.46707634 41719714.46615519 41720003.46523721 41720292.46431922
 41720582.46339806 41720872.4624769  41721162.46155574 41721452.46063459
 41721741.45971661 41722031.45879545 41722320.45787746 41722610.4569563
 41781206.2708315  41781494.2699167  41781784.26899554 41782073.26807756]"	0.0	0.0	0.0
3937.906213528161	2.0	trials	7.0	1.0	1.0	0.0	10000.0	0.0	True	40.0	0.0	0.005	"[41782364.26715323 41782653.26623525 41782944.26531091 41783232.2643961
 41783522.26347494 41783812.26255378 41784102.26163263 41784390.26071782
 41784680.25979666 41784970.2588755  41785260.25795434 41785550.25703318
 41785839.25611521 41786129.25519405 41786418.25427607 41786708.25335491
 41841298.0799548  41841587.07903681 41841877.07811565 41842166.07719766]"	0.0	0.0	0.0
3943.6385761198176	2.0	trials	7.0	1.0	1.0	0.0	10000.0	0.0	True	40.0	0.0	0.005	"[41842457.07627333 41842746.07535535 41843035.07443737 41843325.07351621
 41843615.07259505 41843905.07167389 41844194.07075591 41844483.06983793
 41844773.06891678 41845063.06799562 41845353.06707446 41845643.0661533
 41845931.06523849 41846222.06431416 41846511.06339618 41846800.06247819
 41911757.85614508 41912047.85522392 41912337.85430276 41912627.8533816 ]"	0.0	0.0	0.0
3951.135825905465	2.0	trials	7.0	1.0	1.0	0.0	10000.0	0.0	True	40.0	0.0	0.005	"[41912916.85246363 41913205.85154564 41913495.85062449 41913784.8497065
 41914075.84878217 41914363.84786736 41914653.8469462  41914944.84602187
 41915233.84510388 41915523.84418272 41915813.84326157 41916101.84234677
 41916392.84142243 41916682.84050127 41916970.83958647 41917261.83866213
 41996784.58606464 41997073.58514665 41997363.58422549 41997653.58330433]"	0.0	0.0	0.0
3957.543747951266	2.0	trials	7.0	1.0	1.0	0.0	10000.0	0.0	True	40.0	0.0	0.005	"[41997943.58238318 41998232.5814652  41998521.58054721 41998811.57962605
 41999101.57870489 41999390.57778692 41999680.57686576 41999970.5759446
 42000259.57502662 42000550.57410228 42000839.5731843  42001128.57226632
 42001418.57134516 42001709.57042082 42001997.56950602 42002288.56858168
 42058526.38994685 42058816.3890257  42059106.38810454 42059395.38718655]"	0.0	0.0	0.0
3963.6521221485546	2.0	trials	7.0	1.0	1.0	0.0	10000.0	0.0	True	40.0	0.0	0.005	"[42059686.38626222 42059975.38534423 42060265.38442308 42060555.38350192
 42060844.38258394 42061133.38166595 42061423.38074479 42061714.37982046
 42062003.37890248 42062293.37798132 42062582.37706333 42062872.37614218
 42063162.37522102 42063451.37430304 42063740.37338506 42064030.3724639
 42121902.18863881 42122192.18771765 42122481.18679968 42122771.18587852]"	0.0	0.0	0.0
3969.033961053619	2.0	trials	7.0	1.0	1.0	0.0	10000.0	0.0	True	40.0	0.0	0.005	"[42123060.18496053 42123351.1840362  42123641.18311504 42123930.18219706
 42124219.18127908 42124509.18035792 42124798.17943994 42125088.17851878
 42125378.17759762 42125667.17667964 42125957.17575848 42126246.17484049
 42126537.17391616 42126826.17299818 42127116.17207702 42127405.17115904
 42201268.93653683 42201557.93561886 42201847.9346977  42202137.93377654]"	0.0	0.0	0.0
3975.394017651461	2.0	trials	7.0	1.0	1.0	0.0	10000.0	0.0	True	40.0	0.0	0.005	"[42202426.93285856 42202716.9319374  42203005.93101942 42203296.93009508
 42203586.92917392 42203874.92825912 42204164.92733796 42204454.9264168
 42204744.92549564 42205034.92457449 42205323.9236565  42205612.92273852
 42205904.92181101 42206192.9208962  42206481.91997822 42206772.91905389
 42287520.66256529 42287810.66164413 42288100.66072297 42288389.65980499]"	0.0	0.0	0.0
3982.4558128202916	2.0	trials	7.0	1.0	1.0	0.0	10000.0	0.0	True	40.0	0.0	0.005	"[42288678.65888701 42288968.65796585 42289258.65704469 42289548.65612353
 42289837.65520556 42290128.65428121 42290417.65336324 42290707.65244208
 42290996.6515241  42291285.65060612 42291575.64968496 42291865.64876379
 42292155.64784264 42292443.64692783 42292734.6460035  42293023.64508552
 42371546.39566443 42371836.39474327 42372125.39382529 42372416.39290096]"	0.0	0.0	0.0
3988.2158233241266	2.0	trials	7.0	1.0	1.0	0.0	10000.0	0.0	True	40.0	0.0	0.005	"[42372705.39198297 42372994.39106499 42373284.39014383 42373573.38922585
 42373863.38830469 42374152.38738671 42374442.38646555 42374732.38554439
 42375023.38462006 42375312.38370208 42375601.3827841  42375891.38186294
 42376181.38094178 42376470.3800238  42376759.37910581 42377049.37818465
 42450018.14640534 42450307.14548735 42450597.1445662  42450888.14364186]"	0.0	0.0	0.0
3996.0943550986653	2.0	trials	7.0	1.0	1.0	0.0	10000.0	0.0	True	40.0	0.0	0.005	"[42451178.14272071 42451467.14180272 42451756.14088474 42452046.13996359
 42452336.13904242 42452625.13812444 42452915.13720328 42453204.1362853
 42453494.13536414 42453784.13444299 42454073.13352501 42454362.13260702
 42454652.13168586 42454942.1307647  42455232.12984355 42455522.12892239
 42529185.89493547 42529475.89401431 42529765.89309315 42530054.89217517]"	0.0	0.0	0.0
4002.226143621581	2.0	trials	7.0	1.0	1.0	0.0	10000.0	0.0	True	40.0	0.0	0.005	"[42530345.89125083 42530634.89033286 42530923.88941487 42531214.88849054
 42531503.88757255 42531792.88665456 42532082.88573341 42532372.88481225
 42532660.88389745 42532951.88297311 42533239.88205831 42533531.8811308
 42533821.88020964 42534109.87929484 42534399.87837368 42534689.87745252
 42606343.64985017 42606631.64893537 42606922.64801104 42607212.64708987]"	0.0	0.0	0.0
4009.8597321741604	2.0	trials	7.0	1.0	1.0	0.0	10000.0	0.0	True	40.0	0.0	0.005	"[42607500.64617506 42607791.64525074 42608080.64433275 42608369.64341477
 42608660.64249043 42608949.64157245 42609238.64065447 42609529.63973014
 42609818.63881215 42610107.63789418 42610397.63697302 42610686.63605503
 42610975.63513705 42611266.63421272 42611556.63329156 42611845.63237358
 42688152.38999141 42688442.38907026 42688731.38815227 42689021.38723111]"	0.0	0.0	0.0
4017.226172775313	2.0	trials	7.0	1.0	1.0	0.0	10000.0	0.0	True	40.0	0.0	0.005	"[42689310.38631313 42689600.38539197 42689890.38447081 42690179.38355283
 42690469.38263167 42690758.38171369 42691049.38078935 42691338.37987137
 42691628.37895022 42691918.37802906 42692207.37711108 42692497.37618992
 42692787.37526876 42693075.37435395 42693365.3734328  42693655.37251163
 42767804.13698416 42768092.13606935 42768383.13514502 42768672.13422703]"	0.0	0.0	0.0
4023.921978706676	2.0	trials	7.0	1.0	1.0	0.0	10000.0	0.0	True	40.0	0.0	0.005	"[42768961.13330905 42769251.1323879  42769541.13146674 42769831.13054558
 42770121.12962442 42770409.12870961 42770699.12778845 42770989.1268673
 42771279.12594614 42771568.12502816 42771859.12410382 42772148.12318584
 42772437.12226786 42772727.1213467  42773017.12042554 42773306.11950757
 42853701.86413706 42853989.86322225 42854279.8623011  42854569.86137994]"	0.0	0.0	0.0
4032.0219529778233	2.0	trials	7.0	1.0	1.0	0.0	10000.0	0.0	True	40.0	0.0	0.005	"[42854859.86045878 42855148.8595408  42855438.85861964 42855728.85769848
 42856018.85677732 42856307.85585935 42856596.85494136 42856886.8540202
 42857176.85309904 42857465.85218106 42857754.85126308 42858044.85034192
 42858335.84941758 42858625.84849642 42858914.84757844 42859204.84665728
 43072870.16796689 43073160.16704573 43073449.16612775 43073740.16520341]"	0.0	0.0	0.0
4037.644242319117	2.0	trials	7.0	1.0	1.0	0.0	10000.0	0.0	True	40.0	0.0	0.005	"[43074029.16428543 43074318.16336745 43074608.16244629 43074898.16152514
 43075187.16060715 43075477.15968599 43075766.15876801 43076057.15784367
 43076346.15692569 43076636.15600453 43076925.15508655 43077215.15416539
 43077505.15324423 43077793.15232943 43078083.15140827 43078373.15048712
 43145355.93772177 43145645.93680061 43145935.93587945 43146224.93496148]"	0.0	0.0	0.0
4044.5921626496615	2.0	trials	7.0	1.0	1.0	0.0	10000.0	0.0	True	40.0	0.0	0.005	"[43146514.93404032 43146803.93312234 43147093.93220118 43147383.93128002
 43147673.93035886 43147962.92944087 43148252.92851972 43148542.92759856
 43148831.92668058 43149121.92575942 43149410.92484143 43149700.92392028
 43149990.92299912 43150279.92208114 43150569.92115998 43150859.92023882
 43205855.74554909 43206145.74462793 43206434.74370995 43206725.74278561]"	0.0	0.0	0.0
4102.172827749762	2.0	trials	8.0	1.0	1.0	0.0	10000.0	0.0	True	40.0	0.0	0.005	"[43207014.74186763 43207303.74094965 43207592.74003167 43207883.73910733
 43208173.73818617 43208461.73727137 43208751.73635021 43209042.73542587
 43209332.73450472 43209620.73358992 43209910.73266876 43210200.7317476
 43210490.73082644 43210779.72990845 43211068.72899047 43211358.72806931
 43272111.53509299 43272401.53417183 43272690.53325386 43272980.5323327 ]"	0.0	0.0	0.0
4107.442779010227	2.0	trials	8.0	1.0	1.0	0.0	10000.0	0.0	True	40.0	0.0	0.005	"[43273269.53141471 43273559.53049356 43273848.52957558 43274137.52865759
 43274427.52773643 43274718.5268121  43275007.52589411 43275296.52497614
 43275586.52405498 43275876.52313382 43276165.52221584 43276455.52129468
 43276745.52037352 43277035.51945236 43277324.51853438 43277614.51761322
 43348776.29157367 43349066.29065251 43349356.28973135 43349645.28881337]"	0.0	0.0	0.0
4114.292549252536	2.0	trials	8.0	1.0	1.0	0.0	10000.0	0.0	True	40.0	0.0	0.005	"[43349935.28789221 43350224.28697424 43350513.28605626 43350803.2851351
 43351093.28421394 43351383.28329278 43351672.28237479 43351962.28145364
 43352252.28053248 43352541.2796145  43352830.27869652 43353120.27777535
 43353410.2768542  43353700.27593304 43353989.27501506 43354279.2740939
 43417881.072068   43418171.07114684 43418461.07022569 43418750.0693077 ]"	0.0	0.0	0.0
4121.2345944017425	2.0	trials	8.0	1.0	1.0	0.0	10000.0	0.0	True	40.0	0.0	0.005	"[43419040.06838654 43419329.06746856 43419619.06654739 43419908.06562942
 43420198.06470826 43420488.0637871  43420777.06286912 43421067.06194796
 43421356.06102998 43421647.06010564 43421936.05918767 43422225.05826968
 43422515.05734853 43422804.05643054 43423094.05550938 43423384.05458822
 43485791.85635495 43486080.85543697 43486369.85451899 43486658.853601  ]"	0.0	0.0	0.0
4127.4267763328235	2.0	trials	8.0	1.0	1.0	0.0	10000.0	0.0	True	40.0	0.0	0.005	"[43486949.85267667 43487239.85175551 43487529.85083435 43487818.84991637
 43488107.84899839 43488398.84807406 43488687.84715608 43488977.84623492
 43489265.84532011 43489556.84439577 43489845.84347779 43490135.84255663
 43490424.84163865 43490715.84071431 43491003.83979951 43491293.83887835
 43562249.61349314 43562538.61257517 43562828.61165401 43563118.61073285]"	0.0	0.0	0.0
4133.80912405986	2.0	trials	8.0	1.0	1.0	0.0	10000.0	0.0	True	40.0	0.0	0.005	"[43563407.60981487 43563696.60889689 43563986.60797572 43564275.60705774
 43564566.6061334  43564855.60521543 43565144.60429744 43565434.60337628
 43565725.60245195 43566013.60153715 43566303.60061599 43566592.599698
 43566883.59877367 43567172.59785569 43567462.59693453 43567752.59601337
 43650865.33201257 43651155.33109141 43651445.33017025 43651735.3292491 ]"	0.0	0.0	0.0
4141.250905221698	2.0	trials	8.0	1.0	1.0	0.0	10000.0	0.0	True	40.0	0.0	0.005	"[43652024.32833111 43652313.32741313 43652603.32649197 43652893.32557081
 43653183.32464966 43653471.32373486 43653761.3228137  43654051.32189254
 43654341.32097138 43654631.32005021 43654920.31913224 43655210.31821108
 43655500.31728993 43655789.31637194 43656078.31545395 43656369.31452962
 43724263.09887058 43724552.0979526  43724842.09703144 43725132.09611028]"	0.0	0.0	0.0
4146.760961319492	2.0	trials	8.0	1.0	1.0	0.0	10000.0	0.0	True	40.0	0.0	0.005	"[43725422.09518912 43725710.0942743  43726000.09335315 43726290.09243199
 43726580.09151084 43726870.09058968 43727159.08967169 43727449.08875054
 43727739.08782938 43728027.08691458 43728318.08599024 43728607.08507226
 43728897.0841511  43729187.08322994 43729476.08231196 43729765.08139397
 43811771.82090628 43812061.81998512 43812351.81906397 43812640.81814598]"	0.0	0.0	0.0
4154.535295025006	2.0	trials	8.0	1.0	1.0	0.0	10000.0	0.0	True	40.0	0.0	0.005	"[43812930.81722482 43813220.81630367 43813509.81538568 43813799.81446452
 43814089.81354337 43814379.81262221 43814669.81170105 43814957.81078625
 43815247.80986509 43815537.80894393 43815826.80802595 43816116.80710479
 43816406.80618363 43816696.80526247 43816985.80434449 43817274.80342651
 43894066.55950378 43894355.5585858  43894645.55766465 43894935.55674349]"	0.0	0.0	0.0
4161.644955641797	2.0	trials	8.0	1.0	1.0	0.0	10000.0	0.0	True	40.0	0.0	0.005	"[43895224.5558255  43895514.55490434 43895804.55398318 43896094.55306203
 43896383.55214404 43896673.55122288 43896962.55030491 43897252.54938374
 43897541.54846577 43897832.54754143 43898120.54662663 43898410.54570547
 43898700.54478431 43898990.54386315 43899280.54294199 43899569.54202401
 43988096.26082614 43988385.25990815 43988674.25899017 43988965.25806583]"	0.0	0.0	0.0
4168.595208764932	2.0	trials	8.0	1.0	1.0	0.0	10000.0	0.0	True	40.0	0.0	0.005	"[43989254.25714785 43989544.2562267  43989833.25530872 43990123.25438756
 43990412.25346958 43990702.25254841 43990992.25162725 43991281.25070928
 43991571.24978812 43991862.24886379 43992150.24794898 43992440.24702781
 43992730.24610666 43993019.24518868 43993309.24426752 43993599.24334636
 44049617.06541034 44049906.06449235 44050196.06357119 44050485.06265322]"	0.0	0.0	0.0
4173.977220469446	2.0	trials	8.0	1.0	1.0	0.0	10000.0	0.0	True	40.0	0.0	0.005	"[44050775.06173206 44051064.06081408 44051354.05989292 44051643.05897494
 44051933.05805378 44052224.05712944 44052512.05621464 44052803.0552903
 44053092.05437232 44053382.05345116 44053671.05253318 44053961.05161202
 44054250.05069404 44054540.04977288 44054830.04885172 44055119.04793373
 44114967.85782889 44115258.85690456 44115546.85598975 44115836.8550686 ]"	0.0	0.0	0.0
4179.224967000443	2.0	trials	8.0	1.0	1.0	0.0	10000.0	0.0	True	40.0	0.0	0.005	"[44116126.85414744 44116416.85322628 44116705.8523083  44116995.85138714
 44117284.85046916 44117574.849548   44117864.84862684 44118153.84770886
 44118443.84678771 44118732.84586972 44119023.84494539 44119312.8440274
 44119602.84310624 44119891.84218827 44120180.84127028 44120471.84034595
 44208363.56116509 44208652.5602471  44208941.55932913 44209231.55840797]"	0.0	0.0	0.0
4186.809221309729	2.0	trials	8.0	1.0	1.0	0.0	10000.0	0.0	True	40.0	0.0	0.005	"[44209521.55748681 44209810.55656883 44210100.55564767 44210390.55472651
 44210679.55380853 44210969.55288737 44211259.55196622 44211548.55104823
 44211838.55012707 44212127.54920909 44212417.54828793 44212707.54736677
 44212996.5464488  44213286.54552764 44213575.54460965 44213866.54368532
 44278804.33741573 44279094.33649457 44279383.33557659 44279673.33465543]"	0.0	0.0	0.0
4193.560236665725	2.0	trials	8.0	1.0	1.0	0.0	10000.0	0.0	True	40.0	0.0	0.005	"[44279963.33373427 44280252.33281629 44280542.33189514 44280831.33097716
 44281122.33005282 44281412.32913166 44281701.32821368 44281991.32729252
 44282280.32637454 44282570.32545339 44282860.32453223 44283149.32361424
 44283439.32269308 44283729.32177192 44284018.32085394 44284308.31993279
 44353168.10120533 44353458.10028417 44353748.09936301 44354038.09844185]"	0.0	0.0	0.0
4201.06474402832	2.0	trials	8.0	1.0	1.0	0.0	10000.0	0.0	True	40.0	0.0	0.005	"[44354327.09752387 44354617.09660271 44354906.09568473 44355196.09476357
 44355486.09384241 44355775.09292442 44356065.09200327 44356354.09108529
 44356644.09016413 44356934.08924297 44357223.08832499 44357513.08740383
 44357802.08648585 44358093.08556151 44358381.08464671 44358671.08372555
 44427489.86512833 44427779.86420716 44428068.86328918 44428358.86236802]"	0.0	0.0	0.0
4207.299261824924	2.0	trials	8.0	1.0	1.0	0.0	10000.0	0.0	True	40.0	0.0	0.005	"[44428648.86144686 44428938.86052571 44429227.85960773 44429517.85868657
 44429807.85776541 44430096.85684743 44430385.85592945 44430676.85500512
 44430965.85408713 44431255.85316597 44431544.85224799 44431833.85133
 44432123.85040885 44432413.84948769 44432703.84856654 44432992.84764855
 44506839.61308035 44507129.61215919 44507418.61124121 44507707.61032323]"	0.0	0.0	0.0
4213.551145966366	2.0	trials	8.0	1.0	1.0	0.0	10000.0	0.0	True	40.0	0.0	0.005	"[44507998.60939889 44508287.60848092 44508576.60756293 44508866.60664177
 44509155.60572379 44509446.60479945 44509735.60388146 44510025.60296031
 44510315.60203915 44510604.60112117 44510894.60020001 44511184.59927886
 44511473.59836087 44511763.59743971 44512053.59651856 44512342.59560058
 44571574.40745558 44571863.40653759 44572154.40561326 44572443.40469528]"	0.0	0.0	0.0
4220.446535263771	2.0	trials	8.0	1.0	1.0	0.0	10000.0	0.0	True	40.0	0.0	0.005	"[44572732.40377729 44573022.40285613 44573312.40193497 44573602.40101381
 44573890.40009901 44574180.39917786 44574471.39825352 44574760.39733554
 44575049.39641756 44575338.39549957 44575629.39457525 44575918.39365726
 44576208.3927361  44576498.39181494 44576788.39089378 44577077.38997579
 44650454.15690051 44650743.15598253 44651033.15506137 44651323.15414021]"	0.0	0.0	0.0
4226.195745801911	2.0	trials	8.0	1.0	1.0	0.0	10000.0	0.0	True	40.0	0.0	0.005	"[44651612.15322223 44651902.15230107 44652191.15138309 44652481.15046193
 44652770.14954395 44653060.14862279 44653351.14769845 44653639.14678364
 44653929.14586249 44654220.14493816 44654508.14402335 44654799.14309902
 44655088.14218103 44655378.14125988 44655667.14034189 44655957.13942074
 44723651.9243938  44723942.92346946 44724232.9225483  44724521.92163032]"	0.0	0.0	0.0
4234.131128595867	2.0	trials	8.0	1.0	1.0	0.0	10000.0	0.0	True	40.0	0.0	0.005	"[44724810.92071233 44725100.91979118 44725389.9188732  44725679.91795204
 44725969.91703088 44726258.9161129  44726548.91519173 44726838.91427058
 44727127.9133526  44727417.91243144 44727706.91151346 44727997.91058912
 44728286.90967114 44728575.90875316 44728866.90782883 44729155.90691084
 44789718.71453804 44790008.71361689 44790297.7126989  44790587.71177775]"	0.0	0.0	0.0
4240.952732527645	2.0	trials	8.0	1.0	1.0	0.0	10000.0	0.0	True	40.0	0.0	0.005	"[44790877.71085659 44791166.7099386  44791456.70901745 44791745.70809946
 44792036.70717514 44792325.70625715 44792615.70533599 44792904.704418
 44793193.70350002 44793483.70257886 44793772.70166089 44794062.70073973
 44794353.69981539 44794642.69889741 44794933.69797307 44795221.69705827
 44875449.44222141 44875738.44130342 44876027.44038545 44876317.43946429]"	0.0	0.0	0.0
4248.135314512807	2.0	trials	8.0	1.0	1.0	0.0	10000.0	0.0	True	40.0	0.0	0.005	"[44876607.43854312 44876896.43762514 44877186.43670399 44877475.435786
 44877765.43486485 44878055.43394368 44878345.43302253 44878635.43210137
 44878924.43118339 44879214.43026223 44879504.42934107 44879793.42842308
 44880083.42750193 44880372.42658395 44880662.42566279 44880951.42474481
 44939121.23997316 44939411.239052   44939701.23813084 44939991.23720968]"	0.0	0.0	0.0
4254.465736004783	2.0	trials	8.0	1.0	1.0	0.0	10000.0	0.0	True	40.0	0.0	0.005	"[44940280.2362917  44940570.23537054 44940860.23444938 44941150.23352822
 44941439.23261023 44941729.23168908 44942018.2307711  44942308.22984994
 44942597.22893196 44942887.2280108  44943176.22709282 44943466.22617166
 44943756.2252505  44944046.22432935 44944335.22341137 44944625.22249021
 45022673.97457474 45022963.97365357 45023253.97273242 45023543.97181126]"	0.0	0.0	0.0
4259.8888739786635	2.0	trials	8.0	1.0	1.0	0.0	10000.0	0.0	True	40.0	0.0	0.005	"[45023832.97089327 45024121.9699753  45024411.96905414 45024701.96813297
 45024990.96721499 45025280.96629383 45025570.96537268 45025859.9644547
 45026149.96353354 45026439.96261238 45026728.9616944  45027019.96077006
 45027308.95985208 45027598.95893092 45027887.95801294 45028177.95709178
 45116079.67787916 45116368.67696118 45116657.6760432  45116947.67512204]"	0.0	0.0	0.0
4267.0287744994	2.0	trials	8.0	1.0	1.0	0.0	10000.0	0.0	True	40.0	0.0	0.005	"[45117237.67420088 45117526.6732829  45117816.67236174 45118105.67144376
 45118395.6705226  45118685.66960144 45118975.66868029 45119265.66775913
 45119554.66684115 45119843.66592316 45120132.66500518 45120422.66408402
 45120713.66315969 45121003.66223853 45121292.66132054 45121582.66039938
 45183928.46236306 45184218.4614419  45184507.46052391 45184797.45960276]"	0.0	0.0	0.0
4273.221561228559	2.0	trials	8.0	1.0	1.0	0.0	10000.0	0.0	True	40.0	0.0	0.005	"[45185086.45868477 45185375.45776679 45185665.45684563 45185955.45592447
 45186245.45500331 45186534.45408534 45186824.45316418 45187115.45223984
 45187403.45132504 45187692.45040706 45187983.44948272 45188272.44856474
 45188561.44764675 45188851.4467256  45189141.44580444 45189431.44488329
 45269909.18925232 45270198.18833433 45270488.18741317 45270778.18649202]"	0.0	0.0	0.0
4280.727364587037	2.0	trials	8.0	1.0	1.0	0.0	10000.0	0.0	True	40.0	0.0	0.005	"[45271068.18557086 45271357.18465288 45271646.18373489 45271937.18281056
 45272226.18189257 45272515.1809746  45272806.18005026 45273094.17913546
 45273384.1782143  45273674.17729314 45273964.17637198 45274254.17545082
 45274543.17453284 45274832.17361486 45275122.1726937  45275411.17177571
 45354966.9190734  45355256.91815224 45355546.91723108 45355835.9163131 ]"	0.0	0.0	0.0
4288.268937431897	2.0	trials	8.0	1.0	1.0	0.0	10000.0	0.0	True	40.0	0.0	0.005	"[45356125.91539194 45356415.91447078 45356704.9135528  45356993.91263483
 45357284.91171049 45357573.9107925  45357863.90987135 45358152.90895336
 45358442.90803221 45358731.90711422 45359021.90619306 45359310.90527508
 45359600.90435393 45359890.90343276 45360179.90251479 45360469.90159363
 45421028.70923354 45421318.70831238 45421608.70739122 45421897.70647324]"	0.0	0.0	0.0
4296.105219740638	2.0	trials	8.0	1.0	1.0	0.0	10000.0	0.0	True	40.0	0.0	0.005	"[45422187.70555207 45422476.70463409 45422766.70371294 45423055.70279495
 45423346.70187062 45423635.70095264 45423924.70003466 45424214.6991135
 45424504.69819234 45424794.69727118 45425083.6963532  45425372.69543522
 45425662.69451406 45425952.6935929  45426242.69267174 45426531.69175376
 45504274.44481027 45504563.44389229 45504853.44297113 45505143.44204997]"	0.0	0.0	0.0
4303.736907499256	2.0	trials	8.0	1.0	1.0	0.0	10000.0	0.0	True	40.0	0.0	0.005	"[45505432.44113199 45505722.44021083 45506012.43928967 45506301.43837169
 45506591.43745054 45506881.43652938 45507170.43561139 45507460.43469023
 45507749.43377225 45508039.4328511  45508329.43192994 45508618.43101195
 45508909.43008762 45509198.42916963 45509487.42825165 45509777.4273305
 45585729.18607596 45586019.1851548  45586310.18423046 45586599.18331248]"	0.0	0.0	0.0
4309.1488999085395	2.0	trials	8.0	1.0	1.0	0.0	10000.0	0.0	True	40.0	0.0	0.005	"[45586888.1823945  45587178.18147334 45587467.18055536 45587757.17963419
 45588047.17871304 45588336.17779506 45588626.1768739  45588915.17595591
 45589206.17503158 45589495.17411359 45589784.17319562 45590074.17227446
 45590363.17135648 45590653.17043532 45590944.16951098 45591233.168593
 45652076.97532763 45652365.97440965 45652655.97348849 45652945.97256733]"	0.0	0.0	0.0
4314.398979232125	2.0	trials	8.0	1.0	1.0	0.0	10000.0	0.0	True	40.0	0.0	0.005	"[45653234.97164935 45653524.9707282  45653813.96981021 45654103.96888905
 45654393.96796789 45654683.96704674 45654972.96612876 45655261.96521077
 45655551.96428961 45655841.96336845 45656131.96244729 45656420.96152931
 45656710.96060816 45656999.95969018 45657289.95876902 45657579.95784786
 45738849.69970118 45739139.69878002 45739428.69786204 45739718.69694088]"	0.0	0.0	0.0
4321.706927219075	2.0	trials	8.0	1.0	1.0	0.0	10000.0	0.0	True	40.0	0.0	0.005	"[45740007.6960229  45740297.69510174 45740587.69418059 45740877.69325943
 45741166.69234144 45741456.69142028 45741746.69049912 45742035.68958114
 45742325.68865998 45742615.68773882 45742903.68682402 45743194.68589968
 45743484.68497853 45743773.68406054 45744062.68314257 45744352.68222141
 45813015.4641197  45813304.46320172 45813594.46228056 45813884.4613594 ]"	0.0	0.0	0.0
4327.76691757005	2.0	trials	8.0	1.0	1.0	0.0	10000.0	0.0	True	40.0	0.0	0.005	"[45814174.46043824 45814463.45952026 45814752.45860228 45815043.45767795
 45815332.45675996 45815621.45584198 45815912.45491765 45816201.45399966
 45816490.45308168 45816781.45215735 45817070.45123936 45817359.45032138
 45817649.44940022 45817938.44848224 45818228.44756109 45818518.44663993
 45883714.23955083 45884005.23862649 45884293.23771168 45884583.23679052]"	0.0	0.0	0.0
4335.163943674049	2.0	trials	8.0	1.0	1.0	0.0	10000.0	0.0	True	40.0	0.0	0.005	"[45884873.23586937 45885163.23494821 45885453.23402706 45885742.23310907
 45886031.23219109 45886322.23126675 45886611.23034877 45886900.22943079
 45887191.22850646 45887479.22759166 45887770.22666731 45888059.22574934
 45888349.22482818 45888639.22390702 45888928.22298904 45889218.22206788
 45946004.04169237 45946295.04076803 45946584.03985006 45946874.0389289 ]"	0.0	0.0	0.0
4343.2832714837205	2.0	trials	8.0	1.0	1.0	0.0	10000.0	0.0	True	40.0	0.0	0.005	"[45947163.03801092 45947453.03708976 45947742.03617177 45948033.03524744
 45948321.03433263 45948611.03341147 45948900.03249349 45949191.03156916
 45949479.03065436 45949770.02973001 45950059.02881204 45950350.0278877
 45950639.02696972 45950928.02605174 45951218.02513058 45951507.0242126
 46019616.80786745 46019905.80694947 46020195.80602831 46020484.80511033]"	0.0	0.0	0.0
4350.42896078607	2.0	trials	8.0	1.0	1.0	0.0	10000.0	0.0	True	40.0	0.0	0.005	"[46020774.80418917 46021063.80327118 46021353.80235003 46021643.80142887
 46021933.80050771 46022223.79958655 46022512.79866856 46022802.79774741
 46023091.79682943 46023381.79590827 46023671.79498711 46023960.79406913
 46024250.79314797 46024539.79223    46024829.79130884 46025119.79038768
 46101350.54824691 46101640.54732575 46101930.54640459 46102219.54548661]"	0.0	0.0	0.0
4357.2930733828225	2.0	trials	8.0	1.0	1.0	0.0	10000.0	0.0	True	40.0	0.0	0.005	"[46102508.54456864 46102798.54364748 46103088.54272632 46103377.54180833
 46103667.54088717 46103957.53996602 46104246.53904804 46104536.53812688
 46104826.53720572 46105115.53628773 46105404.53536975 46105694.5344486
 46105984.53352743 46106274.53260628 46106563.5316883  46106853.53076714
 46168017.33648532 46168306.33556733 46168596.33464617 46168885.33372819]"	0.0	0.0	0.0
4365.399354833935	2.0	trials	8.0	1.0	1.0	0.0	10000.0	0.0	True	40.0	0.0	0.005	"[46169176.33280386 46169465.33188588 46169754.3309679  46170044.33004674
 46170334.32912558 46170623.3282076  46170913.32728644 46171203.32636528
 46171493.32544412 46171782.32452614 46172072.32360499 46172362.32268383
 46172651.32176584 46172940.32084786 46173230.3199267  46173521.31900237
 46259204.04683819 46259494.04591704 46259783.04499906 46260073.0440779 ]"	0.0	0.0	0.0
4372.833100821296	2.0	trials	8.0	1.0	1.0	0.0	10000.0	0.0	True	40.0	0.0	0.005	"[46260363.04315674 46260653.04223558 46260942.0413176  46261232.04039644
 46261520.03948164 46261811.0385573  46262100.03763933 46262390.03671817
 46262680.035797   46262969.03487902 46263259.03395786 46263549.03303671
 46263838.03211872 46264128.03119756 46264417.03027958 46264706.0293616
 46330172.82141169 46330462.82049053 46330751.81957256 46331041.8186514 ]"	0.0	0.0	0.0
4380.117375283442	2.0	trials	8.0	1.0	1.0	0.0	10000.0	0.0	True	40.0	0.0	0.005	"[46331331.81773024 46331621.81680908 46331910.81589109 46332199.81497312
 46332489.81405196 46332779.8131308  46333068.81221282 46333359.81128848
 46333647.81037368 46333938.80944934 46334227.80853136 46334517.8076102
 46334806.80669223 46335097.80576789 46335386.80484991 46335675.80393192
 46418525.54076652 46418814.53984854 46419104.53892738 46419394.53800622]"	0.0	0.0	0.0
4386.87340182352	2.0	trials	8.0	1.0	1.0	0.0	10000.0	0.0	True	40.0	0.0	0.005	"[46419684.53708506 46419973.53616708 46420263.53524592 46420552.53432794
 46420842.53340678 46421131.53248879 46421422.53156447 46421711.53064648
 46422000.5297285  46422289.52881052 46422580.52788618 46422869.5269682
 46423159.52604704 46423448.52512906 46423738.5242079  46424028.52328674
 46503785.26994596 46504074.26902799 46504364.26810683 46504653.26718885]"	0.0	0.0	0.0
4394.000687984325	2.0	trials	8.0	1.0	1.0	0.0	10000.0	0.0	True	40.0	0.0	0.005	"[46504944.26626451 46505232.26534971 46505523.26442537 46505812.2635074
 46506102.26258623 46506391.26166825 46506681.26074709 46506971.25982593
 46507260.25890794 46507550.25798679 46507839.25706881 46508129.25614765
 46508419.25522649 46508708.25430851 46508998.25338735 46509288.25246619
 46581282.02378387 46581572.02286271 46581862.02194156 46582150.02102675]"	0.0	0.0	0.0
4399.989312161989	2.0	trials	8.0	1.0	1.0	0.0	10000.0	0.0	True	40.0	0.0	0.005	"[46582441.02010242 46582731.01918126 46583020.01826327 46583310.01734212
 46583599.01642414 46583889.01550297 46584178.014585   46584468.01366384
 46584758.01274268 46585047.01182469 46585337.01090354 46585627.00998238
 46585917.00906122 46586207.00814006 46586495.00722525 46586786.00630093
 46675032.72599244 46675321.72507446 46675610.72415648 46675901.72323214]"	0.0	0.0	0.0
4406.337359197978	2.0	trials	8.0	1.0	1.0	0.0	10000.0	0.0	True	40.0	0.0	0.005	"[46676191.72231099 46676480.721393   46676770.72047185 46677059.71955387
 46677349.71863271 46677639.71771155 46677928.71679357 46678218.71587241
 46678507.71495443 46678797.71403327 46679087.71311211 46679377.71219095
 46679666.71127297 46679956.71035182 46680245.70943383 46680534.70851585
 46740104.51929722 46740393.51837924 46740684.51745491 46740974.51653375]"	0.0	0.0	0.0
4413.207260576342	2.0	trials	8.0	1.0	1.0	0.0	10000.0	0.0	True	40.0	0.0	0.005	"[46741263.51561576 46741553.51469461 46741842.51377662 46742132.51285546
 46742421.51193748 46742711.51101632 46743001.51009516 46743290.50917719
 46743580.50825603 46743869.50733804 46744160.50641371 46744449.50549573
 46744738.50457775 46745028.50365659 46745317.5027386  46745608.50181427
 46820520.26386319 46820810.26294203 46821099.26202405 46821389.26110289]"	0.0	0.0	0.0
4420.2095263342635	2.0	trials	8.0	1.0	1.0	0.0	10000.0	0.0	True	40.0	0.0	0.005	"[46821678.26018491 46821969.25926058 46822258.25834259 46822547.25742462
 46822838.25650027 46823128.25557912 46823417.25466114 46823707.25373998
 46823996.252822   46824285.25190401 46824575.25098285 46824865.2500617
 46825154.24914372 46825445.24821939 46825734.2473014  46826023.24638341
 47486963.14696193 47487253.14604078 47487543.14511962 47487832.14420164]"	0.0	0.0	0.0
4427.76379993878	2.0	trials	8.0	1.0	1.0	0.0	10000.0	0.0	True	40.0	0.0	0.005	"[47488122.14328049 47488411.14236251 47488701.14144135 47488991.14052019
 47489280.1396022  47489570.13868105 47489861.13775671 47490150.13683872
 47490439.13592074 47490729.13499959 47491018.13408161 47491308.13316045
 47491598.1322393  47491887.13132132 47492177.13040016 47492466.12948217
 47547957.95321694 47548247.95229577 47548537.95137462 47548827.95045346]"	0.0	0.0	0.0
4435.047469602846	2.0	trials	8.0	1.0	1.0	0.0	10000.0	0.0	True	40.0	0.0	0.005	"[47549117.94953231 47549406.94861433 47549696.94769316 47549985.94677518
 47550274.9458572  47550564.94493604 47550854.94401488 47551143.9430969
 47551433.94217575 47551723.94125459 47552012.9403366  47552302.93941544
 47552592.93849428 47552882.93757312 47553171.93665514 47553460.93573716
 47627238.70138813 47627527.70047015 47627816.69955217 47628106.69863102]"	0.0	0.0	0.0
4469.282842457206	2.0	trials	9.0	1.0	1.0	0.0	10000.0	0.0	True	5.0	0.0	0.01	"[47628396.69770985 47628686.69678869 47628976.69586754               nan
               nan               nan               nan               nan
               nan               nan               nan               nan
               nan               nan               nan               nan
               nan               nan               nan               nan]"	0.0	0.0	0.0
4474.9234485403185	2.0	trials	9.0	1.0	1.0	0.0	10000.0	0.0	True	5.0	0.0	0.01	"[47629265.69494954 47629555.69402839 47629843.69311359               nan
               nan               nan               nan               nan
               nan               nan               nan               nan
               nan               nan               nan               nan
               nan               nan               nan               nan]"	0.0	0.0	0.0
4480.940671027143	2.0	trials	9.0	1.0	1.0	0.0	10000.0	0.0	True	5.0	0.0	0.01	"[47630133.69219244 47630424.69126809 47630713.69035011               nan
               nan               nan               nan               nan
               nan               nan               nan               nan
               nan               nan               nan               nan
               nan               nan               nan               nan]"	0.0	0.0	0.0
4488.003330193229	2.0	trials	9.0	1.0	1.0	0.0	10000.0	0.0	True	5.0	0.0	0.01	"[47631002.68943213 47631292.68851098 47631582.68758981               nan
               nan               nan               nan               nan
               nan               nan               nan               nan
               nan               nan               nan               nan
               nan               nan               nan               nan]"	0.0	0.0	0.0
4495.911842672538	2.0	trials	9.0	1.0	1.0	0.0	10000.0	0.0	True	5.0	0.0	0.01	"[47631871.68667183 47632161.68575068 47632450.68483269               nan
               nan               nan               nan               nan
               nan               nan               nan               nan
               nan               nan               nan               nan
               nan               nan               nan               nan]"	0.0	0.0	0.0
4502.576803901877	2.0	trials	9.0	1.0	1.0	0.0	10000.0	0.0	True	5.0	0.0	0.01	"[47632741.68390835 47707585.44617327 47707875.44525211               nan
               nan               nan               nan               nan
               nan               nan               nan               nan
               nan               nan               nan               nan
               nan               nan               nan               nan]"	0.0	0.0	0.0
4508.973148384453	2.0	trials	9.0	1.0	1.0	0.0	10000.0	0.0	True	5.0	0.0	0.01	"[47708165.44433096 47708455.44340979 47708745.44248863               nan
               nan               nan               nan               nan
               nan               nan               nan               nan
               nan               nan               nan               nan
               nan               nan               nan               nan]"	0.0	0.0	0.0
4515.755008442474	2.0	trials	9.0	1.0	1.0	0.0	10000.0	0.0	True	5.0	0.0	0.01	"[47709034.44157065 47709324.4406495  47709613.43973152               nan
               nan               nan               nan               nan
               nan               nan               nan               nan
               nan               nan               nan               nan
               nan               nan               nan               nan]"	0.0	0.0	0.0
4521.276987702394	2.0	trials	9.0	1.0	1.0	0.0	10000.0	0.0	True	5.0	0.0	0.01	"[47709903.43881036 47710193.4378892  47710482.43697122               nan
               nan               nan               nan               nan
               nan               nan               nan               nan
               nan               nan               nan               nan
               nan               nan               nan               nan]"	0.0	0.0	0.0
4527.932444961922	2.0	trials	9.0	1.0	1.0	0.0	10000.0	0.0	True	5.0	0.0	0.01	"[47710771.43605324 47711061.43513207 47711351.43421092               nan
               nan               nan               nan               nan
               nan               nan               nan               nan
               nan               nan               nan               nan
               nan               nan               nan               nan]"	0.0	0.0	0.0
4534.0366719723825	2.0	trials	9.0	1.0	1.0	0.0	10000.0	0.0	True	5.0	0.0	0.01	"[47711640.43329294 47711930.43237178 47712220.43145063               nan
               nan               nan               nan               nan
               nan               nan               nan               nan
               nan               nan               nan               nan
               nan               nan               nan               nan]"	0.0	0.0	0.0
4540.226953109502	2.0	trials	9.0	1.0	1.0	0.0	10000.0	0.0	True	5.0	0.0	0.01	"[47712509.43053263 47712799.42961148 47713088.4286935                nan
               nan               nan               nan               nan
               nan               nan               nan               nan
               nan               nan               nan               nan
               nan               nan               nan               nan]"	0.0	0.0	0.0
4547.054691421794	2.0	trials	9.0	1.0	1.0	0.0	10000.0	0.0	True	5.0	0.0	0.01	"[47779255.21852011 47779546.21759578 47779834.21668097               nan
               nan               nan               nan               nan
               nan               nan               nan               nan
               nan               nan               nan               nan
               nan               nan               nan               nan]"	0.0	0.0	0.0
4552.629115315128	2.0	trials	9.0	1.0	1.0	0.0	10000.0	0.0	True	5.0	0.0	0.01	"[47780124.21575981 47780414.21483865 47780704.21391749               nan
               nan               nan               nan               nan
               nan               nan               nan               nan
               nan               nan               nan               nan
               nan               nan               nan               nan]"	0.0	0.0	0.0
4558.916250544598	2.0	trials	9.0	1.0	1.0	0.0	10000.0	0.0	True	5.0	0.0	0.01	"[47780993.21299952 47781283.21207835 47781572.21116036               nan
               nan               nan               nan               nan
               nan               nan               nan               nan
               nan               nan               nan               nan
               nan               nan               nan               nan]"	0.0	0.0	0.0
4565.672277084675	2.0	trials	9.0	1.0	1.0	0.0	10000.0	0.0	True	5.0	0.0	0.01	"[47781862.2102392  47782151.20932122 47782441.20840007               nan
               nan               nan               nan               nan
               nan               nan               nan               nan
               nan               nan               nan               nan
               nan               nan               nan               nan]"	0.0	0.0	0.0
4572.158045283206	2.0	trials	9.0	1.0	1.0	0.0	10000.0	0.0	True	5.0	0.0	0.01	"[47782731.20747892 47783020.20656093 47783309.20564295               nan
               nan               nan               nan               nan
               nan               nan               nan               nan
               nan               nan               nan               nan
               nan               nan               nan               nan]"	0.0	0.0	0.0
4577.495993127686	2.0	trials	9.0	1.0	1.0	0.0	10000.0	0.0	True	5.0	0.0	0.01	"[47783600.20471861 47783889.20380063 47784179.20287948               nan
               nan               nan               nan               nan
               nan               nan               nan               nan
               nan               nan               nan               nan
               nan               nan               nan               nan]"	0.0	0.0	0.0
4583.7743155851485	2.0	trials	9.0	1.0	1.0	0.0	10000.0	0.0	True	5.0	0.0	0.01	"[47784468.20196149 47784759.20103717 47853124.98387885               nan
               nan               nan               nan               nan
               nan               nan               nan               nan
               nan               nan               nan               nan
               nan               nan               nan               nan]"	0.0	0.0	0.0
4589.642844144286	2.0	trials	9.0	1.0	1.0	0.0	10000.0	0.0	True	5.0	0.0	0.01	"[47853412.98296404 47853702.98204288 47853992.98112173               nan
               nan               nan               nan               nan
               nan               nan               nan               nan
               nan               nan               nan               nan
               nan               nan               nan               nan]"	0.0	0.0	0.0
4595.546623791452	2.0	trials	9.0	1.0	1.0	0.0	10000.0	0.0	True	5.0	0.0	0.01	"[47854282.98020057 47854572.97927941 47854861.97836142               nan
               nan               nan               nan               nan
               nan               nan               nan               nan
               nan               nan               nan               nan
               nan               nan               nan               nan]"	0.0	0.0	0.0
4603.538598405649	2.0	trials	9.0	1.0	1.0	0.0	10000.0	0.0	True	5.0	0.0	0.01	"[47855151.97744027 47855441.97651912 47855730.97560112               nan
               nan               nan               nan               nan
               nan               nan               nan               nan
               nan               nan               nan               nan
               nan               nan               nan               nan]"	0.0	0.0	0.0
4608.7584378252905	2.0	trials	9.0	1.0	1.0	0.0	10000.0	0.0	True	5.0	0.0	0.01	"[47856019.97468314 47856310.9737588  47856599.97284083               nan
               nan               nan               nan               nan
               nan               nan               nan               nan
               nan               nan               nan               nan
               nan               nan               nan               nan]"	0.0	0.0	0.0
4614.15358228809	2.0	trials	9.0	1.0	1.0	0.0	10000.0	0.0	True	5.0	0.0	0.01	"[47856889.97191966 47857178.97100168 47857468.97008053               nan
               nan               nan               nan               nan
               nan               nan               nan               nan
               nan               nan               nan               nan
               nan               nan               nan               nan]"	0.0	0.0	0.0
4621.142974486902	2.0	trials	9.0	1.0	1.0	0.0	10000.0	0.0	True	5.0	0.0	0.01	"[47857757.96916255 47858047.96824139 47858336.96732341               nan
               nan               nan               nan               nan
               nan               nan               nan               nan
               nan               nan               nan               nan
               nan               nan               nan               nan]"	0.0	0.0	0.0
4626.542957334334	2.0	trials	9.0	1.0	1.0	0.0	10000.0	0.0	True	5.0	0.0	0.01	"[47858627.96639907 47939256.71028847 47939546.70936731               nan
               nan               nan               nan               nan
               nan               nan               nan               nan
               nan               nan               nan               nan
               nan               nan               nan               nan]"	0.0	0.0	0.0
4633.544877493352	2.0	trials	9.0	1.0	1.0	0.0	10000.0	0.0	True	5.0	0.0	0.01	"[47939835.70844933 47940124.70753134 47940415.70660701               nan
               nan               nan               nan               nan
               nan               nan               nan               nan
               nan               nan               nan               nan
               nan               nan               nan               nan]"	0.0	0.0	0.0
4638.991429792859	2.0	trials	9.0	1.0	1.0	0.0	10000.0	0.0	True	5.0	0.0	0.01	"[47940704.70568904 47940993.70477105 47941283.7038499                nan
               nan               nan               nan               nan
               nan               nan               nan               nan
               nan               nan               nan               nan
               nan               nan               nan               nan]"	0.0	0.0	0.0
4647.0869112782775	2.0	trials	9.0	1.0	1.0	0.0	10000.0	0.0	True	5.0	0.0	0.01	"[47941573.70292873 47941863.70200758 47942152.70108958               nan
               nan               nan               nan               nan
               nan               nan               nan               nan
               nan               nan               nan               nan
               nan               nan               nan               nan]"	0.0	0.0	0.0
4654.052629952286	2.0	trials	9.0	1.0	1.0	0.0	10000.0	0.0	True	5.0	0.0	0.01	"[47942442.70016843 47942731.69925045 47943021.69832929               nan
               nan               nan               nan               nan
               nan               nan               nan               nan
               nan               nan               nan               nan
               nan               nan               nan               nan]"	0.0	0.0	0.0
4673.587003103075	2.0	trials	10.0	1.0	1.0	0.0	10000.0	0.0	True	10.0	0.0	0.005	"[47943311.69740814 47943601.69648697 47943890.69556899 47944180.69464784
 47944469.69372985               nan               nan               nan
               nan               nan               nan               nan
               nan               nan               nan               nan
               nan               nan               nan               nan]"	0.0	0.0	0.0
4678.969446806217	2.0	trials	10.0	1.0	1.0	0.0	10000.0	0.0	True	10.0	0.0	0.005	"[47944758.69281187 48003030.50771622 48003320.50679507 48003609.50587709
 48003899.50495592               nan               nan               nan
               nan               nan               nan               nan
               nan               nan               nan               nan
               nan               nan               nan               nan]"	0.0	0.0	0.0
4686.602603360169	2.0	trials	10.0	1.0	1.0	0.0	10000.0	0.0	True	10.0	0.0	0.005	"[48004188.50403795 48004478.50311678 48004768.50219563 48005058.50127447
 48005347.50035649               nan               nan               nan
               nan               nan               nan               nan
               nan               nan               nan               nan
               nan               nan               nan               nan]"	0.0	0.0	0.0
4691.851991485952	2.0	trials	10.0	1.0	1.0	0.0	10000.0	0.0	True	10.0	0.0	0.005	"[48005637.49943534 48005926.49851736 48006216.49759619 48006505.4966782
 48006795.49575704               nan               nan               nan
               nan               nan               nan               nan
               nan               nan               nan               nan
               nan               nan               nan               nan]"	0.0	0.0	0.0
4697.581330087213	2.0	trials	10.0	1.0	1.0	0.0	10000.0	0.0	True	10.0	0.0	0.005	"[48007085.49483588 48007375.49391473 48007664.49299675 48007954.49207558
 48008243.49115761               nan               nan               nan
               nan               nan               nan               nan
               nan               nan               nan               nan
               nan               nan               nan               nan]"	0.0	0.0	0.0
4704.187712302623	2.0	trials	10.0	1.0	1.0	0.0	10000.0	0.0	True	10.0	0.0	0.005	"[48008533.49023645 48093011.22189986 48093301.22097869 48093589.22006389
 48093879.21914273               nan               nan               nan
               nan               nan               nan               nan
               nan               nan               nan               nan
               nan               nan               nan               nan]"	0.0	0.0	0.0
4711.922993332186	2.0	trials	10.0	1.0	1.0	0.0	10000.0	0.0	True	10.0	0.0	0.005	"[48094169.21822157 48094458.21730358 48094748.21638243 48095037.21546445
 48095328.21454012               nan               nan               nan
               nan               nan               nan               nan
               nan               nan               nan               nan
               nan               nan               nan               nan]"	0.0	0.0	0.0
4718.792462711923	2.0	trials	10.0	1.0	1.0	0.0	10000.0	0.0	True	10.0	0.0	0.005	"[48095618.21361896 48095908.2126978  48096196.21178299 48096486.21086184
 48096775.20994385               nan               nan               nan
               nan               nan               nan               nan
               nan               nan               nan               nan
               nan               nan               nan               nan]"	0.0	0.0	0.0
4725.415520074365	2.0	trials	10.0	1.0	1.0	0.0	10000.0	0.0	True	10.0	0.0	0.005	"[48097066.20901952 48097355.20810153 48097644.20718355 48097934.2062624
 48098224.20534123               nan               nan               nan
               nan               nan               nan               nan
               nan               nan               nan               nan
               nan               nan               nan               nan]"	0.0	0.0	0.0
4732.087652480926	2.0	trials	10.0	1.0	1.0	0.0	10000.0	0.0	True	10.0	0.0	0.005	"[48098514.20442008 48175298.96051959 48175586.95960478 48175876.95868362
 48176166.95776246               nan               nan               nan
               nan               nan               nan               nan
               nan               nan               nan               nan
               nan               nan               nan               nan]"	0.0	0.0	0.0
4737.3201062604985	2.0	trials	10.0	1.0	1.0	0.0	10000.0	0.0	True	10.0	0.0	0.005	"[48176456.9568413  48176745.95592333 48177035.95500217 48177325.95408101
 48177614.95316304               nan               nan               nan
               nan               nan               nan               nan
               nan               nan               nan               nan
               nan               nan               nan               nan]"	0.0	0.0	0.0
4745.270954605331	2.0	trials	10.0	1.0	1.0	0.0	10000.0	0.0	True	10.0	0.0	0.005	"[48177904.95224187 48178194.9513207  48178484.95039955 48178773.94948157
 48179062.94856359               nan               nan               nan
               nan               nan               nan               nan
               nan               nan               nan               nan
               nan               nan               nan               nan]"	0.0	0.0	0.0
4750.763817157737	2.0	trials	10.0	1.0	1.0	0.0	10000.0	0.0	True	10.0	0.0	0.005	"[48179353.94763925 48179642.94672127 48179931.9458033  48180221.94488213
 48180510.94396414               nan               nan               nan
               nan               nan               nan               nan
               nan               nan               nan               nan
               nan               nan               nan               nan]"	0.0	0.0	0.0
4757.941474358543	2.0	trials	10.0	1.0	1.0	0.0	10000.0	0.0	True	10.0	0.0	0.005	"[48180801.94303982 48255740.70500297 48256030.70408181 48256320.70316065
 48256610.7022395                nan               nan               nan
               nan               nan               nan               nan
               nan               nan               nan               nan
               nan               nan               nan               nan]"	0.0	0.0	0.0
4763.959301643446	2.0	trials	10.0	1.0	1.0	0.0	10000.0	0.0	True	10.0	0.0	0.005	"[48256898.70132469 48257189.70040036 48257478.69948238 48257767.69856439
 48258058.69764006               nan               nan               nan
               nan               nan               nan               nan
               nan               nan               nan               nan
               nan               nan               nan               nan]"	0.0	0.0	0.0
4771.189749076569	2.0	trials	10.0	1.0	1.0	0.0	10000.0	0.0	True	10.0	0.0	0.005	"[48258347.69672207 48258637.69580092 48258926.69488294 48259216.69396178
 48259506.69304062               nan               nan               nan
               nan               nan               nan               nan
               nan               nan               nan               nan
               nan               nan               nan               nan]"	0.0	0.0	0.0
4776.7154435246875	2.0	trials	10.0	1.0	1.0	0.0	10000.0	0.0	True	10.0	0.0	0.005	"[48259796.69211946 48260085.69120149 48260374.6902835  48260664.68936233
 48260954.68844118               nan               nan               nan
               nan               nan               nan               nan
               nan               nan               nan               nan
               nan               nan               nan               nan]"	0.0	0.0	0.0
4784.809715413947	2.0	trials	10.0	1.0	1.0	0.0	10000.0	0.0	True	10.0	0.0	0.005	"[48261244.68752002 48318032.50713817 48318323.50621383 48318613.50529267
 48318902.50437469               nan               nan               nan
               nan               nan               nan               nan
               nan               nan               nan               nan
               nan               nan               nan               nan]"	0.0	0.0	0.0
4791.481675021057	2.0	trials	10.0	1.0	1.0	0.0	10000.0	0.0	True	10.0	0.0	0.005	"[48319192.50345354 48319481.50253554 48319771.50161439 48320060.50069641
 48320350.49977525               nan               nan               nan
               nan               nan               nan               nan
               nan               nan               nan               nan
               nan               nan               nan               nan]"	0.0	0.0	0.0
4798.465364837982	2.0	trials	10.0	1.0	1.0	0.0	10000.0	0.0	True	10.0	0.0	0.005	"[48320639.49885727 48320929.49793611 48321219.49701495 48321509.49609379
 48321798.49517581               nan               nan               nan
               nan               nan               nan               nan
               nan               nan               nan               nan
               nan               nan               nan               nan]"	0.0	0.0	0.0
4806.211705032416	2.0	trials	10.0	1.0	1.0	0.0	10000.0	0.0	True	10.0	0.0	0.005	"[48322088.49425465 48322377.49333667 48322667.4924155  48322956.49149754
 48323247.4905732                nan               nan               nan
               nan               nan               nan               nan
               nan               nan               nan               nan
               nan               nan               nan               nan]"	0.0	0.0	0.0
4813.201529229857	2.0	trials	10.0	1.0	1.0	0.0	10000.0	0.0	True	10.0	0.0	0.005	"[48323536.48965521 48378770.31420949 48379060.31328833 48379350.31236717
 48379639.31144919               nan               nan               nan
               nan               nan               nan               nan
               nan               nan               nan               nan
               nan               nan               nan               nan]"	0.0	0.0	0.0
4818.445733372106	2.0	trials	10.0	1.0	1.0	0.0	10000.0	0.0	True	10.0	0.0	0.005	"[48379930.31052486 48380219.30960688 48380508.30868889 48380799.30776455
 48381088.30684657               nan               nan               nan
               nan               nan               nan               nan
               nan               nan               nan               nan
               nan               nan               nan               nan]"	0.0	0.0	0.0
4826.323660348566	2.0	trials	10.0	1.0	1.0	0.0	10000.0	0.0	True	10.0	0.0	0.005	"[48381378.30592542 48381667.30500743 48381957.30408628 48382247.30316512
 48382536.30224714               nan               nan               nan
               nan               nan               nan               nan
               nan               nan               nan               nan
               nan               nan               nan               nan]"	0.0	0.0	0.0
4832.719745631965	2.0	trials	10.0	1.0	1.0	0.0	10000.0	0.0	True	10.0	0.0	0.005	"[48382826.30132598 48383115.30040801 48383405.29948684 48383695.29856569
 48383985.29764453               nan               nan               nan
               nan               nan               nan               nan
               nan               nan               nan               nan
               nan               nan               nan               nan]"	0.0	0.0	0.0
4838.995735296838	2.0	trials	10.0	1.0	1.0	0.0	10000.0	0.0	True	10.0	0.0	0.005	"[48384274.29672655 48466552.03537804 48466842.03445689 48467130.03354207
 48467420.03262091               nan               nan               nan
               nan               nan               nan               nan
               nan               nan               nan               nan
               nan               nan               nan               nan]"	0.0	0.0	0.0
4845.72852031074	2.0	trials	10.0	1.0	1.0	0.0	10000.0	0.0	True	10.0	0.0	0.005	"[48467710.03169976 48467999.03078178 48468290.02985744 48468580.02893628
 48468868.02802149               nan               nan               nan
               nan               nan               nan               nan
               nan               nan               nan               nan
               nan               nan               nan               nan]"	0.0	0.0	0.0
4851.6434455225035	2.0	trials	10.0	1.0	1.0	0.0	10000.0	0.0	True	10.0	0.0	0.005	"[48469158.02710032 48469448.02617916 48469738.02525801 48470027.02434002
 48470317.02341887               nan               nan               nan
               nan               nan               nan               nan
               nan               nan               nan               nan
               nan               nan               nan               nan]"	0.0	0.0	0.0
4859.672485618967	2.0	trials	10.0	1.0	1.0	0.0	10000.0	0.0	True	10.0	0.0	0.005	"[48470606.02250089 48470896.02157972 48471186.02065857 48471476.01973741
 48471765.01881943               nan               nan               nan
               nan               nan               nan               nan
               nan               nan               nan               nan
               nan               nan               nan               nan]"	0.0	0.0	0.0
4865.263498259608	2.0	trials	10.0	1.0	1.0	0.0	10000.0	0.0	True	10.0	0.0	0.005	"[48472055.01789828 48544688.78718304 48544977.78626506 48545266.78534709
 48545557.78442275               nan               nan               nan
               nan               nan               nan               nan
               nan               nan               nan               nan
               nan               nan               nan               nan]"	0.0	0.0	0.0
4885.073832133831	2.0	trials	11.0	1.0	1.0	0.0	10000.0	0.0	True	20.0	0.0	0.005	"[48545847.7835016  48546136.78258362 48546426.78166246 48546715.78074447
 48547006.77982014 48547295.77890215 48547584.77798416 48547874.77706301
 48548164.77614186 48548453.77522387               nan               nan
               nan               nan               nan               nan
               nan               nan               nan               nan]"	0.0	0.0	0.0
4890.64505923732	2.0	trials	11.0	1.0	1.0	0.0	10000.0	0.0	True	20.0	0.0	0.005	"[48548743.77430271 48549033.77338155 48549323.7724604  48549612.77154241
 48549901.77062443 48550191.76970328 48631545.51128977 48631835.51036862
 48632125.50944746 48632415.5085263                nan               nan
               nan               nan               nan               nan
               nan               nan               nan               nan]"	0.0	0.0	0.0
4896.590742751381	2.0	trials	11.0	1.0	1.0	0.0	10000.0	0.0	True	20.0	0.0	0.005	"[48632704.50760832 48632994.50668716 48633284.505766   48633573.50484801
 48633863.50392686 48634152.50300888 48634442.50208772 48634732.50116656
 48635022.5002454  48635310.4993306                nan               nan
               nan               nan               nan               nan
               nan               nan               nan               nan]"	0.0	0.0	0.0
4902.245431989761	2.0	trials	11.0	1.0	1.0	0.0	10000.0	0.0	True	20.0	0.0	0.005	"[48635601.49840627 48635890.49748828 48636180.49656712 48636469.49564914
 48636759.49472798 48637049.49380682 48703704.28208335 48703995.28115901
 48704284.28024102 48704574.27931987               nan               nan
               nan               nan               nan               nan
               nan               nan               nan               nan]"	0.0	0.0	0.0
4908.57576708201	2.0	trials	11.0	1.0	1.0	0.0	10000.0	0.0	True	20.0	0.0	0.005	"[48704863.27840189 48705153.27748073 48705442.27656275 48705732.2756416
 48706022.27472043 48706311.27380246 48706601.27288129 48706891.27196014
 48707180.27104215 48707470.27012099               nan               nan
               nan               nan               nan               nan
               nan               nan               nan               nan]"	0.0	0.0	0.0
4915.3916686319	2.0	trials	11.0	1.0	1.0	0.0	10000.0	0.0	True	20.0	0.0	0.005	"[48707759.26920301 48708050.26827867 48708339.26736069 48708628.26644271
 48708918.26552156 48709207.26460356 48776064.05223846 48776354.0513173
 48776644.05039615 48776934.04947498               nan               nan
               nan               nan               nan               nan
               nan               nan               nan               nan]"	0.0	0.0	0.0
4922.135772009851	2.0	trials	11.0	1.0	1.0	0.0	10000.0	0.0	True	20.0	0.0	0.005	"[48777224.04855382 48777512.04763902 48777802.04671786 48778093.04579353
 48778382.04487555 48778671.04395757 48778961.04303641 48779252.04211207
 48779541.04119409 48779830.04027611               nan               nan
               nan               nan               nan               nan
               nan               nan               nan               nan]"	0.0	0.0	0.0
4928.157832881306	2.0	trials	11.0	1.0	1.0	0.0	10000.0	0.0	True	20.0	0.0	0.005	"[48780119.03935812 48780410.0384338  48780698.03751899 48780989.03659464
 48781278.03567667 48781568.03475551 48855872.7987325  48856161.79781453
 48856451.79689337 48856740.79597539               nan               nan
               nan               nan               nan               nan
               nan               nan               nan               nan]"	0.0	0.0	0.0
4936.169593032657	2.0	trials	11.0	1.0	1.0	0.0	10000.0	0.0	True	20.0	0.0	0.005	"[48857030.79505423 48857320.79413308 48857610.79321191 48857899.79229392
 48858188.79137594 48858478.79045479 48858768.78953363 48859057.78861565
 48859347.7876945  48859637.78677334               nan               nan
               nan               nan               nan               nan
               nan               nan               nan               nan]"	0.0	0.0	0.0
4944.1919803502515	2.0	trials	11.0	1.0	1.0	0.0	10000.0	0.0	True	20.0	0.0	0.005	"[48859926.78585536 48860216.78493419 48860506.78401304 48860795.78309505
 48861084.78217707 48861375.78125274 48922413.58737114 48922703.58644997
 48922993.58552882 48923283.58460767               nan               nan
               nan               nan               nan               nan
               nan               nan               nan               nan]"	0.0	0.0	0.0
4949.465473999465	2.0	trials	11.0	1.0	1.0	0.0	10000.0	0.0	True	20.0	0.0	0.005	"[48923572.58368969 48923862.58276853 48924152.58184736 48924441.5809294
 48924731.58000823 48925020.57909025 48925310.57816909 48925599.57725111
 48925889.57632995 48926179.57540879               nan               nan
               nan               nan               nan               nan
               nan               nan               nan               nan]"	0.0	0.0	0.0
4956.587489777011	2.0	trials	11.0	1.0	1.0	0.0	10000.0	0.0	True	20.0	0.0	0.005	"[48926469.57448763 48926758.57356965 48927048.5726485  48927338.57172734
 48927627.57080936 48927916.56989136 49014257.29563713 49014548.29471279
 49014837.29379481 49015128.29287047               nan               nan
               nan               nan               nan               nan
               nan               nan               nan               nan]"	0.0	0.0	0.0
4962.036029270206	2.0	trials	11.0	1.0	1.0	0.0	10000.0	0.0	True	20.0	0.0	0.005	"[49015416.29195567 49015706.29103452 49015996.29011335 49016286.28919219
 49016575.28827421 49016864.28735623 49017154.28643507 49017445.28551073
 49017734.28459275 49018023.28367478               nan               nan
               nan               nan               nan               nan
               nan               nan               nan               nan]"	0.0	0.0	0.0
4968.456047277585	2.0	trials	11.0	1.0	1.0	0.0	10000.0	0.0	True	20.0	0.0	0.005	"[49018313.28275362 49018603.28183246 49018893.2809113  49019182.27999333
 49019471.27907533 49019761.27815418 49093212.04484383 49093502.04392266
 49093792.0430015  49094082.04208035               nan               nan
               nan               nan               nan               nan
               nan               nan               nan               nan]"	0.0	0.0	0.0
4975.427813932384	2.0	trials	11.0	1.0	1.0	0.0	10000.0	0.0	True	20.0	0.0	0.005	"[49094371.04116237 49094660.04024439 49094951.03932005 49095240.03840207
 49095530.03748091 49095819.03656293 49096109.03564178 49096399.03472062
 49096688.03380264 49096977.03288465               nan               nan
               nan               nan               nan               nan
               nan               nan               nan               nan]"	0.0	0.0	0.0
4981.8188016319755	2.0	trials	11.0	1.0	1.0	0.0	10000.0	0.0	True	20.0	0.0	0.005	"[49097268.03196031 49097557.03104233 49097847.03012118 49098136.0292032
 49098427.02827886 49098716.02736089 49176343.78078268 49176634.77985834
 49176923.77894036 49177212.77802237               nan               nan
               nan               nan               nan               nan
               nan               nan               nan               nan]"	0.0	0.0	0.0
4986.960017301358	2.0	trials	11.0	1.0	1.0	0.0	10000.0	0.0	True	20.0	0.0	0.005	"[49177503.77709804 49177792.77618006 49178082.7752589  49178371.77434092
 49178661.77341975 49178950.77250179 49179240.77158062 49179529.77066263
 49179819.76974148 49180109.76882032               nan               nan
               nan               nan               nan               nan
               nan               nan               nan               nan]"	0.0	0.0	0.0
4993.230304584344	2.0	trials	11.0	1.0	1.0	0.0	10000.0	0.0	True	20.0	0.0	0.005	"[49180398.76790234 49180688.76698118 49180978.76606002 49181267.76514204
 49181557.76422089 49181847.76329973 49249613.54804726 49249902.54712928
 49250192.54620812 49250482.54528697               nan               nan
               nan               nan               nan               nan
               nan               nan               nan               nan]"	0.0	0.0	0.0
4999.291677330928	2.0	trials	11.0	1.0	1.0	0.0	10000.0	0.0	True	20.0	0.0	0.005	"[49250772.5443658  49251061.54344781 49251350.54252983 49251641.5416055
 49251930.54068752 49252220.53976636 49252509.53884839 49252799.53792722
 49253088.53700925 49253377.53609126               nan               nan
               nan               nan               nan               nan
               nan               nan               nan               nan]"	0.0	0.0	0.0
5004.43816338357	2.0	trials	11.0	1.0	1.0	0.0	10000.0	0.0	True	20.0	0.0	0.005	"[49253668.53516693 49253958.53424576 49254247.53332778 49254537.53240663
 49254826.53148865 49255116.53056748 49312380.34867365 49312671.34774933
 49312959.34683451 49313250.34591018               nan               nan
               nan               nan               nan               nan
               nan               nan               nan               nan]"	0.0	0.0	0.0
5009.850328592304	2.0	trials	11.0	1.0	1.0	0.0	10000.0	0.0	True	20.0	0.0	0.005	"[49313540.34498902 49313829.34407104 49314118.34315307 49314409.34222873
 49314697.34131392 49314988.34038959 49315277.3394716  49315567.33855044
 49315857.33762928 49316145.33671448               nan               nan
               nan               nan               nan               nan
               nan               nan               nan               nan]"	0.0	0.0	0.0
5015.694492428834	2.0	trials	11.0	1.0	1.0	0.0	10000.0	0.0	True	20.0	0.0	0.005	"[49316435.33579332 49316725.33487216 49317015.333951   49317304.33303303
 49317594.33211187 49317883.33119388 49395018.08618165 49395308.08526049
 49395599.08433615 49395888.08341817               nan               nan
               nan               nan               nan               nan
               nan               nan               nan               nan]"	0.0	0.0	0.0
5023.2600843974	2.0	trials	11.0	1.0	1.0	0.0	10000.0	0.0	True	20.0	0.0	0.005	"[49396177.0825002  49396466.08158221 49396757.08065788 49397046.07973989
 49397336.07881873 49397625.07790075 49397915.0769796  49398204.07606161
 49398495.07513727 49398784.07421929               nan               nan
               nan               nan               nan               nan
               nan               nan               nan               nan]"	0.0	0.0	0.0
5031.0783091634985	2.0	trials	11.0	1.0	1.0	0.0	10000.0	0.0	True	20.0	0.0	0.005	"[49399073.07330131 49399363.07238015 49399653.071459   49399942.07054102
 49400233.06961668 49400522.0686987  49466694.85850625 49466984.85758509
 49467274.85666393 49467563.85574596               nan               nan
               nan               nan               nan               nan
               nan               nan               nan               nan]"	0.0	0.0	0.0
5037.220379253755	2.0	trials	11.0	1.0	1.0	0.0	10000.0	0.0	True	20.0	0.0	0.005	"[49467853.85482479 49468142.8539068  49468432.85298564 49468722.85206449
 49469011.85114651 49469301.85022536 49469590.84930737 49469879.84838939
 49470169.84746823 49470459.84654707               nan               nan
               nan               nan               nan               nan
               nan               nan               nan               nan]"	0.0	0.0	0.0
5044.7040642824895	2.0	trials	11.0	1.0	1.0	0.0	10000.0	0.0	True	20.0	0.0	0.005	"[49470748.8456291  49471038.84470793 49471328.84378678 49471618.84286562
 49471907.84194764 49472197.84102648 49553567.58256216 49553856.58164416
 49554146.58072301 49554436.57980185               nan               nan
               nan               nan               nan               nan
               nan               nan               nan               nan]"	0.0	0.0	0.0
5051.6461094316965	2.0	trials	11.0	1.0	1.0	0.0	10000.0	0.0	True	20.0	0.0	0.005	"[49554725.57888387 49555016.57795953 49555304.57704474 49555594.57612358
 49555884.57520241 49556174.57428126 49556464.57336011 49556753.57244211
 49557042.57152414 49557332.57060298               nan               nan
               nan               nan               nan               nan
               nan               nan               nan               nan]"	0.0	0.0	0.0
5056.956236564546	2.0	trials	11.0	1.0	1.0	0.0	10000.0	0.0	True	20.0	0.0	0.005	"[49557622.56968182 49557912.56876066 49558201.56784268 49558491.56692152
 49558781.56600036 49559071.5650792  49640853.3053062  49641143.30438505
 49641433.30346388 49641722.30254591               nan               nan
               nan               nan               nan               nan
               nan               nan               nan               nan]"	0.0	0.0	0.0
5064.024338913344	2.0	trials	11.0	1.0	1.0	0.0	10000.0	0.0	True	20.0	0.0	0.005	"[49642011.30162792 49642301.30070676 49642591.2997856  49642881.29886445
 49643171.29794329 49643460.29702531 49643749.29610733 49644039.29518616
 49644329.29426501 49644619.29334386               nan               nan
               nan               nan               nan               nan
               nan               nan               nan               nan]"	0.0	0.0	0.0
5070.167964198659	2.0	trials	11.0	1.0	1.0	0.0	10000.0	0.0	True	20.0	0.0	0.005	"[49644908.29242586 49645198.29150471 49645487.29058672 49645778.28966238
 49646066.28874759 49646357.28782325 49731551.01721235 49731841.01629119
 49732130.01537321 49732421.01444887               nan               nan
               nan               nan               nan               nan
               nan               nan               nan               nan]"	0.0	0.0	0.0
5109.417026727478	2.0	trials	12.0	1.0	1.0	0.0	10000.0	0.0	True	1.0	0.0	1.0	"[49732710.01353089               nan               nan               nan
               nan               nan               nan               nan
               nan               nan               nan               nan
               nan               nan               nan               nan
               nan               nan               nan               nan]"	0.0	0.0	0.0
5116.063757614724	2.0	trials	12.0	1.0	1.0	0.0	10000.0	0.0	True	1.0	0.0	1.0	"[49733000.01260974               nan               nan               nan
               nan               nan               nan               nan
               nan               nan               nan               nan
               nan               nan               nan               nan
               nan               nan               nan               nan]"	0.0	0.0	0.0
5122.543218633287	2.0	trials	12.0	1.0	1.0	0.0	10000.0	0.0	True	1.0	0.0	1.0	"[49733289.01169174               nan               nan               nan
               nan               nan               nan               nan
               nan               nan               nan               nan
               nan               nan               nan               nan
               nan               nan               nan               nan]"	0.0	0.0	0.0
5127.8985328226045	2.0	trials	12.0	1.0	1.0	0.0	10000.0	0.0	True	1.0	0.0	1.0	"[49733579.01077059               nan               nan               nan
               nan               nan               nan               nan
               nan               nan               nan               nan
               nan               nan               nan               nan
               nan               nan               nan               nan]"	0.0	0.0	0.0
5134.893454603853	2.0	trials	12.0	1.0	1.0	0.0	10000.0	0.0	True	1.0	0.0	1.0	"[49733869.00984944               nan               nan               nan
               nan               nan               nan               nan
               nan               nan               nan               nan
               nan               nan               nan               nan
               nan               nan               nan               nan]"	0.0	0.0	0.0
5140.903246714279	2.0	trials	12.0	1.0	1.0	0.0	10000.0	0.0	True	1.0	0.0	1.0	"[49734158.00893145               nan               nan               nan
               nan               nan               nan               nan
               nan               nan               nan               nan
               nan               nan               nan               nan
               nan               nan               nan               nan]"	0.0	0.0	0.0
5147.449149121798	2.0	trials	12.0	1.0	1.0	0.0	10000.0	0.0	True	1.0	0.0	1.0	"[49734448.00801029               nan               nan               nan
               nan               nan               nan               nan
               nan               nan               nan               nan
               nan               nan               nan               nan
               nan               nan               nan               nan]"	0.0	0.0	0.0
5153.7330875614225	2.0	trials	12.0	1.0	1.0	0.0	10000.0	0.0	True	1.0	0.0	1.0	"[49734737.0070923              nan              nan              nan
              nan              nan              nan              nan
              nan              nan              nan              nan
              nan              nan              nan              nan
              nan              nan              nan              nan]"	0.0	0.0	0.0
5159.227591708614	2.0	trials	12.0	1.0	1.0	0.0	10000.0	0.0	True	0.0	0.0	0.0	"[nan nan nan nan nan nan nan nan nan nan nan nan nan nan nan nan nan nan
 nan nan]"	0.0	0.0	0.0
5164.891180118726	2.0	trials	12.0	1.0	1.0	0.0	10000.0	0.0	True	1.0	0.0	1.0	"[49735027.00617115               nan               nan               nan
               nan               nan               nan               nan
               nan               nan               nan               nan
               nan               nan               nan               nan
               nan               nan               nan               nan]"	0.0	0.0	0.0
5170.525306222421	2.0	trials	12.0	1.0	1.0	0.0	10000.0	0.0	True	1.0	0.0	1.0	"[49735316.00525317               nan               nan               nan
               nan               nan               nan               nan
               nan               nan               nan               nan
               nan               nan               nan               nan
               nan               nan               nan               nan]"	0.0	0.0	0.0
5177.365140496292	2.0	trials	12.0	1.0	1.0	0.0	10000.0	0.0	True	0.0	0.0	0.0	"[nan nan nan nan nan nan nan nan nan nan nan nan nan nan nan nan nan nan
 nan nan]"	0.0	0.0	0.0
5183.683379626963	2.0	trials	12.0	1.0	1.0	0.0	10000.0	0.0	True	0.0	0.0	0.0	"[nan nan nan nan nan nan nan nan nan nan nan nan nan nan nan nan nan nan
 nan nan]"	0.0	0.0	0.0
5191.19505816678	2.0	trials	12.0	1.0	1.0	0.0	10000.0	0.0	True	0.0	0.0	0.0	"[nan nan nan nan nan nan nan nan nan nan nan nan nan nan nan nan nan nan
 nan nan]"	0.0	0.0	0.0
5198.359496209574	2.0	trials	12.0	1.0	1.0	0.0	10000.0	0.0	True	1.0	0.0	1.0	"[49735606.00433201               nan               nan               nan
               nan               nan               nan               nan
               nan               nan               nan               nan
               nan               nan               nan               nan
               nan               nan               nan               nan]"	0.0	0.0	0.0
5204.4912847324895	2.0	trials	12.0	1.0	1.0	0.0	10000.0	0.0	True	1.0	0.0	1.0	"[49735897.00340767               nan               nan               nan
               nan               nan               nan               nan
               nan               nan               nan               nan
               nan               nan               nan               nan
               nan               nan               nan               nan]"	0.0	0.0	0.0
5210.251122436873	2.0	trials	12.0	1.0	1.0	0.0	10000.0	0.0	True	1.0	0.0	1.0	"[49736185.00249287               nan               nan               nan
               nan               nan               nan               nan
               nan               nan               nan               nan
               nan               nan               nan               nan
               nan               nan               nan               nan]"	0.0	0.0	0.0
5216.815082387034	2.0	trials	12.0	1.0	1.0	0.0	10000.0	0.0	True	1.0	0.0	1.0	"[49736476.00156853               nan               nan               nan
               nan               nan               nan               nan
               nan               nan               nan               nan
               nan               nan               nan               nan
               nan               nan               nan               nan]"	0.0	0.0	0.0
5222.839562450805	2.0	trials	12.0	1.0	1.0	0.0	10000.0	0.0	True	1.0	0.0	1.0	"[49736765.00065055               nan               nan               nan
               nan               nan               nan               nan
               nan               nan               nan               nan
               nan               nan               nan               nan
               nan               nan               nan               nan]"	0.0	0.0	0.0
5230.60240499282	2.0	trials	12.0	1.0	1.0	0.0	10000.0	0.0	True	1.0	0.0	1.0	"[49737054.99972939               nan               nan               nan
               nan               nan               nan               nan
               nan               nan               nan               nan
               nan               nan               nan               nan
               nan               nan               nan               nan]"	0.0	0.0	0.0
5238.235302347595	2.0	trials	12.0	1.0	1.0	0.0	10000.0	0.0	True	1.0	0.0	1.0	"[49819880.73664021               nan               nan               nan
               nan               nan               nan               nan
               nan               nan               nan               nan
               nan               nan               nan               nan
               nan               nan               nan               nan]"	0.0	0.0	0.0
5244.523560773498	2.0	trials	12.0	1.0	1.0	0.0	10000.0	0.0	True	1.0	0.0	1.0	"[49820169.73572224               nan               nan               nan
               nan               nan               nan               nan
               nan               nan               nan               nan
               nan               nan               nan               nan
               nan               nan               nan               nan]"	0.0	0.0	0.0
5252.3598430822385	2.0	trials	12.0	1.0	1.0	0.0	10000.0	0.0	True	1.0	0.0	1.0	"[49820460.7347979              nan              nan              nan
              nan              nan              nan              nan
              nan              nan              nan              nan
              nan              nan              nan              nan
              nan              nan              nan              nan]"	0.0	0.0	0.0
5260.291337888546	2.0	trials	12.0	1.0	1.0	0.0	10000.0	0.0	True	1.0	0.0	1.0	"[49820749.73387992               nan               nan               nan
               nan               nan               nan               nan
               nan               nan               nan               nan
               nan               nan               nan               nan
               nan               nan               nan               nan]"	0.0	0.0	0.0
5268.289274083808	2.0	trials	12.0	1.0	1.0	0.0	10000.0	0.0	True	1.0	0.0	1.0	"[49821039.73295877               nan               nan               nan
               nan               nan               nan               nan
               nan               nan               nan               nan
               nan               nan               nan               nan
               nan               nan               nan               nan]"	0.0	0.0	0.0
5274.9552721098535	2.0	trials	12.0	1.0	1.0	0.0	10000.0	0.0	True	0.0	0.0	0.0	"[nan nan nan nan nan nan nan nan nan nan nan nan nan nan nan nan nan nan
 nan nan]"	0.0	0.0	0.0
5282.534083236429	2.0	trials	12.0	1.0	1.0	0.0	10000.0	0.0	True	1.0	0.0	1.0	"[49821329.7320376              nan              nan              nan
              nan              nan              nan              nan
              nan              nan              nan              nan
              nan              nan              nan              nan
              nan              nan              nan              nan]"	0.0	0.0	0.0
5287.753577057168	2.0	trials	12.0	1.0	1.0	0.0	10000.0	0.0	True	1.0	0.0	1.0	"[49821618.73111963               nan               nan               nan
               nan               nan               nan               nan
               nan               nan               nan               nan
               nan               nan               nan               nan
               nan               nan               nan               nan]"	0.0	0.0	0.0
5293.515747554141	2.0	trials	12.0	1.0	1.0	0.0	10000.0	0.0	True	1.0	0.0	1.0	"[49821907.73020165               nan               nan               nan
               nan               nan               nan               nan
               nan               nan               nan               nan
               nan               nan               nan               nan
               nan               nan               nan               nan]"	0.0	0.0	0.0
5300.342017071099	2.0	trials	12.0	1.0	1.0	0.0	10000.0	0.0	True	1.0	0.0	1.0	"[49822197.72928049               nan               nan               nan
               nan               nan               nan               nan
               nan               nan               nan               nan
               nan               nan               nan               nan
               nan               nan               nan               nan]"	0.0	0.0	0.0
