onset	duration	nwb_table	Block	sound	sound_puretone	sound_bluenoise	sound_freq	sound_amp	optogenetics	opto_freq	opto_power	opto_pulse_duration	opto_pulse_ts	airpuff	airpuff_duration	airpuff_amp
388.43065013550745	2.0	trials	1.0	1.0	1.0	0.0	10000.0	1.0	False	0.0	0.0	0.0	[NaN, NaN, NaN, NaN, NaN, NaN, NaN, NaN, NaN, NaN, NaN, NaN, NaN, NaN, NaN, NaN, NaN, NaN, NaN, NaN]	0.0	0.0	0.0
397.7008037999484	2.0	trials	1.0	1.0	1.0	0.0	10000.0	1.0	False	0.0	0.0	0.0	[NaN, NaN, NaN, NaN, NaN, NaN, NaN, NaN, NaN, NaN, NaN, NaN, NaN, NaN, NaN, NaN, NaN, NaN, NaN, NaN]	0.0	0.0	0.0
408.7882856670646	2.0	trials	1.0	1.0	1.0	0.0	10000.0	1.0	False	0.0	0.0	0.0	[NaN, NaN, NaN, NaN, NaN, NaN, NaN, NaN, NaN, NaN, NaN, NaN, NaN, NaN, NaN, NaN, NaN, NaN, NaN, NaN]	0.0	0.0	0.0
414.25426700271424	2.0	trials	1.0	1.0	1.0	0.0	10000.0	1.0	False	0.0	0.0	0.0	[NaN, NaN, NaN, NaN, NaN, NaN, NaN, NaN, NaN, NaN, NaN, NaN, NaN, NaN, NaN, NaN, NaN, NaN, NaN, NaN]	0.0	0.0	0.0
422.05631945864224	2.0	trials	1.0	1.0	1.0	0.0	10000.0	1.0	False	0.0	0.0	0.0	[NaN, NaN, NaN, NaN, NaN, NaN, NaN, NaN, NaN, NaN, NaN, NaN, NaN, NaN, NaN, NaN, NaN, NaN, NaN, NaN]	0.0	0.0	0.0
428.74407687654116	2.0	trials	1.0	1.0	1.0	0.0	10000.0	1.0	False	0.0	0.0	0.0	[NaN, NaN, NaN, NaN, NaN, NaN, NaN, NaN, NaN, NaN, NaN, NaN, NaN, NaN, NaN, NaN, NaN, NaN, NaN, NaN]	0.0	0.0	0.0
435.6924153469868	2.0	trials	1.0	1.0	1.0	0.0	10000.0	1.0	False	0.0	0.0	0.0	[NaN, NaN, NaN, NaN, NaN, NaN, NaN, NaN, NaN, NaN, NaN, NaN, NaN, NaN, NaN, NaN, NaN, NaN, NaN, NaN]	0.0	0.0	0.0
446.0988095359776	2.0	trials	1.0	1.0	1.0	0.0	10000.0	1.0	False	0.0	0.0	0.0	[NaN, NaN, NaN, NaN, NaN, NaN, NaN, NaN, NaN, NaN, NaN, NaN, NaN, NaN, NaN, NaN, NaN, NaN, NaN, NaN]	0.0	0.0	0.0
454.5022892819514	2.0	trials	1.0	1.0	1.0	0.0	10000.0	1.0	False	0.0	0.0	0.0	[NaN, NaN, NaN, NaN, NaN, NaN, NaN, NaN, NaN, NaN, NaN, NaN, NaN, NaN, NaN, NaN, NaN, NaN, NaN, NaN]	0.0	0.0	0.0
463.7543854397669	2.0	trials	1.0	1.0	1.0	0.0	10000.0	1.0	False	0.0	0.0	0.0	[NaN, NaN, NaN, NaN, NaN, NaN, NaN, NaN, NaN, NaN, NaN, NaN, NaN, NaN, NaN, NaN, NaN, NaN, NaN, NaN]	0.0	0.0	0.0
469.67638361737335	2.0	trials	1.0	1.0	1.0	0.0	10000.0	1.0	False	0.0	0.0	0.0	[NaN, NaN, NaN, NaN, NaN, NaN, NaN, NaN, NaN, NaN, NaN, NaN, NaN, NaN, NaN, NaN, NaN, NaN, NaN, NaN]	0.0	0.0	0.0
478.39634492683484	2.0	trials	1.0	1.0	1.0	0.0	10000.0	1.0	False	0.0	0.0	0.0	[NaN, NaN, NaN, NaN, NaN, NaN, NaN, NaN, NaN, NaN, NaN, NaN, NaN, NaN, NaN, NaN, NaN, NaN, NaN, NaN]	0.0	0.0	0.0
484.22866036818687	2.0	trials	1.0	1.0	1.0	0.0	10000.0	1.0	False	0.0	0.0	0.0	[NaN, NaN, NaN, NaN, NaN, NaN, NaN, NaN, NaN, NaN, NaN, NaN, NaN, NaN, NaN, NaN, NaN, NaN, NaN, NaN]	0.0	0.0	0.0
493.0966241123342	2.0	trials	1.0	1.0	1.0	0.0	10000.0	1.0	False	0.0	0.0	0.0	[NaN, NaN, NaN, NaN, NaN, NaN, NaN, NaN, NaN, NaN, NaN, NaN, NaN, NaN, NaN, NaN, NaN, NaN, NaN, NaN]	0.0	0.0	0.0
499.5857489573534	2.0	trials	1.0	1.0	1.0	0.0	10000.0	1.0	False	0.0	0.0	0.0	[NaN, NaN, NaN, NaN, NaN, NaN, NaN, NaN, NaN, NaN, NaN, NaN, NaN, NaN, NaN, NaN, NaN, NaN, NaN, NaN]	0.0	0.0	0.0
507.92650262768103	2.0	trials	1.0	1.0	1.0	0.0	10000.0	1.0	False	0.0	0.0	0.0	[NaN, NaN, NaN, NaN, NaN, NaN, NaN, NaN, NaN, NaN, NaN, NaN, NaN, NaN, NaN, NaN, NaN, NaN, NaN, NaN]	0.0	0.0	0.0
517.1973474885477	2.0	trials	1.0	1.0	1.0	0.0	10000.0	1.0	False	0.0	0.0	0.0	[NaN, NaN, NaN, NaN, NaN, NaN, NaN, NaN, NaN, NaN, NaN, NaN, NaN, NaN, NaN, NaN, NaN, NaN, NaN, NaN]	0.0	0.0	0.0
524.858136674942	2.0	trials	1.0	1.0	1.0	0.0	10000.0	1.0	False	0.0	0.0	0.0	[NaN, NaN, NaN, NaN, NaN, NaN, NaN, NaN, NaN, NaN, NaN, NaN, NaN, NaN, NaN, NaN, NaN, NaN, NaN, NaN]	0.0	0.0	0.0
534.8559473767001	2.0	trials	1.0	1.0	1.0	0.0	10000.0	1.0	False	0.0	0.0	0.0	[NaN, NaN, NaN, NaN, NaN, NaN, NaN, NaN, NaN, NaN, NaN, NaN, NaN, NaN, NaN, NaN, NaN, NaN, NaN, NaN]	0.0	0.0	0.0
545.2829910589134	2.0	trials	1.0	1.0	1.0	0.0	10000.0	1.0	False	0.0	0.0	0.0	[NaN, NaN, NaN, NaN, NaN, NaN, NaN, NaN, NaN, NaN, NaN, NaN, NaN, NaN, NaN, NaN, NaN, NaN, NaN, NaN]	0.0	0.0	0.0
552.6143387488352	2.0	trials	1.0	1.0	1.0	0.0	10000.0	1.0	False	0.0	0.0	0.0	[NaN, NaN, NaN, NaN, NaN, NaN, NaN, NaN, NaN, NaN, NaN, NaN, NaN, NaN, NaN, NaN, NaN, NaN, NaN, NaN]	0.0	0.0	0.0
562.3359300789116	2.0	trials	1.0	1.0	1.0	0.0	10000.0	1.0	False	0.0	0.0	0.0	[NaN, NaN, NaN, NaN, NaN, NaN, NaN, NaN, NaN, NaN, NaN, NaN, NaN, NaN, NaN, NaN, NaN, NaN, NaN, NaN]	0.0	0.0	0.0
573.3649194484899	2.0	trials	1.0	1.0	1.0	0.0	10000.0	1.0	False	0.0	0.0	0.0	[NaN, NaN, NaN, NaN, NaN, NaN, NaN, NaN, NaN, NaN, NaN, NaN, NaN, NaN, NaN, NaN, NaN, NaN, NaN, NaN]	0.0	0.0	0.0
584.0188483574896	2.0	trials	1.0	1.0	1.0	0.0	10000.0	1.0	False	0.0	0.0	0.0	[NaN, NaN, NaN, NaN, NaN, NaN, NaN, NaN, NaN, NaN, NaN, NaN, NaN, NaN, NaN, NaN, NaN, NaN, NaN, NaN]	0.0	0.0	0.0
589.6100226457719	2.0	trials	1.0	1.0	1.0	0.0	10000.0	1.0	False	0.0	0.0	0.0	[NaN, NaN, NaN, NaN, NaN, NaN, NaN, NaN, NaN, NaN, NaN, NaN, NaN, NaN, NaN, NaN, NaN, NaN, NaN, NaN]	0.0	0.0	0.0
598.5141878027233	2.0	trials	1.0	1.0	1.0	0.0	10000.0	1.0	False	0.0	0.0	0.0	[NaN, NaN, NaN, NaN, NaN, NaN, NaN, NaN, NaN, NaN, NaN, NaN, NaN, NaN, NaN, NaN, NaN, NaN, NaN, NaN]	0.0	0.0	0.0
608.3423961814876	2.0	trials	1.0	1.0	1.0	0.0	10000.0	1.0	False	0.0	0.0	0.0	[NaN, NaN, NaN, NaN, NaN, NaN, NaN, NaN, NaN, NaN, NaN, NaN, NaN, NaN, NaN, NaN, NaN, NaN, NaN, NaN]	0.0	0.0	0.0
614.0537522483153	2.0	trials	1.0	1.0	1.0	0.0	10000.0	1.0	False	0.0	0.0	0.0	[NaN, NaN, NaN, NaN, NaN, NaN, NaN, NaN, NaN, NaN, NaN, NaN, NaN, NaN, NaN, NaN, NaN, NaN, NaN, NaN]	0.0	0.0	0.0
623.2877908995052	2.0	trials	1.0	1.0	1.0	0.0	10000.0	1.0	False	0.0	0.0	0.0	[NaN, NaN, NaN, NaN, NaN, NaN, NaN, NaN, NaN, NaN, NaN, NaN, NaN, NaN, NaN, NaN, NaN, NaN, NaN, NaN]	0.0	0.0	0.0
632.4316284171215	2.0	trials	1.0	1.0	1.0	0.0	10000.0	1.0	False	0.0	0.0	0.0	[NaN, NaN, NaN, NaN, NaN, NaN, NaN, NaN, NaN, NaN, NaN, NaN, NaN, NaN, NaN, NaN, NaN, NaN, NaN, NaN]	0.0	0.0	0.0
643.3362024300462	2.0	trials	1.0	1.0	1.0	0.0	10000.0	1.0	False	0.0	0.0	0.0	[NaN, NaN, NaN, NaN, NaN, NaN, NaN, NaN, NaN, NaN, NaN, NaN, NaN, NaN, NaN, NaN, NaN, NaN, NaN, NaN]	0.0	0.0	0.0
651.1343669060788	2.0	trials	1.0	1.0	1.0	0.0	10000.0	1.0	False	0.0	0.0	0.0	[NaN, NaN, NaN, NaN, NaN, NaN, NaN, NaN, NaN, NaN, NaN, NaN, NaN, NaN, NaN, NaN, NaN, NaN, NaN, NaN]	0.0	0.0	0.0
661.6218902755542	2.0	trials	1.0	1.0	1.0	0.0	10000.0	1.0	False	0.0	0.0	0.0	[NaN, NaN, NaN, NaN, NaN, NaN, NaN, NaN, NaN, NaN, NaN, NaN, NaN, NaN, NaN, NaN, NaN, NaN, NaN, NaN]	0.0	0.0	0.0
668.1439333503547	2.0	trials	1.0	1.0	1.0	0.0	10000.0	1.0	False	0.0	0.0	0.0	[NaN, NaN, NaN, NaN, NaN, NaN, NaN, NaN, NaN, NaN, NaN, NaN, NaN, NaN, NaN, NaN, NaN, NaN, NaN, NaN]	0.0	0.0	0.0
676.4534103824125	2.0	trials	1.0	1.0	1.0	0.0	10000.0	1.0	False	0.0	0.0	0.0	[NaN, NaN, NaN, NaN, NaN, NaN, NaN, NaN, NaN, NaN, NaN, NaN, NaN, NaN, NaN, NaN, NaN, NaN, NaN, NaN]	0.0	0.0	0.0
686.3719926938571	2.0	trials	1.0	1.0	1.0	0.0	10000.0	1.0	False	0.0	0.0	0.0	[NaN, NaN, NaN, NaN, NaN, NaN, NaN, NaN, NaN, NaN, NaN, NaN, NaN, NaN, NaN, NaN, NaN, NaN, NaN, NaN]	0.0	0.0	0.0
693.4158026706237	2.0	trials	1.0	1.0	1.0	0.0	10000.0	1.0	False	0.0	0.0	0.0	[NaN, NaN, NaN, NaN, NaN, NaN, NaN, NaN, NaN, NaN, NaN, NaN, NaN, NaN, NaN, NaN, NaN, NaN, NaN, NaN]	0.0	0.0	0.0
701.941710583527	2.0	trials	1.0	1.0	1.0	0.0	10000.0	1.0	False	0.0	0.0	0.0	[NaN, NaN, NaN, NaN, NaN, NaN, NaN, NaN, NaN, NaN, NaN, NaN, NaN, NaN, NaN, NaN, NaN, NaN, NaN, NaN]	0.0	0.0	0.0
709.2722806774697	2.0	trials	1.0	1.0	1.0	0.0	10000.0	1.0	False	0.0	0.0	0.0	[NaN, NaN, NaN, NaN, NaN, NaN, NaN, NaN, NaN, NaN, NaN, NaN, NaN, NaN, NaN, NaN, NaN, NaN, NaN, NaN]	0.0	0.0	0.0
719.1319384936103	2.0	trials	1.0	1.0	1.0	0.0	10000.0	1.0	False	0.0	0.0	0.0	[NaN, NaN, NaN, NaN, NaN, NaN, NaN, NaN, NaN, NaN, NaN, NaN, NaN, NaN, NaN, NaN, NaN, NaN, NaN, NaN]	0.0	0.0	0.0
725.5099535131736	2.0	trials	1.0	1.0	1.0	0.0	10000.0	1.0	False	0.0	0.0	0.0	[NaN, NaN, NaN, NaN, NaN, NaN, NaN, NaN, NaN, NaN, NaN, NaN, NaN, NaN, NaN, NaN, NaN, NaN, NaN, NaN]	0.0	0.0	0.0
731.5879892839165	2.0	trials	1.0	1.0	1.0	0.0	10000.0	1.0	False	0.0	0.0	0.0	[NaN, NaN, NaN, NaN, NaN, NaN, NaN, NaN, NaN, NaN, NaN, NaN, NaN, NaN, NaN, NaN, NaN, NaN, NaN, NaN]	0.0	0.0	0.0
739.4660733466884	2.0	trials	1.0	1.0	1.0	0.0	10000.0	1.0	False	0.0	0.0	0.0	[NaN, NaN, NaN, NaN, NaN, NaN, NaN, NaN, NaN, NaN, NaN, NaN, NaN, NaN, NaN, NaN, NaN, NaN, NaN, NaN]	0.0	0.0	0.0
744.7574411852567	2.0	trials	1.0	1.0	1.0	0.0	10000.0	1.0	False	0.0	0.0	0.0	[NaN, NaN, NaN, NaN, NaN, NaN, NaN, NaN, NaN, NaN, NaN, NaN, NaN, NaN, NaN, NaN, NaN, NaN, NaN, NaN]	0.0	0.0	0.0
754.2076515186325	2.0	trials	1.0	1.0	1.0	0.0	10000.0	1.0	False	0.0	0.0	0.0	[NaN, NaN, NaN, NaN, NaN, NaN, NaN, NaN, NaN, NaN, NaN, NaN, NaN, NaN, NaN, NaN, NaN, NaN, NaN, NaN]	0.0	0.0	0.0
764.0104584287467	2.0	trials	1.0	1.0	1.0	0.0	10000.0	1.0	False	0.0	0.0	0.0	[NaN, NaN, NaN, NaN, NaN, NaN, NaN, NaN, NaN, NaN, NaN, NaN, NaN, NaN, NaN, NaN, NaN, NaN, NaN, NaN]	0.0	0.0	0.0
772.0814726938851	2.0	trials	1.0	1.0	1.0	0.0	10000.0	1.0	False	0.0	0.0	0.0	[NaN, NaN, NaN, NaN, NaN, NaN, NaN, NaN, NaN, NaN, NaN, NaN, NaN, NaN, NaN, NaN, NaN, NaN, NaN, NaN]	0.0	0.0	0.0
779.821231071933	2.0	trials	1.0	1.0	1.0	0.0	10000.0	1.0	False	0.0	0.0	0.0	[NaN, NaN, NaN, NaN, NaN, NaN, NaN, NaN, NaN, NaN, NaN, NaN, NaN, NaN, NaN, NaN, NaN, NaN, NaN, NaN]	0.0	0.0	0.0
787.9456402609684	2.0	trials	1.0	1.0	1.0	0.0	10000.0	1.0	False	0.0	0.0	0.0	[NaN, NaN, NaN, NaN, NaN, NaN, NaN, NaN, NaN, NaN, NaN, NaN, NaN, NaN, NaN, NaN, NaN, NaN, NaN, NaN]	0.0	0.0	0.0
798.9501785569823	2.0	trials	1.0	1.0	1.0	0.0	10000.0	1.0	False	0.0	0.0	0.0	[NaN, NaN, NaN, NaN, NaN, NaN, NaN, NaN, NaN, NaN, NaN, NaN, NaN, NaN, NaN, NaN, NaN, NaN, NaN, NaN]	0.0	0.0	0.0
858.616586824595	2.0	trials	2.0	1.0	1.0	0.0	10000.0	1.0	True	40.0	0.0	0.005	[9945802.935131453, 9946092.93363188, 9946382.93213231, 9946672.930632738, 9946961.929138338, 9947251.927638767, 9947541.926139195, 9947830.924644794, 9948119.923150394, 9948410.921645653, 9948699.920151252, 9948989.91865168, 9949278.91715728, 9949568.915657708, 9949858.914158136, 9950146.912668906, 9950438.911158994, 9950727.909664592, 9951016.908170193, 9951305.906675793]	0.0	0.0	0.0
866.1126984625295	2.0	trials	2.0	1.0	1.0	0.0	10000.0	1.0	True	40.0	0.0	0.005	[10032564.48649071, 10032854.484991139, 10033143.483496739, 10033432.482002338, 10033722.480502766, 10034012.479003195, 10034302.477503624, 10034591.476009224, 10034880.474514823, 10035171.47301008, 10035460.47151568, 10035750.470016109, 10036039.468521709, 10036328.467027308, 10036619.465522565, 10036908.464028165, 10037197.462533765, 10037487.461034194, 10037777.45953462, 10038067.45803505]	0.0	0.0	0.0
875.240984060564	2.0	trials	2.0	1.0	1.0	0.0	10000.0	1.0	True	40.0	0.0	0.005	[10138215.940170988, 10138504.938676586, 10138793.937182186, 10139083.935682615, 10139373.934183044, 10139662.932688642, 10139952.931189071, 10140242.9296895, 10140532.92818993, 10140821.92669553, 10141111.925195958, 10141401.923696386, 10141691.922196815, 10141980.920702415, 10142269.919208014, 10142559.917708443, 10142849.91620887, 10143138.91471447, 10143428.9132149, 10143718.911715327]	0.0	0.0	0.0
883.4083338275557	2.0	trials	2.0	1.0	1.0	0.0	10000.0	1.0	True	40.0	0.0	0.005	[10232744.451367587, 10233035.449862845, 10233324.448368443, 10233614.446868872, 10233903.445374472, 10234193.443874901, 10234483.442375328, 10234773.440875757, 10235062.439381357, 10235351.437886957, 10235641.436387386, 10235931.434887813, 10236220.433393413, 10236510.431893842, 10236799.430399442, 10237089.428899871, 10237379.427400298, 10237668.425905898, 10237958.424406325, 10238248.422906755]	0.0	0.0	0.0
894.4325712217061	2.0	trials	2.0	1.0	1.0	0.0	10000.0	1.0	True	40.0	0.0	0.005	[10360340.791571675, 10360629.790077275, 10360919.788577704, 10361209.787078133, 10361498.78558373, 10361788.78408416, 10362078.782584589, 10362367.781090189, 10362656.779595787, 10362946.778096216, 10363236.776596645, 10363526.775097074, 10363815.773602674, 10364105.772103101, 10364395.77060353, 10364684.76910913, 10364974.767609557, 10365263.766115159, 10365553.764615586, 10365843.763116013]	0.0	0.0	0.0
901.8478128778157	2.0	trials	2.0	1.0	1.0	0.0	10000.0	1.0	True	40.0	0.0	0.005	[10446165.3477761, 10446454.3462817, 10446743.3447873, 10447034.343282556, 10447324.341782983, 10447613.340288585, 10447903.338789012, 10448192.337294612, 10448483.335789872, 10448772.334295468, 10449061.332801068, 10449351.331301497, 10449640.329807097, 10449930.328307526, 10450220.326807953, 10450509.325313553, 10450799.323813982, 10451088.322319582, 10451379.32081484, 10451668.319320438]	0.0	0.0	0.0
908.2847523926831	2.0	trials	2.0	1.0	1.0	0.0	10000.0	1.0	True	40.0	0.0	0.005	[10520666.962531032, 10520955.961036632, 10521245.959537061, 10521535.95803749, 10521824.956543088, 10522113.955048688, 10522404.953543946, 10522694.952044375, 10522983.950549975, 10523272.949055573, 10523562.947556002, 10523852.946056431, 10524142.944556858, 10524432.943057287, 10524720.941568056, 10525011.940063315, 10525300.938568916, 10525590.937069343, 10525879.935574943, 10526169.934075372]	0.0	0.0	0.0
915.4482257506759	2.0	trials	2.0	1.0	1.0	0.0	10000.0	1.0	True	40.0	0.0	0.005	[10603577.533803565, 10603866.532309163, 10604157.530804422, 10604445.52931519, 10604736.527810449, 10605026.526310878, 10605315.524816478, 10605604.523322076, 10605894.521822505, 10606184.520322934, 10606474.518823363, 10606763.517328963, 10607052.51583456, 10607342.51433499, 10607631.51284059, 10607921.511341019, 10608211.509841446, 10608501.508341877, 10608790.506847475, 10609080.505347902]	0.0	0.0	0.0
925.7623452168151	2.0	trials	2.0	1.0	1.0	0.0	10000.0	1.0	True	40.0	0.0	0.005	[10722953.916512746, 10723242.915018346, 10723532.913518775, 10723822.912019202, 10724111.910524802, 10724401.909025231, 10724690.907530831, 10724980.90603126, 10725269.904536858, 10725559.903037287, 10725849.901537716, 10726139.900038145, 10726429.898538575, 10726718.897044173, 10727008.895544602, 10727298.89404503, 10727587.89255063, 10727877.891051058, 10728166.88955666, 10728456.888057087]	0.0	0.0	0.0
936.628557828105	2.0	trials	2.0	1.0	1.0	0.0	10000.0	1.0	True	40.0	0.0	0.005	[10848719.26618482, 10849009.264685249, 10849299.263185676, 10849588.261691276, 10849877.260196876, 10850167.258697305, 10850457.257197732, 10850747.255698161, 10851037.25419859, 10851326.252704188, 10851616.251204617, 10851906.249705046, 10852195.248210646, 10852485.246711075, 10852775.245211504, 10853064.243717102, 10853354.242217531, 10853643.240723131, 10853934.239218388, 10854222.237729158]	0.0	0.0	0.0
947.2903490964488	2.0	trials	2.0	1.0	1.0	0.0	10000.0	1.0	True	40.0	0.0	0.005	[10972120.628080985, 10972410.626581414, 10972700.625081843, 10972989.62358744, 10973278.62209304, 10973569.620588299, 10973858.619093897, 10974147.617599498, 10974437.616099926, 10974726.614605526, 10975016.613105955, 10975306.611606382, 10975596.61010681, 10975885.60861241, 10976175.607112838, 10976465.605613267, 10976754.604118867, 10977044.602619296, 10977334.601119725, 10977623.599625323]	0.0	0.0	0.0
954.0765156054786	2.0	trials	2.0	1.0	1.0	0.0	10000.0	1.0	True	40.0	0.0	0.005	[11050664.221934993, 11050954.220435422, 11051242.218946192, 11051532.217446622, 11051822.21594705, 11052112.214447478, 11052402.212947907, 11052692.211448334, 11052981.209953934, 11053271.208454363, 11053560.206959963, 11053849.205465563, 11054139.20396599, 11054430.202461248, 11054718.200972019, 11055008.199472448, 11055298.197972877, 11055588.196473304, 11055877.194978904, 11056167.193479333]	0.0	0.0	0.0
964.2402998489948	2.0	trials	2.0	1.0	1.0	0.0	10000.0	1.0	True	40.0	0.0	0.005	[11168300.613641605, 11168589.612147203, 11168880.610642461, 11169169.60914806, 11169459.60764849, 11169749.60614892, 11170038.604654519, 11170328.603154946, 11170617.601660546, 11170907.600160975, 11171197.598661402, 11171486.597167004, 11171776.595667431, 11172065.59417303, 11172355.59267346, 11172645.591173887, 11172934.589679489, 11173224.588179916, 11173514.586680343, 11173803.585185943]	0.0	0.0	0.0
969.5688194954528	2.0	trials	2.0	1.0	1.0	0.0	10000.0	1.0	True	40.0	0.0	0.005	[11229973.294734474, 11230262.293240072, 11230553.29173533, 11230842.29024093, 11231131.28874653, 11231422.287241789, 11231710.285752557, 11232001.284247816, 11232290.282753414, 11232580.281253843, 11232870.279754274, 11233159.278259872, 11233448.276765471, 11233738.275265899, 11234028.273766328, 11234317.272271927, 11234607.270772357, 11234897.269272784, 11235186.267778384, 11235476.266278813]	0.0	0.0	0.0
975.5322894586104	2.0	trials	2.0	1.0	1.0	0.0	10000.0	1.0	True	40.0	0.0	0.005	[11298994.937826134, 11299284.936326563, 11299574.93482699, 11299862.933337763, 11300153.93183302, 11300443.930333447, 11300732.928839048, 11301021.927344648, 11301311.925845075, 11301601.924345504, 11301891.922845932, 11302180.921351532, 11302470.91985196, 11302759.91835756, 11303049.91685799, 11303339.915358417, 11303628.913864017, 11303918.912364446, 11304207.910870045, 11304497.909370475]	0.0	0.0	0.0
981.2443367218639	2.0	trials	2.0	1.0	1.0	0.0	10000.0	1.0	True	40.0	0.0	0.005	[11365106.595965218, 11365396.594465647, 11365685.592971247, 11365975.591471674, 11366265.589972103, 11366554.588477703, 11366844.586978132, 11367133.585483732, 11367423.583984159, 11367713.582484588, 11368003.580985017, 11368292.579490617, 11368582.577991046, 11368872.576491475, 11369160.575002244, 11369451.573497502, 11369740.572003102, 11370030.570503531, 11370320.569003958, 11370609.567509558]	0.0	0.0	0.0
986.5068471096529	2.0	trials	2.0	1.0	1.0	0.0	10000.0	1.0	True	40.0	0.0	0.005	[11426014.281013854, 11426303.279519454, 11426594.27801471, 11426883.27652031, 11427173.275020739, 11427462.273526337, 11427752.272026766, 11428041.270532366, 11428331.269032795, 11428621.267533224, 11428911.266033653, 11429200.264539251, 11429490.26303968, 11429779.26154528, 11430069.26004571, 11430359.258546138, 11430649.257046565, 11430938.255552165, 11431228.254052594, 11431518.252553022]	0.0	0.0	0.0
995.4460904852164	2.0	trials	2.0	1.0	1.0	0.0	10000.0	1.0	True	40.0	0.0	0.005	[11529478.746002968, 11529767.744508568, 11530057.743008997, 11530347.741509426, 11530636.740015024, 11530926.738515453, 11531216.737015883, 11531505.735521482, 11531794.734027082, 11532084.73252751, 11532373.73103311, 11532664.729528368, 11532953.728033967, 11533243.726534396, 11533533.725034824, 11533822.723540423, 11534112.722040853, 11534402.72054128, 11534692.719041709, 11534980.717552481]	0.0	0.0	0.0
1005.5804124810805	2.0	trials	2.0	1.0	1.0	0.0	10000.0	1.0	True	40.0	0.0	0.005	[11646773.139478039, 11647063.137978468, 11647352.136484068, 11647642.134984497, 11647931.133490095, 11648222.131985353, 11648511.130490953, 11648801.128991382, 11649090.127496982, 11649380.12599741, 11649670.124497838, 11649959.123003438, 11650249.121503867, 11650538.120009467, 11650828.118509894, 11651118.117010323, 11651407.115515923, 11651697.11401635, 11651987.11251678, 11652276.11102238]	0.0	0.0	0.0
1012.636404794853	2.0	trials	2.0	1.0	1.0	0.0	10000.0	1.0	True	40.0	0.0	0.005	[11728439.717183216, 11728729.715683645, 11729018.714189244, 11729308.712689672, 11729598.7111901, 11729888.70969053, 11730177.70819613, 11730467.706696559, 11730756.705202157, 11731046.703702586, 11731336.702203015, 11731626.700703444, 11731914.699214214, 11732204.697714642, 11732495.6962099, 11732784.6947155, 11733074.693215929, 11733363.691721529, 11733652.690227127, 11733942.688727556]	0.0	0.0	0.0
1017.9401277695335	2.0	trials	2.0	1.0	1.0	0.0	10000.0	1.0	True	40.0	0.0	0.005	[11789825.399760144, 11790114.398265744, 11790404.396766173, 11790695.39526143, 11790983.393772202, 11791273.392272629, 11791562.390778227, 11791852.389278658, 11792141.387784256, 11792431.386284685, 11792722.384779943, 11793012.38328037, 11793301.38178597, 11793590.38029157, 11793881.378786828, 11794170.377292428, 11794459.375798026, 11794749.374298455, 11795038.372804053, 11795328.371304484]	0.0	0.0	0.0
1025.2681058768794	2.0	trials	2.0	1.0	1.0	0.0	10000.0	1.0	True	40.0	0.0	0.005	[11874640.961182043, 11874929.959687645, 11875220.958182901, 11875509.956688503, 11875798.9551941, 11876088.95369453, 11876378.952194959, 11876667.950700557, 11876957.949200986, 11877246.947706584, 11877536.946207013, 11877825.944712615, 11878115.943213044, 11878405.941713471, 11878694.94021907, 11878984.9387195, 11879274.937219927, 11879564.935720356, 11879853.934225956, 11880142.932731554]	0.0	0.0	0.0
1036.294589659414	2.0	trials	2.0	1.0	1.0	0.0	10000.0	1.0	True	40.0	0.0	0.005	[12002261.30126203, 12002551.29976246, 12002840.29826806, 12003130.296768486, 12003420.295268916, 12003709.293774517, 12003999.292274943, 12004289.290775372, 12004578.289280973, 12004868.287781402, 12005158.28628183, 12005447.28478743, 12005737.283287859, 12006027.281788286, 12006315.280299058, 12006606.278794315, 12006895.277299916, 12007185.275800342, 12007475.27430077, 12007765.272801198]	0.0	0.0	0.0
1045.389093032135	2.0	trials	2.0	1.0	1.0	0.0	10000.0	1.0	True	40.0	0.0	0.005	[12107521.756964147, 12107811.755464572, 12108101.753965002, 12108390.752470603, 12108680.75097103, 12108969.74947663, 12109259.74797706, 12109549.746477487, 12109838.744983086, 12110128.743483515, 12110418.741983943, 12110708.740484372, 12110998.7389848, 12111287.737490399, 12111577.735990828, 12111866.73449643, 12112156.732996859, 12112445.731502457, 12112735.730002886, 12113025.728503315]	0.0	0.0	0.0
1052.2543151323716	2.0	trials	2.0	1.0	1.0	0.0	10000.0	1.0	True	40.0	0.0	0.005	[12186980.346086748, 12187270.344587175, 12187560.343087604, 12187849.341593204, 12188139.340093631, 12188429.33859406, 12188719.33709449, 12189009.335594919, 12189298.334100517, 12189588.332600946, 12189877.331106547, 12190167.329606973, 12190456.328112574, 12190746.326613003, 12191036.325113432, 12191325.32361903, 12191615.32211946, 12191905.320619889, 12192194.319125487, 12192484.317625916]	0.0	0.0	0.0
1058.2863863407952	2.0	trials	2.0	1.0	1.0	0.0	10000.0	1.0	True	40.0	0.0	0.005	[12256795.985072684, 12257085.983573113, 12257376.982068371, 12257665.980573973, 12257954.979079569, 12258243.977585167, 12258533.976085596, 12258823.974586025, 12259113.973086456, 12259403.971586885, 12259692.970092481, 12259982.968592912, 12260271.967098512, 12260561.965598939, 12260851.964099372, 12261140.962604968, 12261429.961110566, 12261719.959610995, 12262008.958116597, 12262299.956611851]	0.0	0.0	0.0
1069.270015944927	2.0	trials	2.0	1.0	1.0	0.0	10000.0	1.0	True	40.0	0.0	0.005	[12383921.327712284, 12384211.326212712, 12384501.32471314, 12384790.323218742, 12385080.321719171, 12385370.3202196, 12385659.318725199, 12385948.317230796, 12386238.315731226, 12386528.314231655, 12386818.312732084, 12387107.311237682, 12387397.30973811, 12387686.308243712, 12387976.306744142, 12388266.305244569, 12388555.303750169, 12388845.302250598, 12389135.300751025, 12389425.299251454]	0.0	0.0	0.0
1080.2094089778043	2.0	trials	2.0	1.0	1.0	0.0	10000.0	1.0	True	40.0	0.0	0.005	[12510534.672999404, 12510824.671499833, 12511114.67000026, 12511404.66850069, 12511693.667006291, 12511983.665506717, 12512272.664012318, 12512561.662517918, 12512851.661018346, 12513141.659518775, 12513430.658024374, 12513720.656524802, 12514010.65502523, 12514300.65352566, 12514589.652031261, 12514878.65053686, 12515169.649032116, 12515458.647537718, 12515748.646038147, 12516037.644543745]	0.0	0.0	0.0
1086.8981167907884	2.0	trials	2.0	1.0	1.0	0.0	10000.0	1.0	True	40.0	0.0	0.005	[12587950.272686228, 12588240.271186655, 12588530.269687084, 12588819.268192684, 12589109.266693112, 12589399.26519354, 12589688.263699142, 12589978.262199568, 12590267.26070517, 12590557.259205598, 12590847.257706027, 12591137.256206457, 12591427.254706888, 12591716.253212484, 12592006.251712913, 12592295.25021851, 12592585.24871894, 12592875.247219369, 12593164.245724967, 12593454.244225396]	0.0	0.0	0.0
1092.3881172022366	2.0	trials	2.0	1.0	1.0	0.0	10000.0	1.0	True	40.0	0.0	0.005	[12651492.94410945, 12651782.942609878, 12652071.941115476, 12652361.939615905, 12652650.938121503, 12652940.936621932, 12653229.935127534, 12653519.93362796, 12653809.932128388, 12654098.93063399, 12654388.92913442, 12654677.927640017, 12654967.926140446, 12655258.924635703, 12655546.923146473, 12655837.921641732, 12656126.920147331, 12656416.918647759, 12656706.917148188, 12656995.915653788]	0.0	0.0	0.0
1099.8400786684697	2.0	trials	2.0	1.0	1.0	0.0	10000.0	1.0	True	40.0	0.0	0.005	[12737742.498116225, 12738030.496626994, 12738321.495122254, 12738611.493622683, 12738900.492128283, 12739190.49062871, 12739480.48912914, 12739769.487634739, 12740058.486140337, 12740349.484635595, 12740638.483141195, 12740928.481641622, 12741217.480147222, 12741507.478647653, 12741796.47715325, 12742087.475648511, 12742375.474159276, 12742665.472659705, 12742955.471160134, 12743246.469655395]	0.0	0.0	0.0
1108.4861683599183	2.0	trials	2.0	1.0	1.0	0.0	10000.0	1.0	True	40.0	0.0	0.005	[12837812.980655497, 12838101.979161095, 12838391.977661524, 12838680.976167126, 12838970.974667553, 12839260.973167982, 12839549.971673582, 12839839.970174009, 12840128.968679609, 12840417.96718521, 12840707.96568564, 12840997.964186065, 12841286.962691667, 12841577.961186921, 12841865.959697694, 12842155.958198123, 12842445.956698552, 12842735.955198979, 12843024.953704579, 12843314.952205008]	0.0	0.0	0.0
1118.0502533044535	2.0	trials	2.0	1.0	1.0	0.0	10000.0	1.0	True	40.0	0.0	0.005	[12948508.408253575, 12948797.406759173, 12949087.405259602, 12949376.403765203, 12949666.40226563, 12949956.40076606, 12950246.399266487, 12950534.397777256, 12950825.396272516, 12951114.394778116, 12951403.393283712, 12951693.391784143, 12951983.390284572, 12952273.388784999, 12952562.3872906, 12952852.38579103, 12953141.384296626, 12953431.382797057, 12953720.381302653, 12954011.379797915]	0.0	0.0	0.0
1127.296042294883	2.0	trials	2.0	1.0	1.0	0.0	10000.0	1.0	True	40.0	0.0	0.005	[13055519.854901379, 13055809.853401806, 13056098.851907408, 13056388.850407835, 13056678.848908262, 13056968.847408691, 13057257.845914293, 13057546.844419891, 13057837.842915151, 13058126.84142075, 13058415.839926347, 13058705.838426776, 13058995.836927205, 13059284.835432803, 13059574.833933232, 13059863.832438834, 13060153.830939263, 13060443.829439692, 13060733.82794012, 13061023.826440547]	0.0	0.0	0.0
1134.1362949242357	2.0	trials	2.0	1.0	1.0	0.0	10000.0	1.0	True	40.0	0.0	0.005	[13134689.44551838, 13134978.444023982, 13135268.44252441, 13135558.44102484, 13135848.439525265, 13136136.438036038, 13136427.436531296, 13136717.435031723, 13137006.433537323, 13137295.432042921, 13137586.43053818, 13137875.42904378, 13138164.42754938, 13138455.426044635, 13138744.424550237, 13139034.423050664, 13139323.421556266, 13139613.420056693, 13139902.418562293, 13140193.417057551]	0.0	0.0	0.0
1143.4721122491328	2.0	trials	2.0	1.0	1.0	0.0	10000.0	1.0	True	40.0	0.0	0.005	[13242741.886783242, 13243030.885288844, 13243321.8837841, 13243610.8822897, 13243899.8807953, 13244189.87929573, 13244479.877796156, 13244768.876301756, 13245059.874797015, 13245348.873302612, 13245637.871808212, 13245927.870308641, 13246217.868809069, 13246506.86731467, 13246797.865809927, 13247086.864315528, 13247376.862815954, 13247665.861321555, 13247954.859827153, 13248244.858327582]	0.0	0.0	0.0
1150.701940464007	2.0	trials	2.0	1.0	1.0	0.0	10000.0	1.0	True	40.0	0.0	0.005	[13326421.454079324, 13326711.452579753, 13327000.451085355, 13327289.449590953, 13327579.448091382, 13327868.446596978, 13328159.44509224, 13328448.443597838, 13328738.442098267, 13329027.440603865, 13329317.439104294, 13329607.437604723, 13329896.436110325, 13330186.434610752, 13330475.433116348, 13330765.431616781, 13331054.430122377, 13331345.428617638, 13331634.427123237, 13331923.425628833]	0.0	0.0	0.0
1156.5049664568135	2.0	trials	2.0	1.0	1.0	0.0	10000.0	1.0	True	40.0	0.0	0.005	[13393586.106773414, 13393875.105279012, 13394166.10377427, 13394454.102285039, 13394744.100785468, 13395034.099285897, 13395323.097791499, 13395613.096291928, 13395903.094792355, 13396192.093297955, 13396482.091798384, 13396771.090303982, 13397061.08880441, 13397351.08730484, 13397640.085810438, 13397930.084310867, 13398220.082811296, 13398509.081316896, 13398800.079812152, 13399089.078317752]	0.0	0.0	0.0
1161.8143054024542	2.0	trials	2.0	1.0	1.0	0.0	10000.0	1.0	True	40.0	0.0	0.005	[13455036.78901423, 13455326.787514659, 13455615.786020258, 13455905.784520686, 13456194.783026287, 13456485.781521544, 13456774.780027142, 13457064.77852757, 13457353.777033173, 13457643.775533602, 13457932.7740392, 13458222.772539629, 13458512.771040058, 13458801.769545656, 13459091.768046085, 13459380.766551686, 13459670.765052112, 13459960.76355254, 13460249.762058143, 13460539.760558572]	0.0	0.0	0.0
1171.7618315642314	2.0	trials	2.0	1.0	1.0	0.0	10000.0	1.0	True	40.0	0.0	0.005	[13570170.193663692, 13570458.192174464, 13570748.190674892, 13571038.18917532, 13571327.18768092, 13571618.186176179, 13571907.184681777, 13572197.183182206, 13572486.181687804, 13572777.180183064, 13573066.178688662, 13573355.177194264, 13573645.175694693, 13573935.17419512, 13574225.172695547, 13574514.171201149, 13574803.169706747, 13575093.168207176, 13575382.166712778, 13575673.165208032]	0.0	0.0	0.0
1181.5242034834332	2.0	trials	2.0	1.0	1.0	0.0	10000.0	1.0	True	40.0	0.0	0.005	[13683160.609394474, 13683449.607900072, 13683739.606400501, 13684029.60490093, 13684318.603406528, 13684607.60191213, 13684898.600407386, 13685188.598907815, 13685477.597413413, 13685766.595919015, 13686057.594414271, 13686346.592919873, 13686636.5914203, 13686925.5899259, 13687215.58842633, 13687505.586926756, 13687794.585432356, 13688084.583932785, 13688373.582438383, 13688663.580938812]	0.0	0.0	0.0
1190.2837357882747	2.0	trials	2.0	1.0	1.0	0.0	10000.0	1.0	True	40.0	0.0	0.005	[13784543.085149476, 13784833.083649904, 13785123.082150333, 13785412.080655934, 13785702.079156363, 13785992.077656789, 13786281.07616239, 13786571.07466282, 13786860.073168417, 13787150.071668847, 13787439.070174444, 13787730.068669705, 13788018.067180475, 13788309.065675732, 13788599.06417616, 13788888.062681759, 13789178.061182188, 13789466.059692958, 13789757.058188217, 13790047.056688646]	0.0	0.0	0.0
1207.2060386837868	2.0	trials	2.0	1.0	1.0	0.0	10000.0	1.0	True	40.0	0.0	0.005	[13887949.550438507, 13888239.548938936, 13888529.547439363, 13888819.545939792, 13889108.544445392, 13889398.542945819, 13889687.54145142, 13889977.53995185, 13890265.538462617, 13890556.536957877, 13890846.535458306, 13891135.533963904, 13891425.532464333, 13891714.530969935, 13892004.52947036, 13892294.527970789, 13892584.526471218, 13892873.52497682, 13893163.523477249, 13893453.521977676]	0.0	0.0	0.0
1217.2238940818945	2.0	trials	2.0	1.0	1.0	0.0	10000.0	1.0	True	40.0	0.0	0.005	[13980403.072364798, 13980693.070865223, 13980983.069365652, 13981272.067871254, 13981562.066371681, 13981852.06487211, 13982142.06337254, 13982431.061878137, 13982721.060378566, 13983011.058878995, 13983300.057384593, 13983589.055890193, 13983880.054385452, 13984170.05288588, 13984459.051391479, 13984749.049891908, 13985038.04839751, 13985328.046897935, 13985617.045403536, 13985907.043903966]	0.0	0.0	0.0
1227.2500438371128	2.0	trials	2.0	1.0	1.0	0.0	10000.0	1.0	True	40.0	0.0	0.005	[14096351.472799946, 14096641.471300378, 14096930.469805975, 14097220.468306402, 14097510.466806835, 14097799.46531243, 14098089.463812858, 14098378.46231846, 14098667.46082406, 14098958.459319314, 14099247.457824916, 14099536.456330515, 14099827.454825774, 14100116.453331372, 14100405.451836972, 14100695.450337399, 14100985.448837828, 14101274.44734343, 14101564.445843855, 14101853.444349457]	0.0	0.0	0.0
1235.4040880729067	2.0	trials	2.0	1.0	1.0	0.0	10000.0	1.0	True	40.0	0.0	0.005	[14212393.87274903, 14212684.871244285, 14212973.869749887, 14213262.868255487, 14213552.866755914, 14213842.865256343, 14214132.863756772, 14214422.862257201, 14214711.8607628, 14215001.859263228, 14215290.857768826, 14215580.856269255, 14215869.854774857, 14216160.853270113, 14216449.851775711, 14216738.850281313, 14217028.848781742, 14217317.84728734, 14217608.845782598, 14217897.844288198]	0.0	0.0	0.0
1243.2038941404508	2.0	trials	2.0	1.0	1.0	0.0	10000.0	1.0	True	40.0	0.0	0.005	[14306769.38473678, 14307059.38323721, 14307348.381742809, 14307639.380238067, 14307928.378743665, 14308218.377244094, 14308507.375749692, 14308797.374250121, 14309087.37275055, 14309376.371256148, 14309666.369756578, 14309956.368257007, 14310245.366762608, 14310534.365268206, 14310825.363763465, 14311114.362269064, 14311403.360774662, 14311693.359275091, 14311983.35777552, 14312273.35627595]	0.0	0.0	0.0
1251.2200446892869	2.0	trials	2.0	1.0	1.0	0.0	10000.0	1.0	True	40.0	0.0	0.005	[14397044.917925367, 14397334.916425796, 14397624.914926225, 14397914.913426654, 14398202.911937425, 14398492.910437854, 14398782.908938283, 14399072.907438712, 14399361.90594431, 14399651.90444474, 14399941.902945168, 14400231.901445596, 14400521.899946025, 14400809.898456797, 14401099.896957224, 14401389.895457653, 14401679.89395808, 14401968.89246368, 14402258.89096411, 14402548.889464539]	0.0	0.0	0.0
1261.3236084442005	2.0	trials	2.0	1.0	1.0	0.0	10000.0	1.0	True	40.0	0.0	0.005	[14489824.438165935, 14490115.436661191, 14490404.435166793, 14490693.43367239, 14490982.43217799, 14491273.430673249, 14491561.42918402, 14491851.427684449, 14492141.426184878, 14492431.424685307, 14492721.423185732, 14493011.421686161, 14493300.420191763, 14493589.41869736, 14493879.41719779, 14494168.415703388, 14494458.414203817, 14494747.412709419, 14495038.411204675, 14495328.409705102]	0.0	0.0	0.0
1267.5770353080038	2.0	trials	2.0	1.0	1.0	0.0	10000.0	1.0	True	40.0	0.0	0.005	[14606764.833471516, 14607053.831977116, 14607343.830477545, 14607633.828977974, 14607923.827478405, 14608212.825984001, 14608502.82448443, 14608791.822990028, 14609080.82149563, 14609370.819996057, 14609660.818496484, 14609949.817002086, 14610240.815497342, 14610529.814002944, 14610818.812508542, 14611108.811008971, 14611398.8095094, 14611688.80800983, 14611977.806515427, 14612267.805015856]	0.0	0.0	0.0
1273.3997603989471	2.0	trials	2.0	1.0	1.0	0.0	10000.0	1.0	True	40.0	0.0	0.005	[14679141.45921469, 14679430.457720287, 14679720.456220716, 14680010.454721145, 14680300.453221573, 14680590.451722002, 14680879.450227601, 14681169.448728029, 14681459.447228458, 14681748.44573406, 14682038.444234489, 14682327.442740086, 14682617.441240516, 14682906.439746113, 14683197.438241374, 14683485.436752144, 14683775.435252573, 14684066.43374783, 14684355.432253428, 14684644.43075903]	0.0	0.0	0.0
1280.6437581405517	2.0	trials	2.0	1.0	1.0	0.0	10000.0	1.0	True	40.0	0.0	0.005	[14746535.110724632, 14746823.109235404, 14747113.107735833, 14747404.106231088, 14747692.10474186, 14747982.10324229, 14748272.101742717, 14748562.100243146, 14748851.098748745, 14749141.097249173, 14749431.095749602, 14749720.094255203, 14750010.092755629, 14750299.09126123, 14750589.08976166, 14750879.088262089, 14751169.086762518, 14751459.085262945, 14751747.083773714, 14752038.082268974]	0.0	0.0	0.0
1287.4600780936594	2.0	trials	2.0	1.0	1.0	0.0	10000.0	1.0	True	40.0	0.0	0.005	[14830377.677177854, 14830666.675683454, 14830957.674178712, 14831246.67268431, 14831535.67118991, 14831825.669690337, 14832115.668190766, 14832404.666696366, 14832693.665201968, 14832984.663697222, 14833274.662197651, 14833563.660703253, 14833853.659203682, 14834142.65770928, 14834432.65620971, 14834722.654710138, 14835011.653215736, 14835301.651716165, 14835591.650216594, 14835880.648722192]	0.0	0.0	0.0
1295.900536848416	2.0	trials	2.0	1.0	1.0	0.0	10000.0	1.0	True	40.0	0.0	0.005	[14909270.269227205, 14909560.267727634, 14909849.266233232, 14910139.264733661, 14910429.26323409, 14910718.261739692, 14911007.26024529, 14911298.258740546, 14911586.257251317, 14911877.255746575, 14912167.254247004, 14912456.252752604, 14912745.251258202, 14913036.24975346, 14913325.24825906, 14913615.246759487, 14913904.245265089, 14914194.243765518, 14914484.242265943, 14914772.240776716]	0.0	0.0	0.0
1305.5859267656886	2.0	trials	2.0	1.0	1.0	0.0	10000.0	1.0	True	40.0	0.0	0.005	[15006960.764073307, 15007249.762578903, 15007539.761079334, 15007829.759579763, 15008118.758085359, 15008408.75658579, 15008697.755091388, 15008987.753591815, 15009277.752092246, 15009566.750597844, 15009856.749098273, 15010146.747598704, 15010436.746099133, 15010725.74460473, 15011015.74310516, 15011304.741610756, 15011594.740111185, 15011883.738616783, 15012173.737117212, 15012463.735617641]	0.0	0.0	0.0
1312.7558800901736	2.0	trials	2.0	1.0	1.0	0.0	10000.0	1.0	True	40.0	0.0	0.005	[15119060.184411384, 15119349.182916986, 15119638.181422586, 15119928.179923013, 15120217.178428613, 15120507.176929042, 15120797.175429469, 15121086.17393507, 15121377.172430327, 15121666.170935925, 15121956.169436354, 15122245.167941956, 15122535.166442385, 15122825.164942814, 15123114.163448412, 15123404.161948841, 15123694.16044927, 15123983.158954868, 15124272.15746047, 15124563.155955726]	0.0	0.0	0.0
1323.2677681336604	2.0	trials	2.0	1.0	1.0	0.0	10000.0	1.0	True	40.0	0.0	0.005	[15202044.75530127, 15202335.753796525, 15202624.752302127, 15202913.750807727, 15203204.749302985, 15203492.747813754, 15203782.746314183, 15204072.744814612, 15204362.74331504, 15204652.741815468, 15204941.740321068, 15205231.738821495, 15205521.737321924, 15205810.735827526, 15206100.734327955, 15206389.732833553, 15206679.731333982, 15206968.72983958, 15207258.72834001, 15207548.726840438]	0.0	0.0	0.0
1331.9976653917436	2.0	trials	2.0	1.0	1.0	0.0	10000.0	1.0	True	40.0	0.0	0.005	[15323710.126174182, 15324000.12467461, 15324290.123175038, 15324579.121680638, 15324869.120181067, 15325158.118686665, 15325449.117181923, 15325738.115687523, 15326028.11418795, 15326317.112693552, 15326606.111199148, 15326897.109694406, 15327186.108200008, 15327476.106700437, 15327766.105200866, 15328055.103706464, 15328346.10220172, 15328635.100707322, 15328924.09921292, 15329214.09771335]	0.0	0.0	0.0
1338.78962067084	2.0	trials	2.0	1.0	1.0	0.0	10000.0	1.0	True	40.0	0.0	0.005	[15424751.603692472, 15425041.602192901, 15425330.6006985, 15425619.5992041, 15425910.597699357, 15426198.59621013, 15426489.594705388, 15426779.593205813, 15427068.591711415, 15427357.590217013, 15427647.588717442, 15427936.587223042, 15428226.585723469, 15428516.584223898, 15428805.5827295, 15429096.581224756, 15429384.579735527, 15429674.578235956, 15429964.576736385, 15430254.575236814]	0.0	0.0	0.0
1349.9076879798	2.0	trials	2.0	1.0	1.0	0.0	10000.0	1.0	True	40.0	0.0	0.005	[15503361.1972052, 15503651.195705628, 15503941.194206057, 15504230.192711657, 15504520.191212086, 15504810.189712515, 15505099.188218113, 15505388.186723713, 15505678.185224142, 15505968.18372457, 15506257.18223017, 15506547.1807306, 15506837.179231025, 15507127.177731454, 15507417.176231883, 15507706.174737485, 15507995.173243083, 15508286.171738341, 15508574.17024911, 15508864.16874954]	0.0	0.0	0.0
1359.4323747280614	2.0	trials	2.0	1.0	1.0	0.0	10000.0	1.0	True	40.0	0.0	0.005	[15632043.531793652, 15632333.530294081, 15632622.52879968, 15632911.52730528, 15633202.525800537, 15633491.524306135, 15633780.522811737, 15634070.521312166, 15634360.519812595, 15634650.518313024, 15634939.516818622, 15635229.515319051, 15635518.51382465, 15635808.512325078, 15636097.51083068, 15636387.509331105, 15636677.507831534, 15636967.506331963, 15637257.504832393, 15637546.503337992]	0.0	0.0	0.0
1369.913245331938	2.0	trials	2.0	1.0	1.0	0.0	10000.0	1.0	True	40.0	0.0	0.005	[15742281.961754847, 15742572.960250106, 15742861.958755706, 15743150.957261303, 15743439.955766905, 15743730.954262162, 15744018.952772932, 15744309.951268189, 15744598.94977379, 15744888.948274218, 15745178.946774647, 15745468.945275076, 15745756.943785844, 15746047.942281103, 15746336.940786703, 15746626.93928713, 15746916.937787559, 15747205.93629316, 15747495.934793586, 15747785.933294015]	0.0	0.0	0.0
1375.6407581152198	2.0	trials	2.0	1.0	1.0	0.0	10000.0	1.0	True	40.0	0.0	0.005	[15863588.334484125, 15863879.332979381, 15864168.331484979, 15864457.32999058, 15864747.32849101, 15865037.326991437, 15865326.325497037, 15865616.323997466, 15865905.322503064, 15866195.321003493, 15866485.319503922, 15866775.31800435, 15867064.316509949, 15867354.315010378, 15867643.313515978, 15867934.312011234, 15868223.310516836, 15868513.309017261, 15868802.307522863, 15869092.306023292]	0.0	0.0	0.0
1381.281784945717	2.0	trials	2.0	1.0	1.0	0.0	10000.0	1.0	True	40.0	0.0	0.005	[15929879.991692442, 15930168.990198039, 15930457.988703636, 15930747.987204066, 15931037.985704495, 15931327.984204924, 15931615.982715694, 15931905.981216123, 15932195.979716552, 15932485.97821698, 15932775.976717409, 15933064.975223009, 15933354.973723436, 15933644.972223865, 15933933.970729465, 15934222.969235066, 15934512.967735492, 15934801.966241093, 15935092.964736348, 15935382.963236777]	0.0	0.0	0.0
1386.981822671071	2.0	trials	2.0	1.0	1.0	0.0	10000.0	1.0	True	40.0	0.0	0.005	[15995168.654087204, 15995458.652587634, 15995747.651093232, 15996037.64959366, 15996327.64809409, 15996616.646599691, 15996906.645100117, 15997195.643605718, 15997485.642106147, 15997775.640606577, 15998065.639107004, 15998354.637612604, 15998645.63610786, 15998933.63461863, 15999223.63311906, 15999513.631619489, 15999802.630125087, 16000093.628620345, 16000381.627131118, 16000671.625631545]	0.0	0.0	0.0
1397.2419424164407	2.0	trials	2.0	1.0	1.0	0.0	10000.0	1.0	True	40.0	0.0	0.005	[16061142.312939875, 16061432.311440304, 16061722.309940735, 16062011.308446335, 16062300.306951933, 16062591.305447191, 16062880.30395279, 16063169.302458389, 16063459.300958818, 16063749.299459247, 16064038.297964845, 16064328.296465274, 16064618.294965703, 16064907.293471305, 16065197.291971732, 16065487.29047216, 16065776.28897776, 16066066.287478188, 16066356.285978617, 16066645.284484217]	0.0	0.0	0.0
1403.3237797675258	2.0	trials	2.0	1.0	1.0	0.0	10000.0	1.0	True	40.0	0.0	0.005	[16179892.698886067, 16180181.697391665, 16180472.695886923, 16180761.694392523, 16181050.69289812, 16181340.69139855, 16181630.689898979, 16181920.688399406, 16182209.686905008, 16182499.685405435, 16182788.683911035, 16183078.682411464, 16183368.680911893, 16183658.679412322, 16183947.67791792, 16184237.67641835, 16184527.674918778, 16184816.673424376, 16185106.671924805, 16185395.670430403]	0.0	0.0	0.0
1411.2454956046797	2.0	trials	2.0	1.0	1.0	0.0	10000.0	1.0	True	40.0	0.0	0.005	[16250284.334893545, 16250574.333393974, 16250863.331899576, 16251153.330400001, 16251443.32890043, 16251733.32740086, 16252022.325906461, 16252312.324406888, 16252601.322912488, 16252891.321412917, 16253180.319918515, 16253471.318413774, 16253760.316919373, 16254050.3154198, 16254339.3139254, 16254629.31242583, 16254918.31093143, 16255208.309431858, 16255498.307932287, 16255787.306437885]	0.0	0.0	0.0
1421.1995017329493	2.0	trials	2.0	1.0	1.0	0.0	10000.0	1.0	True	40.0	0.0	0.005	[16341970.860785944, 16342260.859286372, 16342549.857791971, 16342839.8562924, 16343129.854792828, 16343418.853298428, 16343708.851798857, 16343999.850294115, 16344287.848804884, 16344577.847305313, 16344867.84580574, 16345156.844311342, 16345445.842816941, 16345736.841312196, 16346026.839812625, 16346316.838313054, 16346604.836823825, 16346894.835324254, 16347184.833824683, 16347474.832325112]	0.0	0.0	0.0
1431.225392289508	2.0	trials	2.0	1.0	1.0	0.0	10000.0	1.0	True	40.0	0.0	0.005	[16457180.265042417, 16457469.263548015, 16457759.262048444, 16458049.260548873, 16458339.2590493, 16458628.2575549, 16458918.256055329, 16459207.254560927, 16459497.253061356, 16459786.251566958, 16460076.250067385, 16460366.248567814, 16460655.247073414, 16460945.245573841, 16461234.24407944, 16461524.24257987, 16461814.241080297, 16462103.239585897, 16462393.238086326, 16462683.236586753]	0.0	0.0	0.0
1440.2019602720675	2.0	trials	2.0	1.0	1.0	0.0	10000.0	1.0	True	40.0	0.0	0.005	[16573219.665007012, 16573509.663507441, 16573799.66200787, 16574089.660508297, 16574378.659013897, 16574667.657519495, 16574957.656019924, 16575247.654520353, 16575537.653020782, 16575826.651526382, 16576117.650021639, 16576406.648527239, 16576695.647032838, 16576985.645533267, 16577274.644038867, 16577565.642534126, 16577854.641039724, 16578143.639545323, 16578434.638040582, 16578723.63654618]	0.0	0.0	0.0
1450.7674160385575	2.0	trials	2.0	1.0	1.0	0.0	10000.0	1.0	True	40.0	0.0	0.005	[16677115.127767453, 16677405.12626788, 16677694.12477348, 16677985.123268737, 16678274.121774338, 16678563.120279936, 16678853.118780365, 16679143.117280794, 16679433.115781223, 16679722.114286821, 16680012.11278725, 16680301.111292848, 16680591.109793277, 16680880.10829888, 16681171.106794136, 16681460.105299737, 16681750.103800165, 16682039.102305764, 16682329.100806193, 16682618.099311791]	0.0	0.0	0.0
1461.8916177157973	2.0	trials	2.0	1.0	1.0	0.0	10000.0	1.0	True	40.0	0.0	0.005	[16799401.49542921, 16799690.493934814, 16799980.492435243, 16800269.49094084, 16800559.48944127, 16800849.487941697, 16801139.486442126, 16801429.484942555, 16801718.483448155, 16802008.481948584, 16802298.48044901, 16802586.47895978, 16802876.477460213, 16803166.47596064, 16803456.474461067, 16803746.472961497, 16804034.471472263, 16804324.469972692, 16804614.468473125, 16804904.46697355]	0.0	0.0	0.0
1467.765577741807	2.0	trials	2.0	1.0	1.0	0.0	10000.0	1.0	True	40.0	0.0	0.005	[16928152.82966087, 16928442.8281613, 16928731.8266669, 16929021.825167328, 16929311.823667757, 16929601.822168183, 16929890.820673782, 16930180.81917421, 16930470.81767464, 16930760.81617507, 16931049.81468067, 16931338.81318627, 16931628.811686695, 16931918.810187124, 16932207.808692724, 16932497.807193153, 16932787.80569358, 16933076.80419918, 16933366.80269961, 16933656.80120004]	0.0	0.0	0.0
1474.4195529343922	2.0	trials	2.0	1.0	1.0	0.0	10000.0	1.0	True	40.0	0.0	0.005	[16996138.478109617, 16996428.476610046, 16996718.47511048, 16997007.47361608, 16997296.472121675, 16997587.470616933, 16997876.469122533, 16998166.46762296, 16998455.46612856, 16998745.46462899, 16999035.46312942, 16999324.461635016, 16999614.460135445, 16999903.45864105, 17000193.457141474, 17000483.455641903, 17000773.454142332, 17001062.452647932, 17001352.45114836, 17001642.44964879]	0.0	0.0	0.0
1481.0554706203523	2.0	trials	2.0	1.0	1.0	0.0	10000.0	1.0	True	40.0	0.0	0.005	[17073152.07987516, 17073442.07837559, 17073731.07688119, 17074022.075376447, 17074311.073882047, 17074601.072382476, 17074891.0708829, 17075180.069388505, 17075470.06788893, 17075759.06639453, 17076049.06489496, 17076337.063405734, 17076628.06190099, 17076917.060406588, 17077208.058901846, 17077498.057402276, 17077786.055913046, 17078076.054413475, 17078366.0529139, 17078655.0514195]	0.0	0.0	0.0
1488.897526069427	2.0	trials	2.0	1.0	1.0	0.0	10000.0	1.0	True	40.0	0.0	0.005	[17149957.682716258, 17150246.681221854, 17150536.679722283, 17150825.678227887, 17151115.676728316, 17151405.675228745, 17151695.67372917, 17151984.67223477, 17152274.6707352, 17152563.6692408, 17152853.667741228, 17153143.666241657, 17153432.664747253, 17153722.663247682, 17154012.66174811, 17154302.66024854, 17154591.65875414, 17154881.65725457, 17155170.65576017, 17155460.654260598]	0.0	0.0	0.0
1497.3696934602197	2.0	trials	2.0	1.0	1.0	0.0	10000.0	1.0	True	40.0	0.0	0.005	[17240722.213376258, 17241012.211876687, 17241301.210382286, 17241590.208887886, 17241880.207388315, 17242170.205888744, 17242459.20439434, 17242749.20289477, 17243039.2013952, 17243329.199895628, 17243618.19840123, 17243908.196901657, 17244197.195407256, 17244487.193907686, 17244776.192413285, 17245066.190913714, 17245356.18941414, 17245646.18791457, 17245935.18642017, 17246225.184920598]	0.0	0.0	0.0
1505.4936706514889	2.0	trials	2.0	1.0	1.0	0.0	10000.0	1.0	True	40.0	0.0	0.005	[17338779.706324622, 17339069.70482505, 17339358.70333065, 17339648.701831076, 17339938.700331505, 17340227.69883711, 17340517.697337538, 17340806.695843134, 17341096.694343563, 17341386.692843992, 17341676.69134442, 17341965.68985002, 17342254.68835562, 17342544.686856046, 17342834.685356475, 17343124.683856905, 17343413.682362508, 17343703.680862933, 17343992.679368533, 17344282.677868962]	0.0	0.0	0.0
1514.9575321142754	2.0	trials	2.0	1.0	1.0	0.0	10000.0	1.0	True	40.0	0.0	0.005	[17432806.220117033, 17433097.21861229, 17433385.21712306, 17433675.215623487, 17433964.214129087, 17434254.212629516, 17434544.211129945, 17434834.209630374, 17435124.208130803, 17435413.206636403, 17435703.20513683, 17435992.203642428, 17436282.202142857, 17436572.200643286, 17436862.199143715, 17437151.197649315, 17437441.196149744, 17437731.194650173, 17438020.193155773, 17438309.191661373]	0.0	0.0	0.0
1525.5340470235794	2.0	trials	2.0	1.0	1.0	0.0	10000.0	1.0	True	40.0	0.0	0.005	[17542342.653708223, 17542631.652213823, 17542921.650714252, 17543210.649219852, 17543500.64772028, 17543789.64622588, 17544080.644721135, 17544369.64322674, 17544659.641727164, 17544948.640232764, 17545238.638733193, 17545528.637233622, 17545817.635739222, 17546107.63423965, 17546396.63274525, 17546686.63124568, 17546976.629746106, 17547265.628251705, 17547555.626752134, 17547845.625252564]	0.0	0.0	0.0
1531.2875660723842	2.0	trials	2.0	1.0	1.0	0.0	10000.0	1.0	True	40.0	0.0	0.005	[17664756.020713273, 17665044.019224044, 17665334.017724473, 17665625.01621973, 17665914.01472533, 17666204.01322576, 17666493.01173136, 17666783.01023179, 17667073.008732215, 17667362.007237814, 17667651.005743418, 17667941.004243843, 17668231.002744272, 17668521.0012447, 17668810.99974513, 17669099.99825073, 17669389.99675116, 17669678.995256756, 17669967.993762355, 17670257.992262784]	0.0	0.0	0.0
1537.9173493900641	2.0	trials	2.0	1.0	1.0	0.0	10000.0	1.0	True	40.0	0.0	0.005	[17731346.67637548, 17731637.674870737, 17731926.673376337, 17732215.67188194, 17732505.670382366, 17732795.668882795, 17733085.667383224, 17733374.665888824, 17733664.664389253, 17733953.662894852, 17734243.661395278, 17734533.659895707, 17734823.658396136, 17735112.656901736, 17735401.655407336, 17735691.653907765, 17735981.65240819, 17736270.650913794, 17736561.64940905, 17736849.64791982]	0.0	0.0	0.0
1546.6833616613983	2.0	trials	2.0	1.0	1.0	0.0	10000.0	1.0	True	40.0	0.0	0.005	[17808080.279588882, 17808370.27808931, 17808659.27659491, 17808949.27509534, 17809239.27359577, 17809528.272101365, 17809818.270601794, 17810108.269102223, 17810398.267602652, 17810686.266113423, 17810976.264613852, 17811267.26310911, 17811556.26161471, 17811845.26012031, 17812135.25862074, 17812425.257121164, 17812715.255621593, 17813004.254127193, 17813293.252632793, 17813583.251133222]	0.0	0.0	0.0
1556.8173380590495	2.0	trials	2.0	1.0	1.0	0.0	10000.0	1.0	True	40.0	0.0	0.005	[17909539.754945725, 17909829.753446154, 17910118.75195175, 17910408.75045218, 17910697.74895778, 17910987.74745821, 17911277.745958637, 17911566.744464237, 17911856.742964666, 17912146.741465095, 17912436.73996552, 17912725.738471124, 17913014.73697672, 17913304.73547715, 17913593.73398275, 17913883.73248318, 17914173.730983607, 17914462.729489207, 17914752.727989636, 17915042.726490065]	0.0	0.0	0.0
1563.0243683627677	2.0	trials	2.0	1.0	1.0	0.0	10000.0	1.0	True	40.0	0.0	0.005	[18026831.148436308, 18027120.146941908, 18027409.145447508, 18027699.143947937, 18027989.142448366, 18028279.140948795, 18028568.13945439, 18028858.13795482, 18029148.13645525, 18029438.134955678, 18029727.133461278, 18030016.131966878, 18030307.130462132, 18030595.128972907, 18030886.127468165, 18031176.125968594, 18031465.12447419, 18031754.12297979, 18032044.12148022, 18032333.11998582]	0.0	0.0	0.0
1572.131399670707	2.0	trials	2.0	1.0	1.0	0.0	10000.0	1.0	True	40.0	0.0	0.005	[18098671.7769511, 18098960.775456697, 18099249.7739623, 18099539.77246273, 18099829.77096316, 18100119.769463588, 18100408.767969184, 18100698.766469613, 18100988.76497004, 18101278.76347047, 18101567.76197607, 18101856.760481667, 18102146.758982096, 18102436.757482525, 18102725.75598813, 18103015.754488554, 18103305.752988983, 18103595.751489412, 18103884.74999501, 18104173.74850061]	0.0	0.0	0.0
1581.6572960127135	2.0	trials	2.0	1.0	1.0	0.0	10000.0	1.0	True	40.0	0.0	0.005	[18204076.231908597, 18204367.230403855, 18204656.228909455, 18204946.227409884, 18205235.225915484, 18205525.224415913, 18205814.222921513, 18206104.221421942, 18206394.21992237, 18206683.218427967, 18206973.216928396, 18207263.215428825, 18207553.213929255, 18207842.212434854, 18208132.210935283, 18208421.209440883, 18208711.20794131, 18209000.206446912, 18209290.20494734, 18209580.20344777]	0.0	0.0	0.0
1591.5152258377898	2.0	trials	2.0	1.0	1.0	0.0	10000.0	1.0	True	40.0	0.0	0.005	[18314330.661787063, 18314620.660287492, 18314910.65878792, 18315199.657293517, 18315488.655799117, 18315778.654299546, 18316068.652799975, 18316358.651300404, 18316647.649806, 18316937.64830643, 18317226.646812033, 18317516.645312462, 18317806.643812887, 18318095.642318487, 18318385.640818916, 18318674.639324516, 18318965.637819774, 18319254.636325374, 18319544.6348258, 18319833.6333314]	0.0	0.0	0.0
1601.5236636845952	2.0	trials	2.0	1.0	1.0	0.0	10000.0	1.0	True	40.0	0.0	0.005	[18428426.071803957, 18428716.070304386, 18429006.068804815, 18429295.06731041, 18429585.06581084, 18429874.06431644, 18430164.06281687, 18430453.06132247, 18430744.059817728, 18431032.0583285, 18431322.056828927, 18431612.055329356, 18431902.053829785, 18432192.05233021, 18432481.05083581, 18432771.04933624, 18433061.04783667, 18433350.04634227, 18433639.04484787, 18433929.043348294]	0.0	0.0	0.0
1610.8175772261748	2.0	trials	2.0	1.0	1.0	0.0	10000.0	1.0	True	40.0	0.0	0.005	[18544265.47280274, 18544553.47131351, 18544843.469813935, 18545133.468314365, 18545423.466814794, 18545713.465315223, 18546002.463820823, 18546292.46232125, 18546581.46082685, 18546871.45932728, 18547160.457832877, 18547450.456333306, 18547740.454833735, 18548029.453339335, 18548320.451834593, 18548608.450345363, 18548899.44884062, 18549188.44734622, 18549478.445846647, 18549767.44435225]	0.0	0.0	0.0
1621.2325249709356	2.0	trials	2.0	1.0	1.0	0.0	10000.0	1.0	True	40.0	0.0	0.005	[18651833.916570332, 18652122.91507593, 18652412.913576357, 18652702.912076786, 18652992.910577215, 18653281.909082815, 18653571.907583244, 18653860.906088844, 18654150.904589273, 18654440.903089702, 18654729.901595302, 18655019.90009573, 18655309.89859616, 18655598.897101756, 18655888.895602185, 18656177.894107785, 18656467.892608214, 18656757.891108643, 18657046.889614243, 18657336.888114672]	0.0	0.0	0.0
1629.1736807075667	2.0	trials	2.0	1.0	1.0	0.0	10000.0	1.0	True	40.0	0.0	0.005	[18772377.293245032, 18772666.291750632, 18772956.29025106, 18773246.28875149, 18773536.287251916, 18773824.28576269, 18774114.28426312, 18774405.282758374, 18774694.281263974, 18774984.279764403, 18775273.278270002, 18775563.27677043, 18775852.27527603, 18776142.273776457, 18776431.272282057, 18776721.270782486, 18777011.269282915, 18777301.267783344, 18777591.266283773, 18777880.26478937]	0.0	0.0	0.0
1637.4938712842252	2.0	trials	2.0	1.0	1.0	0.0	10000.0	1.0	True	40.0	0.0	0.005	[18864287.817979142, 18864578.816474397, 18864867.81498, 18865156.813485596, 18865446.811986025, 18865736.810486455, 18866025.808992054, 18866314.807497654, 18866604.805998083, 18866894.80449851, 18867184.802998938, 18867474.801499367, 18867763.800004967, 18868053.798505396, 18868342.797010995, 18868632.795511425, 18868921.794017024, 18869211.792517453, 18869502.79101271, 18869790.789523482]	0.0	0.0	0.0
1644.669354180117	2.0	trials	2.0	1.0	1.0	0.0	10000.0	1.0	True	40.0	0.0	0.005	[18960586.320023183, 18960876.318523612, 18961165.31702921, 18961456.31552447, 18961745.314030066, 18962035.312530495, 18962325.311030924, 18962613.309541695, 18962903.308042124, 18963193.306542553, 18963482.305048153, 18963772.303548582, 18964062.30204901, 18964352.30054944, 18964641.299055036, 18964931.297555465, 18965221.296055894, 18965511.294556323, 18965799.293067094, 18966089.291567523]	0.0	0.0	0.0
1654.773781930563	2.0	trials	2.0	1.0	1.0	0.0	10000.0	1.0	True	40.0	0.0	0.005	[19043635.890576955, 19043926.889072213, 19044214.887582984, 19044504.88608341, 19044794.88458384, 19045084.883084267, 19045373.881589867, 19045662.880095467, 19045953.878590725, 19046242.877096325, 19046532.875596754, 19046821.87410235, 19047111.87260278, 19047401.87110321, 19047690.86960881, 19047980.868109237, 19048269.866614837, 19048559.865115266, 19048849.863615695, 19049138.862121295]	0.0	0.0	0.0
1662.9752595210812	2.0	trials	2.0	1.0	1.0	0.0	10000.0	1.0	True	40.0	0.0	0.005	[19160585.285836, 19160875.284336425, 19161165.282836854, 19161455.281337284, 19161744.279842883, 19162034.278343312, 19162323.276848912, 19162613.275349338, 19162903.273849767, 19163193.272350196, 19163482.270855796, 19163772.269356225, 19164061.267861824, 19164351.266362254, 19164640.264867853, 19164931.263363108, 19165220.26186871, 19165510.260369137, 19165799.258874737, 19166089.257375166]	0.0	0.0	0.0
1673.7174887734836	2.0	trials	2.0	1.0	1.0	0.0	10000.0	1.0	True	40.0	0.0	0.005	[19255510.794979736, 19255799.793485336, 19256089.791985765, 19256379.790486194, 19256669.78898662, 19256958.78749222, 19257247.785997823, 19257537.78449825, 19257826.783003848, 19258116.781504277, 19258406.780004706, 19258696.778505135, 19258985.777010735, 19259275.77551116, 19259565.77401159, 19259853.77252236, 19260144.77101762, 19260434.769518048, 19260723.768023647, 19261013.766524076]	0.0	0.0	0.0
1682.8351472264706	2.0	trials	2.0	1.0	1.0	0.0	10000.0	1.0	True	40.0	0.0	0.005	[19379842.15206693, 19380132.15056736, 19380421.149072956, 19380711.147573385, 19381001.14607382, 19381291.144574247, 19381580.143079843, 19381869.141585443, 19382159.140085872, 19382449.138586298, 19382739.13708673, 19383028.135592327, 19383318.134092756, 19383608.13259319, 19383897.131098785, 19384186.129604384, 19384477.128099643, 19384765.126610413, 19385056.125105668, 19385345.123611268]	0.0	0.0	0.0
2117.6838394429037	2.0	trials	2.0	1.0	1.0	0.0	10000.0	1.0	False	0.0	0.0	0.0	[NaN, NaN, NaN, NaN, NaN, NaN, NaN, NaN, NaN, NaN, NaN, NaN, NaN, NaN, NaN, NaN, NaN, NaN, NaN, NaN]	0.0	0.0	0.0
2123.5221164534287	2.0	trials	3.0	1.0	1.0	0.0	10000.0	1.0	False	0.0	0.0	0.0	[NaN, NaN, NaN, NaN, NaN, NaN, NaN, NaN, NaN, NaN, NaN, NaN, NaN, NaN, NaN, NaN, NaN, NaN, NaN, NaN]	0.0	0.0	0.0
2133.23636382148	2.0	trials	3.0	1.0	1.0	0.0	10000.0	1.0	False	0.0	0.0	0.0	[NaN, NaN, NaN, NaN, NaN, NaN, NaN, NaN, NaN, NaN, NaN, NaN, NaN, NaN, NaN, NaN, NaN, NaN, NaN, NaN]	0.0	0.0	0.0
2142.499691921216	2.0	trials	3.0	1.0	1.0	0.0	10000.0	1.0	False	0.0	0.0	0.0	[NaN, NaN, NaN, NaN, NaN, NaN, NaN, NaN, NaN, NaN, NaN, NaN, NaN, NaN, NaN, NaN, NaN, NaN, NaN, NaN]	0.0	0.0	0.0
2147.736973639461	2.0	trials	3.0	1.0	1.0	0.0	10000.0	1.0	False	0.0	0.0	0.0	[NaN, NaN, NaN, NaN, NaN, NaN, NaN, NaN, NaN, NaN, NaN, NaN, NaN, NaN, NaN, NaN, NaN, NaN, NaN, NaN]	0.0	0.0	0.0
2157.1300738681502	2.0	trials	3.0	1.0	1.0	0.0	10000.0	1.0	False	0.0	0.0	0.0	[NaN, NaN, NaN, NaN, NaN, NaN, NaN, NaN, NaN, NaN, NaN, NaN, NaN, NaN, NaN, NaN, NaN, NaN, NaN, NaN]	0.0	0.0	0.0
2166.0557525138565	2.0	trials	3.0	1.0	1.0	0.0	10000.0	1.0	False	0.0	0.0	0.0	[NaN, NaN, NaN, NaN, NaN, NaN, NaN, NaN, NaN, NaN, NaN, NaN, NaN, NaN, NaN, NaN, NaN, NaN, NaN, NaN]	0.0	0.0	0.0
2175.273893647252	2.0	trials	3.0	1.0	1.0	0.0	10000.0	1.0	False	0.0	0.0	0.0	[NaN, NaN, NaN, NaN, NaN, NaN, NaN, NaN, NaN, NaN, NaN, NaN, NaN, NaN, NaN, NaN, NaN, NaN, NaN, NaN]	0.0	0.0	0.0
2183.0011240900812	2.0	trials	3.0	1.0	1.0	0.0	10000.0	1.0	False	0.0	0.0	0.0	[NaN, NaN, NaN, NaN, NaN, NaN, NaN, NaN, NaN, NaN, NaN, NaN, NaN, NaN, NaN, NaN, NaN, NaN, NaN, NaN]	0.0	0.0	0.0
2193.1119454074665	2.0	trials	3.0	1.0	1.0	0.0	10000.0	1.0	False	0.0	0.0	0.0	[NaN, NaN, NaN, NaN, NaN, NaN, NaN, NaN, NaN, NaN, NaN, NaN, NaN, NaN, NaN, NaN, NaN, NaN, NaN, NaN]	0.0	0.0	0.0
2202.397564591936	2.0	trials	3.0	1.0	1.0	0.0	10000.0	1.0	False	0.0	0.0	0.0	[NaN, NaN, NaN, NaN, NaN, NaN, NaN, NaN, NaN, NaN, NaN, NaN, NaN, NaN, NaN, NaN, NaN, NaN, NaN, NaN]	0.0	0.0	0.0
2212.6517227681325	2.0	trials	3.0	1.0	1.0	0.0	10000.0	1.0	False	0.0	0.0	0.0	[NaN, NaN, NaN, NaN, NaN, NaN, NaN, NaN, NaN, NaN, NaN, NaN, NaN, NaN, NaN, NaN, NaN, NaN, NaN, NaN]	0.0	0.0	0.0
2222.3234615559945	2.0	trials	3.0	1.0	1.0	0.0	10000.0	1.0	False	0.0	0.0	0.0	[NaN, NaN, NaN, NaN, NaN, NaN, NaN, NaN, NaN, NaN, NaN, NaN, NaN, NaN, NaN, NaN, NaN, NaN, NaN, NaN]	0.0	0.0	0.0
2230.2680732747544	2.0	trials	3.0	1.0	1.0	0.0	10000.0	1.0	False	0.0	0.0	0.0	[NaN, NaN, NaN, NaN, NaN, NaN, NaN, NaN, NaN, NaN, NaN, NaN, NaN, NaN, NaN, NaN, NaN, NaN, NaN, NaN]	0.0	0.0	0.0
2240.899538299914	2.0	trials	3.0	1.0	1.0	0.0	10000.0	1.0	False	0.0	0.0	0.0	[NaN, NaN, NaN, NaN, NaN, NaN, NaN, NaN, NaN, NaN, NaN, NaN, NaN, NaN, NaN, NaN, NaN, NaN, NaN, NaN]	0.0	0.0	0.0
2251.738189453723	2.0	trials	3.0	1.0	1.0	0.0	10000.0	1.0	False	0.0	0.0	0.0	[NaN, NaN, NaN, NaN, NaN, NaN, NaN, NaN, NaN, NaN, NaN, NaN, NaN, NaN, NaN, NaN, NaN, NaN, NaN, NaN]	0.0	0.0	0.0
2260.3879943259603	2.0	trials	3.0	1.0	1.0	0.0	10000.0	1.0	False	0.0	0.0	0.0	[NaN, NaN, NaN, NaN, NaN, NaN, NaN, NaN, NaN, NaN, NaN, NaN, NaN, NaN, NaN, NaN, NaN, NaN, NaN, NaN]	0.0	0.0	0.0
2267.4529721932686	2.0	trials	3.0	1.0	1.0	0.0	10000.0	1.0	False	0.0	0.0	0.0	[NaN, NaN, NaN, NaN, NaN, NaN, NaN, NaN, NaN, NaN, NaN, NaN, NaN, NaN, NaN, NaN, NaN, NaN, NaN, NaN]	0.0	0.0	0.0
2275.7297037946514	2.0	trials	3.0	1.0	1.0	0.0	10000.0	1.0	False	0.0	0.0	0.0	[NaN, NaN, NaN, NaN, NaN, NaN, NaN, NaN, NaN, NaN, NaN, NaN, NaN, NaN, NaN, NaN, NaN, NaN, NaN, NaN]	0.0	0.0	0.0
2284.765887468941	2.0	trials	3.0	1.0	1.0	0.0	10000.0	1.0	False	0.0	0.0	0.0	[NaN, NaN, NaN, NaN, NaN, NaN, NaN, NaN, NaN, NaN, NaN, NaN, NaN, NaN, NaN, NaN, NaN, NaN, NaN, NaN]	0.0	0.0	0.0
2293.4416122071484	2.0	trials	3.0	1.0	1.0	0.0	10000.0	1.0	False	0.0	0.0	0.0	[NaN, NaN, NaN, NaN, NaN, NaN, NaN, NaN, NaN, NaN, NaN, NaN, NaN, NaN, NaN, NaN, NaN, NaN, NaN, NaN]	0.0	0.0	0.0
2303.3016156215017	2.0	trials	3.0	1.0	1.0	0.0	10000.0	1.0	False	0.0	0.0	0.0	[NaN, NaN, NaN, NaN, NaN, NaN, NaN, NaN, NaN, NaN, NaN, NaN, NaN, NaN, NaN, NaN, NaN, NaN, NaN, NaN]	0.0	0.0	0.0
2312.792088146683	2.0	trials	3.0	1.0	1.0	0.0	10000.0	1.0	False	0.0	0.0	0.0	[NaN, NaN, NaN, NaN, NaN, NaN, NaN, NaN, NaN, NaN, NaN, NaN, NaN, NaN, NaN, NaN, NaN, NaN, NaN, NaN]	0.0	0.0	0.0
2317.9513510683605	2.0	trials	3.0	1.0	1.0	0.0	10000.0	1.0	False	0.0	0.0	0.0	[NaN, NaN, NaN, NaN, NaN, NaN, NaN, NaN, NaN, NaN, NaN, NaN, NaN, NaN, NaN, NaN, NaN, NaN, NaN, NaN]	0.0	0.0	0.0
2324.4517942548528	2.0	trials	3.0	1.0	1.0	0.0	10000.0	1.0	False	0.0	0.0	0.0	[NaN, NaN, NaN, NaN, NaN, NaN, NaN, NaN, NaN, NaN, NaN, NaN, NaN, NaN, NaN, NaN, NaN, NaN, NaN, NaN]	0.0	0.0	0.0
2331.290664491354	2.0	trials	3.0	1.0	1.0	0.0	10000.0	1.0	False	0.0	0.0	0.0	[NaN, NaN, NaN, NaN, NaN, NaN, NaN, NaN, NaN, NaN, NaN, NaN, NaN, NaN, NaN, NaN, NaN, NaN, NaN, NaN]	0.0	0.0	0.0
2336.731503557013	2.0	trials	3.0	1.0	1.0	0.0	10000.0	1.0	False	0.0	0.0	0.0	[NaN, NaN, NaN, NaN, NaN, NaN, NaN, NaN, NaN, NaN, NaN, NaN, NaN, NaN, NaN, NaN, NaN, NaN, NaN, NaN]	0.0	0.0	0.0
2343.31921029227	2.0	trials	3.0	1.0	1.0	0.0	10000.0	1.0	False	0.0	0.0	0.0	[NaN, NaN, NaN, NaN, NaN, NaN, NaN, NaN, NaN, NaN, NaN, NaN, NaN, NaN, NaN, NaN, NaN, NaN, NaN, NaN]	0.0	0.0	0.0
2353.1441354880117	2.0	trials	3.0	1.0	1.0	0.0	10000.0	1.0	False	0.0	0.0	0.0	[NaN, NaN, NaN, NaN, NaN, NaN, NaN, NaN, NaN, NaN, NaN, NaN, NaN, NaN, NaN, NaN, NaN, NaN, NaN, NaN]	0.0	0.0	0.0
2360.307608846004	2.0	trials	3.0	1.0	1.0	0.0	10000.0	1.0	False	0.0	0.0	0.0	[NaN, NaN, NaN, NaN, NaN, NaN, NaN, NaN, NaN, NaN, NaN, NaN, NaN, NaN, NaN, NaN, NaN, NaN, NaN, NaN]	0.0	0.0	0.0
2367.7473879752315	2.0	trials	3.0	1.0	1.0	0.0	10000.0	1.0	False	0.0	0.0	0.0	[NaN, NaN, NaN, NaN, NaN, NaN, NaN, NaN, NaN, NaN, NaN, NaN, NaN, NaN, NaN, NaN, NaN, NaN, NaN, NaN]	0.0	0.0	0.0
2374.1495948697	2.0	trials	3.0	1.0	1.0	0.0	10000.0	1.0	False	0.0	0.0	0.0	[NaN, NaN, NaN, NaN, NaN, NaN, NaN, NaN, NaN, NaN, NaN, NaN, NaN, NaN, NaN, NaN, NaN, NaN, NaN, NaN]	0.0	0.0	0.0
2379.5172535137717	2.0	trials	3.0	1.0	1.0	0.0	10000.0	1.0	False	0.0	0.0	0.0	[NaN, NaN, NaN, NaN, NaN, NaN, NaN, NaN, NaN, NaN, NaN, NaN, NaN, NaN, NaN, NaN, NaN, NaN, NaN, NaN]	0.0	0.0	0.0
2385.4031366781273	2.0	trials	3.0	1.0	1.0	0.0	10000.0	1.0	False	0.0	0.0	0.0	[NaN, NaN, NaN, NaN, NaN, NaN, NaN, NaN, NaN, NaN, NaN, NaN, NaN, NaN, NaN, NaN, NaN, NaN, NaN, NaN]	0.0	0.0	0.0
2394.607626682112	2.0	trials	3.0	1.0	1.0	0.0	10000.0	1.0	False	0.0	0.0	0.0	[NaN, NaN, NaN, NaN, NaN, NaN, NaN, NaN, NaN, NaN, NaN, NaN, NaN, NaN, NaN, NaN, NaN, NaN, NaN, NaN]	0.0	0.0	0.0
2403.4571873214213	2.0	trials	3.0	1.0	1.0	0.0	10000.0	1.0	False	0.0	0.0	0.0	[NaN, NaN, NaN, NaN, NaN, NaN, NaN, NaN, NaN, NaN, NaN, NaN, NaN, NaN, NaN, NaN, NaN, NaN, NaN, NaN]	0.0	0.0	0.0
2410.4473431756314	2.0	trials	3.0	1.0	1.0	0.0	10000.0	1.0	False	0.0	0.0	0.0	[NaN, NaN, NaN, NaN, NaN, NaN, NaN, NaN, NaN, NaN, NaN, NaN, NaN, NaN, NaN, NaN, NaN, NaN, NaN, NaN]	0.0	0.0	0.0
2419.6212477377717	2.0	trials	3.0	1.0	1.0	0.0	10000.0	1.0	False	0.0	0.0	0.0	[NaN, NaN, NaN, NaN, NaN, NaN, NaN, NaN, NaN, NaN, NaN, NaN, NaN, NaN, NaN, NaN, NaN, NaN, NaN, NaN]	0.0	0.0	0.0
2426.341145789473	2.0	trials	3.0	1.0	1.0	0.0	10000.0	1.0	False	0.0	0.0	0.0	[NaN, NaN, NaN, NaN, NaN, NaN, NaN, NaN, NaN, NaN, NaN, NaN, NaN, NaN, NaN, NaN, NaN, NaN, NaN, NaN]	0.0	0.0	0.0
2433.697203751619	2.0	trials	3.0	1.0	1.0	0.0	10000.0	1.0	False	0.0	0.0	0.0	[NaN, NaN, NaN, NaN, NaN, NaN, NaN, NaN, NaN, NaN, NaN, NaN, NaN, NaN, NaN, NaN, NaN, NaN, NaN, NaN]	0.0	0.0	0.0
2441.383221607557	2.0	trials	3.0	1.0	1.0	0.0	10000.0	1.0	False	0.0	0.0	0.0	[NaN, NaN, NaN, NaN, NaN, NaN, NaN, NaN, NaN, NaN, NaN, NaN, NaN, NaN, NaN, NaN, NaN, NaN, NaN, NaN]	0.0	0.0	0.0
2447.91148545019	2.0	trials	3.0	1.0	1.0	0.0	10000.0	1.0	False	0.0	0.0	0.0	[NaN, NaN, NaN, NaN, NaN, NaN, NaN, NaN, NaN, NaN, NaN, NaN, NaN, NaN, NaN, NaN, NaN, NaN, NaN, NaN]	0.0	0.0	0.0
2455.4422433089703	2.0	trials	3.0	1.0	1.0	0.0	10000.0	1.0	False	0.0	0.0	0.0	[NaN, NaN, NaN, NaN, NaN, NaN, NaN, NaN, NaN, NaN, NaN, NaN, NaN, NaN, NaN, NaN, NaN, NaN, NaN, NaN]	0.0	0.0	0.0
2460.7874380692024	2.0	trials	3.0	1.0	1.0	0.0	10000.0	1.0	False	0.0	0.0	0.0	[NaN, NaN, NaN, NaN, NaN, NaN, NaN, NaN, NaN, NaN, NaN, NaN, NaN, NaN, NaN, NaN, NaN, NaN, NaN, NaN]	0.0	0.0	0.0
2469.087238351298	2.0	trials	3.0	1.0	1.0	0.0	10000.0	1.0	False	0.0	0.0	0.0	[NaN, NaN, NaN, NaN, NaN, NaN, NaN, NaN, NaN, NaN, NaN, NaN, NaN, NaN, NaN, NaN, NaN, NaN, NaN, NaN]	0.0	0.0	0.0
2477.7373888217485	2.0	trials	3.0	1.0	1.0	0.0	10000.0	1.0	False	0.0	0.0	0.0	[NaN, NaN, NaN, NaN, NaN, NaN, NaN, NaN, NaN, NaN, NaN, NaN, NaN, NaN, NaN, NaN, NaN, NaN, NaN, NaN]	0.0	0.0	0.0
2488.089351292203	2.0	trials	3.0	1.0	1.0	0.0	10000.0	1.0	False	0.0	0.0	0.0	[NaN, NaN, NaN, NaN, NaN, NaN, NaN, NaN, NaN, NaN, NaN, NaN, NaN, NaN, NaN, NaN, NaN, NaN, NaN, NaN]	0.0	0.0	0.0
2496.115178591001	2.0	trials	3.0	1.0	1.0	0.0	10000.0	1.0	False	0.0	0.0	0.0	[NaN, NaN, NaN, NaN, NaN, NaN, NaN, NaN, NaN, NaN, NaN, NaN, NaN, NaN, NaN, NaN, NaN, NaN, NaN, NaN]	0.0	0.0	0.0
2503.2912662837657	2.0	trials	3.0	1.0	1.0	0.0	10000.0	1.0	False	0.0	0.0	0.0	[NaN, NaN, NaN, NaN, NaN, NaN, NaN, NaN, NaN, NaN, NaN, NaN, NaN, NaN, NaN, NaN, NaN, NaN, NaN, NaN]	0.0	0.0	0.0
2510.1190773774533	2.0	trials	3.0	1.0	1.0	0.0	10000.0	1.0	False	0.0	0.0	0.0	[NaN, NaN, NaN, NaN, NaN, NaN, NaN, NaN, NaN, NaN, NaN, NaN, NaN, NaN, NaN, NaN, NaN, NaN, NaN, NaN]	0.0	0.0	0.0
2618.9779352730607	2.0	trials	3.0	1.0	1.0	0.0	10000.0	1.0	True	40.0	0.0	0.005	[19485369.6063884, 19485659.604888834, 19485949.603389263, 19486239.601889692, 19486529.60039012, 19486818.598895717, 19487107.597401317, 19487397.59590175, 19487687.594402175, 19487977.592902604, 19488266.591408204, 19488556.589908633, 19488846.588409062, 19489135.586914662, 19489425.585415088, 19489715.583915517, 19490004.582421117, 19490293.580926716, 19490583.579427145, 19490873.577927575]	0.0	0.0	0.0
2628.2572472901443	2.0	trials	4.0	1.0	1.0	1.0	0.0	1.0	True	40.0	0.0	0.005	[30320413.578780606, 30427812.023427255, 30512794.583985616, 30636023.946771175, 30715498.53581104, 30840291.890509266, 30919398.48145204, 31000160.063836906, 31078303.659759294, 31185573.105072998, 31260362.718338702, 31324535.386504233, 31412371.932304733, 31471888.62454614, 31534278.30193145, 31641747.746210963, 31742883.223243188, 31853974.648793574, 31978776.003450427, 32039255.690712225]	1.0	0.02	5.0
2635.5996541228797	2.0	trials	4.0	1.0	1.0	1.0	0.0	1.0	True	40.0	0.0	0.005	[32115392.29701268, 32215642.77862118, 32327577.199812472, 32407025.788986776, 32500594.30514748, 32593513.824664112, 32716474.18884066, 32777349.874054763, 32887656.303664334, 32953858.961332858, 33018279.628216002, 33116981.117834285, 33223861.56515948, 33337929.97531599, 33412534.58953832, 33482300.228782803, 33543985.90980845, 33624689.49249324, 33720993.994506255, 33787935.64835346]	1.0	0.02	5.0
2646.2467574671737	2.0	trials	4.0	1.0	1.0	1.0	0.0	1.0	True	40.0	0.0	0.005	[33874868.19882849, 33953762.7908675, 34053356.27587331, 34155797.74615228, 34258832.21336491, 34345505.76517921, 34430640.324951574, 34540075.75906503, 34605778.419319026, 34685291.008162394, 36560913.30938952, 36561202.30789512, 36561491.30640072, 36561781.304901145, 36562071.303401574, 36562361.301902, 36562650.3004076, 36562940.29890803, 36563230.29740846, 36563519.29591406]	1.0	0.02	5.0
2653.1133619602624	2.0	trials	4.0	1.0	1.0	1.0	0.0	1.0	True	40.0	0.0	0.005	[36563809.29441448, 36564099.29291492, 36564387.29142569, 36564678.28992095, 36564967.28842655, 36565258.2869218, 36565547.2854274, 36565836.283933006, 36566124.28244377, 36566415.28093903, 36653385.83121756, 36653673.82972833, 36653963.828228764, 36654253.826729186, 36654543.82522962, 36654832.823735215, 36655121.822240815, 36655411.82074125, 36655702.8192365, 36655990.81774727]	1.0	0.02	5.0
2663.8955078062572	2.0	trials	4.0	1.0	1.0	1.0	0.0	1.0	True	40.0	0.0	0.005	[36656280.8162477, 36656570.81474813, 36656859.81325373, 36657149.81175416, 36657440.81024941, 36657729.80875502, 36658019.80725545, 36658309.805755876, 36658598.80426147, 36658888.8027619, 36720425.484558016, 36720714.483063616, 36721004.481564045, 36721294.480064474, 36721584.4785649, 36721872.47707567, 36722162.475576095, 36722452.47407653, 36722741.472582124, 36723031.47108256]	1.0	0.02	5.0
2670.730230864204	2.0	trials	4.0	1.0	1.0	1.0	0.0	1.0	True	40.0	0.0	0.005	[36723321.46958298, 36723610.46808858, 36723900.46658902, 36724190.46508944, 36724480.46358988, 36724769.46209547, 36725058.46060107, 36725349.45909633, 36725639.45759676, 36725927.45610753, 36832762.903665416, 36833052.902165845, 36833341.900671445, 36833631.899171874, 36833921.8976723, 36834210.8961779, 36834499.8946835, 36834790.89317876, 36835081.89167402, 36835368.89018995]	1.0	0.02	5.0
2677.7081179818547	2.0	trials	4.0	1.0	1.0	1.0	0.0	1.0	True	40.0	0.0	0.005	[36835658.88869039, 36835949.88718565, 36836237.88569641, 36836528.88419167, 36836817.88269727, 36837106.88120288, 36837396.8797033, 36837686.87820373, 36837976.87670416, 36838265.875209756, 36920837.448235236, 36921128.446730494, 36921417.44523609, 36921707.44373652, 36921995.442247294, 36922286.44074255, 36922574.43925332, 36922865.43774857, 36923154.43625418, 36923444.43475461]	1.0	0.02	5.0
2684.4597246695917	2.0	trials	4.0	1.0	1.0	1.0	0.0	1.0	True	40.0	0.0	0.005	[36923733.4332602, 36924023.43176063, 36924313.43026106, 36924603.42876149, 36924893.42726192, 36925181.42577269, 36925472.42426795, 36925762.42276838, 36926051.42127398, 36926340.41977958, 37031164.87773622, 37031453.87624182, 37031743.87474225, 37032033.873242676, 37032322.871748276, 37032611.870253876, 37032901.8687543, 37033192.86724956, 37033480.865760334, 37033770.864260755]	1.0	0.02	5.0
2693.727804744755	2.0	trials	4.0	1.0	1.0	1.0	0.0	1.0	True	40.0	0.0	0.005	[37034060.86276119, 37034350.86126161, 37034639.85976721, 37034929.85826764, 37035218.85677324, 37035508.85527367, 37035799.85376892, 37036087.8522797, 37036377.85078013, 37036667.84928055, 37105059.49562991, 37105348.49413551, 37105639.492630765, 37105929.491131194, 37106218.489636794, 37106507.48814239, 37106798.48663765, 37107087.48514325, 37107376.48364885, 37107666.48214927]	1.0	0.02	5.0
2700.189627330953	2.0	trials	4.0	1.0	1.0	1.0	0.0	1.0	True	40.0	0.0	0.005	[37107956.4806497, 37108245.47915531, 37108535.47765574, 37108824.47616133, 37109113.47466693, 37109405.47315702, 37109694.47166262, 37109985.47015788, 37110272.46867382, 37110562.46717425, 37178619.11525586, 37178909.11375629, 37179199.11225672, 37179489.11075715, 37179779.10925758, 37180067.10776835, 37180358.1062636, 37180647.1047692, 37180937.10326963, 37181225.10178041]	1.0	0.02	5.0
2705.73414586049	2.0	trials	4.0	1.0	1.0	1.0	0.0	1.0	True	40.0	0.0	0.005	[37181516.10027566, 37181804.09878643, 37181804.09878643, 37182096.097276516, 37182384.09578729, 37182674.094287716, 37182965.092782974, 37183254.091288574, 37183543.089794174, 37183832.088299766, 37184123.08679503, 37291860.52968873, 37292150.52818917, 37292439.52669477, 37292728.52520036, 37293019.523695625, 37293308.52220122, 37293598.52070165, 37293888.519202076, 37294176.51771285]	1.0	0.02	5.0
2713.323137018149	2.0	trials	4.0	1.0	1.0	1.0	0.0	1.0	True	40.0	0.0	0.005	[37294467.51620811, 37294757.514708534, 37295046.51321413, 37295336.51171456, 37295625.51022016, 37295916.50871542, 37296205.50722102, 37296495.50572145, 37296783.50423221, 37297074.50272747, 37297364.50122791, 37368874.131454274, 37369164.1299547, 37369453.1284603, 37369743.12696073, 37370032.12546633, 37370323.12396159, 37370612.12246719, 37370901.12097279, 37371190.11947839]	1.0	0.02	5.0
2718.4654656273924	2.0	trials	4.0	1.0	1.0	1.0	0.0	1.0	True	40.0	0.0	0.005	[37371480.11797881, 37371769.11648442, 37372060.11497967, 37372349.11348528, 37372639.111985706, 37372928.1104913, 37373219.108986564, 37373508.10749216, 37373798.105992585, 37374086.104503356, 37374377.102998614, 37459153.66462218, 37459443.66312261, 37459732.66162821, 37460023.66012347, 37460313.6586239, 37460602.6571295, 37460892.655629925, 37461181.654135525, 37461471.652635954]	1.0	0.02	5.0
2723.8559337535175	2.0	trials	4.0	1.0	1.0	1.0	0.0	1.0	True	40.0	0.0	0.005	[37461760.651141554, 37462051.64963681, 37462340.64814241, 37462630.64664284, 37462919.64514844, 37463210.64364369, 37463499.64214929, 37463788.6406549, 37464078.63915532, 37464368.63765576, 37464658.63615618, 37548245.20393316, 37548534.20243876, 37548824.200939186, 37549115.199434444, 37549403.197945215, 37549693.19644564, 37549982.19495124, 37550272.19345167, 37550562.191952094]	1.0	0.02	5.0
2733.1412937393275	2.0	trials	4.0	1.0	1.0	1.0	0.0	1.0	True	40.0	0.0	0.005	[37550852.19045253, 37551140.1889633, 37551431.18745856, 37551720.18596416, 37552010.18446458, 37552301.18295984, 37552589.18147061, 37552878.17997621, 37553169.17847147, 37553459.1769719, 37553748.1754775, 37634980.755426854, 37635271.75392212, 37635560.75242771, 37635849.75093332, 37636139.74943375, 37636429.74793417, 37636719.74643461, 37637009.74493503, 37637297.7434458]	1.0	0.02	5.0
2741.8793989549677	2.0	trials	4.0	1.0	1.0	1.0	0.0	1.0	True	40.0	0.0	0.005	[37637588.74194106, 37637876.74045183, 37638167.73894709, 37638456.737452686, 37638746.735953115, 37639035.73445872, 37639325.732959144, 37639615.73145957, 37639905.72996, 37640195.72846043, 37640484.72696603, 37746796.17723349, 37747086.17573392, 37747377.174229175, 37747666.172734775, 37747954.171245545, 37748244.169745974, 37748535.16824123, 37748823.166752, 37749113.16525243]	1.0	0.02	5.0
2751.4776981225823	2.0	trials	4.0	1.0	1.0	1.0	0.0	1.0	True	40.0	0.0	0.005	[37749403.16375286, 37749693.16225329, 37749982.16075889, 37750272.15925931, 37750561.15776492, 37750852.15626017, 37751141.15476577, 37751431.15326621, 37751719.15177697, 37752009.1502774, 37752299.14877783, 37823800.779045574, 37824090.777545996, 37824378.77605677, 37824669.774552025, 37824958.773057625, 37825248.771558054, 37825538.77005848, 37825827.76856408, 37826116.76706968]	1.0	0.02	5.0
2762.2605351650036	2.0	trials	4.0	1.0	1.0	1.0	0.0	1.0	True	40.0	0.0	0.005	[37826407.76556493, 37826696.76407054, 37826985.76257614, 37827276.76107139, 37827565.759577, 37827854.7580826, 37828144.75658303, 37828434.75508346, 37828723.75358905, 37829013.75208948, 37829302.75059508, 37937280.19224776, 37937571.190743014, 37937859.189253785, 37938150.18774905, 37938438.18625982, 37938729.18475507, 37939018.18326068, 37939308.1817611, 37939598.18026154]	1.0	0.02	5.0
2767.4859801444563	2.0	trials	4.0	1.0	1.0	1.0	0.0	1.0	True	40.0	0.0	0.005	[37939887.17876713, 37940176.17727273, 37940466.17577316, 37940755.17427876, 37941044.17278436, 37941334.17128478, 37941626.169774875, 37941914.168285646, 37942203.16679124, 37942494.165286504, 37942784.16378693, 38000883.86335555, 38001172.861861154, 38001460.86037192, 38001752.858862005, 38002041.85736761, 38002330.855873205, 38002621.85436847, 38002910.85287407, 38003200.85137449]	1.0	0.02	5.0
2774.0641829288575	2.0	trials	4.0	1.0	1.0	1.0	0.0	1.0	True	40.0	0.0	0.005	[38003489.84988009, 38003779.84838052, 38004069.84688095, 38004358.84538655, 38004648.84388698, 38004938.84238741, 38005227.84089301, 38005517.83939344, 38005806.83789903, 38006096.83639946, 38006386.834899895, 38113033.283435084, 38113323.28193552, 38113612.28044112, 38113902.27894154, 38114192.27744198, 38114482.2759424, 38114770.27445317, 38115060.27295361, 38115350.27145403]	1.0	0.02	5.0
2782.725738140334	2.0	trials	4.0	1.0	1.0	1.0	0.0	1.0	True	40.0	0.0	0.005	[38115640.269954465, 38115930.26845489, 38116220.266955316, 38116509.265460916, 38116798.263966516, 38117088.262466945, 38117377.260972545, 38117668.2594678, 38117958.25796823, 38118246.256479, 38118537.25497425, 38226576.69630634, 38226865.69481194, 38227156.6933072, 38227445.6918128, 38227735.69031322, 38228025.68881366, 38228314.68731926, 38228604.68581968, 38228894.684320115]	1.0	0.02	5.0
2792.3968721313236	2.0	trials	4.0	1.0	1.0	1.0	0.0	1.0	True	40.0	0.0	0.005	[38229182.682830885, 38229472.68133131, 38229762.67983174, 38230051.678337336, 38230341.676837765, 38230632.67533302, 38230920.67384379, 38231210.67234422, 38231499.67084982, 38231789.66935025, 38232079.66785068, 38290539.36555777, 38290829.3640582, 38291117.36256897, 38291406.36107456, 38291697.359569825, 38291987.35807025, 38292276.356575854, 38292566.35507628, 38292855.353581876]	1.0	0.02	5.0
2799.261316635581	2.0	trials	4.0	1.0	1.0	1.0	0.0	1.0	True	40.0	0.0	0.005	[38293146.35207714, 38293434.35058791, 38293723.349093504, 38294014.34758877, 38294304.34608919, 38294593.34459479, 38294883.34309522, 38295173.34159565, 38295462.34010125, 38295751.33860685, 38296042.33710211, 38409430.75077485, 38409720.74927528, 38410011.74777054, 38410299.7462813, 38410588.74478691, 38410879.74328216, 38411169.74178259, 38411458.7402882, 38411748.73878863]	1.0	0.02	5.0
2807.345636431917	2.0	trials	4.0	1.0	1.0	1.0	0.0	1.0	True	40.0	0.0	0.005	[38412038.73728905, 38412327.73579465, 38412616.73430025, 38412906.73280068, 38413195.73130628, 38413486.729801536, 38413775.728307135, 38414064.726812735, 38414355.72530799, 38414644.72381359, 38414933.722319186, 38492342.32204221, 38492632.32054265, 38492921.31904824, 38493210.31755384, 38493500.31605427, 38493790.3145547, 38494080.31305513, 38494369.31156072, 38494658.31006633]	1.0	0.02	5.0
2815.3738829182053	2.0	trials	4.0	1.0	1.0	1.0	0.0	1.0	True	40.0	0.0	0.005	[38494949.30856158, 38495238.307067186, 38495528.305567615, 38495817.30407321, 38496107.302573636, 38496397.301074065, 38496686.299579665, 38496977.29807492, 38497266.29658052, 38497556.29508095, 38497845.29358655, 38577353.88245061, 38577642.88095621, 38577932.87945664, 38578221.87796224, 38578510.87646784, 38578800.87496827, 38579090.8734687, 38579379.87197429, 38579669.87047472]	1.0	0.02	5.0
2825.9975719835743	2.0	trials	4.0	1.0	1.0	1.0	0.0	1.0	True	40.0	0.0	0.005	[38579958.86898032, 38580248.867480755, 38580537.86598635, 38580827.86448678, 38581117.862987205, 38581407.861487634, 38581697.85998806, 38581985.858498834, 38582275.85699926, 38582566.85549452, 38582854.85400529, 38656022.47565825, 38656312.474158674, 38656601.47266428, 38656891.47116471, 38657181.46966514, 38657471.46816557, 38657761.46666599, 38658050.46517159, 38658340.46367202]	1.0	0.02	5.0
2831.2573175856596	2.0	trials	4.0	1.0	1.0	1.0	0.0	1.0	True	40.0	0.0	0.005	[38658629.46217762, 38658919.46067805, 38659208.45918365, 38659499.45767891, 38659788.4561845, 38660078.454684936, 38660368.45318536, 38660657.451690964, 38660947.45019139, 38661237.448691815, 38661526.44719742, 38732971.0777599, 38733262.076255165, 38733550.074765936, 38733840.07326636, 38734129.07177196, 38734419.070272386, 38734710.06876765, 38734999.067273244, 38735288.065778844]	1.0	0.02	5.0
2840.7877067044346	2.0	trials	4.0	1.0	1.0	1.0	0.0	1.0	True	40.0	0.0	0.005	[38735577.064284444, 38735868.0627797, 38736157.0612853, 38736447.05978573, 38736736.05829133, 38737026.05679176, 38737316.05529219, 38737605.05379779, 38737895.05229821, 38738184.05080382, 38738474.04930425, 38808040.68957774, 38808328.688088514, 38808617.68659411, 38808908.68508937, 38809198.683589794, 38809487.6820954, 38809776.680601, 38810066.67910142, 38810356.67760186]	1.0	0.02	5.0
2846.507702726585	2.0	trials	4.0	1.0	1.0	1.0	0.0	1.0	True	40.0	0.0	0.005	[38810646.67610228, 38810935.67460789, 38811224.67311348, 38811514.67161391, 38811803.67011952, 38812094.66861477, 38812384.6671152, 38812673.6656208, 38812962.664126396, 38813252.662626825, 38813541.661132425, 38886170.28557252, 38886459.28407812, 38886749.28257855, 38887039.28107897, 38887328.27958458, 38887618.27808501, 38887909.27658026, 38888198.27508587, 38888488.273586296]	1.0	0.02	5.0
2852.0735619457705	2.0	trials	4.0	1.0	1.0	1.0	0.0	1.0	True	40.0	0.0	0.005	[38888777.27209189, 38889066.270597495, 38889356.26909792, 38889646.267598346, 38889936.266098775, 38890225.264604375, 38890515.263104804, 38890805.261605226, 38891093.260116, 38891383.25861643, 38891674.25711169, 39009425.64822364, 39009715.64672407, 39010005.6452245, 39010295.643724926, 39010585.642225355, 39010873.640736125, 39011163.639236555, 39011453.63773698, 39011742.63624258]	1.0	0.02	5.0
2860.6013706488447	2.0	trials	4.0	1.0	1.0	1.0	0.0	1.0	True	40.0	0.0	0.005	[39012032.63474301, 39012322.63324344, 39012612.63174387, 39012901.63024947, 39013192.62874473, 39013481.62725032, 39013771.62575075, 39014060.62425636, 39014350.62275679, 39014640.62125721, 39014928.619767986, 39103111.16377934, 39103401.16227977, 39103690.16078536, 39103980.15928579, 39104270.15778622, 39104560.15628665, 39104849.15479226, 39105138.15329785, 39105429.15179311]	1.0	0.02	5.0
2869.8359276973542	2.0	trials	4.0	1.0	1.0	1.0	0.0	1.0	True	40.0	0.0	0.005	[39105718.15029871, 39106008.14879914, 39106297.147304736, 39106586.145810336, 39106876.144310765, 39107167.14280602, 39107455.141316794, 39107746.139812045, 39108034.138322815, 39108325.13681808, 39108615.1353185, 39188522.72211936, 39188811.72062495, 39189102.71912022, 39189390.71763099, 39189680.71613142, 39189971.71462667, 39190260.71313227, 39190550.7116327, 39190840.71013313]	1.0	0.02	5.0
2879.6913519353866	2.0	trials	4.0	1.0	1.0	1.0	0.0	1.0	True	40.0	0.0	0.005	[39191128.7086439, 39191419.70713916, 39191707.70564993, 39191996.70415553, 39192286.702655956, 39192576.701156385, 39192867.69965164, 39193156.69815724, 39193445.696662836, 39193735.69516327, 39194024.69366887, 39279915.249532014, 39280204.248037614, 39280494.24653804, 39280783.24504364, 39281073.24354407, 39281363.24204449, 39281652.2405501, 39281943.23904535, 39282231.23755612]	1.0	0.02	5.0
2886.13727700379	2.0	trials	4.0	1.0	1.0	1.0	0.0	1.0	True	40.0	0.0	0.005	[39282521.23605655, 39282811.23455698, 39283101.23305741, 39283390.23156302, 39283681.23005827, 39283970.22856387, 39284260.2270643, 39284548.22557507, 39284838.224075496, 39285129.222570755, 39285418.221076354, 39374425.760821685, 39374715.759322114, 39375004.75782772, 39375295.75632297, 39375583.75483374, 39375874.753329, 39376163.7518346, 39376453.75033503, 39376742.74884063]	1.0	0.02	5.0
2892.165028234552	2.0	trials	4.0	1.0	1.0	1.0	0.0	1.0	True	40.0	0.0	0.005	[39377032.74734106, 39377322.74584149, 39377612.74434192, 39377902.74284235, 39378190.74135312, 39378481.739848375, 39378770.738353975, 39379060.7368544, 39379349.735360004, 39379639.733860426, 39379929.732360855, 39463244.30154433, 39463533.30004993, 39463823.29855036, 39464112.29705596, 39464401.29556155, 39464692.29405682, 39464982.29255725, 39465271.29106285, 39465561.28956327]	1.0	0.02	5.0
2897.4945846756486	2.0	trials	4.0	1.0	1.0	1.0	0.0	1.0	True	40.0	0.0	0.005	[39465850.28806887, 39466140.286569305, 39466430.28506973, 39466720.28357016, 39467008.28208093, 39467298.280581355, 39467589.27907661, 39467878.27758221, 39468168.27608264, 39468457.27458824, 39468747.27308867, 39567276.76359635, 39567566.762096785, 39567856.76059721, 39568144.75910798, 39568435.75760324, 39568725.756103665, 39569014.754609264, 39569304.75310969, 39569594.75161012]	1.0	0.02	5.0
2912.788083193637	2.0	trials	4.0	1.0	1.0	1.0	0.0	1.0	True	40.0	0.0	0.005	[39569883.75011572, 39570174.74861098, 39570463.74711658, 39570751.74562735, 39571042.74412261, 39571331.74262821, 39571623.7411183, 39571911.73962907, 39572200.73813466, 39572490.7366351, 39572780.73513552, 39635536.41062827, 39635825.40913387, 39636114.407639466, 39636404.406139895, 39636693.404645495, 39636983.403145924, 39637273.40164635, 39637563.400146775, 39637854.39864204]	1.0	0.02	5.0
2918.571928485626	2.0	trials	4.0	1.0	1.0	1.0	0.0	1.0	True	40.0	0.0	0.005	[39638142.39715281, 39638431.3956584, 39638721.39415884, 39639011.39265926, 39639300.39116487, 39639590.3896653, 39639881.38816056, 39640169.38667132, 39640459.38517175, 39640749.38367218, 39641039.38217261, 39742893.85548693, 39743183.85398736, 39743473.85248779, 39743763.85098822, 39744050.84950416, 39744342.847994246, 39744631.846499845, 39744920.84500544, 39745210.843505874]	1.0	0.02	5.0
2926.0829008467163	2.0	trials	4.0	1.0	1.0	1.0	0.0	1.0	True	40.0	0.0	0.005	[39745501.842001125, 39745789.840511896, 39746079.83901233, 39746370.83750758, 39746659.83601319, 39746948.83451878, 39747238.83301921, 39747528.83151964, 39747816.83003041, 39748107.82852567, 39748397.8270261, 39840049.35309948, 39840339.35159991, 39840627.35011068, 39840918.34860594, 39841206.3471167, 39841496.34561713, 39841786.34411757, 39842076.342617996, 39842366.341118425]	1.0	0.02	5.0
2932.89939359893	2.0	trials	4.0	1.0	1.0	1.0	0.0	1.0	True	40.0	0.0	0.005	[39842655.33962402, 39842945.33812445, 39843235.336624876, 39843524.335130475, 39843814.333630905, 39844104.33213133, 39844394.33063176, 39844683.32913736, 39844973.32763779, 39845263.32613821, 39845553.32463865, 39914289.96920402, 39914580.96769928, 39914870.96619971, 39915159.96470531, 39915448.96321091, 39915738.96171134, 39916028.96021177, 39916318.9587122, 39916607.9572178]	1.0	0.02	5.0
2941.5042707034877	2.0	trials	4.0	1.0	1.0	1.0	0.0	1.0	True	40.0	0.0	0.005	[39916897.95571822, 39917187.95421865, 39917476.952724256, 39917765.95122985, 39918055.94973028, 39918345.948230706, 39918635.946731135, 39918924.94523674, 39919214.943737164, 39919503.942242764, 39919793.94074319, 40032896.35589483, 40033185.354400426, 40033475.352900855, 40033765.351401284, 40034053.349912055, 40034344.34840731, 40034633.346912906, 40034922.34541851, 40035212.34391894]	1.0	0.02	5.0
2950.3552137356487	2.0	trials	4.0	1.0	1.0	1.0	0.0	1.0	True	40.0	0.0	0.005	[40035503.3424142, 40035791.34092497, 40036081.33942539, 40036370.337931, 40036660.33643143, 40036950.33493185, 40037240.33343229, 40037529.33193788, 40037818.33044348, 40038108.328943916, 40038399.32743917, 40109840.95801716, 40110129.95652276, 40110419.95502319, 40110708.95352879, 40110999.95202405, 40111288.95052965, 40111577.94903525, 40111867.94753567, 40112156.94604128]	1.0	0.02	5.0
2959.257391702875	2.0	trials	4.0	1.0	1.0	1.0	0.0	1.0	True	40.0	0.0	0.005	[40112446.94454171, 40112736.94304214, 40113027.94153739, 40113315.94004816, 40113605.938548595, 40113895.93704902, 40114185.93554945, 40114474.93405505, 40114765.9325503, 40115053.931061074, 40115342.92956668, 40200189.490828276, 40200479.489328705, 40200768.4878343, 40201058.486334726, 40201347.48484033, 40201638.483335584, 40201928.48183601, 40202217.48034161, 40202506.47884721]	1.0	0.02	5.0
2966.7459001801262	2.0	trials	4.0	1.0	1.0	1.0	0.0	1.0	True	40.0	0.0	0.005	[40202796.47734764, 40203086.47584807, 40203375.47435367, 40203665.4728541, 40203956.47134936, 40204243.4698653, 40204534.46836055, 40204823.46686616, 40205113.46536659, 40205403.463867016, 40205693.462367445, 40316574.889003724, 40316864.88750415, 40317154.88600458, 40317443.88451019, 40317732.88301578, 40318023.88151104, 40318311.88002182, 40318602.87851707, 40318892.8770175]	1.0	0.02	5.0
2974.1015261445054	2.0	trials	4.0	1.0	1.0	1.0	0.0	1.0	True	40.0	0.0	0.005	[40319180.87552827, 40319471.87402353, 40319759.8725343, 40320050.87102955, 40320339.869535156, 40320629.868035585, 40320919.866536014, 40321208.865041606, 40321497.86354721, 40321787.86204764, 40322076.860553235, 40434907.27711136, 40435197.275611795, 40435485.274122566, 40435775.27262299, 40436066.27111825, 40436354.269629024, 40436645.26812428, 40436934.26662988, 40437224.265130304]	1.0	0.02	5.0
2983.556834051522	2.0	trials	4.0	1.0	1.0	1.0	0.0	1.0	True	40.0	0.0	0.005	[40437514.26363074, 40437803.26213633, 40438093.26063676, 40438383.25913719, 40438673.25763762, 40438962.25614323, 40439252.25464365, 40439540.25315442, 40439831.25164968, 40440120.25015528, 40440410.24865571, 40535602.75641881, 40535892.75491923, 40536181.75342483, 40536472.75192009, 40536761.75042569, 40537050.74893129, 40537341.74742654, 40537629.74593732, 40537919.74443775]	1.0	0.02	5.0
2989.2335438975033	2.0	trials	4.0	1.0	1.0	1.0	0.0	1.0	True	40.0	0.0	0.005	[40538209.74293817, 40538499.741438605, 40538788.7399442, 40539078.738444634, 40539367.736950226, 40539658.735445485, 40539947.733951084, 40540237.73245151, 40540526.73095711, 40540816.72945754, 40541105.72796314, 40646644.18222773, 40646933.18073334, 40647223.17923376, 40647513.17773419, 40647803.17623462, 40648091.17474539, 40648380.17325099, 40648670.171751425, 40648961.170246676]	1.0	0.02	5.0
2996.103345174061	2.0	trials	4.0	1.0	1.0	1.0	0.0	1.0	True	40.0	0.0	0.005	[40649250.16875228, 40649539.167257875, 40649829.165758304, 40650119.16425873, 40650409.16275916, 40650698.16126476, 40650987.159770355, 40651278.15826562, 40651568.15676605, 40651857.15527164, 40652146.15377725, 40757480.60909671, 40757769.60760231, 40758059.606102735, 40758348.604608335, 40758638.60310877, 40758928.60160919, 40759217.6001148, 40759507.59861522, 40759797.59711565]	1.0	0.02	5.0
3003.956459765949	2.0	trials	4.0	1.0	1.0	1.0	0.0	1.0	False	0.0	0.0	0.0	[NaN, NaN, NaN, NaN, NaN, NaN, NaN, NaN, NaN, NaN, NaN, NaN, NaN, NaN, NaN, NaN, NaN, NaN, NaN, NaN]	1.0	0.02	5.0
3158.162036775656	2.0	trials	4.0	1.0	1.0	1.0	0.0	1.0	True	40.0	0.0	0.005	[40760087.59561608, 40760375.59412685, 40760665.59262728, 40760955.59112771, 40761245.58962814, 40761534.58813374, 40761825.586628996, 40762115.585129425, 40762402.583645366, 40762693.582140625, 40762983.580641046, 40833931.21377349, 40834220.21227909, 40834509.21078469, 40834800.20927995, 40835090.207780376, 40835379.20628597, 40835669.204786405, 40835958.203292005, 40836248.201792434]	1.0	0.02	5.0
3166.1516626616503	2.0	trials	5.0	0.0	0.0	0.0	0.0	0.0	True	40.0	0.0	0.005	[40836537.200298026, 40836827.198798455, 40837117.197298884, 40837407.19579931, 40837696.19430491, 40837986.19280534, 40838276.19130577, 40838565.18981137, 40838855.1883118, 40839144.1868174, 40839434.18531783, 40905738.842458926, 40906026.8409697, 40906318.839459784, 40906605.83797572, 40906896.83647098, 40907185.834976576, 40907475.833477005, 40907766.831972264, 40908054.830483034]	0.0	0.0	0.0
3171.9438887103024	2.0	trials	5.0	0.0	0.0	0.0	0.0	0.0	True	40.0	0.0	0.005	[40908344.82898346, 40908633.82748906, 40908924.82598432, 40909214.82448475, 40909503.82299034, 40909793.82149077, 40910082.81999638, 40910371.81850197, 40910662.81699724, 40910950.81550801, 40911240.81400843, 41019150.25601274, 41019442.254502825, 41019731.25300842, 41020019.25151919, 41020309.250019625, 41020599.24852005, 41020888.247025646, 41021179.245520905, 41021468.244026504]	0.0	0.0	0.0
3181.649928120797	2.0	trials	5.0	0.0	0.0	0.0	0.0	0.0	True	40.0	0.0	0.005	[41021758.24252694, 41022047.24103253, 41022337.23953296, 41022627.23803339, 41022916.23653899, 41023207.23503425, 41023496.23353985, 41023785.23204545, 41024074.23055105, 41024365.22904631, 41024655.22754674, 41084991.915547974, 41085280.914053574, 41085571.91254883, 41085859.9110596, 41086150.909554854, 41086438.908065625, 41086728.90656606, 41087018.90506648, 41087307.90357209]	0.0	0.0	0.0
3189.259568771678	2.0	trials	5.0	0.0	0.0	0.0	0.0	0.0	True	40.0	0.0	0.005	[41087597.90207252, 41087887.90057294, 41088177.89907338, 41088466.89757897, 41088755.89608457, 41089046.89457983, 41089336.89308026, 41089625.891585864, 41089915.890086286, 41090204.888591886, 41090493.887097485, 41402422.274127446, 41402711.27263304, 41403001.27113347, 41403291.2696339, 41403580.268139504, 41403870.266639926, 41404160.26514036, 41404449.263645954, 41404740.26214121]	0.0	0.0	0.0
3198.7917722810707	2.0	trials	5.0	0.0	0.0	0.0	0.0	0.0	True	40.0	0.0	0.005	[41405028.26065198, 41405318.25915241, 41405607.25765801, 41405898.25615327, 41406186.25466404, 41406477.25315929, 41406767.25165973, 41407057.25016015, 41407346.24866575, 41407635.24717136, 41407925.24567178, 41489755.82252892, 41490046.82102419, 41490336.81952461, 41490625.818030216, 41490915.81653064, 41491205.81503107, 41491494.813536674, 41491783.812042266, 41492074.810537525]	0.0	0.0	0.0
3205.1763536666795	2.0	trials	5.0	0.0	0.0	0.0	0.0	0.0	True	40.0	0.0	0.005	[41492363.809043124, 41492653.80754355, 41492942.80604915, 41493232.80454958, 41493522.80305001, 41493811.80155561, 41494101.80005603, 41494391.79855646, 41494680.79706207, 41494969.79556767, 41495259.79406809, 41614273.17865433, 41614562.17715993, 41614852.17566036, 41615142.17416078, 41615432.172661215, 41615722.17116164, 41616011.169667244, 41616300.168172844, 41616589.166678436]	0.0	0.0	0.0
3211.531904802402	2.0	trials	5.0	0.0	0.0	0.0	0.0	0.0	True	40.0	0.0	0.005	[41616880.165173694, 41617169.163679294, 41617459.16217972, 41617748.16068533, 41618038.15918575, 41618328.15768618, 41618618.15618661, 41618907.1546922, 41619196.15319781, 41619487.15169307, 41619776.15019867, 41702884.72044735, 41703175.71894261, 41703463.71745338, 41703752.715958975, 41704043.71445424, 41704333.71295466, 41704623.7114551, 41704912.70996069, 41705202.70846112]	0.0	0.0	0.0
3221.315876609912	2.0	trials	5.0	0.0	0.0	0.0	0.0	0.0	True	40.0	0.0	0.005	[41705491.70696673, 41705780.70547232, 41706070.70397275, 41706360.70247318, 41706650.70097361, 41706939.69947921, 41707229.69797964, 41707519.696480066, 41707808.69498566, 41708097.693491265, 41708388.691986516, 41783020.30606923, 41783310.30456966, 41783599.30307526, 41783889.30157568, 41784179.30007612, 41784468.29858172, 41784758.29708214, 41785048.29558258, 41785337.29408817]	0.0	0.0	0.0
3227.9698518024975	2.0	trials	5.0	0.0	0.0	0.0	0.0	0.0	True	40.0	0.0	0.005	[41785627.2925886, 41785916.291094206, 41786206.28959463, 41786497.28808989, 41786787.286590315, 41787075.285101086, 41787365.283601515, 41787654.282107115, 41787944.280607544, 41788233.27911314, 41788523.27761357, 41909209.65354883, 41909499.65204926, 41909788.65055486, 41910079.64905011, 41910368.64755572, 41910658.646056145, 41910948.644556575, 41911237.643062174, 41911527.641562596]	0.0	0.0	0.0
3235.7700898678077	2.0	trials	5.0	0.0	0.0	0.0	0.0	0.0	True	40.0	0.0	0.005	[41911817.640063025, 41912106.63856863, 41912395.637074225, 41912685.635574654, 41912975.63407508, 41913265.63257551, 41913554.63108112, 41913843.62958671, 41914134.62808197, 41914423.62658757, 41914712.62509317, 42012672.11854829, 42012961.11705388, 42013251.11555431, 42013541.11405474, 42013831.11255517, 42014120.11106077, 42014409.10956637, 42014699.1080668, 42014990.106562056]	0.0	0.0	0.0
3243.467512464772	2.0	trials	5.0	0.0	0.0	0.0	0.0	0.0	True	40.0	0.0	0.005	[42015279.105067655, 42015568.103573255, 42015858.102073684, 42016147.100579284, 42016437.099079706, 42016727.09758014, 42017016.09608574, 42017306.094586164, 42017595.09309177, 42017886.09158702, 42018175.09009262, 42116153.5834495, 42116443.58194992, 42116732.58045552, 42117022.578955956, 42117312.57745638, 42117602.575956814, 42117892.574457236, 42118181.572962835, 42118471.571463265]	0.0	0.0	0.0
3250.9615505134293	2.0	trials	5.0	0.0	0.0	0.0	0.0	0.0	True	40.0	0.0	0.005	[42118760.569968864, 42119050.56846929, 42119339.56697489, 42119629.56547532, 42119919.56397575, 42120208.56248135, 42120498.56098178, 42120788.55948221, 42121077.5579878, 42121367.55648823, 42121657.55498866, 42242394.9306602, 42242683.929165795, 42242973.92766623, 42243262.92617183, 42243552.92467225, 42243842.92317269, 42244132.92167311, 42244421.92017872, 42244711.91867914]	0.0	0.0	0.0
3260.6223165580304	2.0	trials	5.0	0.0	0.0	0.0	0.0	0.0	True	40.0	0.0	0.005	[42245001.91717957, 42245291.91568, 42245579.91419077, 42245869.9126912, 42246159.91119163, 42246449.90969206, 42246739.908192486, 42247028.906698085, 42247317.905203685, 42247607.903704114, 42247897.90220454, 42317601.541769624, 42317890.54027522, 42318180.53877565, 42318469.537281245, 42318759.53578168, 42319049.5342821, 42319337.53279287, 42319627.53129331, 42319917.52979373]	0.0	0.0	0.0
3267.2755141546368	2.0	trials	5.0	0.0	0.0	0.0	0.0	0.0	True	40.0	0.0	0.005	[42320208.528289, 42320496.52679977, 42320787.52529502, 42321076.52380063, 42321366.52230105, 42321656.52080148, 42321945.51930708, 42322235.517807506, 42322524.516313106, 42322814.514813535, 42323104.513313964, 42417952.02286103, 42418240.021371804, 42418530.01987223, 42418820.01837266, 42419110.01687309, 42419400.01537352, 42419689.01387912, 42419979.01237954, 42420269.01087997]	0.0	0.0	0.0
3277.0801354553687	2.0	trials	5.0	0.0	0.0	0.0	0.0	0.0	True	40.0	0.0	0.005	[42420558.00938558, 42420848.007886, 42421137.0063916, 42421427.00489203, 42421716.00339763, 42422006.001898065, 42422297.000393316, 42422585.998898916, 42422874.997404516, 42423164.995904945, 42423453.994410545, 42487335.66408081, 42487624.66258641, 42487914.66108684, 42488203.659592435, 42488492.65809804, 42488783.65659329, 42489073.65509373, 42489362.65359933, 42489652.65209975]	0.0	0.0	0.0
3282.575492639118	2.0	trials	5.0	0.0	0.0	0.0	0.0	0.0	True	40.0	0.0	0.005	[42489941.65060536, 42490231.64910578, 42490520.64761138, 42490809.64611698, 42491100.64461224, 42491390.643112674, 42491680.641613096, 42491969.640118696, 42492259.638619125, 42492548.637124725, 42492838.635625154, 42607462.04291179, 42607752.04141223, 42608042.03991265, 42608332.038413085, 42608621.036918685, 42608911.03541911, 42609201.03391954, 42609489.03243031, 42609780.030925564]	0.0	0.0	0.0
3292.265202534051	2.0	trials	5.0	0.0	0.0	0.0	0.0	0.0	True	40.0	0.0	0.005	[42610070.02942599, 42610359.02793159, 42610648.02643719, 42610938.02493762, 42611228.02343805, 42611517.02194365, 42611807.02044408, 42612097.01894451, 42612386.0174501, 42612676.01595054, 42612966.01445096, 42703720.54516268, 42704010.54366311, 42704298.54217388, 42704589.54066913, 42704879.53916956, 42705168.53767516, 42705458.53617559, 42705748.534676015, 42706037.533181615]	0.0	0.0	0.0
3302.075439805743	2.0	trials	5.0	0.0	0.0	0.0	0.0	0.0	True	40.0	0.0	0.005	[42706326.531687215, 42706616.530187644, 42706906.52868807, 42707195.527193666, 42707485.5256941, 42707775.52419452, 42708064.52270013, 42708354.52120056, 42708644.51970098, 42708934.51820142, 42709223.51670701, 42808023.005818546, 42808313.00431897, 42808602.002824575, 42808892.001325004, 42809181.99982543, 42809470.99833103, 42809760.996831454, 42810050.99533189, 42810339.99383749]	0.0	0.0	0.0
3307.601728029549	2.0	trials	5.0	0.0	0.0	0.0	0.0	0.0	True	40.0	0.0	0.005	[42810629.99233791, 42810918.99084351, 42811208.98934394, 42811498.98784437, 42811787.98634998, 42812076.98485557, 42812366.983356, 42812657.98185126, 42812946.98035686, 42813235.97886246, 42813524.97736805, 42889618.583890855, 42889907.582396455, 42890198.58089171, 42890488.57939214, 42890777.57789775, 42891067.57639817, 42891357.5748986, 42891647.57339903, 42891935.5719098]	0.0	0.0	0.0
3317.8740301119233	2.0	trials	5.0	0.0	0.0	0.0	0.0	0.0	True	40.0	0.0	0.005	[42892226.57040506, 42892515.56891066, 42892805.56741109, 42893094.56591668, 42893384.56441712, 42893674.56291754, 42893963.56142314, 42894253.559923574, 42894543.558423996, 42894832.556929596, 42895122.555430025, 43001628.00469433, 43001917.00319993, 43002207.00170036, 43002497.000200786, 43002785.998706385, 43003075.99720681, 43003365.995707236, 43003654.99421284, 43003944.992713265]	0.0	0.0	0.0
3325.0375034699164	2.0	trials	5.0	0.0	0.0	0.0	0.0	0.0	True	40.0	0.0	0.005	[43004233.991218865, 43004522.989724465, 43004813.98821972, 43005102.98672533, 43005392.98522575, 43005681.98373135, 43005971.98223178, 43006261.98073221, 43006550.97923781, 43006840.97773824, 43007130.97623867, 43086012.5683449, 43086302.56684533, 43086591.56535093, 43086880.56385653, 43087170.56235696, 43087460.560857385, 43087749.55936298, 43088039.55786341, 43088329.556363836]	0.0	0.0	0.0
3332.382415889696	2.0	trials	5.0	0.0	0.0	0.0	0.0	0.0	True	40.0	0.0	0.005	[43088618.55486944, 43088908.55336987, 43089197.551875465, 43089487.55037589, 43089777.54887632, 43090067.54737675, 43090356.54588235, 43090646.54438278, 43090935.54288838, 43091225.5413888, 43091514.53989441, 43160589.182712, 43160880.18120727, 43161169.17971286, 43161458.17821847, 43161748.1767189, 43162038.17521932, 43162327.17372493, 43162617.17222535, 43162907.17072578]	0.0	0.0	0.0
3339.1795551419864	2.0	trials	5.0	0.0	0.0	0.0	0.0	0.0	True	40.0	0.0	0.005	[43163197.16922621, 43163486.16773181, 43163776.16623224, 43164065.164737836, 43164355.163238265, 43164644.161743864, 43164934.16024429, 43165224.15874472, 43165514.15724515, 43165803.15575075, 43166093.15425117, 43269761.61818542, 43270051.616685845, 43270340.61519145, 43270630.61369188, 43270920.61219231, 43271210.61069274, 43271499.60919833, 43271789.60769876, 43272078.60620437]	0.0	0.0	0.0
3345.827914363612	2.0	trials	5.0	0.0	0.0	0.0	0.0	0.0	True	40.0	0.0	0.005	[43272368.60470479, 43272657.60321039, 43272947.60171082, 43273237.60021125, 43273526.598716855, 43273816.59721728, 43274106.595717706, 43274396.594218135, 43274685.592723735, 43274975.591224164, 43275264.58972976, 43382327.03611385, 43382617.03461427, 43382906.03311988, 43383195.03162548, 43383486.03012074, 43383775.02862634, 43384064.02713194, 43384355.02562719, 43384644.024132796]	0.0	0.0	0.0
3352.3137560256077	2.0	trials	5.0	0.0	0.0	0.0	0.0	0.0	True	40.0	0.0	0.005	[43384933.02263839, 43385224.021133654, 43385513.019639246, 43385803.018139675, 43386091.016650446, 43386382.015145704, 43386672.01364613, 43386961.01215173, 43387251.01065216, 43387540.00915776, 43387831.00765302, 43491700.47054791, 43491989.4690535, 43492279.467553936, 43492569.46605436, 43492858.46455996, 43493149.463055216, 43493438.461560816, 43493728.46006125, 43494017.458566844]	0.0	0.0	0.0
3359.064325918706	2.0	trials	5.0	0.0	0.0	0.0	0.0	0.0	True	40.0	0.0	0.005	[43494306.457072444, 43494597.4555677, 43494885.45407847, 43495176.45257373, 43495464.4510845, 43495755.44957976, 43496044.44808536, 43496335.44658062, 43496624.44508622, 43496914.44358665, 43497203.44209225, 43589057.967115924, 43589346.96562152, 43589636.96412195, 43589926.96262238, 43590215.96112798, 43590505.9596284, 43590794.95813401, 43591084.95663443, 43591373.95514004]	0.0	0.0	0.0
3369.713589251831	2.0	trials	5.0	0.0	0.0	0.0	0.0	0.0	True	40.0	0.0	0.005	[43591664.9536353, 43591953.95214089, 43592242.95064649, 43592532.94914692, 43592822.94764735, 43593112.946147785, 43593401.94465338, 43593691.943153806, 43593981.941654235, 43594271.940154664, 43594560.93866026, 43714198.320019834, 43714488.31852026, 43714776.31703103, 43715066.31553146, 43715357.31402671, 43715646.31253232, 43715936.31103275, 43716225.30953834, 43716514.30804394]	0.0	0.0	0.0
3377.808017795895	2.0	trials	5.0	0.0	0.0	0.0	0.0	0.0	True	40.0	0.0	0.005	[43716805.3065392, 43717095.30503963, 43717383.3035504, 43717673.30205083, 43717963.30055126, 43718253.29905169, 43718542.29755729, 43718831.29606289, 43719121.294563316, 43719411.29306374, 43719700.291569345, 43809892.82518712, 43810181.82369272, 43810471.822193146, 43810761.82069357, 43811050.819199175, 43811340.817699604, 43811630.81620003, 43811919.81470563, 43812209.813206054]	0.0	0.0	0.0
3385.187490036967	2.0	trials	5.0	0.0	0.0	0.0	0.0	0.0	True	40.0	0.0	0.005	[43812499.81170649, 43812788.81021209, 43813078.80871251, 43813368.80721295, 43813657.80571854, 43813946.80422414, 43814236.80272458, 43814526.801225, 43814816.799725436, 43815105.79823103, 43815395.79673146, 43904708.33489966, 43904998.333400086, 43905287.33190569, 43905578.330400944, 43905866.328911714, 43906156.32741214, 43906446.32591257, 43906736.324413, 43907026.32291343]	0.0	0.0	0.0
3393.083804405471	2.0	trials	5.0	0.0	0.0	0.0	0.0	0.0	True	40.0	0.0	0.005	[43907315.32141903, 43907605.31991946, 43907894.31842506, 43908184.31692548, 43908474.31542591, 43908764.31392634, 43909052.31243711, 43909342.31093754, 43909632.30943797, 43909921.30794357, 43910211.306444004, 44026980.70263381, 44027269.70113941, 44027558.69964501, 44027848.698145434, 44028138.69664586, 44028427.69515147, 44028717.6936519, 44029007.69215233, 44029296.69065792]	0.0	0.0	0.0
3401.249598980504	2.0	trials	5.0	0.0	0.0	0.0	0.0	0.0	True	40.0	0.0	0.005	[44029586.68915835, 44029875.68766396, 44030165.68616438, 44030455.68466481, 44030745.68316524, 44031034.68167084, 44031324.680171266, 44031613.678676866, 44031904.677172124, 44032193.675677724, 44032483.67417815, 44145102.09183252, 44145391.09033812, 44145680.08884371, 44145970.08734415, 44146259.08584975, 44146550.084345, 44146839.082850605, 44147128.0813562, 44147419.07985146]	0.0	0.0	0.0
3408.9234344994366	2.0	trials	5.0	0.0	0.0	0.0	0.0	0.0	True	40.0	0.0	0.005	[44147707.078362234, 44147997.076862656, 44148288.075357914, 44148576.073868684, 44148866.07236911, 44149156.07086954, 44149446.06936997, 44149735.06787557, 44150025.066376, 44150315.06487643, 44150604.06338203, 44230305.6512481, 44230595.64974852, 44230885.64824895, 44231174.646754555, 44231464.64525498, 44231753.64376058, 44232042.642266184, 44232333.640761435, 44232622.63926704]	0.0	0.0	0.0
3417.911925620342	2.0	trials	5.0	0.0	0.0	0.0	0.0	0.0	True	40.0	0.0	0.005	[44232912.637767464, 44233202.63626789, 44233492.63476832, 44233781.63327392, 44234070.63177952, 44234360.63027995, 44234650.62878038, 44234939.62728597, 44235229.6257864, 44235519.62428683, 44235807.6227976, 44312737.224997506, 44313026.223503105, 44313317.22199836, 44313607.22049879, 44313895.21900956, 44314184.217515156, 44314474.216015585, 44314765.21451084, 44315054.21301644]	0.0	0.0	0.0
3423.809472724384	2.0	trials	5.0	0.0	0.0	0.0	0.0	0.0	True	40.0	0.0	0.005	[44315343.21152205, 44315633.21002247, 44315923.2085229, 44316212.2070285, 44316502.20552893, 44316792.20402936, 44317081.20253496, 44317372.20103022, 44317661.19953582, 44317951.198036246, 44318241.196536675, 44426140.63859269, 44426429.63709829, 44426719.63559871, 44427009.63409915, 44427298.63260474, 44427587.63111034, 44427877.62961078, 44428167.6281112, 44428457.626611635]	0.0	0.0	0.0
3433.0852423597844	2.0	trials	5.0	0.0	0.0	0.0	0.0	0.0	True	40.0	0.0	0.005	[44428746.62511723, 44429037.623612486, 44429325.62212326, 44429615.620623685, 44429904.619129285, 44430195.61762454, 44430484.61613014, 44430774.614630565, 44431064.613130994, 44431352.61164177, 44431644.61013185, 44543708.0306561, 44543998.02915652, 44544287.02766212, 44544578.02615738, 44544867.02466298, 44545156.02316858, 44545446.02166901, 44545736.02016944, 44546025.01867503]	0.0	0.0	0.0
3441.479390954009	2.0	trials	5.0	0.0	0.0	0.0	0.0	0.0	True	40.0	0.0	0.005	[44546314.01718064, 44546605.01567589, 44546894.014181495, 44547184.012681924, 44547473.011187516, 44547763.009687945, 44548053.008188374, 44548342.006693974, 44548632.00519441, 44548922.00369483, 44549211.00220043, 44635054.55830661, 44635344.55680704, 44635634.55530747, 44635924.55380789, 44636213.55231349, 44636503.55081392, 44636792.54931952, 44637082.54781995, 44637372.54632038]	0.0	0.0	0.0
3447.8938665850364	2.0	trials	5.0	0.0	0.0	0.0	0.0	0.0	True	40.0	0.0	0.005	[44637661.54482598, 44637951.54332641, 44638240.54183201, 44638530.54033244, 44638820.538832866, 44639110.537333295, 44639399.53583889, 44639689.53433932, 44639979.532839745, 44640268.531345345, 44640557.52985095, 44719475.12177102, 44719764.12027663, 44720054.11877705, 44720343.11728265, 44720632.11578825, 44720922.11428868, 44721211.11279428, 44721502.11128954, 44721792.10978997]	0.0	0.0	0.0
3458.1412855960803	2.0	trials	5.0	0.0	0.0	0.0	0.0	0.0	True	40.0	0.0	0.005	[44722081.10829557, 44722371.106796, 44722660.105301596, 44722950.103802025, 44723239.102307625, 44723529.100808054, 44723819.09930848, 44724109.09780891, 44724398.096314505, 44724689.09480977, 44724977.09332054, 44812183.642378725, 44812472.64088433, 44812762.63938476, 44813051.637890354, 44813341.63639078, 44813630.63489639, 44813920.63339681, 44814210.63189725, 44814500.63039767]	0.0	0.0	0.0
3464.7893856190467	2.0	trials	5.0	0.0	0.0	0.0	0.0	0.0	True	40.0	0.0	0.005	[44814789.62890327, 44815079.6274037, 44815368.6259093, 44815659.62440456, 44815948.62291016, 44816237.62141576, 44816527.61991618, 44816817.618416615, 44817106.616922215, 44817397.61541747, 44817686.61392307, 44878630.29878555, 44878919.29729115, 44879209.295791574, 44879500.29428684, 44879789.29279243, 44880079.29129286, 44880369.28979329, 44880658.28829889, 44880947.28680449]	0.0	0.0	0.0
3472.5955852535294	2.0	trials	5.0	0.0	0.0	0.0	0.0	0.0	True	40.0	0.0	0.005	[44881237.28530492, 44881527.28380535, 44881817.28230578, 44882107.280806206, 44882396.279311806, 44882686.277812235, 44882975.276317835, 44883265.274818264, 44883554.273323864, 44883844.27182429, 44884133.27032989, 44974483.803130664, 44974773.801631086, 44975063.80013152, 44975353.798631944, 44975642.79713754, 44975931.79564314, 44976222.7941384, 44976511.792644, 44976801.79114443]	0.0	0.0	0.0
3482.6511972564	2.0	trials	5.0	0.0	0.0	0.0	0.0	0.0	True	40.0	0.0	0.005	[44977090.78965003, 44977380.78815046, 44977670.78665088, 44977959.78515649, 44978249.78365692, 44978539.78215735, 44978828.78066294, 44979118.77916337, 44979407.77766897, 44979697.776169404, 44979988.774664655, 45039476.46705602, 45039766.46555645, 45040055.46406205, 45040346.4625573, 45040635.46106291, 45040925.45956333, 45041213.4580741, 45041504.456569366, 45041793.45507496]	0.0	0.0	0.0
3492.875115588966	2.0	trials	5.0	0.0	0.0	0.0	0.0	0.0	True	40.0	0.0	0.005	[45042083.45357539, 45042372.452080995, 45042662.45058142, 45042952.449081846, 45043241.447587445, 45043531.446087874, 45043820.444593474, 45044111.44308873, 45044400.44159433, 45044689.440099925, 45044980.43859519, 45120725.046922654, 45121013.04543342, 45121304.043928675, 45121593.042434275, 45121883.040934704, 45122173.03943513, 45122462.037940726, 45122752.03644116, 45123042.034941584]	0.0	0.0	0.0
3501.575291400736	2.0	trials	5.0	0.0	0.0	0.0	0.0	0.0	True	40.0	0.0	0.005	[45123331.03344719, 45123621.03194762, 45123910.03045321, 45124199.02895881, 45124490.02745407, 45124779.02595967, 45125069.02446011, 45125359.02296053, 45125648.02146613, 45125939.01996139, 45126228.01846699, 45190890.68409876, 45191180.68259919, 45191470.681099616, 45191759.679605216, 45192049.67810564, 45192339.676606074, 45192628.675111674, 45192917.673617266, 45193207.6721177]	0.0	0.0	0.0
3511.1691841911374	2.0	trials	5.0	0.0	0.0	0.0	0.0	0.0	True	40.0	0.0	0.005	[45193497.670618124, 45193786.669123724, 45194076.66762416, 45194366.66612458, 45194656.66462502, 45194946.66312544, 45195234.66163621, 45195524.66013665, 45195814.65863707, 45196104.6571375, 45196393.6556431, 45297852.13100511, 45298142.12950554, 45298431.12801114, 45298722.126506396, 45299011.125011995, 45299301.123512425, 45299591.12201285, 45299880.12051845, 45300170.11901888]	0.0	0.0	0.0
3520.745451472678	2.0	trials	5.0	0.0	0.0	0.0	0.0	0.0	True	40.0	0.0	0.005	[45300458.117529646, 45300749.11602491, 45301038.114530504, 45301327.11303611, 45301617.11153654, 45301907.11003696, 45302197.1085374, 45302486.10704299, 45302776.10554342, 45303065.10404903, 45303355.10254945, 45392735.640366025, 45393026.63886128, 45393315.63736688, 45393605.635867305, 45393894.63437291, 45394183.63287851, 45394473.631378934, 45394763.62987936, 45395053.62837979]	0.0	0.0	0.0
3527.3507837167936	2.0	trials	5.0	0.0	0.0	0.0	0.0	0.0	True	40.0	0.0	0.005	[45395343.62688022, 45395632.62538583, 45395922.62388625, 45396211.62239185, 45396501.62089228, 45396791.61939271, 45397080.61789831, 45397370.61639874, 45397660.614899166, 45397949.613404766, 45398239.61190519, 45459264.29634883, 45459554.29484926, 45459843.293354854, 45460132.29186046, 45460422.29036089, 45460712.28886131, 45461002.28736175, 45461291.28586734, 45461581.28436777]	0.0	0.0	0.0
3533.5549628352546	2.0	trials	5.0	0.0	0.0	0.0	0.0	0.0	True	40.0	0.0	0.005	[45461870.28287338, 45462161.28136863, 45462450.27987423, 45462739.27837983, 45463029.27688026, 45463319.275380686, 45463609.27388111, 45463898.272386715, 45464188.270887144, 45464478.26938757, 45464767.26789317, 45525378.9544724, 45525668.95297282, 45525958.95147326, 45526248.94997368, 45526537.94847929, 45526827.94697972, 45527116.94548531, 45527406.943985745, 45527696.94248617]	0.0	0.0	0.0
3543.3538817654735	2.0	trials	5.0	0.0	0.0	0.0	0.0	0.0	True	40.0	0.0	0.005	[45527985.94099177, 45528274.93949737, 45528564.937997796, 45528854.936498225, 45529144.934998654, 45529433.93350425, 45529723.93200469, 45530013.93050511, 45530303.92900554, 45530592.92751114, 45530881.92601674, 45644543.33827782, 45644832.336783424, 45645122.335283846, 45645411.333789445, 45645700.332295045, 45645991.3307903, 45646280.3292959, 45646570.32779633, 45646860.32629676]	0.0	0.0	0.0
3549.042428350248	2.0	trials	5.0	0.0	0.0	0.0	0.0	0.0	True	40.0	0.0	0.005	[45647149.32480237, 45647439.32330279, 45647729.32180322, 45648019.32030365, 45648308.31880925, 45648597.31731485, 45648887.31581528, 45649177.31431571, 45649467.312816136, 45649756.311321735, 45650046.30982216, 45768087.69943454, 45768376.69794014, 45768666.69644057, 45768957.69493583, 45769245.6934466, 45769535.69194703, 45769824.69045263, 45770115.688947886, 45770404.68745348]	0.0	0.0	0.0
3655.5399000564803	2.0	trials	5.0	0.0	0.0	0.0	0.0	0.0	True	40.0	0.0	0.005	[45770694.685953915, 45770984.68445434, 45771273.682959944, 45771562.68146554, 45771852.679965965, 45772142.678466395, 45772431.676972, 45772722.67546725, 45773011.67397286, 45773301.67247328, 45773590.67097888, 45883573.10226384, 45883863.10076427, 45884152.09926987, 45884443.097765125, 45884732.09627072, 45885022.09477115, 45885311.093276754, 45885601.09177718, 45885890.090282775]	0.0	0.0	0.0
3664.2101816228333	2.0	trials	6.0	0.0	0.0	0.0	0.0	0.0	True	40.0	0.0	0.005	[45886179.088788375, 45886469.08728881, 45886759.08578923, 45887049.08428967, 45887339.08279009, 45887628.08129569, 45887918.07979612, 45888207.07830172, 45888497.07680215, 45888787.07530258, 45889076.07380818, 46010651.44514647, 46010940.44365207, 46011230.4421525, 46011520.44065293, 46011810.43915336, 46012099.43765896, 46012388.43616456, 46012678.43466498, 46012968.433165416]	0.0	0.0	0.0
3670.2049282242606	2.0	trials	6.0	0.0	0.0	0.0	0.0	0.0	True	40.0	0.0	0.005	[46013258.43166584, 46013548.430166274, 46013837.42867187, 46014126.42717747, 46014416.4256779, 46014705.424183495, 46014996.42267876, 46015284.421189524, 46015575.41968478, 46015865.41818522, 46016154.41669081, 46089123.03937279, 46089412.037878394, 46089702.036378816, 46089991.034884416, 46090282.033379674, 46090572.0318801, 46090860.03039087, 46091151.028886124, 46091441.02738656]	0.0	0.0	0.0
3680.5839337548773	2.0	trials	6.0	0.0	0.0	0.0	0.0	0.0	True	40.0	0.0	0.005	[46091729.025897324, 46092019.02439775, 46092309.02289818, 46092598.02140379, 46092889.01989904, 46093178.01840465, 46093467.01691024, 46093757.01541067, 46094047.0139111, 46094336.0124167, 46094626.01091713, 46215302.3869041, 46215593.38539935, 46215882.38390495, 46216171.382410556, 46216461.38091098, 46216751.379411414, 46217041.377911836, 46217330.376417436, 46217619.374923036]	0.0	0.0	0.0
3688.9005819498534	2.0	trials	6.0	0.0	0.0	0.0	0.0	0.0	True	40.0	0.0	0.005	[46217909.373423465, 46218198.371929064, 46218488.370429486, 46218779.36892475, 46219068.367430344, 46219357.36593595, 46219648.3644312, 46219937.36293681, 46220226.36144241, 46220516.35994283, 46220805.35844843, 46547579.66871068, 46547869.66721111, 46548158.6657167, 46548448.66421713, 46548737.66272274, 46549027.66122316, 46549316.65972876, 46549606.65822919, 46549896.656729616]	0.0	0.0	0.0
3697.912314550578	2.0	trials	6.0	0.0	0.0	0.0	0.0	0.0	True	40.0	0.0	0.005	[46550186.655230045, 46550475.653735645, 46550765.652236074, 46551055.6507365, 46551345.64923693, 46551634.64774253, 46551923.64624813, 46552213.64474856, 46552502.64325416, 46552792.64175458, 46553082.64025501, 46614588.32221143, 46614877.32071703, 46615167.31921746, 46615456.31772306, 46615746.31622349, 46616036.31472392, 46616325.313229516, 46616615.31172994, 46616904.310235545]	0.0	0.0	0.0
3704.962258895624	2.0	trials	6.0	0.0	0.0	0.0	0.0	0.0	True	40.0	0.0	0.005	[46617194.308735974, 46617484.3072364, 46617774.30573683, 46618064.304237254, 46618352.30274803, 46618643.30124328, 46618932.29974888, 46619221.29825448, 46619511.29675491, 46619801.29525534, 46620091.29375577, 46725771.747286096, 46726060.74579169, 46726350.74429212, 46726639.74279772, 46726929.741298154, 46727219.739798576, 46727508.738304175, 46727798.736804605, 46728087.735310204]	0.0	0.0	0.0
3714.639786453552	2.0	trials	6.0	0.0	0.0	0.0	0.0	0.0	True	40.0	0.0	0.005	[46728378.73380546, 46728666.73231623, 46728957.73081149, 46729247.72931192, 46729536.72781751, 46729825.72632312, 46730115.72482355, 46730405.72332398, 46730694.72182957, 46730984.72033, 46731273.71883561, 46822305.248114966, 46822594.24662056, 46822884.24512099, 46823173.243626595, 46823464.242121845, 46823753.24062745, 46824043.239127874, 46824332.237633474, 46824622.2361339]	0.0	0.0	0.0
3721.930612753009	2.0	trials	6.0	0.0	0.0	0.0	0.0	0.0	True	40.0	0.0	0.005	[46824911.2346395, 46825202.23313476, 46825491.23164036, 46825780.23014596, 46826071.22864122, 46826360.22714682, 46826649.22565242, 46826939.22415285, 46827229.22265328, 46827519.2211537, 46827809.219654135, 46904101.82514791, 46904390.82365351, 46904680.82215395, 46904969.82065954, 46905259.81915998, 46905549.8176604, 46905838.816166, 46906128.814666435, 46906418.81316686]	0.0	0.0	0.0
3728.3741186339216	2.0	trials	6.0	0.0	0.0	0.0	0.0	0.0	True	40.0	0.0	0.005	[46906707.81167246, 46906996.810178064, 46907286.808678485, 46907577.807173744, 46907866.80567934, 46908155.80418494, 46908446.8026802, 46908735.8011858, 46909024.7996914, 46909314.79819183, 46909603.79669743, 47023717.20662125, 47024008.2051165, 47024297.2036221, 47024587.20212253, 47024877.20062296, 47025166.19912856, 47025455.19763416, 47025746.19612941, 47026035.19463502]	0.0	0.0	0.0
3737.806617058885	2.0	trials	6.0	0.0	0.0	0.0	0.0	0.0	True	40.0	0.0	0.005	[47026325.19313545, 47026614.19164104, 47026903.19014665, 47027193.18864708, 47027482.18715267, 47027772.185653105, 47028062.18415353, 47028352.18265396, 47028641.18115956, 47028931.179659985, 47029220.178165585, 47094033.84301654, 47094323.84151698, 47094612.84002257, 47094902.838523, 47095191.8370286, 47095481.83552903, 47095771.83402946, 47096060.83253506, 47096350.83103549]	0.0	0.0	0.0
3747.5321827684093	2.0	trials	6.0	0.0	0.0	0.0	0.0	0.0	True	40.0	0.0	0.005	[47096639.82954109, 47096928.82804668, 47097219.826541945, 47097509.825042374, 47097798.823547974, 47098087.822053574, 47098378.820548825, 47098668.819049254, 47098957.817554854, 47099247.81605529, 47099535.81456606, 47157943.51254203, 47158234.51103729, 47158523.50954289, 47158813.50804331, 47159102.50654892, 47159393.50504417, 47159682.50354978, 47159971.50205538, 47160260.50056098]	0.0	0.0	0.0
3756.9821339031255	2.0	trials	6.0	0.0	0.0	0.0	0.0	0.0	True	40.0	0.0	0.005	[47160550.4990614, 47160840.497561835, 47161130.49606226, 47161420.49456269, 47161709.493068285, 47161999.491568714, 47162289.49006914, 47162578.48857474, 47162867.48708034, 47163157.48558077, 47163446.48408637, 47230421.13776294, 47230710.136268534, 47231000.13476896, 47231289.13327457, 47231580.13176982, 47231870.13027025, 47232158.12878102, 47232448.12728145, 47232738.12578188]	0.0	0.0	0.0
3765.3937352071034	2.0	trials	6.0	0.0	0.0	0.0	0.0	0.0	True	40.0	0.0	0.005	[47233028.12428231, 47233317.12278791, 47233607.12128834, 47233896.11979394, 47234186.11829436, 47234475.116799966, 47234766.11529522, 47235055.113800816, 47235344.112306416, 47235635.110801674, 47235924.109307274, 47295490.80129013, 47295779.79979574, 47296070.79829099, 47296359.7967966, 47296648.79530219, 47296938.79380262, 47297228.79230305, 47297517.790808655, 47297808.789303906]	0.0	0.0	0.0
3776.2058616980707	2.0	trials	6.0	0.0	0.0	0.0	0.0	0.0	True	40.0	0.0	0.005	[47298097.787809506, 47298387.786309935, 47298676.784815535, 47298965.783321135, 47299255.781821564, 47299545.78032199, 47299835.77882242, 47300125.77732285, 47300414.77582845, 47300703.77433405, 47300993.77283448, 47367572.42855873, 47367862.42705916, 47368152.42555959, 47368442.42406002, 47368731.422565624, 47369020.42107122, 47369311.419566475, 47369600.418072075, 47369890.416572504]	0.0	0.0	0.0
3784.473866944577	2.0	trials	6.0	0.0	0.0	0.0	0.0	0.0	True	40.0	0.0	0.005	[47370179.4150781, 47370469.41357853, 47370759.41207896, 47371048.410584554, 47371338.40908499, 47371628.40758541, 47371918.40608585, 47372207.40459145, 47372496.40309704, 47372786.40159748, 47373076.4000979, 47474516.87555299, 47474806.874053426, 47475096.872553855, 47475386.871054284, 47475675.869559884, 47475964.86806548, 47476255.866560735, 47476544.86506633, 47476833.86357193]	0.0	0.0	0.0
3792.6660133833457	2.0	trials	6.0	0.0	0.0	0.0	0.0	0.0	True	40.0	0.0	0.005	[47477123.862072356, 47477413.860572785, 47477702.85907839, 47477992.85757883, 47478282.85607925, 47478572.85457968, 47478861.85308527, 47479151.85158571, 47479441.85008614, 47479730.84859173, 47480019.84709733, 47553761.46578218, 47554049.46429295, 47554340.4627882, 47554629.4612938, 47554919.45979423, 47555208.45829983, 47555499.45679508, 47555788.45530068, 47556077.45380629]	0.0	0.0	0.0
3803.2302595560905	2.0	trials	6.0	0.0	0.0	0.0	0.0	0.0	True	40.0	0.0	0.005	[47556367.45230672, 47556657.45080715, 47556947.44930758, 47557236.447813176, 47557526.4463136, 47557815.444819205, 47558106.44331446, 47558394.44182522, 47558685.440320484, 47558974.438826084, 47559264.43732651, 47618126.13295489, 47618416.13145532, 47618705.12996092, 47618994.12846651, 47619285.12696177, 47619574.12546736, 47619864.1239678, 47620153.12247339, 47620443.12097382]	0.0	0.0	0.0
3813.4358611833713	2.0	trials	6.0	0.0	0.0	0.0	0.0	0.0	True	40.0	0.0	0.005	[47620732.119479425, 47621022.11797986, 47621312.11648029, 47621601.11498588, 47621890.11349148, 47622181.11198674, 47622470.110492334, 47622760.10899276, 47623050.1074932, 47623339.10599879, 47623629.10449921, 47705434.68148564, 47705723.679991245, 47706012.678496845, 47706303.676992096, 47706591.67550286, 47706881.67400329, 47707171.672503725, 47707461.671004154, 47707751.669504575]	0.0	0.0	0.0
3820.7976215160306	2.0	trials	6.0	0.0	0.0	0.0	0.0	0.0	True	40.0	0.0	0.005	[47708040.66801018, 47708329.66651579, 47708620.66501104, 47708909.66351664, 47709198.66202223, 47709488.66052267, 47709778.6590231, 47710067.65752869, 47710357.65602911, 47710647.65452955, 47710936.65303515, 47808267.14974278, 47808557.14824322, 47808847.14674365, 47809137.14524407, 47809427.1437445, 47809717.14224493, 47810005.14075569, 47810295.13925612, 47810585.137756556]	0.0	0.0	0.0
3827.919709488025	2.0	trials	6.0	0.0	0.0	0.0	0.0	0.0	True	40.0	0.0	0.005	[47810875.136256985, 47811165.13475741, 47811454.133263014, 47811743.13176862, 47812033.13026904, 47812322.128774635, 47812613.1272699, 47812902.1257755, 47813192.12427593, 47813481.12278152, 47813771.121281944, 47927848.531391926, 47928138.52989236, 47928428.52839279, 47928718.52689321, 47929006.525403984, 47929297.52389924, 47929587.52239967, 47929875.520910434, 47930165.51941087]	0.0	0.0	0.0
3953.661904080637	2.0	trials	6.0	0.0	0.0	0.0	0.0	0.0	True	40.0	0.0	0.005	[47930455.51791131, 47930745.51641174, 47931035.51491216, 47931324.51341775, 47931613.51192335, 47931903.51042378, 47932193.50892421, 47932483.507424645, 47932772.50593024, 47933062.50443066, 47933351.50293627, 47995141.18342414, 47995430.18192974, 47995720.18043017, 47996009.17893576, 47996299.177436195, 47996589.175936624, 47996878.174442224, 47997169.172937475, 47997458.171443075]	0.0	0.0	0.0
3963.6399292847045	2.0	trials	6.0	0.0	0.0	0.0	0.0	0.0	True	40.0	0.0	0.005	[47997747.16994868, 47998038.16844393, 47998327.16694954, 47998616.16545514, 47998905.16396073, 47999196.16245599, 47999486.16095642, 47999775.15946202, 48000064.15796761, 48000354.15646805, 48000644.15496848, 48103336.62394955, 48103626.62244998, 48103915.62095559, 48104205.61945601, 48104494.61796161, 48104784.61646204, 48105074.614962466, 48105363.613468066, 48105653.611968495]	0.0	0.0	0.0
3974.6194117102814	2.0	trials	6.0	0.0	0.0	0.0	0.0	0.0	True	40.0	0.0	0.005	[48105942.610474095, 48106233.608969346, 48106522.607474945, 48106811.60598055, 48107102.6044758, 48107391.60298141, 48107681.60148185, 48107970.59998744, 48108260.59848786, 48108549.59699347, 48108839.59549389, 48170237.27800877, 48170527.276509196, 48170817.27500962, 48171106.273515224, 48171396.27201565, 48171685.27052125, 48171975.26902168, 48172265.26752212, 48172555.26602253]	0.0	0.0	0.0
3981.399443851032	2.0	trials	6.0	0.0	0.0	0.0	0.0	0.0	True	40.0	0.0	0.005	[48172845.26452297, 48173133.26303374, 48173424.26152899, 48173714.26002943, 48174003.25853502, 48174293.25703546, 48174582.255541064, 48174871.254046656, 48175161.25254708, 48175451.25104751, 48175740.24955311, 48239932.91761521, 48240223.91611047, 48240512.91461607, 48240802.9131165, 48241091.91162211, 48241381.910122536, 48241671.908622965, 48241961.90712339, 48242250.905628994]	0.0	0.0	0.0
3992.301339477807	2.0	trials	6.0	0.0	0.0	0.0	0.0	0.0	True	40.0	0.0	0.005	[48242540.904129416, 48242830.902629845, 48243119.901135445, 48243408.89964104, 48243698.89814147, 48243988.8966419, 48244277.89514751, 48244568.89364275, 48244857.89214836, 48245146.89065396, 48245436.88915439, 48347639.36066922, 48347928.35917482, 48348218.357675254, 48348508.35617568, 48348797.35468128, 48349088.353176534, 48349377.351682134, 48349666.35018774, 48349957.34868299]	0.0	0.0	0.0
4021.0100102265264	2.0	trials	6.0	0.0	0.0	0.0	0.0	0.0	True	40.0	0.0	0.005	[48350245.347193755, 48350535.345694184, 48350825.34419462, 48351115.34269505, 48351404.34120066, 48351693.33970625, 48351983.338206686, 48352273.33670711, 48352562.3352127, 48352853.333707966, 48353143.33220839, 48458472.78755372, 48458761.78605931, 48459051.784559734, 48459341.78306016, 48459631.7815606, 48459920.7800662, 48460210.778566636, 48460499.77707223, 48460789.77557265]	0.0	0.0	0.0
4026.799557889028	2.0	trials	6.0	0.0	0.0	0.0	0.0	0.0	True	40.0	0.0	0.005	[48461078.77407826, 48461368.77257868, 48461658.77107911, 48461947.76958471, 48462238.76807996, 48462526.766590744, 48462817.76508599, 48463106.763591595, 48463396.762092024, 48463686.76059246, 48463975.75909805, 48519167.47370376, 48519457.472204186, 48519746.47070978, 48520035.469215386, 48520326.467710644, 48520615.466216244, 48520904.464721836, 48521194.463222265, 48521483.461727865]	0.0	0.0	0.0
4036.405805815541	2.0	trials	6.0	0.0	0.0	0.0	0.0	0.0	True	40.0	0.0	0.005	[48521774.46022313, 48522062.458733894, 48522352.45723432, 48522642.455734745, 48522931.45424036, 48523221.45274078, 48523512.45123605, 48523800.44974681, 48524090.44824724, 48524380.44674767, 48524670.44524809, 48646206.816788055, 48646496.815288484, 48646786.81378892, 48647076.812289335, 48647366.81078977, 48647655.80929536, 48647945.8077958, 48648234.80630139, 48648524.80480182]	0.0	0.0	0.0
4051.813524542901	2.0	trials	6.0	0.0	0.0	0.0	0.0	0.0	True	40.0	0.0	0.005	[48648813.80330743, 48649103.801807866, 48649393.80030828, 48649683.798808716, 48649973.797309145, 48650262.795814745, 48650552.794315174, 48650842.792815596, 48651131.79132119, 48651420.789826795, 48651710.78832722, 48772539.16352822, 48772828.16203381, 48773118.16053424, 48773408.15903466, 48773698.1575351, 48773987.15604069, 48774278.15453595, 48774567.15304156, 48774856.15154715]	0.0	0.0	0.0
4062.1483799018156	2.0	trials	6.0	0.0	0.0	0.0	0.0	0.0	True	40.0	0.0	0.005	[48775146.15004757, 48775436.148548, 48775725.14705361, 48776015.14555404, 48776305.14405447, 48776594.142560065, 48776883.141065665, 48777173.13956609, 48777463.138066515, 48777753.136566944, 48778042.135072544, 48836585.83234528, 48836874.83085087, 48837164.829351306, 48837454.82785173, 48837744.82635216, 48838033.824857764, 48838322.82336336, 48838612.82186379, 48838901.820369385]	0.0	0.0	0.0
4068.223650886855	2.0	trials	6.0	0.0	0.0	0.0	0.0	0.0	True	40.0	0.0	0.005	[48839192.81886465, 48839481.81737025, 48839771.81587067, 48840060.814376265, 48840349.81288187, 48840639.81138229, 48840929.80988272, 48841219.80838317, 48841508.80688876, 48841798.805389196, 48842088.80388962, 48938480.305452764, 48938770.30395319, 48939060.302453615, 48939349.30095922, 48939638.299464814, 48939929.29796007, 48940217.296470836, 48940507.294971265, 48940798.29346653]	0.0	0.0	0.0
4073.745532733446	2.0	trials	6.0	0.0	0.0	0.0	0.0	0.0	True	40.0	0.0	0.005	[48941087.29197213, 48941376.29047774, 48941666.28897817, 48941955.28748376, 48942245.28598418, 48942535.28448462, 48942825.28298505, 48943114.28149064, 48943404.279991075, 48943694.2784915, 48943984.276991926, 49023747.864537396, 49024037.863037825, 49024327.86153825, 49024617.860038675, 49024907.858539104, 49025196.857044704, 49025485.85555031, 49025774.854055904, 49026065.85255117]	0.0	0.0	0.0
4080.007513153019	2.0	trials	6.0	0.0	0.0	0.0	0.0	0.0	True	40.0	0.0	0.005	[49026354.85105677, 49026644.8495572, 49026933.8480628, 49027223.84656322, 49027513.84506365, 49027802.84356924, 49028092.84206968, 49028382.84057011, 49028672.839070536, 49028961.83757614, 49029251.836076565, 49129032.32011541, 49129321.31862102, 49129611.31712144, 49129900.31562703, 49130190.31412746, 49130480.3126279, 49130769.31113349, 49131059.309633926, 49131348.30813952]	0.0	0.0	0.0
4085.6296184813577	2.0	trials	6.0	0.0	0.0	0.0	0.0	0.0	True	40.0	0.0	0.005	[49131638.30663995, 49131928.30514037, 49132218.3036408, 49132507.302146405, 49132796.300652005, 49133087.29914727, 49133377.29764769, 49133666.296153285, 49133956.29465372, 49134245.29315931, 49134534.29166491, 49217230.86404403, 49217519.862549625, 49217810.861044884, 49218099.85955049, 49218388.85805609, 49218679.85655134, 49218968.85505694, 49219258.85355737, 49219547.85206298]	0.0	0.0	0.0
4091.8574710774046	2.0	trials	6.0	0.0	0.0	0.0	0.0	0.0	True	40.0	0.0	0.005	[49219837.85056341, 49220126.84906901, 49220416.84756943, 49220706.84606986, 49220995.84457545, 49221284.84308105, 49221574.84158148, 49221864.840081915, 49222154.838582344, 49222444.837082766, 49222733.83558837, 49322296.320754476, 49322586.31925491, 49322875.317760505, 49323165.31626093, 49323455.314761356, 49323744.313266955, 49324034.311767384, 49324324.31026781, 49324613.30877342]	0.0	0.0	0.0
4101.097471297768	2.0	trials	6.0	0.0	0.0	0.0	0.0	0.0	True	40.0	0.0	0.005	[49324902.30727902, 49325192.30577945, 49325482.30427987, 49325771.30278548, 49326061.3012859, 49326350.29979149, 49326641.29828676, 49326931.29678718, 49327220.29529279, 49327509.293798395, 49327799.292298816, 49394313.948354006, 49394603.94685445, 49394892.94536004, 49395182.94386048, 49395472.94236089, 49395761.9408665, 49396051.93936692, 49396340.93787252, 49396630.93637295]	0.0	0.0	0.0
4107.94411749406	2.0	trials	6.0	0.0	0.0	0.0	0.0	0.0	True	40.0	0.0	0.005	[49396920.93487338, 49397210.93337382, 49397498.93188459, 49397788.930385016, 49398078.92888544, 49398368.92738587, 49398658.9258863, 49398947.924391896, 49399237.922892325, 49399526.921397924, 49399816.91989835, 49473268.54008276, 49473558.53858319, 49473847.5370888, 49474137.53558923, 49474426.534094825, 49474717.532590084, 49475006.531095676, 49475295.529601276, 49475586.52809654]	0.0	0.0	0.0
4113.505224737818	2.0	trials	6.0	0.0	0.0	0.0	0.0	0.0	True	40.0	0.0	0.005	[49475875.526602134, 49476164.525107734, 49476455.52360299, 49476743.52211377, 49477034.520609014, 49477323.51911462, 49477613.51761506, 49477902.51612065, 49478192.51462108, 49478482.513121516, 49478772.51162194, 49595928.9058106, 49596218.90431103, 49596507.90281663, 49596797.90131706, 49597086.89982265, 49597376.898323074, 49597666.89682351, 49597956.89532394, 49598245.89382953]	0.0	0.0	0.0
4121.048683330923	2.0	trials	6.0	0.0	0.0	0.0	0.0	0.0	True	40.0	0.0	0.005	[49598535.89232997, 49598825.89083039, 49599114.889336005, 49599403.8878416, 49599694.886336856, 49599983.884842455, 49600272.88334805, 49600562.88184848, 49600852.88034891, 49601141.878854506, 49601431.87735493, 49671625.51438627, 49671915.51288669, 49672204.51139228, 49672493.50989789, 49672783.50839832, 49673073.50689875, 49673363.50539918, 49673652.50390478, 49673942.5024052]	0.0	0.0	0.0
4129.933494987951	2.0	trials	6.0	0.0	0.0	0.0	0.0	0.0	True	40.0	0.0	0.005	[49674231.5009108, 49674521.499411225, 49674811.49791166, 49675101.49641209, 49675390.49491768, 49675679.49342328, 49675969.49192373, 49676259.49042414, 49676549.48892458, 49676838.48743017, 49677127.48593577, 49749025.11415583, 49749315.11265624, 49749605.11115668, 49749895.10965711, 49750184.1081627, 49750474.10666314, 49750763.10516873, 49751053.10366917, 49751342.102174774]	0.0	0.0	0.0
4140.2653263625025	2.0	trials	6.0	0.0	0.0	0.0	0.0	0.0	True	40.0	0.0	0.005	[49751632.10067519, 49751922.099175625, 49752211.09768122, 49752501.096181646, 49752790.094687246, 49753080.093187675, 49753371.09168293, 49753660.090188526, 49753950.08868896, 49754239.087194555, 49754529.08569499, 49840694.640136115, 49840983.63864172, 49841273.63714216, 49841563.63564259, 49841852.63414819, 49842141.63265378, 49842431.63115421, 49842721.62965463, 49843010.62816023]	0.0	0.0	0.0
4146.07932509857	2.0	trials	6.0	0.0	0.0	0.0	0.0	0.0	True	40.0	0.0	0.005	[49843301.6266555, 49843590.62516109, 49843880.623661526, 49844169.62216713, 49844459.62066755, 49844748.619173154, 49845038.617673576, 49845328.61617401, 49845617.614679605, 49845907.613180034, 49846197.61168047, 49949456.07773478, 49949745.07624039, 49950034.07474599, 49950324.07324642, 49950614.07174685, 49950904.07024728, 49951193.06875288, 49951483.0672533, 49951773.06575373]	0.0	0.0	0.0
4155.427411160024	2.0	trials	6.0	0.0	0.0	0.0	0.0	0.0	True	40.0	0.0	0.005	[49952062.06425933, 49952352.06275976, 49952642.061260186, 49952932.05976061, 49953220.05827139, 49953511.056766644, 49953800.055272244, 49954089.053777836, 49954380.0522731, 49954669.0507787, 49954959.04927913, 50053469.53988506, 50053758.538390666, 50054048.53689109, 50054337.53539668, 50054627.53389712, 50054916.53240272, 50055206.53090315, 50055496.52940358, 50055785.52790918]	0.0	0.0	0.0
4161.207714070331	2.0	trials	6.0	0.0	0.0	0.0	0.0	0.0	True	40.0	0.0	0.005	[50056075.526409596, 50056365.52491003, 50056655.52341046, 50056944.52191606, 50057233.520421654, 50057524.51891691, 50057813.51742252, 50058103.515922934, 50058392.51442854, 50058681.51293414, 50058971.51143457, 50160065.98867881, 50160355.98717924, 50160645.98567966, 50160934.98418527, 50161224.98268569, 50161514.98118612, 50161803.979691714, 50162093.97819215, 50162382.97669774]	0.0	0.0	0.0
4167.229417332367	2.0	trials	6.0	0.0	0.0	0.0	0.0	0.0	True	40.0	0.0	0.005	[50162672.97519817, 50162962.97369859, 50163252.97219903, 50163542.97069946, 50163831.96920507, 50164120.96771066, 50164410.966211095, 50164700.96471152, 50164989.96321712, 50165280.961712375, 50165569.960217975, 50248679.53046149, 50248970.52895675, 50249258.52746752, 50249548.52596795, 50249839.52446321, 50250128.52296881, 50250418.521469235, 50250707.51997483, 50250996.51848043]	0.0	0.0	0.0
4176.535167612739	2.0	trials	6.0	0.0	0.0	0.0	0.0	0.0	True	40.0	0.0	0.005	[50251286.51698086, 50251576.515481286, 50251866.51398171, 50252155.512487315, 50252446.51098257, 50252735.50948818, 50253025.50798861, 50253314.50649421, 50253603.5049998, 50253892.5035054, 50254182.50200583, 50311179.207278, 50311469.20577842, 50311759.20427885, 50312048.20278445, 50312339.201279715, 50312628.19978531, 50312918.19828573, 50313207.196791336, 50313496.19529694]	0.0	0.0	0.0
4186.111175695621	2.0	trials	6.0	0.0	0.0	0.0	0.0	0.0	True	40.0	0.0	0.005	[50313786.193797365, 50314077.19229263, 50314366.19079822, 50314655.18930382, 50314945.18780425, 50315235.18630467, 50315524.18481027, 50315814.1833107, 50316104.18181113, 50316394.18031157, 50316683.17881717, 50378958.856791966, 50379249.85528722, 50379538.85379282, 50379827.85229841, 50380117.850798845, 50380407.849299274, 50380696.84780488, 50380986.8463053, 50381276.84480573]	0.0	0.0	0.0
4191.355196579018	2.0	trials	6.0	0.0	0.0	0.0	0.0	0.0	True	40.0	0.0	0.005	[50381566.84330616, 50381855.84181176, 50382144.84031735, 50382435.83881261, 50382724.83731822, 50383014.83581864, 50383303.83432423, 50383593.83282467, 50383882.83133027, 50384172.829830706, 50384462.828331135, 50445785.51123382, 50446075.50973425, 50446365.50823469, 50446655.50673511, 50446944.505240716, 50447234.50374113, 50447524.50224157, 50447814.500741996, 50448103.499247596]	0.0	0.0	0.0
4202.331568620678	2.0	trials	6.0	0.0	0.0	0.0	0.0	0.0	True	40.0	0.0	0.005	[50448392.497753195, 50448682.49625363, 50448972.49475405, 50449262.49325448, 50449551.491760075, 50449840.490265675, 50450131.48876094, 50450421.48726136, 50450709.48577213, 50451000.48426739, 50451289.48277298, 50538636.031107254, 50538925.029612854, 50539215.02811328, 50539504.026618876, 50539794.02511931, 50540084.023619734, 50540374.02212016, 50540663.020625755, 50540953.01912619]	0.0	0.0	0.0
4213.246510579991	2.0	trials	6.0	0.0	0.0	0.0	0.0	0.0	True	40.0	0.0	0.005	[50541242.0176318, 50541531.01613739, 50541822.01463266, 50542111.01313826, 50542401.01163868, 50542690.01014427, 50542980.0086447, 50543270.00714514, 50543559.00565073, 50543849.004151165, 50544138.002656765, 50599657.715566404, 50599947.71406684, 50600236.71257243, 50600526.711072855, 50600816.709573284, 50601106.70807372, 50601395.70657931, 50601684.70508491, 50601975.70358016]	0.0	0.0	0.0
4218.780142765821	2.0	trials	7.0	0.0	0.0	0.0	0.0	0.0	True	40.0	0.0	0.005	[50602264.70208577, 50602554.70058619, 50602843.69909179, 50603132.6975974, 50603423.696092665, 50603712.69459826, 50604001.69310386, 50604292.69159911, 50604581.69010471, 50604871.68860514, 50605160.68711074, 50670978.346770085, 50671268.34527051, 50671558.343770936, 50671848.34227137, 50672137.340776965, 50672427.339277394, 50672716.337782994, 50673006.33628342, 50673296.334783845]	0.0	0.0	0.0
4227.583825242365	2.0	trials	7.0	0.0	0.0	0.0	0.0	0.0	True	40.0	0.0	0.005	[50673585.333289444, 50673875.33178987, 50674165.3302903, 50674455.32879074, 50674744.32729634, 50675033.32580194, 50675323.32430236, 50675613.32280279, 50675902.32130839, 50676192.31980882, 50676481.31831441, 50796035.70010318, 50796325.69860359, 50796614.6971092, 50796904.69560964, 50797194.694110066, 50797484.692610495, 50797773.691116095, 50798062.68962169, 50798352.68812212]	0.0	0.0	0.0
4234.9510287468775	2.0	trials	7.0	0.0	0.0	0.0	0.0	0.0	True	40.0	0.0	0.005	[50798642.68662254, 50798932.685122974, 50799221.68362857, 50799510.682134174, 50799801.68062943, 50800090.67913504, 50800379.67764063, 50800670.67613589, 50800959.67464148, 50801248.67314708, 50801538.67164751, 50888950.219645664, 50889240.21814609, 50889530.21664653, 50889819.21515212, 50890109.21365255, 50890399.21215299, 50890688.21065858, 50890978.209159, 50891268.20765943]	0.0	0.0	0.0
4244.047519309322	2.0	trials	7.0	0.0	0.0	0.0	0.0	0.0	True	40.0	0.0	0.005	[50891557.20616503, 50891847.20466546, 50892136.20317107, 50892426.201671496, 50892715.200177096, 50893005.198677525, 50893295.19717795, 50893585.195678376, 50893874.194183975, 50894164.192684405, 50894454.19118483, 51377532.69320394, 51377821.69170953, 51378111.69020996, 51378401.688710384, 51378691.68721082, 51378980.68571643, 51379270.68421686, 51379560.682717286, 51379849.681222886]	0.0	0.0	0.0
4251.667873504804	2.0	trials	7.0	0.0	0.0	0.0	0.0	0.0	True	40.0	0.0	0.005	[51380139.679723315, 51380428.67822891, 51380718.67672933, 51381008.675229765, 51381297.67373536, 51381587.67223579, 51381876.67074139, 51382166.669241816, 51382456.66774225, 51382746.66624268, 51383035.664748274, 51481491.15563861, 51481781.15413904, 51482070.15264464, 51482360.151145056, 51482649.14965068, 51482939.1481511, 51483229.14665153, 51483518.14515712, 51483808.14365756]	0.0	0.0	0.0
4260.745528964645	2.0	trials	7.0	0.0	0.0	0.0	0.0	0.0	True	40.0	0.0	0.005	[51484097.14216315, 51484387.14066359, 51484677.139164, 51484966.1376696, 51485256.13617003, 51485546.134670466, 51485836.133170895, 51486125.1316765, 51486415.130176924, 51486705.12867735, 51486994.127182946, 51551771.79222007, 51552060.79072566, 51552350.789226085, 51552639.78773169, 51552929.786232114, 51553219.78473254, 51553508.78323815, 51553798.78173858, 51554088.780239016]	0.0	0.0	0.0
4266.967851989284	2.0	trials	7.0	0.0	0.0	0.0	0.0	0.0	True	40.0	0.0	0.005	[51554377.77874461, 51554667.77724503, 51554957.77574546, 51555246.77425106, 51555536.77275149, 51555825.77125709, 51556115.76975752, 51556405.768257946, 51556695.76675837, 51556984.765263975, 51557273.76376957, 51633019.37209186, 51633309.37059229, 51633598.36909788, 51633888.36759832, 51634177.366103925, 51634467.364604354, 51634757.363104776, 51635046.36161038, 51635336.360110804]	0.0	0.0	0.0
4284.387470713197	2.0	trials	7.0	0.0	0.0	0.0	0.0	0.0	True	40.0	0.0	0.005	[51635625.3586164, 51635915.357116826, 51636205.35561726, 51636495.35411769, 51636784.35262329, 51637074.351123706, 51637363.34962931, 51637653.34812975, 51637943.34663018, 51638233.34513061, 51638522.34363621, 51759759.71672227, 51760048.715227865, 51760338.7137283, 51760627.71223389, 51760918.71072915, 51761207.70923476, 51761496.70774037, 51761786.70624079, 51762076.70474122]	0.0	0.0	0.0
4290.927571294624	2.0	trials	7.0	0.0	0.0	0.0	0.0	0.0	True	40.0	0.0	0.005	[51762366.70324165, 51762655.701747246, 51762945.700247675, 51763234.698753275, 51763524.69725369, 51763814.695754126, 51764103.69425972, 51764393.692760155, 51764682.691265754, 51764972.68976619, 51765262.68826662, 51828505.36124111, 51828795.359741546, 51829085.35824197, 51829375.3567424, 51829664.35524799, 51829954.353748426, 51830244.352248855, 51830533.350754455, 51830823.34925487]	0.0	0.0	0.0
4297.61498311431	2.0	trials	7.0	0.0	0.0	0.0	0.0	0.0	True	40.0	0.0	0.005	[51831112.347760476, 51831402.34626091, 51831691.344766505, 51831981.343266934, 51832271.34176737, 51832560.34027296, 51832850.3387734, 51833140.337273814, 51833430.33577425, 51833719.33427984, 51834009.33278028, 51925934.85743682, 51926224.85593726, 51926514.85443769, 51926803.85294328, 51927092.85144888, 51927383.84994414, 51927672.84844973, 51927961.84695533, 51928251.84545576]	0.0	0.0	0.0
4305.535143759505	2.0	trials	7.0	0.0	0.0	0.0	0.0	0.0	True	40.0	0.0	0.005	[51928541.84395619, 51928831.842456624, 51929120.84096222, 51929410.839462645, 51929699.83796825, 51929989.836468674, 51930279.8349691, 51930568.8334747, 51930858.83197513, 51931147.83048073, 51931437.82898116, 52021866.36137859, 52022156.359879024, 52022446.35837945, 52022735.35688506, 52023025.35538549, 52023315.35388591, 52023604.35239151, 52023894.35089194, 52024184.34939237]	0.0	0.0	0.0
4314.93213196809	2.0	trials	7.0	0.0	0.0	0.0	0.0	0.0	True	40.0	0.0	0.005	[52024473.34789797, 52024762.34640356, 52025052.344904, 52025342.34340443, 52025632.34190485, 52025921.340410456, 52026211.338910885, 52026500.33741648, 52026790.335916914, 52027080.33441734, 52027369.33292294, 52133572.78374886, 52133862.78224928, 52134151.78075489, 52134441.77925532, 52134731.77775575, 52135020.776261345, 52135310.77476178, 52135600.7732622, 52135890.77176263]	0.0	0.0	0.0
4323.918895097931	2.0	trials	7.0	0.0	0.0	0.0	0.0	0.0	True	40.0	0.0	0.005	[52136179.770268224, 52136469.76876866, 52136758.76727425, 52137048.76577468, 52137337.76428029, 52137628.76277554, 52137917.76128115, 52138207.75978158, 52138496.75828717, 52138786.756787606, 52139075.7552932, 52208642.395566694, 52208932.39406712, 52209221.39257273, 52209511.39107316, 52209801.38957359, 52210090.38807919, 52210380.38657962, 52210669.38508522, 52210959.38358564]	0.0	0.0	0.0
4326.253497425805	2.0	trials	7.0	0.0	0.0	0.0	0.0	0.0	False	0.0	0.0	0.0	[NaN, NaN, NaN, NaN, NaN, NaN, NaN, NaN, NaN, NaN, NaN, NaN, NaN, NaN, NaN, NaN, NaN, NaN, NaN, NaN]	0.0	0.0	0.0
4333.1289146733225	2.0	trials	7.0	0.0	0.0	0.0	0.0	0.0	True	40.0	0.0	0.005	[52211249.38208607, 52211539.3805865, 52211828.3790921, 52212118.37759253, 52212408.37609295, 52212697.37459856, 52212987.373098984, 52213276.371604584, 52213566.37010501, 52213855.368610606, 52214145.36711104, 52321775.81055804, 52322064.80906364, 52322354.807564065, 52322644.806064494, 52322933.80457009, 52323223.80307052, 52323513.80157095, 52323802.800076544, 52324092.79857698]	0.0	0.0	0.0
4340.785124683395	2.0	trials	7.0	0.0	0.0	0.0	0.0	0.0	True	40.0	0.0	0.005	[52324382.7970774, 52324671.795582995, 52324961.794083424, 52325251.79258387, 52325540.79108947, 52325830.7895899, 52326119.78809549, 52326409.786595926, 52326698.78510152, 52326988.78360194, 52327278.78210237, 52414059.33336338, 52414349.33186381, 52414639.33036424, 52414929.32886467, 52415218.32737028, 52415508.3258707, 52415797.32437629, 52416087.32287673, 52416377.32137716]	0.0	0.0	0.0
4346.185096760377	2.0	trials	7.0	0.0	0.0	0.0	0.0	0.0	True	40.0	0.0	0.005	[52416666.31988276, 52416956.31838319, 52417245.31688878, 52417535.315389216, 52417825.31388964, 52418115.31239007, 52418405.310890496, 52418694.3093961, 52418983.3079017, 52419273.30640213, 52419562.304907724, 52541288.675465204, 52541578.67396564, 52541867.67247123, 52542157.67097166, 52542446.66947726, 52542736.66797769, 52543026.66647811, 52543315.66498373, 52543605.66348415]	0.0	0.0	0.0
4352.041258478421	2.0	trials	7.0	0.0	0.0	0.0	0.0	0.0	True	40.0	0.0	0.005	[52543895.661984585, 52544184.66049018, 52544474.65899061, 52544764.65749104, 52545053.655996636, 52545343.65449706, 52545632.65300266, 52545922.651503086, 52546212.650003515, 52546501.64850912, 52546791.64700955, 52608672.32702687, 52608961.32553246, 52609251.324032895, 52609541.32253332, 52609831.321033746, 52610120.31953934, 52610410.318039775, 52610699.31654538, 52610989.31504581]	0.0	0.0	0.0
4357.815081422235	2.0	trials	7.0	0.0	0.0	0.0	0.0	0.0	True	40.0	0.0	0.005	[52611279.31354623, 52611568.312051825, 52611857.31055743, 52612147.309057854, 52612437.30755828, 52612727.30605872, 52613016.30456431, 52613306.30306475, 52613595.30157035, 52613885.30007077, 52614175.29857121, 52669144.01433002, 52669433.01283562, 52669723.01133605, 52670012.00984164, 52670302.00834208, 52670592.00684251, 52670882.00534293, 52671171.003848545, 52671461.00234897]	0.0	0.0	0.0
4365.837279939798	2.0	trials	7.0	0.0	0.0	0.0	0.0	0.0	True	40.0	0.0	0.005	[52671750.00085457, 52672039.999354996, 52672329.997855425, 52672618.996361025, 52672908.994861454, 52673198.993361875, 52673487.99186747, 52673777.990367904, 52674067.98886833, 52674356.98737394, 52674646.98587437, 52777046.45637052, 52777336.454870954, 52777626.45337138, 52777915.45187699, 52778205.45037742, 52778495.44887784, 52778784.44738343, 52779074.44588387, 52779364.4443843]	0.0	0.0	0.0
4371.109639876654	2.0	trials	7.0	0.0	0.0	0.0	0.0	0.0	True	40.0	0.0	0.005	[52779653.4428899, 52779943.44139033, 52780233.43989075, 52780522.43839634, 52780812.43689678, 52781101.43540238, 52781391.433902815, 52781681.432403244, 52781970.430908844, 52782260.42940927, 52782550.427909695, 52860310.02581772, 52860600.02431815, 52860890.02281858, 52861180.021319, 52861469.0198246, 52861759.01832503, 52862049.01682546, 52862338.01533106, 52862628.01383149]	0.0	0.0	0.0
4377.271742412691	2.0	trials	7.0	0.0	0.0	0.0	0.0	0.0	True	40.0	0.0	0.005	[52862917.012337096, 52863207.01083752, 52863496.009343125, 52863786.00784355, 52864076.006343976, 52864366.004844405, 52864655.003350005, 52864944.0018556, 52865234.00035603, 52865523.99885645, 52865812.997362055, 52983462.389001444, 52983752.38750188, 52984041.38600747, 52984331.384507895, 52984621.38300832, 52984910.38151393, 52985201.38000919, 52985490.3785148, 52985779.37702039]	0.0	0.0	0.0
4388.07669774074	2.0	trials	7.0	0.0	0.0	0.0	0.0	0.0	True	40.0	0.0	0.005	[52986069.375520825, 52986359.37402125, 52986648.37252684, 52986938.37102727, 52987228.369527705, 52987517.3680333, 52987807.36653373, 52988097.36503415, 52988386.36353977, 52988676.36204019, 52988966.36054062, 53091328.83122811, 53091617.8297337, 53091907.828234136, 53092197.82673455, 53092486.82524015, 53092776.82374058, 53093065.82224618, 53093355.820746616, 53093644.819252215]	0.0	0.0	0.0
4396.104512229263	2.0	trials	7.0	0.0	0.0	0.0	0.0	0.0	True	40.0	0.0	0.005	[53093934.817752644, 53094224.81625308, 53094514.814753495, 53094804.81325393, 53095093.811759524, 53095382.810265124, 53095672.80876555, 53095962.80726598, 53096251.80577158, 53096541.80427201, 53096831.80277244, 53208921.223162234, 53209209.221673004, 53209500.22016826, 53209789.21867387, 53210079.21717429, 53210369.21567472, 53210658.21418031, 53210948.21268075, 53211237.21118634]	0.0	0.0	0.0
4438.317951545415	2.0	trials	7.0	0.0	0.0	0.0	0.0	0.0	True	40.0	0.0	0.005	[53211527.20968677, 53211816.20819237, 53212106.2066928, 53212396.20519322, 53212686.20369365, 53212975.20219926, 53213265.200699694, 53213555.19920012, 53213844.197705716, 53214134.19620614, 53214423.194711745, 53297886.76312474, 53298176.76162517, 53298465.76013077, 53298755.7586312, 53299045.757131636, 53299335.75563205, 53299625.75413249, 53299914.752638094, 53300204.75113852]	0.0	0.0	0.0
4447.299962699828	2.0	trials	7.0	0.0	0.0	0.0	0.0	0.0	True	40.0	0.0	0.005	[53300493.749644116, 53300783.74814455, 53301073.74664498, 53301362.74515058, 53301652.743650995, 53301941.742156595, 53302231.740657024, 53302520.73916263, 53302810.73766306, 53303100.7361635, 53303390.73466392, 53381419.33118096, 53381708.32968657, 53381998.32818699, 53382288.32668742, 53382578.32518785, 53382867.32369345, 53383157.322193876, 53383447.3206943, 53383736.3191999]	0.0	0.0	0.0
4453.372209700504	2.0	trials	7.0	0.0	0.0	0.0	0.0	0.0	True	40.0	0.0	0.005	[53384025.3177055, 53384315.31620592, 53384605.314706355, 53384894.31321196, 53385184.31171239, 53385474.31021282, 53385763.30871842, 53386053.30721884, 53386343.30571927, 53386633.3042197, 53386922.3027253, 53444924.00280067, 53445214.001301095, 53445502.999806695, 53445792.998307124, 53446081.99681273, 53446371.99531316, 53446660.99381876, 53446950.99231919, 53447240.99081961]	0.0	0.0	0.0
4460.392000601472	2.0	trials	7.0	0.0	0.0	0.0	0.0	0.0	True	40.0	0.0	0.005	[53447530.98932004, 53447819.98782564, 53448109.98632607, 53448399.9848265, 53448688.9833321, 53448978.98183253, 53449268.98033295, 53449557.978838556, 53449846.97734416, 53450136.975844584, 53450426.97434501, 53567465.369143836, 53567754.36764944, 53568044.36614987, 53568334.36465031, 53568624.36315073, 53568913.36165633, 53569203.36015675, 53569493.35865719, 53569782.35716278]	0.0	0.0	0.0
4471.34236637761	2.0	trials	7.0	0.0	0.0	0.0	0.0	0.0	True	40.0	0.0	0.005	[53570072.35566321, 53570362.35416365, 53570651.35266924, 53570941.35116966, 53571230.34967527, 53571520.3481757, 53571810.34667613, 53572100.34517656, 53572389.343682155, 53572679.34218258, 53572969.34068301, 53672254.82728146, 53672543.82578707, 53672833.8242875, 53673123.82278793, 53673412.821293525, 53673702.819793954, 53673992.818294376, 53674282.81679481, 53674571.815300405]	0.0	0.0	0.0
4477.282076463629	2.0	trials	7.0	0.0	0.0	0.0	0.0	0.0	True	40.0	0.0	0.005	[53674861.813800834, 53675151.81230127, 53675440.81080686, 53675729.80931247, 53676019.8078129, 53676309.80631332, 53676598.80481892, 53676888.80331935, 53677178.80181978, 53677468.800320216, 53677757.79882581, 53758504.381288245, 53758793.379793845, 53759082.37829945, 53759372.37679987, 53759662.3753003, 53759951.373805895, 53760241.37230633, 53760531.37080676, 53760821.36930718]	0.0	0.0	0.0
4485.699984934992	2.0	trials	7.0	0.0	0.0	0.0	0.0	0.0	True	40.0	0.0	0.005	[53761111.36780761, 53761400.36631321, 53761690.36481364, 53761979.36331923, 53762269.36181967, 53762558.36032528, 53762848.358825706, 53763138.35732613, 53763427.35583172, 53763717.35433216, 53764007.352832586, 53849197.91231538, 53849487.91081581, 53849776.90932141, 53850066.907821834, 53850355.90632744, 53850645.90482786, 53850935.90332829, 53851225.90182872, 53851514.90033433]	0.0	0.0	0.0
4493.988466875615	2.0	trials	7.0	0.0	0.0	0.0	0.0	0.0	True	40.0	0.0	0.005	[53851803.89883993, 53852093.89734036, 53852382.89584595, 53852673.89434121, 53852962.89284681, 53853252.89134724, 53853541.88985283, 53853831.888353266, 53854121.886853695, 53854410.8853593, 53854700.883859724, 53924542.52271121, 53924832.52121165, 53925121.519717254, 53925411.51821767, 53925701.516718104, 53925990.5152237, 53926280.513724126, 53926570.51222456, 53926860.51072499]	0.0	0.0	0.0
4503.639901768467	2.0	trials	7.0	0.0	0.0	0.0	0.0	0.0	True	40.0	0.0	0.005	[53927149.50923059, 53927439.507731006, 53927729.50623144, 53928018.504737034, 53928307.50324264, 53928597.50174308, 53928887.50024351, 53929176.4987491, 53929466.497249536, 53929756.49574995, 53930046.49425039, 54012181.06953556, 54012470.06804116, 54012760.06654159, 54013050.06504201, 54013340.06354244, 54013629.06204805, 54013919.06054848, 54014209.05904891, 54014498.057554506]	0.0	0.0	0.0
4510.12591622957	2.0	trials	7.0	0.0	0.0	0.0	0.0	0.0	True	40.0	0.0	0.005	[54014788.05605493, 54015077.05456053, 54015367.05306096, 54015656.05156655, 54015946.050066985, 54016236.048567414, 54016526.047067836, 54016815.04557345, 54017105.04407387, 54017394.04257947, 54017684.0410799, 54129476.46300545, 54129766.46150588, 54130055.46001148, 54130345.45851191, 54130634.45701752, 54130924.455517955, 54131213.45402355, 54131503.45252398, 54131793.4510244]	0.0	0.0	0.0
4519.90055688533	2.0	trials	7.0	0.0	0.0	0.0	0.0	0.0	True	40.0	0.0	0.005	[54132083.44952483, 54132372.44803043, 54132662.446530856, 54132952.44503129, 54133241.443536885, 54133530.44204249, 54133820.44054292, 54134110.43904334, 54134400.43754377, 54134689.43604937, 54134979.4345498, 54191349.143064134, 54191638.14156974, 54191928.14007018, 54192217.13857577, 54192507.1370762, 54192797.135576636, 54193087.13407706, 54193376.13258265, 54193666.13108308]	0.0	0.0	0.0
4527.873939655317	2.0	trials	7.0	0.0	0.0	0.0	0.0	0.0	True	40.0	0.0	0.005	[54193955.12958868, 54194245.12808911, 54194535.12658954, 54194825.12508997, 54195114.12359558, 54195403.12210117, 54195693.120601594, 54195983.11910202, 54196273.11760246, 54196562.11610805, 54196852.11460848, 54310896.52488909, 54311185.52339469, 54311475.52189512, 54311765.520395555, 54312054.51890115, 54312344.517401576, 54312634.515902, 54312923.51440762, 54313213.512908034]	0.0	0.0	0.0
4538.866468413432	2.0	trials	7.0	0.0	0.0	0.0	0.0	0.0	True	40.0	0.0	0.005	[54313503.51140847, 54313792.50991406, 54314082.5084145, 54314372.50691493, 54314661.50542052, 54314951.50392094, 54315241.50242138, 54315530.50092697, 54315820.4994274, 54316110.49792784, 54316399.496433444, 54395793.08589215, 54396083.084392585, 54396372.08289818, 54396662.081398614, 54396952.07989903, 54397242.078399464, 54397531.07690506, 54397821.07540549, 54398111.07390592]	0.0	0.0	0.0
4544.688415908396	2.0	trials	7.0	0.0	0.0	0.0	0.0	0.0	True	40.0	0.0	0.005	[54398400.07241153, 54398689.07091712, 54398979.06941754, 54399269.06791797, 54399559.06641841, 54399848.064924, 54400138.06342444, 54400427.06193003, 54400717.06043046, 54401007.05893088, 54401297.05743132, 54486839.61509394, 54487129.613594376, 54487418.61209997, 54487708.6106004, 54487997.609106004, 54488287.60760644, 54488576.60611203, 54488866.60461246, 54489156.603112884]	0.0	0.0	0.0
4549.913169691423	2.0	trials	7.0	0.0	0.0	0.0	0.0	0.0	True	40.0	0.0	0.005	[54489445.60161848, 54489735.60011891, 54490025.59861934, 54490314.59712494, 54490604.59562537, 54490894.59412579, 54491183.59263141, 54491473.59113183, 54491763.589632265, 54492052.58813786, 54492341.58664346, 54557258.25096181, 54557547.24946742, 54557837.24796784, 54558126.24647344, 54558416.24497386, 54558706.2434743, 54558995.24197989, 54559285.24048032, 54559574.23898592]	0.0	0.0	0.0
4559.236027083335	2.0	trials	7.0	0.0	0.0	0.0	0.0	0.0	True	40.0	0.0	0.005	[54559864.23748635, 54560154.23598677, 54560443.23449238, 54560733.232992806, 54561023.23149324, 54561312.229998834, 54561602.22849926, 54561892.226999685, 54562181.22550529, 54562471.224005714, 54562760.222511314, 54674959.64233231, 54675249.64083274, 54675539.639333166, 54675828.637838766, 54676117.63634437, 54676407.6348448, 54676696.633350395, 54676986.63185083, 54677276.63035125]	0.0	0.0	0.0
4566.429999483618	2.0	trials	7.0	0.0	0.0	0.0	0.0	0.0	True	40.0	0.0	0.005	[54677566.62885168, 54677856.62735211, 54678145.62585771, 54678435.62435814, 54678724.62286373, 54679014.621364154, 54679304.61986459, 54679593.6183702, 54679883.61687063, 54680173.615371056, 54680462.613876656, 54753430.23656379, 54753720.23506422, 54754010.23356465, 54754300.23206508, 54754589.23057069, 54754879.22907111, 54755169.22757154, 54755459.226071976, 54755748.22457757]	0.0	0.0	0.0
4577.07036366276	2.0	trials	7.0	0.0	0.0	0.0	0.0	0.0	True	40.0	0.0	0.005	[54756037.22308317, 54756327.2215836, 54756617.22008403, 54756906.218589626, 54757196.21709005, 54757486.21559048, 54757775.214096084, 54758065.21259651, 54758355.21109694, 54758644.20960254, 54758934.20810297, 54847541.74991667, 54847830.74842227, 54848120.7469227, 54848409.74542831, 54848699.74392874, 54848989.74242916, 54849278.74093476, 54849567.73944035, 54849857.73794079]	0.0	0.0	0.0
4586.38993787165	2.0	trials	7.0	0.0	0.0	0.0	0.0	0.0	True	40.0	0.0	0.005	[54850147.73644122, 54850437.73494165, 54850726.733447246, 54851016.73194767, 54851306.7304481, 54851596.728948526, 54851885.72745413, 54852175.72595456, 54852464.72446016, 54852754.72296059, 54853043.72146619, 54927041.33882727, 54927330.33733287, 54927620.335833296, 54927910.334333725, 54928199.33283933, 54928489.331339754, 54928779.32984018, 54929068.32834578, 54929358.32684621]	0.0	0.0	0.0
4596.549920534823	2.0	trials	7.0	0.0	0.0	0.0	0.0	0.0	True	40.0	0.0	0.005	[54929647.32535181, 54929937.32385224, 54930227.32235267, 54930517.32085309, 54930806.31935869, 54931096.31785912, 54931385.31636473, 54931675.31486516, 54931964.31337076, 54932255.31186601, 54932544.31037161, 55000533.958799675, 55000822.957305275, 55001112.955805704, 55001401.954311304, 55001691.95281173, 55001981.951312155, 55002270.94981776, 55002560.94831819, 55002850.94681862]	0.0	0.0	0.0
4604.236629587188	2.0	trials	7.0	0.0	0.0	0.0	0.0	0.0	True	40.0	0.0	0.005	[55003139.94532422, 55003428.94382981, 55003719.94232507, 55004008.94083068, 55004298.9393311, 55004588.93783153, 55004877.93633713, 55005166.934842736, 55005456.933343165, 55005746.93184359, 55006035.93034919, 55127318.30320257, 55127607.30170816, 55127897.3002086, 55128187.29870902, 55128476.29721463, 55128766.29571504, 55129056.29421548, 55129345.29272107, 55129635.29122151]	0.0	0.0	0.0
4611.453757067737	2.0	trials	7.0	0.0	0.0	0.0	0.0	0.0	True	40.0	0.0	0.005	[55129925.289721936, 55130215.28822236, 55130504.286727965, 55130793.28523357, 55131083.28373399, 55131373.28223442, 55131663.28073485, 55131952.27924045, 55132242.27774088, 55132531.27624647, 55132821.274746895, 55213567.85720935, 55213857.85570978, 55214147.854210205, 55214437.85271063, 55214726.85121623, 55215016.849716656, 55215305.848222256, 55215595.846722685, 55215885.845223114]	0.0	0.0	0.0
4616.940560695715	2.0	trials	7.0	0.0	0.0	0.0	0.0	0.0	True	40.0	0.0	0.005	[55216174.84372871, 55216464.84222914, 55216754.840729564, 55217043.83923517, 55217333.8377356, 55217623.83623603, 55217912.83474163, 55218202.83324206, 55218491.83174766, 55218782.83024291, 55219071.82874851, 55306973.3742129, 55307263.37271333, 55307553.37121376, 55307842.36971936, 55308132.368219785, 55308422.36672021, 55308711.36522582, 55309001.36372624, 55309291.36222668]	0.0	0.0	0.0
4627.528221147386	2.0	trials	7.0	0.0	0.0	0.0	0.0	0.0	True	40.0	0.0	0.005	[55309580.36073227, 55309870.3592327, 55310160.35773314, 55310449.35623873, 55310739.35473915, 55311028.35324475, 55311318.35174518, 55311607.35025079, 55311897.34875122, 55312187.347251646, 55312477.34575207, 55429194.74221077, 55429484.7407112, 55429773.7392168, 55430063.737717226, 55430353.73621765, 55430642.734723255, 55430932.733223684, 55431222.73172412, 55431511.73022971]	0.0	0.0	0.0
4636.581943930982	2.0	trials	7.0	0.0	0.0	0.0	0.0	0.0	True	40.0	0.0	0.005	[55431801.72873014, 55432090.72723574, 55432380.72573617, 55432670.72423659, 55432959.72274219, 55433249.72124262, 55433538.71974823, 55433829.71824349, 55434118.71674909, 55434408.71524951, 55434697.71375511, 55509361.32767235, 55509650.32617795, 55509940.324678384, 55510230.32317881, 55510520.32167924, 55510809.32018484, 55511099.31868526, 55511388.31719087, 55511678.31569129]	0.0	0.0	0.0
4644.033905397215	2.0	trials	7.0	0.0	0.0	0.0	0.0	0.0	True	40.0	0.0	0.005	[55511967.314196885, 55512257.312697314, 55512547.31119775, 55512837.30969818, 55513126.30820379, 55513416.30670421, 55513705.3052098, 55513995.30371024, 55514284.30221583, 55514574.30071626, 55514864.299216695, 55620095.75506876, 55620384.753574364, 55620675.75206962, 55620964.75057523, 55621254.74907564, 55621543.74758124, 55621833.74608167, 55622122.74458727, 55622412.7430877]	0.0	0.0	0.0
4651.8698264780105	2.0	trials	8.0	0.0	0.0	0.0	0.0	0.0	True	40.0	0.0	0.005	[55622702.74158813, 55622992.74008855, 55623281.73859416, 55623571.73709458, 55623860.73560019, 55624150.73410062, 55624440.732601054, 55624729.73110665, 55625019.729607075, 55625308.728112675, 55625599.72660793, 55748457.09131708, 55748747.08981751, 55749036.08832312, 55749326.08682355, 55749615.085329145, 55749905.08382957, 55750194.082335174, 55750484.080835596, 55750774.079336025]	0.0	0.0	0.0
4658.379687215805	2.0	trials	8.0	0.0	0.0	0.0	0.0	0.0	True	40.0	0.0	0.005	[55751063.077841625, 55751353.07634205, 55751643.07484248, 55751932.07334809, 55752222.07184851, 55752512.07034894, 55752801.06885454, 55753091.06735497, 55753380.06586057, 55753670.064361, 55753960.06286142, 55818988.72660064, 55819278.72510106, 55819567.72360665, 55819857.72210708, 55820146.72061269, 55820436.71911313, 55820726.717613555, 55821015.71611915, 55821305.714619584]	0.0	0.0	0.0
4665.951571261923	2.0	trials	8.0	0.0	0.0	0.0	0.0	0.0	True	40.0	0.0	0.005	[55821595.713120006, 55821884.7116256, 55822174.71012603, 55822463.70863163, 55822753.70713206, 55823042.70563766, 55823333.70413291, 55823622.702638514, 55823912.70113895, 55824202.69963938, 55824491.69814497, 55925446.17611313, 55925736.174613565, 55926025.17311917, 55926315.1716196, 55926605.17012002, 55926894.168625616, 55927184.16712605, 55927473.165631644, 55927763.16413207]	0.0	0.0	0.0
4676.085893257788	2.0	trials	8.0	0.0	0.0	0.0	0.0	0.0	True	40.0	0.0	0.005	[55928053.16263251, 55928342.1611381, 55928632.15963854, 55928922.15813895, 55929212.15663939, 55929501.155145, 55929791.153645426, 55930081.152145855, 55930370.150651455, 55930660.14915188, 55930949.147657484, 56050234.530837215, 56050524.52933764, 56050814.527838066, 56051102.526348844, 56051392.524849266, 56051682.5233497, 56051972.52185013, 56052261.520355724, 56052551.51885616]	0.0	0.0	0.0
4681.431692814892	2.0	trials	8.0	0.0	0.0	0.0	0.0	0.0	True	40.0	0.0	0.005	[56052841.51735658, 56053130.51586218, 56053419.51436779, 56053710.51286304, 56053999.51136865, 56054289.50986908, 56054578.50837467, 56054868.506875105, 56055158.50537553, 56055447.50388112, 56055737.50238155, 56413904.6503126, 56416221.63833155, 56418538.626350485, 56521426.09432323, 56523743.08234218, 56526060.07036112, 56632030.52239186, 56634347.51041081, 56636664.49842974]	0.0	0.0	0.0
4691.760586604634	2.0	trials	8.0	0.0	0.0	0.0	0.0	0.0	True	40.0	0.0	0.005	[56730988.0106864, 56733304.99870533, 56735621.986724265, 56802442.64119717, 56804759.6292161, 56807076.61723504, 56870247.29058185, 56872564.2786008, 56874881.26661973, 56998968.62496864, 57001285.612987585, 57003602.60100652, 57083763.186499126, 57086080.17451807, 57088397.16253701, 57193207.620566055, 57195525.608579814, 57197842.59659876, 57277717.18357024, 57280034.17158919]	0.0	0.0	0.0
4699.095735874897	2.0	trials	8.0	0.0	0.0	0.0	0.0	0.0	True	40.0	0.0	0.005	[57282351.15960813, 57384526.631262586, 57386843.619281515, 57389161.6072953, 57473276.17234203, 57475594.160355784, 57477911.14837473, 57560765.71993683, 57563082.70795578, 57565399.69597472, 57641882.30048603, 57644199.28850497, 57646516.27652392, 57753036.72571065, 57755353.71372959, 57757670.70174852, 57870082.12047328, 57872399.108492225, 57874716.09651116, 57949523.70968379]	0.0	0.0	0.0
4706.96206959843	2.0	trials	8.0	0.0	0.0	0.0	0.0	0.0	True	40.0	0.0	0.005	[57951840.697702736, 57954157.68572168, 58014384.37429172, 58016701.36231066, 58019018.35032959, 58098277.940481216, 58100594.92850016, 58102911.916519105, 58207519.37559783, 58209836.36361677, 58212154.351630546, 58270033.052341945, 58272351.04035571, 58274668.02837466, 58346394.65747893, 58348711.64549787, 58351028.63351682, 58461467.06244382, 58463784.05046277, 58466101.03848171]	0.0	0.0	0.0
4713.046239737452	2.0	trials	8.0	0.0	0.0	0.0	0.0	0.0	True	40.0	0.0	0.005	[58584522.42612914, 58586839.41414808, 58589156.40216702, 58699456.83180762, 58701773.81982656, 58704090.8078455, 58802018.30146609, 58804335.28948504, 58806652.27750397, 58901956.78468792, 58904273.772706866, 58906590.7607258, 59009398.22911222, 59011715.21713117, 59014032.20515011, 59088578.81967235, 59090895.8076913, 59093213.79570506, 59185213.31997895, 59187531.307992734]	0.0	0.0	0.0
4723.215726351483	2.0	trials	8.0	0.0	0.0	0.0	0.0	0.0	True	40.0	0.0	0.005	[59189848.29601168, 59274172.8599725, 59276489.84799144, 59278806.83601038, 59371189.3583038, 59373507.346317574, 59375824.33433652, 59449620.95273696, 59451937.9407559, 59454254.92877485, 59539392.4885317, 59541710.47654546, 59544027.464564405, 59665561.83611472, 59667878.82413366, 59670195.8121526, 59789939.19296404, 59792256.180982985, 59794573.16900193, 59900002.623830155]	0.0	0.0	0.0
4729.9955856931265	2.0	trials	8.0	0.0	0.0	0.0	0.0	0.0	True	40.0	0.0	0.005	[59902319.6118491, 59904636.59986803, 59960286.31210546, 59962603.300124384, 59964920.28814333, 60056186.81620753, 60058503.80422647, 60060820.79224542, 60171881.217956096, 60174198.20597503, 60176515.19399398, 60535101.33975841, 60536259.33377047, 60537417.327782534, 60538575.32179458, 60539735.31579629, 60646907.76161157, 60648066.75561846, 60649225.74962534, 60650383.743637405]	0.0	0.0	0.0
4738.126734047314	2.0	trials	8.0	0.0	0.0	0.0	0.0	0.0	True	40.0	0.0	0.005	[60651542.737644285, 60714748.41081012, 60715908.40481182, 60717066.39882388, 60718224.392835945, 60719384.38683766, 60837524.77593812, 60838683.769945, 60839841.76395707, 60841000.75796395, 60842158.75197599, 60902004.44251617, 60903162.43652822, 60904320.43054028, 60905479.424547166, 60906637.41855921, 60963430.12488627, 60964588.11889831, 60965746.112910375, 60966906.10691209]	0.0	0.0	0.0
4744.995498529233	2.0	trials	8.0	0.0	0.0	0.0	0.0	0.0	True	40.0	0.0	0.005	[60968064.10092414, 61028429.788775414, 61029587.78278748, 61030746.77679436, 61031905.77080124, 61033063.764813304, 61151208.153893076, 61152365.14791031, 61153524.14191719, 61154683.13592408, 61155842.12993096, 61251344.63609107, 61252502.630103126, 61253661.62411001, 61254820.61811689, 61255979.61212379, 61370961.01755922, 61372120.0115661, 61373278.00557817, 61374435.999590226]	0.0	0.0	0.0
4751.34526089489	2.0	trials	8.0	0.0	0.0	0.0	0.0	0.0	True	40.0	0.0	0.005	[61375594.99359711, 61478847.459682465, 61480006.45368935, 61481165.44769623, 61482323.44170829, 61483481.435720354, 61575438.96021142, 61576598.954213135, 61577756.948225185, 61578915.94223208, 61580074.93623897, 61649679.57631597, 61650837.57032802, 61651996.5643349, 61653155.5583418, 61654313.552353844, 61759193.01002608, 61760352.00403298, 61761509.99804503, 61762667.99205709]	0.0	0.0	0.0
4762.29942825137	2.0	trials	8.0	0.0	0.0	0.0	0.0	0.0	True	40.0	0.0	0.005	[61763827.98605881, 61842531.57908546, 61843690.57309234, 61844848.56710441, 61846006.561116464, 61847165.555123344, 61910790.22612255, 61911948.22013459, 61913107.21414149, 61914266.208148375, 61915424.20216043, 62033844.589813024, 62035003.58381992, 62036161.57783197, 62037320.57183885, 62038479.56584574, 62118565.151726164, 62119723.14573822, 62120882.13974511, 62122040.13375715]	0.0	0.0	0.0
4769.751476117155	2.0	trials	8.0	0.0	0.0	0.0	0.0	0.0	True	40.0	0.0	0.005	[62123199.12776405, 62199924.73101882, 62201082.72503088, 62202240.71904293, 62203400.71304464, 62204558.7070567, 62310719.15810496, 62311876.1521222, 62313035.14612909, 62314193.140141144, 62315352.13414803, 62409823.645639375, 62410981.63965142, 62412139.63366348, 62413298.62767036, 62414457.62167724, 62475994.30347337, 62477153.29748025, 62478312.29148715, 62479470.28549919]	0.0	0.0	0.0
4777.821712786315	2.0	trials	8.0	0.0	0.0	0.0	0.0	0.0	True	40.0	0.0	0.005	[62480629.27950608, 62597521.67505986, 62598680.66906674, 62599838.66307881, 62600997.65708569, 62602156.65109258, 62721752.03266932, 62722910.02668138, 62724068.02069344, 62725226.01470549, 62726386.0087072, 62844261.399177976, 62845420.393184856, 62846579.387191735, 62847738.381198615, 62848896.37521068, 62905871.08059661, 62907030.07460349, 62908189.06861038, 62909347.062622435]	0.0	0.0	0.0
4788.381638981398	2.0	trials	8.0	0.0	0.0	0.0	0.0	0.0	True	40.0	0.0	0.005	[62910505.05663449, 63022324.47842043, 63023483.472427316, 63024642.46643421, 63025800.46044626, 63026959.45445314, 63124075.952267356, 63125233.94627942, 63126392.9402863, 63127550.93429837, 63128709.928305246, 63201061.554177694, 63202220.54818457, 63203379.54219146, 63204536.5362087, 63205695.53021558, 63260955.24446965, 63262113.2384817, 63263272.232488595, 63264430.226500645]	0.0	0.0	0.0
4795.30794556577	2.0	trials	8.0	0.0	0.0	0.0	0.0	0.0	True	40.0	0.0	0.005	[63265588.22051271, 63355580.755164675, 63356739.749171555, 63357898.74317844, 63359056.7371905, 63360214.73120255, 63425857.39176681, 63427016.38577369, 63428175.379780576, 63429333.37379263, 63430492.36779952, 63530159.85242267, 63531319.846424386, 63532476.840441614, 63533635.8344485, 63534793.82846056, 63635786.30623224, 63636945.30023911, 63638103.29425118, 63639261.288263224]	0.0	0.0	0.0
4804.875486492434	2.0	trials	8.0	0.0	0.0	0.0	0.0	0.0	True	40.0	0.0	0.005	[63640420.28227011, 63733428.801326536, 63734586.795338586, 63735745.78934548, 63736903.78335752, 63738062.777364425, 63844745.22571346, 63845903.21972551, 63847061.21373757, 63848221.207739286, 63849378.201756515, 63921582.828389086, 63922742.8223908, 63923899.81640802, 63925059.81040973, 63926217.8044218, 63997112.437828295, 63998271.431835175, 63999429.42584724, 64000587.41985928]	0.0	0.0	0.0
4815.965819544807	2.0	trials	8.0	0.0	0.0	0.0	0.0	0.0	True	40.0	0.0	0.005	[64001746.41386618, 64090507.95488357, 64091664.94890079, 64092823.942907676, 64093982.936914556, 64095141.93092145, 64203592.37012828, 64204750.364140324, 64205909.35814721, 64207068.352154106, 64208226.34616615, 64282920.959923096, 64284078.953935154, 64285236.94794721, 64286395.9419541, 64287554.93596098, 64351896.60325263, 64353055.59725951, 64354214.59126639, 64355372.58527845]	0.0	0.0	0.0
4822.059752833345	2.0	trials	8.0	0.0	0.0	0.0	0.0	0.0	True	40.0	0.0	0.005	[64356530.5792905, 64433008.183827676, 64434168.17782939, 64435325.171846606, 64436485.16584834, 64437643.15986038, 64524259.71196941, 64525418.705976315, 64526576.69998836, 64527735.69399525, 64528894.68800214, 64851765.01845172, 64852345.01545257, 64852924.0124586, 64853502.00946979, 64854082.00647065, 64854661.00347668, 64855241.000477545, 64855819.99748357, 64856398.994489595]	0.0	0.0	0.0
4831.257762870837	2.0	trials	8.0	0.0	0.0	0.0	0.0	0.0	True	40.0	0.0	0.005	[64856977.99149562, 64937712.5740201, 64938291.57102614, 64938870.56803217, 64939450.56503303, 64940029.56203905, 64940609.55903991, 64941187.55605111, 64941768.55304679, 64942347.55005283, 64942925.54706402, 65036977.06072716, 65037555.05773835, 65038135.054739214, 65038714.05174524, 65039293.04875127, 65039873.04575213, 65040452.04275816, 65041031.03976419, 65041611.03676504]	0.0	0.0	0.0
4842.039390319513	2.0	trials	8.0	0.0	0.0	0.0	0.0	0.0	True	40.0	0.0	0.005	[65042190.03377107, 65103752.71543274, 65104331.71243877, 65104910.70944479, 65105489.706450835, 65106068.70345685, 65106648.700457714, 65107228.697458565, 65107807.694464594, 65108386.691470616, 65108966.68847148, 65225562.08556104, 65226141.082567066, 65226722.07956275, 65227300.076573946, 65227879.07357998, 65228459.07058083, 65229038.06758686, 65229617.06459289, 65230197.06159374]	0.0	0.0	0.0
4873.456341463833	2.0	trials	8.0	0.0	0.0	0.0	0.0	0.0	True	40.0	0.0	0.005	[65230776.05859977, 65302187.689332895, 65302766.686338924, 65303345.68334495, 65303925.6803458, 65304503.67735702, 65305083.67435787, 65305662.6713639, 65306241.66836993, 65306821.66537078, 65307400.66237681, 65430628.025172725, 65431207.02217875, 65431786.019184776, 65432366.01618563, 65432944.01319683, 65433525.010192506, 65434103.00720372, 65434683.00420457, 65435262.0012106]	0.0	0.0	0.0
4882.746280625965	2.0	trials	8.0	0.0	0.0	0.0	0.0	0.0	True	40.0	0.0	0.005	[65435840.99821663, 65531807.50197742, 65532386.49898345, 65532966.4959843, 65533545.49299034, 65534124.489996366, 65534704.486997224, 65535283.484003246, 65535862.481009275, 65536441.47801531, 65537020.47502134, 65651333.88391097, 65651913.88091183, 65652492.87791785, 65653072.87491871, 65653651.87192473, 65654230.86893076, 65654809.86593679, 65655389.86293765, 65655968.85994367]	0.0	0.0	0.0
4892.302503211155	2.0	trials	8.0	0.0	0.0	0.0	0.0	0.0	True	40.0	0.0	0.005	[65656547.8569497, 65758342.33057429, 65758922.32757515, 65759501.32458117, 65760080.32158719, 65760659.31859322, 65761239.315594085, 65761817.312605284, 65762397.309606135, 65762977.306607, 65763555.30361819, 65825696.982285894, 65826275.97929192, 65826855.976292774, 65827433.97330397, 65828013.97030484, 65828593.96730569, 65829171.96431688, 65829751.96131775, 65830330.958323784]	0.0	0.0	0.0
4900.852343800303	2.0	trials	8.0	0.0	0.0	0.0	0.0	0.0	True	40.0	0.0	0.005	[65830909.95532981, 65906187.5660721, 65906766.56307813, 65907346.56007898, 65907925.55708501, 65908504.55409103, 65909083.55109706, 65909662.54810309, 65910242.54510395, 65910821.542109974, 65911400.539115995, 65995354.10499525, 65995932.10200644, 65996512.0990073, 65997091.09601333, 65997671.09301418, 65998249.09002539, 65998828.08703142, 65999409.084027104, 65999987.081038296]	0.0	0.0	0.0
4907.026023876474	2.0	trials	8.0	0.0	0.0	0.0	0.0	0.0	True	40.0	0.0	0.005	[66000566.07804433, 66085418.63927491, 66085997.63628093, 66086577.63328179, 66087156.63028782, 66087735.62729385, 66088314.62429986, 66088894.621300735, 66089473.61830676, 66090053.615307614, 66090631.61231881, 66184516.126845494, 66185094.12385669, 66185674.12085755, 66186254.11785841, 66186832.11486962, 66187412.11187047, 66187991.1088765, 66188570.10588252, 66189150.102883376]	0.0	0.0	0.0
4912.8843455833485	2.0	trials	8.0	0.0	0.0	0.0	0.0	0.0	True	40.0	0.0	0.005	[66189729.0998894, 66252784.77383087, 66253363.7708369, 66253943.76783776, 66254523.76483861, 66255101.76184981, 66255681.75885067, 66256259.75586187, 66256838.7528679, 66257418.74986875, 66257998.746869616, 66359331.222883165, 66359911.21988403, 66360489.21689522, 66361069.21389607, 66361649.21089694, 66362227.20790814, 66362807.20490899, 66363387.201909855, 66363965.19892105]	0.0	0.0	0.0
4924.005955273991	2.0	trials	8.0	0.0	0.0	0.0	0.0	0.0	True	40.0	0.0	0.005	[66364545.1959219, 66431629.84902966, 66432207.84604087, 66432787.843041725, 66433366.840047754, 66433946.837048605, 66434525.834054634, 66435103.83106583, 66435683.8280667, 66436262.82507273, 66436843.822068416, 66551321.23011001, 66551901.22711086, 66552480.22411689, 66553059.22112291, 66553639.21812377, 66554219.21512463, 66554798.21213066, 66555376.20914186, 66555956.206142716]	0.0	0.0	0.0
4931.332205390273	2.0	trials	8.0	0.0	0.0	0.0	0.0	0.0	True	40.0	0.0	0.005	[66556536.203143574, 66645139.74497796, 66645718.741983995, 66646297.738990024, 66646876.73599605, 66647455.73300208, 66648036.72999776, 66648615.72700379, 66649195.72400464, 66649774.721010685, 66650353.71801671, 66709170.41387777, 66709750.410878636, 66710329.40788466, 66710908.40489068, 66711488.40189154, 66712066.398902744, 66712646.395903595, 66713225.39290962, 66713805.38991048]	0.0	0.0	0.0
4940.788204493714	2.0	trials	8.0	0.0	0.0	0.0	0.0	0.0	True	40.0	0.0	0.005	[66714384.38691651, 66814167.87093984, 66814746.867945865, 66815326.86494672, 66815905.86195276, 66816484.85895879, 66817063.8559648, 66817642.85297083, 66818222.84997169, 66818801.84697773, 66819381.843978584, 66916652.34099648, 66917231.338002495, 66917811.33500336, 66918390.33200938, 66918969.32901541, 66919548.32602144, 66920127.32302747, 66920706.3200335, 66921286.31703436]	0.0	0.0	0.0
4948.0898307373245	2.0	trials	8.0	0.0	0.0	0.0	0.0	0.0	True	40.0	0.0	0.005	[66921865.31404038, 67013569.839839704, 67014148.836845726, 67014728.83384659, 67015307.830852605, 67015886.82785865, 67016465.82486467, 67017045.82186553, 67017623.81887673, 67018203.81587758, 67018783.812878445, 67104236.37100646, 67104815.36801248, 67105394.36501851, 67105973.36202454, 67106553.35902539, 67107132.356031425, 67107711.353037454, 67108291.350038305, 67108870.34704433]	0.0	0.0	0.0
4957.318167018001	2.0	trials	8.0	0.0	0.0	0.0	0.0	0.0	True	40.0	0.0	0.005	[67109449.34405036, 67229376.72391036, 67229955.72091639, 67230535.71791725, 67231114.71492328, 67231694.71192414, 67232273.70893016, 67232852.7059362, 67233431.70294222, 67234010.69994824, 67234590.69694911, 67328195.21292365, 67328775.2099245, 67329354.20693053, 67329933.20393656, 67330513.20093742, 67331092.19794345, 67331672.19494429, 67332251.19195032, 67332830.18895636]	0.0	0.0	0.0
4964.986127367313	2.0	trials	8.0	0.0	0.0	0.0	0.0	0.0	True	40.0	0.0	0.005	[67333409.1859624, 67430973.68146002, 67431552.67846605, 67432131.67547207, 67432710.67247811, 67433290.66947897, 67433869.666485, 67434448.66349101, 67435028.66049188, 67435607.65749791, 67436187.65449876, 67494240.35431042, 67494819.35131645, 67495398.34832248, 67495978.34532332, 67496556.34233454, 67497136.3393354, 67497715.33634143, 67498294.33334744, 67498873.33035347]	0.0	0.0	0.0
4972.545137880001	2.0	trials	8.0	0.0	0.0	0.0	0.0	0.0	True	40.0	0.0	0.005	[67499453.32735433, 67615907.72517298, 67616486.72217901, 67617065.71918504, 67617645.7161859, 67618224.71319193, 67618804.7101928, 67619382.70720398, 67619961.70421001, 67620541.70121087, 67621120.6982169, 68376907.79007009, 68376910.79005456, 68466974.32433937, 68466978.3243187, 68537797.95811301, 68537806.95806648, 68547504.90791875, 68547507.90790322, 68638460.43759109]	0.0	0.0	0.0
4979.553696839049	2.0	trials	8.0	0.0	0.0	0.0	0.0	0.0	True	40.0	0.0	0.005	[68648160.38743302, 68648162.38742268, 68648165.38740717, 68774964.73173249, 68855287.3163874, 68864987.26622932, 68956011.79554488, 68965725.74531442, 68965729.74529372, 69045111.33481449, 69112326.98724486, 69122039.93701956, 69122043.93699887, 69122048.93697302, 69231992.36845964, 69231995.36844413, 69232001.3684131, 69241697.31827572, 69241704.31823951, 69336031.83047548]	0.0	0.0	0.0
4989.157352778964	2.0	trials	8.0	0.0	0.0	0.0	0.0	0.0	True	40.0	0.0	0.005	[69345726.78034323, 69345728.7803329, 69425231.36922798, 69425250.36912975, 69434952.3189613, 69518640.88621086, 69518642.88620052, 69641438.25123027, 69651138.2010722, 69651140.20106184, 69651142.20105152, 69777543.54743487, 69777552.54738833, 69777555.54737282, 69787254.49721992, 69787259.49719405, 69787289.49703893, 69854917.14733887, 69864613.09720148, 69864621.09716012]	0.0	0.0	0.0
4999.270161286075	2.0	trials	8.0	0.0	0.0	0.0	0.0	0.0	True	40.0	0.0	0.005	[69864624.09714459, 69925955.78000076, 69935655.72984268, 70047687.15053238, 70057392.10034846, 70119140.78104833, 70119146.7810173, 70119149.78100179, 70128847.73085405, 70128852.7308282, 70254777.07967809, 70264471.02955104, 70344595.61522979, 70344599.61520912, 70354281.56514412, 70354299.56505103, 70354301.56504071, 70354303.56503035, 70419660.22707349, 70429361.17691025]	0.0	0.0	0.0
5006.133914593906	2.0	trials	8.0	0.0	0.0	0.0	0.0	0.0	True	40.0	0.0	0.005	[70429363.1768999, 70429371.17685853, 70525915.67763053, 70535616.62746727, 70535623.6274311, 70638662.09462301, 70648362.04446495, 70648365.04444942, 70725879.64362434, 70735581.59345591, 70837475.06656857, 70847181.01637946, 70847183.01636912, 70847192.01632258, 70922678.62598413, 70990533.27511029, 70990548.27503271, 71000232.22495738, 71000236.2249367, 71101776.69987468]	0.0	0.0	0.0
5011.737876016066	2.0	trials	8.0	0.0	0.0	0.0	0.0	0.0	True	40.0	0.0	0.005	[71101783.69983847, 71111484.64967524, 71241206.97888592, 71241208.97887556, 71241210.97886524, 71715930.52410819, 71716220.52260862, 71716509.52111422, 71716799.51961465, 71717089.51811507, 71717379.5166155, 71717668.5151211, 71717958.51362154, 71718247.51212713, 71718537.51062757, 71718826.50913316, 71719117.50762841, 71719406.50613402, 71719695.50463961, 71719986.50313488]	0.0	0.0	0.0
5018.986193735333	2.0	trials	8.0	0.0	0.0	0.0	0.0	0.0	True	40.0	0.0	0.005	[71720275.50164047, 71720564.50014608, 71720853.49865167, 71721144.49714693, 71721434.49564736, 71825577.95712541, 71825866.95563102, 71826157.95412627, 71826446.95263186, 71826735.95113747, 71827025.94963789, 71827314.94814348, 71827605.94663875, 71827894.94514436, 71828184.94364478, 71828473.94215038, 71828763.94065079, 71829053.93915124, 71829342.93765683, 71829632.93615727]	0.0	0.0	0.0
5028.424740129022	2.0	trials	8.0	0.0	0.0	0.0	0.0	0.0	True	40.0	0.0	0.005	[71829922.9346577, 71830211.9331633, 71830501.93166372, 71830791.93016414, 71831080.92866974, 71903153.55598488, 71903444.55448014, 71903732.55299093, 71904023.55148616, 71904312.54999177, 71904602.54849221, 71904892.54699263, 71905181.54549824, 71905471.54399866, 71905760.54250425, 71906050.54100469, 71906340.53950511, 71906629.5380107, 71906919.53651114, 71907208.53501675]	0.0	0.0	0.0
5033.825921799747	2.0	trials	8.0	0.0	0.0	0.0	0.0	0.0	True	40.0	0.0	0.005	[71907498.53351718, 71907788.5320176, 71908077.5305232, 71908367.52902363, 71908657.52752405, 72018021.96200465, 72018311.96050508, 72018600.95901068, 72018890.95751111, 72019180.95601153, 72019469.95451713, 72019759.95301756, 72020049.95151798, 72020338.95002358, 72020628.94852401, 72020917.94702962, 72021208.94552487, 72021498.9440253, 72021787.9425309, 72022076.94103651]	0.0	0.0	0.0
5040.4234780840725	2.0	trials	8.0	0.0	0.0	0.0	0.0	0.0	True	40.0	0.0	0.005	[72022366.93953693, 72022655.93804252, 72022946.93653779, 72023234.93504855, 72023524.93354899, 72132605.36949813, 72132894.36800373, 72133183.36650932, 72133474.36500457, 72133763.36351018, 72134052.36201578, 72134343.36051103, 72134632.35901664, 72134921.35752223, 72135212.3560175, 72135501.35452309, 72135790.3530287, 72136081.35152395, 72136370.35002954, 72136660.34852998]	0.0	0.0	0.0
5050.3658202726565	2.0	trials	8.0	0.0	0.0	0.0	0.0	0.0	True	40.0	0.0	0.005	[72136948.34704074, 72137239.34553601, 72137528.34404162, 72137818.34254204, 72138107.34104764, 72238453.82215972, 72238743.82066016, 72239032.81916575, 72239322.81766619, 72239611.81617178, 72239902.81466703, 72240191.81317264, 72240480.81167825, 72240770.81017867, 72241060.8086791, 72241349.8071847, 72241639.80568513, 72241929.80418555, 72242219.80268598, 72242508.80119158]	0.0	0.0	0.0
5060.997717295582	2.0	trials	8.0	0.0	0.0	0.0	0.0	0.0	True	40.0	0.0	0.005	[72242798.799692, 72243087.79819761, 72243377.79669803, 72243666.79520364, 72243956.79370408, 72376856.10648668, 72377146.10498711, 72377435.1034927, 72377725.10199314, 72378014.10049874, 72378304.09899917, 72378594.0974996, 72378883.09600519, 72379174.09450045, 72379462.09301123, 72379752.09151165, 72380042.09001209, 72380332.08851251, 72380622.08701295, 72380911.08551854]	0.0	0.0	0.0
5070.928049946266	2.0	trials	8.0	0.0	0.0	0.0	0.0	0.0	True	40.0	0.0	0.005	[72381201.08401896, 72381491.0825194, 72381780.08102499, 72382069.0795306, 72382359.07803102, 72469265.6286405, 72469554.6271461, 72469844.62564652, 72470134.62414695, 72470424.62264737, 72470713.62115298, 72471003.6196534, 72471292.61815901, 72471583.61665426, 72471871.61516504, 72472161.61366546, 72472451.6121659, 72472741.61066632, 72473030.60917193, 72473320.60767235]	0.0	0.0	0.0
5079.789447324368	2.0	trials	8.0	0.0	0.0	0.0	0.0	0.0	True	40.0	0.0	0.005	[72473609.60617794, 72473900.6046732, 72474188.60318398, 72474479.60167924, 72474768.60018484, 72573497.0896635, 72573785.08817427, 72574076.08666952, 72574366.08516996, 72574655.08367555, 72574944.08218116, 72575234.08068159, 72575524.07918203, 72575813.07768762, 72576103.07618804, 72576393.07468846, 72576683.0731889, 72576972.0716945, 72577262.07019493, 72577551.06870052]	0.0	0.0	0.0
5088.424132274789	2.0	trials	9.0	0.0	0.0	0.0	0.0	0.0	True	5.0	0.0	0.01	[72577841.06720096, 72578130.06570657, 72578419.06421216, NaN, NaN, NaN, NaN, NaN, NaN, NaN, NaN, NaN, NaN, NaN, NaN, NaN, NaN, NaN, NaN, NaN]	0.0	0.0	0.0
5097.706986673556	2.0	trials	9.0	0.0	0.0	0.0	0.0	0.0	True	5.0	0.0	0.01	[72578710.06270741, 72578999.06121302, 72702733.42138726, NaN, NaN, NaN, NaN, NaN, NaN, NaN, NaN, NaN, NaN, NaN, NaN, NaN, NaN, NaN, NaN, NaN]	0.0	0.0	0.0
5104.5482760975465	2.0	trials	9.0	0.0	0.0	0.0	0.0	0.0	True	5.0	0.0	0.01	[72703023.41988769, 72703313.41838811, 72703603.41688855, NaN, NaN, NaN, NaN, NaN, NaN, NaN, NaN, NaN, NaN, NaN, NaN, NaN, NaN, NaN, NaN, NaN]	0.0	0.0	0.0
5112.897496924092	2.0	trials	9.0	0.0	0.0	0.0	0.0	0.0	True	5.0	0.0	0.01	[72703893.41538897, 72704182.41389458, 72704471.41240017, NaN, NaN, NaN, NaN, NaN, NaN, NaN, NaN, NaN, NaN, NaN, NaN, NaN, NaN, NaN, NaN, NaN]	0.0	0.0	0.0
5120.583601179582	2.0	trials	9.0	0.0	0.0	0.0	0.0	0.0	True	5.0	0.0	0.01	[72704761.41090061, 72705050.4094062, 72705341.40790145, NaN, NaN, NaN, NaN, NaN, NaN, NaN, NaN, NaN, NaN, NaN, NaN, NaN, NaN, NaN, NaN, NaN]	0.0	0.0	0.0
5128.965826635461	2.0	trials	9.0	0.0	0.0	0.0	0.0	0.0	True	5.0	0.0	0.01	[72705630.40640704, 72705920.40490748, 72706210.40340792, NaN, NaN, NaN, NaN, NaN, NaN, NaN, NaN, NaN, NaN, NaN, NaN, NaN, NaN, NaN, NaN, NaN]	0.0	0.0	0.0
5135.742316394529	2.0	trials	9.0	0.0	0.0	0.0	0.0	0.0	True	5.0	0.0	0.01	[72706499.40191352, 72706789.40041395, 72707079.39891437, NaN, NaN, NaN, NaN, NaN, NaN, NaN, NaN, NaN, NaN, NaN, NaN, NaN, NaN, NaN, NaN, NaN]	0.0	0.0	0.0
5143.4985770872445	2.0	trials	9.0	0.0	0.0	0.0	0.0	0.0	True	5.0	0.0	0.01	[72707368.39741996, 72707658.3959204, 72707947.39442599, NaN, NaN, NaN, NaN, NaN, NaN, NaN, NaN, NaN, NaN, NaN, NaN, NaN, NaN, NaN, NaN, NaN]	0.0	0.0	0.0
5154.399522318933	2.0	trials	9.0	0.0	0.0	0.0	0.0	0.0	True	5.0	0.0	0.01	[72708237.39292642, 72827804.77464797, 72828094.77314839, NaN, NaN, NaN, NaN, NaN, NaN, NaN, NaN, NaN, NaN, NaN, NaN, NaN, NaN, NaN, NaN, NaN]	0.0	0.0	0.0
5165.145725950784	2.0	trials	9.0	0.0	0.0	0.0	0.0	0.0	True	5.0	0.0	0.01	[72828384.77164881, 72828674.77014925, 72828963.76865484, NaN, NaN, NaN, NaN, NaN, NaN, NaN, NaN, NaN, NaN, NaN, NaN, NaN, NaN, NaN, NaN, NaN]	0.0	0.0	0.0
5174.655292777231	2.0	trials	9.0	0.0	0.0	0.0	0.0	0.0	True	5.0	0.0	0.01	[72829253.76715527, 72829542.76566088, 72829833.76415612, NaN, NaN, NaN, NaN, NaN, NaN, NaN, NaN, NaN, NaN, NaN, NaN, NaN, NaN, NaN, NaN, NaN]	0.0	0.0	0.0
5179.863717044696	2.0	trials	9.0	0.0	0.0	0.0	0.0	0.0	True	5.0	0.0	0.01	[72830122.76266173, 72830412.76116216, 72830701.75966775, NaN, NaN, NaN, NaN, NaN, NaN, NaN, NaN, NaN, NaN, NaN, NaN, NaN, NaN, NaN, NaN, NaN]	0.0	0.0	0.0
5188.1496069987215	2.0	trials	9.0	0.0	0.0	0.0	0.0	0.0	True	5.0	0.0	0.01	[72830990.75817335, 72831280.75667378, 72831570.75517422, NaN, NaN, NaN, NaN, NaN, NaN, NaN, NaN, NaN, NaN, NaN, NaN, NaN, NaN, NaN, NaN, NaN]	0.0	0.0	0.0
5198.145603309862	2.0	trials	9.0	0.0	0.0	0.0	0.0	0.0	True	5.0	0.0	0.01	[72831860.75367464, 72832149.75218025, 72832439.75068067, NaN, NaN, NaN, NaN, NaN, NaN, NaN, NaN, NaN, NaN, NaN, NaN, NaN, NaN, NaN, NaN, NaN]	0.0	0.0	0.0
5229.531882612785	2.0	trials	9.0	0.0	0.0	0.0	0.0	0.0	True	5.0	0.0	0.01	[72832728.74918628, 72833018.7476867, 72833308.74618714, NaN, NaN, NaN, NaN, NaN, NaN, NaN, NaN, NaN, NaN, NaN, NaN, NaN, NaN, NaN, NaN, NaN]	0.0	0.0	0.0
5239.192043860514	2.0	trials	9.0	0.0	0.0	0.0	0.0	0.0	True	5.0	0.0	0.01	[72943730.17520204, 72944019.17370763, 72944309.17220807, NaN, NaN, NaN, NaN, NaN, NaN, NaN, NaN, NaN, NaN, NaN, NaN, NaN, NaN, NaN, NaN, NaN]	0.0	0.0	0.0
5245.053475951305	2.0	trials	9.0	0.0	0.0	0.0	0.0	0.0	True	5.0	0.0	0.01	[72944599.17070849, 72944888.1692141, 72945178.16771452, NaN, NaN, NaN, NaN, NaN, NaN, NaN, NaN, NaN, NaN, NaN, NaN, NaN, NaN, NaN, NaN, NaN]	0.0	0.0	0.0
5255.661267498878	2.0	trials	9.0	0.0	0.0	0.0	0.0	0.0	True	5.0	0.0	0.01	[72945467.16622013, 72945757.16472055, 72946046.16322616, NaN, NaN, NaN, NaN, NaN, NaN, NaN, NaN, NaN, NaN, NaN, NaN, NaN, NaN, NaN, NaN, NaN]	0.0	0.0	0.0
5261.232310691258	2.0	trials	9.0	0.0	0.0	0.0	0.0	0.0	True	5.0	0.0	0.01	[72946336.16172658, 72946625.16023217, 72946916.15872744, NaN, NaN, NaN, NaN, NaN, NaN, NaN, NaN, NaN, NaN, NaN, NaN, NaN, NaN, NaN, NaN, NaN]	0.0	0.0	0.0
5266.5394896480675	2.0	trials	9.0	0.0	0.0	0.0	0.0	0.0	True	5.0	0.0	0.01	[72947205.15723304, 72947495.15573347, 72947785.15423389, NaN, NaN, NaN, NaN, NaN, NaN, NaN, NaN, NaN, NaN, NaN, NaN, NaN, NaN, NaN, NaN, NaN]	0.0	0.0	0.0
5272.155460608127	2.0	trials	9.0	0.0	0.0	0.0	0.0	0.0	True	5.0	0.0	0.01	[72948074.1527395, 72948364.15123992, 72948654.14974035, NaN, NaN, NaN, NaN, NaN, NaN, NaN, NaN, NaN, NaN, NaN, NaN, NaN, NaN, NaN, NaN, NaN]	0.0	0.0	0.0
5282.76351135436	2.0	trials	9.0	0.0	0.0	0.0	0.0	0.0	True	5.0	0.0	0.01	[72948943.14824596, 72949232.14675155, 73046072.64599295, NaN, NaN, NaN, NaN, NaN, NaN, NaN, NaN, NaN, NaN, NaN, NaN, NaN, NaN, NaN, NaN, NaN]	0.0	0.0	0.0
5291.415389815876	2.0	trials	9.0	0.0	0.0	0.0	0.0	0.0	True	5.0	0.0	0.01	[73046363.6444882, 73046652.64299381, 73046941.6414994, NaN, NaN, NaN, NaN, NaN, NaN, NaN, NaN, NaN, NaN, NaN, NaN, NaN, NaN, NaN, NaN, NaN]	0.0	0.0	0.0
5301.7502451747905	2.0	trials	9.0	0.0	0.0	0.0	0.0	0.0	True	5.0	0.0	0.01	[73047231.63999982, 73047521.63850026, 73047810.63700585, NaN, NaN, NaN, NaN, NaN, NaN, NaN, NaN, NaN, NaN, NaN, NaN, NaN, NaN, NaN, NaN, NaN]	0.0	0.0	0.0
5311.071633774298	2.0	trials	9.0	0.0	0.0	0.0	0.0	0.0	True	5.0	0.0	0.01	[73048100.63550629, 73048390.63400672, 73048680.63250715, NaN, NaN, NaN, NaN, NaN, NaN, NaN, NaN, NaN, NaN, NaN, NaN, NaN, NaN, NaN, NaN, NaN]	0.0	0.0	0.0
5319.417139420054	2.0	trials	9.0	0.0	0.0	0.0	0.0	0.0	True	5.0	0.0	0.01	[73048969.63101274, 73049259.62951317, 73049548.62801877, NaN, NaN, NaN, NaN, NaN, NaN, NaN, NaN, NaN, NaN, NaN, NaN, NaN, NaN, NaN, NaN, NaN]	0.0	0.0	0.0
5325.831442251973	2.0	trials	9.0	0.0	0.0	0.0	0.0	0.0	True	5.0	0.0	0.01	[73049838.6265192, 73050127.6250248, 73050417.62352523, NaN, NaN, NaN, NaN, NaN, NaN, NaN, NaN, NaN, NaN, NaN, NaN, NaN, NaN, NaN, NaN, NaN]	0.0	0.0	0.0
5335.293489324142	2.0	trials	9.0	0.0	0.0	0.0	0.0	0.0	True	5.0	0.0	0.01	[73050707.62202567, 73050996.62053126, 73051286.61903168, NaN, NaN, NaN, NaN, NaN, NaN, NaN, NaN, NaN, NaN, NaN, NaN, NaN, NaN, NaN, NaN, NaN]	0.0	0.0	0.0
5342.493855291365	2.0	trials	9.0	0.0	0.0	0.0	0.0	0.0	True	5.0	0.0	0.01	[73051575.61753729, 73182318.94146843, 73182608.93996887, NaN, NaN, NaN, NaN, NaN, NaN, NaN, NaN, NaN, NaN, NaN, NaN, NaN, NaN, NaN, NaN, NaN]	0.0	0.0	0.0
5348.391402395407	2.0	trials	9.0	0.0	0.0	0.0	0.0	0.0	True	5.0	0.0	0.01	[73182898.9384693, 73183187.9369749, 73183477.93547532, NaN, NaN, NaN, NaN, NaN, NaN, NaN, NaN, NaN, NaN, NaN, NaN, NaN, NaN, NaN, NaN, NaN]	0.0	0.0	0.0
5350.691444901988	2.0	trials	9.0	0.0	0.0	0.0	0.0	0.0	False	0.0	0.0	0.0	[NaN, NaN, NaN, NaN, NaN, NaN, NaN, NaN, NaN, NaN, NaN, NaN, NaN, NaN, NaN, NaN, NaN, NaN, NaN, NaN]	0.0	0.0	0.0
5359.023385817885	2.0	trials	9.0	0.0	0.0	0.0	0.0	0.0	True	5.0	0.0	0.01	[73183766.93398093, 73184056.93248135, 73184346.93098179, NaN, NaN, NaN, NaN, NaN, NaN, NaN, NaN, NaN, NaN, NaN, NaN, NaN, NaN, NaN, NaN, NaN]	0.0	0.0	0.0
5366.343155967674	2.0	trials	9.0	0.0	0.0	0.0	0.0	0.0	True	5.0	0.0	0.01	[73184636.92948222, 73184924.92799297, 73185214.9264934, NaN, NaN, NaN, NaN, NaN, NaN, NaN, NaN, NaN, NaN, NaN, NaN, NaN, NaN, NaN, NaN, NaN]	0.0	0.0	0.0
5373.372623618605	2.0	trials	9.0	0.0	0.0	0.0	0.0	0.0	True	5.0	0.0	0.01	[73185505.92498866, 73185794.92349426, 73186083.92199987, NaN, NaN, NaN, NaN, NaN, NaN, NaN, NaN, NaN, NaN, NaN, NaN, NaN, NaN, NaN, NaN, NaN]	0.0	0.0	0.0
5382.945175719356	2.0	trials	9.0	0.0	0.0	0.0	0.0	0.0	True	5.0	0.0	0.01	[73186374.92049512, 73186663.91900073, 73186953.91750117, NaN, NaN, NaN, NaN, NaN, NaN, NaN, NaN, NaN, NaN, NaN, NaN, NaN, NaN, NaN, NaN, NaN]	0.0	0.0	0.0
5391.507889841936	2.0	trials	9.0	0.0	0.0	0.0	0.0	0.0	True	5.0	0.0	0.01	[73187242.91600676, 73187532.91450718, 73187822.9130076, NaN, NaN, NaN, NaN, NaN, NaN, NaN, NaN, NaN, NaN, NaN, NaN, NaN, NaN, NaN, NaN, NaN]	0.0	0.0	0.0
5397.225121078383	2.0	trials	9.0	0.0	0.0	0.0	0.0	0.0	True	5.0	0.0	0.01	[73303358.31557836, 73303647.31408396, 73303936.31258956, NaN, NaN, NaN, NaN, NaN, NaN, NaN, NaN, NaN, NaN, NaN, NaN, NaN, NaN, NaN, NaN, NaN]	0.0	0.0	0.0
5407.725085983524	2.0	trials	9.0	0.0	0.0	0.0	0.0	0.0	True	5.0	0.0	0.01	[73304226.31108999, 73304516.30959041, 73304805.308096, NaN, NaN, NaN, NaN, NaN, NaN, NaN, NaN, NaN, NaN, NaN, NaN, NaN, NaN, NaN, NaN, NaN]	0.0	0.0	0.0
5418.458416081943	2.0	trials	9.0	0.0	0.0	0.0	0.0	0.0	True	5.0	0.0	0.01	[73305096.30659127, 73305385.30509686, 73305674.30360247, NaN, NaN, NaN, NaN, NaN, NaN, NaN, NaN, NaN, NaN, NaN, NaN, NaN, NaN, NaN, NaN, NaN]	0.0	0.0	0.0
5429.043398147464	2.0	trials	9.0	0.0	0.0	0.0	0.0	0.0	True	5.0	0.0	0.01	[73305964.3021029, 73306254.30060332, 73306543.29910894, NaN, NaN, NaN, NaN, NaN, NaN, NaN, NaN, NaN, NaN, NaN, NaN, NaN, NaN, NaN, NaN, NaN]	0.0	0.0	0.0
5434.366474622068	2.0	trials	9.0	0.0	0.0	0.0	0.0	0.0	True	5.0	0.0	0.01	[73306832.29761453, 73307122.29611495, 73307412.29461539, NaN, NaN, NaN, NaN, NaN, NaN, NaN, NaN, NaN, NaN, NaN, NaN, NaN, NaN, NaN, NaN, NaN]	0.0	0.0	0.0
5444.428048194112	2.0	trials	9.0	0.0	0.0	0.0	0.0	0.0	True	5.0	0.0	0.01	[73307702.29311581, 73307992.29161625, 73308281.29012184, NaN, NaN, NaN, NaN, NaN, NaN, NaN, NaN, NaN, NaN, NaN, NaN, NaN, NaN, NaN, NaN, NaN]	0.0	0.0	0.0
5453.21928913499	2.0	trials	9.0	0.0	0.0	0.0	0.0	0.0	True	5.0	0.0	0.01	[73308572.2886171, 73308860.28712785, 73420121.7117992, NaN, NaN, NaN, NaN, NaN, NaN, NaN, NaN, NaN, NaN, NaN, NaN, NaN, NaN, NaN, NaN, NaN]	0.0	0.0	0.0
5459.870931539637	2.0	trials	9.0	0.0	0.0	0.0	0.0	0.0	True	5.0	0.0	0.01	[73420410.7103048, 73420701.70880005, 73420990.70730565, NaN, NaN, NaN, NaN, NaN, NaN, NaN, NaN, NaN, NaN, NaN, NaN, NaN, NaN, NaN, NaN, NaN]	0.0	0.0	0.0
5465.045659981343	2.0	trials	9.0	0.0	0.0	0.0	0.0	0.0	True	5.0	0.0	0.01	[73421280.70580608, 73421570.70430651, 73421859.7028121, NaN, NaN, NaN, NaN, NaN, NaN, NaN, NaN, NaN, NaN, NaN, NaN, NaN, NaN, NaN, NaN, NaN]	0.0	0.0	0.0
5473.221390504998	2.0	trials	9.0	0.0	0.0	0.0	0.0	0.0	True	5.0	0.0	0.01	[73422148.70131771, 73422438.69981813, 73422728.69831856, NaN, NaN, NaN, NaN, NaN, NaN, NaN, NaN, NaN, NaN, NaN, NaN, NaN, NaN, NaN, NaN, NaN]	0.0	0.0	0.0
5479.293291907461	2.0	trials	9.0	0.0	0.0	0.0	0.0	0.0	True	5.0	0.0	0.01	[73423017.69682416, 73423307.6953246, 73423597.69382502, NaN, NaN, NaN, NaN, NaN, NaN, NaN, NaN, NaN, NaN, NaN, NaN, NaN, NaN, NaN, NaN, NaN]	0.0	0.0	0.0
5488.305024508187	2.0	trials	9.0	0.0	0.0	0.0	0.0	0.0	True	5.0	0.0	0.01	[73423886.69233063, 73424175.69083622, 73424465.68933666, NaN, NaN, NaN, NaN, NaN, NaN, NaN, NaN, NaN, NaN, NaN, NaN, NaN, NaN, NaN, NaN, NaN]	0.0	0.0	0.0
5497.431063717837	2.0	trials	9.0	0.0	0.0	0.0	0.0	0.0	True	5.0	0.0	0.01	[73424755.68783708, 73425045.6863375, 73425334.6848431, NaN, NaN, NaN, NaN, NaN, NaN, NaN, NaN, NaN, NaN, NaN, NaN, NaN, NaN, NaN, NaN, NaN]	0.0	0.0	0.0
5505.867461693592	2.0	trials	9.0	0.0	0.0	0.0	0.0	0.0	True	5.0	0.0	0.01	[73425624.68334353, 73530368.14171903, 73530658.14021946, NaN, NaN, NaN, NaN, NaN, NaN, NaN, NaN, NaN, NaN, NaN, NaN, NaN, NaN, NaN, NaN, NaN]	0.0	0.0	0.0
5515.485114361131	2.0	trials	9.0	0.0	0.0	0.0	0.0	0.0	True	5.0	0.0	0.01	[73530947.13872506, 73531237.13722548, 73531527.1357259, NaN, NaN, NaN, NaN, NaN, NaN, NaN, NaN, NaN, NaN, NaN, NaN, NaN, NaN, NaN, NaN, NaN]	0.0	0.0	0.0
5522.123969631901	2.0	trials	9.0	0.0	0.0	0.0	0.0	0.0	True	5.0	0.0	0.01	[73531817.13422634, 73532106.13273193, 73532395.13123754, NaN, NaN, NaN, NaN, NaN, NaN, NaN, NaN, NaN, NaN, NaN, NaN, NaN, NaN, NaN, NaN, NaN]	0.0	0.0	0.0
5528.6496414879375	2.0	trials	9.0	0.0	0.0	0.0	0.0	0.0	True	5.0	0.0	0.01	[73532685.12973796, 73532975.1282384, 73533264.126744, NaN, NaN, NaN, NaN, NaN, NaN, NaN, NaN, NaN, NaN, NaN, NaN, NaN, NaN, NaN, NaN, NaN]	0.0	0.0	0.0
5536.719014161564	2.0	trials	9.0	0.0	0.0	0.0	0.0	0.0	True	5.0	0.0	0.01	[73533553.1252496, 73533844.12374485, 73534133.12225045, NaN, NaN, NaN, NaN, NaN, NaN, NaN, NaN, NaN, NaN, NaN, NaN, NaN, NaN, NaN, NaN, NaN]	0.0	0.0	0.0
5546.489507638769	2.0	trials	9.0	0.0	0.0	0.0	0.0	0.0	True	5.0	0.0	0.01	[73534423.12075087, 73534713.11925131, 73535003.11775173, NaN, NaN, NaN, NaN, NaN, NaN, NaN, NaN, NaN, NaN, NaN, NaN, NaN, NaN, NaN, NaN, NaN]	0.0	0.0	0.0
5553.3434977970865	2.0	trials	9.0	0.0	0.0	0.0	0.0	0.0	True	5.0	0.0	0.01	[73535292.11625732, 73535581.11476293, 73535872.11325818, NaN, NaN, NaN, NaN, NaN, NaN, NaN, NaN, NaN, NaN, NaN, NaN, NaN, NaN, NaN, NaN, NaN]	0.0	0.0	0.0
5559.303079780348	2.0	trials	9.0	0.0	0.0	0.0	0.0	0.0	True	5.0	0.0	0.01	[73651271.51653218, 73651561.51503262, 73651851.51353304, NaN, NaN, NaN, NaN, NaN, NaN, NaN, NaN, NaN, NaN, NaN, NaN, NaN, NaN, NaN, NaN, NaN]	0.0	0.0	0.0
5566.311120342077	2.0	trials	9.0	0.0	0.0	0.0	0.0	0.0	True	5.0	0.0	0.01	[73652141.51203348, 73652430.51053907, 73652720.50903949, NaN, NaN, NaN, NaN, NaN, NaN, NaN, NaN, NaN, NaN, NaN, NaN, NaN, NaN, NaN, NaN, NaN]	0.0	0.0	0.0
5574.195252373575	2.0	trials	9.0	0.0	0.0	0.0	0.0	0.0	True	5.0	0.0	0.01	[73653009.50754508, 73653299.50604552, 73653588.50455111, NaN, NaN, NaN, NaN, NaN, NaN, NaN, NaN, NaN, NaN, NaN, NaN, NaN, NaN, NaN, NaN, NaN]	0.0	0.0	0.0
5602.491624454273	2.0	trials	9.0	0.0	0.0	0.0	0.0	0.0	True	5.0	0.0	0.01	[73653878.50305155, 73654168.50155199, 73654458.5000524, NaN, NaN, NaN, NaN, NaN, NaN, NaN, NaN, NaN, NaN, NaN, NaN, NaN, NaN, NaN, NaN, NaN]	0.0	0.0	0.0
5604.814562842461	2.0	trials	9.0	0.0	0.0	0.0	0.0	0.0	False	0.0	0.0	0.0	[NaN, NaN, NaN, NaN, NaN, NaN, NaN, NaN, NaN, NaN, NaN, NaN, NaN, NaN, NaN, NaN, NaN, NaN, NaN, NaN]	0.0	0.0	0.0
5609.9175796549835	2.0	trials	9.0	0.0	0.0	0.0	0.0	0.0	True	5.0	0.0	0.01	[73654747.49855801, 73655037.49705844, 73655327.49555887, NaN, NaN, NaN, NaN, NaN, NaN, NaN, NaN, NaN, NaN, NaN, NaN, NaN, NaN, NaN, NaN, NaN]	0.0	0.0	0.0
5618.493944906974	2.0	trials	9.0	0.0	0.0	0.0	0.0	0.0	True	5.0	0.0	0.01	[73655617.49405931, 73655906.4925649, 73656196.49106532, NaN, NaN, NaN, NaN, NaN, NaN, NaN, NaN, NaN, NaN, NaN, NaN, NaN, NaN, NaN, NaN, NaN]	0.0	0.0	0.0
5624.263361473573	2.0	trials	9.0	0.0	0.0	0.0	0.0	0.0	True	5.0	0.0	0.01	[73656485.48957093, 73656774.48807652, 73733633.09064355, NaN, NaN, NaN, NaN, NaN, NaN, NaN, NaN, NaN, NaN, NaN, NaN, NaN, NaN, NaN, NaN, NaN]	0.0	0.0	0.0
5634.7877774522785	2.0	trials	9.0	0.0	0.0	0.0	0.0	0.0	True	5.0	0.0	0.01	[73733922.08914916, 73734212.08764958, 73734501.08615519, NaN, NaN, NaN, NaN, NaN, NaN, NaN, NaN, NaN, NaN, NaN, NaN, NaN, NaN, NaN, NaN, NaN]	0.0	0.0	0.0
5641.408143218657	2.0	trials	9.0	0.0	0.0	0.0	0.0	0.0	True	5.0	0.0	0.01	[73734791.08465561, 73735081.08315605, 73735370.08166164, NaN, NaN, NaN, NaN, NaN, NaN, NaN, NaN, NaN, NaN, NaN, NaN, NaN, NaN, NaN, NaN, NaN]	0.0	0.0	0.0
5652.5054746348405	2.0	trials	9.0	0.0	0.0	0.0	0.0	0.0	True	5.0	0.0	0.01	[73735659.08016723, 73735949.07866767, 73736239.07716809, NaN, NaN, NaN, NaN, NaN, NaN, NaN, NaN, NaN, NaN, NaN, NaN, NaN, NaN, NaN, NaN, NaN]	0.0	0.0	0.0
5661.24729503127	2.0	trials	9.0	0.0	0.0	0.0	0.0	0.0	True	5.0	0.0	0.01	[73736529.07566853, 73736818.07417414, 73737108.07267456, NaN, NaN, NaN, NaN, NaN, NaN, NaN, NaN, NaN, NaN, NaN, NaN, NaN, NaN, NaN, NaN, NaN]	0.0	0.0	0.0
5671.574460829947	2.0	trials	9.0	0.0	0.0	0.0	0.0	0.0	True	5.0	0.0	0.01	[73737398.071175, 73737688.06967543, 73737977.06818102, NaN, NaN, NaN, NaN, NaN, NaN, NaN, NaN, NaN, NaN, NaN, NaN, NaN, NaN, NaN, NaN, NaN]	0.0	0.0	0.0
5680.819990621717	2.0	trials	9.0	0.0	0.0	0.0	0.0	0.0	True	5.0	0.0	0.01	[73738267.06668144, 73738556.06518704, 73738846.06368747, NaN, NaN, NaN, NaN, NaN, NaN, NaN, NaN, NaN, NaN, NaN, NaN, NaN, NaN, NaN, NaN, NaN]	0.0	0.0	0.0
5686.639346130085	2.0	trials	9.0	0.0	0.0	0.0	0.0	0.0	True	5.0	0.0	0.01	[73739136.0621879, 73806948.71153122, 73807238.71003166, NaN, NaN, NaN, NaN, NaN, NaN, NaN, NaN, NaN, NaN, NaN, NaN, NaN, NaN, NaN, NaN, NaN]	0.0	0.0	0.0
5693.5938189688095	2.0	trials	9.0	0.0	0.0	0.0	0.0	0.0	True	5.0	0.0	0.01	[73807527.70853725, 73807816.70704286, 73808106.70554328, NaN, NaN, NaN, NaN, NaN, NaN, NaN, NaN, NaN, NaN, NaN, NaN, NaN, NaN, NaN, NaN, NaN]	0.0	0.0	0.0
5701.297721532267	2.0	trials	9.0	0.0	0.0	0.0	0.0	0.0	True	5.0	0.0	0.01	[73808397.70403853, 73808686.70254414, 73808976.70104456, NaN, NaN, NaN, NaN, NaN, NaN, NaN, NaN, NaN, NaN, NaN, NaN, NaN, NaN, NaN, NaN, NaN]	0.0	0.0	0.0
5709.079383693632	2.0	trials	9.0	0.0	0.0	0.0	0.0	0.0	True	5.0	0.0	0.01	[73809265.69955017, 73809554.69805577, 73809844.6965562, NaN, NaN, NaN, NaN, NaN, NaN, NaN, NaN, NaN, NaN, NaN, NaN, NaN, NaN, NaN, NaN, NaN]	0.0	0.0	0.0
5717.641320220233	2.0	trials	9.0	0.0	0.0	0.0	0.0	0.0	True	5.0	0.0	0.01	[73810134.69505663, 73810424.69355705, 73810713.69206265, NaN, NaN, NaN, NaN, NaN, NaN, NaN, NaN, NaN, NaN, NaN, NaN, NaN, NaN, NaN, NaN, NaN]	0.0	0.0	0.0
5723.539731319806	2.0	trials	9.0	0.0	0.0	0.0	0.0	0.0	True	5.0	0.0	0.01	[73811003.69056308, 73811292.68906868, 73811582.68756911, NaN, NaN, NaN, NaN, NaN, NaN, NaN, NaN, NaN, NaN, NaN, NaN, NaN, NaN, NaN, NaN, NaN]	0.0	0.0	0.0
5732.745430917536	2.0	trials	9.0	0.0	0.0	0.0	0.0	0.0	True	5.0	0.0	0.01	[73811872.68606953, 73812161.68457514, 73812451.68307555, NaN, NaN, NaN, NaN, NaN, NaN, NaN, NaN, NaN, NaN, NaN, NaN, NaN, NaN, NaN, NaN, NaN]	0.0	0.0	0.0
5738.991945817082	2.0	trials	9.0	0.0	0.0	0.0	0.0	0.0	True	5.0	0.0	0.01	[73940371.02160944, 73940659.0201202, 73940949.01862064, NaN, NaN, NaN, NaN, NaN, NaN, NaN, NaN, NaN, NaN, NaN, NaN, NaN, NaN, NaN, NaN, NaN]	0.0	0.0	0.0
5749.333367542043	2.0	trials	9.0	0.0	0.0	0.0	0.0	0.0	True	5.0	0.0	0.01	[73941239.01712106, 73941529.0156215, 73941818.01412709, NaN, NaN, NaN, NaN, NaN, NaN, NaN, NaN, NaN, NaN, NaN, NaN, NaN, NaN, NaN, NaN, NaN]	0.0	0.0	0.0
5757.4392008271325	2.0	trials	9.0	0.0	0.0	0.0	0.0	0.0	True	5.0	0.0	0.01	[73942109.01262234, 73942399.01112278, 73942687.00963356, NaN, NaN, NaN, NaN, NaN, NaN, NaN, NaN, NaN, NaN, NaN, NaN, NaN, NaN, NaN, NaN, NaN]	0.0	0.0	0.0
5762.9715370196645	2.0	trials	9.0	0.0	0.0	0.0	0.0	0.0	True	5.0	0.0	0.01	[73942978.0081288, 73943267.00663441, 73943557.00513484, NaN, NaN, NaN, NaN, NaN, NaN, NaN, NaN, NaN, NaN, NaN, NaN, NaN, NaN, NaN, NaN, NaN]	0.0	0.0	0.0
5772.043230910332	2.0	trials	9.0	0.0	0.0	0.0	0.0	0.0	True	5.0	0.0	0.01	[73943846.00364044, 73944136.00214086, 73944426.00064129, NaN, NaN, NaN, NaN, NaN, NaN, NaN, NaN, NaN, NaN, NaN, NaN, NaN, NaN, NaN, NaN, NaN]	0.0	0.0	0.0
5780.897889123282	2.0	trials	9.0	0.0	0.0	0.0	0.0	0.0	True	5.0	0.0	0.01	[73944714.99914688, 73945004.99764732, 73945294.99614775, NaN, NaN, NaN, NaN, NaN, NaN, NaN, NaN, NaN, NaN, NaN, NaN, NaN, NaN, NaN, NaN, NaN]	0.0	0.0	0.0
5789.271561023391	2.0	trials	9.0	0.0	0.0	0.0	0.0	0.0	True	5.0	0.0	0.01	[73945584.99464817, 73945873.99315378, 74048969.46005097, NaN, NaN, NaN, NaN, NaN, NaN, NaN, NaN, NaN, NaN, NaN, NaN, NaN, NaN, NaN, NaN, NaN]	0.0	0.0	0.0
5797.105149316249	2.0	trials	9.0	0.0	0.0	0.0	0.0	0.0	True	5.0	0.0	0.01	[74049258.45855656, 74049549.45705183, 74049838.45555742, NaN, NaN, NaN, NaN, NaN, NaN, NaN, NaN, NaN, NaN, NaN, NaN, NaN, NaN, NaN, NaN, NaN]	0.0	0.0	0.0
5807.917362206768	2.0	trials	9.0	0.0	0.0	0.0	0.0	0.0	True	5.0	0.0	0.01	[74050128.45405784, 74050418.45255828, 74050707.45106387, NaN, NaN, NaN, NaN, NaN, NaN, NaN, NaN, NaN, NaN, NaN, NaN, NaN, NaN, NaN, NaN, NaN]	0.0	0.0	0.0
5816.455279657571	2.0	trials	9.0	0.0	0.0	0.0	0.0	0.0	True	5.0	0.0	0.01	[74050996.44956948, 74051287.44806474, 74051575.44657551, NaN, NaN, NaN, NaN, NaN, NaN, NaN, NaN, NaN, NaN, NaN, NaN, NaN, NaN, NaN, NaN, NaN]	0.0	0.0	0.0
5825.335252939617	2.0	trials	9.0	0.0	0.0	0.0	0.0	0.0	True	5.0	0.0	0.01	[74051866.44507077, 74052155.44357637, 74052445.44207679, NaN, NaN, NaN, NaN, NaN, NaN, NaN, NaN, NaN, NaN, NaN, NaN, NaN, NaN, NaN, NaN, NaN]	0.0	0.0	0.0
5830.801493473927	2.0	trials	9.0	0.0	0.0	0.0	0.0	0.0	True	5.0	0.0	0.01	[74052734.4405824, 74053024.43908282, 74053313.43758842, NaN, NaN, NaN, NaN, NaN, NaN, NaN, NaN, NaN, NaN, NaN, NaN, NaN, NaN, NaN, NaN, NaN]	0.0	0.0	0.0
5841.313554316521	2.0	trials	9.0	0.0	0.0	0.0	0.0	0.0	True	5.0	0.0	0.01	[74053604.43608369, 74053893.43458928, 74054183.4330897, NaN, NaN, NaN, NaN, NaN, NaN, NaN, NaN, NaN, NaN, NaN, NaN, NaN, NaN, NaN, NaN, NaN]	0.0	0.0	0.0
5906.14726066426	2.0	trials	12.0	0.0	0.0	0.0	0.0	0.0	False	0.0	0.0	0.0	[NaN, NaN, NaN, NaN, NaN, NaN, NaN, NaN, NaN, NaN, NaN, NaN, NaN, NaN, NaN, NaN, NaN, NaN, NaN, NaN]	0.0	0.0	0.0
5913.929009225178	2.0	trials	12.0	0.0	0.0	0.0	0.0	0.0	False	0.0	0.0	0.0	[NaN, NaN, NaN, NaN, NaN, NaN, NaN, NaN, NaN, NaN, NaN, NaN, NaN, NaN, NaN, NaN, NaN, NaN, NaN, NaN]	0.0	0.0	0.0
5920.886765246927	2.0	trials	12.0	0.0	0.0	0.0	0.0	0.0	True	1.0	0.0	1.0	[74054472.43159531, NaN, NaN, NaN, NaN, NaN, NaN, NaN, NaN, NaN, NaN, NaN, NaN, NaN, NaN, NaN, NaN, NaN, NaN, NaN]	0.0	0.0	0.0
5929.583398677015	2.0	trials	12.0	0.0	0.0	0.0	0.0	0.0	True	1.0	0.0	1.0	[74122730.07863757, NaN, NaN, NaN, NaN, NaN, NaN, NaN, NaN, NaN, NaN, NaN, NaN, NaN, NaN, NaN, NaN, NaN, NaN, NaN]	0.0	0.0	0.0
5940.539207625007	2.0	trials	12.0	0.0	0.0	0.0	0.0	0.0	False	0.0	0.0	0.0	[NaN, NaN, NaN, NaN, NaN, NaN, NaN, NaN, NaN, NaN, NaN, NaN, NaN, NaN, NaN, NaN, NaN, NaN, NaN, NaN]	0.0	0.0	0.0
5948.317154605583	2.0	trials	12.0	0.0	0.0	0.0	0.0	0.0	True	1.0	0.0	1.0	[74123019.07714316, NaN, NaN, NaN, NaN, NaN, NaN, NaN, NaN, NaN, NaN, NaN, NaN, NaN, NaN, NaN, NaN, NaN, NaN, NaN]	0.0	0.0	0.0
5957.0209591985895	2.0	trials	12.0	0.0	0.0	0.0	0.0	0.0	True	1.0	0.0	1.0	[74123309.07564358, NaN, NaN, NaN, NaN, NaN, NaN, NaN, NaN, NaN, NaN, NaN, NaN, NaN, NaN, NaN, NaN, NaN, NaN, NaN]	0.0	0.0	0.0
5963.8797877318875	2.0	trials	12.0	0.0	0.0	0.0	0.0	0.0	False	0.0	0.0	0.0	[NaN, NaN, NaN, NaN, NaN, NaN, NaN, NaN, NaN, NaN, NaN, NaN, NaN, NaN, NaN, NaN, NaN, NaN, NaN, NaN]	0.0	0.0	0.0
5970.526850960215	2.0	trials	12.0	0.0	0.0	0.0	0.0	0.0	True	1.0	0.0	1.0	[74123599.07414402, NaN, NaN, NaN, NaN, NaN, NaN, NaN, NaN, NaN, NaN, NaN, NaN, NaN, NaN, NaN, NaN, NaN, NaN, NaN]	0.0	0.0	0.0
5980.864903102599	2.0	trials	12.0	0.0	0.0	0.0	0.0	0.0	True	1.0	0.0	1.0	[74123889.07264446, NaN, NaN, NaN, NaN, NaN, NaN, NaN, NaN, NaN, NaN, NaN, NaN, NaN, NaN, NaN, NaN, NaN, NaN, NaN]	0.0	0.0	0.0
5989.852789426631	2.0	trials	12.0	0.0	0.0	0.0	0.0	0.0	True	1.0	0.0	1.0	[74124178.07115005, NaN, NaN, NaN, NaN, NaN, NaN, NaN, NaN, NaN, NaN, NaN, NaN, NaN, NaN, NaN, NaN, NaN, NaN, NaN]	0.0	0.0	0.0
5997.562048762388	2.0	trials	12.0	0.0	0.0	0.0	0.0	0.0	True	1.0	0.0	1.0	[74124467.06965566, NaN, NaN, NaN, NaN, NaN, NaN, NaN, NaN, NaN, NaN, NaN, NaN, NaN, NaN, NaN, NaN, NaN, NaN, NaN]	0.0	0.0	0.0
6004.792827372349	2.0	trials	12.0	0.0	0.0	0.0	0.0	0.0	False	0.0	0.0	0.0	[NaN, NaN, NaN, NaN, NaN, NaN, NaN, NaN, NaN, NaN, NaN, NaN, NaN, NaN, NaN, NaN, NaN, NaN, NaN, NaN]	0.0	0.0	0.0
6016.240681775995	2.0	trials	12.0	0.0	0.0	0.0	0.0	0.0	True	1.0	0.0	1.0	[74124757.06815608, NaN, NaN, NaN, NaN, NaN, NaN, NaN, NaN, NaN, NaN, NaN, NaN, NaN, NaN, NaN, NaN, NaN, NaN, NaN]	0.0	0.0	0.0
6028.00104336368	2.0	trials	12.0	0.0	0.0	0.0	0.0	0.0	True	1.0	0.0	1.0	[74125047.06665652, NaN, NaN, NaN, NaN, NaN, NaN, NaN, NaN, NaN, NaN, NaN, NaN, NaN, NaN, NaN, NaN, NaN, NaN, NaN]	0.0	0.0	0.0
6034.685603998109	2.0	trials	12.0	0.0	0.0	0.0	0.0	0.0	True	1.0	0.0	1.0	[74125337.06515694, NaN, NaN, NaN, NaN, NaN, NaN, NaN, NaN, NaN, NaN, NaN, NaN, NaN, NaN, NaN, NaN, NaN, NaN, NaN]	0.0	0.0	0.0
6040.822737063262	2.0	trials	12.0	0.0	0.0	0.0	0.0	0.0	True	1.0	0.0	1.0	[74125626.06366253, NaN, NaN, NaN, NaN, NaN, NaN, NaN, NaN, NaN, NaN, NaN, NaN, NaN, NaN, NaN, NaN, NaN, NaN, NaN]	0.0	0.0	0.0
6051.340759475028	2.0	trials	12.0	0.0	0.0	0.0	0.0	0.0	True	1.0	0.0	1.0	[74125916.06216297, NaN, NaN, NaN, NaN, NaN, NaN, NaN, NaN, NaN, NaN, NaN, NaN, NaN, NaN, NaN, NaN, NaN, NaN, NaN]	0.0	0.0	0.0
6057.514698749858	2.0	trials	12.0	0.0	0.0	0.0	0.0	0.0	True	1.0	0.0	1.0	[74126205.06066856, NaN, NaN, NaN, NaN, NaN, NaN, NaN, NaN, NaN, NaN, NaN, NaN, NaN, NaN, NaN, NaN, NaN, NaN, NaN]	0.0	0.0	0.0
6069.232638156907	2.0	trials	12.0	0.0	0.0	0.0	0.0	0.0	True	1.0	0.0	1.0	[74126495.059169, NaN, NaN, NaN, NaN, NaN, NaN, NaN, NaN, NaN, NaN, NaN, NaN, NaN, NaN, NaN, NaN, NaN, NaN, NaN]	0.0	0.0	0.0
6076.993823624156	2.0	trials	12.0	0.0	0.0	0.0	0.0	0.0	True	1.0	0.0	1.0	[74126784.05767459, NaN, NaN, NaN, NaN, NaN, NaN, NaN, NaN, NaN, NaN, NaN, NaN, NaN, NaN, NaN, NaN, NaN, NaN, NaN]	0.0	0.0	0.0
6083.478974089727	2.0	trials	12.0	0.0	0.0	0.0	0.0	0.0	True	1.0	0.0	1.0	[74127075.05616984, NaN, NaN, NaN, NaN, NaN, NaN, NaN, NaN, NaN, NaN, NaN, NaN, NaN, NaN, NaN, NaN, NaN, NaN, NaN]	0.0	0.0	0.0
6092.65935861836	2.0	trials	12.0	0.0	0.0	0.0	0.0	0.0	True	1.0	0.0	1.0	[74127365.05467027, NaN, NaN, NaN, NaN, NaN, NaN, NaN, NaN, NaN, NaN, NaN, NaN, NaN, NaN, NaN, NaN, NaN, NaN, NaN]	0.0	0.0	0.0
6102.4007354461255	2.0	trials	12.0	0.0	0.0	0.0	0.0	0.0	True	1.0	0.0	1.0	[74127654.05317587, NaN, NaN, NaN, NaN, NaN, NaN, NaN, NaN, NaN, NaN, NaN, NaN, NaN, NaN, NaN, NaN, NaN, NaN, NaN]	0.0	0.0	0.0
6109.936504478994	2.0	trials	12.0	0.0	0.0	0.0	0.0	0.0	True	1.0	0.0	1.0	[74127943.05168147, NaN, NaN, NaN, NaN, NaN, NaN, NaN, NaN, NaN, NaN, NaN, NaN, NaN, NaN, NaN, NaN, NaN, NaN, NaN]	0.0	0.0	0.0
6119.578867418756	2.0	trials	12.0	0.0	0.0	0.0	0.0	0.0	True	1.0	0.0	1.0	[74128233.05018191, NaN, NaN, NaN, NaN, NaN, NaN, NaN, NaN, NaN, NaN, NaN, NaN, NaN, NaN, NaN, NaN, NaN, NaN, NaN]	0.0	0.0	0.0
6126.10151529043	2.0	trials	12.0	0.0	0.0	0.0	0.0	0.0	False	0.0	0.0	0.0	[NaN, NaN, NaN, NaN, NaN, NaN, NaN, NaN, NaN, NaN, NaN, NaN, NaN, NaN, NaN, NaN, NaN, NaN, NaN, NaN]	0.0	0.0	0.0
6132.802491839973	2.0	trials	12.0	0.0	0.0	0.0	0.0	0.0	True	1.0	0.0	1.0	[74251896.41072328, NaN, NaN, NaN, NaN, NaN, NaN, NaN, NaN, NaN, NaN, NaN, NaN, NaN, NaN, NaN, NaN, NaN, NaN, NaN]	0.0	0.0	0.0
6142.414442136999	2.0	trials	12.0	0.0	0.0	0.0	0.0	0.0	True	1.0	0.0	1.0	[74252186.40922372, NaN, NaN, NaN, NaN, NaN, NaN, NaN, NaN, NaN, NaN, NaN, NaN, NaN, NaN, NaN, NaN, NaN, NaN, NaN]	0.0	0.0	0.0
6153.62262417998	2.0	trials	12.0	0.0	0.0	0.0	0.0	0.0	True	0.0	0.0	0.0	[NaN, NaN, NaN, NaN, NaN, NaN, NaN, NaN, NaN, NaN, NaN, NaN, NaN, NaN, NaN, NaN, NaN, NaN, NaN, NaN]	0.0	0.0	0.0
6195.555610546343	2.0	trials	13.0	0.0	0.0	0.0	0.0	0.0	True	0.0	0.0	0.0	[NaN, NaN, NaN, NaN, NaN, NaN, NaN, NaN, NaN, NaN, NaN, NaN, NaN, NaN, NaN, NaN, NaN, NaN, NaN, NaN]	0.0	0.0	0.0
6205.029062359536	2.0	trials	13.0	0.0	0.0	0.0	0.0	0.0	True	0.0	0.0	0.0	[NaN, NaN, NaN, NaN, NaN, NaN, NaN, NaN, NaN, NaN, NaN, NaN, NaN, NaN, NaN, NaN, NaN, NaN, NaN, NaN]	0.0	0.0	0.0
6211.731680500591	2.0	trials	13.0	0.0	0.0	0.0	0.0	0.0	True	0.0	0.0	0.0	[NaN, NaN, NaN, NaN, NaN, NaN, NaN, NaN, NaN, NaN, NaN, NaN, NaN, NaN, NaN, NaN, NaN, NaN, NaN, NaN]	0.0	0.0	0.0
6221.6563107807615	2.0	trials	13.0	0.0	0.0	0.0	0.0	0.0	True	0.0	0.0	0.0	[NaN, NaN, NaN, NaN, NaN, NaN, NaN, NaN, NaN, NaN, NaN, NaN, NaN, NaN, NaN, NaN, NaN, NaN, NaN, NaN]	0.0	0.0	0.0
6231.55623078871	2.0	trials	13.0	0.0	0.0	0.0	0.0	0.0	True	0.0	0.0	0.0	[NaN, NaN, NaN, NaN, NaN, NaN, NaN, NaN, NaN, NaN, NaN, NaN, NaN, NaN, NaN, NaN, NaN, NaN, NaN, NaN]	0.0	0.0	0.0
6240.701623498284	2.0	trials	13.0	0.0	0.0	0.0	0.0	0.0	True	0.0	0.0	0.0	[NaN, NaN, NaN, NaN, NaN, NaN, NaN, NaN, NaN, NaN, NaN, NaN, NaN, NaN, NaN, NaN, NaN, NaN, NaN, NaN]	0.0	0.0	0.0
6252.659580864207	2.0	trials	13.0	0.0	0.0	0.0	0.0	0.0	True	0.0	0.0	0.0	[NaN, NaN, NaN, NaN, NaN, NaN, NaN, NaN, NaN, NaN, NaN, NaN, NaN, NaN, NaN, NaN, NaN, NaN, NaN, NaN]	0.0	0.0	0.0
6260.643677178796	2.0	trials	13.0	0.0	0.0	0.0	0.0	0.0	True	0.0	0.0	0.0	[NaN, NaN, NaN, NaN, NaN, NaN, NaN, NaN, NaN, NaN, NaN, NaN, NaN, NaN, NaN, NaN, NaN, NaN, NaN, NaN]	0.0	0.0	0.0
6269.649275411241	2.0	trials	13.0	0.0	0.0	0.0	0.0	0.0	True	0.0	0.0	0.0	[NaN, NaN, NaN, NaN, NaN, NaN, NaN, NaN, NaN, NaN, NaN, NaN, NaN, NaN, NaN, NaN, NaN, NaN, NaN, NaN]	0.0	0.0	0.0
6280.815380871799	2.0	trials	13.0	0.0	0.0	0.0	0.0	0.0	True	0.0	0.0	0.0	[NaN, NaN, NaN, NaN, NaN, NaN, NaN, NaN, NaN, NaN, NaN, NaN, NaN, NaN, NaN, NaN, NaN, NaN, NaN, NaN]	0.0	0.0	0.0
6291.621545793591	2.0	trials	13.0	0.0	0.0	0.0	0.0	0.0	True	0.0	0.0	0.0	[NaN, NaN, NaN, NaN, NaN, NaN, NaN, NaN, NaN, NaN, NaN, NaN, NaN, NaN, NaN, NaN, NaN, NaN, NaN, NaN]	0.0	0.0	0.0
6301.637414001976	2.0	trials	13.0	0.0	0.0	0.0	0.0	0.0	True	0.0	0.0	0.0	[NaN, NaN, NaN, NaN, NaN, NaN, NaN, NaN, NaN, NaN, NaN, NaN, NaN, NaN, NaN, NaN, NaN, NaN, NaN, NaN]	0.0	0.0	0.0
6310.479889877919	2.0	trials	13.0	0.0	0.0	0.0	0.0	0.0	True	0.0	0.0	0.0	[NaN, NaN, NaN, NaN, NaN, NaN, NaN, NaN, NaN, NaN, NaN, NaN, NaN, NaN, NaN, NaN, NaN, NaN, NaN, NaN]	0.0	0.0	0.0
6322.251569807077	2.0	trials	13.0	0.0	0.0	0.0	0.0	0.0	True	0.0	0.0	0.0	[NaN, NaN, NaN, NaN, NaN, NaN, NaN, NaN, NaN, NaN, NaN, NaN, NaN, NaN, NaN, NaN, NaN, NaN, NaN, NaN]	0.0	0.0	0.0
6332.709285330688	2.0	trials	13.0	0.0	0.0	0.0	0.0	0.0	True	0.0	0.0	0.0	[NaN, NaN, NaN, NaN, NaN, NaN, NaN, NaN, NaN, NaN, NaN, NaN, NaN, NaN, NaN, NaN, NaN, NaN, NaN, NaN]	0.0	0.0	0.0
6342.797642764233	2.0	trials	13.0	0.0	0.0	0.0	0.0	0.0	True	0.0	0.0	0.0	[NaN, NaN, NaN, NaN, NaN, NaN, NaN, NaN, NaN, NaN, NaN, NaN, NaN, NaN, NaN, NaN, NaN, NaN, NaN, NaN]	0.0	0.0	0.0
6352.32302070892	2.0	trials	13.0	0.0	0.0	0.0	0.0	0.0	True	0.0	0.0	0.0	[NaN, NaN, NaN, NaN, NaN, NaN, NaN, NaN, NaN, NaN, NaN, NaN, NaN, NaN, NaN, NaN, NaN, NaN, NaN, NaN]	0.0	0.0	0.0
6362.769072292845	2.0	trials	13.0	0.0	0.0	0.0	0.0	0.0	True	0.0	0.0	0.0	[NaN, NaN, NaN, NaN, NaN, NaN, NaN, NaN, NaN, NaN, NaN, NaN, NaN, NaN, NaN, NaN, NaN, NaN, NaN, NaN]	0.0	0.0	0.0
6369.8850258965595	2.0	trials	13.0	0.0	0.0	0.0	0.0	0.0	True	0.0	0.0	0.0	[NaN, NaN, NaN, NaN, NaN, NaN, NaN, NaN, NaN, NaN, NaN, NaN, NaN, NaN, NaN, NaN, NaN, NaN, NaN, NaN]	0.0	0.0	0.0
6376.219495541294	2.0	trials	13.0	0.0	0.0	0.0	0.0	0.0	True	0.0	0.0	0.0	[NaN, NaN, NaN, NaN, NaN, NaN, NaN, NaN, NaN, NaN, NaN, NaN, NaN, NaN, NaN, NaN, NaN, NaN, NaN, NaN]	0.0	0.0	0.0
6387.747183132126	2.0	trials	13.0	0.0	0.0	0.0	0.0	0.0	True	0.0	0.0	0.0	[NaN, NaN, NaN, NaN, NaN, NaN, NaN, NaN, NaN, NaN, NaN, NaN, NaN, NaN, NaN, NaN, NaN, NaN, NaN, NaN]	0.0	0.0	0.0
6397.130088213535	2.0	trials	13.0	0.0	0.0	0.0	0.0	0.0	True	0.0	0.0	0.0	[NaN, NaN, NaN, NaN, NaN, NaN, NaN, NaN, NaN, NaN, NaN, NaN, NaN, NaN, NaN, NaN, NaN, NaN, NaN, NaN]	0.0	0.0	0.0
6403.503005659456	2.0	trials	13.0	0.0	0.0	0.0	0.0	0.0	True	0.0	0.0	0.0	[NaN, NaN, NaN, NaN, NaN, NaN, NaN, NaN, NaN, NaN, NaN, NaN, NaN, NaN, NaN, NaN, NaN, NaN, NaN, NaN]	0.0	0.0	0.0
6414.663063151287	2.0	trials	13.0	0.0	0.0	0.0	0.0	0.0	True	0.0	0.0	0.0	[NaN, NaN, NaN, NaN, NaN, NaN, NaN, NaN, NaN, NaN, NaN, NaN, NaN, NaN, NaN, NaN, NaN, NaN, NaN, NaN]	0.0	0.0	0.0
6423.302759275796	2.0	trials	13.0	0.0	0.0	0.0	0.0	0.0	True	0.0	0.0	0.0	[NaN, NaN, NaN, NaN, NaN, NaN, NaN, NaN, NaN, NaN, NaN, NaN, NaN, NaN, NaN, NaN, NaN, NaN, NaN, NaN]	0.0	0.0	0.0
6432.95903254363	2.0	trials	13.0	0.0	0.0	0.0	0.0	0.0	True	0.0	0.0	0.0	[NaN, NaN, NaN, NaN, NaN, NaN, NaN, NaN, NaN, NaN, NaN, NaN, NaN, NaN, NaN, NaN, NaN, NaN, NaN, NaN]	0.0	0.0	0.0
6440.570833183342	2.0	trials	13.0	0.0	0.0	0.0	0.0	0.0	True	0.0	0.0	0.0	[NaN, NaN, NaN, NaN, NaN, NaN, NaN, NaN, NaN, NaN, NaN, NaN, NaN, NaN, NaN, NaN, NaN, NaN, NaN, NaN]	0.0	0.0	0.0
6447.519430852448	2.0	trials	13.0	0.0	0.0	0.0	0.0	0.0	True	0.0	0.0	0.0	[NaN, NaN, NaN, NaN, NaN, NaN, NaN, NaN, NaN, NaN, NaN, NaN, NaN, NaN, NaN, NaN, NaN, NaN, NaN, NaN]	0.0	0.0	0.0
6455.548627733821	2.0	trials	13.0	0.0	0.0	0.0	0.0	0.0	True	0.0	0.0	0.0	[NaN, NaN, NaN, NaN, NaN, NaN, NaN, NaN, NaN, NaN, NaN, NaN, NaN, NaN, NaN, NaN, NaN, NaN, NaN, NaN]	0.0	0.0	0.0
6463.991505676069	2.0	trials	13.0	0.0	0.0	0.0	0.0	0.0	True	0.0	0.0	0.0	[NaN, NaN, NaN, NaN, NaN, NaN, NaN, NaN, NaN, NaN, NaN, NaN, NaN, NaN, NaN, NaN, NaN, NaN, NaN, NaN]	0.0	0.0	0.0
