onset	duration	nwb_table	Block	sound	sound_puretone	sound_bluenoise	sound_freq	sound_amp	optogenetics	opto_freq	opto_power	opto_pulse_duration	opto_pulse_ts	airpuff	airpuff_duration	airpuff_amp
314.54162803859	2.0	trials	1.0	1.0	1.0	0.0	10000.0	1.0	False	0.0	0.0	0.0	[NaN, NaN, NaN, NaN, NaN, NaN, NaN, NaN, NaN, NaN, NaN, NaN, NaN, NaN, NaN, NaN, NaN, NaN, NaN, NaN]	0.0	0.0	0.0
321.5496455984886	2.0	trials	1.0	1.0	1.0	0.0	10000.0	1.0	False	0.0	0.0	0.0	[NaN, NaN, NaN, NaN, NaN, NaN, NaN, NaN, NaN, NaN, NaN, NaN, NaN, NaN, NaN, NaN, NaN, NaN, NaN, NaN]	0.0	0.0	0.0
332.3017352687133	2.0	trials	1.0	1.0	1.0	0.0	10000.0	1.0	False	0.0	0.0	0.0	[NaN, NaN, NaN, NaN, NaN, NaN, NaN, NaN, NaN, NaN, NaN, NaN, NaN, NaN, NaN, NaN, NaN, NaN, NaN, NaN]	0.0	0.0	0.0
342.44167856653604	2.0	trials	1.0	1.0	1.0	0.0	10000.0	1.0	False	0.0	0.0	0.0	[NaN, NaN, NaN, NaN, NaN, NaN, NaN, NaN, NaN, NaN, NaN, NaN, NaN, NaN, NaN, NaN, NaN, NaN, NaN, NaN]	0.0	0.0	0.0
348.4897884062676	2.0	trials	1.0	1.0	1.0	0.0	10000.0	1.0	False	0.0	0.0	0.0	[NaN, NaN, NaN, NaN, NaN, NaN, NaN, NaN, NaN, NaN, NaN, NaN, NaN, NaN, NaN, NaN, NaN, NaN, NaN, NaN]	0.0	0.0	0.0
356.96816686461847	2.0	trials	1.0	1.0	1.0	0.0	10000.0	1.0	False	0.0	0.0	0.0	[NaN, NaN, NaN, NaN, NaN, NaN, NaN, NaN, NaN, NaN, NaN, NaN, NaN, NaN, NaN, NaN, NaN, NaN, NaN, NaN]	0.0	0.0	0.0
363.203938231641	2.0	trials	1.0	1.0	1.0	0.0	10000.0	1.0	False	0.0	0.0	0.0	[NaN, NaN, NaN, NaN, NaN, NaN, NaN, NaN, NaN, NaN, NaN, NaN, NaN, NaN, NaN, NaN, NaN, NaN, NaN, NaN]	0.0	0.0	0.0
372.15976494036477	2.0	trials	1.0	1.0	1.0	0.0	10000.0	1.0	False	0.0	0.0	0.0	[NaN, NaN, NaN, NaN, NaN, NaN, NaN, NaN, NaN, NaN, NaN, NaN, NaN, NaN, NaN, NaN, NaN, NaN, NaN, NaN]	0.0	0.0	0.0
383.12776904737586	2.0	trials	1.0	1.0	1.0	0.0	10000.0	1.0	False	0.0	0.0	0.0	[NaN, NaN, NaN, NaN, NaN, NaN, NaN, NaN, NaN, NaN, NaN, NaN, NaN, NaN, NaN, NaN, NaN, NaN, NaN, NaN]	0.0	0.0	0.0
390.07202316015633	2.0	trials	1.0	1.0	1.0	0.0	10000.0	1.0	False	0.0	0.0	0.0	[NaN, NaN, NaN, NaN, NaN, NaN, NaN, NaN, NaN, NaN, NaN, NaN, NaN, NaN, NaN, NaN, NaN, NaN, NaN, NaN]	0.0	0.0	0.0
397.8842550368249	2.0	trials	1.0	1.0	1.0	0.0	10000.0	1.0	False	0.0	0.0	0.0	[NaN, NaN, NaN, NaN, NaN, NaN, NaN, NaN, NaN, NaN, NaN, NaN, NaN, NaN, NaN, NaN, NaN, NaN, NaN, NaN]	0.0	0.0	0.0
404.8012930441282	2.0	trials	1.0	1.0	1.0	0.0	10000.0	1.0	False	0.0	0.0	0.0	[NaN, NaN, NaN, NaN, NaN, NaN, NaN, NaN, NaN, NaN, NaN, NaN, NaN, NaN, NaN, NaN, NaN, NaN, NaN, NaN]	0.0	0.0	0.0
414.36632851386884	2.0	trials	1.0	1.0	1.0	0.0	10000.0	1.0	False	0.0	0.0	0.0	[NaN, NaN, NaN, NaN, NaN, NaN, NaN, NaN, NaN, NaN, NaN, NaN, NaN, NaN, NaN, NaN, NaN, NaN, NaN, NaN]	0.0	0.0	0.0
423.364145785329	2.0	trials	1.0	1.0	1.0	0.0	10000.0	1.0	False	0.0	0.0	0.0	[NaN, NaN, NaN, NaN, NaN, NaN, NaN, NaN, NaN, NaN, NaN, NaN, NaN, NaN, NaN, NaN, NaN, NaN, NaN, NaN]	0.0	0.0	0.0
428.6829503986042	2.0	trials	1.0	1.0	1.0	0.0	10000.0	1.0	False	0.0	0.0	0.0	[NaN, NaN, NaN, NaN, NaN, NaN, NaN, NaN, NaN, NaN, NaN, NaN, NaN, NaN, NaN, NaN, NaN, NaN, NaN, NaN]	0.0	0.0	0.0
435.43124855194816	2.0	trials	1.0	1.0	1.0	0.0	10000.0	1.0	False	0.0	0.0	0.0	[NaN, NaN, NaN, NaN, NaN, NaN, NaN, NaN, NaN, NaN, NaN, NaN, NaN, NaN, NaN, NaN, NaN, NaN, NaN, NaN]	0.0	0.0	0.0
440.81882783176275	2.0	trials	1.0	1.0	1.0	0.0	10000.0	1.0	False	0.0	0.0	0.0	[NaN, NaN, NaN, NaN, NaN, NaN, NaN, NaN, NaN, NaN, NaN, NaN, NaN, NaN, NaN, NaN, NaN, NaN, NaN, NaN]	0.0	0.0	0.0
447.2562575803218	2.0	trials	1.0	1.0	1.0	0.0	10000.0	1.0	False	0.0	0.0	0.0	[NaN, NaN, NaN, NaN, NaN, NaN, NaN, NaN, NaN, NaN, NaN, NaN, NaN, NaN, NaN, NaN, NaN, NaN, NaN, NaN]	0.0	0.0	0.0
452.70431709453027	2.0	trials	1.0	1.0	1.0	0.0	10000.0	1.0	False	0.0	0.0	0.0	[NaN, NaN, NaN, NaN, NaN, NaN, NaN, NaN, NaN, NaN, NaN, NaN, NaN, NaN, NaN, NaN, NaN, NaN, NaN, NaN]	0.0	0.0	0.0
459.4608232796849	2.0	trials	1.0	1.0	1.0	0.0	10000.0	1.0	False	0.0	0.0	0.0	[NaN, NaN, NaN, NaN, NaN, NaN, NaN, NaN, NaN, NaN, NaN, NaN, NaN, NaN, NaN, NaN, NaN, NaN, NaN, NaN]	0.0	0.0	0.0
465.1260932357027	2.0	trials	1.0	1.0	1.0	0.0	10000.0	1.0	False	0.0	0.0	0.0	[NaN, NaN, NaN, NaN, NaN, NaN, NaN, NaN, NaN, NaN, NaN, NaN, NaN, NaN, NaN, NaN, NaN, NaN, NaN, NaN]	0.0	0.0	0.0
471.071041075625	2.0	trials	1.0	1.0	1.0	0.0	10000.0	1.0	False	0.0	0.0	0.0	[NaN, NaN, NaN, NaN, NaN, NaN, NaN, NaN, NaN, NaN, NaN, NaN, NaN, NaN, NaN, NaN, NaN, NaN, NaN, NaN]	0.0	0.0	0.0
479.7407098753305	2.0	trials	1.0	1.0	1.0	0.0	10000.0	1.0	False	0.0	0.0	0.0	[NaN, NaN, NaN, NaN, NaN, NaN, NaN, NaN, NaN, NaN, NaN, NaN, NaN, NaN, NaN, NaN, NaN, NaN, NaN, NaN]	0.0	0.0	0.0
487.93647283839186	2.0	trials	1.0	1.0	1.0	0.0	10000.0	1.0	False	0.0	0.0	0.0	[NaN, NaN, NaN, NaN, NaN, NaN, NaN, NaN, NaN, NaN, NaN, NaN, NaN, NaN, NaN, NaN, NaN, NaN, NaN, NaN]	0.0	0.0	0.0
495.01050025411473	2.0	trials	1.0	1.0	1.0	0.0	10000.0	1.0	False	0.0	0.0	0.0	[NaN, NaN, NaN, NaN, NaN, NaN, NaN, NaN, NaN, NaN, NaN, NaN, NaN, NaN, NaN, NaN, NaN, NaN, NaN, NaN]	0.0	0.0	0.0
500.89989267872954	2.0	trials	1.0	1.0	1.0	0.0	10000.0	1.0	False	0.0	0.0	0.0	[NaN, NaN, NaN, NaN, NaN, NaN, NaN, NaN, NaN, NaN, NaN, NaN, NaN, NaN, NaN, NaN, NaN, NaN, NaN, NaN]	0.0	0.0	0.0
511.39666935947673	2.0	trials	1.0	1.0	1.0	0.0	10000.0	1.0	False	0.0	0.0	0.0	[NaN, NaN, NaN, NaN, NaN, NaN, NaN, NaN, NaN, NaN, NaN, NaN, NaN, NaN, NaN, NaN, NaN, NaN, NaN, NaN]	0.0	0.0	0.0
521.9694783348906	2.0	trials	1.0	1.0	1.0	0.0	10000.0	1.0	False	0.0	0.0	0.0	[NaN, NaN, NaN, NaN, NaN, NaN, NaN, NaN, NaN, NaN, NaN, NaN, NaN, NaN, NaN, NaN, NaN, NaN, NaN, NaN]	0.0	0.0	0.0
529.5592293493245	2.0	trials	1.0	1.0	1.0	0.0	10000.0	1.0	False	0.0	0.0	0.0	[NaN, NaN, NaN, NaN, NaN, NaN, NaN, NaN, NaN, NaN, NaN, NaN, NaN, NaN, NaN, NaN, NaN, NaN, NaN, NaN]	0.0	0.0	0.0
536.1467364795153	2.0	trials	1.0	1.0	1.0	0.0	10000.0	1.0	False	0.0	0.0	0.0	[NaN, NaN, NaN, NaN, NaN, NaN, NaN, NaN, NaN, NaN, NaN, NaN, NaN, NaN, NaN, NaN, NaN, NaN, NaN, NaN]	0.0	0.0	0.0
543.3169274679245	2.0	trials	1.0	1.0	1.0	0.0	10000.0	1.0	False	0.0	0.0	0.0	[NaN, NaN, NaN, NaN, NaN, NaN, NaN, NaN, NaN, NaN, NaN, NaN, NaN, NaN, NaN, NaN, NaN, NaN, NaN, NaN]	0.0	0.0	0.0
551.6408221275663	2.0	trials	1.0	1.0	1.0	0.0	10000.0	1.0	False	0.0	0.0	0.0	[NaN, NaN, NaN, NaN, NaN, NaN, NaN, NaN, NaN, NaN, NaN, NaN, NaN, NaN, NaN, NaN, NaN, NaN, NaN, NaN]	0.0	0.0	0.0
560.6509946469098	2.0	trials	1.0	1.0	1.0	0.0	10000.0	1.0	False	0.0	0.0	0.0	[NaN, NaN, NaN, NaN, NaN, NaN, NaN, NaN, NaN, NaN, NaN, NaN, NaN, NaN, NaN, NaN, NaN, NaN, NaN, NaN]	0.0	0.0	0.0
567.8934163152525	2.0	trials	1.0	1.0	1.0	0.0	10000.0	1.0	False	0.0	0.0	0.0	[NaN, NaN, NaN, NaN, NaN, NaN, NaN, NaN, NaN, NaN, NaN, NaN, NaN, NaN, NaN, NaN, NaN, NaN, NaN, NaN]	0.0	0.0	0.0
577.4156836192432	2.0	trials	1.0	1.0	1.0	0.0	10000.0	1.0	False	0.0	0.0	0.0	[NaN, NaN, NaN, NaN, NaN, NaN, NaN, NaN, NaN, NaN, NaN, NaN, NaN, NaN, NaN, NaN, NaN, NaN, NaN, NaN]	0.0	0.0	0.0
584.1111911679947	2.0	trials	1.0	1.0	1.0	0.0	10000.0	1.0	False	0.0	0.0	0.0	[NaN, NaN, NaN, NaN, NaN, NaN, NaN, NaN, NaN, NaN, NaN, NaN, NaN, NaN, NaN, NaN, NaN, NaN, NaN, NaN]	0.0	0.0	0.0
592.8471290245291	2.0	trials	1.0	1.0	1.0	0.0	10000.0	1.0	False	0.0	0.0	0.0	[NaN, NaN, NaN, NaN, NaN, NaN, NaN, NaN, NaN, NaN, NaN, NaN, NaN, NaN, NaN, NaN, NaN, NaN, NaN, NaN]	0.0	0.0	0.0
599.7353093199928	2.0	trials	1.0	1.0	1.0	0.0	10000.0	1.0	False	0.0	0.0	0.0	[NaN, NaN, NaN, NaN, NaN, NaN, NaN, NaN, NaN, NaN, NaN, NaN, NaN, NaN, NaN, NaN, NaN, NaN, NaN, NaN]	0.0	0.0	0.0
605.8935795866562	2.0	trials	1.0	1.0	1.0	0.0	10000.0	1.0	False	0.0	0.0	0.0	[NaN, NaN, NaN, NaN, NaN, NaN, NaN, NaN, NaN, NaN, NaN, NaN, NaN, NaN, NaN, NaN, NaN, NaN, NaN, NaN]	0.0	0.0	0.0
611.5435566834058	2.0	trials	1.0	1.0	1.0	0.0	10000.0	1.0	False	0.0	0.0	0.0	[NaN, NaN, NaN, NaN, NaN, NaN, NaN, NaN, NaN, NaN, NaN, NaN, NaN, NaN, NaN, NaN, NaN, NaN, NaN, NaN]	0.0	0.0	0.0
621.328999407345	2.0	trials	1.0	1.0	1.0	0.0	10000.0	1.0	False	0.0	0.0	0.0	[NaN, NaN, NaN, NaN, NaN, NaN, NaN, NaN, NaN, NaN, NaN, NaN, NaN, NaN, NaN, NaN, NaN, NaN, NaN, NaN]	0.0	0.0	0.0
628.4822559301241	2.0	trials	1.0	1.0	1.0	0.0	10000.0	1.0	False	0.0	0.0	0.0	[NaN, NaN, NaN, NaN, NaN, NaN, NaN, NaN, NaN, NaN, NaN, NaN, NaN, NaN, NaN, NaN, NaN, NaN, NaN, NaN]	0.0	0.0	0.0
635.2227780533317	2.0	trials	1.0	1.0	1.0	0.0	10000.0	1.0	False	0.0	0.0	0.0	[NaN, NaN, NaN, NaN, NaN, NaN, NaN, NaN, NaN, NaN, NaN, NaN, NaN, NaN, NaN, NaN, NaN, NaN, NaN, NaN]	0.0	0.0	0.0
645.4735729807652	2.0	trials	1.0	1.0	1.0	0.0	10000.0	1.0	False	0.0	0.0	0.0	[NaN, NaN, NaN, NaN, NaN, NaN, NaN, NaN, NaN, NaN, NaN, NaN, NaN, NaN, NaN, NaN, NaN, NaN, NaN, NaN]	0.0	0.0	0.0
652.5838885371245	2.0	trials	1.0	1.0	1.0	0.0	10000.0	1.0	False	0.0	0.0	0.0	[NaN, NaN, NaN, NaN, NaN, NaN, NaN, NaN, NaN, NaN, NaN, NaN, NaN, NaN, NaN, NaN, NaN, NaN, NaN, NaN]	0.0	0.0	0.0
658.6019310603288	2.0	trials	1.0	1.0	1.0	0.0	10000.0	1.0	False	0.0	0.0	0.0	[NaN, NaN, NaN, NaN, NaN, NaN, NaN, NaN, NaN, NaN, NaN, NaN, NaN, NaN, NaN, NaN, NaN, NaN, NaN, NaN]	0.0	0.0	0.0
669.4616755477746	2.0	trials	1.0	1.0	1.0	0.0	10000.0	1.0	False	0.0	0.0	0.0	[NaN, NaN, NaN, NaN, NaN, NaN, NaN, NaN, NaN, NaN, NaN, NaN, NaN, NaN, NaN, NaN, NaN, NaN, NaN, NaN]	0.0	0.0	0.0
676.1819799926276	2.0	trials	1.0	1.0	1.0	0.0	10000.0	1.0	False	0.0	0.0	0.0	[NaN, NaN, NaN, NaN, NaN, NaN, NaN, NaN, NaN, NaN, NaN, NaN, NaN, NaN, NaN, NaN, NaN, NaN, NaN, NaN]	0.0	0.0	0.0
681.9300214694304	2.0	trials	1.0	1.0	1.0	0.0	10000.0	1.0	False	0.0	0.0	0.0	[NaN, NaN, NaN, NaN, NaN, NaN, NaN, NaN, NaN, NaN, NaN, NaN, NaN, NaN, NaN, NaN, NaN, NaN, NaN, NaN]	0.0	0.0	0.0
687.4200715463752	2.0	trials	1.0	1.0	1.0	0.0	10000.0	1.0	False	0.0	0.0	0.0	[NaN, NaN, NaN, NaN, NaN, NaN, NaN, NaN, NaN, NaN, NaN, NaN, NaN, NaN, NaN, NaN, NaN, NaN, NaN, NaN]	0.0	0.0	0.0
757.1522265965921	2.0	trials	2.0	1.0	1.0	0.0	10000.0	1.0	True	40.0	0.0	0.005	[8772257.275682712, 8772547.276806625, 8772836.27792666, 8773127.279054444, 8773416.280174483, 8773706.281298392, 8773995.282418428, 8774285.283542339, 8774575.28466625, 8774864.285786284, 8775153.28690632, 8775444.288034108, 8775732.289150266, 8776023.290278053, 8776312.29139809, 8776601.292518126, 8776891.293642035, 8777181.294765946, 8777471.295889858, 8777760.297009893]	0.0	0.0	0.0
763.8304540783738	2.0	trials	2.0	1.0	1.0	0.0	10000.0	1.0	True	40.0	0.0	0.005	[8849551.575239878, 8849841.576363789, 8850131.5774877, 8850421.57861161, 8850711.579735523, 8851000.580855558, 8851290.581979468, 8851579.583099505, 8851868.58421954, 8852158.58534345, 8852448.586467361, 8852737.587587398, 8853027.588711308, 8853316.589831343, 8853606.590955254, 8853896.592079166, 8854185.5931992, 8854476.594326988, 8854765.595447022, 8855054.596567059]	0.0	0.0	0.0
770.5261344277949	2.0	trials	2.0	1.0	1.0	0.0	10000.0	1.0	True	40.0	0.0	0.005	[8927047.875579905, 8927337.876703817, 8927627.877827728, 8927916.878947765, 8928207.880075552, 8928496.881195584, 8928786.882319497, 8929075.883439532, 8929364.884559568, 8929654.885683477, 8929944.886807388, 8930233.887927424, 8930522.88904746, 8930812.890171371, 8931102.89129528, 8931392.892419193, 8931682.893543104, 8931971.89466314, 8932261.895787051, 8932551.896910962]	0.0	0.0	0.0
777.4086987014936	2.0	trials	2.0	1.0	1.0	0.0	10000.0	1.0	True	40.0	0.0	0.005	[9006707.18430276, 9006997.18542667, 9007286.186546706, 9007576.187670616, 9007865.188790653, 9008155.189914564, 9008445.191038474, 9008735.192162387, 9009024.19328242, 9009314.19440633, 9009603.195526367, 9009894.196654154, 9010183.19777419, 9010473.1988981, 9010762.200018136, 9011051.20113817, 9011341.202262083, 9011631.203385994, 9011920.204506028, 9012211.205633815]	0.0	0.0	0.0
788.1603563700439	2.0	trials	2.0	1.0	1.0	0.0	10000.0	1.0	True	40.0	0.0	0.005	[9131147.666576851, 9131437.667700762, 9131726.668820798, 9132016.669944707, 9132305.671064744, 9132595.672188655, 9132885.673312567, 9133174.674432602, 9133464.675556513, 9133754.676680423, 9134044.677804334, 9134333.67892437, 9134623.680048281, 9134912.681168316, 9135203.682296103, 9135492.683416137, 9135782.68454005, 9136070.68565621, 9136360.686780121, 9136650.68790403]	0.0	0.0	0.0
795.2284221626622	2.0	trials	2.0	1.0	1.0	0.0	10000.0	1.0	True	40.0	0.0	0.005	[9212953.983620523, 9213243.984744433, 9213533.985868344, 9213822.986988379, 9214111.988108415, 9214402.989236202, 9214691.990356237, 9214981.991480147, 9215270.992600182, 9215560.993724095, 9215849.99484413, 9216139.995968042, 9216429.99709195, 9216719.998215863, 9217008.999335898, 9217299.000459809, 9217588.001579845, 9217878.002703756, 9218168.003827667, 9218457.004947701]	0.0	0.0	0.0
804.756391888753	2.0	trials	2.0	1.0	1.0	0.0	10000.0	1.0	True	40.0	0.0	0.005	[9323232.411009, 9323521.412129035, 9323811.413252948, 9324101.414376859, 9324390.415496893, 9324681.41662468, 9324970.417744715, 9325260.418868627, 9325549.419988662, 9325838.421108697, 9326128.42223261, 9326418.423356518, 9326708.42448043, 9326997.425600465, 9327286.426720502, 9327576.427844413, 9327867.428972198, 9328155.43008836, 9328446.431216145, 9328735.432336181]	0.0	0.0	0.0
814.980748313723	2.0	trials	2.0	1.0	1.0	0.0	10000.0	1.0	True	40.0	0.0	0.005	[9441569.869630579, 9441859.87075449, 9442149.871878402, 9442438.872998435, 9442728.874122348, 9443018.875246258, 9443307.876366295, 9443597.877490206, 9443887.878614115, 9444176.879734151, 9444466.880858062, 9444755.881978098, 9445044.883098135, 9445334.884222044, 9445624.885345956, 9445913.88646599, 9446203.887589904, 9446493.888713812, 9446783.889837725, 9447072.89095776]	0.0	0.0	0.0
822.4209403485339	2.0	trials	2.0	1.0	1.0	0.0	10000.0	1.0	True	40.0	0.0	0.005	[9527683.203366267, 9527973.204490177, 9528262.205610212, 9528552.206734125, 9528841.20785416, 9529132.208981946, 9529421.21010198, 9529711.211225891, 9530000.212345928, 9530289.213465964, 9530579.214589873, 9530869.215713784, 9531158.21683382, 9531448.217957731, 9531738.219081644, 9532027.220201679, 9532317.22132559, 9532606.222445624, 9532896.223569535, 9533186.224693447]	0.0	0.0	0.0
832.8670864330599	2.0	trials	2.0	1.0	1.0	0.0	10000.0	1.0	True	40.0	0.0	0.005	[9648587.671936395, 9648876.67305643, 9649166.674180342, 9649455.675300376, 9649745.67642429, 9650035.677548198, 9650323.678664358, 9650614.679792145, 9650903.680912182, 9651193.682036093, 9651483.683160003, 9651773.684283914, 9652062.685403949, 9652352.68652786, 9652641.687647896, 9652931.688771807, 9653221.689895717, 9653510.691015752, 9653800.692139665, 9654089.6932597]	0.0	0.0	0.0
838.5128299134017	2.0	trials	2.0	1.0	1.0	0.0	10000.0	1.0	True	40.0	0.0	0.005	[9713931.925180674, 9714220.926300712, 9714510.92742462, 9714800.928548533, 9715089.929668568, 9715380.930796355, 9715669.931916391, 9715959.9330403, 9716248.934160337, 9716537.935280371, 9716827.936404282, 9717117.937528195, 9717406.93864823, 9717696.939772142, 9717985.940892175, 9718276.942019962, 9718565.943139998, 9718854.944260035, 9719144.945383945, 9719434.946507856]	0.0	0.0	0.0
845.3763861134337	2.0	trials	2.0	1.0	1.0	0.0	10000.0	1.0	True	40.0	0.0	0.005	[9793370.233047033, 9793660.234170942, 9793951.235298729, 9794240.236418765, 9794529.2375388, 9794819.238662712, 9795109.239786621, 9795399.240910532, 9795688.242030568, 9795978.24315448, 9796268.24427839, 9796556.245394548, 9796847.246522335, 9797136.247642372, 9797426.248766283, 9797716.249890195, 9798006.251014106, 9798294.252130266, 9798584.253254175, 9798874.254378088]	0.0	0.0	0.0
855.4510971584459	2.0	trials	2.0	1.0	1.0	0.0	10000.0	1.0	True	40.0	0.0	0.005	[9909976.684960023, 9910266.686083935, 9910555.68720397, 9910845.688327882, 9911135.689451791, 9911423.690567952, 9911713.691691862, 9912003.692815775, 9912293.693939686, 9912583.695063597, 9912873.696187505, 9913161.697303666, 9913452.698431453, 9913741.69955149, 9914031.7006754, 9914320.701795436, 9914610.702919345, 9914900.704043258, 9915190.705167169, 9915479.706287205]	0.0	0.0	0.0
866.0207093214705	2.0	trials	2.0	1.0	1.0	0.0	10000.0	1.0	True	40.0	0.0	0.005	[10032310.15906832, 10032599.160188358, 10032889.161312267, 10033179.162436178, 10033468.163556214, 10033758.164680125, 10034048.165804036, 10034337.16692407, 10034627.168047981, 10034917.169171894, 10035206.170291929, 10035495.171411965, 10035786.17253975, 10036075.173659787, 10036364.174779821, 10036654.175903734, 10036944.177027643, 10037233.17814768, 10037524.179275466, 10037813.1803955]	0.0	0.0	0.0
875.2209625774806	2.0	trials	2.0	1.0	1.0	0.0	10000.0	1.0	True	40.0	0.0	0.005	[10138793.571749067, 10139083.57287298, 10139373.57399689, 10139662.575116925, 10139952.576240836, 10140242.577364746, 10140532.57848866, 10140821.579608694, 10141111.580732603, 10141400.581852641, 10141690.58297655, 10141980.584100462, 10142269.585220497, 10142559.586344408, 10142848.587464444, 10143138.588588355, 10143428.589712266, 10143717.590832302, 10144006.591952337, 10144296.593076248]	0.0	0.0	0.0
883.2676849629283	2.0	trials	2.0	1.0	1.0	0.0	10000.0	1.0	True	40.0	0.0	0.005	[10231927.932695027, 10232217.933818938, 10232506.934938973, 10232796.936062885, 10233085.93718292, 10233375.93830683, 10233665.939430743, 10233954.940550778, 10234244.94167469, 10234534.9427986, 10234823.943918636, 10235113.945042547, 10235402.946162581, 10235692.947286494, 10235982.948410405, 10236271.949530441, 10236561.95065435, 10236850.951774387, 10237140.952898297, 10237430.954022208]	0.0	0.0	0.0
891.769045910349	2.0	trials	2.0	1.0	1.0	0.0	10000.0	1.0	True	40.0	0.0	0.005	[10330323.314030284, 10330613.315154195, 10330902.316274231, 10331191.317394266, 10331481.318518179, 10331771.319642087, 10332061.320765998, 10332351.32188991, 10332640.323009945, 10332930.324133858, 10333220.325257767, 10333509.326377802, 10333799.327501714, 10334088.328621749, 10334378.329745661, 10334667.330865696, 10334957.331989607, 10335247.333113518, 10335536.334233554, 10335826.335357465]	0.0	0.0	0.0
898.6752838757959	2.0	trials	2.0	1.0	1.0	0.0	10000.0	1.0	True	40.0	0.0	0.005	[10410256.623815041, 10410545.624935076, 10410835.626058986, 10411124.627179021, 10411414.628302932, 10411704.629426844, 10411994.630550755, 10412283.63167079, 10412573.632794702, 10412863.633918611, 10413151.635034772, 10413442.636162559, 10413731.637282593, 10414021.638406506, 10414310.63952654, 10414600.640650451, 10414891.641778238, 10415179.642894398, 10415469.64401831, 10415759.64514222]	0.0	0.0	0.0
904.9335193298791	2.0	trials	2.0	1.0	1.0	0.0	10000.0	1.0	True	40.0	0.0	0.005	[10482688.904529255, 10482978.905653166, 10483268.906777078, 10483557.907897113, 10483848.9090249, 10484137.910144934, 10484426.91126497, 10484716.912388882, 10485006.913512792, 10485295.914632829, 10485585.91575674, 10485875.916880649, 10486164.918000687, 10486454.919124596, 10486743.920244634, 10487033.921368543, 10487323.922492454, 10487612.92361249, 10487902.924736401, 10488192.925860312]	0.0	0.0	0.0
915.457857717443	2.0	trials	2.0	1.0	1.0	0.0	10000.0	1.0	True	40.0	0.0	0.005	[10604499.376610639, 10604788.377730673, 10605078.378854584, 10605368.379978495, 10605658.381102405, 10605947.382222442, 10606236.383342477, 10606526.384466387, 10606817.385594174, 10607106.38671421, 10607396.387838122, 10607685.388958156, 10607974.39007819, 10608264.391202103, 10608554.392326014, 10608843.393446049, 10609133.394569961, 10609422.395689996, 10609712.396813907, 10610002.397937817]	0.0	0.0	0.0
926.2280050576509	2.0	trials	2.0	1.0	1.0	0.0	10000.0	1.0	True	40.0	0.0	0.005	[10729153.859714098, 10729442.860834135, 10729733.86196192, 10730021.86307808, 10730311.86420199, 10730601.865325904, 10730891.866449814, 10731180.867569847, 10731470.86869376, 10731760.86981767, 10732049.870937707, 10732339.872061618, 10732629.873185528, 10732918.874305563, 10733208.875429474, 10733497.87654951, 10733787.877673421, 10734076.878793456, 10734366.879917366, 10734656.881041279]	0.0	0.0	0.0
935.7431011338492	2.0	trials	2.0	1.0	1.0	0.0	10000.0	1.0	True	40.0	0.0	0.005	[10839281.286517367, 10839570.287637403, 10839861.28876519, 10840150.289885227, 10840439.291005261, 10840729.292129172, 10841019.293253083, 10841308.29437312, 10841598.29549703, 10841888.29662094, 10842178.297744853, 10842468.298868762, 10842757.299988799, 10843046.301108833, 10843336.302232746, 10843625.30335278, 10843915.30447669, 10844205.305600602, 10844494.306720637, 10844785.307848424]	0.0	0.0	0.0
940.9634093653971	2.0	trials	2.0	1.0	1.0	0.0	10000.0	1.0	True	40.0	0.0	0.005	[10899702.520682292, 10899991.521802325, 10900281.522926237, 10900571.524050148, 10900861.525174059, 10901150.526294095, 10901439.527414128, 10901729.52853804, 10902019.529661952, 10902308.530781988, 10902598.531905899, 10902888.533029808, 10903177.534149844, 10903466.53526988, 10903757.536397668, 10904046.537517702, 10904336.538641613, 10904625.53976165, 10904916.540889435, 10905205.542009471]	0.0	0.0	0.0
949.352104276175	2.0	trials	2.0	1.0	1.0	0.0	10000.0	1.0	True	40.0	0.0	0.005	[10996793.896963824, 10997082.898083858, 10997372.899207769, 10997661.900327805, 10997951.901451716, 10998241.902575627, 10998530.903695662, 10998820.904819572, 10999109.905939609, 10999399.90706352, 10999688.908183554, 10999978.909307467, 11000268.910431376, 11000557.911551414, 11000847.912675323, 11001137.913799234, 11001426.91491927, 11001717.916047055, 11002005.917163217, 11002296.918291003]	0.0	0.0	0.0
959.6057504146585	2.0	trials	2.0	1.0	1.0	0.0	10000.0	1.0	True	40.0	0.0	0.005	[11115470.356899213, 11115760.358023126, 11116048.359139284, 11116339.360267071, 11116628.361387108, 11116917.362507144, 11117207.363631055, 11117497.364754964, 11117787.365878874, 11118075.366995035, 11118366.368122822, 11118656.369246734, 11118945.370366769, 11119235.37149068, 11119524.372610714, 11119815.373738501, 11120104.374858538, 11120393.375978574, 11120683.377102483, 11120973.378226394]	0.0	0.0	0.0
968.2396494757368	2.0	trials	2.0	1.0	1.0	0.0	10000.0	1.0	True	40.0	0.0	0.005	[11215399.744179573, 11215689.745303482, 11215978.746423518, 11216268.747547429, 11216556.74866359, 11216847.749791376, 11217136.75091141, 11217425.752031447, 11217715.753155358, 11218005.754279269, 11218295.755403182, 11218585.756527092, 11218874.757647127, 11219164.758771038, 11219454.759894948, 11219743.761014985, 11220032.76213502, 11220323.763262805, 11220612.764382843, 11220901.765502878]	0.0	0.0	0.0
978.5479870261794	2.0	trials	2.0	1.0	1.0	0.0	10000.0	1.0	True	40.0	0.0	0.005	[11334709.20656819, 11334998.207688225, 11335288.208812138, 11335578.209936049, 11335867.211056083, 11336157.212179994, 11336446.213300029, 11336736.214423941, 11337026.215547852, 11337316.216671763, 11337606.217795674, 11337894.218911834, 11338185.220039621, 11338474.221159656, 11338764.222283568, 11339053.223403601, 11339344.224531388, 11339632.225647548, 11339923.226775335, 11340212.227895372]	0.0	0.0	0.0
988.4298525238096	2.0	trials	2.0	1.0	1.0	0.0	10000.0	1.0	True	40.0	0.0	0.005	[11449082.649827069, 11449371.650947103, 11449661.652071014, 11449950.65319105, 11450240.654314961, 11450530.655438872, 11450819.656558907, 11451110.657686694, 11451399.65880673, 11451689.659930639, 11451978.661050677, 11452267.662170712, 11452557.663294623, 11452847.664418533, 11453137.665542444, 11453426.66666248, 11453715.667782515, 11454006.668910302, 11454295.670030337, 11454585.671154248]	0.0	0.0	0.0
994.0937400744699	2.0	trials	2.0	1.0	1.0	0.0	10000.0	1.0	True	40.0	0.0	0.005	[11514636.903885216, 11514925.90500525, 11515215.90612916, 11515505.907253072, 11515794.908373108, 11516084.909497019, 11516374.910620932, 11516663.911740966, 11516952.912861, 11517242.913984913, 11517533.915112698, 11517822.916232735, 11518111.91735277, 11518400.918472806, 11518690.919596715, 11518981.920724502, 11519269.921840662, 11519560.92296845, 11519850.92409236, 11520139.925212396]	0.0	0.0	0.0
1002.1516945034476	2.0	trials	2.0	1.0	1.0	0.0	10000.0	1.0	True	40.0	0.0	0.005	[11607899.265327245, 11608190.266455032, 11608479.267575068, 11608768.268695105, 11609059.269822892, 11609348.270942925, 11609637.272062961, 11609927.273186872, 11610217.274310784, 11610507.275434695, 11610796.27655473, 11611086.27767864, 11611375.278798675, 11611665.279922588, 11611955.281046499, 11612245.282170407, 11612534.283290446, 11612823.28441048, 11613114.285538267, 11613403.286658302]	0.0	0.0	0.0
1009.8918685008526	2.0	trials	2.0	1.0	1.0	0.0	10000.0	1.0	True	40.0	0.0	0.005	[11697485.612522736, 11697774.613642773, 11698064.614766683, 11698353.615886718, 11698644.617014505, 11698933.618134541, 11699223.619258452, 11699513.620382363, 11699803.621506274, 11700092.622626308, 11700381.623746345, 11700671.624870256, 11700961.625994166, 11701250.627114203, 11701539.628234237, 11701829.629358148, 11702119.630482059, 11702409.631605972, 11702699.63272988, 11702988.633849917]	0.0	0.0	0.0
1017.9243348310504	2.0	trials	2.0	1.0	1.0	0.0	10000.0	1.0	True	40.0	0.0	0.005	[11790452.972821478, 11790742.97394539, 11791032.975069301, 11791321.976189338, 11791612.977317125, 11791901.978437157, 11792190.979557194, 11792480.980681105, 11792770.981805017, 11793060.982928928, 11793349.984048963, 11793639.985172873, 11793929.986296784, 11794218.98741682, 11794508.988540731, 11794797.989660766, 11795086.9907808, 11795376.991904713, 11795667.9930325, 11795956.994152535]	0.0	0.0	0.0
1028.1737473531261	2.0	trials	2.0	1.0	1.0	0.0	10000.0	1.0	True	40.0	0.0	0.005	[11909081.432570847, 11909371.433694758, 11909660.434814792, 11909949.435934825, 11910239.437058738, 11910529.438182648, 11910818.439302687, 11911109.440430472, 11911398.441550508, 11911687.442670543, 11911977.443794454, 11912267.444918364, 11912556.446038399, 11912845.447158437, 11913136.448286222, 11913426.449410133, 11913716.450534044, 11914005.451654078, 11914295.45277799, 11914585.453901902]	0.0	0.0	0.0
1035.6981797144147	2.0	trials	2.0	1.0	1.0	0.0	10000.0	1.0	True	40.0	0.0	0.005	[11996168.770081323, 11996458.771205235, 11996748.772329146, 11997038.773453057, 11997327.774573091, 11997617.775697002, 11997906.776817037, 11998196.777940948, 11998486.77906486, 11998775.780184897, 11999065.781308807, 11999354.782428842, 11999644.783552755, 11999934.784676665, 12000223.785796698, 12000513.78692061, 12000803.788044522, 12001092.789164558, 12001383.790292345, 12001672.791412378]	0.0	0.0	0.0
1042.9217661097603	2.0	trials	2.0	1.0	1.0	0.0	10000.0	1.0	True	40.0	0.0	0.005	[12079776.09410487, 12080066.095228782, 12080355.096348815, 12080645.097472727, 12080935.098596638, 12081225.099720549, 12081514.100840583, 12081803.101960622, 12082094.103088407, 12082383.10420844, 12082673.10533235, 12082962.106452389, 12083251.107572423, 12083541.108696334, 12083831.109820245, 12084120.11094028, 12084410.11206419, 12084699.113184229, 12084989.114308136, 12085280.115435924]	0.0	0.0	0.0
1053.2301900605378	2.0	trials	2.0	1.0	1.0	0.0	10000.0	1.0	True	40.0	0.0	0.005	[12199085.55649349, 12199375.557617398, 12199665.558741307, 12199954.559861345, 12200244.560985254, 12200534.562109169, 12200823.563229201, 12201112.564349236, 12201402.565473147, 12201693.566600934, 12201982.56772097, 12202271.568841008, 12202561.569964916, 12202850.571084954, 12203140.572208865, 12203430.573332775, 12203719.57445281, 12204009.57557672, 12204299.576700632, 12204588.577820666]	0.0	0.0	0.0
1059.7459849128045	2.0	trials	2.0	1.0	1.0	0.0	10000.0	1.0	True	40.0	0.0	0.005	[12274499.848764608, 12274789.849888518, 12275079.85101243, 12275369.85213634, 12275658.853256378, 12275947.854376413, 12276238.855504202, 12276527.856624234, 12276817.857748147, 12277107.858872058, 12277396.859992092, 12277685.861112125, 12277975.862236038, 12278265.863359949, 12278554.864479985, 12278845.86560777, 12279134.866727808, 12279423.867847843, 12279713.868971754, 12280003.870095665]	0.0	0.0	0.0
1065.4465062054403	2.0	trials	2.0	1.0	1.0	0.0	10000.0	1.0	True	40.0	0.0	0.005	[12340478.10446599, 12340768.105589902, 12341059.10671769, 12341348.107837724, 12341638.108961636, 12341927.110081669, 12342216.111201707, 12342507.112329492, 12342796.113449529, 12343086.114573438, 12343375.115693476, 12343664.116813509, 12343955.117941298, 12344244.119061332, 12344534.120185243, 12344824.121309154, 12345113.122429188, 12345403.1235531, 12345692.124673136, 12345981.125793172]	0.0	0.0	0.0
1074.6292201934764	2.0	trials	2.0	1.0	1.0	0.0	10000.0	1.0	True	40.0	0.0	0.005	[12446759.516363878, 12447049.517487789, 12447339.5186117, 12447628.519731734, 12447917.520851767, 12448207.52197568, 12448497.52309959, 12448787.5242235, 12449076.525343535, 12449367.526471324, 12449656.527591359, 12449945.528711395, 12450234.52983143, 12450525.530959215, 12450813.532075375, 12451103.533199286, 12451393.534323199, 12451683.53544711, 12451973.53657102, 12452262.537691057]	0.0	0.0	0.0
1081.3105580873125	2.0	trials	2.0	1.0	1.0	0.0	10000.0	1.0	True	40.0	0.0	0.005	[12524090.816064438, 12524380.817188347, 12524670.81831226, 12524959.819432294, 12525249.820556205, 12525538.82167624, 12525828.82280015, 12526117.823920187, 12526407.825044096, 12526696.826164134, 12526986.827288045, 12527276.828411957, 12527566.829535866, 12527855.830655904, 12528145.831779813, 12528435.832903724, 12528725.834027637, 12529014.83514767, 12529303.836267706, 12529593.837391617]	0.0	0.0	0.0
1086.8737028475393	2.0	trials	2.0	1.0	1.0	0.0	10000.0	1.0	True	40.0	0.0	0.005	[12588478.06559981, 12588768.066723721, 12589057.06784376, 12589347.06896767, 12589636.070087705, 12589927.07121549, 12590216.072335526, 12590506.073459439, 12590795.074579472, 12591085.075703384, 12591375.076827295, 12591664.07794733, 12591954.07907124, 12592243.080191279, 12592533.081315186, 12592823.082439097, 12593113.083563007, 12593401.084679168, 12593692.085806957, 12593982.08693087]	0.0	0.0	0.0
1096.9224937920972	2.0	trials	2.0	1.0	1.0	0.0	10000.0	1.0	True	40.0	0.0	0.005	[12704784.516350135, 12705073.517470172, 12705362.51859021, 12705653.519717995, 12705942.52083803, 12706231.521958066, 12706522.523085851, 12706811.52420589, 12707100.525325922, 12707390.526449835, 12707680.527573746, 12707970.528697655, 12708260.529821565, 12708549.530941602, 12708839.53206551, 12709129.533189425, 12709418.53430946, 12709707.535429494, 12709997.536553405, 12710287.537677318]	0.0	0.0	0.0
1107.3564574294094	2.0	trials	2.0	1.0	1.0	0.0	10000.0	1.0	True	40.0	0.0	0.005	[12825547.984373812, 12825837.985497722, 12826126.986617759, 12826416.987741668, 12826705.988861704, 12826995.989985615, 12827284.991105651, 12827575.992233438, 12827864.993353475, 12828154.994477384, 12828443.995597422, 12828733.996721331, 12829022.997841367, 12829313.998969154, 12829602.000085311, 12829893.001213098, 12830182.002333134, 12830471.003453173, 12830760.004573205, 12831051.005700992]	0.0	0.0	0.0
1114.7607933252582	2.0	trials	2.0	1.0	1.0	0.0	10000.0	1.0	True	40.0	0.0	0.005	[12911246.316501144, 12911535.317621179, 12911825.31874509, 12912115.319869002, 12912404.320989035, 12912693.322109072, 12912983.32323298, 12913272.324353019, 12913562.32547693, 12913852.326600842, 12914141.327720875, 12914431.328844788, 12914721.329968698, 12915010.331088735, 12915301.332216522, 12915590.333336554, 12915880.334460467, 12916169.335580502, 12916459.33670441, 12916749.337828323]	0.0	0.0	0.0
1123.9138719984412	2.0	trials	2.0	1.0	1.0	0.0	10000.0	1.0	True	40.0	0.0	0.005	[13017184.727069711, 13017473.72818975, 13017762.729309784, 13018053.730437573, 13018342.731557606, 13018632.732681518, 13018921.733801551, 13019211.734925464, 13019501.736049375, 13019791.737173285, 13020079.738289446, 13020369.739413358, 13020659.740537269, 13020949.74166118, 13021238.742781214, 13021528.743905125, 13021818.745029036, 13022108.746152949, 13022397.747272981, 13022686.748393016]	0.0	0.0	0.0
1134.6288959250157	2.0	trials	2.0	1.0	1.0	0.0	10000.0	1.0	True	40.0	0.0	0.005	[13141201.20770057, 13141490.208820606, 13141780.209944515, 13142069.211064551, 13142359.212188462, 13142649.213312374, 13142938.214432409, 13143228.21555632, 13143517.216676356, 13143806.21779639, 13144096.218920302, 13144386.220044212, 13144675.221164247, 13144965.222288158, 13145255.22341207, 13145545.224535981, 13145834.22565602, 13146125.226783805, 13146414.227903837, 13146703.229023876]	0.0	0.0	0.0
1143.692809452635	2.0	trials	2.0	1.0	1.0	0.0	10000.0	1.0	True	40.0	0.0	0.005	[13246107.614269568, 13246396.6153896, 13246686.616513513, 13246975.617633546, 13247266.618761335, 13247554.619877495, 13247844.621001408, 13248134.622125315, 13248424.623249225, 13248713.624369264, 13249003.625493174, 13249293.626617085, 13249582.62773712, 13249872.62886103, 13250161.629981065, 13250452.631108854, 13250741.632228889, 13251030.633348925, 13251320.634472836, 13251610.635596745]	0.0	0.0	0.0
1152.9330660636801	2.0	trials	2.0	1.0	1.0	0.0	10000.0	1.0	True	40.0	0.0	0.005	[13353055.02874857, 13353344.029868606, 13353634.03099252, 13353924.03211643, 13354213.033236464, 13354503.034360375, 13354793.035484286, 13355082.03660432, 13355372.037728231, 13355662.038852142, 13355952.039976055, 13356240.041092215, 13356531.04222, 13356819.04333616, 13357110.04446395, 13357399.045583982, 13357689.046707895, 13357978.047827927, 13358268.04895184, 13358558.05007575]	0.0	0.0	0.0
1160.4989705856956	2.0	trials	2.0	1.0	1.0	0.0	10000.0	1.0	True	40.0	0.0	0.005	[13440622.368119314, 13440911.369239349, 13441201.37036326, 13441492.371491047, 13441781.372611083, 13442071.373734994, 13442360.37485503, 13442650.37597894, 13442939.377098978, 13443229.378222886, 13443519.379346797, 13443808.380466834, 13444098.381590744, 13444388.382714657, 13444677.38383469, 13444966.384954728, 13445257.386082513, 13445546.387202548, 13445836.388326459, 13446124.389442619]	0.0	0.0	0.0
1167.4533335376534	2.0	trials	2.0	1.0	1.0	0.0	10000.0	1.0	True	40.0	0.0	0.005	[13521113.68006663, 13521402.681186665, 13521692.682310577, 13521981.68343061, 13522272.684558395, 13522561.685678434, 13522851.686802344, 13523141.687926257, 13523430.68904629, 13523719.690166326, 13524010.691294113, 13524299.69241415, 13524588.693534184, 13524878.694658097, 13525168.695782006, 13525458.696905917, 13525747.698025953, 13526037.699149864, 13526327.700273775, 13526616.70139381]	0.0	0.0	0.0
1175.3247496436934	2.0	trials	2.0	1.0	1.0	0.0	10000.0	1.0	True	40.0	0.0	0.005	[13612218.033145213, 13612507.034265252, 13612797.035389159, 13613086.036509193, 13613376.037633108, 13613666.038757017, 13613955.039877053, 13614245.041000964, 13614535.042124873, 13614824.04324491, 13615114.04436882, 13615404.045492733, 13615694.046616644, 13615983.047736678, 13616272.048856715, 13616562.049980627, 13616852.051104538, 13617142.052228447, 13617431.053348484, 13617720.054468516]	0.0	0.0	0.0
1184.2836867644717	2.0	trials	2.0	1.0	1.0	0.0	10000.0	1.0	True	40.0	0.0	0.005	[13715909.435005412, 13716198.436125444, 13716488.437249357, 13716778.438373268, 13717067.439493304, 13717357.440617213, 13717646.44173725, 13717936.44286116, 13718225.443981197, 13718515.445105108, 13718805.446229018, 13719095.447352929, 13719384.448472964, 13719674.449596874, 13719963.45071691, 13720253.45184082, 13720543.452964734, 13720832.454084767, 13721122.45520868, 13721412.45633259]	0.0	0.0	0.0
1192.467440080989	2.0	trials	2.0	1.0	1.0	0.0	10000.0	1.0	True	40.0	0.0	0.005	[13810627.80209025, 13810918.803218035, 13811207.804338073, 13811496.805458108, 13811787.806585893, 13812075.807702051, 13812365.808825964, 13812655.809949875, 13812945.811073786, 13813234.81219382, 13813524.813317731, 13813813.81443777, 13814104.815565554, 13814393.816685593, 13814682.817805625, 13814972.818929538, 13815261.82004957, 13815552.82117736, 13815841.822297394, 13816131.823421305]	0.0	0.0	0.0
1198.1490397002933	2.0	trials	2.0	1.0	1.0	0.0	10000.0	1.0	True	40.0	0.0	0.005	[13876387.056942884, 13876677.058066795, 13876967.059190707, 13877256.060310744, 13877546.061434656, 13877836.062558563, 13878125.0636786, 13878415.064802513, 13878704.065922545, 13878994.067046458, 13879284.068170369, 13879574.06929428, 13879863.070414314, 13880153.071538225, 13880443.072662137, 13880732.07378217, 13881022.074906085, 13881311.07602612, 13881600.077146154, 13881890.078270065]	0.0	0.0	0.0
1207.5394600933053	2.0	trials	2.0	1.0	1.0	0.0	10000.0	1.0	True	40.0	0.0	0.005	[13985072.478157604, 13985363.479285391, 13985651.480401551, 13985941.481525464, 13986230.482645497, 13986520.48376941, 13986810.48489332, 13987099.486013355, 13987389.487137266, 13987679.488261176, 13987969.489385089, 13988258.490505122, 13988548.491629034, 13988838.492752945, 13989127.493872982, 13989417.494996894, 13989706.496116927, 13989996.49724084, 13990286.49836475, 13990576.499488661]	0.0	0.0	0.0
1214.9304903375873	2.0	trials	2.0	1.0	1.0	0.0	10000.0	1.0	True	40.0	0.0	0.005	[14070617.809691975, 14070906.810812013, 14071195.811932048, 14071485.813055959, 14071775.81417987, 14072064.815299904, 14072354.816423815, 14072644.817547726, 14072933.81866776, 14073224.819795549, 14073512.82091171, 14073802.82203562, 14074092.82315953, 14074381.824279565, 14074672.82540735, 14074961.826527389, 14075250.827647425, 14075541.828775212, 14075829.82989137, 14076119.831015281]	0.0	0.0	0.0
1222.7556822644833	2.0	trials	2.0	1.0	1.0	0.0	10000.0	1.0	True	40.0	0.0	0.005	[14161186.160693262, 14161476.161817174, 14161766.162941085, 14162055.16406112, 14162345.16518503, 14162635.166308941, 14162924.167428976, 14163214.168552887, 14163503.169672925, 14163793.170796834, 14164083.171920745, 14164373.173044655, 14164663.174168566, 14164952.175288605, 14165241.17640864, 14165531.17753255, 14165821.17865646, 14166110.179776495, 14166399.180896532, 14166690.182024317]	0.0	0.0	0.0
1230.8679825040808	2.0	trials	2.0	1.0	1.0	0.0	10000.0	1.0	True	40.0	0.0	0.005	[14255078.524576893, 14255367.525696926, 14255657.526820838, 14255948.527948627, 14256237.52906866, 14256526.530188698, 14256816.531312605, 14257106.532436518, 14257395.533556554, 14257685.534680467, 14257974.5358005, 14258264.536924412, 14258553.538044445, 14258844.539172234, 14259133.540292269, 14259423.54141618, 14259713.542540092, 14260003.543664003, 14260292.544784036, 14260581.545904074]	0.0	0.0	0.0
1238.5473306657525	2.0	trials	2.0	1.0	1.0	0.0	10000.0	1.0	True	40.0	0.0	0.005	[14343960.869043995, 14344250.870167902, 14344539.87128794, 14344829.87241185, 14345119.873535762, 14345408.874655796, 14345698.875779707, 14345987.876899742, 14346277.878023652, 14346566.87914369, 14346856.880267601, 14347146.881391509, 14347436.882515421, 14347725.883635458, 14348015.88475937, 14348304.885879403, 14348594.887003316, 14348883.888123348, 14349173.889247261, 14349463.890371172]	0.0	0.0	0.0
1244.4159870100036	2.0	trials	2.0	1.0	1.0	0.0	10000.0	1.0	True	40.0	0.0	0.005	[14411885.132287204, 14412174.133407243, 14412464.134531153, 14412753.135651188, 14413043.136775099, 14413333.13789901, 14413622.139019044, 14413912.140142955, 14414201.141262993, 14414491.142386904, 14414781.143510811, 14415070.14463085, 14415360.14575476, 14415650.146878673, 14415939.147998706, 14416229.149122618, 14416518.15024265, 14416809.15137044, 14417097.1524866, 14417388.153614385]	0.0	0.0	0.0
1255.4013575843194	2.0	trials	2.0	1.0	1.0	0.0	10000.0	1.0	True	40.0	0.0	0.005	[14539029.625040798, 14539319.62616471, 14539609.62728862, 14539898.628408656, 14540188.629532566, 14540477.630652605, 14540766.631772637, 14541057.632900426, 14541346.63402046, 14541637.635148246, 14541925.636264406, 14542215.637388317, 14542505.638512228, 14542794.639632262, 14543084.640756173, 14543374.641880086, 14543664.643003996, 14543953.644124035, 14544243.645247942, 14544532.64636798]	0.0	0.0	0.0
1265.0858847171555	2.0	trials	2.0	1.0	1.0	0.0	10000.0	1.0	True	40.0	0.0	0.005	[14651119.059447909, 14651410.060575694, 14651699.061695732, 14651988.062815765, 14652278.063939678, 14652567.06505971, 14652857.066183623, 14653146.06730366, 14653437.068431444, 14653726.06955148, 14654016.07067539, 14654305.071795428, 14654594.072915463, 14654885.074043252, 14655174.075163284, 14655463.076283319, 14655754.077411108, 14656043.078531142, 14656333.079655053, 14656623.080778964]	0.0	0.0	0.0
1271.6435837318236	2.0	trials	2.0	1.0	1.0	0.0	10000.0	1.0	True	40.0	0.0	0.005	[14727018.353598673, 14727308.354722586, 14727598.355846496, 14727888.356970407, 14728176.358086567, 14728467.359214352, 14728756.36033439, 14729046.361458298, 14729336.362582209, 14729625.363702247, 14729915.364826158, 14730204.365946192, 14730494.367070103, 14730783.36819014, 14731074.369317926, 14731363.370437963, 14731652.371557998, 14731942.372681908, 14732232.37380582, 14732521.374925854]	0.0	0.0	0.0
1281.8320840178314	2.0	trials	2.0	1.0	1.0	0.0	10000.0	1.0	True	40.0	0.0	0.005	[14844941.81061577, 14845230.811735809, 14845519.812855843, 14845809.813979754, 14846099.815103665, 14846388.8162237, 14846678.81734761, 14846967.818467649, 14847258.819595434, 14847547.82071547, 14847837.82183938, 14848126.822959416, 14848416.824083328, 14848706.825207239, 14848995.826327274, 14849285.827451184, 14849575.828575095, 14849864.82969513, 14850154.83081904, 14850443.831939077]	0.0	0.0	0.0
1289.8415678589595	2.0	trials	2.0	1.0	1.0	0.0	10000.0	1.0	True	40.0	0.0	0.005	[14937644.169887492, 14937933.171007529, 14938223.172131438, 14938512.173251476, 14938802.174375385, 14939092.175499294, 14939381.176619332, 14939671.177743243, 14939961.178867156, 14940250.179987188, 14940540.181111101, 14940829.182231134, 14941120.183358923, 14941409.184478957, 14941699.185602868, 14941988.186722904, 14942278.187846813, 14942567.188966852, 14942858.190094637, 14943146.191210799]	0.0	0.0	0.0
1299.6222585644819	2.0	trials	2.0	1.0	1.0	0.0	10000.0	1.0	True	40.0	0.0	0.005	[15050846.608608097, 15051135.60972813, 15051425.61085204, 15051714.611972075, 15052004.613095986, 15052295.614223775, 15052583.615339935, 15052873.616463847, 15053163.617587758, 15053453.618711665, 15053742.619831704, 15054032.620955614, 15054321.622075649, 15054611.62319956, 15054901.624323472, 15055191.625447383, 15055481.626571294, 15055769.627687454, 15056059.628811365, 15056349.629935276]	0.0	0.0	0.0
1306.692743566476	2.0	trials	2.0	1.0	1.0	0.0	10000.0	1.0	True	40.0	0.0	0.005	[15132680.925760282, 15132969.926880317, 15133259.928004228, 15133548.929124264, 15133838.930248173, 15134127.931368211, 15134417.93249212, 15134706.933612157, 15134996.934736067, 15135286.935859978, 15135576.93698389, 15135865.938103924, 15136155.939227838, 15136444.94034787, 15136734.941471783, 15137024.942595694, 15137313.943715729, 15137603.94483964, 15137893.94596355, 15138182.947083587]	0.0	0.0	0.0
1313.51802441817	2.0	trials	2.0	1.0	1.0	0.0	10000.0	1.0	True	40.0	0.0	0.005	[15211676.231909765, 15211965.233029803, 15212255.234153714, 15212545.235277625, 15212834.23639766, 15213125.237525444, 15213414.238645483, 15213704.239769394, 15213994.240893304, 15214283.242013339, 15214572.243133372, 15214862.244257284, 15215152.245381195, 15215442.246505106, 15215731.247625144, 15216021.248749051, 15216310.24986909, 15216600.250993, 15216890.252116913, 15217178.253233071]	0.0	0.0	0.0
1322.6138196693485	2.0	trials	2.0	1.0	1.0	0.0	10000.0	1.0	True	40.0	0.0	0.005	[15316951.639908843, 15317242.641036628, 15317530.642152788, 15317820.643276699, 15318109.644396735, 15318400.645524522, 15318689.646644559, 15318979.647768468, 15319268.648888504, 15319558.650012415, 15319848.651136324, 15320138.652260238, 15320427.653380273, 15320716.654500308, 15321007.655628094, 15321297.656752003, 15321585.657868166, 15321876.658995952, 15322165.660115987, 15322455.661239898]	0.0	0.0	0.0
1333.2583409226868	2.0	trials	2.0	1.0	1.0	0.0	10000.0	1.0	True	40.0	0.0	0.005	[15440153.11738112, 15440442.118501158, 15440732.119625065, 15441022.12074898, 15441312.121872889, 15441601.122992927, 15441891.124116838, 15442180.12523687, 15442470.126360783, 15442760.127484694, 15443049.128604729, 15443339.12972864, 15443629.13085255, 15443919.131976463, 15444208.133096496, 15444498.134220408, 15444787.135340445, 15445078.13646823, 15445366.13758439, 15445656.138708303]	0.0	0.0	0.0
1343.56616007112	2.0	trials	2.0	1.0	1.0	0.0	10000.0	1.0	True	40.0	0.0	0.005	[15559455.57974261, 15559745.580866521, 15560035.581990434, 15560325.583114345, 15560614.58423438, 15560904.58535829, 15561193.586478328, 15561483.587602235, 15561772.588722274, 15562063.589850059, 15562352.590970095, 15562642.592094004, 15562931.59321404, 15563221.594337951, 15563511.595461864, 15563800.596581897, 15564090.59770581, 15564379.598825846, 15564669.599949755, 15564958.601069791]	0.0	0.0	0.0
1351.822057667236	2.0	trials	2.0	1.0	1.0	0.0	10000.0	1.0	True	40.0	0.0	0.005	[15655010.95007129, 15655299.951191327, 15655589.952315237, 15655878.953435272, 15656169.95456306, 15656457.955679221, 15656747.956803128, 15657037.957927039, 15657326.959047077, 15657616.960170988, 15657906.9612949, 15658196.96241881, 15658485.963538846, 15658775.964662757, 15659064.965782791, 15659354.966906702, 15659643.968026735, 15659933.969150648, 15660222.970270684, 15660513.971398469]	0.0	0.0	0.0
1357.8153032943387	2.0	trials	2.0	1.0	1.0	0.0	10000.0	1.0	True	40.0	0.0	0.005	[15724377.218903055, 15724666.220023088, 15724956.221147, 15725247.222274788, 15725535.223390948, 15725825.224514857, 15726115.225638768, 15726405.226762678, 15726694.227882713, 15726984.229006624, 15727273.230126662, 15727562.231246699, 15727853.232374486, 15728142.233494518, 15728431.234614555, 15728722.235742342, 15729011.236862378, 15729301.237986287, 15729591.239110198, 15729881.24023411]	0.0	0.0	0.0
1366.4086805983732	2.0	trials	2.0	1.0	1.0	0.0	10000.0	1.0	True	40.0	0.0	0.005	[15823836.604361901, 15824126.605485812, 15824415.606605848, 15824705.607729759, 15824995.60885367, 15825285.60997758, 15825574.611097615, 15825864.612221526, 15826153.613341562, 15826442.614461599, 15826732.615585508, 15827022.616709419, 15827312.617833331, 15827601.618953366, 15827891.620077278, 15828181.62120119, 15828471.622325098, 15828761.62344901, 15829050.624569045, 15829339.625689082]	0.0	0.0	0.0
1373.7406994139537	2.0	trials	2.0	1.0	1.0	0.0	10000.0	1.0	True	40.0	0.0	0.005	[15908697.933245393, 15908987.934369305, 15909277.935493216, 15909567.936617125, 15909857.93774104, 15910146.938861072, 15910435.939981107, 15910725.941105017, 15911015.94222893, 15911305.94335284, 15911594.944472875, 15911884.945596786, 15912173.946716823, 15912462.947836857, 15912753.948964646, 15913043.950088553, 15913332.951208591, 15913621.952328626, 15913911.953452537, 15914200.954572575]	0.0	0.0	0.0
1384.3371820811162	2.0	trials	2.0	1.0	1.0	0.0	10000.0	1.0	True	40.0	0.0	0.005	[16031343.408562863, 16031633.409686772, 16031922.410806809, 16032211.411926847, 16032501.413050758, 16032791.414174665, 16033080.415294703, 16033370.416418614, 16033660.417542526, 16033950.418666437, 16034239.419786472, 16034528.420906505, 16034818.422030417, 16035108.423154328, 16035397.424274366, 16035687.425398273, 16035977.426522184, 16036266.427642222, 16036556.428766133, 16036846.429890044]	0.0	0.0	0.0
1389.9586470673655	2.0	trials	2.0	1.0	1.0	0.0	10000.0	1.0	True	40.0	0.0	0.005	[16096406.660718111, 16096695.661838148, 16096985.66296206, 16097274.664082093, 16097564.665206006, 16097854.666329917, 16098143.667449951, 16098433.668573862, 16098722.6696939, 16099012.670817811, 16099302.671941722, 16099591.673061756, 16099881.674185667, 16100171.675309578, 16100461.67643349, 16100750.677553523, 16101039.678673558, 16101330.679801347, 16101619.680921381, 16101908.682041418]	0.0	0.0	0.0
1397.1347996788795	2.0	trials	2.0	1.0	1.0	0.0	10000.0	1.0	True	40.0	0.0	0.005	[16179463.9826101, 16179752.98373014, 16180042.98485405, 16180331.985974085, 16180621.987097995, 16180911.988221908, 16181200.98934194, 16181489.990461979, 16181779.99158589, 16182069.992709797, 16182359.99383371, 16182648.994953746, 16182938.996077659, 16183228.99720157, 16183517.998321604, 16183807.999445515, 16184097.000565551, 16184387.00168946, 16184677.00281337, 16184966.003933407]	0.0	0.0	0.0
1407.6429812038266	2.0	trials	2.0	1.0	1.0	0.0	10000.0	1.0	True	40.0	0.0	0.005	[16301085.453959005, 16301376.455086792, 16301665.456206825, 16301954.457326861, 16302244.45845077, 16302534.459574685, 16302824.460698593, 16303113.461818632, 16303403.46294254, 16303692.464062579, 16303982.465186488, 16304272.466310399, 16304561.467430435, 16304851.468554344, 16305141.469678259, 16305431.470802167, 16305720.471922204, 16306010.473046115, 16306299.474166147, 16306588.475286186]	0.0	0.0	0.0
1417.744908354316	2.0	trials	2.0	1.0	1.0	0.0	10000.0	1.0	True	40.0	0.0	0.005	[16418006.907092797, 16418295.908212831, 16418585.909336744, 16418875.910460655, 16419164.911580691, 16419453.912700724, 16419743.913824636, 16420033.914948547, 16420322.916068586, 16420612.917192494, 16420902.918316403, 16421191.919436442, 16421481.92056035, 16421771.921684261, 16422060.922804298, 16422350.923928207, 16422639.925048243, 16422929.926172154, 16423219.927296067, 16423508.928416101]	0.0	0.0	0.0
1423.138622057905	2.0	trials	2.0	1.0	1.0	0.0	10000.0	1.0	True	40.0	0.0	0.005	[16480433.149028206, 16480723.150152115, 16481013.15127603, 16481302.152396064, 16481591.153516099, 16481881.15464001, 16482171.155763922, 16482460.156883955, 16482751.158011744, 16483039.159127904, 16483330.16025569, 16483619.161375726, 16483909.162499636, 16484198.163619673, 16484489.164747458, 16484777.16586362, 16485068.166991405, 16485357.16811144, 16485647.169235352, 16485936.170355385]	0.0	0.0	0.0
1430.9528411422752	2.0	trials	2.0	1.0	1.0	0.0	10000.0	1.0	True	40.0	0.0	0.005	[16570876.499545049, 16571166.50066896, 16571455.501788994, 16571745.502912905, 16572035.504036816, 16572324.50515685, 16572614.506280761, 16572904.507404674, 16573193.50852471, 16573483.509648623, 16573773.510772534, 16574062.511892566, 16574352.51301648, 16574641.514136512, 16574932.5152643, 16575221.516384335, 16575510.51750437, 16575800.51862828, 16576089.519748319, 16576379.52087223]	0.0	0.0	0.0
1436.8669440626568	2.0	trials	2.0	1.0	1.0	0.0	10000.0	1.0	True	40.0	0.0	0.005	[16639326.764826803, 16639615.76594684, 16639905.76707075, 16640195.76819466, 16640484.769314697, 16640773.770434732, 16641063.771558642, 16641352.77267868, 16641642.773802591, 16641932.774926499, 16642221.776046537, 16642512.777174322, 16642801.778294357, 16643091.779418271, 16643381.78054218, 16643670.781662216, 16643959.78278225, 16644249.783906162, 16644539.785030073, 16644828.786150107]	0.0	0.0	0.0
1445.542920086806	2.0	trials	2.0	1.0	1.0	0.0	10000.0	1.0	True	40.0	0.0	0.005	[16739742.15399068, 16740032.155114593, 16740321.156234628, 16740611.157358536, 16740901.15848245, 16741190.159602484, 16741480.160726398, 16741770.161850307, 16742060.162974218, 16742349.164094254, 16742639.165218163, 16742928.1663382, 16743219.167465987, 16743508.168586023, 16743797.169706056, 16744087.170829969, 16744377.17195388, 16744667.17307779, 16744956.174197827, 16745246.175321735]	0.0	0.0	0.0
1455.6648921149804	2.0	trials	2.0	1.0	1.0	0.0	10000.0	1.0	True	40.0	0.0	0.005	[16856895.608023603, 16857184.60914364, 16857474.61026755, 16857764.61139146, 16858053.612511497, 16858343.613635406, 16858633.61475932, 16858922.615879353, 16859212.617003266, 16859501.6181233, 16859791.619247213, 16860081.620371122, 16860370.62149116, 16860661.622618947, 16860950.623738978, 16861240.624862894, 16861529.625982925, 16861819.627106834, 16862108.628226873, 16862397.62934691]	0.0	0.0	0.0
1466.7411558415567	2.0	trials	2.0	1.0	1.0	0.0	10000.0	1.0	True	40.0	0.0	0.005	[16985093.104858156, 16985382.105978195, 16985671.10709823, 16985962.108226012, 16986251.10934605, 16986540.110466085, 16986830.111589994, 16987120.112713907, 16987409.11383394, 16987699.114957854, 16987989.116081763, 16988278.1172018, 16988567.118321836, 16988857.119445745, 16989147.120569658, 16989437.12169357, 16989726.122813605, 16990016.123937514, 16990306.125061426, 16990596.12618534]	0.0	0.0	0.0
1474.817254340853	2.0	trials	2.0	1.0	1.0	0.0	10000.0	1.0	True	40.0	0.0	0.005	[17078565.467114054, 17078854.468234092, 17079145.469361875, 17079434.470481914, 17079724.471605826, 17080013.47272586, 17080304.473853644, 17080592.474969804, 17080882.476093717, 17081172.477217626, 17081462.47834154, 17081751.479461573, 17082041.480585486, 17082330.48170552, 17082620.482829433, 17082910.48395334, 17083199.485073376, 17083489.48619729, 17083778.487317324, 17084069.48844511]	0.0	0.0	0.0
1483.7753274582826	2.0	trials	2.0	1.0	1.0	0.0	10000.0	1.0	True	40.0	0.0	0.005	[17182247.86893937, 17182537.870063283, 17182826.871183317, 17183116.872307226, 17183406.873431142, 17183695.874551173, 17183984.87567121, 17184274.87679512, 17184564.877919033, 17184854.879042942, 17185143.88016298, 17185433.881286893, 17185723.882410802, 17186012.883530837, 17186302.88465475, 17186592.88577866, 17186881.886898693, 17187171.888022605, 17187461.889146518, 17187750.89026655]	0.0	0.0	0.0
1490.431522854678	2.0	trials	2.0	1.0	1.0	0.0	10000.0	1.0	True	40.0	0.0	0.005	[17259286.167504393, 17259577.168632183, 17259866.169752218, 17260156.170876127, 17260446.17200004, 17260735.173120074, 17261025.174243983, 17261314.17536402, 17261604.17648793, 17261893.17760797, 17262183.178731877, 17262473.17985579, 17262762.180975825, 17263052.182099737, 17263342.183223646, 17263631.184343684, 17263922.18547147, 17264211.186591502, 17264500.18771154, 17264790.18883545]	0.0	0.0	0.0
1498.9677895373775	2.0	trials	2.0	1.0	1.0	0.0	10000.0	1.0	True	40.0	0.0	0.005	[17358085.550405376, 17358375.55152929, 17358665.552653197, 17358954.55377323, 17359244.554897144, 17359535.55602493, 17359823.55714109, 17360113.558265, 17360402.55938504, 17360692.560508948, 17360982.561632857, 17361272.562756773, 17361561.563876804, 17361851.565000717, 17362140.56612075, 17362430.567244664, 17362719.5683647, 17363010.569492485, 17363299.57061252, 17363589.57173643]	0.0	0.0	0.0
1508.923527321303	2.0	trials	2.0	1.0	1.0	0.0	10000.0	1.0	True	40.0	0.0	0.005	[17473314.99698173, 17473603.998101763, 17473894.99922955, 17474184.000349585, 17474473.00146962, 17474763.002593532, 17475052.00371357, 17475342.00483748, 17475632.00596139, 17475922.0070853, 17476211.008205336, 17476501.00932925, 17476790.010449283, 17477080.011573195, 17477369.012693226, 17477659.01381714, 17477949.01494105, 17478238.016061086, 17478528.017184995, 17478818.018308908]	0.0	0.0	0.0
1518.515865296856	2.0	trials	2.0	1.0	1.0	0.0	10000.0	1.0	True	40.0	0.0	0.005	[17584337.42725362, 17584626.428373653, 17584916.429497566, 17585205.430617604, 17585495.43174151, 17585784.432861548, 17586075.433989335, 17586363.435105495, 17586653.436229404, 17586943.437353317, 17587233.43847723, 17587523.43960114, 17587812.440721173, 17588102.441845085, 17588391.44296512, 17588681.44408903, 17588970.445209067, 17589260.44633298, 17589550.44745689, 17589840.4485808]	0.0	0.0	0.0
1524.353849522236	2.0	trials	2.0	1.0	1.0	0.0	10000.0	1.0	True	40.0	0.0	0.005	[17651906.689121008, 17652194.69023717, 17652485.69136496, 17652775.69248887, 17653065.693612777, 17653354.694732815, 17653644.695856728, 17653933.696976762, 17654223.69810067, 17654513.699224584, 17654802.70034462, 17655091.701464653, 17655381.702588566, 17655670.7037086, 17655960.704832513, 17656250.70595642, 17656540.707080334, 17656829.70820037, 17657119.709324278, 17657409.71044819]	0.0	0.0	0.0
1530.8521051065284	2.0	trials	2.0	1.0	1.0	0.0	10000.0	1.0	True	40.0	0.0	0.005	[17727116.98060152, 17727405.981721558, 17727695.982845467, 17727985.983969375, 17728275.985093288, 17728564.986213323, 17728855.98734111, 17729143.98845727, 17729434.989585057, 17729723.99070509, 17730012.991825126, 17730302.99294904, 17730592.994072948, 17730882.995196857, 17731171.996316895, 17731461.997440808, 17731751.99856472, 17732041.99968863, 17732330.00080479, 17732620.0019287]	0.0	0.0	0.0
1539.9599964045856	2.0	trials	2.0	1.0	1.0	0.0	10000.0	1.0	True	40.0	0.0	0.005	[17832533.389147047, 17832823.39027096, 17833112.391390994, 17833402.392514907, 17833692.393638816, 17833981.394758854, 17834271.395882763, 17834561.397006676, 17834850.39812671, 17835139.399246745, 17835430.400374535, 17835719.401494566, 17836008.4026146, 17836298.403738514, 17836587.404858552, 17836877.40598246, 17837167.40710637, 17837457.408230286, 17837746.409350317, 17838036.41047423]	0.0	0.0	0.0
1550.8858371481908	2.0	trials	2.0	1.0	1.0	0.0	10000.0	1.0	True	40.0	0.0	0.005	[17958988.879230384, 17959278.880354296, 17959568.88147821, 17959857.882598244, 17960146.883718275, 17960436.884842187, 17960726.8859661, 17961016.88709001, 17961305.888210047, 17961595.889333956, 17961884.890453994, 17962174.891577903, 17962463.892697938, 17962754.89382573, 17963044.894949637, 17963332.896065794, 17963622.897189707, 17963912.89831362, 17964202.899437528, 17964492.90056144]	0.0	0.0	0.0
1559.400330946508	2.0	trials	2.0	1.0	1.0	0.0	10000.0	1.0	True	40.0	0.0	0.005	[18057536.261154726, 18057826.262278635, 18058115.263398673, 18058406.264526457, 18058695.265646495, 18058984.26676653, 18059274.267890442, 18059564.26901435, 18059854.270138264, 18060143.2712583, 18060432.272378333, 18060722.273502246, 18061013.274630032, 18061302.275750063, 18061592.276873976, 18061881.27799401, 18062171.279117923, 18062460.280237958, 18062749.281357996, 18063040.28248578]	0.0	0.0	0.0
1567.4823046685738	2.0	trials	2.0	1.0	1.0	0.0	10000.0	1.0	True	40.0	0.0	0.005	[18151077.623678036, 18151367.624801945, 18151656.625921983, 18151946.627045892, 18152236.6281698, 18152525.62928984, 18152815.630413752, 18153104.631533787, 18153395.632661574, 18153683.633777734, 18153974.63490552, 18154264.63602943, 18154552.63714559, 18154843.638273377, 18155133.63939729, 18155422.640517324, 18155712.641641233, 18156001.64276127, 18156291.64388518, 18156580.645005215]	0.0	0.0	0.0
1577.8379032021787	2.0	trials	2.0	1.0	1.0	0.0	10000.0	1.0	True	40.0	0.0	0.005	[18270935.08819046, 18271225.08931437, 18271514.090434402, 18271804.09155832, 18272094.092682227, 18272383.09380226, 18272673.094926175, 18272962.09604621, 18273252.097170122, 18273541.098290153, 18273832.099417944, 18274121.100537978, 18274411.101661887, 18274701.1027858, 18274990.103905834, 18275279.10502587, 18275569.10614978, 18275858.107269816, 18276148.10839373, 18276438.109517638]	0.0	0.0	0.0
1583.2761994785492	2.0	trials	2.0	1.0	1.0	0.0	10000.0	1.0	True	40.0	0.0	0.005	[18333877.332125656, 18334168.33325344, 18334457.334373478, 18334747.33549739, 18335035.336613547, 18335325.33773746, 18335615.33886137, 18335905.33998528, 18336195.34110919, 18336484.34222923, 18336774.343353137, 18337063.344473176, 18337353.345597085, 18337643.346720997, 18337933.34784491, 18338223.34896882, 18338512.350088857, 18338802.351212766, 18339091.3523328, 18339381.353456713]	0.0	0.0	0.0
1661.4183903222515	2.0	trials	3.0	1.0	1.0	0.0	10000.0	1.0	False	0.0	0.0	0.0	[NaN, NaN, NaN, NaN, NaN, NaN, NaN, NaN, NaN, NaN, NaN, NaN, NaN, NaN, NaN, NaN, NaN, NaN, NaN, NaN]	0.0	0.0	0.0
1670.222670843651	2.0	trials	3.0	1.0	1.0	0.0	10000.0	1.0	False	0.0	0.0	0.0	[NaN, NaN, NaN, NaN, NaN, NaN, NaN, NaN, NaN, NaN, NaN, NaN, NaN, NaN, NaN, NaN, NaN, NaN, NaN, NaN]	0.0	0.0	0.0
1676.0019892416688	2.0	trials	3.0	1.0	1.0	0.0	10000.0	1.0	False	0.0	0.0	0.0	[NaN, NaN, NaN, NaN, NaN, NaN, NaN, NaN, NaN, NaN, NaN, NaN, NaN, NaN, NaN, NaN, NaN, NaN, NaN, NaN]	0.0	0.0	0.0
1683.9056326726072	2.0	trials	3.0	1.0	1.0	0.0	10000.0	1.0	False	0.0	0.0	0.0	[NaN, NaN, NaN, NaN, NaN, NaN, NaN, NaN, NaN, NaN, NaN, NaN, NaN, NaN, NaN, NaN, NaN, NaN, NaN, NaN]	0.0	0.0	0.0
1693.3134195329237	2.0	trials	3.0	1.0	1.0	0.0	10000.0	1.0	False	0.0	0.0	0.0	[NaN, NaN, NaN, NaN, NaN, NaN, NaN, NaN, NaN, NaN, NaN, NaN, NaN, NaN, NaN, NaN, NaN, NaN, NaN, NaN]	0.0	0.0	0.0
1700.0558424634978	2.0	trials	3.0	1.0	1.0	0.0	10000.0	1.0	False	0.0	0.0	0.0	[NaN, NaN, NaN, NaN, NaN, NaN, NaN, NaN, NaN, NaN, NaN, NaN, NaN, NaN, NaN, NaN, NaN, NaN, NaN, NaN]	0.0	0.0	0.0
1708.636778119314	2.0	trials	3.0	1.0	1.0	0.0	10000.0	1.0	False	0.0	0.0	0.0	[NaN, NaN, NaN, NaN, NaN, NaN, NaN, NaN, NaN, NaN, NaN, NaN, NaN, NaN, NaN, NaN, NaN, NaN, NaN, NaN]	0.0	0.0	0.0
1714.7858035501486	2.0	trials	3.0	1.0	1.0	0.0	10000.0	1.0	False	0.0	0.0	0.0	[NaN, NaN, NaN, NaN, NaN, NaN, NaN, NaN, NaN, NaN, NaN, NaN, NaN, NaN, NaN, NaN, NaN, NaN, NaN, NaN]	0.0	0.0	0.0
1722.6103906747005	2.0	trials	3.0	1.0	1.0	0.0	10000.0	1.0	False	0.0	0.0	0.0	[NaN, NaN, NaN, NaN, NaN, NaN, NaN, NaN, NaN, NaN, NaN, NaN, NaN, NaN, NaN, NaN, NaN, NaN, NaN, NaN]	0.0	0.0	0.0
1729.9721312054692	2.0	trials	3.0	1.0	1.0	0.0	10000.0	1.0	False	0.0	0.0	0.0	[NaN, NaN, NaN, NaN, NaN, NaN, NaN, NaN, NaN, NaN, NaN, NaN, NaN, NaN, NaN, NaN, NaN, NaN, NaN, NaN]	0.0	0.0	0.0
1735.570181700975	2.0	trials	3.0	1.0	1.0	0.0	10000.0	1.0	False	0.0	0.0	0.0	[NaN, NaN, NaN, NaN, NaN, NaN, NaN, NaN, NaN, NaN, NaN, NaN, NaN, NaN, NaN, NaN, NaN, NaN, NaN, NaN]	0.0	0.0	0.0
1742.4878245106215	2.0	trials	3.0	1.0	1.0	0.0	10000.0	1.0	False	0.0	0.0	0.0	[NaN, NaN, NaN, NaN, NaN, NaN, NaN, NaN, NaN, NaN, NaN, NaN, NaN, NaN, NaN, NaN, NaN, NaN, NaN, NaN]	0.0	0.0	0.0
1753.1391713904131	2.0	trials	3.0	1.0	1.0	0.0	10000.0	1.0	False	0.0	0.0	0.0	[NaN, NaN, NaN, NaN, NaN, NaN, NaN, NaN, NaN, NaN, NaN, NaN, NaN, NaN, NaN, NaN, NaN, NaN, NaN, NaN]	0.0	0.0	0.0
1759.5787611473434	2.0	trials	3.0	1.0	1.0	0.0	10000.0	1.0	False	0.0	0.0	0.0	[NaN, NaN, NaN, NaN, NaN, NaN, NaN, NaN, NaN, NaN, NaN, NaN, NaN, NaN, NaN, NaN, NaN, NaN, NaN, NaN]	0.0	0.0	0.0
1765.4453438835585	2.0	trials	3.0	1.0	1.0	0.0	10000.0	1.0	False	0.0	0.0	0.0	[NaN, NaN, NaN, NaN, NaN, NaN, NaN, NaN, NaN, NaN, NaN, NaN, NaN, NaN, NaN, NaN, NaN, NaN, NaN, NaN]	0.0	0.0	0.0
1773.0589413904102	2.0	trials	3.0	1.0	1.0	0.0	10000.0	1.0	False	0.0	0.0	0.0	[NaN, NaN, NaN, NaN, NaN, NaN, NaN, NaN, NaN, NaN, NaN, NaN, NaN, NaN, NaN, NaN, NaN, NaN, NaN, NaN]	0.0	0.0	0.0
1784.1527443849604	2.0	trials	3.0	1.0	1.0	0.0	10000.0	1.0	False	0.0	0.0	0.0	[NaN, NaN, NaN, NaN, NaN, NaN, NaN, NaN, NaN, NaN, NaN, NaN, NaN, NaN, NaN, NaN, NaN, NaN, NaN, NaN]	0.0	0.0	0.0
1793.9829424823513	2.0	trials	3.0	1.0	1.0	0.0	10000.0	1.0	False	0.0	0.0	0.0	[NaN, NaN, NaN, NaN, NaN, NaN, NaN, NaN, NaN, NaN, NaN, NaN, NaN, NaN, NaN, NaN, NaN, NaN, NaN, NaN]	0.0	0.0	0.0
1803.598781348983	2.0	trials	3.0	1.0	1.0	0.0	10000.0	1.0	False	0.0	0.0	0.0	[NaN, NaN, NaN, NaN, NaN, NaN, NaN, NaN, NaN, NaN, NaN, NaN, NaN, NaN, NaN, NaN, NaN, NaN, NaN, NaN]	0.0	0.0	0.0
1813.524192615377	2.0	trials	3.0	1.0	1.0	0.0	10000.0	1.0	False	0.0	0.0	0.0	[NaN, NaN, NaN, NaN, NaN, NaN, NaN, NaN, NaN, NaN, NaN, NaN, NaN, NaN, NaN, NaN, NaN, NaN, NaN, NaN]	0.0	0.0	0.0
1823.1711356025542	2.0	trials	3.0	1.0	1.0	0.0	10000.0	1.0	False	0.0	0.0	0.0	[NaN, NaN, NaN, NaN, NaN, NaN, NaN, NaN, NaN, NaN, NaN, NaN, NaN, NaN, NaN, NaN, NaN, NaN, NaN, NaN]	0.0	0.0	0.0
1833.6017296268076	2.0	trials	3.0	1.0	1.0	0.0	10000.0	1.0	False	0.0	0.0	0.0	[NaN, NaN, NaN, NaN, NaN, NaN, NaN, NaN, NaN, NaN, NaN, NaN, NaN, NaN, NaN, NaN, NaN, NaN, NaN, NaN]	0.0	0.0	0.0
1844.3472528715836	2.0	trials	3.0	1.0	1.0	0.0	10000.0	1.0	False	0.0	0.0	0.0	[NaN, NaN, NaN, NaN, NaN, NaN, NaN, NaN, NaN, NaN, NaN, NaN, NaN, NaN, NaN, NaN, NaN, NaN, NaN, NaN]	0.0	0.0	0.0
1852.8774715308434	2.0	trials	3.0	1.0	1.0	0.0	10000.0	1.0	False	0.0	0.0	0.0	[NaN, NaN, NaN, NaN, NaN, NaN, NaN, NaN, NaN, NaN, NaN, NaN, NaN, NaN, NaN, NaN, NaN, NaN, NaN, NaN]	0.0	0.0	0.0
1860.6600680926592	2.0	trials	3.0	1.0	1.0	0.0	10000.0	1.0	False	0.0	0.0	0.0	[NaN, NaN, NaN, NaN, NaN, NaN, NaN, NaN, NaN, NaN, NaN, NaN, NaN, NaN, NaN, NaN, NaN, NaN, NaN, NaN]	0.0	0.0	0.0
1866.1378493220557	2.0	trials	3.0	1.0	1.0	0.0	10000.0	1.0	False	0.0	0.0	0.0	[NaN, NaN, NaN, NaN, NaN, NaN, NaN, NaN, NaN, NaN, NaN, NaN, NaN, NaN, NaN, NaN, NaN, NaN, NaN, NaN]	0.0	0.0	0.0
1877.129527120815	2.0	trials	3.0	1.0	1.0	0.0	10000.0	1.0	False	0.0	0.0	0.0	[NaN, NaN, NaN, NaN, NaN, NaN, NaN, NaN, NaN, NaN, NaN, NaN, NaN, NaN, NaN, NaN, NaN, NaN, NaN, NaN]	0.0	0.0	0.0
1882.757040130504	2.0	trials	3.0	1.0	1.0	0.0	10000.0	1.0	False	0.0	0.0	0.0	[NaN, NaN, NaN, NaN, NaN, NaN, NaN, NaN, NaN, NaN, NaN, NaN, NaN, NaN, NaN, NaN, NaN, NaN, NaN, NaN]	0.0	0.0	0.0
1889.2737853864542	2.0	trials	3.0	1.0	1.0	0.0	10000.0	1.0	False	0.0	0.0	0.0	[NaN, NaN, NaN, NaN, NaN, NaN, NaN, NaN, NaN, NaN, NaN, NaN, NaN, NaN, NaN, NaN, NaN, NaN, NaN, NaN]	0.0	0.0	0.0
1895.0575102015491	2.0	trials	3.0	1.0	1.0	0.0	10000.0	1.0	False	0.0	0.0	0.0	[NaN, NaN, NaN, NaN, NaN, NaN, NaN, NaN, NaN, NaN, NaN, NaN, NaN, NaN, NaN, NaN, NaN, NaN, NaN, NaN]	0.0	0.0	0.0
1900.418564578565	2.0	trials	3.0	1.0	1.0	0.0	10000.0	1.0	False	0.0	0.0	0.0	[NaN, NaN, NaN, NaN, NaN, NaN, NaN, NaN, NaN, NaN, NaN, NaN, NaN, NaN, NaN, NaN, NaN, NaN, NaN, NaN]	0.0	0.0	0.0
1910.2674251482833	2.0	trials	3.0	1.0	1.0	0.0	10000.0	1.0	False	0.0	0.0	0.0	[NaN, NaN, NaN, NaN, NaN, NaN, NaN, NaN, NaN, NaN, NaN, NaN, NaN, NaN, NaN, NaN, NaN, NaN, NaN, NaN]	0.0	0.0	0.0
1921.057703766511	2.0	trials	3.0	1.0	1.0	0.0	10000.0	1.0	False	0.0	0.0	0.0	[NaN, NaN, NaN, NaN, NaN, NaN, NaN, NaN, NaN, NaN, NaN, NaN, NaN, NaN, NaN, NaN, NaN, NaN, NaN, NaN]	0.0	0.0	0.0
1928.4116682671433	2.0	trials	3.0	1.0	1.0	0.0	10000.0	1.0	False	0.0	0.0	0.0	[NaN, NaN, NaN, NaN, NaN, NaN, NaN, NaN, NaN, NaN, NaN, NaN, NaN, NaN, NaN, NaN, NaN, NaN, NaN, NaN]	0.0	0.0	0.0
1937.3757030076774	2.0	trials	3.0	1.0	1.0	0.0	10000.0	1.0	False	0.0	0.0	0.0	[NaN, NaN, NaN, NaN, NaN, NaN, NaN, NaN, NaN, NaN, NaN, NaN, NaN, NaN, NaN, NaN, NaN, NaN, NaN, NaN]	0.0	0.0	0.0
1946.6946703237695	2.0	trials	3.0	1.0	1.0	0.0	10000.0	1.0	False	0.0	0.0	0.0	[NaN, NaN, NaN, NaN, NaN, NaN, NaN, NaN, NaN, NaN, NaN, NaN, NaN, NaN, NaN, NaN, NaN, NaN, NaN, NaN]	0.0	0.0	0.0
1951.9102265369006	2.0	trials	3.0	1.0	1.0	0.0	10000.0	1.0	False	0.0	0.0	0.0	[NaN, NaN, NaN, NaN, NaN, NaN, NaN, NaN, NaN, NaN, NaN, NaN, NaN, NaN, NaN, NaN, NaN, NaN, NaN, NaN]	0.0	0.0	0.0
1958.3638995484112	2.0	trials	3.0	1.0	1.0	0.0	10000.0	1.0	False	0.0	0.0	0.0	[NaN, NaN, NaN, NaN, NaN, NaN, NaN, NaN, NaN, NaN, NaN, NaN, NaN, NaN, NaN, NaN, NaN, NaN, NaN, NaN]	0.0	0.0	0.0
1966.2838726426362	2.0	trials	3.0	1.0	1.0	0.0	10000.0	1.0	False	0.0	0.0	0.0	[NaN, NaN, NaN, NaN, NaN, NaN, NaN, NaN, NaN, NaN, NaN, NaN, NaN, NaN, NaN, NaN, NaN, NaN, NaN, NaN]	0.0	0.0	0.0
1973.9701328310955	2.0	trials	3.0	1.0	1.0	0.0	10000.0	1.0	False	0.0	0.0	0.0	[NaN, NaN, NaN, NaN, NaN, NaN, NaN, NaN, NaN, NaN, NaN, NaN, NaN, NaN, NaN, NaN, NaN, NaN, NaN, NaN]	0.0	0.0	0.0
1979.5259335628602	2.0	trials	3.0	1.0	1.0	0.0	10000.0	1.0	False	0.0	0.0	0.0	[NaN, NaN, NaN, NaN, NaN, NaN, NaN, NaN, NaN, NaN, NaN, NaN, NaN, NaN, NaN, NaN, NaN, NaN, NaN, NaN]	0.0	0.0	0.0
1990.2962537037379	2.0	trials	3.0	1.0	1.0	0.0	10000.0	1.0	False	0.0	0.0	0.0	[NaN, NaN, NaN, NaN, NaN, NaN, NaN, NaN, NaN, NaN, NaN, NaN, NaN, NaN, NaN, NaN, NaN, NaN, NaN, NaN]	0.0	0.0	0.0
2000.6874491753003	2.0	trials	3.0	1.0	1.0	0.0	10000.0	1.0	False	0.0	0.0	0.0	[NaN, NaN, NaN, NaN, NaN, NaN, NaN, NaN, NaN, NaN, NaN, NaN, NaN, NaN, NaN, NaN, NaN, NaN, NaN, NaN]	0.0	0.0	0.0
2011.5557472958963	2.0	trials	3.0	1.0	1.0	0.0	10000.0	1.0	False	0.0	0.0	0.0	[NaN, NaN, NaN, NaN, NaN, NaN, NaN, NaN, NaN, NaN, NaN, NaN, NaN, NaN, NaN, NaN, NaN, NaN, NaN, NaN]	0.0	0.0	0.0
2017.2425309352911	2.0	trials	3.0	1.0	1.0	0.0	10000.0	1.0	False	0.0	0.0	0.0	[NaN, NaN, NaN, NaN, NaN, NaN, NaN, NaN, NaN, NaN, NaN, NaN, NaN, NaN, NaN, NaN, NaN, NaN, NaN, NaN]	0.0	0.0	0.0
2027.8138711050126	2.0	trials	3.0	1.0	1.0	0.0	10000.0	1.0	False	0.0	0.0	0.0	[NaN, NaN, NaN, NaN, NaN, NaN, NaN, NaN, NaN, NaN, NaN, NaN, NaN, NaN, NaN, NaN, NaN, NaN, NaN, NaN]	0.0	0.0	0.0
2035.3802076287022	2.0	trials	3.0	1.0	1.0	0.0	10000.0	1.0	False	0.0	0.0	0.0	[NaN, NaN, NaN, NaN, NaN, NaN, NaN, NaN, NaN, NaN, NaN, NaN, NaN, NaN, NaN, NaN, NaN, NaN, NaN, NaN]	0.0	0.0	0.0
2044.4584636119066	2.0	trials	3.0	1.0	1.0	0.0	10000.0	1.0	False	0.0	0.0	0.0	[NaN, NaN, NaN, NaN, NaN, NaN, NaN, NaN, NaN, NaN, NaN, NaN, NaN, NaN, NaN, NaN, NaN, NaN, NaN, NaN]	0.0	0.0	0.0
2054.2264534682067	2.0	trials	3.0	1.0	1.0	0.0	10000.0	1.0	False	0.0	0.0	0.0	[NaN, NaN, NaN, NaN, NaN, NaN, NaN, NaN, NaN, NaN, NaN, NaN, NaN, NaN, NaN, NaN, NaN, NaN, NaN, NaN]	0.0	0.0	0.0
2065.0027352321886	2.0	trials	3.0	1.0	1.0	0.0	10000.0	1.0	False	0.0	0.0	0.0	[NaN, NaN, NaN, NaN, NaN, NaN, NaN, NaN, NaN, NaN, NaN, NaN, NaN, NaN, NaN, NaN, NaN, NaN, NaN, NaN]	0.0	0.0	0.0
2245.894537086797	2.0	trials	4.0	1.0	1.0	1.0	0.0	1.0	False	0.0	0.0	0.0	[NaN, NaN, NaN, NaN, NaN, NaN, NaN, NaN, NaN, NaN, NaN, NaN, NaN, NaN, NaN, NaN, NaN, NaN, NaN, NaN]	1.0	0.02	5.0
2255.5909010655073	2.0	trials	4.0	1.0	1.0	1.0	0.0	1.0	False	0.0	0.0	0.0	[NaN, NaN, NaN, NaN, NaN, NaN, NaN, NaN, NaN, NaN, NaN, NaN, NaN, NaN, NaN, NaN, NaN, NaN, NaN, NaN]	1.0	0.02	5.0
2264.3690886857826	2.0	trials	4.0	1.0	1.0	1.0	0.0	1.0	False	0.0	0.0	0.0	[NaN, NaN, NaN, NaN, NaN, NaN, NaN, NaN, NaN, NaN, NaN, NaN, NaN, NaN, NaN, NaN, NaN, NaN, NaN, NaN]	1.0	0.02	5.0
2273.6806255730776	2.0	trials	4.0	1.0	1.0	1.0	0.0	1.0	False	0.0	0.0	0.0	[NaN, NaN, NaN, NaN, NaN, NaN, NaN, NaN, NaN, NaN, NaN, NaN, NaN, NaN, NaN, NaN, NaN, NaN, NaN, NaN]	1.0	0.02	5.0
2281.067767802292	2.0	trials	4.0	1.0	1.0	1.0	0.0	1.0	False	0.0	0.0	0.0	[NaN, NaN, NaN, NaN, NaN, NaN, NaN, NaN, NaN, NaN, NaN, NaN, NaN, NaN, NaN, NaN, NaN, NaN, NaN, NaN]	1.0	0.02	5.0
2288.5548752189256	2.0	trials	4.0	1.0	1.0	1.0	0.0	1.0	False	0.0	0.0	0.0	[NaN, NaN, NaN, NaN, NaN, NaN, NaN, NaN, NaN, NaN, NaN, NaN, NaN, NaN, NaN, NaN, NaN, NaN, NaN, NaN]	1.0	0.02	5.0
2296.805502394616	2.0	trials	4.0	1.0	1.0	1.0	0.0	1.0	False	0.0	0.0	0.0	[NaN, NaN, NaN, NaN, NaN, NaN, NaN, NaN, NaN, NaN, NaN, NaN, NaN, NaN, NaN, NaN, NaN, NaN, NaN, NaN]	1.0	0.02	5.0
2306.765387394614	2.0	trials	4.0	1.0	1.0	1.0	0.0	1.0	False	0.0	0.0	0.0	[NaN, NaN, NaN, NaN, NaN, NaN, NaN, NaN, NaN, NaN, NaN, NaN, NaN, NaN, NaN, NaN, NaN, NaN, NaN, NaN]	1.0	0.02	5.0
2316.918549943669	2.0	trials	4.0	1.0	1.0	1.0	0.0	1.0	False	0.0	0.0	0.0	[NaN, NaN, NaN, NaN, NaN, NaN, NaN, NaN, NaN, NaN, NaN, NaN, NaN, NaN, NaN, NaN, NaN, NaN, NaN, NaN]	1.0	0.02	5.0
2326.163385772461	2.0	trials	4.0	1.0	1.0	1.0	0.0	1.0	False	0.0	0.0	0.0	[NaN, NaN, NaN, NaN, NaN, NaN, NaN, NaN, NaN, NaN, NaN, NaN, NaN, NaN, NaN, NaN, NaN, NaN, NaN, NaN]	1.0	0.02	5.0
2336.0154431545684	2.0	trials	4.0	1.0	1.0	1.0	0.0	1.0	False	0.0	0.0	0.0	[NaN, NaN, NaN, NaN, NaN, NaN, NaN, NaN, NaN, NaN, NaN, NaN, NaN, NaN, NaN, NaN, NaN, NaN, NaN, NaN]	1.0	0.02	5.0
2345.688047041195	2.0	trials	4.0	1.0	1.0	1.0	0.0	1.0	False	0.0	0.0	0.0	[NaN, NaN, NaN, NaN, NaN, NaN, NaN, NaN, NaN, NaN, NaN, NaN, NaN, NaN, NaN, NaN, NaN, NaN, NaN, NaN]	1.0	0.02	5.0
2355.401691086876	2.0	trials	4.0	1.0	1.0	1.0	0.0	1.0	False	0.0	0.0	0.0	[NaN, NaN, NaN, NaN, NaN, NaN, NaN, NaN, NaN, NaN, NaN, NaN, NaN, NaN, NaN, NaN, NaN, NaN, NaN, NaN]	1.0	0.02	5.0
2364.936054437745	2.0	trials	4.0	1.0	1.0	1.0	0.0	1.0	False	0.0	0.0	0.0	[NaN, NaN, NaN, NaN, NaN, NaN, NaN, NaN, NaN, NaN, NaN, NaN, NaN, NaN, NaN, NaN, NaN, NaN, NaN, NaN]	1.0	0.02	5.0
2370.329768141334	2.0	trials	4.0	1.0	1.0	1.0	0.0	1.0	False	0.0	0.0	0.0	[NaN, NaN, NaN, NaN, NaN, NaN, NaN, NaN, NaN, NaN, NaN, NaN, NaN, NaN, NaN, NaN, NaN, NaN, NaN, NaN]	1.0	0.02	5.0
2376.3232729694414	2.0	trials	4.0	1.0	1.0	1.0	0.0	1.0	False	0.0	0.0	0.0	[NaN, NaN, NaN, NaN, NaN, NaN, NaN, NaN, NaN, NaN, NaN, NaN, NaN, NaN, NaN, NaN, NaN, NaN, NaN, NaN]	1.0	0.02	5.0
2386.552899814837	2.0	trials	4.0	1.0	1.0	1.0	0.0	1.0	False	0.0	0.0	0.0	[NaN, NaN, NaN, NaN, NaN, NaN, NaN, NaN, NaN, NaN, NaN, NaN, NaN, NaN, NaN, NaN, NaN, NaN, NaN, NaN]	1.0	0.02	5.0
2391.6954477450213	2.0	trials	4.0	1.0	1.0	1.0	0.0	1.0	False	0.0	0.0	0.0	[NaN, NaN, NaN, NaN, NaN, NaN, NaN, NaN, NaN, NaN, NaN, NaN, NaN, NaN, NaN, NaN, NaN, NaN, NaN, NaN]	1.0	0.02	5.0
2402.0158813423423	2.0	trials	4.0	1.0	1.0	1.0	0.0	1.0	False	0.0	0.0	0.0	[NaN, NaN, NaN, NaN, NaN, NaN, NaN, NaN, NaN, NaN, NaN, NaN, NaN, NaN, NaN, NaN, NaN, NaN, NaN, NaN]	1.0	0.02	5.0
2409.0836879339563	2.0	trials	4.0	1.0	1.0	1.0	0.0	1.0	False	0.0	0.0	0.0	[NaN, NaN, NaN, NaN, NaN, NaN, NaN, NaN, NaN, NaN, NaN, NaN, NaN, NaN, NaN, NaN, NaN, NaN, NaN, NaN]	1.0	0.02	5.0
2418.090577240576	2.0	trials	4.0	1.0	1.0	1.0	0.0	1.0	False	0.0	0.0	0.0	[NaN, NaN, NaN, NaN, NaN, NaN, NaN, NaN, NaN, NaN, NaN, NaN, NaN, NaN, NaN, NaN, NaN, NaN, NaN, NaN]	1.0	0.02	5.0
2428.320204085971	2.0	trials	4.0	1.0	1.0	1.0	0.0	1.0	False	0.0	0.0	0.0	[NaN, NaN, NaN, NaN, NaN, NaN, NaN, NaN, NaN, NaN, NaN, NaN, NaN, NaN, NaN, NaN, NaN, NaN, NaN, NaN]	1.0	0.02	5.0
2436.7082077940704	2.0	trials	4.0	1.0	1.0	1.0	0.0	1.0	False	0.0	0.0	0.0	[NaN, NaN, NaN, NaN, NaN, NaN, NaN, NaN, NaN, NaN, NaN, NaN, NaN, NaN, NaN, NaN, NaN, NaN, NaN, NaN]	1.0	0.02	5.0
2442.0192363772094	2.0	trials	4.0	1.0	1.0	1.0	0.0	1.0	False	0.0	0.0	0.0	[NaN, NaN, NaN, NaN, NaN, NaN, NaN, NaN, NaN, NaN, NaN, NaN, NaN, NaN, NaN, NaN, NaN, NaN, NaN, NaN]	1.0	0.02	5.0
2450.5861751787797	2.0	trials	4.0	1.0	1.0	1.0	0.0	1.0	False	0.0	0.0	0.0	[NaN, NaN, NaN, NaN, NaN, NaN, NaN, NaN, NaN, NaN, NaN, NaN, NaN, NaN, NaN, NaN, NaN, NaN, NaN, NaN]	1.0	0.02	5.0
2457.828078445113	2.0	trials	4.0	1.0	1.0	1.0	0.0	1.0	False	0.0	0.0	0.0	[NaN, NaN, NaN, NaN, NaN, NaN, NaN, NaN, NaN, NaN, NaN, NaN, NaN, NaN, NaN, NaN, NaN, NaN, NaN, NaN]	1.0	0.02	5.0
2467.081381506721	2.0	trials	4.0	1.0	1.0	1.0	0.0	1.0	False	0.0	0.0	0.0	[NaN, NaN, NaN, NaN, NaN, NaN, NaN, NaN, NaN, NaN, NaN, NaN, NaN, NaN, NaN, NaN, NaN, NaN, NaN, NaN]	1.0	0.02	5.0
2474.4001810710693	2.0	trials	4.0	1.0	1.0	1.0	0.0	1.0	False	0.0	0.0	0.0	[NaN, NaN, NaN, NaN, NaN, NaN, NaN, NaN, NaN, NaN, NaN, NaN, NaN, NaN, NaN, NaN, NaN, NaN, NaN, NaN]	1.0	0.02	5.0
2485.1526163426333	2.0	trials	4.0	1.0	1.0	1.0	0.0	1.0	False	0.0	0.0	0.0	[NaN, NaN, NaN, NaN, NaN, NaN, NaN, NaN, NaN, NaN, NaN, NaN, NaN, NaN, NaN, NaN, NaN, NaN, NaN, NaN]	1.0	0.02	5.0
2491.506496967394	2.0	trials	4.0	1.0	1.0	1.0	0.0	1.0	False	0.0	0.0	0.0	[NaN, NaN, NaN, NaN, NaN, NaN, NaN, NaN, NaN, NaN, NaN, NaN, NaN, NaN, NaN, NaN, NaN, NaN, NaN, NaN]	1.0	0.02	5.0
2498.528597781873	2.0	trials	4.0	1.0	1.0	1.0	0.0	1.0	False	0.0	0.0	0.0	[NaN, NaN, NaN, NaN, NaN, NaN, NaN, NaN, NaN, NaN, NaN, NaN, NaN, NaN, NaN, NaN, NaN, NaN, NaN, NaN]	1.0	0.02	5.0
2509.614451945617	2.0	trials	4.0	1.0	1.0	1.0	0.0	1.0	False	0.0	0.0	0.0	[NaN, NaN, NaN, NaN, NaN, NaN, NaN, NaN, NaN, NaN, NaN, NaN, NaN, NaN, NaN, NaN, NaN, NaN, NaN, NaN]	1.0	0.02	5.0
2515.230646511441	2.0	trials	4.0	1.0	1.0	1.0	0.0	1.0	False	0.0	0.0	0.0	[NaN, NaN, NaN, NaN, NaN, NaN, NaN, NaN, NaN, NaN, NaN, NaN, NaN, NaN, NaN, NaN, NaN, NaN, NaN, NaN]	1.0	0.02	5.0
2522.178529438285	2.0	trials	4.0	1.0	1.0	1.0	0.0	1.0	False	0.0	0.0	0.0	[NaN, NaN, NaN, NaN, NaN, NaN, NaN, NaN, NaN, NaN, NaN, NaN, NaN, NaN, NaN, NaN, NaN, NaN, NaN, NaN]	1.0	0.02	5.0
2527.981089526377	2.0	trials	4.0	1.0	1.0	1.0	0.0	1.0	False	0.0	0.0	0.0	[NaN, NaN, NaN, NaN, NaN, NaN, NaN, NaN, NaN, NaN, NaN, NaN, NaN, NaN, NaN, NaN, NaN, NaN, NaN, NaN]	1.0	0.02	5.0
2535.7859773745836	2.0	trials	4.0	1.0	1.0	1.0	0.0	1.0	False	0.0	0.0	0.0	[NaN, NaN, NaN, NaN, NaN, NaN, NaN, NaN, NaN, NaN, NaN, NaN, NaN, NaN, NaN, NaN, NaN, NaN, NaN, NaN]	1.0	0.02	5.0
2546.244392306658	2.0	trials	4.0	1.0	1.0	1.0	0.0	1.0	False	0.0	0.0	0.0	[NaN, NaN, NaN, NaN, NaN, NaN, NaN, NaN, NaN, NaN, NaN, NaN, NaN, NaN, NaN, NaN, NaN, NaN, NaN, NaN]	1.0	0.02	5.0
2552.719406200876	2.0	trials	4.0	1.0	1.0	1.0	0.0	1.0	False	0.0	0.0	0.0	[NaN, NaN, NaN, NaN, NaN, NaN, NaN, NaN, NaN, NaN, NaN, NaN, NaN, NaN, NaN, NaN, NaN, NaN, NaN, NaN]	1.0	0.02	5.0
2559.5166069437446	2.0	trials	4.0	1.0	1.0	1.0	0.0	1.0	False	0.0	0.0	0.0	[NaN, NaN, NaN, NaN, NaN, NaN, NaN, NaN, NaN, NaN, NaN, NaN, NaN, NaN, NaN, NaN, NaN, NaN, NaN, NaN]	1.0	0.02	5.0
2568.0731777051333	2.0	trials	4.0	1.0	1.0	1.0	0.0	1.0	False	0.0	0.0	0.0	[NaN, NaN, NaN, NaN, NaN, NaN, NaN, NaN, NaN, NaN, NaN, NaN, NaN, NaN, NaN, NaN, NaN, NaN, NaN, NaN]	1.0	0.02	5.0
2575.266869584622	2.0	trials	4.0	1.0	1.0	1.0	0.0	1.0	False	0.0	0.0	0.0	[NaN, NaN, NaN, NaN, NaN, NaN, NaN, NaN, NaN, NaN, NaN, NaN, NaN, NaN, NaN, NaN, NaN, NaN, NaN, NaN]	1.0	0.02	5.0
2585.023627397391	2.0	trials	4.0	1.0	1.0	1.0	0.0	1.0	False	0.0	0.0	0.0	[NaN, NaN, NaN, NaN, NaN, NaN, NaN, NaN, NaN, NaN, NaN, NaN, NaN, NaN, NaN, NaN, NaN, NaN, NaN, NaN]	1.0	0.02	5.0
2591.1806016590317	2.0	trials	4.0	1.0	1.0	1.0	0.0	1.0	False	0.0	0.0	0.0	[NaN, NaN, NaN, NaN, NaN, NaN, NaN, NaN, NaN, NaN, NaN, NaN, NaN, NaN, NaN, NaN, NaN, NaN, NaN, NaN]	1.0	0.02	5.0
2598.9447085491897	2.0	trials	4.0	1.0	1.0	1.0	0.0	1.0	False	0.0	0.0	0.0	[NaN, NaN, NaN, NaN, NaN, NaN, NaN, NaN, NaN, NaN, NaN, NaN, NaN, NaN, NaN, NaN, NaN, NaN, NaN, NaN]	1.0	0.02	5.0
2604.759278283826	2.0	trials	4.0	1.0	1.0	1.0	0.0	1.0	False	0.0	0.0	0.0	[NaN, NaN, NaN, NaN, NaN, NaN, NaN, NaN, NaN, NaN, NaN, NaN, NaN, NaN, NaN, NaN, NaN, NaN, NaN, NaN]	1.0	0.02	5.0
2614.999273169403	2.0	trials	4.0	1.0	1.0	1.0	0.0	1.0	False	0.0	0.0	0.0	[NaN, NaN, NaN, NaN, NaN, NaN, NaN, NaN, NaN, NaN, NaN, NaN, NaN, NaN, NaN, NaN, NaN, NaN, NaN, NaN]	1.0	0.02	5.0
2624.8212632349832	2.0	trials	4.0	1.0	1.0	1.0	0.0	1.0	False	0.0	0.0	0.0	[NaN, NaN, NaN, NaN, NaN, NaN, NaN, NaN, NaN, NaN, NaN, NaN, NaN, NaN, NaN, NaN, NaN, NaN, NaN, NaN]	1.0	0.02	5.0
2630.17341837751	2.0	trials	4.0	1.0	1.0	1.0	0.0	1.0	False	0.0	0.0	0.0	[NaN, NaN, NaN, NaN, NaN, NaN, NaN, NaN, NaN, NaN, NaN, NaN, NaN, NaN, NaN, NaN, NaN, NaN, NaN, NaN]	1.0	0.02	5.0
2635.783392119225	2.0	trials	4.0	1.0	1.0	1.0	0.0	1.0	False	0.0	0.0	0.0	[NaN, NaN, NaN, NaN, NaN, NaN, NaN, NaN, NaN, NaN, NaN, NaN, NaN, NaN, NaN, NaN, NaN, NaN, NaN, NaN]	1.0	0.02	5.0
2641.0695374059273	2.0	trials	4.0	1.0	1.0	1.0	0.0	1.0	False	0.0	0.0	0.0	[NaN, NaN, NaN, NaN, NaN, NaN, NaN, NaN, NaN, NaN, NaN, NaN, NaN, NaN, NaN, NaN, NaN, NaN, NaN, NaN]	1.0	0.02	5.0
2650.9393068566787	2.0	trials	4.0	1.0	1.0	1.0	0.0	1.0	False	0.0	0.0	0.0	[NaN, NaN, NaN, NaN, NaN, NaN, NaN, NaN, NaN, NaN, NaN, NaN, NaN, NaN, NaN, NaN, NaN, NaN, NaN, NaN]	1.0	0.02	5.0
2730.7441857442063	2.0	trials	5.0	0.0	0.0	0.0	0.0	0.0	True	40.0	0.0	0.005	[31614757.80271186, 31615046.803831894, 31615335.80495193, 31615625.80607584, 31615916.807203624, 31616206.808327537, 31616495.80944757, 31616785.81057148, 31617074.81169152, 31617363.812811553, 31617653.813935462, 31617942.815055497, 31618231.81617554, 31618522.81730332, 31618811.81842336, 31619100.819543395, 31619391.820671182, 31619680.821791217, 31619969.82291125, 31620260.824039042]	0.0	0.0	0.0
2737.2064987892013	2.0	trials	5.0	0.0	0.0	0.0	0.0	0.0	True	40.0	0.0	0.005	[31689553.092584006, 31689842.09370405, 31690132.094827957, 31690421.095947992, 31690711.097071905, 31691001.098195814, 31691290.09931585, 31691579.100435883, 31691869.101559795, 31692160.102687586, 31692448.103803743, 31692737.10492378, 31693027.106047686, 31693317.1071716, 31693608.108299386, 31693897.109419428, 31694187.110543333, 31694475.111659493, 31694766.112787284, 31695055.11390732]	0.0	0.0	0.0
2742.4749320072597	2.0	trials	5.0	0.0	0.0	0.0	0.0	0.0	True	40.0	0.0	0.005	[31750529.328899864, 31750819.330023777, 31751110.331151564, 31751398.33226772, 31751688.33339164, 31751978.334515546, 31752267.335635576, 31752558.336763367, 31752846.337879524, 31753137.339007314, 31753427.340131223, 31753717.341255136, 31754006.34237517, 31754296.34349908, 31754584.344615243, 31754874.345739156, 31755164.346863065, 31755454.347986978, 31755743.349107012, 31756034.3502348]	0.0	0.0	0.0
2748.144867581359	2.0	trials	5.0	0.0	0.0	0.0	0.0	0.0	True	40.0	0.0	0.005	[31816154.58323318, 31816443.584353216, 31816733.585477125, 31817023.586601038, 31817313.587724946, 31817601.588841103, 31817892.589968894, 31818181.59108893, 31818470.592208963, 31818760.593332876, 31819049.594452914, 31819339.59557682, 31819629.59670073, 31819918.59782077, 31820209.598948553, 31820498.600068588, 31820787.601188626, 31821076.60230866, 31821366.603432573, 31821655.604552608]	0.0	0.0	0.0
2755.8682799138037	2.0	trials	5.0	0.0	0.0	0.0	0.0	0.0	True	40.0	0.0	0.005	[31905544.929669056, 31905834.930792972, 31906123.931913007, 31906414.933040798, 31906703.93416083, 31906992.935280863, 31907283.936408654, 31907572.937528685, 31907861.93864872, 31908151.93977263, 31908440.940892667, 31908730.942016575, 31909020.94314049, 31909310.9442644, 31909599.945384435, 31909888.946504466, 31910178.947628386, 31910468.94875229, 31910759.94988008, 31911048.951000113]	0.0	0.0	0.0
2763.636361219365	2.0	trials	5.0	0.0	0.0	0.0	0.0	0.0	True	40.0	0.0	0.005	[31995454.278116353, 31995743.27923639, 31996032.280356426, 31996322.281480335, 31996612.282604247, 31996902.283728156, 31997191.28484819, 31997480.285968225, 31997770.287092138, 31998060.288216047, 31998349.28933609, 31998640.29046387, 31998929.29158391, 31999218.292703945, 31999508.29382785, 31999798.294951767, 32000087.2960718, 32000377.297195707, 32000667.298319627, 32000956.299439657]	0.0	0.0	0.0
2773.3812821862603	2.0	trials	5.0	0.0	0.0	0.0	0.0	0.0	True	40.0	0.0	0.005	[32108242.715232473, 32108532.716356385, 32108821.71747642, 32109111.718600333, 32109400.71972037, 32109689.720840406, 32109979.721964315, 32110268.723084353, 32110560.724216018, 32110848.725332174, 32111139.72645996, 32111428.727579996, 32111718.72870391, 32112007.72982394, 32112297.730947856, 32112586.732067887, 32112877.733195674, 32113165.73431183, 32113456.73543962, 32113745.736559656]	0.0	0.0	0.0
2779.7649709265434	2.0	trials	5.0	0.0	0.0	0.0	0.0	0.0	True	40.0	0.0	0.005	[32182128.00157787, 32182418.00270179, 32182708.003825694, 32182997.004945736, 32183287.006069645, 32183577.00719355, 32183866.008313593, 32184155.009433627, 32184446.010561414, 32184735.01168145, 32185024.012801483, 32185314.013925392, 32185604.015049305, 32185893.01616934, 32186184.017297126, 32186473.01841716, 32186762.019537196, 32187051.02065723, 32187341.021781143, 32187631.02290505]	0.0	0.0	0.0
2785.3866951137975	2.0	trials	5.0	0.0	0.0	0.0	0.0	0.0	True	40.0	0.0	0.005	[32247193.253740873, 32247482.254860908, 32247772.255984817, 32248063.257112607, 32248351.258228764, 32248641.259352677, 32248932.260480464, 32249221.261600498, 32249511.26272441, 32249800.26384445, 32250090.26496836, 32250380.266092267, 32250669.267212305, 32250958.26833234, 32251248.269456252, 32251537.270576287, 32251828.271704074, 32252117.27282411, 32252407.273948018, 32252696.275068056]	0.0	0.0	0.0
2796.0486692347754	2.0	trials	5.0	0.0	0.0	0.0	0.0	0.0	True	40.0	0.0	0.005	[32370595.731992137, 32370885.73311605, 32371173.734232213, 32371464.73536, 32371754.736483905, 32372043.737603944, 32372333.738727856, 32372623.73985176, 32372911.740967926, 32373201.74209184, 32373492.743219625, 32373781.744339656, 32374071.745463572, 32374360.746583603, 32374650.74770752, 32374939.74882755, 32375229.74995146, 32375519.751075376, 32375809.752199285, 32376098.75331932]	0.0	0.0	0.0
2806.206843003251	2.0	trials	5.0	0.0	0.0	0.0	0.0	0.0	True	40.0	0.0	0.005	[32488166.18764117, 32488457.188768957, 32488747.189892862, 32489037.191016775, 32489327.19214069, 32489616.193260718, 32489906.19438464, 32490196.195508547, 32490484.196624704, 32490774.197748616, 32491064.19887253, 32491354.199996438, 32491644.20112035, 32491934.20224426, 32492223.203364298, 32492513.204488207, 32492802.20560824, 32493092.206732154, 32493382.207856063, 32493671.208976097]	0.0	0.0	0.0
2814.3137000217534	2.0	trials	5.0	0.0	0.0	0.0	0.0	0.0	True	40.0	0.0	0.005	[32581997.55128839, 32582286.552408427, 32582576.55353234, 32582866.554656245, 32583155.555776283, 32583445.556900196, 32583736.55802798, 32584024.55914414, 32584313.560264174, 32584604.561391965, 32584893.562511995, 32585182.563632034, 32585472.564755943, 32585762.565879855, 32586052.567003768, 32586342.568127677, 32586630.569243833, 32586921.570371624, 32587210.57149166, 32587499.57261169]	0.0	0.0	0.0
2821.537286417099	2.0	trials	5.0	0.0	0.0	0.0	0.0	0.0	True	40.0	0.0	0.005	[32665602.87530418, 32665892.876428097, 32666182.877552006, 32666471.87867204, 32666762.879799828, 32667051.880919863, 32667340.882039897, 32667629.88315994, 32667919.884283848, 32668208.885403875, 32668499.886531666, 32668788.887651704, 32669078.888775617, 32669368.889899522, 32669657.89101956, 32669947.892143473, 32670236.893263508, 32670527.894391295, 32670817.895515207, 32671105.896631364]	0.0	0.0	0.0
2828.1488128403776	2.0	trials	5.0	0.0	0.0	0.0	0.0	0.0	True	40.0	0.0	0.005	[32742126.171873298, 32742415.17299333, 32742706.17412112, 32742994.175237276, 32743285.176365066, 32743573.177481223, 32743864.17860901, 32744153.179729052, 32744443.180852957, 32744732.181972995, 32745023.18310078, 32745311.184216943, 32745601.18534085, 32745892.186468635, 32746180.1875848, 32746470.188708708, 32746759.189828746, 32747050.190956526, 32747338.19207269, 32747630.193204354]	0.0	0.0	0.0
2834.8817317341186	2.0	trials	5.0	0.0	0.0	0.0	0.0	0.0	True	40.0	0.0	0.005	[32820052.473879814, 32820343.475007597, 32820632.476127632, 32820922.47725155, 32821211.478371583, 32821500.479491618, 32821791.480619404, 32822080.48173944, 32822369.482859474, 32822659.483983386, 32822949.485107295, 32823239.486231208, 32823528.487351242, 32823818.48847515, 32824107.489595186, 32824398.490722977, 32824686.491839133, 32824976.492963046, 32825266.494086962, 32825556.495210867]	0.0	0.0	0.0
2843.7792382168195	2.0	trials	5.0	0.0	0.0	0.0	0.0	0.0	True	40.0	0.0	0.005	[32923032.872984488, 32923323.874112274, 32923611.87522844, 32923902.87635622, 32924191.877476256, 32924481.878600165, 32924770.879720207, 32925061.88084799, 32925350.881968025, 32925639.883088063, 32925928.884208098, 32926219.88533589, 32926508.88645592, 32926799.887583703, 32927088.888703745, 32927377.88982378, 32927667.89094769, 32927956.892067723, 32928247.89319551, 32928535.89431167]	0.0	0.0	0.0
2849.9039851535617	2.0	trials	5.0	0.0	0.0	0.0	0.0	0.0	True	40.0	0.0	0.005	[32993922.147718724, 32994212.148842633, 32994502.149966545, 32994791.15108658, 32995080.15220662, 32995370.153330524, 32995659.154450566, 32995949.155574474, 32996240.156702265, 32996529.1578223, 32996818.15894233, 32997109.16007012, 32997398.161190156, 32997687.16231019, 32997977.163434103, 32998267.164558012, 32998556.165678047, 32998846.16680196, 32999135.167921994, 32999426.16904978]	0.0	0.0	0.0
2859.8965294801333	2.0	trials	5.0	0.0	0.0	0.0	0.0	0.0	True	40.0	0.0	0.005	[33109575.595938314, 33109864.597058352, 33110155.598186135, 33110444.59930617, 33110734.60043008, 33111023.601550113, 33111314.602677904, 33111603.603797935, 33111892.60491797, 33112182.606041882, 33112471.60716192, 33112762.60828971, 33113051.60940974, 33113340.610529777, 33113631.611657567, 33113921.612781473, 33114208.61389376, 33114501.615029294, 33114790.616149336, 33115079.61726937]	0.0	0.0	0.0
2869.111470793068	2.0	trials	5.0	0.0	0.0	0.0	0.0	0.0	True	40.0	0.0	0.005	[33216231.009285655, 33216520.01040569, 33216809.011525724, 33217099.012649637, 33217388.013769675, 33217678.01489358, 33217968.016017497, 33218258.0171414, 33218548.018265314, 33218838.019389227, 33219127.020509258, 33219417.02163317, 33219706.02275321, 33219996.02387712, 33220286.025001034, 33220576.02612494, 33220863.027237225, 33221154.028365012, 33221444.029488925, 33221734.030612838]	0.0	0.0	0.0
2877.9513482524244	2.0	trials	5.0	0.0	0.0	0.0	0.0	0.0	True	40.0	0.0	0.005	[33318544.405805342, 33318834.406929247, 33319122.408045407, 33319412.409169313, 33319703.410297103, 33319992.41141714, 33320281.412537176, 33320571.41366109, 33320861.414784998, 33321151.41590891, 33321440.417028945, 33321730.418152854, 33322020.419276766, 33322309.4203968, 33322599.421520714, 33322888.42264075, 33323178.423764657, 33323468.42488857, 33323757.426008604, 33324047.427132513]	0.0	0.0	0.0
2886.537467928332	2.0	trials	5.0	0.0	0.0	0.0	0.0	0.0	True	40.0	0.0	0.005	[33417919.79093864, 33418208.79205867, 33418499.79318646, 33418789.79431037, 33419078.795430403, 33419367.796550445, 33419658.797678225, 33419946.79879439, 33420236.7999183, 33420526.801042207, 33420816.80216612, 33421105.803286158, 33421394.804406192, 33421684.8055301, 33421973.80665014, 33422263.80777405, 33422554.80890183, 33422843.81002187, 33423132.811141904, 33423422.812265817]	0.0	0.0	0.0
2895.8421791891737	2.0	trials	5.0	0.0	0.0	0.0	0.0	0.0	True	40.0	0.0	0.005	[33525613.208308805, 33525904.20943659, 33526193.210556626, 33526483.21168054, 33526773.21280445, 33527062.21392449, 33527352.215048395, 33527642.216172308, 33527931.217292346, 33528220.21841238, 33528511.219540164, 33528799.220656328, 33529090.221784107, 33529380.22290802, 33529668.224024184, 33529958.225148093, 33530248.226272006, 33530538.227395914, 33530828.228519827, 33531118.229643732]	0.0	0.0	0.0
2906.2109969740104	2.0	trials	5.0	0.0	0.0	0.0	0.0	0.0	True	40.0	0.0	0.005	[33645623.67341419, 33645912.674534224, 33646201.675654255, 33646492.67678205, 33646781.67790208, 33647071.67902599, 33647361.680149905, 33647651.68127381, 33647940.68239385, 33648230.68351776, 33648519.68463779, 33648808.68575783, 33649098.68688174, 33649388.68800565, 33649677.68912569, 33649967.6902496, 33650257.691373505, 33650546.69249355, 33650837.69362133, 33651125.694737494]	0.0	0.0	0.0
2912.966466355146	2.0	trials	5.0	0.0	0.0	0.0	0.0	0.0	True	40.0	0.0	0.005	[33723811.97643609, 33724100.97755613, 33724389.97867617, 33724680.97980396, 33724968.98092011, 33725257.98204015, 33725547.983164065, 33725838.98429185, 33726127.98541188, 33726417.986535795, 33726706.98765583, 33726996.98877974, 33727285.98989978, 33727575.99102369, 33727864.99214373, 33728156.99327539, 33728444.99439155, 33728734.99551546, 33729024.99663937, 33729313.99775941]	0.0	0.0	0.0
2923.57366266383	2.0	trials	5.0	0.0	0.0	0.0	0.0	0.0	True	40.0	0.0	0.005	[33846580.45223026, 33846869.4533503, 33847159.45447421, 33847448.45559424, 33847738.456718154, 33848027.457838185, 33848317.458962105, 33848606.460082136, 33848896.46120604, 33849186.46232996, 33849477.46345775, 33849765.464573905, 33850056.46570169, 33850345.46682173, 33850635.46794564, 33850925.46906955, 33851214.47018959, 33851504.4713135, 33851793.47243353, 33852083.47355744]	0.0	0.0	0.0
2929.873629479645	2.0	trials	5.0	0.0	0.0	0.0	0.0	0.0	True	40.0	0.0	0.005	[33919494.7348125, 33919784.73593641, 33920074.737060316, 33920365.73818811, 33920654.73930814, 33920943.74042817, 33921233.74155209, 33921523.742676, 33921812.743796036, 33922101.74491607, 33922393.74604773, 33922681.74716389, 33922972.74829168, 33923260.749407835, 33923550.75053175, 33923840.75165566, 33924129.7527757, 33924418.75389573, 33924709.75502352, 33924998.756143555]	0.0	0.0	0.0
2936.9836858350004	2.0	trials	5.0	0.0	0.0	0.0	0.0	0.0	True	40.0	0.0	0.005	[34001788.05374356, 34002078.05486747, 34002368.05599139, 34002657.05711142, 34002946.05823145, 34003236.05935536, 34003525.0604754, 34003816.061603196, 34004104.062719345, 34004395.06384713, 34004684.06496716, 34004973.06608721, 34005264.06721499, 34005553.068335034, 34005843.06945894, 34006133.070582844, 34006422.07170289, 34006712.072826795, 34007002.07395071, 34007291.075070746]	0.0	0.0	0.0
2944.8443018991848	2.0	trials	5.0	0.0	0.0	0.0	0.0	0.0	True	40.0	0.0	0.005	[34092768.406341575, 34093057.40746161, 34093347.408585526, 34093637.40970943, 34093927.410833344, 34094215.41194951, 34094507.41308116, 34094795.414197326, 34095086.41532511, 34095375.41644514, 34095663.41756131, 34095954.418689094, 34096244.419813, 34096532.42092916, 34096822.42205308, 34097112.42317699, 34097401.42429702, 34097691.42542093, 34097981.426544845, 34098270.42766488]	0.0	0.0	0.0
2952.2361097464795	2.0	trials	5.0	0.0	0.0	0.0	0.0	0.0	True	40.0	0.0	0.005	[34178320.73790307, 34178610.739026986, 34178899.740147024, 34179190.74127481, 34179480.742398724, 34179769.743518755, 34180058.74463879, 34180348.745762706, 34180639.74689049, 34180928.74801052, 34181218.749134436, 34181508.75025835, 34181796.75137451, 34182087.75250229, 34182376.75362233, 34182665.75474237, 34182955.755866274, 34183244.75698631, 34183535.75811409, 34183825.759238005]	0.0	0.0	0.0
2958.6675778719346	2.0	trials	5.0	0.0	0.0	0.0	0.0	0.0	True	40.0	0.0	0.005	[34252761.026399404, 34253050.02751944, 34253340.028643355, 34253628.02975952, 34253919.0308873, 34254209.03201121, 34254499.03313512, 34254788.03425516, 34255078.03537907, 34255366.03649523, 34255656.037619136, 34255945.03873918, 34256236.03986696, 34256525.04098699, 34256816.04211479, 34257104.04323094, 34257394.044354856, 34257685.04548264, 34257973.0465988, 34258263.04772272]	0.0	0.0	0.0
2967.403947730143	2.0	trials	5.0	0.0	0.0	0.0	0.0	0.0	True	40.0	0.0	0.005	[34353875.4182723, 34354164.41939233, 34354454.420516245, 34354743.42163628, 34355033.42276019, 34355323.4238841, 34355613.425008014, 34355901.42612418, 34356192.42725196, 34356481.428371996, 34356771.4294959, 34357060.43061595, 34357351.431743726, 34357640.432863764, 34357930.43398767, 34358219.43510771, 34358509.43623162, 34358798.43735166, 34359087.43847169, 34359378.439599484]	0.0	0.0	0.0
2974.8283285036764	2.0	trials	5.0	0.0	0.0	0.0	0.0	0.0	True	40.0	0.0	0.005	[34439804.75129488, 34440095.75242267, 34440385.75354658, 34440674.75466662, 34440963.75578665, 34441252.75690669, 34441542.75803059, 34441832.759154506, 34442122.76027842, 34442412.76140234, 34442702.762526244, 34442992.76365016, 34443280.76476631, 34443569.76588635, 34443859.76701026, 34444150.76813805, 34444439.76925808, 34444729.770381995, 34445019.77150591, 34445308.77262594]	0.0	0.0	0.0
2983.6045289162503	2.0	trials	5.0	0.0	0.0	0.0	0.0	0.0	True	40.0	0.0	0.005	[34541382.144962154, 34541672.14608607, 34541961.147206105, 34542250.148326136, 34542541.14945392, 34542830.15057396, 34543120.15169787, 34543409.152817905, 34543700.15394569, 34543988.15506185, 34544279.15618964, 34544569.15731355, 34544858.15843359, 34545148.1595575, 34545437.16067754, 34545727.16180145, 34546017.162925355, 34546306.16404539, 34546596.165169306, 34546885.16628934]	0.0	0.0	0.0
2990.6127192768186	2.0	trials	5.0	0.0	0.0	0.0	0.0	0.0	True	40.0	0.0	0.005	[34622494.459316194, 34622784.46044011, 34623072.461556256, 34623364.462687925, 34623654.46381184, 34623942.464928, 34624232.46605191, 34624522.46717582, 34624811.46829586, 34625101.46941976, 34625390.4705398, 34625679.47165984, 34625970.472787626, 34626260.47391153, 34626549.47503157, 34626838.4761516, 34627128.47727551, 34627418.478399426, 34627708.47952334, 34627997.48064337]	0.0	0.0	0.0
2998.394451835286	2.0	trials	5.0	0.0	0.0	0.0	0.0	0.0	True	40.0	0.0	0.005	[34712560.808371946, 34712850.80949586, 34713140.81061977, 34713429.81173981, 34713719.812863715, 34714009.81398763, 34714299.81511154, 34714589.81623545, 34714879.817359366, 34715167.81847552, 34715458.81960331, 34715747.82072335, 34716037.82184725, 34716326.82296729, 34716615.82408733, 34716906.82521511, 34717195.82633515, 34717484.827455185, 34717774.8285791, 34718065.82970688]	0.0	0.0	0.0
3009.2199817901314	2.0	trials	5.0	0.0	0.0	0.0	0.0	0.0	True	40.0	0.0	0.005	[34837857.293963514, 34838145.29507968, 34838436.29620746, 34838725.297327496, 34839015.2984514, 34839305.29957532, 34839594.30069535, 34839884.30181927, 34840174.30294318, 34840463.304063216, 34840754.305191, 34841043.30631103, 34841332.30743107, 34841622.308554985, 34841912.30967889, 34842201.31079893, 34842492.311926715, 34842781.313046746, 34843070.314166784, 34843360.3152907]	0.0	0.0	0.0
3018.128720316363	2.0	trials	5.0	0.0	0.0	0.0	0.0	0.0	True	40.0	0.0	0.005	[34940967.693572015, 34941256.69469205, 34941546.69581596, 34941836.69693987, 34942126.69806378, 34942414.69917995, 34942705.70030773, 34942995.70143164, 34943283.7025478, 34943573.703671716, 34943863.70479562, 34944152.70591566, 34944443.70704344, 34944732.70816348, 34945022.70928739, 34945311.71040743, 34945601.71153133, 34945891.712655246, 34946181.71377916, 34946469.714895315]	0.0	0.0	0.0
3029.0751243396617	2.0	trials	5.0	0.0	0.0	0.0	0.0	0.0	True	40.0	0.0	0.005	[35067662.18458161, 35067952.18570552, 35068241.18682556, 35068530.18794559, 35068820.1890695, 35069110.190193415, 35069400.19131732, 35069690.19244123, 35069978.1935574, 35070268.19468131, 35070558.19580522, 35070847.19692525, 35071136.19804529, 35071427.19917308, 35071716.20029311, 35072007.201420896, 35072296.202540934, 35072585.203660965, 35072874.204781, 35073164.205904916]	0.0	0.0	0.0
3038.073114411792	2.0	trials	5.0	0.0	0.0	0.0	0.0	0.0	True	40.0	0.0	0.005	[35171804.588189684, 35172094.58931359, 35172384.5904375, 35172674.591561414, 35172963.592681445, 35173253.593805365, 35173542.594925396, 35173832.59604931, 35174122.59717322, 35174410.59828938, 35174701.599417165, 35174991.60054108, 35175279.601657234, 35175569.60278115, 35175859.60390506, 35176149.605028965, 35176439.606152885, 35176727.60726904, 35177017.608392954, 35177306.609512985]	0.0	0.0	0.0
3047.8767876063844	2.0	trials	5.0	0.0	0.0	0.0	0.0	0.0	True	40.0	0.0	0.005	[35285274.02794506, 35285563.029065095, 35285853.03018901, 35286143.03131291, 35286432.03243295, 35286722.03355686, 35287011.034676895, 35287302.03580468, 35287590.036920846, 35287881.038048625, 35288171.03917254, 35288459.0402887, 35288750.04141648, 35289039.04253653, 35289329.04366043, 35289619.044784345, 35289907.0459005, 35290197.047024414, 35290487.04814832, 35290777.04927224]	0.0	0.0	0.0
3056.1363140165636	2.0	trials	5.0	0.0	0.0	0.0	0.0	0.0	True	40.0	0.0	0.005	[35380870.398432635, 35381160.39955655, 35381449.40067658, 35381738.40179662, 35382028.40292053, 35382318.404044434, 35382607.40516448, 35382897.406288385, 35383187.4074123, 35383476.40853234, 35383767.409660116, 35384056.410780154, 35384346.41190406, 35384635.4130241, 35384925.41414801, 35385214.41526805, 35385503.41638808, 35385794.41751587, 35386083.418635905, 35386372.419755936]	0.0	0.0	0.0
3064.763041849849	2.0	trials	5.0	0.0	0.0	0.0	0.0	0.0	True	40.0	0.0	0.005	[35480715.78538745, 35481005.78651136, 35481295.78763527, 35481585.78875917, 35481874.78987922, 35482163.79099925, 35482454.792127036, 35482742.79324319, 35483032.794367105, 35483322.79549102, 35483612.79661493, 35483902.79773884, 35484190.798855, 35484481.799982786, 35484770.80110282, 35485060.80222673, 35485349.80334677, 35485640.804474555, 35485930.80559847, 35486219.8067185]	0.0	0.0	0.0
3073.545117485193	2.0	trials	5.0	0.0	0.0	0.0	0.0	0.0	True	40.0	0.0	0.005	[35582361.17931826, 35582649.18043442, 35582939.181558326, 35583230.18268611, 35583519.18380614, 35583808.18492619, 35584099.18605397, 35584388.187174, 35584678.18829791, 35584968.189421825, 35585256.19053799, 35585546.1916619, 35585836.19278581, 35586126.19390973, 35586416.19503363, 35586705.19615367, 35586995.19727758, 35587284.198397614, 35587573.199517645, 35587863.200641565]	0.0	0.0	0.0
3084.2606598137763	2.0	trials	5.0	0.0	0.0	0.0	0.0	0.0	True	40.0	0.0	0.005	[35706383.65997237, 35706672.6610924, 35706962.66221631, 35707252.663340226, 35707540.66445638, 35707831.66558417, 35708120.66670421, 35708410.66782811, 35708699.66894815, 35708989.670072064, 35709279.67119597, 35709568.672316015, 35709857.673436046, 35710147.67455996, 35710437.67568387, 35710727.676807776, 35711017.67793169, 35711306.67905173, 35711596.68017563, 35711886.681299545]	0.0	0.0	0.0
3094.1853798774914	2.0	trials	5.0	0.0	0.0	0.0	0.0	0.0	True	40.0	0.0	0.005	[35821252.10514964, 35821542.106273554, 35821832.10739746, 35822122.10852138, 35822412.109645285, 35822702.110769205, 35822990.11188536, 35823280.11300927, 35823571.11413706, 35823860.11525709, 35824149.11637712, 35824439.117501035, 35824729.11862495, 35825018.11974498, 35825308.1208689, 35825597.12198893, 35825887.12311284, 35826177.124236755, 35826466.12535679, 35826756.1264807]	0.0	0.0	0.0
3100.923050789649	2.0	trials	5.0	0.0	0.0	0.0	0.0	0.0	True	40.0	0.0	0.005	[35899234.40737319, 35899526.40850485, 35899814.40962101, 35900103.410741046, 35900393.41186496, 35900683.412988864, 35900972.4141089, 35901261.41522894, 35901551.41635285, 35901840.417472884, 35902130.4185968, 35902421.419724576, 35902710.42084462, 35903000.42196853, 35903290.42309245, 35903579.42421248, 35903868.42533251, 35904159.4264603, 35904448.42758034, 35904737.428700365]	0.0	0.0	0.0
3111.2819325359787	2.0	trials	5.0	0.0	0.0	0.0	0.0	0.0	True	40.0	0.0	0.005	[36019129.87203288, 36019418.87315292, 36019709.874280706, 36019997.87539687, 36020288.87652465, 36020578.87764856, 36020867.8787686, 36021157.879892506, 36021446.88101255, 36021735.88213258, 36022026.88326037, 36022314.884376526, 36022604.88550044, 36022895.886628225, 36023184.887748264, 36023474.88887217, 36023764.88999608, 36024053.89111612, 36024342.89223615, 36024632.89336006]	0.0	0.0	0.0
3118.787616024604	2.0	trials	5.0	0.0	0.0	0.0	0.0	0.0	True	40.0	0.0	0.005	[36106000.20870236, 36106290.209826276, 36106581.210954055, 36106870.2120741, 36107160.213198006, 36107450.214321926, 36107739.21544196, 36108028.21656199, 36108318.2176859, 36108607.21880594, 36108897.219929844, 36109186.22104988, 36109476.222173795, 36109765.22329383, 36110055.22441774, 36110346.22554553, 36110635.226665564, 36110925.22778948, 36111214.228909515, 36111503.230029546]	0.0	0.0	0.0
3128.7573506627755	2.0	trials	5.0	0.0	0.0	0.0	0.0	0.0	True	40.0	0.0	0.005	[36221389.65589881, 36221680.6570266, 36221970.6581505, 36222260.659274414, 36222548.66039058, 36222839.66151836, 36223129.66264228, 36223418.66376231, 36223708.664886214, 36223997.66600626, 36224286.66712629, 36224577.66825408, 36224866.669374116, 36225155.67049415, 36225446.67162193, 36225735.67274197, 36226024.673862, 36226314.674985915, 36226605.6761137, 36226893.67722986]	0.0	0.0	0.0
3139.4257184085322	2.0	trials	5.0	0.0	0.0	0.0	0.0	0.0	True	40.0	0.0	0.005	[36344868.13444461, 36345157.13556465, 36345446.136684686, 36345736.1378086, 36346026.138932504, 36346316.140056424, 36346606.14118033, 36346895.14230037, 36347185.14342428, 36347474.14454431, 36347765.1456721, 36348053.14678826, 36348344.14791605, 36348633.14903608, 36348922.15015612, 36349212.15128002, 36349502.152403936, 36349792.15352785, 36350081.15464788, 36350371.15577179]	0.0	0.0	0.0
3164.0392729995096	2.0	trials	6.0	0.0	0.0	0.0	0.0	0.0	True	40.0	0.0	0.005	[36629747.238505036, 36630036.239625074, 36630327.24075286, 36630616.24187289, 36630905.24299293, 36631196.24412072, 36631485.24524075, 36631775.24636466, 36632063.247480825, 36632354.248608604, 36632644.24973252, 36632933.250852555, 36633223.25197646, 36633513.25310038, 36633802.25422041, 36634093.255348206, 36634381.25646436, 36634671.257588275, 36634960.258708306, 36635251.25983609]	0.0	0.0	0.0
3173.583399588217	2.0	trials	6.0	0.0	0.0	0.0	0.0	0.0	True	40.0	0.0	0.005	[36740210.666610494, 36740500.6677344, 36740789.668854445, 36741079.66997835, 36741369.671102256, 36741659.67222617, 36741949.67335008, 36742238.67447012, 36742528.67559403, 36742817.67671406, 36743107.677837975, 36743396.67895801, 36743686.68008192, 36743976.68120584, 36744266.682329744, 36744555.68344978, 36744844.68456981, 36745134.685693726, 36745424.68681764, 36745713.68793768]	0.0	0.0	0.0
3181.503545483111	2.0	trials	6.0	0.0	0.0	0.0	0.0	0.0	True	40.0	0.0	0.005	[36831880.021878764, 36832170.02300268, 36832459.024122715, 36832748.025242746, 36833037.02636278, 36833327.02748669, 36833617.0286106, 36833907.029734515, 36834197.03085843, 36834487.03198234, 36834776.03310237, 36835066.03422628, 36835355.03534632, 36835645.03647023, 36835935.03759414, 36836224.03871418, 36836514.03983808, 36836803.04095812, 36837094.04208591, 36837382.04320207]	0.0	0.0	0.0
3191.0919090432617	2.0	trials	6.0	0.0	0.0	0.0	0.0	0.0	True	40.0	0.0	0.005	[36942855.451968506, 36943145.45309242, 36943435.454216324, 36943724.45533636, 36944013.4564564, 36944303.457580306, 36944594.4587081, 36944882.45982426, 36945172.46094816, 36945462.462072074, 36945752.46319599, 36946041.46431602, 36946331.46543994, 36946620.46655997, 36946910.46768388, 36947200.468807794, 36947490.4699317, 36947779.471051745, 36948069.47217565, 36948358.47329569]	0.0	0.0	0.0
3199.227364572598	2.0	trials	6.0	0.0	0.0	0.0	0.0	0.0	True	40.0	0.0	0.005	[37037015.81689079, 37037304.81801082, 37037595.81913861, 37037885.820262514, 37038174.82138255, 37038464.822506465, 37038753.8236265, 37039042.824746534, 37039332.82587045, 37039622.82699436, 37039912.82811827, 37040201.8292383, 37040491.830362216, 37040780.83148225, 37041070.83260616, 37041360.83373007, 37041649.8348501, 37041939.83597402, 37042228.83709405, 37042519.83822184]	0.0	0.0	0.0
3207.1973634607	2.0	trials	6.0	0.0	0.0	0.0	0.0	0.0	True	40.0	0.0	0.005	[37129262.17439525, 37129551.175515294, 37129842.17664307, 37130130.17775924, 37130420.17888315, 37130711.18001093, 37131000.18113097, 37131290.18225487, 37131579.18337491, 37131869.184498824, 37132159.18562274, 37132448.18674277, 37132737.187862806, 37133027.18898672, 37133317.19011063, 37133606.19123066, 37133895.1923507, 37134186.19347849, 37134476.1946024, 37134765.19572243]	0.0	0.0	0.0
3217.86953282119	2.0	trials	6.0	0.0	0.0	0.0	0.0	0.0	True	40.0	0.0	0.005	[37252782.653103836, 37253070.65421999, 37253361.65534779, 37253650.65646781, 37253941.657595605, 37254230.65871564, 37254520.65983955, 37254810.66096346, 37255098.66207962, 37255388.66320353, 37255678.66432744, 37255968.665451355, 37256257.666571386, 37256547.6676953, 37256836.66881534, 37257126.66993925, 37257416.671063155, 37257706.67218707, 37257996.67331098, 37258285.67443101]	0.0	0.0	0.0
3226.1493633100595	2.0	trials	6.0	0.0	0.0	0.0	0.0	0.0	True	40.0	0.0	0.005	[37348614.024502166, 37348903.025622204, 37349193.02674612, 37349483.02787002, 37349773.028993934, 37350062.03011397, 37350352.03123788, 37350641.032357916, 37350931.03348183, 37351220.03460186, 37351510.03572577, 37351800.036849685, 37352090.0379736, 37352379.03909363, 37352668.04021367, 37352958.04133757, 37353248.04246149, 37353538.0435854, 37353827.044705436, 37354116.045825474]	0.0	0.0	0.0
3236.3859885825777	2.0	trials	6.0	0.0	0.0	0.0	0.0	0.0	True	40.0	0.0	0.005	[37467093.48367407, 37467382.48479411, 37467671.48591414, 37467961.48703805, 37468251.488161966, 37468541.48928588, 37468830.49040591, 37469119.49152595, 37469409.49264985, 37469699.493773766, 37469989.494897686, 37470279.4960216, 37470568.49714163, 37470858.49826554, 37471148.499389455, 37471437.500509486, 37471727.5016334, 37472016.50275344, 37472306.50387734, 37472595.50499738]	0.0	0.0	0.0
3243.8552111298973	2.0	trials	6.0	0.0	0.0	0.0	0.0	0.0	True	40.0	0.0	0.005	[37553542.818711944, 37553832.81983586, 37554121.820955895, 37554411.8220798, 37554701.82320372, 37554990.82432375, 37555280.82544766, 37555570.82657158, 37555860.82769548, 37556148.828811646, 37556438.82993556, 37556729.83106334, 37557018.83218338, 37557308.83330729, 37557596.834423445, 37557886.83554736, 37558176.83667127, 37558465.83779131, 37558756.838919096, 37559044.84003526]	0.0	0.0	0.0
3251.6554333600225	2.0	trials	6.0	0.0	0.0	0.0	0.0	0.0	True	40.0	0.0	0.005	[37643822.1685932, 37644113.169720985, 37644402.170841016, 37644691.171961054, 37644982.17308884, 37645270.174205005, 37645560.17532891, 37645850.17645282, 37646140.17757673, 37646430.17870065, 37646719.17982068, 37647008.18094072, 37647298.18206463, 37647587.18318466, 37647878.18431245, 37648168.18543636, 37648457.18655639, 37648746.18767643, 37649036.18880034, 37649326.18992425]	0.0	0.0	0.0
3261.4296440404314	2.0	trials	6.0	0.0	0.0	0.0	0.0	0.0	True	40.0	0.0	0.005	[37756949.607023135, 37757239.60814704, 37757528.60926708, 37757818.61039099, 37758108.6115149, 37758398.612638816, 37758688.61376272, 37758977.61488276, 37759266.6160028, 37759556.61712671, 37759845.61824674, 37760135.619370654, 37760425.62049457, 37760715.62161848, 37761004.62273851, 37761294.62386242, 37761584.624986336, 37761872.6261025, 37762163.62723028, 37762452.62835031]	0.0	0.0	0.0
3267.53365489681	2.0	trials	6.0	0.0	0.0	0.0	0.0	0.0	True	40.0	0.0	0.005	[37827597.88082336, 37827888.881951146, 37828176.8830673, 37828466.884191215, 37828756.88531513, 37829045.88643516, 37829335.88755908, 37829625.888682984, 37829913.88979915, 37830204.890926935, 37830493.892046966, 37830783.89317087, 37831074.894298665, 37831363.8954187, 37831652.89653873, 37831942.89766265, 37832231.89878268, 37832520.89990272, 37832810.90102663, 37833100.90215054]	0.0	0.0	0.0
3277.2155900196008	2.0	trials	6.0	0.0	0.0	0.0	0.0	0.0	True	40.0	0.0	0.005	[37939657.3151142, 37939947.31623811, 37940237.317362025, 37940527.31848594, 37940816.31960597, 37941106.32072988, 37941395.32184991, 37941686.32297771, 37941975.32409774, 37942264.325217776, 37942554.32634168, 37942844.327465594, 37943133.32858563, 37943423.329709545, 37943712.33082958, 37944002.33195349, 37944292.3330774, 37944582.334201306, 37944871.335321344, 37945161.33644526]	0.0	0.0	0.0
3285.1130990267648	2.0	trials	6.0	0.0	0.0	0.0	0.0	0.0	True	40.0	0.0	0.005	[38031064.669367075, 38031353.67048711, 38031643.67161102, 38031933.67273493, 38032223.673858844, 38032513.674982764, 38032802.676102795, 38033091.677222826, 38033381.678346746, 38033671.67947065, 38033960.68059069, 38034249.68171072, 38034539.68283463, 38034829.683958545, 38035119.68508246, 38035408.68620249, 38035697.68732252, 38035987.68844644, 38036277.689570345, 38036568.69069813]	0.0	0.0	0.0
3295.1078897620428	2.0	trials	6.0	0.0	0.0	0.0	0.0	0.0	True	40.0	0.0	0.005	[38146745.1176913, 38147035.11881521, 38147324.11993525, 38147613.12105529, 38147903.122179195, 38148194.12330699, 38148483.12442701, 38148772.12554706, 38149062.126670964, 38149352.127794884, 38149641.128914915, 38149930.130034946, 38150221.13116274, 38150510.13228277, 38150800.133406684, 38151089.134526715, 38151379.13565063, 38151669.13677454, 38151958.13789458, 38152248.13901848]	0.0	0.0	0.0
3302.0880000137854	2.0	trials	6.0	0.0	0.0	0.0	0.0	0.0	True	40.0	0.0	0.005	[38227532.43078579, 38227821.43190582, 38228111.43302973, 38228401.434153646, 38228691.43527756, 38228981.436401464, 38229271.43752537, 38229560.438645415, 38229849.439765446, 38230140.44089323, 38230428.44200939, 38230719.44313718, 38231008.444257215, 38231298.44538113, 38231587.44650116, 38231877.44762507, 38232167.44874898, 38232456.449869014, 38232746.45099293, 38233036.45211684]	0.0	0.0	0.0
3309.7961194869613	2.0	trials	6.0	0.0	0.0	0.0	0.0	0.0	True	40.0	0.0	0.005	[38316747.776543446, 38317037.77766736, 38317326.7787874, 38317616.7799113, 38317905.78103134, 38318195.78215525, 38318484.783275284, 38318774.7843992, 38319064.78552311, 38319354.78664702, 38319643.78776705, 38319933.788890965, 38320222.790010996, 38320512.79113491, 38320802.79225882, 38321092.793382734, 38321381.794502765, 38321671.79562668, 38321960.796746716, 38322249.79786675]	0.0	0.0	0.0
3318.9901519188625	2.0	trials	6.0	0.0	0.0	0.0	0.0	0.0	True	40.0	0.0	0.005	[38423160.188949026, 38423449.190069064, 38423738.191189095, 38424029.19231688, 38424319.193440795, 38424608.19456083, 38424898.195684746, 38425187.196804784, 38425477.19792869, 38425767.1990526, 38426056.20017264, 38426345.20129267, 38426635.20241658, 38426925.2035405, 38427215.2046644, 38427504.20578444, 38427794.20690835, 38428083.20802838, 38428373.209152296, 38428663.21027621]	0.0	0.0	0.0
3325.900537100382	2.0	trials	6.0	0.0	0.0	0.0	0.0	0.0	True	40.0	0.0	0.005	[38503141.49891981, 38503430.500039846, 38503719.501159884, 38504009.5022838, 38504298.50340383, 38504589.50453161, 38504879.50565553, 38505168.50677556, 38505458.50789948, 38505747.50901951, 38506037.51014342, 38506326.51126345, 38506617.51239124, 38506905.513507396, 38507196.51463519, 38507485.51575522, 38507775.516879134, 38508064.51799917, 38508354.51912308, 38508643.520243116]	0.0	0.0	0.0
3335.7282295880623	2.0	trials	6.0	0.0	0.0	0.0	0.0	0.0	True	40.0	0.0	0.005	[38616886.93974484, 38617176.94086875, 38617466.94199266, 38617756.943116575, 38618044.94423273, 38618333.94535276, 38618624.94648056, 38618914.94760446, 38619203.94872451, 38619493.94984841, 38619782.95096845, 38620072.952092364, 38620362.95321627, 38620651.95433631, 38620941.95546022, 38621231.956584126, 38621521.95770804, 38621811.95883194, 38622099.95994811, 38622390.961075895]	0.0	0.0	0.0
3344.5462477627025	2.0	trials	6.0	0.0	0.0	0.0	0.0	0.0	True	40.0	0.0	0.005	[38718947.335284, 38719238.3364118, 38719528.3375357, 38719817.33865574, 38720106.33977577, 38720395.34089581, 38720686.342023596, 38720975.343143634, 38721264.344263665, 38721555.34539145, 38721844.34651149, 38722133.34763153, 38722423.34875544, 38722714.34988322, 38723002.350999385, 38723293.352127165, 38723582.3532472, 38723871.35436724, 38724162.35549502, 38724452.35661893]	0.0	0.0	0.0
3352.378438116721	2.0	trials	6.0	0.0	0.0	0.0	0.0	0.0	True	40.0	0.0	0.005	[38809598.68660696, 38809888.68773087, 38810178.688854784, 38810467.689974815, 38810756.69109485, 38811046.692218766, 38811336.69334268, 38811625.69446271, 38811915.69558663, 38812204.69670666, 38812494.69783057, 38812784.698954485, 38813074.70007839, 38813363.70119843, 38813653.70232234, 38813943.70344625, 38814232.704566285, 38814521.70568632, 38814811.70681023, 38815100.70793027]	0.0	0.0	0.0
3357.706141964486	2.0	trials	6.0	0.0	0.0	0.0	0.0	0.0	True	40.0	0.0	0.005	[38871260.92558144, 38871551.926709235, 38871840.92782927, 38872130.928953186, 38872420.93007709, 38872709.93119713, 38872998.93231716, 38873288.93344107, 38873578.934564985, 38873867.93568502, 38874158.9368128, 38874447.93793284, 38874736.93905288, 38875027.94018066, 38875316.9413007, 38875606.94242461, 38875895.94354464, 38876184.94466468, 38876474.94578859, 38876764.9469125]	0.0	0.0	0.0
3368.554049606058	2.0	trials	6.0	0.0	0.0	0.0	0.0	0.0	True	40.0	0.0	0.005	[38996816.41217679, 38997106.41330069, 38997395.41442073, 38997685.415544644, 38997973.4166608, 38998263.41778471, 38998554.4189125, 38998843.42003253, 38999132.42115257, 38999422.42227648, 38999713.42340427, 39000001.424520425, 39000291.42564434, 39000581.42676824, 39000870.42788829, 39001160.429012194, 39001450.4301361, 39001739.431256145, 39002029.43238005, 39002318.43350009]	0.0	0.0	0.0
3374.020425991254	2.0	trials	6.0	0.0	0.0	0.0	0.0	0.0	True	40.0	0.0	0.005	[39060083.657371536, 39060374.65849932, 39060663.65961935, 39060953.66074327, 39061243.66186718, 39061532.66298722, 39061822.66411113, 39062111.66523117, 39062400.6663512, 39062691.667478986, 39062981.66860289, 39063270.66972293, 39063560.67084684, 39063849.67196688, 39064139.673090786, 39064428.674210824, 39064718.67533474, 39065008.67645864, 39065297.67757868, 39065587.67870259]	0.0	0.0	0.0
3384.1605420897463	2.0	trials	6.0	0.0	0.0	0.0	0.0	0.0	True	40.0	0.0	0.005	[39177447.11221832, 39177736.11333836, 39178026.11446227, 39178315.1155823, 39178605.11670622, 39178895.11783013, 39179185.11895404, 39179475.120077945, 39179764.12119798, 39180054.122321896, 39180344.12344581, 39180632.124561965, 39180922.12568588, 39181212.12680979, 39181502.127933696, 39181792.12905761, 39182081.13017765, 39182371.13130155, 39182660.13242159, 39182950.1335455]	0.0	0.0	0.0
3395.1525654898455	2.0	trials	6.0	0.0	0.0	0.0	0.0	0.0	True	40.0	0.0	0.005	[39304670.60527808, 39304958.606394246, 39305248.60751816, 39305538.608642064, 39305828.609765984, 39306116.61088214, 39306407.61200993, 39306697.61313384, 39306986.61425387, 39307275.6153739, 39307566.6165017, 39307855.61762173, 39308144.61874176, 39308435.61986955, 39308723.62098571, 39309014.6221135, 39309304.62323741, 39309593.62435744, 39309883.62548136, 39310172.62660139]	0.0	0.0	0.0
3402.7052507606295	2.0	trials	6.0	0.0	0.0	0.0	0.0	0.0	True	40.0	0.0	0.005	[39392084.94405587, 39392374.945179775, 39392663.94629981, 39392953.94742373, 39393243.94854763, 39393532.94966767, 39393822.95079158, 39394111.95191162, 39394401.95303553, 39394691.954159446, 39394981.95528336, 39395270.95640339, 39395559.95752342, 39395849.95864733, 39396139.959771246, 39396429.96089516, 39396718.96201519, 39397008.9631391, 39397298.964263014, 39397588.96538693]	0.0	0.0	0.0
3411.5394257978865	2.0	trials	6.0	0.0	0.0	0.0	0.0	0.0	True	40.0	0.0	0.005	[39494331.34031589, 39494621.3414398, 39494911.34256371, 39495200.34368375, 39495490.344807655, 39495780.34593157, 39496070.34705548, 39496359.34817551, 39496650.349303305, 39496939.350423336, 39497229.35154725, 39497518.35266729, 39497808.35379119, 39498097.35491123, 39498386.35603127, 39498676.35715518, 39498966.358279094, 39499255.359399125, 39499545.36052304, 39499835.36164695]	0.0	0.0	0.0
3417.4005653130057	2.0	trials	6.0	0.0	0.0	0.0	0.0	0.0	True	40.0	0.0	0.005	[39562169.603225805, 39562458.604345836, 39562748.60546975, 39563037.60658979, 39563327.60771369, 39563617.60883761, 39563906.60995764, 39564195.61107768, 39564486.61220547, 39564776.61332937, 39565064.61444554, 39565355.615573324, 39565644.61669336, 39565933.61781339, 39566223.618937306, 39566513.62006122, 39566802.62118125, 39567092.62230516, 39567383.62343294, 39567672.62455299]	0.0	0.0	0.0
3424.2058012870148	2.0	trials	6.0	0.0	0.0	0.0	0.0	0.0	True	40.0	0.0	0.005	[39640932.90847616, 39641222.90960007, 39641512.910723984, 39641801.911844015, 39642091.91296793, 39642380.914087966, 39642669.915208004, 39642959.91633191, 39643249.91745582, 39643538.91857586, 39643829.91970364, 39644118.92082368, 39644407.92194372, 39644698.9230715, 39644987.924191535, 39645276.92531157, 39645567.92643936, 39645856.9275594, 39646146.92868331, 39646436.929807216]	0.0	0.0	0.0
3435.318007552888	2.0	trials	6.0	0.0	0.0	0.0	0.0	0.0	True	40.0	0.0	0.005	[39769547.406926826, 39769836.40804686, 39770126.40917077, 39770416.41029468, 39770705.41141471, 39770996.4125425, 39771285.41366254, 39771575.41478645, 39771863.41590261, 39772153.41702652, 39772444.41815431, 39772733.41927434, 39773022.420394376, 39773312.42151828, 39773602.422642194, 39773891.42376223, 39774181.424886145, 39774471.42601005, 39774761.42713396, 39775050.428254]	0.0	0.0	0.0
3441.748870875999	2.0	trials	6.0	0.0	0.0	0.0	0.0	0.0	True	40.0	0.0	0.005	[39843978.69538827, 39844267.69650831, 39844557.69763222, 39844847.69875613, 39845136.69987617, 39845425.700996205, 39845716.702123985, 39846005.70324402, 39846295.704367936, 39846585.70549184, 39846874.70661188, 39847164.70773579, 39847453.70885582, 39847744.70998361, 39848032.71109977, 39848322.71222368, 39848612.71334759, 39848902.714471504, 39849192.71559542, 39849482.71671933]	0.0	0.0	0.0
3446.879149958635	2.0	trials	6.0	0.0	0.0	0.0	0.0	0.0	True	40.0	0.0	0.005	[39903355.92550711, 39903644.92662715, 39903935.92775494, 39904224.92887498, 39904514.92999888, 39904804.931122795, 39905093.93224283, 39905382.933362864, 39905673.93449065, 39905963.935614556, 39906252.936734594, 39906542.93785851, 39906831.938978545, 39907121.94010246, 39907409.941218615, 39907700.9423464, 39907989.94346643, 39908279.944590345, 39908568.94571038, 39908859.94683817]	0.0	0.0	0.0
3457.3435265138137	2.0	trials	6.0	0.0	0.0	0.0	0.0	0.0	True	40.0	0.0	0.005	[40024473.394902736, 40024762.39602277, 40025051.397142805, 40025340.39826284, 40025631.39939063, 40025920.40051066, 40026210.401634574, 40026499.40275461, 40026789.403878525, 40027078.404998556, 40027369.40612634, 40027658.40724638, 40027947.40836641, 40028237.409490325, 40028527.41061424, 40028816.41173427, 40029105.41285431, 40029396.41398209, 40029686.415106006, 40029975.41622604]	0.0	0.0	0.0
3466.1810711641297	2.0	trials	6.0	0.0	0.0	0.0	0.0	0.0	True	40.0	0.0	0.005	[40126757.79131003, 40127047.79243393, 40127337.79355785, 40127627.79468176, 40127917.79580567, 40128206.79692571, 40128495.79804574, 40128785.79916965, 40129075.800293565, 40129365.80141748, 40129655.80254138, 40129944.80366142, 40130234.80478533, 40130523.805905364, 40130812.8070254, 40131102.808149315, 40131391.809269354, 40131681.81039326, 40131972.811521046, 40132261.81264108]	0.0	0.0	0.0
3472.8970555922397	2.0	trials	6.0	0.0	0.0	0.0	0.0	0.0	True	40.0	0.0	0.005	[40204489.092560805, 40204779.093684725, 40205068.09480476, 40205358.09592867, 40205648.09705258, 40205937.09817261, 40206227.099296525, 40206517.10042044, 40206807.10154434, 40207096.10266438, 40207386.103788294, 40207676.10491221, 40207965.10603224, 40208254.107152276, 40208545.10828006, 40208835.10940397, 40209124.110524006, 40209414.11164792, 40209703.11276795, 40209992.11388799]	0.0	0.0	0.0
3483.030346064279	2.0	trials	6.0	0.0	0.0	0.0	0.0	0.0	True	40.0	0.0	0.005	[40321773.54710142, 40322061.54821759, 40322352.549345374, 40322640.55046154, 40322930.55158544, 40323220.552709356, 40323510.55383327, 40323799.55495331, 40324090.55608109, 40324379.557201125, 40324668.55832116, 40324958.55944507, 40325248.56056898, 40325537.56168902, 40325827.562812924, 40326116.56393296, 40326407.56506075, 40326696.56618079, 40326985.56730082, 40327275.56842473]	0.0	0.0	0.0
3493.3315987872643	2.0	trials	6.0	0.0	0.0	0.0	0.0	0.0	True	40.0	0.0	0.005	[40441000.00916837, 40441290.010292284, 40441579.01141232, 40441868.01253235, 40442159.01366015, 40442449.01478405, 40442738.01590409, 40443028.017028004, 40443318.01815191, 40443607.01927195, 40443897.02039586, 40444186.0215159, 40444475.02263593, 40444766.023763716, 40445055.024883755, 40445345.02600767, 40445635.02713157, 40445924.02825161, 40446214.02937552, 40446503.030495554]	0.0	0.0	0.0
3500.257708829727	2.0	trials	6.0	0.0	0.0	0.0	0.0	0.0	True	40.0	0.0	0.005	[40521163.319844514, 40521452.320964545, 40521742.32208846, 40522032.32321237, 40522321.3243324, 40522611.325456314, 40522902.3265841, 40523191.32770413, 40523480.32882417, 40523770.32994808, 40524060.33107199, 40524348.33218815, 40524638.333312064, 40524928.33443598, 40525218.33555989, 40525508.336683795, 40525798.33780771, 40526087.338927746, 40526377.34005165, 40526666.34117169]	0.0	0.0	0.0
3507.8536806682696	2.0	trials	6.0	0.0	0.0	0.0	0.0	0.0	True	40.0	0.0	0.005	[40609080.660571694, 40609370.661695614, 40609659.662815645, 40609949.66393956, 40610239.66506347, 40610528.6661835, 40610817.66730353, 40611107.668427445, 40611397.66955136, 40611686.67067139, 40611976.67179531, 40612265.67291534, 40612555.67403925, 40612845.675163165, 40613135.67628707, 40613424.67740711, 40613714.67853102, 40614004.679654926, 40614293.68077497, 40614582.681895]	0.0	0.0	0.0
3515.6058643122183	2.0	trials	6.0	0.0	0.0	0.0	0.0	0.0	True	40.0	0.0	0.005	[40698805.00830201, 40699095.00942592, 40699384.01054596, 40699674.011669874, 40699964.01279378, 40700252.01390994, 40700543.01503773, 40700832.01615777, 40701121.0172778, 40701411.01840171, 40701702.01952949, 40701990.020645656, 40702281.02177344, 40702570.02289348, 40702859.02401351, 40703149.025137424, 40703439.02626134, 40703729.02738525, 40704018.02850528, 40704308.02962919]	0.0	0.0	0.0
3525.1276996145352	2.0	trials	6.0	0.0	0.0	0.0	0.0	0.0	True	40.0	0.0	0.005	[40809011.43541145, 40809301.436535366, 40809590.437655404, 40809880.43877931, 40810170.43990322, 40810459.44102326, 40810748.44214329, 40811038.443267204, 40811328.44439112, 40811618.44551503, 40811907.44663506, 40812197.44775897, 40812487.448882885, 40812776.450002916, 40813066.45112683, 40813355.45224687, 40813645.45337077, 40813935.454494685, 40814225.4556186, 40814514.456738636]	0.0	0.0	0.0
3532.2608248592946	2.0	trials	6.0	0.0	0.0	0.0	0.0	0.0	True	40.0	0.0	0.005	[40891570.75537342, 40891860.75649732, 40892149.75761736, 40892438.7587374, 40892728.759861305, 40893018.76098522, 40893307.76210526, 40893597.76322916, 40893886.7643492, 40894176.76547311, 40894466.76659702, 40894756.76772094, 40895045.76884097, 40895335.769964874, 40895624.77108492, 40895915.77221271, 40896204.773332745, 40896493.774452776, 40896784.77558056, 40897072.77669672]	0.0	0.0	0.0
3538.825176699746	2.0	trials	6.0	0.0	0.0	0.0	0.0	0.0	True	40.0	0.0	0.005	[40967547.0498226, 40967837.05094651, 40968126.05206655, 40968415.05318658, 40968706.05431437, 40968995.055434406, 40969285.05655831, 40969574.05767835, 40969865.058806136, 40970154.059926175, 40970444.06105009, 40970733.06217012, 40971022.06329015, 40971313.06441794, 40971602.065537974, 40971891.06665801, 40972182.0677858, 40972471.06890583, 40972761.07002974, 40973050.07114978]	0.0	0.0	0.0
3549.1433638883614	2.0	trials	6.0	0.0	0.0	0.0	0.0	0.0	True	40.0	0.0	0.005	[41086970.51265303, 41087259.51377307, 41087549.51489698, 41087838.51601701, 41088128.517140925, 41088418.51826484, 41088708.51938874, 41088996.52050491, 41089286.52162882, 41089576.522752725, 41089866.52387664, 41090156.52500055, 41090445.52612058, 41090734.52724062, 41091024.52836453, 41091315.529492326, 41091603.53060848, 41091894.53173626, 41092183.53285629, 41092472.53397634]	0.0	0.0	0.0
3558.0552992269827	2.0	trials	6.0	0.0	0.0	0.0	0.0	0.0	True	40.0	0.0	0.005	[41190117.912404925, 41190407.91352884, 41190696.914648876, 41190986.91577278, 41191276.91689669, 41191565.91801673, 41191855.91914064, 41192144.920260675, 41192433.92138071, 41192723.922504626, 41193014.923632406, 41193303.924752444, 41193592.92587248, 41193881.92699251, 41194172.9281203, 41194461.92924034, 41194751.93036425, 41195040.93148428, 41195331.93261208, 41195620.93373211]	0.0	0.0	0.0
3568.937853402828	2.0	trials	6.0	0.0	0.0	0.0	0.0	0.0	True	40.0	0.0	0.005	[41316072.40054661, 41316362.401670516, 41316651.402790554, 41316941.40391447, 41317231.40503837, 41317520.40615841, 41317810.40728232, 41318100.408406235, 41318389.409526266, 41318679.410650186, 41318969.41177409, 41319258.41289413, 41319548.41401804, 41319838.41514195, 41320128.41626586, 41320417.4173859, 41320707.41850981, 41320996.41962984, 41321286.420753755, 41321575.421873786]	0.0	0.0	0.0
3574.4217690559985	2.0	trials	6.0	0.0	0.0	0.0	0.0	0.0	True	40.0	0.0	0.005	[41379543.64653198, 41379833.64765589, 41380123.648779795, 41380412.64989983, 41380702.651023746, 41380991.652143784, 41381281.65326769, 41381571.6543916, 41381860.65551164, 41382150.656635545, 41382441.65776333, 41382730.65888336, 41383019.66000341, 41383308.66112344, 41383598.66224735, 41383889.66337514, 41384177.664491296, 41384468.66561909, 41384757.66673912, 41385047.66786303]	0.0	0.0	0.0
3599.2543484958173	2.0	trials	7.0	0.0	0.0	0.0	0.0	0.0	True	40.0	0.0	0.005	[41666957.760416925, 41667247.76154084, 41667537.76266475, 41667826.76378478, 41668116.764908694, 41668405.76602873, 41668695.76715264, 41668985.76827655, 41669275.76940047, 41669565.77052438, 41669854.77164441, 41670143.772764444, 41670433.77388836, 41670722.775008395, 41671013.77613618, 41671302.77725622, 41671592.778380126, 41671881.779500164, 41672171.78062408, 41672461.78174798]	0.0	0.0	0.0
3607.845652191815	2.0	trials	7.0	0.0	0.0	0.0	0.0	0.0	True	40.0	0.0	0.005	[41766394.145786636, 41766684.14691055, 41766974.14803446, 41767263.1491545, 41767553.150278404, 41767842.15139844, 41768133.15252623, 41768421.153642386, 41768711.1547663, 41769001.15589021, 41769290.15701024, 41769580.158134155, 41769870.15925807, 41770159.1603781, 41770449.16150201, 41770739.162625924, 41771029.16374984, 41771318.164869875, 41771607.165989906, 41771897.16711381]	0.0	0.0	0.0
3615.639480797161	2.0	trials	7.0	0.0	0.0	0.0	0.0	0.0	True	40.0	0.0	0.005	[41856600.49538497, 41856890.49650888, 41857179.49762892, 41857469.498752825, 41857759.499876745, 41858048.500996776, 41858338.50212069, 41858628.5032446, 41858917.50436463, 41859207.505488545, 41859496.506608576, 41859786.507732496, 41860075.50885252, 41860366.50998031, 41860655.51110035, 41860945.512224264, 41861235.51334817, 41861524.51446821, 41861813.51558824, 41862104.516716026]	0.0	0.0	0.0
3624.1413601465906	2.0	trials	7.0	0.0	0.0	0.0	0.0	0.0	True	40.0	0.0	0.005	[41955002.876747355, 41955292.87787127, 41955581.878991306, 41955870.880111344, 41956160.88123525, 41956450.88235916, 41956739.8834792, 41957029.884603105, 41957319.88572702, 41957609.88685092, 41957898.88797097, 41958189.88909875, 41958477.89021491, 41958767.891338825, 41959056.892458856, 41959346.89358277, 41959637.894710556, 41959926.895830594, 41960215.896950625, 41960505.89807454]	0.0	0.0	0.0
3630.794877132606	2.0	trials	7.0	0.0	0.0	0.0	0.0	0.0	True	40.0	0.0	0.005	[42032010.17519224, 42032300.17631614, 42032591.17744394, 42032880.17856397, 42033170.17968789, 42033459.18080792, 42033750.181935705, 42034039.18305574, 42034329.18417965, 42034617.185295805, 42034907.186419725, 42035197.18754363, 42035487.18866754, 42035776.18978758, 42036066.19091149, 42036355.19203153, 42036646.19315931, 42036935.19427934, 42037224.19539939, 42037514.196523294]	0.0	0.0	0.0
3639.4667923410175	2.0	trials	7.0	0.0	0.0	0.0	0.0	0.0	True	40.0	0.0	0.005	[42132379.56417784, 42132668.56529787, 42132959.56642566, 42133249.56754957, 42133539.568673484, 42133827.56978965, 42134117.57091356, 42134407.572037466, 42134696.573157504, 42134986.57428142, 42135276.57540532, 42135566.576529235, 42135855.57764927, 42136144.578769304, 42136434.57989322, 42136724.58101713, 42137013.58213716, 42137303.58326107, 42137593.584384985, 42137882.585505016]	0.0	0.0	0.0
3647.7536212570085	2.0	trials	7.0	0.0	0.0	0.0	0.0	0.0	True	40.0	0.0	0.005	[42228292.93589397, 42228581.937014006, 42228872.938141786, 42229161.939261824, 42229451.94038574, 42229740.941505775, 42230030.94262969, 42230320.94375359, 42230609.94487363, 42230899.94599754, 42231189.94712145, 42231478.94824149, 42231768.9493654, 42232057.95048543, 42232347.95160934, 42232637.952733256, 42232925.95384942, 42233216.9549772, 42233506.95610111, 42233795.95722114]	0.0	0.0	0.0
3653.4515505395993	2.0	trials	7.0	0.0	0.0	0.0	0.0	0.0	True	40.0	0.0	0.005	[42294241.19147909, 42294530.19259912, 42294820.19372302, 42295110.19484694, 42295400.195970856, 42295689.19709089, 42295978.198210925, 42296268.19933484, 42296558.20045875, 42296847.20157878, 42297138.20270657, 42297427.203826606, 42297716.20494664, 42298006.20607055, 42298296.20719446, 42298585.20831449, 42298876.20944228, 42299165.21056232, 42299455.211686224, 42299744.21280627]	0.0	0.0	0.0
3663.3599409400285	2.0	trials	7.0	0.0	0.0	0.0	0.0	0.0	True	40.0	0.0	0.005	[42408920.635923885, 42409210.63704779, 42409501.63817558, 42409789.63929174, 42410079.64041565, 42410369.64153956, 42410658.6426596, 42410948.64378351, 42411237.64490354, 42411527.64602745, 42411817.647151366, 42412107.64827527, 42412396.64939531, 42412686.65051922, 42412975.65163925, 42413265.65276317, 42413555.65388708, 42413844.65500711, 42414134.65613103, 42414423.65725106]	0.0	0.0	0.0
3672.3912815414096	2.0	trials	7.0	0.0	0.0	0.0	0.0	0.0	True	40.0	0.0	0.005	[42513451.04103567, 42513740.042155705, 42514030.04327961, 42514318.044395775, 42514608.04551968, 42514898.0466436, 42515188.047767505, 42515477.04888754, 42515767.050011456, 42516056.05113149, 42516347.05225928, 42516636.05337931, 42516926.054503225, 42517215.05562326, 42517504.056743294, 42517794.05786721, 42518084.05899112, 42518374.060115024, 42518664.06123894, 42518953.062358975]	0.0	0.0	0.0
3679.626013579951	2.0	trials	7.0	0.0	0.0	0.0	0.0	0.0	True	40.0	0.0	0.005	[42597186.36555529, 42597476.3666792, 42597765.36779923, 42598055.36892314, 42598345.370047055, 42598634.371167086, 42598923.372287124, 42599213.37341104, 42599503.37453494, 42599792.37565498, 42600082.37677889, 42600372.3779028, 42600661.37902284, 42600952.38015062, 42601240.38126679, 42601531.382394575, 42601820.383514605, 42602109.384634644, 42602399.38575856, 42602689.38688246]	0.0	0.0	0.0
3685.0345017407985	2.0	trials	7.0	0.0	0.0	0.0	0.0	0.0	True	40.0	0.0	0.005	[42659783.60815341, 42660073.60927733, 42660362.61039736, 42660652.611521274, 42660942.61264519, 42661231.61376522, 42661521.61488914, 42661811.61601304, 42662101.617136955, 42662390.61825699, 42662680.6193809, 42662970.62050481, 42663259.62162485, 42663548.62274488, 42663838.62386879, 42664128.624992706, 42664418.62611661, 42664707.62723665, 42664997.62836056, 42665286.62948059]	0.0	0.0	0.0
3691.701410778716	2.0	trials	7.0	0.0	0.0	0.0	0.0	0.0	True	40.0	0.0	0.005	[42736946.907202885, 42737236.9083268, 42737526.90945071, 42737815.91057074, 42738105.91169465, 42738395.912818566, 42738685.91394248, 42738974.91506251, 42739264.91618642, 42739553.91730645, 42739843.918430366, 42740132.919550404, 42740423.92067819, 42740711.921794355, 42741001.92291826, 42741292.92404605, 42741581.92516608, 42741871.92628999, 42742160.92741003, 42742450.928533934]	0.0	0.0	0.0
3696.885603670297	2.0	trials	7.0	0.0	0.0	0.0	0.0	0.0	True	40.0	0.0	0.005	[42796949.13974395, 42797239.14086787, 42797529.14199177, 42797819.143115684, 42798108.14423572, 42798398.14535963, 42798687.14647966, 42798977.14760358, 42799267.148727484, 42799557.1498514, 42799846.150971435, 42800135.152091466, 42800426.15321925, 42800715.15433929, 42801004.15545932, 42801294.156583235, 42801585.15771103, 42801874.15883106, 42802163.15995109, 42802453.161075]	0.0	0.0	0.0
3707.4642878684804	2.0	trials	7.0	0.0	0.0	0.0	0.0	0.0	True	40.0	0.0	0.005	[42919388.61426305, 42919678.61538696, 42919967.616507, 42920257.617630914, 42920547.61875482, 42920836.61987486, 42921126.62099877, 42921416.62212268, 42921705.62324271, 42921995.624366626, 42922284.62548666, 42922574.62661057, 42922863.62773061, 42923153.62885452, 42923443.62997843, 42923733.631102346, 42924022.63222238, 42924311.63334241, 42924602.6344702, 42924891.63559023]	0.0	0.0	0.0
3717.040900983091	2.0	trials	7.0	0.0	0.0	0.0	0.0	0.0	True	40.0	0.0	0.005	[43030229.0438296, 43030519.04495351, 43030808.04607354, 43031098.04719745, 43031387.04831749, 43031677.0494414, 43031967.05056531, 43032256.05168535, 43032546.05280925, 43032835.05392929, 43033126.05505708, 43033415.05617711, 43033704.05729715, 43033994.05842106, 43034284.059544966, 43034573.06066501, 43034863.06178892, 43035152.062908955, 43035442.06403287, 43035732.06515677]	0.0	0.0	0.0
3725.0260199297913	2.0	trials	7.0	0.0	0.0	0.0	0.0	0.0	True	40.0	0.0	0.005	[43122648.40200453, 43122938.403128445, 43123228.40425236, 43123517.405372396, 43123807.4064963, 43124097.407620214, 43124386.40874025, 43124676.40986416, 43124966.41098807, 43125255.41210811, 43125545.41323201, 43125834.41435205, 43126124.415475965, 43126413.416595995, 43126703.41771991, 43126992.41883995, 43127283.41996773, 43127572.421087764, 43127861.4222078, 43128152.42333559]	0.0	0.0	0.0
3733.1681282849117	2.0	trials	7.0	0.0	0.0	0.0	0.0	0.0	True	40.0	0.0	0.005	[43216886.76722911, 43217175.76834914, 43217464.76946917, 43217755.770596966, 43218044.771717, 43218333.77283703, 43218623.77396095, 43218913.77508485, 43219202.7762049, 43219493.77733268, 43219782.77845271, 43220071.779572755, 43220361.78069666, 43220650.7818167, 43220939.78293673, 43221229.78406064, 43221519.785184555, 43221809.78630847, 43222098.7874285, 43222389.788556285]	0.0	0.0	0.0
3744.028477574701	2.0	trials	7.0	0.0	0.0	0.0	0.0	0.0	True	40.0	0.0	0.005	[43342584.25437477, 43342874.255498685, 43343164.25662259, 43343453.25774263, 43343743.25886654, 43344033.25999045, 43344322.261110485, 43344612.2622344, 43344901.26335443, 43345191.26447834, 43345481.26560225, 43345770.266722284, 43346060.267846204, 43346350.26897011, 43346639.27009015, 43346929.27121406, 43347218.2723341, 43347508.27345801, 43347798.27458192, 43348088.27570582]	0.0	0.0	0.0
3752.470049490407	2.0	trials	7.0	0.0	0.0	0.0	0.0	0.0	True	40.0	0.0	0.005	[43440287.63302814, 43440577.63415205, 43440866.63527209, 43441157.63639987, 43441446.63751991, 43441736.63864382, 43442025.639763854, 43442315.640887775, 43442604.642007805, 43442894.64313172, 43443184.64425563, 43443473.64537566, 43443763.646499574, 43444052.64761961, 43444342.64874352, 43444632.64986743, 43444922.65099134, 43445212.65211525, 43445500.65323141, 43445790.654355325]	0.0	0.0	0.0
3761.1222654224734	2.0	trials	7.0	0.0	0.0	0.0	0.0	0.0	True	40.0	0.0	0.005	[43540428.02112624, 43540718.02225015, 43541008.023374066, 43541298.02449798, 43541588.02562189, 43541877.02674192, 43542167.027865835, 43542456.02898587, 43542746.03010978, 43543036.03123369, 43543326.0323576, 43543615.033477634, 43543905.03460155, 43544195.03572546, 43544484.0368455, 43544774.0379694, 43545063.03908944, 43545353.040213354, 43545643.04133726, 43545932.0424573]	0.0	0.0	0.0
3767.1461831684474	2.0	trials	7.0	0.0	0.0	0.0	0.0	0.0	True	40.0	0.0	0.005	[43610150.291337706, 43610439.29245774, 43610730.29358553, 43611019.29470556, 43611309.295829475, 43611598.296949506, 43611888.29807342, 43612178.29919733, 43612468.30032124, 43612758.30144515, 43613047.30256519, 43613336.303685226, 43613626.30480913, 43613916.30593305, 43614205.30705308, 43614495.30817699, 43614784.309297025, 43615074.31042094, 43615364.31154484, 43615653.31266489]	0.0	0.0	0.0
3774.0709108055516	2.0	trials	7.0	0.0	0.0	0.0	0.0	0.0	True	40.0	0.0	0.005	[43690297.60195183, 43690587.603075735, 43690876.60419577, 43691166.605319686, 43691456.6064436, 43691745.60756363, 43692035.60868755, 43692325.609811455, 43692615.61093537, 43692905.61205927, 43693194.61317931, 43693483.61429935, 43693773.61542326, 43694063.616547175, 43694353.61767108, 43694641.618787244, 43694932.61991503, 43695221.62103506, 43695510.6221551, 43695801.62328289]	0.0	0.0	0.0
3785.1287712608055	2.0	trials	7.0	0.0	0.0	0.0	0.0	0.0	True	40.0	0.0	0.005	[43818282.09796089, 43818572.0990848, 43818861.10020483, 43819151.101328745, 43819441.10245266, 43819730.10357269, 43820020.1046966, 43820309.10581664, 43820599.106940545, 43820888.10806059, 43821178.109184496, 43821468.1103084, 43821758.111432314, 43822047.11255235, 43822337.113676265, 43822626.1147963, 43822916.11592021, 43823206.11704412, 43823495.11816416, 43823786.11929195]	0.0	0.0	0.0
3796.0365543344265	2.0	trials	7.0	0.0	0.0	0.0	0.0	0.0	True	40.0	0.0	0.005	[43944529.5872381, 43944820.5883659, 43945109.58948593, 43945398.59060596, 43945689.59173375, 43945978.592853785, 43946267.59397383, 43946557.595097736, 43946847.59622165, 43947136.59734169, 43947426.59846559, 43947715.59958563, 43948005.60070954, 43948295.60183345, 43948584.602953486, 43948874.6040774, 43949163.60519743, 43949453.60632134, 43949743.607445255, 43950033.60856917]	0.0	0.0	0.0
3804.7188375830206	2.0	trials	7.0	0.0	0.0	0.0	0.0	0.0	True	40.0	0.0	0.005	[44045018.97668878, 44045308.97781269, 44045598.978936605, 44045887.980056636, 44046177.98118055, 44046467.98230446, 44046756.98342449, 44047046.984548405, 44047335.985668436, 44047625.98679235, 44047914.98791239, 44048205.98904017, 44048495.99016408, 44048784.99128412, 44049073.992404155, 44049364.993531935, 44049653.99465197, 44049942.99577201, 44050232.99689592, 44050522.99801983]	0.0	0.0	0.0
3813.4487274161147	2.0	trials	7.0	0.0	0.0	0.0	0.0	0.0	True	40.0	0.0	0.005	[44146060.36827875, 44146349.36939879, 44146638.370518826, 44146928.37164274, 44147218.372766644, 44147507.37388668, 44147797.375010595, 44148088.37613838, 44148377.37725842, 44148666.37837845, 44148955.37949848, 44149245.380622394, 44149536.38175018, 44149825.38287022, 44150115.38399413, 44150405.38511804, 44150694.386238076, 44150983.387358114, 44151273.38848202, 44151562.38960206]	0.0	0.0	0.0
3820.1625518358546	2.0	trials	7.0	0.0	0.0	0.0	0.0	0.0	True	40.0	0.0	0.005	[44223765.66942877, 44224055.67055268, 44224345.67167659, 44224634.67279663, 44224924.67392054, 44225213.67504058, 44225504.67616836, 44225793.6772884, 44226083.67841231, 44226372.67953234, 44226662.680656254, 44226951.68177629, 44227241.6829002, 44227530.684020236, 44227820.68514415, 44228111.686271936, 44228399.68738809, 44228690.68851588, 44228978.689632036, 44229269.69075983]	0.0	0.0	0.0
3829.4326165624225	2.0	trials	7.0	0.0	0.0	0.0	0.0	0.0	True	40.0	0.0	0.005	[44331058.08524484, 44331349.08637263, 44331638.08749267, 44331928.08861658, 44332217.08973661, 44332507.09086052, 44332797.091984436, 44333086.09310447, 44333375.094224505, 44333665.09534842, 44333955.09647232, 44334245.097596236, 44334534.098716274, 44334824.09984018, 44335114.1009641, 44335403.10208413, 44335693.103208035, 44335982.10432807, 44336272.105451986, 44336562.10657589]	0.0	0.0	0.0
3835.012782188615	2.0	trials	7.0	0.0	0.0	0.0	0.0	0.0	True	40.0	0.0	0.005	[44395643.33554758, 44395932.33666761, 44396223.3377954, 44396512.33891544, 44396802.34003934, 44397091.34115938, 44397381.34228329, 44397671.3434072, 44397960.34452724, 44398250.34565115, 44398540.346775055, 44398829.34789509, 44399119.349019006, 44399408.35013904, 44399698.35126295, 44399988.35238686, 44400277.35350689, 44400567.35463081, 44400856.355750844, 44401146.356874764]	0.0	0.0	0.0
3843.418670766027	2.0	trials	7.0	0.0	0.0	0.0	0.0	0.0	True	40.0	0.0	0.005	[44492934.712604225, 44493223.713724256, 44493513.71484817, 44493803.71597208, 44494092.71709212, 44494381.71821215, 44494671.71933606, 44494961.720459975, 44495250.721580006, 44495541.72270779, 44495830.72382783, 44496119.72494786, 44496409.726071775, 44496699.72719569, 44496988.72831572, 44497278.72943963, 44497568.730563544, 44497857.73168358, 44498148.73281136, 44498437.7339314]	0.0	0.0	0.0
3848.6103804867403	2.0	trials	7.0	0.0	0.0	0.0	0.0	0.0	True	40.0	0.0	0.005	[44553022.94547858, 44553312.94660249, 44553601.947722524, 44553891.94884644, 44554181.94997035, 44554470.95109039, 44554760.95221429, 44555050.953338206, 44555339.954458244, 44555629.95558215, 44555919.95670606, 44556209.95782998, 44556499.958953895, 44556788.960073926, 44557077.96119396, 44557367.96231787, 44557657.96344178, 44557946.96456182, 44558236.96568573, 44558525.96680576]	0.0	0.0	0.0
3858.1326477907314	2.0	trials	7.0	0.0	0.0	0.0	0.0	0.0	True	40.0	0.0	0.005	[44663235.37261127, 44663524.373731315, 44663814.37485522, 44664104.375979125, 44664393.37709917, 44664683.37822308, 44664973.37934699, 44665263.3804709, 44665552.38159093, 44665841.38271097, 44666131.38383488, 44666421.38495879, 44666710.38607883, 44667000.38720274, 44667290.38832665, 44667580.389450565, 44667869.3905706, 44668158.39169063, 44668448.39281455, 44668738.39393846]	0.0	0.0	0.0
3864.112674166602	2.0	trials	7.0	0.0	0.0	0.0	0.0	0.0	True	40.0	0.0	0.005	[44732448.64085008, 44732737.64197011, 44733027.643094026, 44733317.64421794, 44733606.64533797, 44733897.646465756, 44734185.64758192, 44734476.64870971, 44734765.64982974, 44735054.650949776, 44735344.65207368, 44735634.653197594, 44735924.65432151, 44736213.655441545, 44736503.65656545, 44736792.65768549, 44737082.6588094, 44737373.65993719, 44737662.66105723, 44737951.662177265]	0.0	0.0	0.0
3874.9488313626343	2.0	trials	7.0	0.0	0.0	0.0	0.0	0.0	True	40.0	0.0	0.005	[44857866.12691059, 44858157.12803837, 44858446.129158415, 44858736.13028232, 44859026.131406225, 44859315.13252627, 44859604.1336463, 44859894.134770215, 44860184.13589413, 44860474.13701803, 44860763.13813807, 44861053.13926198, 44861343.14038589, 44861632.14150593, 44861921.142625965, 44862212.14375375, 44862501.14487378, 44862791.145997696, 44863080.14711773, 44863370.14824165]	0.0	0.0	0.0
3884.9259100292675	2.0	trials	7.0	0.0	0.0	0.0	0.0	0.0	True	40.0	0.0	0.005	[44973341.57444033, 44973631.575564235, 44973920.576684274, 44974210.57780819, 44974500.57893209, 44974790.58005601, 44975079.58117604, 44975369.582299955, 44975659.58342387, 44975948.584543906, 44976237.58566393, 44976528.586791724, 44976817.58791176, 44977107.58903567, 44977397.59015958, 44977686.59127962, 44977976.59240353, 44978265.59352356, 44978555.594647475, 44978844.595767505]	0.0	0.0	0.0
3894.107328012281	2.0	trials	7.0	0.0	0.0	0.0	0.0	0.0	True	40.0	0.0	0.005	[45079607.98628008, 45079898.98740786, 45080187.9885279, 45080476.98964794, 45080767.99077572, 45081056.99189576, 45081346.99301967, 45081635.9941397, 45081925.995263614, 45082214.99638365, 45082503.99750369, 45082793.9986276, 45083084.99975538, 45083373.00087155, 45083664.001999326, 45083953.003119364, 45084243.00424328, 45084533.00536719, 45084822.00648722, 45085112.00761114]	0.0	0.0	0.0
3902.1492119789773	2.0	trials	7.0	0.0	0.0	0.0	0.0	0.0	True	40.0	0.0	0.005	[45172686.347009, 45172975.34812904, 45173265.349252954, 45173555.35037686, 45173844.3514969, 45174134.35262081, 45174423.35374085, 45174713.354864754, 45175003.355988674, 45175293.35711258, 45175582.35823262, 45175872.35935653, 45176162.360480435, 45176450.36159659, 45176740.362720504, 45177031.3638483, 45177320.36496833, 45177609.36608837, 45177899.36721227, 45178189.368336186]	0.0	0.0	0.0
3907.973458551116	2.0	trials	7.0	0.0	0.0	0.0	0.0	0.0	True	40.0	0.0	0.005	[45240095.60825631, 45240385.60938022, 45240675.610504135, 45240964.61162417, 45241254.61274808, 45241543.61386812, 45241833.61499202, 45242123.616115935, 45242413.61723985, 45242702.61835988, 45242992.61948379, 45243282.620607704, 45243571.621727735, 45243861.62285165, 45244151.62397556, 45244440.62509559, 45244730.6262195, 45245020.627343416, 45245309.62846345, 45245599.62958737]	0.0	0.0	0.0
3915.14373593986	2.0	trials	7.0	0.0	0.0	0.0	0.0	0.0	True	40.0	0.0	0.005	[45323085.929888636, 45323375.93101255, 45323663.932128705, 45323953.93325262, 45324243.93437653, 45324533.93550044, 45324822.936620474, 45325112.93774439, 45325401.938864425, 45325691.93998833, 45325981.94111224, 45326270.94223228, 45326560.94335619, 45326850.9444801, 45327139.94560014, 45327429.94672405, 45327719.94784796, 45328008.94896799, 45328298.950091906, 45328588.95121582]	0.0	0.0	0.0
3925.951467425727	2.0	trials	7.0	0.0	0.0	0.0	0.0	0.0	True	40.0	0.0	0.005	[45448174.41467409, 45448464.415798, 45448753.41691803, 45449043.418041945, 45449332.41916198, 45449622.420285895, 45449912.4214098, 45450202.42253371, 45450491.42365375, 45450780.42477379, 45451071.42590158, 45451360.42702161, 45451650.42814552, 45451940.42926943, 45452229.43038947, 45452518.4315095, 45452808.432633415, 45453098.43375733, 45453387.43487736, 45453677.43600127]	0.0	0.0	0.0
3931.9203481584022	2.0	trials	7.0	0.0	0.0	0.0	0.0	0.0	True	40.0	0.0	0.005	[45517259.68241682, 45517548.68353686, 45517838.68466077, 45518127.6857808, 45518417.68690472, 45518707.688028626, 45518997.68915254, 45519286.69027258, 45519576.69139648, 45519865.69251652, 45520155.69364043, 45520445.69476434, 45520734.69588438, 45521024.69700829, 45521313.69812832, 45521603.69925223, 45521893.700376146, 45522183.70150006, 45522471.702616215, 45522762.703744]	0.0	0.0	0.0
3940.2839869720738	2.0	trials	7.0	0.0	0.0	0.0	0.0	0.0	True	40.0	0.0	0.005	[45614061.05757444, 45614350.05869448, 45614639.05981451, 45614929.060938425, 45615218.06205846, 45615508.06318237, 45615798.06430628, 45616088.065430194, 45616377.066550225, 45616667.06767414, 45616956.068794176, 45617246.06991808, 45617536.071042, 45617825.07216203, 45618115.073285945, 45618405.07440986, 45618693.075526014, 45618984.07665381, 45619274.07777771, 45619563.07889775]	0.0	0.0	0.0
3950.887640867029	2.0	trials	7.0	0.0	0.0	0.0	0.0	0.0	True	40.0	0.0	0.005	[45736788.53320971, 45737077.53432974, 45737367.535453655, 45737657.53657757, 45737946.537697606, 45738235.53881764, 45738526.53994542, 45738815.54106546, 45739105.542189375, 45739395.54331328, 45739684.54443332, 45739973.54555336, 45740264.546681136, 45740553.547801174, 45740843.54892509, 45741133.55004899, 45741422.55116903, 45741711.55228907, 45742001.55341298, 45742291.554536894]	0.0	0.0	0.0
3956.9936389311097	2.0	trials	7.0	0.0	0.0	0.0	0.0	0.0	True	40.0	0.0	0.005	[45807458.8070952, 45807747.80821523, 45808037.80933914, 45808328.81046693, 45808617.81158697, 45808906.812707, 45809196.81383091, 45809486.814954825, 45809776.81607874, 45810065.81719877, 45810355.81832268, 45810645.81944659, 45810934.820566624, 45811223.82168666, 45811514.82281445, 45811803.82393448, 45812093.8250584, 45812382.82617843, 45812672.82730234, 45812961.828422375]	0.0	0.0	0.0
3962.795594216858	2.0	trials	7.0	0.0	0.0	0.0	0.0	0.0	True	40.0	0.0	0.005	[45874611.06734648, 45874901.068470396, 45875191.0695943, 45875481.07071821, 45875770.07183825, 45876060.07296216, 45876349.074082196, 45876640.07520998, 45876929.07633002, 45877218.07745005, 45877508.078573965, 45877798.07969788, 45878088.08082179, 45878377.08194182, 45878666.08306186, 45878956.08418577, 45879246.08530968, 45879536.08643359, 45879825.08755363, 45880114.088673666]	0.0	0.0	0.0
3970.740105006179	2.0	trials	7.0	0.0	0.0	0.0	0.0	0.0	True	40.0	0.0	0.005	[45966562.42370766, 45966852.42483157, 45967141.42595161, 45967431.42707551, 45967721.42819943, 45968010.42931946, 45968300.43044337, 45968589.43156341, 45968879.43268732, 45969169.43381123, 45969458.43493126, 45969748.43605518, 45970037.437175214, 45970327.43829913, 45970617.43942304, 45970907.440546945, 45971196.44166698, 45971486.442790896, 45971776.44391481, 45972065.44503484]	0.0	0.0	0.0
3981.750963679275	2.0	trials	7.0	0.0	0.0	0.0	0.0	0.0	True	40.0	0.0	0.005	[46094002.91760842, 46094291.91872845, 46094581.91985237, 46094870.9209724, 46095160.92209631, 46095449.92321634, 46095739.92434026, 46096028.92546029, 46096318.92658421, 46096608.92770812, 46096898.928832024, 46097188.92995594, 46097477.931075975, 46097767.93219989, 46098056.93331992, 46098345.93443996, 46098635.93556386, 46098925.936687775, 46099214.93780781, 46099504.938931726]	0.0	0.0	0.0
3988.1057083073842	2.0	trials	7.0	0.0	0.0	0.0	0.0	0.0	True	40.0	0.0	0.005	[46167553.2026555, 46167843.203779414, 46168132.204899445, 46168422.206023365, 46168711.207143396, 46169001.20826731, 46169290.20938734, 46169580.21051125, 46169870.21163517, 46170161.21276295, 46170450.21388299, 46170740.215006895, 46171028.21612306, 46171319.21725085, 46171608.218370885, 46171897.219490916, 46172187.22061483, 46172477.22173874, 46172767.222862646, 46173056.223982684]	0.0	0.0	0.0
3998.333520745748	2.0	trials	7.0	0.0	0.0	0.0	0.0	0.0	True	40.0	0.0	0.005	[46285929.66142823, 46286219.66255214, 46286508.66367217, 46286799.66479996, 46287088.66592, 46287378.66704391, 46287667.66816394, 46287957.66928785, 46288247.67041177, 46288536.6715318, 46288825.672651835, 46289116.67377963, 46289406.674903534, 46289695.67602357, 46289983.67713973, 46290274.678267516, 46290564.67939143, 46290853.68051147, 46291143.68163537, 46291433.682759285]	0.0	0.0	0.0
4022.6018195986708	2.0	trials	8.0	0.0	0.0	0.0	0.0	0.0	True	40.0	0.0	0.005	[46566813.750005804, 46567102.75112584, 46567392.752249755, 46567681.75336979, 46567971.7544937, 46568261.75561761, 46568551.75674152, 46568840.75786156, 46569130.75898547, 46569420.76010937, 46569709.76122942, 46569999.76235332, 46570288.76347336, 46570578.764597274, 46570868.76572119, 46571157.76684122, 46571447.76796513, 46571737.76908904, 46572026.77020908, 46572316.77133299]	0.0	0.0	0.0
4027.8520223460773	2.0	trials	8.0	0.0	0.0	0.0	0.0	0.0	True	40.0	0.0	0.005	[46627578.98550393, 46627868.98662783, 46628157.98774787, 46628447.98887178, 46628737.98999569, 46629026.99111573, 46629316.99223964, 46629606.993363544, 46629895.99448358, 46630185.995607495, 46630475.9967314, 46630764.99785144, 46631054.99897535, 46631344.00009538, 46631634.001219295, 46631924.00234321, 46632214.00346712, 46632503.00458715, 46632792.00570719, 46633083.006834984]	0.0	0.0	0.0
4038.7308613075234	2.0	trials	8.0	0.0	0.0	0.0	0.0	0.0	True	40.0	0.0	0.005	[46753492.47348671, 46753781.474606745, 46754071.47573065, 46754360.47685069, 46754650.4779746, 46754940.479098506, 46755230.48022242, 46755519.48134246, 46755809.48246637, 46756098.4835864, 46756388.48471031, 46756678.485834226, 46756967.48695426, 46757257.48807817, 46757547.48920208, 46757836.49032211, 46758126.491446026, 46758415.492566064, 46758705.49368998, 46758994.49481001]	0.0	0.0	0.0
4047.820090133254	2.0	trials	8.0	0.0	0.0	0.0	0.0	0.0	True	40.0	0.0	0.005	[46858690.881187364, 46858980.88231127, 46859270.88343518, 46859560.884559095, 46859849.885679126, 46860139.886803046, 46860428.88792308, 46860718.88904699, 46861008.8901709, 46861297.89129093, 46861587.892414846, 46861876.893534884, 46862166.8946588, 46862455.89577883, 46862745.89690274, 46863035.89802665, 46863324.89914668, 46863614.900270596, 46863904.90139451, 46864193.90251455]	0.0	0.0	0.0
4058.6463112907777	2.0	trials	8.0	0.0	0.0	0.0	0.0	0.0	True	40.0	0.0	0.005	[46983995.366809934, 46984284.36792997, 46984574.36905388, 46984864.3701778, 46985154.3713017, 46985443.37242174, 46985733.373545654, 46986023.37466956, 46986312.3757896, 46986601.376909636, 46986891.37803354, 46987181.379157454, 46987471.38028137, 46987760.3814014, 46988050.38252531, 46988339.38364535, 46988629.38476925, 46988919.385893166, 46989208.387013204, 46989498.38813712]	0.0	0.0	0.0
4068.5681801434434	2.0	trials	8.0	0.0	0.0	0.0	0.0	0.0	True	40.0	0.0	0.005	[47098831.8118632, 47099121.81298711, 47099410.81410714, 47099700.815231055, 47099989.816351086, 47100279.817475, 47100569.81859891, 47100859.819722824, 47101148.820842855, 47101438.82196677, 47101727.823086806, 47102017.82421071, 47102307.82533462, 47102596.82645466, 47102885.8275747, 47103175.828698605, 47103465.82982252, 47103754.830942556, 47104044.83206646, 47104334.833190374]	0.0	0.0	0.0
4075.168647323862	2.0	trials	8.0	0.0	0.0	0.0	0.0	0.0	True	40.0	0.0	0.005	[47175226.10793236, 47175516.109056264, 47175805.1101763, 47176095.111300215, 47176385.11242413, 47176674.113544166, 47176964.11466808, 47177254.11579199, 47177543.11691202, 47177833.118035935, 47178122.119155966, 47178412.120279886, 47178702.12140379, 47178991.12252382, 47179281.12364774, 47179570.12476777, 47179860.125891685, 47180150.1270156, 47180440.12813951, 47180729.12925954]	0.0	0.0	0.0
4082.104520604162	2.0	trials	8.0	0.0	0.0	0.0	0.0	0.0	True	40.0	0.0	0.005	[47255502.41904643, 47255791.42016647, 47256081.42129038, 47256371.42241429, 47256660.423534326, 47256950.42465824, 47257240.425782144, 47257529.42690218, 47257819.428026095, 47258108.429146126, 47258399.43027391, 47258688.43139395, 47258977.43251398, 47259267.433637895, 47259557.43476181, 47259846.43588184, 47260136.43700575, 47260426.43812966, 47260716.43925358, 47261005.44037361]	0.0	0.0	0.0
4087.942418429207	2.0	trials	8.0	0.0	0.0	0.0	0.0	0.0	True	40.0	0.0	0.005	[47323070.68090995, 47323359.682029985, 47323649.68315389, 47323938.68427393, 47324228.68539784, 47324518.686521746, 47324807.687641785, 47325097.6887657, 47325387.6898896, 47325676.69100965, 47325966.69213355, 47326255.69325359, 47326546.69438137, 47326835.69550141, 47327125.69662532, 47327414.69774536, 47327704.698869266, 47327994.699993186, 47328283.70111322, 47328572.70223325]	0.0	0.0	0.0
4096.918462816285	2.0	trials	8.0	0.0	0.0	0.0	0.0	0.0	True	40.0	0.0	0.005	[47426960.08353749, 47427249.084657535, 47427539.08578144, 47427829.08690535, 47428118.08802538, 47428408.0891493, 47428698.090273224, 47428987.09139325, 47429277.09251716, 47429567.09364107, 47429856.09476111, 47430146.09588502, 47430436.097008936, 47430725.098128974, 47431015.09925287, 47431305.100376785, 47431595.1015007, 47431884.102620736, 47432173.10374077, 47432463.10486469]	0.0	0.0	0.0
4106.902539910041	2.0	trials	8.0	0.0	0.0	0.0	0.0	0.0	True	40.0	0.0	0.005	[47542516.53138116, 47542805.5325012, 47543095.53362511, 47543385.53474901, 47543675.53587293, 47543964.53699296, 47544254.53811687, 47544543.53923691, 47544833.54036082, 47545122.541480854, 47545412.542604774, 47545702.54372867, 47545991.54484871, 47546281.54597262, 47546571.547096536, 47546861.54822045, 47547150.54934049, 47547440.550464384, 47547730.5515883, 47548019.552708335]	0.0	0.0	0.0
4114.246309171161	2.0	trials	8.0	0.0	0.0	0.0	0.0	0.0	True	40.0	0.0	0.005	[47627513.86079173, 47627803.86191564, 47628092.86303567, 47628381.864155695, 47628671.86527962, 47628961.866403535, 47629250.867523566, 47629540.868647486, 47629830.86977138, 47630119.87089143, 47630409.872015335, 47630699.87313925, 47630989.87426316, 47631278.8753832, 47631568.87650711, 47631858.87763101, 47632147.87875105, 47632436.87987108, 47632726.880995, 47633016.88211891]	0.0	0.0	0.0
4123.5926653934	2.0	trials	8.0	0.0	0.0	0.0	0.0	0.0	True	40.0	0.0	0.005	[47735689.280029915, 47735979.28115382, 47736268.28227385, 47736558.283397764, 47736847.2845178, 47737136.28563784, 47737426.28676175, 47737716.287885666, 47738006.28900958, 47738295.29012961, 47738585.291253515, 47738874.29237355, 47739164.293497466, 47739453.2946175, 47739744.29574529, 47740033.29686532, 47740323.29798923, 47740613.29911314, 47740902.30023318, 47741192.30135709]	0.0	0.0	0.0
4129.91302268824	2.0	trials	8.0	0.0	0.0	0.0	0.0	0.0	True	40.0	0.0	0.005	[47808841.56353453, 47809131.56465844, 47809420.56577847, 47809710.566902384, 47809999.56802242, 47810289.569146335, 47810579.57027024, 47810868.57139027, 47811158.572514184, 47811448.5736381, 47811738.57476201, 47812027.57588205, 47812316.577002086, 47812606.57812598, 47812895.57924603, 47813185.580369934, 47813475.58149385, 47813764.582613885, 47814054.5837378, 47814344.58486171]	0.0	0.0	0.0
4140.31061178458	2.0	trials	8.0	0.0	0.0	0.0	0.0	0.0	True	40.0	0.0	0.005	[47929184.02992659, 47929473.03104663, 47929763.03217054, 47930053.033294454, 47930343.03441837, 47930632.035538405, 47930922.03666232, 47931211.03778234, 47931501.03890626, 47931790.040026285, 47932080.041150205, 47932370.04227412, 47932660.04339803, 47932949.04451806, 47933239.04564197, 47933528.04676201, 47933818.047885925, 47934108.04900983, 47934398.05013374, 47934687.05125377]	0.0	0.0	0.0
4147.34679585364	2.0	trials	8.0	0.0	0.0	0.0	0.0	0.0	True	40.0	0.0	0.005	[48010621.34554018, 48010910.34666022, 48011200.34778413, 48011490.348908044, 48011779.35002808, 48012069.351151995, 48012358.352272026, 48012648.35339594, 48012937.35451598, 48013227.35563988, 48013516.35675993, 48013806.357883826, 48014096.35900774, 48014386.36013165, 48014675.36125169, 48014965.3623756, 48015255.36349951, 48015544.36461954, 48015834.36574345, 48016123.36686349]	0.0	0.0	0.0
4152.970334447926	2.0	trials	8.0	0.0	0.0	0.0	0.0	0.0	True	40.0	0.0	0.005	[48075707.59778457, 48075997.598908484, 48076287.60003239, 48076576.601152435, 48076867.602280214, 48077156.60340025, 48077445.60452028, 48077735.6056442, 48078024.606764235, 48078315.607892014, 48078604.60901205, 48078894.610135965, 48079183.611255996, 48079473.612379916, 48079762.61349995, 48080052.61462386, 48080342.61574777, 48080631.61686781, 48080921.61799171, 48081211.61911563]	0.0	0.0	0.0
4162.432985520871	2.0	trials	8.0	0.0	0.0	0.0	0.0	0.0	True	40.0	0.0	0.005	[48185230.022243135, 48185519.023363166, 48185809.02448708, 48186098.02560712, 48186388.02673103, 48186678.027854934, 48186968.02897885, 48187257.03009888, 48187547.03122279, 48187837.0323467, 48188126.03346674, 48188416.03459065, 48188706.03571456, 48188995.03683459, 48189285.0379585, 48189575.039082415, 48189864.040202454, 48190154.04132636, 48190443.042446405, 48190733.0435703]	0.0	0.0	0.0
4169.279693655607	2.0	trials	8.0	0.0	0.0	0.0	0.0	0.0	True	40.0	0.0	0.005	[48264474.32935763, 48264763.33047766, 48265053.331601575, 48265343.33272549, 48265632.333845526, 48265922.33496942, 48266211.33608946, 48266501.337213375, 48266790.33833341, 48267080.339457326, 48267370.34058124, 48267660.34170515, 48267949.34282519, 48268239.34394909, 48268528.345069125, 48268818.34619304, 48269108.34731695, 48269397.34843698, 48269687.3495609, 48269976.35068093]	0.0	0.0	0.0
4180.271112253363	2.0	trials	8.0	0.0	0.0	0.0	0.0	0.0	True	40.0	0.0	0.005	[48391689.822386384, 48391978.82350643, 48392268.824630335, 48392558.82575425, 48392847.826874286, 48393137.8279982, 48393426.82911823, 48393716.83024214, 48394006.83136605, 48394295.83248608, 48394585.83361, 48394874.83473003, 48395164.83585394, 48395454.836977854, 48395743.83809789, 48396033.839221805, 48396323.84034571, 48396613.84146962, 48396902.842589654, 48397191.84370969]	0.0	0.0	0.0
4186.699210765758	2.0	trials	8.0	0.0	0.0	0.0	0.0	0.0	True	40.0	0.0	0.005	[48466088.11071995, 48466378.11184386, 48466668.11296777, 48466957.11408781, 48467247.11521171, 48467536.11633175, 48467826.11745566, 48468116.118579574, 48468405.11969961, 48468695.120823525, 48468984.121943556, 48469274.12306746, 48469564.12419137, 48469853.12531141, 48470143.126435325, 48470433.12755924, 48470723.128683135, 48471013.12980705, 48471302.130927086, 48471592.132051]	0.0	0.0	0.0
4192.397053648013	2.0	trials	8.0	0.0	0.0	0.0	0.0	0.0	True	40.0	0.0	0.005	[48532035.36630118, 48532325.36742509, 48532614.36854513, 48532904.36966904, 48533194.370792955, 48533483.37191298, 48533773.373036906, 48534063.37416082, 48534352.37528085, 48534642.37640476, 48534931.3775248, 48535221.378648706, 48535511.37977262, 48535801.38089653, 48536090.38201656, 48536380.383140475, 48536670.38426439, 48536959.385384426, 48537249.38650833, 48537538.38762836]	0.0	0.0	0.0
4202.838102112783	2.0	trials	8.0	0.0	0.0	0.0	0.0	0.0	True	40.0	0.0	0.005	[48652880.834642656, 48653170.83576656, 48653460.836890474, 48653749.83801051, 48654039.839134425, 48654328.840254456, 48654618.84137837, 48654908.84250228, 48655197.84362232, 48655487.844746225, 48655776.845866255, 48656066.84699017, 48656356.84811408, 48656645.84923412, 48656935.85035803, 48657225.85148194, 48657514.85260198, 48657804.85372588, 48658094.85484979, 48658383.85596983]	0.0	0.0	0.0
4208.5431162228315	2.0	trials	8.0	0.0	0.0	0.0	0.0	0.0	True	40.0	0.0	0.005	[48718912.09054945, 48719201.091669485, 48719491.09279338, 48719781.093917295, 48720070.09503733, 48720360.09616125, 48720649.097281285, 48720939.0984052, 48721229.099529095, 48721519.100653015, 48721808.101773046, 48722098.10289696, 48722387.104017, 48722677.10514091, 48722967.10626482, 48723256.10738485, 48723546.10850876, 48723836.10963267, 48724125.11075271, 48724415.11187662]	0.0	0.0	0.0
4217.009312233969	2.0	trials	8.0	0.0	0.0	0.0	0.0	0.0	True	40.0	0.0	0.005	[48816900.47030734, 48817189.47142737, 48817479.472551286, 48817769.47367521, 48818058.47479524, 48818348.47591915, 48818638.47704306, 48818927.4781631, 48819217.479287, 48819506.48040704, 48819796.48153095, 48820086.48265486, 48820375.4837749, 48820665.48489881, 48820955.48602272, 48821244.487142764, 48821534.48826666, 48821823.4893867, 48822113.49051061, 48822403.49163453]	0.0	0.0	0.0
4227.977057139975	2.0	trials	8.0	0.0	0.0	0.0	0.0	0.0	True	40.0	0.0	0.005	[48943840.96227033, 48944130.96339423, 48944419.96451426, 48944709.965638176, 48944999.966762096, 48945288.96788213, 48945578.96900604, 48945868.97012995, 48946157.97124999, 48946447.97237389, 48946737.973497815, 48947026.97461784, 48947315.97573788, 48947605.97686179, 48947895.97798571, 48948185.979109615, 48948474.98022966, 48948764.981353566, 48949054.98247748, 48949343.98359751]	0.0	0.0	0.0
4237.650179428611	2.0	trials	8.0	0.0	0.0	0.0	0.0	0.0	True	40.0	0.0	0.005	[49055799.396169744, 49056088.39728978, 49056378.39841368, 49056667.39953373, 49056957.40065763, 49057247.401781544, 49057537.40290546, 49057826.404025495, 49058116.40514941, 49058406.406273305, 49058695.407393344, 49058985.40851726, 49059275.40964117, 49059564.41076121, 49059854.41188512, 49060144.41300902, 49060433.41412906, 49060722.4152491, 49061012.41637301, 49061302.41749692]	0.0	0.0	0.0
4247.923438443106	2.0	trials	8.0	0.0	0.0	0.0	0.0	0.0	True	40.0	0.0	0.005	[49174701.85698101, 49174992.85810879, 49175281.85922883, 49175571.86035274, 49175860.86147278, 49176150.86259669, 49176440.8637206, 49176729.864840634, 49177019.86596455, 49177308.867084585, 49177598.86820849, 49177887.86932852, 49178177.870452434, 49178467.87157635, 49178757.87270026, 49179046.8738203, 49179336.8749442, 49179626.876068115, 49179915.877188146, 49180205.87831206]	0.0	0.0	0.0
4257.2945051611105	2.0	trials	8.0	0.0	0.0	0.0	0.0	0.0	True	40.0	0.0	0.005	[49283164.27733147, 49283453.27845151, 49283743.27957542, 49284033.280699335, 49284322.28181937, 49284612.282943286, 49284901.28406331, 49285191.28518722, 49285481.28631114, 49285771.287435055, 49286060.28855509, 49286350.289679, 49286640.29080291, 49286929.29192294, 49287219.293046854, 49287508.29416689, 49287798.295290805, 49288087.296410844, 49288377.29753476, 49288667.298658654]	0.0	0.0	0.0
4264.3036459253635	2.0	trials	8.0	0.0	0.0	0.0	0.0	0.0	True	40.0	0.0	0.005	[49364287.59172815, 49364577.592852056, 49364866.593972094, 49365156.59509601, 49365445.59621604, 49365735.59733995, 49366025.59846386, 49366314.5995839, 49366604.60070781, 49366894.60183172, 49367184.60295563, 49367473.60407566, 49367763.605199575, 49368053.60632348, 49368342.60744353, 49368632.60856743, 49368921.60968746, 49369211.610811375, 49369501.61193529, 49369790.613055326]	0.0	0.0	0.0
4273.895638299577	2.0	trials	8.0	0.0	0.0	0.0	0.0	0.0	True	40.0	0.0	0.005	[49475307.02198841, 49475596.02310844, 49475886.02423236, 49476175.02535239, 49476465.0264763, 49476755.027600214, 49477044.02872025, 49477334.02984416, 49477624.03096807, 49477913.0320881, 49478203.03321201, 49478492.03433205, 49478782.035455965, 49479072.03657987, 49479361.037699915, 49479651.03882381, 49479941.039947726, 49480230.041067764, 49480520.04219168, 49480810.04331559]	0.0	0.0	0.0
4282.871855487324	2.0	trials	8.0	0.0	0.0	0.0	0.0	0.0	True	40.0	0.0	0.005	[49579197.42461984, 49579488.425747626, 49579777.42686766, 49580067.42799158, 49580356.4291116, 49580646.43023553, 49580935.43135555, 49581225.43247947, 49581514.4335995, 49581804.43472342, 49582095.4358512, 49582384.43697124, 49582674.43809515, 49582963.43921519, 49583253.4403391, 49583543.441463, 49583832.44258304, 49584122.44370695, 49584411.44482698, 49584701.4459509]	0.0	0.0	0.0
4293.900253428394	2.0	trials	8.0	0.0	0.0	0.0	0.0	0.0	True	40.0	0.0	0.005	[49706841.91931122, 49707130.92043124, 49707420.92155516, 49707709.92267519, 49707999.92379911, 49708288.924919136, 49708578.92604305, 49708868.92716696, 49709157.92828699, 49709448.92941479, 49709737.930534825, 49710027.93165874, 49710316.932778776, 49710606.93390267, 49710896.935026586, 49711185.936146624, 49711475.93727054, 49711764.938390575, 49712054.93951449, 49712344.9406384]	0.0	0.0	0.0
4299.060513427223	2.0	trials	8.0	0.0	0.0	0.0	0.0	0.0	True	40.0	0.0	0.005	[49766566.150774874, 49766856.15189878, 49767145.15301882, 49767436.154146604, 49767725.15526664, 49768015.156390555, 49768304.157510586, 49768594.15863449, 49768883.15975454, 49769173.16087844, 49769463.162002355, 49769753.16312627, 49770042.1642463, 49770332.16537021, 49770621.16649025, 49770911.167614155, 49771201.168738075, 49771490.1698581, 49771780.17098201, 49772070.17210594]	0.0	0.0	0.0
4305.779781068058	2.0	trials	8.0	0.0	0.0	0.0	0.0	0.0	True	40.0	0.0	0.005	[49844336.45217681, 49844625.45329684, 49844915.45442075, 49845205.45554466, 49845494.4566647, 49845784.45778861, 49846073.45890864, 49846363.46003255, 49846653.461156465, 49846943.46228037, 49847232.46340041, 49847522.46452432, 49847811.46564435, 49848101.466768265, 49848390.4678883, 49848680.469012216, 49848970.47013613, 49849259.47125617, 49849549.472380064, 49849839.47350398]	0.0	0.0	0.0
4310.951964313095	2.0	trials	8.0	0.0	0.0	0.0	0.0	0.0	True	40.0	0.0	0.005	[49904198.6841753, 49904488.685299195, 49904777.68641923, 49905067.68754315, 49905357.68866706, 49905646.6897871, 49905936.69091101, 49906225.69203104, 49906515.69315496, 49906805.69427886, 49907095.69540277, 49907384.69652281, 49907674.69764672, 49907963.69876676, 49908253.69989067, 49908543.70101457, 49908832.70213461, 49909122.70325852, 49909411.70437855, 49909701.70550247]	0.0	0.0	0.0
4321.0316865775285	2.0	trials	8.0	0.0	0.0	0.0	0.0	0.0	True	40.0	0.0	0.005	[50020862.136309184, 50021153.13743697, 50021443.13856088, 50021732.13968092, 50022022.140804835, 50022311.14192487, 50022600.143044904, 50022890.14416882, 50023180.14529273, 50023469.14641277, 50023759.14753667, 50024049.148660585, 50024339.1497845, 50024628.15090453, 50024918.15202844, 50025208.15315235, 50025497.154272385, 50025787.1553963, 50026077.15652021, 50026366.15764024]	0.0	0.0	0.0
4327.289922031611	2.0	trials	8.0	0.0	0.0	0.0	0.0	0.0	True	40.0	0.0	0.005	[50093295.41702728, 50093585.41815119, 50093875.4192751, 50094164.42039514, 50094454.42151905, 50094744.42264296, 50095033.42376299, 50095323.424886905, 50095613.42601082, 50095902.427130856, 50096191.42825089, 50096481.42937479, 50096771.430498704, 50097060.43161874, 50097350.432742655, 50097640.43386657, 50097929.434986606, 50098219.43611052, 50098509.43723442, 50098798.438354455]	0.0	0.0	0.0
4333.932120573761	2.0	trials	8.0	0.0	0.0	0.0	0.0	0.0	True	40.0	0.0	0.005	[50170173.71497222, 50170462.716092244, 50170752.71721617, 50171042.71834007, 50171332.71946398, 50171621.72058402, 50171911.72170793, 50172201.722831845, 50172490.72395188, 50172780.72507578, 50173070.726199694, 50173359.72731973, 50173649.728443645, 50173938.72956368, 50174228.730687596, 50174518.73181151, 50174807.73293154, 50175097.734055445, 50175387.73517936, 50175676.736299396]	0.0	0.0	0.0
4341.204091156623	2.0	trials	8.0	0.0	0.0	0.0	0.0	0.0	True	40.0	0.0	0.005	[50254339.04115832, 50254629.04228223, 50254919.043406144, 50255208.04452618, 50255498.045650095, 50255787.046770126, 50256077.04789404, 50256367.04901795, 50256657.050141856, 50256946.051261894, 50257235.052381925, 50257525.05350584, 50257815.05462975, 50258105.05575366, 50258394.0568737, 50258684.05799761, 50258973.05911765, 50259263.06024155, 50259552.06136159, 50259842.0624855]	0.0	0.0	0.0
4348.104021897625	2.0	trials	8.0	0.0	0.0	0.0	0.0	0.0	True	40.0	0.0	0.005	[50334200.350664034, 50334489.35178407, 50334779.352907985, 50335068.35402802, 50335358.35515193, 50335648.356275834, 50335937.35739587, 50336227.358519785, 50336517.3596437, 50336807.36076761, 50337097.36189151, 50337386.36301155, 50337675.36413159, 50337965.3652555, 50338255.36637941, 50338545.36750332, 50338834.36862335, 50339123.36974339, 50339413.370867305, 50339703.37199121]	0.0	0.0	0.0
4358.046799631324	2.0	trials	8.0	0.0	0.0	0.0	0.0	0.0	True	40.0	0.0	0.005	[50449278.79665518, 50449567.79777521, 50449857.79889913, 50450147.80002304, 50450436.80114308, 50450726.80226699, 50451015.80338702, 50451305.80451093, 50451595.80563484, 50451885.806758754, 50452175.80788267, 50452464.809002705, 50452753.810122736, 50453043.811246656, 50453333.81237055, 50453622.81349059, 50453912.814614505, 50454202.81573842, 50454491.81685845, 50454781.81798237]	0.0	0.0	0.0
4365.432213853841	2.0	trials	8.0	0.0	0.0	0.0	0.0	0.0	True	40.0	0.0	0.005	[50534757.12792989, 50535047.1290538, 50535337.13017771, 50535626.13129775, 50535916.13242166, 50536205.13354169, 50536495.1346656, 50536785.13578952, 50537074.13690955, 50537364.138033465, 50537654.13915737, 50537944.14028128, 50538233.14140131, 50538522.14252135, 50538813.143649146, 50539102.14476918, 50539392.14589308, 50539681.14701313, 50539971.148137026, 50540261.149260946]	0.0	0.0	0.0
4370.605952304905	2.0	trials	8.0	0.0	0.0	0.0	0.0	0.0	True	40.0	0.0	0.005	[50594639.36000589, 50594929.36112979, 50595218.36224983, 50595508.36337374, 50595797.36449378, 50596087.36561769, 50596376.36673772, 50596666.367861636, 50596956.36898555, 50597245.37010559, 50597535.37122949, 50597825.372353405, 50598114.373473436, 50598404.37459735, 50598694.37572126, 50598984.376845166, 50599273.37796521, 50599562.37908525, 50599852.38020915, 50600142.38133306]	0.0	0.0	0.0
4379.148180610709	2.0	trials	8.0	0.0	0.0	0.0	0.0	0.0	True	40.0	0.0	0.005	[50693507.74317428, 50693797.74429819, 50694086.74541823, 50694375.74653826, 50694665.74766217, 50694955.74878608, 50695245.74990999, 50695534.75103003, 50695824.75215394, 50696114.75327785, 50696403.754397884, 50696693.7555218, 50696983.7566457, 50697272.75776574, 50697562.75888965, 50697851.76000968, 50698141.7611336, 50698431.762257524, 50698721.76338142, 50699010.76450147]	0.0	0.0	0.0
4388.808515649787	2.0	trials	8.0	0.0	0.0	0.0	0.0	0.0	True	40.0	0.0	0.005	[50805316.176492356, 50805605.17761239, 50805896.17874018, 50806185.17986022, 50806475.18098413, 50806765.182108045, 50807054.183228076, 50807344.18435199, 50807633.18547201, 50807923.18659594, 50808213.187719844, 50808502.18883989, 50808792.18996379, 50809081.191083826, 50809372.19221161, 50809661.19333165, 50809951.194455564, 50810240.1955756, 50810530.1966995, 50810820.19782341]	0.0	0.0	0.0
4394.886520005377	2.0	trials	8.0	0.0	0.0	0.0	0.0	0.0	True	40.0	0.0	0.005	[50875663.44912604, 50875953.450249955, 50876242.45136999, 50876532.452493906, 50876822.45361781, 50877111.45473784, 50877401.455861755, 50877691.45698567, 50877981.45810958, 50878270.45922962, 50878560.46035352, 50878849.46147357, 50879139.46259747, 50879429.46372138, 50879718.46484142, 50880008.46596533, 50880297.46708537, 50880587.46820928, 50880876.46932931, 50881166.47045322]	0.0	0.0	0.0
4405.236416116882	2.0	trials	8.0	0.0	0.0	0.0	0.0	0.0	True	40.0	0.0	0.005	[50995453.913378805, 50995743.91450272, 50996033.91562663, 50996323.916750535, 50996612.917870566, 50996901.918990605, 50997191.92011452, 50997481.92123843, 50997770.92235846, 50998060.92348238, 50998350.92460628, 50998640.92573019, 50998929.92685023, 50999219.92797414, 50999509.929098055, 50999798.93021809, 51000087.931338124, 51000377.93246204, 51000667.93358594, 51000957.934709854]	0.0	0.0	0.0
4414.146537048471	2.0	trials	8.0	0.0	0.0	0.0	0.0	0.0	True	40.0	0.0	0.005	[51098581.31305318, 51098870.31417322, 51099160.315297134, 51099450.31642105, 51099739.317541085, 51100029.318665, 51100319.319788896, 51100608.320908934, 51100898.32203285, 51101187.323152885, 51101477.3242768, 51101766.32539683, 51102056.32652074, 51102346.32764465, 51102635.32876469, 51102925.3298886, 51103215.33101251, 51103505.33213642, 51103794.33325645, 51104084.334380366]	0.0	0.0	0.0
4424.808943171122	2.0	trials	8.0	0.0	0.0	0.0	0.0	0.0	True	40.0	0.0	0.005	[51221987.79131995, 51222277.792443864, 51222566.7935639, 51222856.794687815, 51223146.79581172, 51223436.79693563, 51223725.79805566, 51224015.79917958, 51224305.80030349, 51224594.80142353, 51224884.80254744, 51225174.803671345, 51225463.804791376, 51225752.805911414, 51226042.80703533, 51226332.80815924, 51226622.80928315, 51226911.81040319, 51227201.81152709, 51227490.812647134]	0.0	0.0	0.0
4451.676164096289	2.0	trials	9.0	0.0	0.0	0.0	0.0	0.0	True	5.0	0.0	0.01	[51532998.99665638, 51535316.00563605, 51537633.014615715, NaN, NaN, NaN, NaN, NaN, NaN, NaN, NaN, NaN, NaN, NaN, NaN, NaN, NaN, NaN, NaN, NaN]	0.0	0.0	0.0
4459.840045335792	2.0	trials	9.0	0.0	0.0	0.0	0.0	0.0	True	5.0	0.0	0.01	[51627488.36285373, 51629805.37183339, 51632122.38081305, NaN, NaN, NaN, NaN, NaN, NaN, NaN, NaN, NaN, NaN, NaN, NaN, NaN, NaN, NaN, NaN, NaN]	0.0	0.0	0.0
4466.368713837951	2.0	trials	9.0	0.0	0.0	0.0	0.0	0.0	True	5.0	0.0	0.01	[51703051.6557023, 51705368.664681956, 51707685.67366162, NaN, NaN, NaN, NaN, NaN, NaN, NaN, NaN, NaN, NaN, NaN, NaN, NaN, NaN, NaN, NaN, NaN]	0.0	0.0	0.0
4477.3389643536675	2.0	trials	9.0	0.0	0.0	0.0	0.0	0.0	True	5.0	0.0	0.01	[51830023.147785425, 51832340.15676507, 51834657.16574474, NaN, NaN, NaN, NaN, NaN, NaN, NaN, NaN, NaN, NaN, NaN, NaN, NaN, NaN, NaN, NaN, NaN]	0.0	0.0	0.0
4483.709865844393	2.0	trials	9.0	0.0	0.0	0.0	0.0	0.0	True	5.0	0.0	0.01	[51903759.43355336, 51906076.44253302, 51908393.45151269, NaN, NaN, NaN, NaN, NaN, NaN, NaN, NaN, NaN, NaN, NaN, NaN, NaN, NaN, NaN, NaN, NaN]	0.0	0.0	0.0
4494.658084274724	2.0	trials	9.0	0.0	0.0	0.0	0.0	0.0	True	5.0	0.0	0.01	[52030475.92464822, 52032792.93362788, 52035109.94260754, NaN, NaN, NaN, NaN, NaN, NaN, NaN, NaN, NaN, NaN, NaN, NaN, NaN, NaN, NaN, NaN, NaN]	0.0	0.0	0.0
4501.9473349245545	2.0	trials	9.0	0.0	0.0	0.0	0.0	0.0	True	5.0	0.0	0.01	[52114842.251613304, 52117159.26059297, 52119476.26957262, NaN, NaN, NaN, NaN, NaN, NaN, NaN, NaN, NaN, NaN, NaN, NaN, NaN, NaN, NaN, NaN, NaN]	0.0	0.0	0.0
4508.380012654697	2.0	trials	9.0	0.0	0.0	0.0	0.0	0.0	True	5.0	0.0	0.01	[52189294.54015615, 52191611.54913581, 52193928.55811546, NaN, NaN, NaN, NaN, NaN, NaN, NaN, NaN, NaN, NaN, NaN, NaN, NaN, NaN, NaN, NaN, NaN]	0.0	0.0	0.0
4516.936324215081	2.0	trials	9.0	0.0	0.0	0.0	0.0	0.0	True	5.0	0.0	0.01	[52288324.923952386, 52290642.932935916, 52292959.94191557, NaN, NaN, NaN, NaN, NaN, NaN, NaN, NaN, NaN, NaN, NaN, NaN, NaN, NaN, NaN, NaN, NaN]	0.0	0.0	0.0
4523.457216687104	2.0	trials	9.0	0.0	0.0	0.0	0.0	0.0	True	5.0	0.0	0.01	[52363798.21645217, 52366115.22543183, 52368432.234411485, NaN, NaN, NaN, NaN, NaN, NaN, NaN, NaN, NaN, NaN, NaN, NaN, NaN, NaN, NaN, NaN, NaN]	0.0	0.0	0.0
4530.3067760328895	2.0	trials	9.0	0.0	0.0	0.0	0.0	0.0	True	5.0	0.0	0.01	[52443075.523694545, 52445392.532674216, 52447709.54165388, NaN, NaN, NaN, NaN, NaN, NaN, NaN, NaN, NaN, NaN, NaN, NaN, NaN, NaN, NaN, NaN, NaN]	0.0	0.0	0.0
4537.524400805131	2.0	trials	9.0	0.0	0.0	0.0	0.0	0.0	True	5.0	0.0	0.01	[52526613.84745068, 52528930.85643034, 52531247.86541, NaN, NaN, NaN, NaN, NaN, NaN, NaN, NaN, NaN, NaN, NaN, NaN, NaN, NaN, NaN, NaN, NaN]	0.0	0.0	0.0
4542.72725616904	2.0	trials	9.0	0.0	0.0	0.0	0.0	0.0	True	5.0	0.0	0.01	[52586831.08082499, 52589148.08980466, 52591465.098784305, NaN, NaN, NaN, NaN, NaN, NaN, NaN, NaN, NaN, NaN, NaN, NaN, NaN, NaN, NaN, NaN, NaN]	0.0	0.0	0.0
4550.6455012565675	2.0	trials	9.0	0.0	0.0	0.0	0.0	0.0	True	5.0	0.0	0.01	[52678477.43600413, 52680794.44498379, 52683111.45396345, NaN, NaN, NaN, NaN, NaN, NaN, NaN, NaN, NaN, NaN, NaN, NaN, NaN, NaN, NaN, NaN, NaN]	0.0	0.0	0.0
4561.420573415862	2.0	trials	9.0	0.0	0.0	0.0	0.0	0.0	True	5.0	0.0	0.01	[52803189.91933237, 52805506.928312026, 52807823.93729169, NaN, NaN, NaN, NaN, NaN, NaN, NaN, NaN, NaN, NaN, NaN, NaN, NaN, NaN, NaN, NaN, NaN]	0.0	0.0	0.0
4566.587140639134	2.0	trials	9.0	0.0	0.0	0.0	0.0	0.0	True	5.0	0.0	0.01	[52862987.15107894, 52865304.1600586, 52867621.169038266, NaN, NaN, NaN, NaN, NaN, NaN, NaN, NaN, NaN, NaN, NaN, NaN, NaN, NaN, NaN, NaN, NaN]	0.0	0.0	0.0
4577.410510585608	2.0	trials	9.0	0.0	0.0	0.0	0.0	0.0	True	5.0	0.0	0.01	[52988258.63657363, 52990575.64555329, 52992892.654532954, NaN, NaN, NaN, NaN, NaN, NaN, NaN, NaN, NaN, NaN, NaN, NaN, NaN, NaN, NaN, NaN, NaN]	0.0	0.0	0.0
4584.317266953065	2.0	trials	9.0	0.0	0.0	0.0	0.0	0.0	True	5.0	0.0	0.01	[53068196.946377754, 53070513.95535741, 53072830.96433708, NaN, NaN, NaN, NaN, NaN, NaN, NaN, NaN, NaN, NaN, NaN, NaN, NaN, NaN, NaN, NaN, NaN]	0.0	0.0	0.0
4595.325015214106	2.0	trials	9.0	0.0	0.0	0.0	0.0	0.0	True	5.0	0.0	0.01	[53195602.44014287, 53197919.449122526, 53200236.45810219, NaN, NaN, NaN, NaN, NaN, NaN, NaN, NaN, NaN, NaN, NaN, NaN, NaN, NaN, NaN, NaN, NaN]	0.0	0.0	0.0
4602.880897297279	2.0	trials	9.0	0.0	0.0	0.0	0.0	0.0	True	5.0	0.0	0.01	[53283053.77906405, 53285370.788043715, 53287687.79702337, NaN, NaN, NaN, NaN, NaN, NaN, NaN, NaN, NaN, NaN, NaN, NaN, NaN, NaN, NaN, NaN, NaN]	0.0	0.0	0.0
4610.974967066223	2.0	trials	9.0	0.0	0.0	0.0	0.0	0.0	True	5.0	0.0	0.01	[53376735.142129935, 53379052.151109606, 53381369.16008926, NaN, NaN, NaN, NaN, NaN, NaN, NaN, NaN, NaN, NaN, NaN, NaN, NaN, NaN, NaN, NaN, NaN]	0.0	0.0	0.0
4619.4530863235705	2.0	trials	9.0	0.0	0.0	0.0	0.0	0.0	True	5.0	0.0	0.01	[53474861.522422664, 53477178.53140233, 53479495.54038199, NaN, NaN, NaN, NaN, NaN, NaN, NaN, NaN, NaN, NaN, NaN, NaN, NaN, NaN, NaN, NaN, NaN]	0.0	0.0	0.0
4626.738967360341	2.0	trials	9.0	0.0	0.0	0.0	0.0	0.0	True	5.0	0.0	0.01	[53559188.849236615, 53561505.858216286, 53563822.86719594, NaN, NaN, NaN, NaN, NaN, NaN, NaN, NaN, NaN, NaN, NaN, NaN, NaN, NaN, NaN, NaN, NaN]	0.0	0.0	0.0
4636.733671695284	2.0	trials	9.0	0.0	0.0	0.0	0.0	0.0	True	5.0	0.0	0.01	[53674868.297556974, 53677185.30653663, 53679503.31552017, NaN, NaN, NaN, NaN, NaN, NaN, NaN, NaN, NaN, NaN, NaN, NaN, NaN, NaN, NaN, NaN, NaN]	0.0	0.0	0.0
4647.317453513224	2.0	trials	9.0	0.0	0.0	0.0	0.0	0.0	True	5.0	0.0	0.01	[53797365.77230086, 53799682.781280525, 53802000.79026405, NaN, NaN, NaN, NaN, NaN, NaN, NaN, NaN, NaN, NaN, NaN, NaN, NaN, NaN, NaN, NaN, NaN]	0.0	0.0	0.0
4658.3634771226025	2.0	trials	9.0	0.0	0.0	0.0	0.0	0.0	True	5.0	0.0	0.01	[53925213.26777896, 53927531.27676251, 53929848.28574217, NaN, NaN, NaN, NaN, NaN, NaN, NaN, NaN, NaN, NaN, NaN, NaN, NaN, NaN, NaN, NaN, NaN]	0.0	0.0	0.0
4664.777233179413	2.0	trials	9.0	0.0	0.0	0.0	0.0	0.0	True	5.0	0.0	0.01	[53999446.55547305, 54001763.56445272, 54004080.573432386, NaN, NaN, NaN, NaN, NaN, NaN, NaN, NaN, NaN, NaN, NaN, NaN, NaN, NaN, NaN, NaN, NaN]	0.0	0.0	0.0
4675.883045820508	2.0	trials	9.0	0.0	0.0	0.0	0.0	0.0	True	5.0	0.0	0.01	[54127986.05363305, 54130304.06261659, 54132621.07159626, NaN, NaN, NaN, NaN, NaN, NaN, NaN, NaN, NaN, NaN, NaN, NaN, NaN, NaN, NaN, NaN, NaN]	0.0	0.0	0.0
4681.794124729169	2.0	trials	9.0	0.0	0.0	0.0	0.0	0.0	True	5.0	0.0	0.01	[54196402.318783045, 54198719.32776271, 54201036.33674236, NaN, NaN, NaN, NaN, NaN, NaN, NaN, NaN, NaN, NaN, NaN, NaN, NaN, NaN, NaN, NaN, NaN]	0.0	0.0	0.0
4689.871432833153	2.0	trials	9.0	0.0	0.0	0.0	0.0	0.0	True	5.0	0.0	0.01	[54289889.68109707, 54292206.69007673, 54294523.6990564, NaN, NaN, NaN, NaN, NaN, NaN, NaN, NaN, NaN, NaN, NaN, NaN, NaN, NaN, NaN, NaN, NaN]	0.0	0.0	0.0
4739.265035460363	2.0	trials	10.0	0.0	0.0	0.0	0.0	0.0	True	10.0	0.0	0.005	[54861526.89650008, 54862684.90098798, 54863842.90547586, 54865001.90996763, 54866159.914455526, NaN, NaN, NaN, NaN, NaN, NaN, NaN, NaN, NaN, NaN, NaN, NaN, NaN, NaN, NaN]	0.0	0.0	0.0
4746.973500534878	2.0	trials	10.0	0.0	0.0	0.0	0.0	0.0	True	10.0	0.0	0.005	[54950744.24226549, 54951904.24676113, 54953062.25124903, 54954220.255736925, 54955378.26022481, NaN, NaN, NaN, NaN, NaN, NaN, NaN, NaN, NaN, NaN, NaN, NaN, NaN, NaN, NaN]	0.0	0.0	0.0
4757.854413104363	2.0	trials	10.0	0.0	0.0	0.0	0.0	0.0	True	10.0	0.0	0.005	[55076680.73033742, 55077839.73482918, 55078998.73932095, 55080156.74380884, 55081315.748300605, NaN, NaN, NaN, NaN, NaN, NaN, NaN, NaN, NaN, NaN, NaN, NaN, NaN, NaN, NaN]	0.0	0.0	0.0
4766.564776461781	2.0	trials	10.0	0.0	0.0	0.0	0.0	0.0	True	10.0	0.0	0.005	[55177496.121051505, 55178654.1255394, 55179814.13003506, 55180972.134522945, 55182130.13901084, NaN, NaN, NaN, NaN, NaN, NaN, NaN, NaN, NaN, NaN, NaN, NaN, NaN, NaN, NaN]	0.0	0.0	0.0
4772.468079340307	2.0	trials	10.0	0.0	0.0	0.0	0.0	0.0	True	10.0	0.0	0.005	[55245821.38584883, 55246980.39034059, 55248138.39482848, 55249296.399316385, 55250455.40380815, NaN, NaN, NaN, NaN, NaN, NaN, NaN, NaN, NaN, NaN, NaN, NaN, NaN, NaN, NaN]	0.0	0.0	0.0
4781.840442063335	2.0	trials	10.0	0.0	0.0	0.0	0.0	0.0	True	10.0	0.0	0.005	[55354296.80624967, 55355456.810745314, 55356613.815229334, 55357772.81972111, 55358931.82421287, NaN, NaN, NaN, NaN, NaN, NaN, NaN, NaN, NaN, NaN, NaN, NaN, NaN, NaN, NaN]	0.0	0.0	0.0
4791.518229970053	2.0	trials	10.0	0.0	0.0	0.0	0.0	0.0	True	10.0	0.0	0.005	[55466308.240354486, 55467467.24484626, 55468626.24933803, 55469784.25382592, 55470943.258317694, NaN, NaN, NaN, NaN, NaN, NaN, NaN, NaN, NaN, NaN, NaN, NaN, NaN, NaN, NaN]	0.0	0.0	0.0
4796.986420762281	2.0	trials	10.0	0.0	0.0	0.0	0.0	0.0	True	10.0	0.0	0.005	[55529597.485634506, 55530756.49012627, 55531915.49461804, 55533073.49910593, 55534232.50359771, NaN, NaN, NaN, NaN, NaN, NaN, NaN, NaN, NaN, NaN, NaN, NaN, NaN, NaN, NaN]	0.0	0.0	0.0
4804.837791990636	2.0	trials	10.0	0.0	0.0	0.0	0.0	0.0	True	10.0	0.0	0.005	[55620469.83781395, 55621628.84230573, 55622787.846797496, 55623946.851289265, 55625105.85578103, NaN, NaN, NaN, NaN, NaN, NaN, NaN, NaN, NaN, NaN, NaN, NaN, NaN, NaN, NaN]	0.0	0.0	0.0
4810.7839494352465	2.0	trials	10.0	0.0	0.0	0.0	0.0	0.0	True	10.0	0.0	0.005	[55689292.10453742, 55690450.10902531, 55691609.11351709, 55692768.11800885, 55693927.12250062, NaN, NaN, NaN, NaN, NaN, NaN, NaN, NaN, NaN, NaN, NaN, NaN, NaN, NaN, NaN]	0.0	0.0	0.0
4821.368595256535	2.0	trials	10.0	0.0	0.0	0.0	0.0	0.0	True	10.0	0.0	0.005	[55811799.579320066, 55812956.583804086, 55814116.58829972, 55815274.59278761, 55816433.59727939, NaN, NaN, NaN, NaN, NaN, NaN, NaN, NaN, NaN, NaN, NaN, NaN, NaN, NaN, NaN]	0.0	0.0	0.0
4826.786241852877	2.0	trials	10.0	0.0	0.0	0.0	0.0	0.0	True	10.0	0.0	0.005	[55874503.82233288, 55875662.82682464, 55876820.83131254, 55877979.835804306, 55879137.8402922, NaN, NaN, NaN, NaN, NaN, NaN, NaN, NaN, NaN, NaN, NaN, NaN, NaN, NaN, NaN]	0.0	0.0	0.0
4835.858795413981	2.0	trials	10.0	0.0	0.0	0.0	0.0	0.0	True	10.0	0.0	0.005	[55979510.22928943, 55980668.23377732, 55981826.23826522, 55982985.242756985, 55984143.24724488, NaN, NaN, NaN, NaN, NaN, NaN, NaN, NaN, NaN, NaN, NaN, NaN, NaN, NaN, NaN]	0.0	0.0	0.0
4842.128867713939	2.0	trials	10.0	0.0	0.0	0.0	0.0	0.0	True	10.0	0.0	0.005	[56052080.510538474, 56053238.51502637, 56054397.51951814, 56055555.52400603, 56056714.52849779, NaN, NaN, NaN, NaN, NaN, NaN, NaN, NaN, NaN, NaN, NaN, NaN, NaN, NaN, NaN]	0.0	0.0	0.0
4849.016270406388	2.0	trials	10.0	0.0	0.0	0.0	0.0	0.0	True	10.0	0.0	0.005	[56131795.81947836, 56132953.82396626, 56134111.828454144, 56135270.83294592, 56136428.83743381, NaN, NaN, NaN, NaN, NaN, NaN, NaN, NaN, NaN, NaN, NaN, NaN, NaN, NaN, NaN]	0.0	0.0	0.0
4859.90176219362	2.0	trials	10.0	0.0	0.0	0.0	0.0	0.0	True	10.0	0.0	0.005	[56257785.30775569, 56258944.31224746, 56260102.31673535, 56261260.321223244, 56262420.32571889, NaN, NaN, NaN, NaN, NaN, NaN, NaN, NaN, NaN, NaN, NaN, NaN, NaN, NaN, NaN]	0.0	0.0	0.0
4869.778702872163	2.0	trials	10.0	0.0	0.0	0.0	0.0	0.0	True	10.0	0.0	0.005	[56372100.750789784, 56373259.755281545, 56374418.75977331, 56375576.76426121, 56376735.76875298, NaN, NaN, NaN, NaN, NaN, NaN, NaN, NaN, NaN, NaN, NaN, NaN, NaN, NaN, NaN]	0.0	0.0	0.0
4876.546095499509	2.0	trials	10.0	0.0	0.0	0.0	0.0	0.0	True	10.0	0.0	0.005	[56450427.05434652, 56451586.058838286, 56452744.06332618, 56453903.06781794, 56455062.07230972, NaN, NaN, NaN, NaN, NaN, NaN, NaN, NaN, NaN, NaN, NaN, NaN, NaN, NaN, NaN]	0.0	0.0	0.0
4883.546941831615	2.0	trials	10.0	0.0	0.0	0.0	0.0	0.0	True	10.0	0.0	0.005	[56531455.36837501, 56532615.372870654, 56533773.37735854, 56534932.38185032, 56536090.3863382, NaN, NaN, NaN, NaN, NaN, NaN, NaN, NaN, NaN, NaN, NaN, NaN, NaN, NaN, NaN]	0.0	0.0	0.0
4891.74348239769	2.0	trials	10.0	0.0	0.0	0.0	0.0	0.0	True	10.0	0.0	0.005	[56626322.73603731, 56627481.740529075, 56628639.74501697, 56629797.74950486, 56630956.75399663, NaN, NaN, NaN, NaN, NaN, NaN, NaN, NaN, NaN, NaN, NaN, NaN, NaN, NaN, NaN]	0.0	0.0	0.0
4897.328918444308	2.0	trials	10.0	0.0	0.0	0.0	0.0	0.0	True	10.0	0.0	0.005	[56690969.98658033, 56692127.99106822, 56693286.99555998, 56694446.00005175, 56695604.004539646, NaN, NaN, NaN, NaN, NaN, NaN, NaN, NaN, NaN, NaN, NaN, NaN, NaN, NaN, NaN]	0.0	0.0	0.0
4904.582831357185	2.0	trials	10.0	0.0	0.0	0.0	0.0	0.0	True	10.0	0.0	0.005	[56774927.31196031, 56776085.3164482, 56777243.32093609, 56778402.32542787, 56779560.32991576, NaN, NaN, NaN, NaN, NaN, NaN, NaN, NaN, NaN, NaN, NaN, NaN, NaN, NaN, NaN]	0.0	0.0	0.0
4914.398341397652	2.0	trials	10.0	0.0	0.0	0.0	0.0	0.0	True	10.0	0.0	0.005	[56888531.75223889, 56889690.75673066, 56890849.76122243, 56892008.7657142, 56893166.77020209, NaN, NaN, NaN, NaN, NaN, NaN, NaN, NaN, NaN, NaN, NaN, NaN, NaN, NaN, NaN]	0.0	0.0	0.0
4920.154850107269	2.0	trials	10.0	0.0	0.0	0.0	0.0	0.0	True	10.0	0.0	0.005	[56955159.010455504, 56956317.01494339, 56957476.01943516, 56958634.023923054, 56959793.02841483, NaN, NaN, NaN, NaN, NaN, NaN, NaN, NaN, NaN, NaN, NaN, NaN, NaN, NaN, NaN]	0.0	0.0	0.0
4926.2009727393	2.0	trials	10.0	0.0	0.0	0.0	0.0	0.0	True	10.0	0.0	0.005	[57025137.281659104, 57026295.286147, 57027454.29063877, 57028612.29512666, 57029772.29962231, NaN, NaN, NaN, NaN, NaN, NaN, NaN, NaN, NaN, NaN, NaN, NaN, NaN, NaN, NaN]	0.0	0.0	0.0
4934.632867817501	2.0	trials	10.0	0.0	0.0	0.0	0.0	0.0	True	10.0	0.0	0.005	[57122728.65987842, 57123886.66436631, 57125044.6688542, 57126203.673345976, 57127362.67783775, NaN, NaN, NaN, NaN, NaN, NaN, NaN, NaN, NaN, NaN, NaN, NaN, NaN, NaN, NaN]	0.0	0.0	0.0
4940.908210537885	2.0	trials	10.0	0.0	0.0	0.0	0.0	0.0	True	10.0	0.0	0.005	[57195358.94136, 57196517.94585176, 57197675.95033965, 57198834.95483142, 57199993.959323205, NaN, NaN, NaN, NaN, NaN, NaN, NaN, NaN, NaN, NaN, NaN, NaN, NaN, NaN, NaN]	0.0	0.0	0.0
4946.313069884669	2.0	trials	10.0	0.0	0.0	0.0	0.0	0.0	True	10.0	0.0	0.005	[57257916.183803104, 57259075.188294865, 57260233.19278276, 57261391.19727066, 57262550.20176242, NaN, NaN, NaN, NaN, NaN, NaN, NaN, NaN, NaN, NaN, NaN, NaN, NaN, NaN, NaN]	0.0	0.0	0.0
4957.091252456018	2.0	trials	10.0	0.0	0.0	0.0	0.0	0.0	True	10.0	0.0	0.005	[57382663.667266995, 57383822.671758756, 57384980.67624665, 57386139.68073842, 57387297.685226314, NaN, NaN, NaN, NaN, NaN, NaN, NaN, NaN, NaN, NaN, NaN, NaN, NaN, NaN, NaN]	0.0	0.0	0.0
4962.327544749513	2.0	trials	10.0	0.0	0.0	0.0	0.0	0.0	True	10.0	0.0	0.005	[57443267.90214115, 57444426.90663291, 57445585.91112468, 57446744.915616445, 57447902.92010433, NaN, NaN, NaN, NaN, NaN, NaN, NaN, NaN, NaN, NaN, NaN, NaN, NaN, NaN, NaN]	0.0	0.0	0.0
4967.775517863387	2.0	trials	10.0	0.0	0.0	0.0	0.0	0.0	True	10.0	0.0	0.005	[57506324.14651815, 57507482.15100604, 57508641.155497804, 57509799.159985706, 57510958.16447747, NaN, NaN, NaN, NaN, NaN, NaN, NaN, NaN, NaN, NaN, NaN, NaN, NaN, NaN, NaN]	0.0	0.0	0.0
5001.8100785659135	2.0	trials	11.0	0.0	0.0	0.0	0.0	0.0	True	20.0	0.0	0.005	[57900241.67316137, 57900821.67540918, 57901400.677653134, 57901980.67990095, 57902559.682144895, 57903137.68438497, 57903717.6866328, 57904297.68888061, 57904876.69112456, 57905454.69336463, NaN, NaN, NaN, NaN, NaN, NaN, NaN, NaN, NaN, NaN]	0.0	0.0	0.0
5008.04913314566	2.0	trials	11.0	0.0	0.0	0.0	0.0	0.0	True	20.0	0.0	0.005	[57972453.95302296, 57973032.95526691, 57973611.95751086, 57974191.95975867, 57974769.961998746, 57975349.96424657, 57975929.96649438, 57976508.96873833, 57977087.97098228, 57977666.97322623, NaN, NaN, NaN, NaN, NaN, NaN, NaN, NaN, NaN, NaN]	0.0	0.0	0.0
5015.999778358756	2.0	trials	11.0	0.0	0.0	0.0	0.0	0.0	True	20.0	0.0	0.005	[58064474.30965155, 58065054.311899364, 58065633.314143315, 58066212.316387266, 58066792.31863508, 58067371.32087903, 58067950.32312298, 58068530.32537079, 58069108.32761087, 58069687.32985481, NaN, NaN, NaN, NaN, NaN, NaN, NaN, NaN, NaN, NaN]	0.0	0.0	0.0
5024.801034868436	2.0	trials	11.0	0.0	0.0	0.0	0.0	0.0	True	20.0	0.0	0.005	[58166340.70443886, 58166919.70668281, 58167499.70893062, 58168078.71117457, 58168657.71341852, 58169236.715662464, 58169816.71791028, 58170396.72015811, 58170975.72240206, 58171554.72464601, NaN, NaN, NaN, NaN, NaN, NaN, NaN, NaN, NaN, NaN]	0.0	0.0	0.0
5032.59555467646	2.0	trials	11.0	0.0	0.0	0.0	0.0	0.0	True	20.0	0.0	0.005	[58256555.05406819, 58257134.05631214, 58257714.058559954, 58258294.06080778, 58258873.06305173, 58259452.06529568, 58260031.06753962, 58260611.06978745, 58261191.07203527, 58261769.07427534, NaN, NaN, NaN, NaN, NaN, NaN, NaN, NaN, NaN, NaN]	0.0	0.0	0.0
5043.227547881245	2.0	trials	11.0	0.0	0.0	0.0	0.0	0.0	True	20.0	0.0	0.005	[58379611.53097852, 58380191.53322633, 58380769.53546642, 58381348.537710354, 58381928.53995818, 58382507.54220213, 58383086.544446066, 58383666.54669389, 58384245.54893784, 58384824.55118179, NaN, NaN, NaN, NaN, NaN, NaN, NaN, NaN, NaN, NaN]	0.0	0.0	0.0
5053.985599174574	2.0	trials	11.0	0.0	0.0	0.0	0.0	0.0	True	20.0	0.0	0.005	[58504126.013539396, 58504705.01578334, 58505284.01802729, 58505863.020271234, 58506442.022515185, 58507022.02476301, 58507601.02700696, 58508181.02925478, 58508760.03149872, 58509339.03374267, NaN, NaN, NaN, NaN, NaN, NaN, NaN, NaN, NaN, NaN]	0.0	0.0	0.0
5061.913866700945	2.0	trials	11.0	0.0	0.0	0.0	0.0	0.0	True	20.0	0.0	0.005	[58595888.3691681, 58596467.37141205, 58597046.37365599, 58597625.37589993, 58598205.378147766, 58598784.38039171, 58599364.38263953, 58599943.38488348, 58600522.38712742, 58601101.38937136, NaN, NaN, NaN, NaN, NaN, NaN, NaN, NaN, NaN, NaN]	0.0	0.0	0.0
5069.861747103326	2.0	trials	11.0	0.0	0.0	0.0	0.0	0.0	True	20.0	0.0	0.005	[58687876.72567268, 58688456.72792049, 58689034.73016057, 58689614.73240839, 58690193.73465233, 58690773.73690015, 58691351.739140235, 58691931.741388045, 58692510.743631996, 58693090.745879814, NaN, NaN, NaN, NaN, NaN, NaN, NaN, NaN, NaN, NaN]	0.0	0.0	0.0
5075.910029743727	2.0	trials	11.0	0.0	0.0	0.0	0.0	0.0	True	20.0	0.0	0.005	[58757880.99697704, 58758459.99922098, 58759038.00146106, 58759618.003708884, 58760198.005956694, 58760776.00819677, 58761355.010440715, 58761935.01268854, 58762514.01493249, 58763094.01718031, NaN, NaN, NaN, NaN, NaN, NaN, NaN, NaN, NaN, NaN]	0.0	0.0	0.0
5086.487504337223	2.0	trials	11.0	0.0	0.0	0.0	0.0	0.0	True	20.0	0.0	0.005	[58880305.47143801, 58880884.47368196, 58881463.47592591, 58882043.478173725, 58882622.48041767, 58883201.48266162, 58883781.48490944, 58884360.48715338, 58884940.489401214, 58885519.49164516, NaN, NaN, NaN, NaN, NaN, NaN, NaN, NaN, NaN, NaN]	0.0	0.0	0.0
5091.864283575182	2.0	trials	11.0	0.0	0.0	0.0	0.0	0.0	True	20.0	0.0	0.005	[58942536.71261769, 58943116.71486551, 58943695.717109464, 58944273.71934953, 58944853.72159735, 58945432.723841295, 58946011.726085246, 58946591.72833306, 58947170.73057701, 58947749.73282096, NaN, NaN, NaN, NaN, NaN, NaN, NaN, NaN, NaN, NaN]	0.0	0.0	0.0
5099.261707444242	2.0	trials	11.0	0.0	0.0	0.0	0.0	0.0	True	20.0	0.0	0.005	[59028153.04442723, 59028734.04667893, 59029312.04891899, 59029892.05116682, 59030471.05341077, 59031050.05565471, 59031629.05789866, 59032209.06014648, 59032788.062390424, 59033368.06463826, NaN, NaN, NaN, NaN, NaN, NaN, NaN, NaN, NaN, NaN]	0.0	0.0	0.0
5109.756237716283	2.0	trials	11.0	0.0	0.0	0.0	0.0	0.0	True	20.0	0.0	0.005	[59149618.51517154, 59150197.51741549, 59150777.51966331, 59151356.521907255, 59151936.52415508, 59152515.52639903, 59153095.52864684, 59153674.53089079, 59154252.53313086, 59154832.53537869, NaN, NaN, NaN, NaN, NaN, NaN, NaN, NaN, NaN, NaN]	0.0	0.0	0.0
5119.910437069357	2.0	trials	11.0	0.0	0.0	0.0	0.0	0.0	True	20.0	0.0	0.005	[59267144.97065005, 59267723.97289399, 59268302.97513794, 59268881.97738189, 59269461.9796297, 59270040.981873654, 59270619.984117605, 59271198.98636155, 59271778.988609366, 59272357.99085332, NaN, NaN, NaN, NaN, NaN, NaN, NaN, NaN, NaN, NaN]	0.0	0.0	0.0
5129.198645866242	2.0	trials	11.0	0.0	0.0	0.0	0.0	0.0	True	20.0	0.0	0.005	[59374647.38727998, 59375226.38952392, 59375805.391767874, 59376384.394011825, 59376964.396259636, 59377543.39850359, 59378122.40074754, 59378701.40299148, 59379281.4052393, 59379860.40748325, NaN, NaN, NaN, NaN, NaN, NaN, NaN, NaN, NaN, NaN]	0.0	0.0	0.0
5136.4324275010995	2.0	trials	11.0	0.0	0.0	0.0	0.0	0.0	True	20.0	0.0	0.005	[59458371.71175697, 59458950.71400091, 59459529.71624486, 59460108.7184888, 59460688.72073664, 59461267.72298059, 59461846.72522451, 59462425.72746846, 59463004.72971241, 59463584.731960244, NaN, NaN, NaN, NaN, NaN, NaN, NaN, NaN, NaN, NaN]	0.0	0.0	0.0
5141.838237251568	2.0	trials	11.0	0.0	0.0	0.0	0.0	0.0	True	20.0	0.0	0.005	[59520938.95423883, 59521517.956482776, 59522096.95872673, 59522675.96097068, 59523255.96321849, 59523834.96546244, 59524413.96770639, 59524992.96995033, 59525572.97219815, 59526151.9744421, NaN, NaN, NaN, NaN, NaN, NaN, NaN, NaN, NaN, NaN]	0.0	0.0	0.0
5152.614519015549	2.0	trials	11.0	0.0	0.0	0.0	0.0	0.0	True	20.0	0.0	0.005	[59645663.43761358, 59646242.43985753, 59646822.44210535, 59647401.44434929, 59647980.44659324, 59648560.448841065, 59649139.451085, 59649718.45332895, 59650297.4555729, 59650877.457820736, NaN, NaN, NaN, NaN, NaN, NaN, NaN, NaN, NaN, NaN]	0.0	0.0	0.0
5158.698657794914	2.0	trials	11.0	0.0	0.0	0.0	0.0	0.0	True	20.0	0.0	0.005	[59716082.7105263, 59716661.71277025, 59717240.715014204, 59717819.71725815, 59718399.719505966, 59718978.72174992, 59719558.72399774, 59720136.72623781, 59720716.72848563, 59721295.73072957, NaN, NaN, NaN, NaN, NaN, NaN, NaN, NaN, NaN, NaN]	0.0	0.0	0.0
5168.234835552815	2.0	trials	11.0	0.0	0.0	0.0	0.0	0.0	True	20.0	0.0	0.005	[59826455.138279095, 59827034.14052303, 59827613.142766975, 59828193.14501481, 59828772.14725875, 59829351.14950269, 59829930.15174664, 59830509.15399059, 59831089.1562384, 59831668.15848235, NaN, NaN, NaN, NaN, NaN, NaN, NaN, NaN, NaN, NaN]	0.0	0.0	0.0
5179.2260813499	2.0	trials	11.0	0.0	0.0	0.0	0.0	0.0	True	20.0	0.0	0.005	[59953668.63130009, 59954247.63354404, 59954826.63578798, 59955405.63803193, 59955984.64027588, 59956564.642523706, 59957142.644763775, 59957722.64701159, 59958302.64925942, 59958881.651503354, NaN, NaN, NaN, NaN, NaN, NaN, NaN, NaN, NaN, NaN]	0.0	0.0	0.0
5189.419247253989	2.0	trials	11.0	0.0	0.0	0.0	0.0	0.0	True	20.0	0.0	0.005	[60071644.08851872, 60072223.09076267, 60072803.09301049, 60073382.09525443, 60073961.09749838, 60074541.099746205, 60075120.101990156, 60075699.10423409, 60076279.10648192, 60076859.10872974, NaN, NaN, NaN, NaN, NaN, NaN, NaN, NaN, NaN, NaN]	0.0	0.0	0.0
5200.303097434858	2.0	trials	11.0	0.0	0.0	0.0	0.0	0.0	True	20.0	0.0	0.005	[60197614.576722406, 60198194.57897024, 60198773.58121418, 60199353.583462, 60199932.58570595, 60200511.587949894, 60201090.590193845, 60201669.59243778, 60202249.59468561, 60202829.596933424, NaN, NaN, NaN, NaN, NaN, NaN, NaN, NaN, NaN, NaN]	0.0	0.0	0.0
5207.424645034747	2.0	trials	11.0	0.0	0.0	0.0	0.0	0.0	True	20.0	0.0	0.005	[60280040.89616892, 60280620.89841675, 60281198.90065681, 60281778.90290465, 60282356.905144714, 60282937.90739641, 60283515.90963648, 60284095.91188431, 60284674.91412825, 60285254.91637608, NaN, NaN, NaN, NaN, NaN, NaN, NaN, NaN, NaN, NaN]	0.0	0.0	0.0
5213.7483719426455	2.0	trials	11.0	0.0	0.0	0.0	0.0	0.0	True	20.0	0.0	0.005	[60353232.17982469, 60353811.18206864, 60354390.18431258, 60354969.186556526, 60355549.18880435, 60356128.191048294, 60356707.193292245, 60357287.19554006, 60357866.19778401, 60358445.20002796, NaN, NaN, NaN, NaN, NaN, NaN, NaN, NaN, NaN, NaN]	0.0	0.0	0.0
5219.724683104118	2.0	trials	11.0	0.0	0.0	0.0	0.0	0.0	True	20.0	0.0	0.005	[60422402.44789684, 60422981.45014079, 60423560.45238473, 60424139.45462868, 60424719.45687651, 60425298.459120445, 60425877.461364396, 60426457.46361222, 60427035.46585228, 60427616.468104, NaN, NaN, NaN, NaN, NaN, NaN, NaN, NaN, NaN, NaN]	0.0	0.0	0.0
5225.563012930837	2.0	trials	11.0	0.0	0.0	0.0	0.0	0.0	True	20.0	0.0	0.005	[60489975.70977974, 60490554.712023675, 60491132.71426376, 60491712.71651157, 60492291.71875552, 60492871.72100334, 60493449.723243415, 60494029.72549123, 60494609.72773907, 60495188.72998301, NaN, NaN, NaN, NaN, NaN, NaN, NaN, NaN, NaN, NaN]	0.0	0.0	0.0
5235.264906530979	2.0	trials	11.0	0.0	0.0	0.0	0.0	0.0	True	20.0	0.0	0.005	[60602265.14496196, 60602845.14720978, 60603424.14945373, 60604003.15169767, 60604583.15394549, 60605162.15618944, 60605741.158433385, 60606320.160677336, 60606899.16292127, 60607479.1651691, NaN, NaN, NaN, NaN, NaN, NaN, NaN, NaN, NaN, NaN]	0.0	0.0	0.0
5241.847920843757	2.0	trials	11.0	0.0	0.0	0.0	0.0	0.0	True	20.0	0.0	0.005	[60678457.44024826, 60679037.44249609, 60679617.44474391, 60680196.44698785, 60680775.4492318, 60681355.45147962, 60681933.45371969, 60682513.455967516, 60683092.45821147, 60683671.4604554, NaN, NaN, NaN, NaN, NaN, NaN, NaN, NaN, NaN, NaN]	0.0	0.0	0.0
5287.506264194794	2.0	trials	12.0	0.0	0.0	0.0	0.0	0.0	True	0.0	0.0	0.0	[NaN, NaN, NaN, NaN, NaN, NaN, NaN, NaN, NaN, NaN, NaN, NaN, NaN, NaN, NaN, NaN, NaN, NaN, NaN, NaN]	0.0	0.0	0.0
5294.970734723698	2.0	trials	12.0	0.0	0.0	0.0	0.0	0.0	True	0.0	0.0	0.0	[NaN, NaN, NaN, NaN, NaN, NaN, NaN, NaN, NaN, NaN, NaN, NaN, NaN, NaN, NaN, NaN, NaN, NaN, NaN, NaN]	0.0	0.0	0.0
5306.598146186273	2.0	trials	12.0	0.0	0.0	0.0	0.0	0.0	True	0.0	0.0	0.0	[NaN, NaN, NaN, NaN, NaN, NaN, NaN, NaN, NaN, NaN, NaN, NaN, NaN, NaN, NaN, NaN, NaN, NaN, NaN, NaN]	0.0	0.0	0.0
5313.37875806485	2.0	trials	12.0	0.0	0.0	0.0	0.0	0.0	True	0.0	0.0	0.0	[NaN, NaN, NaN, NaN, NaN, NaN, NaN, NaN, NaN, NaN, NaN, NaN, NaN, NaN, NaN, NaN, NaN, NaN, NaN, NaN]	0.0	0.0	0.0
5325.139053242422	2.0	trials	12.0	0.0	0.0	0.0	0.0	0.0	True	0.0	0.0	0.0	[NaN, NaN, NaN, NaN, NaN, NaN, NaN, NaN, NaN, NaN, NaN, NaN, NaN, NaN, NaN, NaN, NaN, NaN, NaN, NaN]	0.0	0.0	0.0
5334.54061927863	2.0	trials	12.0	0.0	0.0	0.0	0.0	0.0	True	0.0	0.0	0.0	[NaN, NaN, NaN, NaN, NaN, NaN, NaN, NaN, NaN, NaN, NaN, NaN, NaN, NaN, NaN, NaN, NaN, NaN, NaN, NaN]	0.0	0.0	0.0
5344.41090713139	2.0	trials	12.0	0.0	0.0	0.0	0.0	0.0	True	0.0	0.0	0.0	[NaN, NaN, NaN, NaN, NaN, NaN, NaN, NaN, NaN, NaN, NaN, NaN, NaN, NaN, NaN, NaN, NaN, NaN, NaN, NaN]	0.0	0.0	0.0
5354.305127876904	2.0	trials	12.0	0.0	0.0	0.0	0.0	0.0	True	0.0	0.0	0.0	[NaN, NaN, NaN, NaN, NaN, NaN, NaN, NaN, NaN, NaN, NaN, NaN, NaN, NaN, NaN, NaN, NaN, NaN, NaN, NaN]	0.0	0.0	0.0
5360.72484555682	2.0	trials	12.0	0.0	0.0	0.0	0.0	0.0	True	0.0	0.0	0.0	[NaN, NaN, NaN, NaN, NaN, NaN, NaN, NaN, NaN, NaN, NaN, NaN, NaN, NaN, NaN, NaN, NaN, NaN, NaN, NaN]	0.0	0.0	0.0
5370.613104679228	2.0	trials	12.0	0.0	0.0	0.0	0.0	0.0	True	0.0	0.0	0.0	[NaN, NaN, NaN, NaN, NaN, NaN, NaN, NaN, NaN, NaN, NaN, NaN, NaN, NaN, NaN, NaN, NaN, NaN, NaN, NaN]	0.0	0.0	0.0
5376.895359426399	2.0	trials	12.0	0.0	0.0	0.0	0.0	0.0	True	0.0	0.0	0.0	[NaN, NaN, NaN, NaN, NaN, NaN, NaN, NaN, NaN, NaN, NaN, NaN, NaN, NaN, NaN, NaN, NaN, NaN, NaN, NaN]	0.0	0.0	0.0
5384.1377810947415	2.0	trials	12.0	0.0	0.0	0.0	0.0	0.0	True	0.0	0.0	0.0	[NaN, NaN, NaN, NaN, NaN, NaN, NaN, NaN, NaN, NaN, NaN, NaN, NaN, NaN, NaN, NaN, NaN, NaN, NaN, NaN]	0.0	0.0	0.0
5393.802781751902	2.0	trials	12.0	0.0	0.0	0.0	0.0	0.0	True	0.0	0.0	0.0	[NaN, NaN, NaN, NaN, NaN, NaN, NaN, NaN, NaN, NaN, NaN, NaN, NaN, NaN, NaN, NaN, NaN, NaN, NaN, NaN]	0.0	0.0	0.0
5405.08398707274	2.0	trials	12.0	0.0	0.0	0.0	0.0	0.0	True	0.0	0.0	0.0	[NaN, NaN, NaN, NaN, NaN, NaN, NaN, NaN, NaN, NaN, NaN, NaN, NaN, NaN, NaN, NaN, NaN, NaN, NaN, NaN]	0.0	0.0	0.0
5411.77379219939	2.0	trials	12.0	0.0	0.0	0.0	0.0	0.0	True	0.0	0.0	0.0	[NaN, NaN, NaN, NaN, NaN, NaN, NaN, NaN, NaN, NaN, NaN, NaN, NaN, NaN, NaN, NaN, NaN, NaN, NaN, NaN]	0.0	0.0	0.0
5420.174151155374	2.0	trials	12.0	0.0	0.0	0.0	0.0	0.0	True	0.0	0.0	0.0	[NaN, NaN, NaN, NaN, NaN, NaN, NaN, NaN, NaN, NaN, NaN, NaN, NaN, NaN, NaN, NaN, NaN, NaN, NaN, NaN]	0.0	0.0	0.0
5431.951726399915	2.0	trials	12.0	0.0	0.0	0.0	0.0	0.0	True	0.0	0.0	0.0	[NaN, NaN, NaN, NaN, NaN, NaN, NaN, NaN, NaN, NaN, NaN, NaN, NaN, NaN, NaN, NaN, NaN, NaN, NaN, NaN]	0.0	0.0	0.0
5440.771818182592	2.0	trials	12.0	0.0	0.0	0.0	0.0	0.0	True	0.0	0.0	0.0	[NaN, NaN, NaN, NaN, NaN, NaN, NaN, NaN, NaN, NaN, NaN, NaN, NaN, NaN, NaN, NaN, NaN, NaN, NaN, NaN]	0.0	0.0	0.0
5448.907705713603	2.0	trials	12.0	0.0	0.0	0.0	0.0	0.0	True	0.0	0.0	0.0	[NaN, NaN, NaN, NaN, NaN, NaN, NaN, NaN, NaN, NaN, NaN, NaN, NaN, NaN, NaN, NaN, NaN, NaN, NaN, NaN]	0.0	0.0	0.0
5455.087576063978	2.0	trials	12.0	0.0	0.0	0.0	0.0	0.0	True	0.0	0.0	0.0	[NaN, NaN, NaN, NaN, NaN, NaN, NaN, NaN, NaN, NaN, NaN, NaN, NaN, NaN, NaN, NaN, NaN, NaN, NaN, NaN]	0.0	0.0	0.0
5464.915354951993	2.0	trials	12.0	0.0	0.0	0.0	0.0	0.0	True	0.0	0.0	0.0	[NaN, NaN, NaN, NaN, NaN, NaN, NaN, NaN, NaN, NaN, NaN, NaN, NaN, NaN, NaN, NaN, NaN, NaN, NaN, NaN]	0.0	0.0	0.0
5472.673586619382	2.0	trials	12.0	0.0	0.0	0.0	0.0	0.0	True	0.0	0.0	0.0	[NaN, NaN, NaN, NaN, NaN, NaN, NaN, NaN, NaN, NaN, NaN, NaN, NaN, NaN, NaN, NaN, NaN, NaN, NaN, NaN]	0.0	0.0	0.0
5478.836176902788	2.0	trials	12.0	0.0	0.0	0.0	0.0	0.0	True	0.0	0.0	0.0	[NaN, NaN, NaN, NaN, NaN, NaN, NaN, NaN, NaN, NaN, NaN, NaN, NaN, NaN, NaN, NaN, NaN, NaN, NaN, NaN]	0.0	0.0	0.0
5487.2480271033055	2.0	trials	12.0	0.0	0.0	0.0	0.0	0.0	True	0.0	0.0	0.0	[NaN, NaN, NaN, NaN, NaN, NaN, NaN, NaN, NaN, NaN, NaN, NaN, NaN, NaN, NaN, NaN, NaN, NaN, NaN, NaN]	0.0	0.0	0.0
5495.449838089806	2.0	trials	12.0	0.0	0.0	0.0	0.0	0.0	True	0.0	0.0	0.0	[NaN, NaN, NaN, NaN, NaN, NaN, NaN, NaN, NaN, NaN, NaN, NaN, NaN, NaN, NaN, NaN, NaN, NaN, NaN, NaN]	0.0	0.0	0.0
5507.1505170363325	2.0	trials	12.0	0.0	0.0	0.0	0.0	0.0	True	0.0	0.0	0.0	[NaN, NaN, NaN, NaN, NaN, NaN, NaN, NaN, NaN, NaN, NaN, NaN, NaN, NaN, NaN, NaN, NaN, NaN, NaN, NaN]	0.0	0.0	0.0
5513.695688002447	2.0	trials	12.0	0.0	0.0	0.0	0.0	0.0	True	0.0	0.0	0.0	[NaN, NaN, NaN, NaN, NaN, NaN, NaN, NaN, NaN, NaN, NaN, NaN, NaN, NaN, NaN, NaN, NaN, NaN, NaN, NaN]	0.0	0.0	0.0
5520.289847958422	2.0	trials	12.0	0.0	0.0	0.0	0.0	0.0	True	0.0	0.0	0.0	[NaN, NaN, NaN, NaN, NaN, NaN, NaN, NaN, NaN, NaN, NaN, NaN, NaN, NaN, NaN, NaN, NaN, NaN, NaN, NaN]	0.0	0.0	0.0
5531.2339191726805	2.0	trials	12.0	0.0	0.0	0.0	0.0	0.0	True	0.0	0.0	0.0	[NaN, NaN, NaN, NaN, NaN, NaN, NaN, NaN, NaN, NaN, NaN, NaN, NaN, NaN, NaN, NaN, NaN, NaN, NaN, NaN]	0.0	0.0	0.0
5542.789877558335	2.0	trials	12.0	0.0	0.0	0.0	0.0	0.0	True	0.0	0.0	0.0	[NaN, NaN, NaN, NaN, NaN, NaN, NaN, NaN, NaN, NaN, NaN, NaN, NaN, NaN, NaN, NaN, NaN, NaN, NaN, NaN]	0.0	0.0	0.0
