onset	duration	nwb_table	Block	sound	sound_puretone	sound_bluenoise	sound_freq	sound_amp	optogenetics	opto_freq	opto_power	opto_pulse_duration	opto_pulse_ts	airpuff	airpuff_duration	airpuff_amp
341.10152266146554	2.0	trials	1.0	1.0	1.0	0.0	10000.0	1.0	False	0.0	0.0	0.0	"[nan nan nan nan nan nan nan nan nan nan nan nan nan nan nan nan nan nan
 nan nan]"	0.0	0.0	0.0
351.1095491508794	2.0	trials	1.0	1.0	1.0	0.0	10000.0	1.0	False	0.0	0.0	0.0	"[nan nan nan nan nan nan nan nan nan nan nan nan nan nan nan nan nan nan
 nan nan]"	0.0	0.0	0.0
362.12007172397045	2.0	trials	1.0	1.0	1.0	0.0	10000.0	1.0	False	0.0	0.0	0.0	"[nan nan nan nan nan nan nan nan nan nan nan nan nan nan nan nan nan nan
 nan nan]"	0.0	0.0	0.0
367.6573441110075	2.0	trials	1.0	1.0	1.0	0.0	10000.0	1.0	False	0.0	0.0	0.0	"[nan nan nan nan nan nan nan nan nan nan nan nan nan nan nan nan nan nan
 nan nan]"	0.0	0.0	0.0
375.63748250424027	2.0	trials	1.0	1.0	1.0	0.0	10000.0	1.0	False	0.0	0.0	0.0	"[nan nan nan nan nan nan nan nan nan nan nan nan nan nan nan nan nan nan
 nan nan]"	0.0	0.0	0.0
385.77640458675677	2.0	trials	1.0	1.0	1.0	0.0	10000.0	1.0	False	0.0	0.0	0.0	"[nan nan nan nan nan nan nan nan nan nan nan nan nan nan nan nan nan nan
 nan nan]"	0.0	0.0	0.0
394.3865698215113	2.0	trials	1.0	1.0	1.0	0.0	10000.0	1.0	False	0.0	0.0	0.0	"[nan nan nan nan nan nan nan nan nan nan nan nan nan nan nan nan nan nan
 nan nan]"	0.0	0.0	0.0
400.7296061037799	2.0	trials	1.0	1.0	1.0	0.0	10000.0	1.0	False	0.0	0.0	0.0	"[nan nan nan nan nan nan nan nan nan nan nan nan nan nan nan nan nan nan
 nan nan]"	0.0	0.0	0.0
406.7663553381614	2.0	trials	1.0	1.0	1.0	0.0	10000.0	1.0	False	0.0	0.0	0.0	"[nan nan nan nan nan nan nan nan nan nan nan nan nan nan nan nan nan nan
 nan nan]"	0.0	0.0	0.0
414.37964047178093	2.0	trials	1.0	1.0	1.0	0.0	10000.0	1.0	False	0.0	0.0	0.0	"[nan nan nan nan nan nan nan nan nan nan nan nan nan nan nan nan nan nan
 nan nan]"	0.0	0.0	0.0
420.745745482339	2.0	trials	1.0	1.0	1.0	0.0	10000.0	1.0	False	0.0	0.0	0.0	"[nan nan nan nan nan nan nan nan nan nan nan nan nan nan nan nan nan nan
 nan nan]"	0.0	0.0	0.0
428.5936922864978	2.0	trials	1.0	1.0	1.0	0.0	10000.0	1.0	False	0.0	0.0	0.0	"[nan nan nan nan nan nan nan nan nan nan nan nan nan nan nan nan nan nan
 nan nan]"	0.0	0.0	0.0
438.50633347242297	2.0	trials	1.0	1.0	1.0	0.0	10000.0	1.0	False	0.0	0.0	0.0	"[nan nan nan nan nan nan nan nan nan nan nan nan nan nan nan nan nan nan
 nan nan]"	0.0	0.0	0.0
448.15364108315435	2.0	trials	1.0	1.0	1.0	0.0	10000.0	1.0	False	0.0	0.0	0.0	"[nan nan nan nan nan nan nan nan nan nan nan nan nan nan nan nan nan nan
 nan nan]"	0.0	0.0	0.0
458.2215425864428	2.0	trials	1.0	1.0	1.0	0.0	10000.0	1.0	False	0.0	0.0	0.0	"[nan nan nan nan nan nan nan nan nan nan nan nan nan nan nan nan nan nan
 nan nan]"	0.0	0.0	0.0
464.71413680380124	2.0	trials	1.0	1.0	1.0	0.0	10000.0	1.0	False	0.0	0.0	0.0	"[nan nan nan nan nan nan nan nan nan nan nan nan nan nan nan nan nan nan
 nan nan]"	0.0	0.0	0.0
472.6279202033027	2.0	trials	1.0	1.0	1.0	0.0	10000.0	1.0	False	0.0	0.0	0.0	"[nan nan nan nan nan nan nan nan nan nan nan nan nan nan nan nan nan nan
 nan nan]"	0.0	0.0	0.0
481.9035361694613	2.0	trials	1.0	1.0	1.0	0.0	10000.0	1.0	False	0.0	0.0	0.0	"[nan nan nan nan nan nan nan nan nan nan nan nan nan nan nan nan nan nan
 nan nan]"	0.0	0.0	0.0
491.98992721527384	2.0	trials	1.0	1.0	1.0	0.0	10000.0	1.0	False	0.0	0.0	0.0	"[nan nan nan nan nan nan nan nan nan nan nan nan nan nan nan nan nan nan
 nan nan]"	0.0	0.0	0.0
497.84774260588273	2.0	trials	1.0	1.0	1.0	0.0	10000.0	1.0	False	0.0	0.0	0.0	"[nan nan nan nan nan nan nan nan nan nan nan nan nan nan nan nan nan nan
 nan nan]"	0.0	0.0	0.0
506.67770875737193	2.0	trials	1.0	1.0	1.0	0.0	10000.0	1.0	False	0.0	0.0	0.0	"[nan nan nan nan nan nan nan nan nan nan nan nan nan nan nan nan nan nan
 nan nan]"	0.0	0.0	0.0
514.6637223323414	2.0	trials	1.0	1.0	1.0	0.0	10000.0	1.0	False	0.0	0.0	0.0	"[nan nan nan nan nan nan nan nan nan nan nan nan nan nan nan nan nan nan
 nan nan]"	0.0	0.0	0.0
520.039772820547	2.0	trials	1.0	1.0	1.0	0.0	10000.0	1.0	False	0.0	0.0	0.0	"[nan nan nan nan nan nan nan nan nan nan nan nan nan nan nan nan nan nan
 nan nan]"	0.0	0.0	0.0
527.2401536377057	2.0	trials	1.0	1.0	1.0	0.0	10000.0	1.0	False	0.0	0.0	0.0	"[nan nan nan nan nan nan nan nan nan nan nan nan nan nan nan nan nan nan
 nan nan]"	0.0	0.0	0.0
534.6739001294325	2.0	trials	1.0	1.0	1.0	0.0	10000.0	1.0	False	0.0	0.0	0.0	"[nan nan nan nan nan nan nan nan nan nan nan nan nan nan nan nan nan nan
 nan nan]"	0.0	0.0	0.0
542.7932284899845	2.0	trials	1.0	1.0	1.0	0.0	10000.0	1.0	False	0.0	0.0	0.0	"[nan nan nan nan nan nan nan nan nan nan nan nan nan nan nan nan nan nan
 nan nan]"	0.0	0.0	0.0
548.0597241187482	2.0	trials	1.0	1.0	1.0	0.0	10000.0	1.0	False	0.0	0.0	0.0	"[nan nan nan nan nan nan nan nan nan nan nan nan nan nan nan nan nan nan
 nan nan]"	0.0	0.0	0.0
558.2300093037705	2.0	trials	1.0	1.0	1.0	0.0	10000.0	1.0	False	0.0	0.0	0.0	"[nan nan nan nan nan nan nan nan nan nan nan nan nan nan nan nan nan nan
 nan nan]"	0.0	0.0	0.0
564.9981322646304	2.0	trials	1.0	1.0	1.0	0.0	10000.0	1.0	False	0.0	0.0	0.0	"[nan nan nan nan nan nan nan nan nan nan nan nan nan nan nan nan nan nan
 nan nan]"	0.0	0.0	0.0
575.4868868596703	2.0	trials	1.0	1.0	1.0	0.0	10000.0	1.0	False	0.0	0.0	0.0	"[nan nan nan nan nan nan nan nan nan nan nan nan nan nan nan nan nan nan
 nan nan]"	0.0	0.0	0.0
585.7518661503301	2.0	trials	1.0	1.0	1.0	0.0	10000.0	1.0	False	0.0	0.0	0.0	"[nan nan nan nan nan nan nan nan nan nan nan nan nan nan nan nan nan nan
 nan nan]"	0.0	0.0	0.0
592.6204719988324	2.0	trials	1.0	1.0	1.0	0.0	10000.0	1.0	False	0.0	0.0	0.0	"[nan nan nan nan nan nan nan nan nan nan nan nan nan nan nan nan nan nan
 nan nan]"	0.0	0.0	0.0
598.362511749337	2.0	trials	1.0	1.0	1.0	0.0	10000.0	1.0	False	0.0	0.0	0.0	"[nan nan nan nan nan nan nan nan nan nan nan nan nan nan nan nan nan nan
 nan nan]"	0.0	0.0	0.0
607.5077505207814	2.0	trials	1.0	1.0	1.0	0.0	10000.0	1.0	False	0.0	0.0	0.0	"[nan nan nan nan nan nan nan nan nan nan nan nan nan nan nan nan nan nan
 nan nan]"	0.0	0.0	0.0
615.6322628652186	2.0	trials	1.0	1.0	1.0	0.0	10000.0	1.0	False	0.0	0.0	0.0	"[nan nan nan nan nan nan nan nan nan nan nan nan nan nan nan nan nan nan
 nan nan]"	0.0	0.0	0.0
621.9977630776567	2.0	trials	1.0	1.0	1.0	0.0	10000.0	1.0	False	0.0	0.0	0.0	"[nan nan nan nan nan nan nan nan nan nan nan nan nan nan nan nan nan nan
 nan nan]"	0.0	0.0	0.0
628.4661653702173	2.0	trials	1.0	1.0	1.0	0.0	10000.0	1.0	False	0.0	0.0	0.0	"[nan nan nan nan nan nan nan nan nan nan nan nan nan nan nan nan nan nan
 nan nan]"	0.0	0.0	0.0
638.4198464285673	2.0	trials	1.0	1.0	1.0	0.0	10000.0	1.0	False	0.0	0.0	0.0	"[nan nan nan nan nan nan nan nan nan nan nan nan nan nan nan nan nan nan
 nan nan]"	0.0	0.0	0.0
646.7407453625244	2.0	trials	1.0	1.0	1.0	0.0	10000.0	1.0	False	0.0	0.0	0.0	"[nan nan nan nan nan nan nan nan nan nan nan nan nan nan nan nan nan nan
 nan nan]"	0.0	0.0	0.0
656.6720488904364	2.0	trials	1.0	1.0	1.0	0.0	10000.0	1.0	False	0.0	0.0	0.0	"[nan nan nan nan nan nan nan nan nan nan nan nan nan nan nan nan nan nan
 nan nan]"	0.0	0.0	0.0
662.9420773996544	2.0	trials	1.0	1.0	1.0	0.0	10000.0	1.0	False	0.0	0.0	0.0	"[nan nan nan nan nan nan nan nan nan nan nan nan nan nan nan nan nan nan
 nan nan]"	0.0	0.0	0.0
673.8741490166153	2.0	trials	1.0	1.0	1.0	0.0	10000.0	1.0	False	0.0	0.0	0.0	"[nan nan nan nan nan nan nan nan nan nan nan nan nan nan nan nan nan nan
 nan nan]"	0.0	0.0	0.0
683.2045424124947	2.0	trials	1.0	1.0	1.0	0.0	10000.0	1.0	False	0.0	0.0	0.0	"[nan nan nan nan nan nan nan nan nan nan nan nan nan nan nan nan nan nan
 nan nan]"	0.0	0.0	0.0
690.0800602395108	2.0	trials	1.0	1.0	1.0	0.0	10000.0	1.0	False	0.0	0.0	0.0	"[nan nan nan nan nan nan nan nan nan nan nan nan nan nan nan nan nan nan
 nan nan]"	0.0	0.0	0.0
697.273961076813	2.0	trials	1.0	1.0	1.0	0.0	10000.0	1.0	False	0.0	0.0	0.0	"[nan nan nan nan nan nan nan nan nan nan nan nan nan nan nan nan nan nan
 nan nan]"	0.0	0.0	0.0
707.1620647390146	2.0	trials	1.0	1.0	1.0	0.0	10000.0	1.0	False	0.0	0.0	0.0	"[nan nan nan nan nan nan nan nan nan nan nan nan nan nan nan nan nan nan
 nan nan]"	0.0	0.0	0.0
714.5601281416644	2.0	trials	1.0	1.0	1.0	0.0	10000.0	1.0	False	0.0	0.0	0.0	"[nan nan nan nan nan nan nan nan nan nan nan nan nan nan nan nan nan nan
 nan nan]"	0.0	0.0	0.0
720.278148766834	2.0	trials	1.0	1.0	1.0	0.0	10000.0	1.0	False	0.0	0.0	0.0	"[nan nan nan nan nan nan nan nan nan nan nan nan nan nan nan nan nan nan
 nan nan]"	0.0	0.0	0.0
731.1325470252475	2.0	trials	1.0	1.0	1.0	0.0	10000.0	1.0	False	0.0	0.0	0.0	"[nan nan nan nan nan nan nan nan nan nan nan nan nan nan nan nan nan nan
 nan nan]"	0.0	0.0	0.0
739.8890734050289	2.0	trials	1.0	1.0	1.0	0.0	10000.0	1.0	False	0.0	0.0	0.0	"[nan nan nan nan nan nan nan nan nan nan nan nan nan nan nan nan nan nan
 nan nan]"	0.0	0.0	0.0
830.2936051767985	2.0	trials	2.0	1.0	1.0	0.0	10000.0	1.0	True	40.0	0.0	0.005	"[9617991.66426813 9618280.66336976 9618570.66246828 9618860.6615668
 9619149.66066842 9619440.65976383 9619729.65886546 9620019.65796397
 9620308.6570656  9620598.65616412 9620888.65526264 9621176.65436737
 9621466.65346589 9621757.6525613  9622046.65166292 9622336.65076144
 9622626.64985996 9622915.64896158 9623204.64806321 9623494.64716173]"	0.0	0.0	0.0
840.607573115174	2.0	trials	2.0	1.0	1.0	0.0	10000.0	1.0	True	40.0	0.0	0.005	"[9737365.29318686 9737655.29228538 9737945.29138389 9738235.29048241
 9738524.28958404 9738814.28868256 9739103.28778418 9739393.2868827
 9739682.28598433 9739971.28508595 9740262.28418136 9740551.28328299
 9740841.2823815  9741131.28148002 9741421.28057854 9741710.27968017
 9741999.27878179 9742289.27788031 9742579.27697883 9742869.27607735]"	0.0	0.0	0.0
850.9324274197082	2.0	trials	2.0	1.0	1.0	0.0	10000.0	1.0	True	40.0	0.0	0.005	"[9856865.9217108  9857155.92080932 9857444.91991094 9857735.91900635
 9858024.91810798 9858315.91720339 9858604.91630501 9858893.91540664
 9859182.91450826 9859473.91360367 9859763.91270219 9860052.91180382
 9860341.91090544 9860631.91000396 9860921.90910248 9861210.9082041
 9861500.90730262 9861789.90640425 9862080.90549966 9862369.90460128]"	0.0	0.0	0.0
856.9363447561497	2.0	trials	2.0	1.0	1.0	0.0	10000.0	1.0	True	40.0	0.0	0.005	"[9926355.70569695 9926645.70479546 9926935.70389398 9927224.70299561
 9927513.70209723 9927804.70119264 9928093.70029427 9928383.69939279
 9928672.69849441 9928962.69759293 9929251.69669455 9929542.69578996
 9929830.6948947  9930121.69399011 9930410.69309174 9930700.69219025
 9930989.69129188 9931279.6903904  9931568.68949202 9931859.68858743]"	0.0	0.0	0.0
863.5277802662539	2.0	trials	2.0	1.0	1.0	0.0	10000.0	1.0	True	40.0	0.0	0.005	"[10002645.46854488 10002935.4676434  10003225.46674192 10003515.46584044
 10003804.46494206 10004093.46404369 10004384.4631391  10004673.46224072
 10004963.46133924 10005252.46044087 10005542.45953939 10005831.45864101
 10006121.45773953 10006412.45683494 10006700.45593967 10006990.45503819
 10007281.4541336  10007570.45323522 10007859.45233685 10008149.45143537]"	0.0	0.0	0.0
870.5056817750036	2.0	trials	2.0	1.0	1.0	0.0	10000.0	1.0	True	40.0	0.0	0.005	"[10083409.21748512 10083698.21658675 10083987.21568837 10084278.21478378
 10084567.21388541 10084856.21298704 10085147.21208245 10085435.21118718
 10085725.2102857  10086016.20938111 10086304.20848584 10086595.20758125
 10086884.20668288 10087173.2057845  10087464.20487991 10087753.20398154
 10088043.20308005 10088333.20217857 10088621.20128331 10088912.20037872]"	0.0	0.0	0.0
881.3263841381629	2.0	trials	2.0	1.0	1.0	0.0	10000.0	1.0	True	40.0	0.0	0.005	"[10208648.82816903 10208937.82727066 10209227.82636918 10209517.82546769
 10209807.82456621 10210096.82366784 10210386.82276636 10210676.82186487
 10210966.82096339 10211255.82006502 10211544.81916665 10211834.81826516
 10212124.81736368 10212413.81646531 10212702.81556693 10212992.81466545
 10213282.81376397 10213572.81286249 10213861.81196411 10214152.81105952]"	0.0	0.0	0.0
887.2144394347688	2.0	trials	2.0	1.0	1.0	0.0	10000.0	1.0	True	40.0	0.0	0.005	"[10276796.61632687 10277085.6154285  10277376.6145239  10277665.61362553
 10277955.61272405 10278244.61182567 10278534.61092419 10278823.61002582
 10279113.60912434 10279403.60822285 10279692.60732448 10279982.606423
 10280272.60552151 10280562.60462003 10280852.60371855 10281141.60282017
 10281431.60191869 10281720.60102032 10282009.60012195 10282299.59922046]"	0.0	0.0	0.0
893.959839266265	2.0	trials	2.0	1.0	1.0	0.0	10000.0	1.0	True	40.0	0.0	0.005	"[10354869.37363224 10355159.37273076 10355448.37183239 10355738.3709309
 10356028.37002942 10356317.36913105 10356607.36822957 10356896.36733119
 10357186.36642971 10357475.36553134 10357764.36463296 10358056.36372526
 10358344.36283    10358634.36192852 10358924.36102703 10359214.36012555
 10359503.35922718 10359793.35832569 10360082.35742732 10360373.35652273]"	0.0	0.0	0.0
902.1437946259198	2.0	trials	2.0	1.0	1.0	0.0	10000.0	1.0	True	40.0	0.0	0.005	"[10449590.07918631 10449880.07828482 10450169.07738645 10450459.07648497
 10450749.07558349 10451039.074682   10451328.07378363 10451618.07288215
 10451908.07198066 10452198.07107918 10452487.07018081 10452776.06928243
 10453066.06838095 10453355.06748258 10453645.06658109 10453935.06567961
 10454224.06478124 10454514.06387976 10454804.06297827 10455094.06207679]"	0.0	0.0	0.0
907.8257865630869	2.0	trials	2.0	1.0	1.0	0.0	10000.0	1.0	True	40.0	0.0	0.005	"[10515354.87475184 10515643.87385347 10515933.87295198 10516222.87205361
 10516512.87115213 10516802.87025065 10517092.86934916 10517381.86845079
 10517672.8675462  10517961.86664782 10518250.86574945 10518539.86485108
 10518830.86394648 10519120.863045   10519409.86214663 10519699.86124515
 10519988.86034677 10520277.8594484  10520568.85854381 10520858.85764232]"	0.0	0.0	0.0
913.2800288082282	2.0	trials	2.0	1.0	1.0	0.0	10000.0	1.0	True	40.0	0.0	0.005	"[10578482.67851465 10578771.67761627 10579060.6767179  10579351.67581331
 10579641.67491183 10579930.67401345 10580220.67311197 10580509.6722136
 10580799.67131211 10581088.67041374 10581378.66951226 10581668.66861077
 10581958.66770929 10582247.66681092 10582537.66590944 10582826.66501106
 10583115.66411269 10583406.6632081  10583696.66230661 10583985.66140824]"	0.0	0.0	0.0
920.6600346670111	2.0	trials	2.0	1.0	1.0	0.0	10000.0	1.0	True	40.0	0.0	0.005	"[10663899.41299076 10664189.41208927 10664479.41118779 10664768.41028942
 10665058.40938793 10665347.40848956 10665636.40759119 10665927.4066866
 10666216.40578822 10666506.40488674 10666795.40398837 10667085.40308688
 10667374.40218851 10667664.40128702 10667954.40038554 10668244.39948406
 10668533.39858569 10668823.39768421 10669112.39678583 10669402.39588435]"	0.0	0.0	0.0
927.2117263006616	2.0	trials	2.0	1.0	1.0	0.0	10000.0	1.0	True	40.0	0.0	0.005	"[10739729.17726863 10740019.17636715 10740308.17546877 10740598.17456729
 10740887.17366892 10741177.17276744 10741466.17186906 10741756.17096758
 10742046.1700661  10742336.16916461 10742625.16826624 10742916.16736165
 10743204.16646638 10743495.16556179 10743784.16466342 10744073.16376504
 10744363.16286356 10744652.16196519 10744943.1610606  10745231.16016533]"	0.0	0.0	0.0
937.0877340004641	2.0	trials	2.0	1.0	1.0	0.0	10000.0	1.0	True	40.0	0.0	0.005	"[10854034.82194154 10854323.82104317 10854613.82014168 10854904.81923709
 10855192.81834183 10855481.81744345 10855772.81653886 10856061.81564049
 10856350.81474211 10856641.81383752 10856931.81293604 10857220.81203767
 10857509.81113929 10857799.81023781 10858089.80933633 10858378.80843795
 10858668.80753647 10858957.8066381  10859247.80573662 10859537.80483513]"	0.0	0.0	0.0
945.2957084854542	2.0	trials	2.0	1.0	1.0	0.0	10000.0	1.0	True	40.0	0.0	0.005	"[10949033.52663142 10949322.52573305 10949613.52482846 10949902.52393009
 10950192.5230286  10950481.52213023 10950772.52122564 10951060.52033037
 10951350.51942889 10951641.5185243  10951930.51762593 10952220.51672444
 10952509.51582607 10952799.51492459 10953089.5140231  10953378.51312473
 10953667.51222635 10953957.51132487 10954246.5104265  10954536.50952502]"	0.0	0.0	0.0
952.622146510756	2.0	trials	2.0	1.0	1.0	0.0	10000.0	1.0	True	40.0	0.0	0.005	"[11033830.26303484 11034121.26213025 11034410.26123187 11034700.26033039
 11034989.25943202 11035279.25853053 11035569.25762905 11035858.25673068
 11036148.2558292  11036438.25492771 11036727.25402934 11037017.25312786
 11037306.25222948 11037596.251328   11037885.25042963 11038176.24952504
 11038465.24862666 11038754.24772829 11039044.24682681 11039334.24592532]"	0.0	0.0	0.0
958.3697158440716	2.0	trials	2.0	1.0	1.0	0.0	10000.0	1.0	True	40.0	0.0	0.005	"[11100353.05624408 11100643.0553426  11100933.05444112 11101222.05354274
 11101511.05264437 11101801.05174289 11102090.05084451 11102381.04993992
 11102670.04904155 11102959.04814317 11103250.04723858 11103540.0463371
 11103828.04544184 11104119.04453725 11104408.04363887 11104698.04273739
 11104988.04183591 11105277.04093753 11105566.04003916 11105856.03913768]"	0.0	0.0	0.0
963.8541115954789	2.0	trials	2.0	1.0	1.0	0.0	10000.0	1.0	True	40.0	0.0	0.005	"[11163829.858922   11164120.85801741 11164408.85712215 11164698.85622066
 11164988.85531918 11165277.85442081 11165568.85351622 11165857.85261784
 11166146.85171947 11166436.85081799 11166726.8499165  11167015.84901813
 11167306.84811354 11167594.84721827 11167885.84631368 11168173.84541842
 11168464.84451383 11168754.84361234 11169043.84271397 11169332.8418156 ]"	0.0	0.0	0.0
970.0937273992369	2.0	trials	2.0	1.0	1.0	0.0	10000.0	1.0	True	40.0	0.0	0.005	"[11236048.63442489 11236337.63352652 11236627.63262503 11236917.63172355
 11237206.63082518 11237496.6299237  11237785.62902532 11238075.62812384
 11238365.62722236 11238655.62632087 11238943.62542561 11239234.62452102
 11239523.62362264 11239813.62272116 11240103.62181968 11240392.6209213
 11240682.62001982 11240972.61911834 11241261.61821997 11241550.61732159]"	0.0	0.0	0.0
977.5878673032269	2.0	trials	2.0	1.0	1.0	0.0	10000.0	1.0	True	40.0	0.0	0.005	"[11322785.3647977  11323075.36389622 11323364.36299784 11323655.36209325
 11323943.36119799 11324234.3602934  11324523.35939502 11324813.35849354
 11325103.35759206 11325392.35669368 11325681.35579531 11325971.35489382
 11326260.35399545 11326551.35309086 11326840.35219249 11327129.35129411
 11327420.35038952 11327709.34949115 11327999.34858966 11328288.34769129]"	0.0	0.0	0.0
988.1060842066815	2.0	trials	2.0	1.0	1.0	0.0	10000.0	1.0	True	40.0	0.0	0.005	"[11444524.98636157 11444813.9854632  11445103.98456171 11445392.98366334
 11445683.98275875 11445972.98186038 11446261.980962   11446551.98006052
 11446841.97915904 11447130.97826066 11447420.97735918 11447710.9764577
 11448000.97555622 11448289.97465784 11448578.97375947 11448868.97285799
 11449158.9719565  11449447.97105813 11449737.97015665 11450027.96925516]"	0.0	0.0	0.0
994.3279016657665	2.0	trials	2.0	1.0	1.0	0.0	10000.0	1.0	True	40.0	0.0	0.005	"[11516535.76251104 11516825.76160956 11517114.76071118 11517405.75980659
 11517694.75890822 11517983.75800984 11518273.75710836 11518563.75620688
 11518853.7553054  11519142.75440702 11519432.75350554 11519721.75260716
 11520011.75170568 11520300.75080731 11520590.74990582 11520880.74900434
 11521170.74810286 11521460.74720138 11521749.74630301 11522038.74540463]"	0.0	0.0	0.0
1002.2228499238184	2.0	trials	2.0	1.0	1.0	0.0	10000.0	1.0	True	40.0	0.0	0.005	"[11607913.47845702 11608202.47755864 11608492.47665716 11608782.47575568
 11609072.4748542  11609361.47395582 11609651.47305434 11609941.47215286
 11610230.47125448 11610519.47035611 11610809.46945463 11611099.46855314
 11611388.46765477 11611678.46675329 11611969.4658487  11612258.46495032
 11612547.46405195 11612837.46315047 11613126.46225209 11613416.46135061]"	0.0	0.0	0.0
1010.5099665627897	2.0	trials	2.0	1.0	1.0	0.0	10000.0	1.0	True	40.0	0.0	0.005	"[11703829.18029635 11704118.17939798 11704409.17849339 11704698.17759501
 11704988.17669353 11705277.17579516 11705567.17489367 11705856.1739953
 11706146.17309382 11706435.17219544 11706726.17129085 11707015.17039248
 11707304.1694941  11707594.16859262 11707883.16769425 11708174.16678966
 11708464.16588818 11708752.16499291 11709042.16409143 11709332.16318994]"	0.0	0.0	0.0
1017.0920709019002	2.0	trials	2.0	1.0	1.0	0.0	10000.0	1.0	True	40.0	0.0	0.005	"[11780010.94348001 11780299.94258164 11780589.94168016 11780879.94077867
 11781168.9398803  11781458.93897882 11781747.93808044 11782037.93717896
 11782327.93627748 11782616.9353791  11782906.93447762 11783196.93357614
 11783486.93267466 11783775.93177628 11784065.9308748  11784353.92997953
 11784644.92907494 11784934.92817346 11785223.92727509 11785513.9263736 ]"	0.0	0.0	0.0
1024.948484879738	2.0	trials	2.0	1.0	1.0	0.0	10000.0	1.0	True	40.0	0.0	0.005	"[11870941.66081552 11871230.65991714 11871521.65901255 11871810.65811418
 11872100.6572127  11872389.65631432 11872679.65541284 11872969.65451136
 11873259.65360988 11873547.65271461 11873837.65181313 11874127.65091164
 11874416.65001327 11874706.64911179 11874996.64821031 11875285.64731193
 11875575.64641045 11875864.64551207 11876155.64460748 11876443.64371222]"	0.0	0.0	0.0
1033.3343564117238	2.0	trials	2.0	1.0	1.0	0.0	10000.0	1.0	True	40.0	0.0	0.005	"[11967999.35910487 11968289.35820339 11968578.35730502 11968868.35640354
 11969157.35550516 11969448.35460057 11969738.35369909 11970027.35280072
 11970317.35189923 11970605.35100397 11970895.35010248 11971185.349201
 11971475.34829952 11971764.34740115 11972054.34649966 11972344.34559818
 11972633.34469981 11972923.34379833 11973213.34289684 11973503.34199536]"	0.0	0.0	0.0
1044.0437759208128	2.0	trials	2.0	1.0	1.0	0.0	10000.0	1.0	True	40.0	0.0	0.005	"[12091951.9737895  12092240.97289113 12092530.97198965 12092820.97108817
 12093109.97018979 12093399.96928831 12093689.96838683 12093978.96748845
 12094268.96658697 12094558.96568549 12094847.96478711 12095137.96388563
 12095427.96298415 12095717.96208266 12096006.96118429 12096296.96028281
 12096586.95938133 12096875.95848295 12097164.95758458 12097454.9566831 ]"	0.0	0.0	0.0
1051.106521965818	2.0	trials	2.0	1.0	1.0	0.0	10000.0	1.0	True	40.0	0.0	0.005	"[12173696.71968024 12173986.71877876 12174275.71788039 12174565.71697891
 12174854.71608053 12175144.71517905 12175433.71428068 12175723.71337919
 12176013.71247771 12176303.71157623 12176592.71067785 12176881.70977948
 12177171.708878   12177461.70797652 12177751.70707503 12178040.70617666
 12178330.70527518 12178619.7043768  12178910.70347221 12179199.70257384]"	0.0	0.0	0.0
1060.876257995973	2.0	trials	2.0	1.0	1.0	0.0	10000.0	1.0	True	40.0	0.0	0.005	"[12286772.36817668 12287061.36727831 12287351.36637683 12287640.36547845
 12287929.36458008 12288219.3636786  12288509.36277712 12288799.36187563
 12289088.36097726 12289379.36007267 12289667.35917741 12289958.35827281
 12290247.35737444 12290536.35647606 12290826.35557458 12291116.3546731
 12291406.35377162 12291695.35287324 12291985.35197176 12292274.35107338]"	0.0	0.0	0.0
1066.2502348906241	2.0	trials	2.0	1.0	1.0	0.0	10000.0	1.0	True	40.0	0.0	0.005	"[12348970.17483045 12349260.17392897 12349550.17302749 12349839.17212911
 12350128.17123074 12350418.17032926 12350708.16942777 12350998.16852629
 12351287.16762792 12351578.16672333 12351867.16582495 12352156.16492658
 12352446.1640251  12352736.16312362 12353024.16222835 12353314.16132687
 12353604.16042539 12353894.1595239  12354184.15862242 12354473.15772405]"	0.0	0.0	0.0
1074.9860253348647	2.0	trials	2.0	1.0	1.0	0.0	10000.0	1.0	True	40.0	0.0	0.005	"[12450079.86052393 12450368.85962555 12450658.85872407 12450947.85782569
 12451238.8569211  12451526.85602584 12451816.85512435 12452107.85421976
 12452395.8533245  12452685.85242302 12452975.85152153 12453265.85062005
 12453555.84971857 12453845.84881709 12454134.84791871 12454423.84702034
 12454713.84611885 12455002.84522048 12455291.84432211 12455581.84342062]"	0.0	0.0	0.0
1084.6531184840915	2.0	trials	2.0	1.0	1.0	0.0	10000.0	1.0	True	40.0	0.0	0.005	"[12561967.51271333 12562257.51181185 12562547.51091037 12562836.51001199
 12563126.50911051 12563416.50820903 12563705.50731065 12563994.50641228
 12564284.5055108  12564574.50460932 12564864.50370784 12565153.50280946
 12565443.50190798 12565732.5010096  12566022.50010812 12566312.49920664
 12566601.49830827 12566891.49740678 12567181.4965053  12567470.49560693]"	0.0	0.0	0.0
1094.7865973835285	2.0	trials	2.0	1.0	1.0	0.0	10000.0	1.0	True	40.0	0.0	0.005	"[12679253.14812273 12679542.14722436 12679832.14632288 12680121.1454245
 12680411.14452302 12680702.14361843 12680991.14272005 12681281.14181857
 12681570.1409202  12681860.14001872 12682149.13912034 12682438.13822197
 12682728.13732049 12683019.1364159  12683307.13552063 12683597.13461915
 12683887.13371767 12684177.13281618 12684465.13192092 12684756.13101633]"	0.0	0.0	0.0
1101.8902969012272	2.0	trials	2.0	1.0	1.0	0.0	10000.0	1.0	True	40.0	0.0	0.005	"[12761470.89254312 12761760.89164164 12762050.89074016 12762339.88984178
 12762630.8889372  12762918.88804193 12763208.88714045 12763498.88623896
 12763788.88533748 12764077.88443911 12764368.88353452 12764657.88263614
 12764947.88173466 12765236.88083629 12765525.87993791 12765815.87903643
 12766105.87813495 12766395.87723346 12766684.87633509 12766974.87543361]"	0.0	0.0	0.0
1112.0843420123904	2.0	trials	2.0	1.0	1.0	0.0	10000.0	1.0	True	40.0	0.0	0.005	"[12879458.52577032 12879747.52487194 12880038.52396735 12880327.52306898
 12880617.52216749 12880906.52126912 12881196.52036764 12881485.51946927
 12881775.51856778 12882065.5176663  12882355.51676482 12882645.51586333
 12882934.51496496 12883224.51406348 12883513.51316511 12883803.51226362
 12884092.51136525 12884381.51046688 12884671.50956539 12884960.50866702]"	0.0	0.0	0.0
1118.5413395404034	2.0	trials	2.0	1.0	1.0	0.0	10000.0	1.0	True	40.0	0.0	0.005	"[12954192.29345518 12954480.29255991 12954771.29165532 12955060.29075694
 12955350.28985546 12955640.28895398 12955930.28805249 12956219.28715412
 12956508.28625575 12956799.28535116 12957088.28445278 12957378.2835513
 12957667.28265293 12957957.28175144 12958246.28085307 12958535.2799547
 12958826.2790501  12959116.27814862 12959405.27725025 12959694.27635187]"	0.0	0.0	0.0
1127.4086303758666	2.0	trials	2.0	1.0	1.0	0.0	10000.0	1.0	True	40.0	0.0	0.005	"[13056821.97442363 13057111.97352215 13057400.97262377 13057691.97171919
 13057980.97082081 13058270.96991933 13058560.96901784 13058849.96811947
 13059138.9672211  13059429.96631651 13059718.96541813 13060007.96451976
 13060297.96361828 13060586.9627199  13060876.96181842 13061167.96091383
 13061456.96001546 13061745.95911708 13062034.95821871 13062325.95731412]"	0.0	0.0	0.0
1134.104695960721	2.0	trials	2.0	1.0	1.0	0.0	10000.0	1.0	True	40.0	0.0	0.005	"[13134323.733504   13134613.73260251 13134902.73170414 13135191.73080577
 13135481.72990428 13135771.7290028  13136060.72810443 13136350.72720294
 13136640.72630146 13136930.72539998 13137219.72450161 13137508.72360323
 13137799.72269864 13138089.72179716 13138377.72090189 13138667.72000041
 13138957.71909893 13139246.71820055 13139536.71729907 13139826.71639759]"	0.0	0.0	0.0
1139.33015171706	2.0	trials	2.0	1.0	1.0	0.0	10000.0	1.0	True	40.0	0.0	0.005	"[13194803.54549827 13195092.5445999  13195382.54369841 13195672.54279693
 13195961.54189856 13196252.54099397 13196540.5400987  13196831.53919411
 13197120.53829573 13197409.53739736 13197699.53649588 13197989.5355944
 13198279.53469292 13198568.53379454 13198858.53289306 13199148.53199157
 13199437.5310932  13199727.53019172 13200017.52929024 13200306.52839186]"	0.0	0.0	0.0
1147.6225387396482	2.0	trials	2.0	1.0	1.0	0.0	10000.0	1.0	True	40.0	0.0	0.005	"[13290779.24715109 13291069.24624961 13291359.24534813 13291648.24444975
 13291938.24354827 13292228.24264679 13292517.24174841 13292807.24084693
 13293096.23994855 13293385.23905018 13293675.2381487  13293964.23725032
 13294255.23634574 13294544.23544736 13294834.23454588 13295124.2336444
 13295414.23274291 13295703.23184454 13295993.23094306 13296283.23004157]"	0.0	0.0	0.0
1155.8121964815766	2.0	trials	2.0	1.0	1.0	0.0	10000.0	1.0	True	40.0	0.0	0.005	"[13385567.95249377 13385857.95159229 13386146.95069391 13386435.94979554
 13386726.94889095 13387015.94799257 13387304.9470942  13387594.94619272
 13387884.94529124 13388173.94439286 13388464.94348827 13388754.94258679
 13389042.94169152 13389332.94079004 13389622.93988856 13389911.93899018
 13390201.9380887  13390491.93718722 13390781.93628574 13391070.93538736]"	0.0	0.0	0.0
1161.7465620342246	2.0	trials	2.0	1.0	1.0	0.0	10000.0	1.0	True	40.0	0.0	0.005	"[13454252.73898231 13454543.73807772 13454831.73718245 13455121.73628097
 13455410.7353826  13455700.73448111 13455990.73357963 13456279.73268126
 13456569.73177977 13456859.73087829 13457149.72997681 13457438.72907844
 13457728.72817695 13458017.72727858 13458307.7263771  13458597.72547561
 13458886.72457724 13459176.72367576 13459465.72277738 13459755.7218759 ]"	0.0	0.0	0.0
1170.170795046961	2.0	trials	2.0	1.0	1.0	0.0	10000.0	1.0	True	40.0	0.0	0.005	"[13551755.43588836 13552045.43498687 13552335.43408539 13552624.43318702
 13552912.43229175 13553203.43138716 13553492.43048879 13553783.4295842
 13554073.42868271 13554362.42778434 13554651.42688597 13554941.42598449
 13555230.42508611 13555520.42418463 13555809.42328626 13556099.42238477
 13556389.42148329 13556678.42058492 13556968.41968343 13557258.41878195]"	0.0	0.0	0.0
1178.6012488403596	2.0	trials	2.0	1.0	1.0	0.0	10000.0	1.0	True	40.0	0.0	0.005	"[13649329.1325737  13649618.13167532 13649909.13077073 13650198.12987236
 13650488.12897088 13650777.1280725  13651067.12717102 13651356.12627265
 13651647.12536805 13651936.12446968 13652225.12357131 13652516.12266671
 13652805.12176834 13653095.12086686 13653384.11996849 13653673.11907011
 13653963.11816863 13654253.11726714 13654543.11636566 13654832.11546729]"	0.0	0.0	0.0
1184.301125521931	2.0	trials	2.0	1.0	1.0	0.0	10000.0	1.0	True	40.0	0.0	0.005	"[13715299.92749887 13715589.92659739 13715878.92569901 13716169.92479442
 13716459.92389294 13716748.92299457 13717036.9220993  13717327.92119471
 13717617.92029322 13717906.91939485 13718196.91849337 13718486.91759189
 13718775.91669351 13719065.91579203 13719355.91489055 13719644.91399218
 13719934.91309069 13720224.91218921 13720513.91129084 13720802.91039246]"	0.0	0.0	0.0
1193.2225889889949	2.0	trials	2.0	1.0	1.0	0.0	10000.0	1.0	True	40.0	0.0	0.005	"[13818558.60651204 13818848.60561056 13819138.60470908 13819427.60381071
 13819716.60291233 13820006.60201085 13820296.60110937 13820586.60020788
 13820875.59930951 13821165.59840803 13821454.59750965 13821744.59660817
 13822033.5957098  13822323.59480832 13822613.59390683 13822902.59300846
 13823192.59210698 13823481.5912086  13823772.59030401 13824061.58940564]"	0.0	0.0	0.0
1203.9084213714061	2.0	trials	2.0	1.0	1.0	0.0	10000.0	1.0	True	40.0	0.0	0.005	"[13942236.22205153 13942526.22115005 13942815.22025167 13943105.21935019
 13943395.21844871 13943685.21754722 13943974.21664885 13944263.21575048
 13944554.21484588 13944843.21394751 13945133.21304603 13945422.21214765
 13945712.21124617 13946001.2103478  13946291.20944631 13946580.20854794
 13946871.20764335 13947161.20674187 13947449.2058466  13947740.20494201]"	0.0	0.0	0.0
1213.184555735953	2.0	trials	2.0	1.0	1.0	0.0	10000.0	1.0	True	40.0	0.0	0.005	"[14049598.88830717 14049888.88740569 14050178.88650421 14050467.88560583
 14050757.88470435 14051046.88380598 14051336.88290449 14051626.88200301
 14051915.88110464 14052206.88020004 14052494.87930478 14052784.8784033
 14053075.87749871 14053364.87660033 14053653.87570196 14053943.87480048
 14054232.8739021  14054522.87300062 14054812.87209914 14055102.87119765]"	0.0	0.0	0.0
1222.8445641072035	2.0	trials	2.0	1.0	1.0	0.0	10000.0	1.0	True	40.0	0.0	0.005	"[14161405.54074837 14161695.53984689 14161984.53894852 14162274.53804703
 14162564.53714555 14162853.53624718 14163143.53534569 14163433.53444421
 14163722.53354584 14164012.53264436 14164302.53174287 14164590.53084761
 14164881.52994302 14165171.52904153 14165460.52814316 14165749.52724479
 14166040.5263402  14166330.52543871 14166619.52454034 14166908.52364197]"	0.0	0.0	0.0
1232.7027734623332	2.0	trials	2.0	1.0	1.0	0.0	10000.0	1.0	True	40.0	0.0	0.005	"[14275504.18606475 14275794.18516327 14276084.18426179 14276373.18336341
 14276662.18246504 14276952.18156356 14277242.18066208 14277532.1797606
 14277821.17886222 14278111.17796074 14278400.17706236 14278691.17615777
 14278980.1752594  14279269.17436102 14279559.17345954 14279849.17255806
 14280138.17165969 14280428.1707582  14280718.16985672 14281008.16895524]"	0.0	0.0	0.0
1242.320791564113	2.0	trials	2.0	1.0	1.0	0.0	10000.0	1.0	True	40.0	0.0	0.005	"[14386823.84001983 14387114.83911523 14387403.83821686 14387692.83731849
 14387982.83641701 14388272.83551552 14388561.83461715 14388851.83371567
 14389140.83281729 14389431.8319127  14389720.83101432 14390010.83011284
 14390299.82921447 14390589.82831299 14390878.82741461 14391168.82651313
 14391458.82561165 14391748.82471017 14392038.82380869 14392327.82291031]"	0.0	0.0	0.0
1250.948495944346	2.0	trials	2.0	1.0	1.0	0.0	10000.0	1.0	True	40.0	0.0	0.005	"[14486682.5296021  14486971.52870373 14487261.52780225 14487550.52690388
 14487840.52600239 14488130.52510091 14488420.52419943 14488709.52330105
 14488998.52240268 14489287.52150431 14489578.52059972 14489868.51969823
 14490157.51879986 14490447.51789838 14490736.517      14491026.51609852
 14491316.51519704 14491605.51429866 14491895.51339718 14492185.5124957 ]"	0.0	0.0	0.0
1259.5020693550196	2.0	trials	2.0	1.0	1.0	0.0	10000.0	1.0	True	40.0	0.0	0.005	"[14585682.22185464 14585971.22095627 14586260.22005789 14586551.2191533
 14586840.21825493 14587129.21735655 14587419.21645507 14587709.21555359
 14587999.21465211 14588289.21375062 14588578.21285225 14588868.21195077
 14589158.21104928 14589447.21015091 14589737.20924943 14590026.20835106
 14590316.20744957 14590605.2065512  14590895.20564972 14591184.20475134]"	0.0	0.0	0.0
1270.0586477392249	2.0	trials	2.0	1.0	1.0	0.0	10000.0	1.0	True	40.0	0.0	0.005	"[14707864.84204142 14708154.84113994 14708442.84024467 14708733.83934008
 14709023.8384386  14709312.83754022 14709602.83663874 14709891.83574037
 14710180.83484199 14710471.8339374  14710760.83303903 14711050.83213755
 14711339.83123918 14711629.83033769 14711919.82943621 14712209.82853473
 14712499.82763324 14712787.82673798 14713078.82583339 14713366.82493812]"	0.0	0.0	0.0
1277.4327784162713	2.0	trials	2.0	1.0	1.0	0.0	10000.0	1.0	True	40.0	0.0	0.005	"[14793213.57672891 14793502.57583054 14793792.57492905 14794081.57403068
 14794371.5731292  14794660.57223082 14794950.57132934 14795239.57043097
 14795530.56952638 14795819.568628   14796108.56772963 14796399.56682504
 14796687.56592977 14796978.56502518 14797267.56412681 14797557.56322533
 14797846.56232695 14798136.56142547 14798426.56052398 14798716.5596225 ]"	0.0	0.0	0.0
1283.63109514841	2.0	trials	2.0	1.0	1.0	0.0	10000.0	1.0	True	40.0	0.0	0.005	"[14864953.3537208  14865241.35282553 14865531.35192405 14865821.35102257
 14866111.35012108 14866400.34922271 14866690.34832123 14866980.34741974
 14867270.34651826 14867559.34561989 14867848.34472152 14868139.34381692
 14868428.34291855 14868718.34201707 14869007.34111869 14869297.34021721
 14869587.33931573 14869876.33841735 14870166.33751587 14870456.33661439]"	0.0	0.0	0.0
1288.8446277418125	2.0	trials	2.0	1.0	1.0	0.0	10000.0	1.0	True	40.0	0.0	0.005	"[14925294.16614716 14925585.16524257 14925874.1643442  14926163.16344582
 14926454.16254123 14926743.16164286 14927032.16074448 14927323.15983989
 14927612.15894152 14927902.15804004 14928191.15714166 14928481.15624018
 14928771.1553387  14929060.15444032 14929350.15353884 14929639.15264047
 14929929.15173899 14930219.1508375  14930509.14993602 14930798.14903765]"	0.0	0.0	0.0
1296.4828823978128	2.0	trials	2.0	1.0	1.0	0.0	10000.0	1.0	True	40.0	0.0	0.005	"[15013699.89133178 15013989.8904303  15014279.88952882 15014569.88862734
 15014858.88772896 15015148.88682748 15015438.885926   15015726.88503073
 15016017.88412614 15016306.88322777 15016596.88232628 15016885.88142791
 15017175.88052643 15017465.87962494 15017755.87872346 15018044.87782509
 15018334.87692361 15018623.87602523 15018913.87512375 15019202.87422537]"	0.0	0.0	0.0
1306.4066691490912	2.0	trials	2.0	1.0	1.0	0.0	10000.0	1.0	True	40.0	0.0	0.005	"[15128558.53428566 15128848.53338418 15129137.5324858  15129427.53158432
 15129717.53068284 15130007.52978135 15130296.52888298 15130586.5279815
 15130875.52708312 15131166.52617854 15131454.52528327 15131745.52437868
 15132035.52347719 15132323.52258193 15132613.52168045 15132903.52077897
 15133192.51988059 15133483.518976   15133771.51808073 15134062.51717614]"	0.0	0.0	0.0
1317.3268176031158	2.0	trials	2.0	1.0	1.0	0.0	10000.0	1.0	True	40.0	0.0	0.005	"[15254950.14138851 15255239.14049013 15255529.13958865 15255818.13869028
 15256108.13778879 15256397.13689042 15256688.13598583 15256978.13508435
 15257266.13418908 15257557.13328449 15257847.13238301 15258136.13148464
 15258426.13058315 15258716.12968167 15259005.1287833  15259294.12788492
 15259584.12698344 15259874.12608196 15260164.12518048 15260452.12428521]"	0.0	0.0	0.0
1325.2948600339498	2.0	trials	2.0	1.0	1.0	0.0	10000.0	1.0	True	40.0	0.0	0.005	"[15347172.85470776 15347462.85380627 15347752.85290479 15348041.85200642
 15348330.85110804 15348621.85020345 15348909.84930819 15349200.8484036
 15349489.84750522 15349779.84660374 15350069.84570226 15350358.84480388
 15350647.84390551 15350938.84300092 15351226.84210565 15351516.84120417
 15351805.84030579 15352096.83940121 15352385.83850283 15352675.83760135]"	0.0	0.0	0.0
1333.682545960295	2.0	trials	2.0	1.0	1.0	0.0	10000.0	1.0	True	40.0	0.0	0.005	"[15444251.55293183 15444542.55202724 15444831.55112887 15445120.55023049
 15445410.54932901 15445700.54842753 15445989.54752915 15446279.54662767
 15446570.54572308 15446859.54482471 15447148.54392634 15447437.54302796
 15447728.54212337 15448016.5412281  15448306.54032662 15448596.53942514
 15448885.53852676 15449176.53762217 15449466.53672069 15449755.53582232]"	0.0	0.0	0.0
1344.0455889461177	2.0	trials	2.0	1.0	1.0	0.0	10000.0	1.0	True	40.0	0.0	0.005	"[15564195.18007868 15564485.1791772  15564774.17827882 15565063.17738045
 15565353.17647897 15565643.17557749 15565933.174676   15566222.17377763
 15566513.17287304 15566802.17197466 15567091.17107629 15567381.17017481
 15567670.16927643 15567961.16837184 15568250.16747347 15568540.16657199
 15568829.16567361 15569119.16477213 15569409.16387065 15569698.16297227]"	0.0	0.0	0.0
1354.8688833012195	2.0	trials	2.0	1.0	1.0	0.0	10000.0	1.0	True	40.0	0.0	0.005	"[15689463.79067244 15689753.78977096 15690042.78887259 15690332.78797111
 15690622.78706962 15690912.78616814 15691201.78526977 15691491.78436828
 15691780.78346991 15692070.78256843 15692359.78167005 15692650.78076546
 15692938.7798702  15693228.77896871 15693518.77806723 15693808.77716575
 15694097.77626738 15694387.77536589 15694676.77446752 15694966.77356604]"	0.0	0.0	0.0
1360.3234711452867	2.0	trials	2.0	1.0	1.0	0.0	10000.0	1.0	True	40.0	0.0	0.005	"[15752595.59442282 15752886.59351823 15753175.59261985 15753465.59171837
 15753755.59081689 15754044.58991852 15754334.58901703 15754624.58811555
 15754914.58721406 15755203.58631569 15755493.58541421 15755782.58451583
 15756072.58361435 15756361.58271598 15756651.5818145  15756940.58091612
 15757230.58001464 15757520.57911316 15757809.57821479 15758099.5773133 ]"	0.0	0.0	0.0
1368.0991013742462	2.0	trials	2.0	1.0	1.0	0.0	10000.0	1.0	True	40.0	0.0	0.005	"[15842591.31466483 15842881.31376335 15843170.31286497 15843461.31196038
 15843750.311062   15844039.31016363 15844329.30926215 15844620.30835756
 15844908.30746229 15845199.3065577  15845487.30566244 15845778.30475784
 15846068.30385636 15846357.30295799 15846647.30205651 15846935.30116124
 15847226.30025665 15847515.29935828 15847805.2984568  15848095.29755531]"	0.0	0.0	0.0
1374.9988111260602	2.0	trials	2.0	1.0	1.0	0.0	10000.0	1.0	True	40.0	0.0	0.005	"[15922450.06641831 15922740.06551683 15923029.06461846 15923318.06372008
 15923608.0628186  15923899.06191401 15924187.06101875 15924478.06011415
 15924767.05921578 15925057.0583143  15925347.05741282 15925636.05651444
 15925925.05561606 15926215.05471458 15926504.05381621 15926794.05291473
 15927084.05201325 15927373.05111487 15927663.05021339 15927953.04931191]"	0.0	0.0	0.0
1383.0747668214387	2.0	trials	2.0	1.0	1.0	0.0	10000.0	1.0	True	40.0	0.0	0.005	"[16015921.77585497 16016210.7749566  16016500.77405511 16016789.77315674
 16017079.77225526 16017369.77135377 16017658.7704554  16017949.76955081
 16018237.76865554 16018528.76775095 16018817.76685258 16019106.7659542
 16019397.76504961 16019685.76415435 16019976.76324975 16020266.76234827
 16020555.7614499  16020845.76054842 16021134.75965004 16021424.75874856]"	0.0	0.0	0.0
1389.7950243310913	2.0	trials	2.0	1.0	1.0	0.0	10000.0	1.0	True	40.0	0.0	0.005	"[16093701.53407115 16093991.53316967 16094280.5322713  16094571.5313667
 16094860.53046833 16095149.52956996 16095439.52866847 16095728.5277701
 16096019.52686551 16096308.52596713 16096598.52506565 16096887.52416728
 16097177.52326579 16097466.52236742 16097756.52146594 16098046.52056446
 16098336.51966298 16098625.5187646  16098915.51786312 16099205.51696164]"	0.0	0.0	0.0
1395.6402253609124	2.0	trials	2.0	1.0	1.0	0.0	10000.0	1.0	True	40.0	0.0	0.005	"[16161355.32376461 16161644.32286624 16161934.32196476 16162224.32106327
 16162514.32016179 16162803.31926342 16163092.31836504 16163382.31746356
 16163672.31656208 16163961.31566371 16164251.31476223 16164540.31386385
 16164830.31296237 16165119.31206399 16165409.31116251 16165699.31026103
 16165988.30936266 16166279.30845806 16166568.30755969 16166857.30666132]"	0.0	0.0	0.0
1401.596968443998	2.0	trials	2.0	1.0	1.0	0.0	10000.0	1.0	True	40.0	0.0	0.005	"[16230298.10945114 16230588.10854966 16230878.10764818 16231167.1067498
 16231457.10584832 16231746.10494995 16232037.10404536 16232326.10314698
 16232615.10224861 16232905.10134713 16233195.10044564 16233484.09954727
 16233774.09864579 16234063.09774741 16234354.09684282 16234642.09594756
 16234932.09504608 16235222.09414459 16235513.09324    16235802.09234163]"	0.0	0.0	0.0
1411.7550712668904	2.0	trials	2.0	1.0	1.0	0.0	10000.0	1.0	True	40.0	0.0	0.005	"[16347868.74397461 16348157.74307623 16348447.74217475 16348736.74127637
 16349027.74037178 16349317.7394703  16349606.73857193 16349896.73767044
 16350185.73677207 16350475.73587059 16350764.73497222 16351054.73407073
 16351343.73317236 16351633.73227088 16351923.73136939 16352212.73047102
 16352503.72956643 16352792.72866805 16353082.72776657 16353371.7268682 ]"	0.0	0.0	0.0
1419.8198813969154	2.0	trials	2.0	1.0	1.0	0.0	10000.0	1.0	True	40.0	0.0	0.005	"[16441212.45380916 16441501.45291078 16441791.4520093  16442081.45110781
 16442370.45020944 16442660.44930796 16442949.44840959 16443239.4475081
 16443528.44660973 16443818.44570825 16444108.44480677 16444398.44390528
 16444687.44300691 16444977.44210543 16445267.44120394 16445556.44030557
 16445846.43940409 16446136.4385026  16446425.43760423 16446714.43670586]"	0.0	0.0	0.0
1427.2590710717218	2.0	trials	2.0	1.0	1.0	0.0	10000.0	1.0	True	40.0	0.0	0.005	"[16527313.18615901 16527603.18525752 16527892.18435915 16528183.18345456
 16528472.18255619 16528761.18165781 16529051.18075633 16529341.17985485
 16529631.17895336 16529920.17805499 16530209.17715662 16530499.17625513
 16530789.17535365 16531079.17445217 16531369.17355069 16531658.17265231
 16531947.17175394 16532237.17085246 16532526.16995408 16532817.16904949]"	0.0	0.0	0.0
1434.957027942134	2.0	trials	2.0	1.0	1.0	0.0	10000.0	1.0	True	40.0	0.0	0.005	"[16616409.90919561 16616700.90829102 16616989.90739265 16617279.90649116
 16617568.90559279 16617857.90469442 16618148.90378983 16618437.90289145
 16618727.90198997 16619016.9010916  16619306.90019011 16619596.89928863
 16619885.89839026 16620175.89748877 16620464.8965904  16620754.89568892
 16621044.89478744 16621334.89388595 16621623.89298758 16621913.8920861 ]"	0.0	0.0	0.0
1441.4638781151766	2.0	trials	2.0	1.0	1.0	0.0	10000.0	1.0	True	40.0	0.0	0.005	"[16691720.67508683 16692010.67418535 16692300.67328386 16692589.67238549
 16692879.67148401 16693169.67058253 16693459.66968104 16693748.66878267
 16694037.6678843  16694327.66698281 16694616.66608444 16694906.66518296
 16695196.66428147 16695485.6633831  16695776.66247851 16696065.66158014
 16696354.66068176 16696644.65978028 16696933.65888191 16697224.65797731]"	0.0	0.0	0.0
1448.8470807640222	2.0	trials	2.0	1.0	1.0	0.0	10000.0	1.0	True	40.0	0.0	0.005	"[16777175.40944481 16777465.40854333 16777754.40764496 16778044.40674347
 16778333.4058451  16778622.40494673 16778913.40404214 16779202.40314376
 16779491.40224539 16779781.4013439  16780070.40044553 16780361.39954094
 16780651.39863946 16780939.39774419 16781230.3968396  16781519.39594123
 16781808.39504285 16782099.39413826 16782388.39323989 16782678.39233841]"	0.0	0.0	0.0
1454.3858219464935	2.0	trials	2.0	1.0	1.0	0.0	10000.0	1.0	True	40.0	0.0	0.005	"[16841281.21016745 16841570.20926908 16841860.20836759 16842149.20746922
 16842440.20656462 16842729.20566626 16843018.20476788 16843308.2038664
 16843598.20296491 16843887.20206654 16844177.20116506 16844467.20026357
 16844756.1993652  16845046.19846372 16845335.19756535 16845626.19666075
 16845915.19576238 16846205.1948609  16846494.19396253 16846783.19306415]"	0.0	0.0	0.0
1462.5419565926309	2.0	trials	2.0	1.0	1.0	0.0	10000.0	1.0	True	40.0	0.0	0.005	"[16935680.91671936 16935968.9158241  16936258.91492261 16936548.91402113
 16936837.91312275 16937127.91222127 16937417.91131979 16937707.91041831
 16937997.90951682 16938285.90862156 16938575.90772008 16938866.90681549
 16939155.90591711 16939445.90501563 16939734.90411726 16940023.90321888
 16940314.90231429 16940603.90141592 16940893.90051444 16941182.89961606]"	0.0	0.0	0.0
1471.3951642718723	2.0	trials	2.0	1.0	1.0	0.0	10000.0	1.0	True	40.0	0.0	0.005	"[17038148.59819141 17038437.59729303 17038728.59638844 17039016.59549318
 17039306.59459169 17039595.59369332 17039886.59278873 17040174.59189346
 17040464.59099198 17040754.5900905  17041044.58918902 17041333.58829064
 17041623.58738916 17041913.58648768 17042202.5855893  17042492.58468782
 17042782.58378634 17043072.58288486 17043361.58198648 17043650.58108811]"	0.0	0.0	0.0
1477.191203854515	2.0	trials	2.0	1.0	1.0	0.0	10000.0	1.0	True	40.0	0.0	0.005	"[17105231.38965986 17105521.38875837 17105811.38785689 17106101.38695541
 17106390.38605704 17106679.38515866 17106970.38425407 17107258.38335881
 17107548.38245732 17107838.38155584 17108128.38065436 17108417.37975598
 17108707.3788545  17108997.37795302 17109287.37705154 17109576.37615316
 17109866.37525168 17110155.3743533  17110445.37345183 17110735.37255034]"	0.0	0.0	0.0
1487.7032863770385	2.0	trials	2.0	1.0	1.0	0.0	10000.0	1.0	True	40.0	0.0	0.005	"[17226900.01144444 17227189.01054607 17227479.00964458 17227768.00874621
 17228057.00784783 17228348.00694324 17228637.00604487 17228927.00514339
 17229216.00424501 17229506.00334353 17229795.00244516 17230085.00154367
 17230375.00064219 17230664.99974071 17230954.99883923 17231243.99794085
 17231532.99704248 17231822.996141   17232112.99523951 17232402.99433803]"	0.0	0.0	0.0
1497.091826792164	2.0	trials	2.0	1.0	1.0	0.0	10000.0	1.0	True	40.0	0.0	0.005	"[17335562.67365895 17335852.67275747 17336142.67185599 17336432.67095451
 17336721.67005613 17337011.66915465 17337301.66825317 17337591.66735169
 17337880.66645331 17338170.66555183 17338459.66465346 17338749.66375197
 17339039.66285049 17339328.66195212 17339618.66105063 17339908.66014915
 17340197.65925078 17340486.6583524  17340776.65745092 17341065.65655255]"	0.0	0.0	0.0
1504.186713537258	2.0	trials	2.0	1.0	1.0	0.0	10000.0	1.0	True	40.0	0.0	0.005	"[17417679.41839331 17417969.41749183 17418259.41659035 17418549.41568886
 17418838.41479049 17419127.41389211 17419418.41298752 17419706.41209226
 17419996.41119078 17420286.41028929 17420576.40938781 17420865.40848944
 17421156.40758485 17421445.40668647 17421735.40578499 17422024.40488661
 17422313.40398824 17422603.40308676 17422893.40218528 17423182.4012869 ]"	0.0	0.0	0.0
1512.2734691990643	2.0	trials	2.0	1.0	1.0	0.0	10000.0	1.0	True	40.0	0.0	0.005	"[17511276.1274414  17511567.12653681 17511855.12564154 17512145.12474006
 17512435.12383857 17512725.12293709 17513014.12203872 17513304.12113724
 17513593.12023886 17513884.11933427 17514173.1184359  17514462.11753752
 17514753.11663293 17515041.11573766 17515331.11483618 17515622.11393159
 17515911.11303322 17516200.11213484 17516490.11123336 17516780.11033188]"	0.0	0.0	0.0
1522.035170054197	2.0	trials	2.0	1.0	1.0	0.0	10000.0	1.0	True	40.0	0.0	0.005	"[17624259.77622382 17624549.77532234 17624838.77442396 17625127.77352559
 17625417.77262411 17625707.77172263 17625996.77082425 17626286.76992277
 17626576.76902128 17626865.76812292 17627154.76722454 17627445.76631995
 17627735.76541847 17628024.76452009 17628314.76361861 17628603.76272023
 17628894.76181564 17629182.76092038 17629473.76001579 17629762.75911741]"	0.0	0.0	0.0
1530.039586771959	2.0	trials	2.0	1.0	1.0	0.0	10000.0	1.0	True	40.0	0.0	0.005	"[17716902.48823747 17717192.48733599 17717482.48643451 17717772.48553303
 17718061.48463465 17718351.48373317 17718641.48283169 17718929.48193642
 17719220.48103183 17719509.48013346 17719799.47923198 17720088.4783336
 17720379.47742901 17720667.47653374 17720958.47562915 17721247.47473078
 17721536.47383241 17721826.47293092 17722116.47202944 17722405.47113107]"	0.0	0.0	0.0
1538.193215825885	2.0	trials	2.0	1.0	1.0	0.0	10000.0	1.0	True	40.0	0.0	0.005	"[17811274.19487642 17811563.19397805 17811852.19307968 17812142.19217819
 17812432.19127671 17812722.19037523 17813011.18947686 17813301.18857537
 17813591.18767389 17813880.18677552 17814170.18587403 17814459.18497566
 17814749.18407417 17815039.18317269 17815328.18227432 17815619.18136973
 17815908.18047135 17816198.17956987 17816486.17867461 17816777.17777001]"	0.0	0.0	0.0
1549.1196714603036	2.0	trials	2.0	1.0	1.0	0.0	10000.0	1.0	True	40.0	0.0	0.005	"[17937737.80175546 17938027.80085398 17938317.79995249 17938606.79905412
 17938895.79815574 17939185.79725426 17939474.79635589 17939764.79545441
 17940054.79455292 17940343.79365455 17940633.79275307 17940923.79185158
 17941212.79095321 17941502.79005173 17941792.78915025 17942082.78824877
 17942371.78735039 17942660.78645201 17942950.78555053 17943240.78464905]"	0.0	0.0	0.0
1557.9332216628227	2.0	trials	2.0	1.0	1.0	0.0	10000.0	1.0	True	40.0	0.0	0.005	"[18039746.48465433 18040036.48375285 18040325.48285448 18040614.4819561
 18040904.48105462 18041194.48015314 18041483.47925476 18041773.47835328
 18042064.47744869 18042352.47655343 18042642.47565194 18042932.47475046
 18043222.47384898 18043511.4729506  18043801.47204912 18044090.47115075
 18044380.47024927 18044670.46934778 18044960.4684463  18045250.46754482]"	0.0	0.0	0.0
1563.4952043730464	2.0	trials	2.0	1.0	1.0	0.0	10000.0	1.0	True	40.0	0.0	0.005	"[18104120.28454388 18104410.28364239 18104699.28274402 18104989.28184254
 18105278.28094416 18105569.28003957 18105858.2791412  18106148.27823972
 18106438.27733823 18106726.27644297 18107017.27553838 18107306.27464
 18107596.27373852 18107886.27283704 18108175.27193866 18108465.27103718
 18108755.2701357  18109044.26923732 18109334.26833584 18109624.26743436]"	0.0	0.0	0.0
1570.4680082976422	2.0	trials	2.0	1.0	1.0	0.0	10000.0	1.0	True	40.0	0.0	0.005	"[18184825.03366752 18185114.03276914 18185403.03187077 18185693.03096929
 18185982.03007092 18186273.02916632 18186562.02826795 18186852.02736647
 18187142.02646498 18187430.02556972 18187721.02466512 18188010.02376675
 18188300.02286527 18188589.0219669  18188879.02106541 18189169.02016393
 18189459.01926245 18189748.01836408 18190038.0174626  18190327.01656422]"	0.0	0.0	0.0
1578.6035798077014	2.0	trials	2.0	1.0	1.0	0.0	10000.0	1.0	True	40.0	0.0	0.005	"[18278985.74096237 18279275.74006089 18279564.73916252 18279854.73826104
 18280144.73735955 18280433.73646118 18280723.7355597  18281012.73466132
 18281302.73375984 18281593.73285525 18281881.73195998 18282171.7310585
 18282460.73016013 18282751.72925553 18283040.72835716 18283329.72745879
 18283620.7265542  18283909.72565582 18284199.72475434 18284488.72385597]"	0.0	0.0	0.0
1588.335731954688	2.0	trials	2.0	1.0	1.0	0.0	10000.0	1.0	True	40.0	0.0	0.005	"[18391627.39080793 18391917.38990645 18392207.38900496 18392496.38810659
 18392785.38720822 18393076.38630363 18393365.38540525 18393655.38450377
 18393943.38360851 18394233.38270702 18394522.38180865 18394813.38090405
 18395102.38000568 18395393.37910109 18395683.37819961 18395971.37730434
 18396261.37640286 18396551.37550138 18396841.3745999  18397131.37369841]"	0.0	0.0	0.0
1598.127413516624	2.0	trials	2.0	1.0	1.0	0.0	10000.0	1.0	True	40.0	0.0	0.005	"[18504957.03851479 18505247.03761331 18505536.03671494 18505826.03581345
 18506115.03491508 18506405.0340136  18506695.03311212 18506985.03221063
 18507274.03131226 18507564.03041078 18507853.0295124  18508143.02861092
 18508432.02771255 18508723.02680796 18509012.02590958 18509302.0250081
 18509591.02410972 18509881.02320825 18510170.02230987 18510460.02140839]"	0.0	0.0	0.0
1603.4964656265843	2.0	trials	2.0	1.0	1.0	0.0	10000.0	1.0	True	40.0	0.0	0.005	"[18567097.84534575 18567387.84444427 18567677.84354278 18567967.8426413
 18568256.84174293 18568546.84084145 18568835.83994307 18569125.83904159
 18569415.83814011 18569704.83724174 18569993.83634336 18570284.83543877
 18570573.83454039 18570862.83364202 18571153.83273743 18571442.83183905
 18571732.83093758 18572021.8300392  18572312.82913461 18572600.82823934]"	0.0	0.0	0.0
1613.2295681706166	2.0	trials	2.0	1.0	1.0	0.0	10000.0	1.0	True	40.0	0.0	0.005	"[18679749.49516022 18680039.49425874 18680329.49335726 18680618.49245888
 18680908.4915574  18681198.49065591 18681488.48975443 18681776.48885917
 18682067.48795458 18682356.4870562  18682645.48615783 18682936.48525324
 18683225.48435486 18683515.48345338 18683804.48255501 18684094.48165352
 18684385.48074894 18684673.47985367 18684963.47895218 18685253.4780507 ]"	0.0	0.0	0.0
1619.5961915795633	2.0	trials	2.0	1.0	1.0	0.0	10000.0	1.0	True	40.0	0.0	0.005	"[18753438.26609352 18753727.26519515 18754017.26429366 18754307.26339218
 18754596.26249381 18754886.26159232 18755176.26069084 18755465.25979247
 18755755.25889099 18756045.25798951 18756335.25708802 18756624.25618965
 18756913.25529128 18757203.25438979 18757494.2534852  18757782.25258993
 18758072.25168845 18758362.25078697 18758652.24988549 18758941.24898712]"	0.0	0.0	0.0
1672.4790479898443	2.0	trials	3.0	1.0	1.0	0.0	10000.0	1.0	False	0.0	0.0	0.0	"[nan nan nan nan nan nan nan nan nan nan nan nan nan nan nan nan nan nan
 nan nan]"	0.0	0.0	0.0
1681.4789624130387	2.0	trials	3.0	1.0	1.0	0.0	10000.0	1.0	False	0.0	0.0	0.0	"[nan nan nan nan nan nan nan nan nan nan nan nan nan nan nan nan nan nan
 nan nan]"	0.0	0.0	0.0
1689.8434932113635	2.0	trials	3.0	1.0	1.0	0.0	10000.0	1.0	False	0.0	0.0	0.0	"[nan nan nan nan nan nan nan nan nan nan nan nan nan nan nan nan nan nan
 nan nan]"	0.0	0.0	0.0
1699.8450397209206	2.0	trials	3.0	1.0	1.0	0.0	10000.0	1.0	False	0.0	0.0	0.0	"[nan nan nan nan nan nan nan nan nan nan nan nan nan nan nan nan nan nan
 nan nan]"	0.0	0.0	0.0
1709.3429621960252	2.0	trials	3.0	1.0	1.0	0.0	10000.0	1.0	False	0.0	0.0	0.0	"[nan nan nan nan nan nan nan nan nan nan nan nan nan nan nan nan nan nan
 nan nan]"	0.0	0.0	0.0
1717.125418003767	2.0	trials	3.0	1.0	1.0	0.0	10000.0	1.0	False	0.0	0.0	0.0	"[nan nan nan nan nan nan nan nan nan nan nan nan nan nan nan nan nan nan
 nan nan]"	0.0	0.0	0.0
1725.5010079677138	2.0	trials	3.0	1.0	1.0	0.0	10000.0	1.0	False	0.0	0.0	0.0	"[nan nan nan nan nan nan nan nan nan nan nan nan nan nan nan nan nan nan
 nan nan]"	0.0	0.0	0.0
1732.7438974527315	2.0	trials	3.0	1.0	1.0	0.0	10000.0	1.0	False	0.0	0.0	0.0	"[nan nan nan nan nan nan nan nan nan nan nan nan nan nan nan nan nan nan
 nan nan]"	0.0	0.0	0.0
1740.8493154565247	2.0	trials	3.0	1.0	1.0	0.0	10000.0	1.0	False	0.0	0.0	0.0	"[nan nan nan nan nan nan nan nan nan nan nan nan nan nan nan nan nan nan
 nan nan]"	0.0	0.0	0.0
1749.3276347011306	2.0	trials	3.0	1.0	1.0	0.0	10000.0	1.0	False	0.0	0.0	0.0	"[nan nan nan nan nan nan nan nan nan nan nan nan nan nan nan nan nan nan
 nan nan]"	0.0	0.0	0.0
1756.0770953200035	2.0	trials	3.0	1.0	1.0	0.0	10000.0	1.0	False	0.0	0.0	0.0	"[nan nan nan nan nan nan nan nan nan nan nan nan nan nan nan nan nan nan
 nan nan]"	0.0	0.0	0.0
1761.89706762825	2.0	trials	3.0	1.0	1.0	0.0	10000.0	1.0	False	0.0	0.0	0.0	"[nan nan nan nan nan nan nan nan nan nan nan nan nan nan nan nan nan nan
 nan nan]"	0.0	0.0	0.0
1767.6457601580737	2.0	trials	3.0	1.0	1.0	0.0	10000.0	1.0	False	0.0	0.0	0.0	"[nan nan nan nan nan nan nan nan nan nan nan nan nan nan nan nan nan nan
 nan nan]"	0.0	0.0	0.0
1777.33531723747	2.0	trials	3.0	1.0	1.0	0.0	10000.0	1.0	False	0.0	0.0	0.0	"[nan nan nan nan nan nan nan nan nan nan nan nan nan nan nan nan nan nan
 nan nan]"	0.0	0.0	0.0
1786.1437698558357	2.0	trials	3.0	1.0	1.0	0.0	10000.0	1.0	False	0.0	0.0	0.0	"[nan nan nan nan nan nan nan nan nan nan nan nan nan nan nan nan nan nan
 nan nan]"	0.0	0.0	0.0
1796.2770759558098	2.0	trials	3.0	1.0	1.0	0.0	10000.0	1.0	False	0.0	0.0	0.0	"[nan nan nan nan nan nan nan nan nan nan nan nan nan nan nan nan nan nan
 nan nan]"	0.0	0.0	0.0
1802.8291131883855	2.0	trials	3.0	1.0	1.0	0.0	10000.0	1.0	False	0.0	0.0	0.0	"[nan nan nan nan nan nan nan nan nan nan nan nan nan nan nan nan nan nan
 nan nan]"	0.0	0.0	0.0
1810.515492494787	2.0	trials	3.0	1.0	1.0	0.0	10000.0	1.0	False	0.0	0.0	0.0	"[nan nan nan nan nan nan nan nan nan nan nan nan nan nan nan nan nan nan
 nan nan]"	0.0	0.0	0.0
1817.2597691297751	2.0	trials	3.0	1.0	1.0	0.0	10000.0	1.0	False	0.0	0.0	0.0	"[nan nan nan nan nan nan nan nan nan nan nan nan nan nan nan nan nan nan
 nan nan]"	0.0	0.0	0.0
1822.9771849568244	2.0	trials	3.0	1.0	1.0	0.0	10000.0	1.0	False	0.0	0.0	0.0	"[nan nan nan nan nan nan nan nan nan nan nan nan nan nan nan nan nan nan
 nan nan]"	0.0	0.0	0.0
1831.6112829171823	2.0	trials	3.0	1.0	1.0	0.0	10000.0	1.0	False	0.0	0.0	0.0	"[nan nan nan nan nan nan nan nan nan nan nan nan nan nan nan nan nan nan
 nan nan]"	0.0	0.0	0.0
1840.6702947566687	2.0	trials	3.0	1.0	1.0	0.0	10000.0	1.0	False	0.0	0.0	0.0	"[nan nan nan nan nan nan nan nan nan nan nan nan nan nan nan nan nan nan
 nan nan]"	0.0	0.0	0.0
1846.5092750058277	2.0	trials	3.0	1.0	1.0	0.0	10000.0	1.0	False	0.0	0.0	0.0	"[nan nan nan nan nan nan nan nan nan nan nan nan nan nan nan nan nan nan
 nan nan]"	0.0	0.0	0.0
1854.441634347585	2.0	trials	3.0	1.0	1.0	0.0	10000.0	1.0	False	0.0	0.0	0.0	"[nan nan nan nan nan nan nan nan nan nan nan nan nan nan nan nan nan nan
 nan nan]"	0.0	0.0	0.0
1862.1152264937361	2.0	trials	3.0	1.0	1.0	0.0	10000.0	1.0	False	0.0	0.0	0.0	"[nan nan nan nan nan nan nan nan nan nan nan nan nan nan nan nan nan nan
 nan nan]"	0.0	0.0	0.0
1871.8417626581804	2.0	trials	3.0	1.0	1.0	0.0	10000.0	1.0	False	0.0	0.0	0.0	"[nan nan nan nan nan nan nan nan nan nan nan nan nan nan nan nan nan nan
 nan nan]"	0.0	0.0	0.0
1878.5436170250402	2.0	trials	3.0	1.0	1.0	0.0	10000.0	1.0	False	0.0	0.0	0.0	"[nan nan nan nan nan nan nan nan nan nan nan nan nan nan nan nan nan nan
 nan nan]"	0.0	0.0	0.0
1885.9475556094267	2.0	trials	3.0	1.0	1.0	0.0	10000.0	1.0	False	0.0	0.0	0.0	"[nan nan nan nan nan nan nan nan nan nan nan nan nan nan nan nan nan nan
 nan nan]"	0.0	0.0	0.0
1891.191328108827	2.0	trials	3.0	1.0	1.0	0.0	10000.0	1.0	False	0.0	0.0	0.0	"[nan nan nan nan nan nan nan nan nan nan nan nan nan nan nan nan nan nan
 nan nan]"	0.0	0.0	0.0
1897.14366480561	2.0	trials	3.0	1.0	1.0	0.0	10000.0	1.0	False	0.0	0.0	0.0	"[nan nan nan nan nan nan nan nan nan nan nan nan nan nan nan nan nan nan
 nan nan]"	0.0	0.0	0.0
1902.7425402011502	2.0	trials	3.0	1.0	1.0	0.0	10000.0	1.0	False	0.0	0.0	0.0	"[nan nan nan nan nan nan nan nan nan nan nan nan nan nan nan nan nan nan
 nan nan]"	0.0	0.0	0.0
1911.1954579247183	2.0	trials	3.0	1.0	1.0	0.0	10000.0	1.0	False	0.0	0.0	0.0	"[nan nan nan nan nan nan nan nan nan nan nan nan nan nan nan nan nan nan
 nan nan]"	0.0	0.0	0.0
1919.721729020263	2.0	trials	3.0	1.0	1.0	0.0	10000.0	1.0	False	0.0	0.0	0.0	"[nan nan nan nan nan nan nan nan nan nan nan nan nan nan nan nan nan nan
 nan nan]"	0.0	0.0	0.0
1927.8816652545827	2.0	trials	3.0	1.0	1.0	0.0	10000.0	1.0	False	0.0	0.0	0.0	"[nan nan nan nan nan nan nan nan nan nan nan nan nan nan nan nan nan nan
 nan nan]"	0.0	0.0	0.0
1938.591516762329	2.0	trials	3.0	1.0	1.0	0.0	10000.0	1.0	False	0.0	0.0	0.0	"[nan nan nan nan nan nan nan nan nan nan nan nan nan nan nan nan nan nan
 nan nan]"	0.0	0.0	0.0
1944.1477106905472	2.0	trials	3.0	1.0	1.0	0.0	10000.0	1.0	False	0.0	0.0	0.0	"[nan nan nan nan nan nan nan nan nan nan nan nan nan nan nan nan nan nan
 nan nan]"	0.0	0.0	0.0
1951.4556591733249	2.0	trials	3.0	1.0	1.0	0.0	10000.0	1.0	False	0.0	0.0	0.0	"[nan nan nan nan nan nan nan nan nan nan nan nan nan nan nan nan nan nan
 nan nan]"	0.0	0.0	0.0
1957.2771002770055	2.0	trials	3.0	1.0	1.0	0.0	10000.0	1.0	False	0.0	0.0	0.0	"[nan nan nan nan nan nan nan nan nan nan nan nan nan nan nan nan nan nan
 nan nan]"	0.0	0.0	0.0
1967.5923642113523	2.0	trials	3.0	1.0	1.0	0.0	10000.0	1.0	False	0.0	0.0	0.0	"[nan nan nan nan nan nan nan nan nan nan nan nan nan nan nan nan nan nan
 nan nan]"	0.0	0.0	0.0
1976.1062801453038	2.0	trials	3.0	1.0	1.0	0.0	10000.0	1.0	False	0.0	0.0	0.0	"[nan nan nan nan nan nan nan nan nan nan nan nan nan nan nan nan nan nan
 nan nan]"	0.0	0.0	0.0
1984.048748255637	2.0	trials	3.0	1.0	1.0	0.0	10000.0	1.0	False	0.0	0.0	0.0	"[nan nan nan nan nan nan nan nan nan nan nan nan nan nan nan nan nan nan
 nan nan]"	0.0	0.0	0.0
1990.5354672912588	2.0	trials	3.0	1.0	1.0	0.0	10000.0	1.0	False	0.0	0.0	0.0	"[nan nan nan nan nan nan nan nan nan nan nan nan nan nan nan nan nan nan
 nan nan]"	0.0	0.0	0.0
1997.0851717310866	2.0	trials	3.0	1.0	1.0	0.0	10000.0	1.0	False	0.0	0.0	0.0	"[nan nan nan nan nan nan nan nan nan nan nan nan nan nan nan nan nan nan
 nan nan]"	0.0	0.0	0.0
2003.301978005749	2.0	trials	3.0	1.0	1.0	0.0	10000.0	1.0	False	0.0	0.0	0.0	"[nan nan nan nan nan nan nan nan nan nan nan nan nan nan nan nan nan nan
 nan nan]"	0.0	0.0	0.0
2013.9164442100066	2.0	trials	3.0	1.0	1.0	0.0	10000.0	1.0	False	0.0	0.0	0.0	"[nan nan nan nan nan nan nan nan nan nan nan nan nan nan nan nan nan nan
 nan nan]"	0.0	0.0	0.0
2024.7463049446965	2.0	trials	3.0	1.0	1.0	0.0	10000.0	1.0	False	0.0	0.0	0.0	"[nan nan nan nan nan nan nan nan nan nan nan nan nan nan nan nan nan nan
 nan nan]"	0.0	0.0	0.0
2032.1467875398262	2.0	trials	3.0	1.0	1.0	0.0	10000.0	1.0	False	0.0	0.0	0.0	"[nan nan nan nan nan nan nan nan nan nan nan nan nan nan nan nan nan nan
 nan nan]"	0.0	0.0	0.0
2041.1620811152131	2.0	trials	3.0	1.0	1.0	0.0	10000.0	1.0	False	0.0	0.0	0.0	"[nan nan nan nan nan nan nan nan nan nan nan nan nan nan nan nan nan nan
 nan nan]"	0.0	0.0	0.0
2050.024360766254	2.0	trials	3.0	1.0	1.0	0.0	10000.0	1.0	False	0.0	0.0	0.0	"[nan nan nan nan nan nan nan nan nan nan nan nan nan nan nan nan nan nan
 nan nan]"	0.0	0.0	0.0
2055.585825078089	2.0	trials	3.0	1.0	1.0	0.0	10000.0	1.0	False	0.0	0.0	0.0	"[nan nan nan nan nan nan nan nan nan nan nan nan nan nan nan nan nan nan
 nan nan]"	0.0	0.0	0.0
2223.978037620198	2.0	trials	4.0	1.0	1.0	1.0	0.0	1.0	False	0.0	0.0	0.0	"[nan nan nan nan nan nan nan nan nan nan nan nan nan nan nan nan nan nan
 nan nan]"	1.0	0.02	5.0
2234.77212886608	2.0	trials	4.0	1.0	1.0	1.0	0.0	1.0	False	0.0	0.0	0.0	"[nan nan nan nan nan nan nan nan nan nan nan nan nan nan nan nan nan nan
 nan nan]"	1.0	0.02	5.0
2240.2984284872264	2.0	trials	4.0	1.0	1.0	1.0	0.0	1.0	False	0.0	0.0	0.0	"[nan nan nan nan nan nan nan nan nan nan nan nan nan nan nan nan nan nan
 nan nan]"	1.0	0.02	5.0
2248.098164241252	2.0	trials	4.0	1.0	1.0	1.0	0.0	1.0	False	0.0	0.0	0.0	"[nan nan nan nan nan nan nan nan nan nan nan nan nan nan nan nan nan nan
 nan nan]"	1.0	0.02	5.0
2256.852357828285	2.0	trials	4.0	1.0	1.0	1.0	0.0	1.0	False	0.0	0.0	0.0	"[nan nan nan nan nan nan nan nan nan nan nan nan nan nan nan nan nan nan
 nan nan]"	1.0	0.02	5.0
2262.6123687229256	2.0	trials	4.0	1.0	1.0	1.0	0.0	1.0	False	0.0	0.0	0.0	"[nan nan nan nan nan nan nan nan nan nan nan nan nan nan nan nan nan nan
 nan nan]"	1.0	0.02	5.0
2270.388344550811	2.0	trials	4.0	1.0	1.0	1.0	0.0	1.0	False	0.0	0.0	0.0	"[nan nan nan nan nan nan nan nan nan nan nan nan nan nan nan nan nan nan
 nan nan]"	1.0	0.02	5.0
2280.1264582792655	2.0	trials	4.0	1.0	1.0	1.0	0.0	1.0	False	0.0	0.0	0.0	"[nan nan nan nan nan nan nan nan nan nan nan nan nan nan nan nan nan nan
 nan nan]"	1.0	0.02	5.0
2289.8885911330553	2.0	trials	4.0	1.0	1.0	1.0	0.0	1.0	False	0.0	0.0	0.0	"[nan nan nan nan nan nan nan nan nan nan nan nan nan nan nan nan nan nan
 nan nan]"	1.0	0.02	5.0
2296.158360443079	2.0	trials	4.0	1.0	1.0	1.0	0.0	1.0	False	0.0	0.0	0.0	"[nan nan nan nan nan nan nan nan nan nan nan nan nan nan nan nan nan nan
 nan nan]"	1.0	0.02	5.0
2303.250395997036	2.0	trials	4.0	1.0	1.0	1.0	0.0	1.0	False	0.0	0.0	0.0	"[nan nan nan nan nan nan nan nan nan nan nan nan nan nan nan nan nan nan
 nan nan]"	1.0	0.02	5.0
2309.4312599834275	2.0	trials	4.0	1.0	1.0	1.0	0.0	1.0	False	0.0	0.0	0.0	"[nan nan nan nan nan nan nan nan nan nan nan nan nan nan nan nan nan nan
 nan nan]"	1.0	0.02	5.0
2316.264787540973	2.0	trials	4.0	1.0	1.0	1.0	0.0	1.0	False	0.0	0.0	0.0	"[nan nan nan nan nan nan nan nan nan nan nan nan nan nan nan nan nan nan
 nan nan]"	1.0	0.02	5.0
2323.2723241576005	2.0	trials	4.0	1.0	1.0	1.0	0.0	1.0	False	0.0	0.0	0.0	"[nan nan nan nan nan nan nan nan nan nan nan nan nan nan nan nan nan nan
 nan nan]"	1.0	0.02	5.0
2331.990575456362	2.0	trials	4.0	1.0	1.0	1.0	0.0	1.0	False	0.0	0.0	0.0	"[nan nan nan nan nan nan nan nan nan nan nan nan nan nan nan nan nan nan
 nan nan]"	1.0	0.02	5.0
2340.4567987385694	2.0	trials	4.0	1.0	1.0	1.0	0.0	1.0	False	0.0	0.0	0.0	"[nan nan nan nan nan nan nan nan nan nan nan nan nan nan nan nan nan nan
 nan nan]"	1.0	0.02	5.0
2351.553289044424	2.0	trials	4.0	1.0	1.0	1.0	0.0	1.0	False	0.0	0.0	0.0	"[nan nan nan nan nan nan nan nan nan nan nan nan nan nan nan nan nan nan
 nan nan]"	1.0	0.02	5.0
2361.1148017218547	2.0	trials	4.0	1.0	1.0	1.0	0.0	1.0	False	0.0	0.0	0.0	"[nan nan nan nan nan nan nan nan nan nan nan nan nan nan nan nan nan nan
 nan nan]"	1.0	0.02	5.0
2369.7862243661866	2.0	trials	4.0	1.0	1.0	1.0	0.0	1.0	False	0.0	0.0	0.0	"[nan nan nan nan nan nan nan nan nan nan nan nan nan nan nan nan nan nan
 nan nan]"	1.0	0.02	5.0
2375.14516770757	2.0	trials	4.0	1.0	1.0	1.0	0.0	1.0	False	0.0	0.0	0.0	"[nan nan nan nan nan nan nan nan nan nan nan nan nan nan nan nan nan nan
 nan nan]"	1.0	0.02	5.0
2381.112624357352	2.0	trials	4.0	1.0	1.0	1.0	0.0	1.0	False	0.0	0.0	0.0	"[nan nan nan nan nan nan nan nan nan nan nan nan nan nan nan nan nan nan
 nan nan]"	1.0	0.02	5.0
2389.686933703567	2.0	trials	4.0	1.0	1.0	1.0	0.0	1.0	False	0.0	0.0	0.0	"[nan nan nan nan nan nan nan nan nan nan nan nan nan nan nan nan nan nan
 nan nan]"	1.0	0.02	5.0
2398.9746456321245	2.0	trials	4.0	1.0	1.0	1.0	0.0	1.0	False	0.0	0.0	0.0	"[nan nan nan nan nan nan nan nan nan nan nan nan nan nan nan nan nan nan
 nan nan]"	1.0	0.02	5.0
2407.001526280056	2.0	trials	4.0	1.0	1.0	1.0	0.0	1.0	False	0.0	0.0	0.0	"[nan nan nan nan nan nan nan nan nan nan nan nan nan nan nan nan nan nan
 nan nan]"	1.0	0.02	5.0
2412.900640742284	2.0	trials	4.0	1.0	1.0	1.0	0.0	1.0	False	0.0	0.0	0.0	"[nan nan nan nan nan nan nan nan nan nan nan nan nan nan nan nan nan nan
 nan nan]"	1.0	0.02	5.0
2422.411004778713	2.0	trials	4.0	1.0	1.0	1.0	0.0	1.0	False	0.0	0.0	0.0	"[nan nan nan nan nan nan nan nan nan nan nan nan nan nan nan nan nan nan
 nan nan]"	1.0	0.02	5.0
2429.83256890831	2.0	trials	4.0	1.0	1.0	1.0	0.0	1.0	False	0.0	0.0	0.0	"[nan nan nan nan nan nan nan nan nan nan nan nan nan nan nan nan nan nan
 nan nan]"	1.0	0.02	5.0
2436.2286546256705	2.0	trials	4.0	1.0	1.0	1.0	0.0	1.0	False	0.0	0.0	0.0	"[nan nan nan nan nan nan nan nan nan nan nan nan nan nan nan nan nan nan
 nan nan]"	1.0	0.02	5.0
2444.3766676970545	2.0	trials	4.0	1.0	1.0	1.0	0.0	1.0	False	0.0	0.0	0.0	"[nan nan nan nan nan nan nan nan nan nan nan nan nan nan nan nan nan nan
 nan nan]"	1.0	0.02	5.0
2453.3106591251744	2.0	trials	4.0	1.0	1.0	1.0	0.0	1.0	False	0.0	0.0	0.0	"[nan nan nan nan nan nan nan nan nan nan nan nan nan nan nan nan nan nan
 nan nan]"	1.0	0.02	5.0
2461.003432011701	2.0	trials	4.0	1.0	1.0	1.0	0.0	1.0	False	0.0	0.0	0.0	"[nan nan nan nan nan nan nan nan nan nan nan nan nan nan nan nan nan nan
 nan nan]"	1.0	0.02	5.0
2467.35683626174	2.0	trials	4.0	1.0	1.0	1.0	0.0	1.0	False	0.0	0.0	0.0	"[nan nan nan nan nan nan nan nan nan nan nan nan nan nan nan nan nan nan
 nan nan]"	1.0	0.02	5.0
2477.892678710405	2.0	trials	4.0	1.0	1.0	1.0	0.0	1.0	False	0.0	0.0	0.0	"[nan nan nan nan nan nan nan nan nan nan nan nan nan nan nan nan nan nan
 nan nan]"	1.0	0.02	5.0
2485.4176633185125	2.0	trials	4.0	1.0	1.0	1.0	0.0	1.0	False	0.0	0.0	0.0	"[nan nan nan nan nan nan nan nan nan nan nan nan nan nan nan nan nan nan
 nan nan]"	1.0	0.02	5.0
2495.052702167382	2.0	trials	4.0	1.0	1.0	1.0	0.0	1.0	False	0.0	0.0	0.0	"[nan nan nan nan nan nan nan nan nan nan nan nan nan nan nan nan nan nan
 nan nan]"	1.0	0.02	5.0
2501.1488080172494	2.0	trials	4.0	1.0	1.0	1.0	0.0	1.0	False	0.0	0.0	0.0	"[nan nan nan nan nan nan nan nan nan nan nan nan nan nan nan nan nan nan
 nan nan]"	1.0	0.02	5.0
2508.8288801432573	2.0	trials	4.0	1.0	1.0	1.0	0.0	1.0	False	0.0	0.0	0.0	"[nan nan nan nan nan nan nan nan nan nan nan nan nan nan nan nan nan nan
 nan nan]"	1.0	0.02	5.0
2517.276786682403	2.0	trials	4.0	1.0	1.0	1.0	0.0	1.0	False	0.0	0.0	0.0	"[nan nan nan nan nan nan nan nan nan nan nan nan nan nan nan nan nan nan
 nan nan]"	1.0	0.02	5.0
2527.405167997686	2.0	trials	4.0	1.0	1.0	1.0	0.0	1.0	False	0.0	0.0	0.0	"[nan nan nan nan nan nan nan nan nan nan nan nan nan nan nan nan nan nan
 nan nan]"	1.0	0.02	5.0
2538.46329682279	2.0	trials	4.0	1.0	1.0	1.0	0.0	1.0	False	0.0	0.0	0.0	"[nan nan nan nan nan nan nan nan nan nan nan nan nan nan nan nan nan nan
 nan nan]"	1.0	0.02	5.0
2545.261141291259	2.0	trials	4.0	1.0	1.0	1.0	0.0	1.0	False	0.0	0.0	0.0	"[nan nan nan nan nan nan nan nan nan nan nan nan nan nan nan nan nan nan
 nan nan]"	1.0	0.02	5.0
2554.607691436914	2.0	trials	4.0	1.0	1.0	1.0	0.0	1.0	False	0.0	0.0	0.0	"[nan nan nan nan nan nan nan nan nan nan nan nan nan nan nan nan nan nan
 nan nan]"	1.0	0.02	5.0
2560.1428902303974	2.0	trials	4.0	1.0	1.0	1.0	0.0	1.0	False	0.0	0.0	0.0	"[nan nan nan nan nan nan nan nan nan nan nan nan nan nan nan nan nan nan
 nan nan]"	1.0	0.02	5.0
2569.537478626722	2.0	trials	4.0	1.0	1.0	1.0	0.0	1.0	False	0.0	0.0	0.0	"[nan nan nan nan nan nan nan nan nan nan nan nan nan nan nan nan nan nan
 nan nan]"	1.0	0.02	5.0
2580.3612913802126	2.0	trials	4.0	1.0	1.0	1.0	0.0	1.0	False	0.0	0.0	0.0	"[nan nan nan nan nan nan nan nan nan nan nan nan nan nan nan nan nan nan
 nan nan]"	1.0	0.02	5.0
2587.2314524238805	2.0	trials	4.0	1.0	1.0	1.0	0.0	1.0	False	0.0	0.0	0.0	"[nan nan nan nan nan nan nan nan nan nan nan nan nan nan nan nan nan nan
 nan nan]"	1.0	0.02	5.0
2597.767294872545	2.0	trials	4.0	1.0	1.0	1.0	0.0	1.0	False	0.0	0.0	0.0	"[nan nan nan nan nan nan nan nan nan nan nan nan nan nan nan nan nan nan
 nan nan]"	1.0	0.02	5.0
2603.6837756807886	2.0	trials	4.0	1.0	1.0	1.0	0.0	1.0	False	0.0	0.0	0.0	"[nan nan nan nan nan nan nan nan nan nan nan nan nan nan nan nan nan nan
 nan nan]"	1.0	0.02	5.0
2612.635306254387	2.0	trials	4.0	1.0	1.0	1.0	0.0	1.0	False	0.0	0.0	0.0	"[nan nan nan nan nan nan nan nan nan nan nan nan nan nan nan nan nan nan
 nan nan]"	1.0	0.02	5.0
2618.4794704874307	2.0	trials	4.0	1.0	1.0	1.0	0.0	1.0	False	0.0	0.0	0.0	"[nan nan nan nan nan nan nan nan nan nan nan nan nan nan nan nan nan nan
 nan nan]"	1.0	0.02	5.0
2681.582723926959	2.0	trials	5.0	0.0	0.0	0.0	0.0	0.0	True	40.0	0.0	0.005	"[31044947.05707889 31045237.05617741 31045528.05527281 31045817.05437445
 31046106.05347607 31046396.05257458 31046687.05167    31046975.05077473
 31047265.04987324 31047555.04897176 31047845.04807028 31048134.04717191
 31048423.04627354 31048713.04537205 31049003.04447057 31049292.04357219
 31049583.0426676  31049872.04176923 31050161.04087086 31050452.03996626]"	0.0	0.0	0.0
2689.9172740184804	2.0	trials	5.0	0.0	0.0	0.0	0.0	0.0	True	40.0	0.0	0.005	"[31141412.75720851 31141702.75630704 31141993.75540244 31142282.75450407
 31142571.75360569 31142861.75270421 31143150.75180584 31143440.75090436
 31143729.75000598 31144020.74910139 31144309.74820301 31144599.74730153
 31144889.74640005 31145178.74550168 31145468.7446002  31145758.74369871
 31146047.74280034 31146336.74190197 31146627.74099737 31146916.74009901]"	0.0	0.0	0.0
2697.518895188358	2.0	trials	5.0	0.0	0.0	0.0	0.0	0.0	True	40.0	0.0	0.005	"[31229395.48370806 31229684.48280968 31229973.48191131 31230264.48100672
 31230553.48010835 31230843.47920686 31231133.47830538 31231422.477407
 31231712.47650552 31232001.47560715 31232291.47470567 31232581.47380419
 31232869.47290892 31233161.47200122 31233449.47110595 31233740.47020136
 31234029.46930299 31234319.46840151 31234607.46750624 31234898.46660165]"	0.0	0.0	0.0
2705.588975702	2.0	trials	5.0	0.0	0.0	0.0	0.0	0.0	True	40.0	0.0	0.005	"[31322799.1933561  31323088.19245772 31323378.19155623 31323667.19065786
 31323957.18975638 31324246.188858   31324536.18795653 31324825.18705815
 31325115.18615667 31325405.18525518 31325694.18435681 31325985.18345222
 31326275.18255074 31326564.18165236 31326853.18075399 31327143.17985251
 31327432.17895413 31327723.17804955 31328011.17715428 31328301.17625279]"	0.0	0.0	0.0
2711.4992357295814	2.0	trials	5.0	0.0	0.0	0.0	0.0	0.0	True	40.0	0.0	0.005	"[31391203.98071503 31391492.97981665 31391783.97891206 31392072.97801369
 31392362.97711221 31392652.97621072 31392941.97531235 31393231.97441087
 31393521.97350939 31393809.97261412 31394100.97170953 31394389.97081115
 31394679.96990967 31394968.9690113  31395259.96810671 31395548.96720834
 31395838.96630685 31396127.96540847 31396416.96451011 31396706.96360862]"	0.0	0.0	0.0
2718.950694166249	2.0	trials	5.0	0.0	0.0	0.0	0.0	0.0	True	40.0	0.0	0.005	"[31477448.71261724 31477738.71171577 31478027.71081739 31478316.70991902
 31478606.70901753 31478897.70811294 31479186.70721457 31479475.7063162
 31479765.70541471 31480056.70451012 31480344.70361486 31480634.70271337
 31480923.701815   31481213.70091352 31481503.70001203 31481792.69911366
 31482082.69821218 31482372.6973107  31482661.69641233 31482950.69551395]"	0.0	0.0	0.0
2725.2091451114566	2.0	trials	5.0	0.0	0.0	0.0	0.0	0.0	True	40.0	0.0	0.005	"[31549883.48744868 31550174.4865441  31550462.48564883 31550753.48474424
 31551041.48384897 31551331.48294749 31551621.48204601 31551911.48114452
 31552200.48024615 31552491.47934156 31552781.47844008 31553069.47754481
 31553359.47664333 31553649.47574185 31553939.47484036 31554227.4739451
 31554517.47304362 31554807.47214213 31555097.47124065 31555386.47034228]"	0.0	0.0	0.0
2732.381359616172	2.0	trials	5.0	0.0	0.0	0.0	0.0	0.0	True	40.0	0.0	0.005	"[31632895.22940088 31633186.22849629 31633476.22759481 31633764.22669954
 31634054.22579806 31634344.22489658 31634634.22399509 31634924.22309361
 31635212.22219834 31635502.22129686 31635792.22039538 31636082.2194939
 31636371.21859552 31636662.21769094 31636951.21679256 31637240.21589418
 31637529.21499581 31637819.21409433 31638109.21319285 31638400.21228826]"	0.0	0.0	0.0
2739.866945946752	2.0	trials	5.0	0.0	0.0	0.0	0.0	0.0	True	40.0	0.0	0.005	"[31719533.96007833 31719823.95917685 31720113.95827536 31720403.95737388
 31720692.9564755  31720982.95557402 31721272.95467254 31721560.95377728
 31721851.95287268 31722141.9519712  31722430.95107283 31722720.95017134
 31723008.94927608 31723300.94836838 31723587.94747622 31723879.94656852
 31724169.94566704 31724457.94477177 31724747.94387029 31725037.94296881]"	0.0	0.0	0.0
2745.3752744237627	2.0	trials	5.0	0.0	0.0	0.0	0.0	0.0	True	40.0	0.0	0.005	"[31783287.76189518 31783578.76099059 31783867.76009221 31784157.75919073
 31784447.75828924 31784736.75739087 31785026.75648939 31785316.7555879
 31785604.75469264 31785894.75379116 31786183.75289278 31786474.7519882
 31786763.75108982 31787053.75018834 31787343.74928686 31787632.74838848
 31787921.74749011 31788211.74658863 31788501.74568715 31788790.74478877]"	0.0	0.0	0.0
2751.6868612037943	2.0	trials	5.0	0.0	0.0	0.0	0.0	0.0	True	40.0	0.0	0.005	"[31856340.53480553 31856628.53391025 31856917.53301188 31857207.5321104
 31857496.53121202 31857786.53031055 31858076.52940906 31858365.52851069
 31858655.52760921 31858944.52671083 31859235.52580624 31859525.52490476
 31859815.52400327 31860104.5231049  31860393.52220653 31860683.52130505
 31860973.52040356 31861263.51950208 31861551.51860682 31861841.51770534]"	0.0	0.0	0.0
2757.735188002186	2.0	trials	5.0	0.0	0.0	0.0	0.0	0.0	True	40.0	0.0	0.005	"[31926343.31719698 31926632.3162986  31926920.31540334 31927211.31449875
 31927501.31359726 31927791.31269579 31928080.31179741 31928369.31089903
 31928659.30999756 31928949.30909607 31929239.30819459 31929528.30729622
 31929819.30639162 31930109.30549014 31930398.30459177 31930687.30369339
 31930976.30279502 31931266.30189354 31931556.30099205 31931846.30009057]"	0.0	0.0	0.0
2764.76683014388	2.0	trials	5.0	0.0	0.0	0.0	0.0	0.0	True	40.0	0.0	0.005	"[32007727.06420991 32008016.06331154 32008306.06241005 32008597.06150546
 32008886.06060709 32009175.05970871 32009464.05881034 32009755.05790575
 32010044.05700738 32010333.05610901 32010623.05520752 32010914.05430293
 32011202.05340767 32011492.05250618 32011783.05160159 32012071.05070633
 32012361.04980484 32012652.04890025 32012941.04800187 32013231.0471004 ]"	0.0	0.0	0.0
2770.329158453029	2.0	trials	5.0	0.0	0.0	0.0	0.0	0.0	True	40.0	0.0	0.005	"[32072106.86408079 32072395.86318243 32072684.86228405 32072974.86138257
 32073264.86048109 32073554.8595796  32073843.85868123 32074134.85777664
 32074422.85688137 32074712.85597989 32075001.85508152 32075292.85417692
 32075581.85327855 32075870.85238018 32076161.85147558 32076450.85057721
 32076739.84967884 32077030.84877425 32077320.84787276 32077609.84697439]"	0.0	0.0	0.0
2777.6850587867457	2.0	trials	5.0	0.0	0.0	0.0	0.0	0.0	True	40.0	0.0	0.005	"[32157244.59942419 32157533.59852583 32157823.59762434 32158112.59672597
 32158403.59582137 32158691.59492611 32158982.59402152 32159272.59312003
 32159561.59222166 32159850.59132329 32160140.59042181 32160429.58952343
 32160719.58862195 32161010.58771736 32161298.58682209 32161589.5859175
 32161879.58501602 32162168.58411765 32162458.58321616 32162747.58231778]"	0.0	0.0	0.0
2783.882943520227	2.0	trials	5.0	0.0	0.0	0.0	0.0	0.0	True	40.0	0.0	0.005	"[32228979.37643162 32229267.37553636 32229558.37463177 32229848.37373028
 32230137.37283191 32230426.37193354 32230716.37103206 32231005.37013369
 32231296.36922909 32231584.36833382 32231875.36742924 32232164.36653086
 32232454.36562938 32232743.36473101 32233033.36382952 32233323.36292804
 32233612.36202966 32233901.36113129 32234191.36022981 32234482.35932522]"	0.0	0.0	0.0
2790.7035975177905	2.0	trials	5.0	0.0	0.0	0.0	0.0	0.0	True	40.0	0.0	0.005	"[32307921.13103566 32308211.13013418 32308500.12923581 32308789.12833743
 32309081.12742973 32309369.12653447 32309660.12562987 32309949.1247315
 32310238.12383313 32310528.12293164 32310817.12203327 32311108.12112867
 32311396.12023341 32311687.11932882 32311977.11842734 32312266.11752896
 32312555.1166306  32312845.11572911 32313134.11483073 32313424.11392925]"	0.0	0.0	0.0
2796.508017874381	2.0	trials	5.0	0.0	0.0	0.0	0.0	0.0	True	40.0	0.0	0.005	"[32375101.92219948 32375390.9213011  32375681.92039651 32375969.91950124
 32376259.91859976 32376550.91769517 32376839.9167968  32377128.91589842
 32377418.91499694 32377708.91409545 32377997.91319708 32378287.9122956
 32378577.91139412 32378866.91049574 32379156.90959426 32379446.90869278
 32379736.90779129 32380025.90689292 32380314.90599455 32380604.90509307]"	0.0	0.0	0.0
2803.376969321809	2.0	trials	5.0	0.0	0.0	0.0	0.0	0.0	True	40.0	0.0	0.005	"[32454605.6750565  32454894.67415812 32455184.67325664 32455473.67235827
 32455763.67145678 32456052.67055841 32456341.66966004 32456631.66875855
 32456922.66785397 32457212.66695248 32457500.66605722 32457790.66515573
 32458080.66425425 32458370.66335277 32458658.6624575  32458948.66155602
 32459238.66065453 32459527.65975616 32459818.65885157 32460107.6579532 ]"	0.0	0.0	0.0
2808.7721141506586	2.0	trials	5.0	0.0	0.0	0.0	0.0	0.0	True	40.0	0.0	0.005	"[32517047.48095177 32517337.48005029 32517337.48005029 32517626.47915192
 32517916.47825044 32518207.47734584 32518495.47645058 32518785.4755491
 32519075.47464762 32519364.47374924 32519655.47284465 32519944.47194628
 32520234.4710448  32520524.47014331 32520814.46924184 32521102.46834657
 32521392.46744508 32521683.46654049 32521972.46564212 32522262.46474063]"	0.0	0.0	0.0
2816.7992539977845	2.0	trials	5.0	0.0	0.0	0.0	0.0	0.0	True	40.0	0.0	0.005	"[32522550.46384537 32609956.19213855 32610245.19124018 32610534.1903418
 32610823.18944343 32611114.18853884 32611402.18764357 32611693.18673898
 32611981.18584371 32612272.18493912 32612561.18404075 32612851.18313927
 32613140.1822409  32613430.18133941 32613719.18044104 32614009.17953955
 32614299.17863807 32614590.17773348 32614879.1768351  32615168.17593674]"	0.0	0.0	0.0
2823.6090216291896	2.0	trials	5.0	0.0	0.0	0.0	0.0	0.0	True	40.0	0.0	0.005	"[32615457.17503836 32688771.94713427 32689060.94623589 32689350.94533441
 32689640.94443293 32689928.94353766 32690219.94263307 32690508.94173469
 32690798.94083321 32691088.93993173 32691378.93903025 32691666.93813499
 32691957.93723039 32692246.93633202 32692537.93542743 32692826.93452905
 32693115.93363068 32693404.9327323  32693694.93183082 32693984.93092934]"	0.0	0.0	0.0
2829.159081176477	2.0	trials	5.0	0.0	0.0	0.0	0.0	0.0	True	40.0	0.0	0.005	"[32694274.93002785 32753008.74744968 32753298.74654819 32753586.74565293
 32753876.74475145 32754166.74384997 32754455.74295159 32754745.74205011
 32755036.74114552 32755324.74025026 32755615.73934566 32755903.7384504
 32756194.73754581 32756484.73664432 32756773.73574595 32757062.73484758
 32757353.73394298 32757642.73304461 32757931.73214623 32758222.73124165]"	0.0	0.0	0.0
2837.193478601042	2.0	trials	5.0	0.0	0.0	0.0	0.0	0.0	True	40.0	0.0	0.005	"[32758511.73034327 32845998.45838466 32846288.45748318 32846288.45748318
 32846577.45658481 32846868.45568021 32847157.45478184 32847446.45388347
 32847735.45298509 32848026.4520805  32848315.45118213 32848605.45028064
 32848894.44938227 32849184.44848078 32849474.4475793  32849764.44667782
 32850052.44578256 32850342.44488107 32850633.44397648 32850923.443075  ]"	0.0	0.0	0.0
2842.8450578327484	2.0	trials	5.0	0.0	0.0	0.0	0.0	0.0	True	40.0	0.0	0.005	"[32851211.44217973 32851501.44127825 32911411.2550444  32911701.25414293
 32911989.25324766 32912279.25234617 32912569.25144469 32912858.25054632
 32913148.24964484 32913437.24874646 32913728.24784187 32914018.24694039
 32914306.24604512 32914597.24514053 32914886.24424216 32915177.24333757
 32915465.2424423  32915754.24154393 32916044.24064245 32916334.23974097]"	0.0	0.0	0.0
2850.8490425518535	2.0	trials	5.0	0.0	0.0	0.0	0.0	0.0	True	40.0	0.0	0.005	"[32916623.23884259 32916913.23794111 33004048.9670736  33004339.96616901
 33004627.96527375 33004918.96436915 33005207.96347078 33005497.9625693
 33005787.96166781 33006075.96077254 33006365.95987107 33006655.95896958
 33006945.9580681  33007234.95716973 33007523.95627135 33007814.95536676
 33008104.95446528 33008393.95356691 33008683.95266542 33008973.95176394]"	0.0	0.0	0.0
2856.3272175225984	2.0	trials	5.0	0.0	0.0	0.0	0.0	0.0	True	40.0	0.0	0.005	"[33009263.95086246 33009552.94996409 33067453.76997534 33067743.76907385
 33068034.76816927 33068323.76727089 33068612.76637251 33068901.76547414
 33069191.76457266 33069482.76366807 33069771.76276969 33070061.76186822
 33070351.76096673 33070640.76006835 33070930.75916687 33071220.75826539
 33071509.75736701 33071798.75646864 33072088.75556716 33072377.75466878]"	0.0	0.0	0.0
2863.7913767197856	2.0	trials	5.0	0.0	0.0	0.0	0.0	0.0	True	40.0	0.0	0.005	"[33072667.75376731 33072957.75286582 33153844.50142371 33154134.50052223
 33154423.49962385 33154713.49872237 33155004.49781778 33155293.4969194
 33155583.49601792 33155872.49511955 33156161.49422117 33156452.49331658
 33156742.4924151  33157030.49151983 33157321.49061524 33157610.48971687
 33157899.48881849 33158190.48791391 33158479.48701553 33158768.48611715]"	0.0	0.0	0.0
2871.297266987249	2.0	trials	5.0	0.0	0.0	0.0	0.0	0.0	True	40.0	0.0	0.005	"[33159058.48521568 33159347.4843173  33240719.23136753 33241008.23046916
 33241299.22956457 33241588.2286662  33241878.22776471 33242166.22686944
 33242457.22596486 33242747.22506337 33243037.22416189 33243326.22326352
 33243616.22236204 33243905.22146366 33244194.22056529 33244485.2196607
 33244773.21876543 33245064.21786083 33245353.21696246 33245643.21606098]"	0.0	0.0	0.0
2877.5015453008555	2.0	trials	5.0	0.0	0.0	0.0	0.0	0.0	True	40.0	0.0	0.005	"[33245932.21516261 33246223.21425802 33312528.00814493 33312817.00724655
 33313106.00634818 33313396.00544669 33313686.00454522 33313975.00364684
 33314265.00274536 33314554.00184699 33314844.0009455  33315135.00004091
 33315422.99914565 33315713.99824106 33316002.99734268 33316291.99644431
 33316581.99554282 33316870.99464446 33317160.99374297 33317449.99284459]"	0.0	0.0	0.0
2884.2393419559867	2.0	trials	5.0	0.0	0.0	0.0	0.0	0.0	True	40.0	0.0	0.005	"[33317739.99194311 33318029.99104163 33390511.76572697 33390801.76482548
 33391090.76392711 33391379.76302874 33391669.76212725 33391958.76122888
 33392248.7603274  33392537.75942902 33392826.75853065 33393118.75762295
 33393407.75672458 33393696.7558262  33393986.75492472 33394275.75402634
 33394566.75312175 33394856.75222027 33395144.751325   33395434.75042352]"	0.0	0.0	0.0
2889.6757858564556	2.0	trials	5.0	0.0	0.0	0.0	0.0	0.0	True	40.0	0.0	0.005	"[33395724.74952204 33396013.74862367 33453432.57013325 33453721.56923487
 33454011.56833339 33454302.56742879 33454590.56653353 33454881.56562894
 33455171.56472746 33455459.56383219 33455749.56293071 33456038.56203234
 33456328.56113086 33456618.56022937 33456908.55932789 33457197.55842951
 33457488.55752492 33457777.55662655 33458067.55572507 33458356.55482669]"	0.0	0.0	0.0
2895.2976435805535	2.0	trials	5.0	0.0	0.0	0.0	0.0	0.0	True	40.0	0.0	0.005	"[33458646.55392521 33458936.55302373 33518500.36786545 33518791.36696085
 33519079.36606559 33519369.3651641  33519660.36425951 33519949.36336114
 33520239.36245966 33520528.36156129 33520818.3606598  33521108.35975832
 33521397.35885995 33521686.35796157 33521977.35705698 33522265.35616172
 33522556.35525712 33522845.35435875 33523136.35345416 33523424.35255889]"	0.0	0.0	0.0
2901.5455537585276	2.0	trials	5.0	0.0	0.0	0.0	0.0	0.0	True	40.0	0.0	0.005	"[33523715.3516543  33524003.35075903 33590814.14307302 33591104.14217153
 33591394.14127006 33591684.14036857 33591974.13946709 33592263.13856871
 33592553.13766723 33592843.13676575 33593132.13586737 33593421.134969
 33593711.13406752 33594001.13316604 33594290.13226766 33594580.13136619
 33594870.1304647  33595160.12956321 33595450.12866174 33595739.12776336]"	0.0	0.0	0.0
2907.777479986189	2.0	trials	5.0	0.0	0.0	0.0	0.0	0.0	True	40.0	0.0	0.005	"[33596028.12686498 33596317.12596661 33662942.91885567 33663232.91795419
 33663522.91705271 33663811.91615433 33664101.91525286 33664391.91435137
 33664681.91344989 33664969.91255462 33665260.91165003 33665548.91075477
 33665839.90985017 33666128.9089518  33666419.90804721 33666706.90715505
 33666998.90624736 33667286.90535209 33667577.9044475  33667867.90354601]"	0.0	0.0	0.0
2913.5854427317677	2.0	trials	5.0	0.0	0.0	0.0	0.0	0.0	True	40.0	0.0	0.005	"[33668155.90265075 33668446.90174616 33730164.70989203 33730455.70898745
 33730744.70808908 33731034.70718759 33731324.70628611 33731612.70539085
 33731903.70448624 33732191.70359098 33732482.7026864  33732772.70178491
 33733062.70088343 33733351.69998506 33733641.69908357 33733931.69818209
 33734219.69728682 33734510.69638224 33734800.69548075 33735088.69458549]"	0.0	0.0	0.0
2919.501577941086	2.0	trials	5.0	0.0	0.0	0.0	0.0	0.0	True	40.0	0.0	0.005	"[33735378.693684   33735668.69278252 33798639.49703337 33798928.496135
 33799218.49523352 33799507.49433514 33799797.49343366 33800087.49253218
 33800377.49163069 33800666.49073232 33800956.48983084 33801246.48892935
 33801536.48802787 33801824.48713261 33802115.48622801 33802403.48533275
 33802694.48442816 33802983.48352978 33803273.48262831 33803562.48172993]"	0.0	0.0	0.0
2926.545748043836	2.0	trials	5.0	0.0	0.0	0.0	0.0	0.0	True	40.0	0.0	0.005	"[33803853.48082534 33804141.47993007 33880168.24359556 33880459.24269097
 33880748.2417926  33881038.24089111 33881327.23999274 33881616.23909437
 33881907.23818978 33882195.23729451 33882485.23639303 33882775.23549155
 33883065.23459006 33883355.23368858 33883644.23279021 33883934.23188872
 33884224.23098724 33884514.23008576 33884802.2291905  33885093.2282859 ]"	0.0	0.0	0.0
2933.896377993935	2.0	trials	5.0	0.0	0.0	0.0	0.0	0.0	True	40.0	0.0	0.005	"[33885381.22739064 33885671.22648916 33965245.97912547 33965534.9782271
 33965824.97732561 33966114.97642414 33966403.97552576 33966693.97462428
 33966982.9737259  33967272.97282442 33967561.97192605 33967852.97102146
 33968142.97011997 33968430.96922471 33968720.96832323 33969009.96742485
 33969300.96652026 33969590.96561878 33969879.96472041 33970168.96382202]"	0.0	0.0	0.0
2940.861665141898	2.0	trials	5.0	0.0	0.0	0.0	0.0	0.0	True	40.0	0.0	0.005	"[33970458.96292055 33970748.96201906 34045861.72852578 34046150.7276274
 34046441.72672281 34046729.72582754 34047019.72492606 34047311.72401837
 34047600.72311999 34047888.72222473 34048179.72132013 34048468.72042175
 34048758.71952028 34049048.7186188  34049337.71772043 34049627.71681894
 34049917.71591746 34050207.71501597 34050497.71411449 34050786.71321612]"	0.0	0.0	0.0
2946.069322553564	2.0	trials	5.0	0.0	0.0	0.0	0.0	0.0	True	40.0	0.0	0.005	"[34051075.71231774 34051364.71141937 34106135.54116042 34106426.54025582
 34106714.53936056 34107005.53845596 34107295.53755449 34107585.536653
 34107873.53575774 34108164.53485315 34108452.53395788 34108742.5330564
 34109033.53215181 34109321.53125654 34109611.53035506 34109901.52945358
 34110191.52855209 34110481.52765061 34110770.52675224 34111059.52585386]"	0.0	0.0	0.0
2951.425587503274	2.0	trials	5.0	0.0	0.0	0.0	0.0	0.0	True	40.0	0.0	0.005	"[34111350.52494927 34111638.52405401 34168130.34844522 34168420.34754374
 34168709.34664536 34168998.34574699 34169288.34484551 34169578.34394403
 34169867.34304565 34170157.34214417 34170446.3412458  34170736.34034432
 34171025.33944594 34171315.33854446 34171605.33764298 34171895.33674149
 34172183.33584622 34172474.33494164 34172763.33404326 34173053.33314178]"	0.0	0.0	0.0
2956.887692123975	2.0	trials	5.0	0.0	0.0	0.0	0.0	0.0	True	40.0	0.0	0.005	"[34173343.3322403  34173632.33134192 34231347.15193137 34231638.15102678
 34231929.15012219 34232217.14922692 34232508.14832233 34232798.14742085
 34233086.14652558 34233377.14562099 34233666.14472261 34233955.14382424
 34234245.14292276 34234535.14202128 34234824.14112291 34235114.14022142
 34235405.13931683 34235694.13841846 34235982.13752319 34236273.1366186 ]"	0.0	0.0	0.0
2962.4794827415385	2.0	trials	5.0	0.0	0.0	0.0	0.0	0.0	True	40.0	0.0	0.005	"[34236562.13572023 34236853.13481563 34296067.95074224 34296357.94984076
 34296646.94894238 34296936.9480409  34297227.94713631 34297515.94624104
 34297806.94533645 34298095.94443808 34298384.9435397  34298675.94263511
 34298963.94173985 34299253.94083837 34299543.93993688 34299832.93903851
 34300123.93813392 34300413.93723243 34300701.93633717 34300992.93543258]"	0.0	0.0	0.0
2970.5561296347682	2.0	trials	5.0	0.0	0.0	0.0	0.0	0.0	True	40.0	0.0	0.005	"[34301280.93453731 34301570.93363583 34389547.66015403 34389837.65925254
 34390128.65834795 34390418.65744647 34390707.6565481  34390996.65564972
 34391286.65474824 34391574.65385297 34391865.65294838 34392154.65205
 34392445.65114542 34392735.65024393 34393023.64934866 34393313.64844719
 34393603.6475457  34393892.64664733 34394183.64574274 34394471.64484747]"	0.0	0.0	0.0
2976.230604795302	2.0	trials	5.0	0.0	0.0	0.0	0.0	0.0	True	40.0	0.0	0.005	"[34394761.64394599 34395052.64304139 34455224.45599312 34455515.45508852
 34455804.45419014 34456094.45328866 34456383.45239029 34456673.45148881
 34456962.45059043 34457252.44968896 34457541.44879058 34457831.44788909
 34458122.44698451 34458409.44609235 34458701.44518465 34458991.44428317
 34459280.44338479 34459569.44248642 34459858.44158804 34460148.44068656]"	0.0	0.0	0.0
2981.5718361917448	2.0	trials	5.0	0.0	0.0	0.0	0.0	0.0	True	40.0	0.0	0.005	"[34460438.43978508 34460727.4388867  34517045.2638188  34517335.26291732
 34517625.26201584 34517913.26112058 34518204.26021598 34518494.25931451
 34518783.25841612 34519072.25751776 34519363.25661317 34519651.2557179
 34519942.25481331 34520231.25391493 34520520.25301656 34520811.25211197
 34521100.2512136  34521390.25031211 34521680.24941063 34521969.24851225]"	0.0	0.0	0.0
2989.5273506615226	2.0	trials	5.0	0.0	0.0	0.0	0.0	0.0	True	40.0	0.0	0.005	"[34522258.24761388 34522548.2467124  34609121.9775919  34609412.97668731
 34609702.97578583 34609991.97488745 34610280.97398908 34610571.97308449
 34610859.97218923 34611148.97129085 34611439.97038626 34611728.96948789
 34612019.96858329 34612309.96768182 34612598.96678344 34612888.96588196
 34613177.96498358 34613467.9640821  34613756.96318372 34614047.96227913]"	0.0	0.0	0.0
2997.4241997136655	2.0	trials	5.0	0.0	0.0	0.0	0.0	0.0	True	40.0	0.0	0.005	"[34614336.96138076 34614626.96047928 34700521.69346949 34700810.69257112
 34701100.69166964 34701389.69077126 34701679.68986978 34701969.6889683
 34702257.68807304 34702548.68716844 34702837.68627007 34703127.68536859
 34703417.68446711 34703707.68356562 34703996.68266725 34704286.68176576
 34704575.68086739 34704865.67996591 34705155.67906443 34705445.67816295]"	0.0	0.0	0.0
3003.825642214375	2.0	trials	5.0	0.0	0.0	0.0	0.0	0.0	True	40.0	0.0	0.005	"[34705734.67726457 34706024.67636309 34774612.46315315 34774901.46225478
 34775191.46135329 34775481.46045182 34775770.45955345 34776060.45865196
 34776349.45775358 34776640.456849   34776928.45595373 34777218.45505224
 34777509.45414766 34777798.45324928 34778087.45235091 34778377.45144942
 34778667.45054794 34778957.44964647 34779246.44874809 34779536.44784661]"	0.0	0.0	0.0
3024.788981848502	2.0	trials	6.0	0.0	0.0	0.0	0.0	0.0	True	40.0	0.0	0.005	"[34779825.44694824 34780116.44604363 35017242.70892007 35017532.70801859
 35017822.7071171  35018111.70621873 35018400.70532036 35018691.70441577
 35018980.70351739 35019270.70261591 35019559.70171753 35019849.70081606
 35020139.69991457 35020428.69901619 35020719.69811161 35021008.69721323
 35021298.69631175 35021587.69541337 35021877.69451189 35022166.69361352]"	0.0	0.0	0.0
3032.7643682565063	2.0	trials	6.0	0.0	0.0	0.0	0.0	0.0	True	40.0	0.0	0.005	"[35022456.69271203 35022746.69181056 35109551.42197198 35109840.42107361
 35110129.42017523 35110420.41927064 35110710.41836916 35110998.41747389
 35111289.4165693  35111579.41566782 35111868.41476945 35112158.41386797
 35112447.41296959 35112736.41207122 35113027.41116662 35113316.41026825
 35113605.40936988 35113895.40846839 35114185.40756691 35114474.40666854]"	0.0	0.0	0.0
3039.9090212468986	2.0	trials	6.0	0.0	0.0	0.0	0.0	0.0	True	40.0	0.0	0.005	"[35114764.40576705 35115054.40486557 35192244.16491581 35192533.16401743
 35192823.16311595 35193113.16221447 35193402.16131609 35193693.1604115
 35193981.15951624 35194273.15860854 35194561.15771327 35194850.1568149
 35195140.15591341 35195431.15500882 35195720.15411045 35196009.15321208
 35196300.15230748 35196589.15140911 35196878.15051074 35197168.14960925]"	0.0	0.0	0.0
3045.87950188728	2.0	trials	6.0	0.0	0.0	0.0	0.0	0.0	True	40.0	0.0	0.005	"[35197457.14871088 35197748.14780629 35261346.95010497 35261636.94920348
 35261925.94830511 35262215.94740362 35262504.94650526 35262794.94560377
 35263083.9447054  35263373.94380391 35263663.94290244 35263952.94200406
 35264243.94109946 35264532.9402011  35264821.93930272 35265112.93839813
 35265400.93750286 35265691.93659827 35265980.9356999  35266270.93479841]"	0.0	0.0	0.0
3052.389116851729	2.0	trials	6.0	0.0	0.0	0.0	0.0	0.0	True	40.0	0.0	0.005	"[35266560.93389693 35266849.93299856 35336689.71589671 35336978.71499833
 35337269.71409374 35337559.71319226 35337848.71229389 35338138.7113924
 35338428.71049092 35338717.70959255 35339007.70869107 35339296.7077927
 35339585.70689432 35339874.70599595 35340165.70509136 35340455.70418987
 35340744.7032915  35341033.70239312 35341323.70149164 35341613.70059016]"	0.0	0.0	0.0
3060.2437164352064	2.0	trials	6.0	0.0	0.0	0.0	0.0	0.0	True	40.0	0.0	0.005	"[35341902.69969179 35342192.6987903  35427598.4333006  35427889.43239602
 35428178.43149763 35428468.43059616 35428757.42969778 35429047.4287963
 35429337.42789482 35429625.42699955 35429916.42609496 35430205.42519659
 35430495.42429511 35430783.42339984 35431074.42249525 35431364.42159376
 35431654.42069228 35431943.41979391 35432233.41889243 35432522.41799405]"	0.0	0.0	0.0
3065.811228728241	2.0	trials	6.0	0.0	0.0	0.0	0.0	0.0	True	40.0	0.0	0.005	"[35432813.41708946 35433102.41619109 35492038.23298498 35492328.2320835
 35492617.23118512 35492906.23028675 35493196.22938526 35493486.22848379
 35493776.2275823  35494066.22668082 35494354.22578556 35494644.22488407
 35494935.22397948 35495223.22308422 35495513.22218273 35495804.22127814
 35496093.22037977 35496383.21947829 35496672.21857991 35496962.21767843]"	0.0	0.0	0.0
3071.320334802835	2.0	trials	6.0	0.0	0.0	0.0	0.0	0.0	True	40.0	0.0	0.005	"[35497252.21677695 35497541.21587858 35555800.03477696 35556089.03387859
 35556379.0329771  35556669.03207562 35556959.03117414 35557248.03027576
 35557538.02937428 35557827.02847591 35558118.02757132 35558408.02666984
 35558697.02577146 35558987.02486998 35559277.0239685  35559567.02306701
 35559856.02216864 35560145.02127027 35560434.02037189 35560724.01947041]"	0.0	0.0	0.0
3077.223423652708	2.0	trials	6.0	0.0	0.0	0.0	0.0	0.0	True	40.0	0.0	0.005	"[35561013.01857204 35561303.01767055 35624123.82238769 35624412.82148931
 35624702.82058784 35624991.81968945 35625282.81878487 35625571.81788649
 35625861.816985   35626151.81608353 35626440.81518516 35626730.81428368
 35627020.81338219 35627308.81248692 35627598.81158544 35627888.81068396
 35628177.80978558 35628467.8088841  35628758.80797951 35629047.80708113]"	0.0	0.0	0.0
3084.9634571923216	2.0	trials	6.0	0.0	0.0	0.0	0.0	0.0	True	40.0	0.0	0.005	"[35629337.80617966 35629626.80528128 35713707.54391042 35713996.54301205
 35714286.54211057 35714575.54121219 35714865.54031071 35715155.53940924
 35715444.53851086 35715734.53760938 35716024.53670789 35716314.53580641
 35716604.53490493 35716892.53400966 35717182.53310818 35717472.5322067
 35717762.53130521 35718052.53040373 35718341.52950536 35718631.52860387]"	0.0	0.0	0.0
3093.0154801620974	2.0	trials	6.0	0.0	0.0	0.0	0.0	0.0	True	40.0	0.0	0.005	"[35718920.52770551 35719210.52680402 35806901.25421126 35807190.25331289
 35807480.2524114  35807770.25150992 35808060.25060844 35808350.24970695
 35808640.24880548 35808930.24790399 35809218.24700873 35809509.24610414
 35809797.24520887 35810088.24430428 35810377.24340591 35810667.24250443
 35810957.24160294 35811247.24070145 35811536.23980308 35811826.23890161]"	0.0	0.0	0.0
3099.7959582845506	2.0	trials	6.0	0.0	0.0	0.0	0.0	0.0	True	40.0	0.0	0.005	"[35812115.23800322 35812404.23710485 35885380.01025456 35885670.00935308
 35885959.0084547  35886249.00755322 35886539.00665174 35886828.00575336
 35887118.00485189 35887408.0039504  35887697.00305203 35887987.00215054
 35888276.00125217 35888566.00035068 35888854.99945232 35889144.99855082
 35889434.99764935 35889723.99675097 35890014.99584638 35890302.99495111]"	0.0	0.0	0.0
3105.610746608911	2.0	trials	6.0	0.0	0.0	0.0	0.0	0.0	True	40.0	0.0	0.005	"[35890593.99404652 35890882.99314815 35952680.80104534 35952970.80014386
 35953259.79924549 35953548.79834712 35953839.79744253 35954129.79654104
 35954417.79564577 35954707.79474429 35954998.7938397  35955287.79294132
 35955576.79204296 35955866.79114147 35956156.79023998 35956445.78934161
 35956735.78844013 35957025.78753866 35957314.78664028 35957604.7857388 ]"	0.0	0.0	0.0
3113.1811774757457	2.0	trials	6.0	0.0	0.0	0.0	0.0	0.0	True	40.0	0.0	0.005	"[35957893.78484042 35958183.78393894 36040301.52867018 36040591.5277687
 36040879.52687344 36041169.52597195 36041459.52507047 36041748.5241721
 36042038.52327061 36042328.52236913 36042618.52146765 36042907.52056928
 36043195.51967401 36043486.51876942 36043776.51786795 36044066.51696645
 36044355.51606808 36044644.51516971 36044934.51426823 36045223.51336985]"	0.0	0.0	0.0
3121.078199327352	2.0	trials	6.0	0.0	0.0	0.0	0.0	0.0	True	40.0	0.0	0.005	"[36045513.51246837 36045803.51156688 36131702.24454467 36131992.24364319
 36132281.24274482 36132571.24184333 36132861.24094184 36133150.24004348
 36133439.2391451  36133730.23824051 36134020.23733903 36134308.23644376
 36134598.23554228 36134888.2346408  36135178.23373931 36135467.23284093
 36135757.23193946 36136047.23103797 36136336.23013961 36136625.22924122]"	0.0	0.0	0.0
3127.317555931915	2.0	trials	6.0	0.0	0.0	0.0	0.0	0.0	True	40.0	0.0	0.005	"[36136916.22833664 36137205.22743826 36203917.02005999 36204207.0191585
 36204497.01825702 36204785.01736176 36205076.01645717 36205365.01555879
 36205655.01465731 36205944.01375894 36206235.01285435 36206524.01195597
 36206813.01105759 36207103.01015612 36207393.00925463 36207683.00835315
 36207972.00745478 36208262.00655329 36208551.00565492 36208840.00475655]"	0.0	0.0	0.0
3133.2152015987094	2.0	trials	6.0	0.0	0.0	0.0	0.0	0.0	True	40.0	0.0	0.005	"[36209131.00385196 36209420.00295359 36272175.80787277 36272465.80697129
 36272756.8060667  36273045.80516832 36273335.80426685 36273623.80337158
 36273914.80246699 36274204.80156551 36274493.80066713 36274782.79976876
 36275073.79886416 36275361.79796889 36275652.79706431 36275942.79616282
 36276231.79526445 36276521.79436297 36276810.79346459 36277100.79256312]"	0.0	0.0	0.0
3141.3153492188862	2.0	trials	6.0	0.0	0.0	0.0	0.0	0.0	True	40.0	0.0	0.005	"[36277390.79166164 36277679.79076326 36365928.51643592 36366218.51553445
 36366506.51463918 36366798.51373147 36367086.51283621 36367376.51193473
 36367666.51103324 36367956.51013176 36368244.50923649 36368534.50833502
 36368825.50743042 36369113.50653516 36369404.50563057 36369694.50472908
 36369982.50383382 36370273.50292923 36370562.50203086 36370851.50113248]"	0.0	0.0	0.0
3146.6673805817563	2.0	trials	6.0	0.0	0.0	0.0	0.0	0.0	True	40.0	0.0	0.005	"[36371141.500231   36371431.49932951 36427872.32387926 36428162.32297778
 36428451.32207941 36428742.32117482 36429031.32027644 36429320.31937807
 36429611.31847347 36429901.317572   36430189.31667673 36430478.31577836
 36430769.31487377 36431059.31397228 36431349.3130708  36431638.31217243
 36431928.31127094 36432218.31036946 36432506.3094742  36432797.3085696 ]"	0.0	0.0	0.0
3154.155299705084	2.0	trials	6.0	0.0	0.0	0.0	0.0	0.0	True	40.0	0.0	0.005	"[36433087.30766812 36433376.30676975 36514538.05447278 36514828.0535713
 36515119.05266671 36515408.05176834 36515697.05086996 36515987.04996847
 36516276.0490701  36516566.04816862 36516856.04726714 36517146.04636566
 36517435.04546729 36517725.0445658  36518014.04366743 36518305.04276284
 36518594.04186446 36518883.04096609 36519173.0400646  36519463.03916312]"	0.0	0.0	0.0
3161.6197181014654	2.0	trials	6.0	0.0	0.0	0.0	0.0	0.0	True	40.0	0.0	0.005	"[36519753.03826164 36520042.03736326 36600931.78591183 36601221.78501034
 36601510.78411197 36601800.78321049 36602091.7823059  36602380.78140752
 36602669.78050915 36602958.77961077 36603248.77870929 36603539.7778047
 36603827.77690943 36604117.77600795 36604406.77510957 36604697.77420499
 36604987.7733035  36605276.77240513 36605566.77150365 36605856.77060217]"	0.0	0.0	0.0
3168.7055328747597	2.0	trials	6.0	0.0	0.0	0.0	0.0	0.0	True	40.0	0.0	0.005	"[36606145.76970379 36606435.76880231 36682944.53096947 36683233.53007109
 36683523.52916962 36683813.52826813 36684102.52736975 36684392.52646828
 36684681.5255699  36684972.52466531 36685261.52376693 36685550.52286857
 36685840.52196708 36686130.52106559 36686420.52016412 36686709.51926575
 36686998.51836737 36687289.51746278 36687579.5165613  36687867.51566603]"	0.0	0.0	0.0
3175.9956830128654	2.0	trials	6.0	0.0	0.0	0.0	0.0	0.0	True	40.0	0.0	0.005	"[36688157.51476455 36688446.51386617 36767321.26867848 36767610.26778011
 36767900.26687863 36768189.26598025 36768478.26508188 36768768.2641804
 36769058.26327891 36769348.26237743 36769638.26147595 36769927.26057757
 36770216.2596792  36770506.25877772 36770797.25787313 36771085.25697786
 36771375.25607638 36771665.2551749  36771955.25427341 36772244.25337504]"	0.0	0.0	0.0
3183.291708332706	2.0	trials	6.0	0.0	0.0	0.0	0.0	0.0	True	40.0	0.0	0.005	"[36772533.25247666 36772823.25157519 36851766.00617611 36852055.00527774
 36852344.00437936 36852635.00347477 36852924.0025764  36853214.00167491
 36853503.00077654 36853792.99987505 36854081.99897669 36854371.9980752
 36854661.99717372 36854951.99627224 36855241.99537075 36855529.99447549
 36855819.99357401 36856109.99267253 36856398.99177415 36856688.99087267]"	0.0	0.0	0.0
3190.317907291321	2.0	trials	6.0	0.0	0.0	0.0	0.0	0.0	True	40.0	0.0	0.005	"[36856979.98996808 36857268.98906971 36933086.75338489 36933375.75248651
 36933666.75158191 36933956.75068044 36934245.74978206 36934535.74888058
 36934824.7479822  36935113.74708384 36935404.74617924 36935692.74528398
 36935982.74438249 36936272.743481   36936562.74257953 36936852.74167804
 36937142.74077656 36937431.73987819 36937720.73897981 36938011.73807523]"	0.0	0.0	0.0
3195.6155932231277	2.0	trials	6.0	0.0	0.0	0.0	0.0	0.0	True	40.0	0.0	0.005	"[36938300.73717685 36938590.73627537 36994403.5627773  36994692.56187891
 36994982.56097744 36995272.56007595 36995561.55917758 36995851.55827609
 36996141.55737461 36996429.55647935 36996720.55557476 36997010.55467327
 36997300.55377179 36997589.55287342 36997879.55197193 36998169.55107045
 36998458.55017208 36998747.54927371 36999036.54837532 36999327.54747074]"	0.0	0.0	0.0
3203.6701217851137	2.0	trials	6.0	0.0	0.0	0.0	0.0	0.0	True	40.0	0.0	0.005	"[36999616.54657236 36999906.54567088 37087627.27298487 37087916.2720865
 37088205.27118812 37088496.27028353 37088785.26938516 37089074.26848678
 37089364.26758529 37089653.26668692 37089943.26578544 37090233.26488396
 37090523.26398247 37090813.26308099 37091102.26218262 37091392.26128113
 37091681.26038276 37091971.25948129 37092261.2585798  37092550.25768142]"	0.0	0.0	0.0
3210.429172774174	2.0	trials	6.0	0.0	0.0	0.0	0.0	0.0	True	40.0	0.0	0.005	"[37092839.25678305 37093130.25587846 37165856.02980531 37166145.02890693
 37166435.02800545 37166726.02710086 37167015.02620248 37167305.02530101
 37167595.02439952 37167884.02350114 37168173.02260277 37168464.02169818
 37168753.02079981 37169043.01989833 37169331.01900306 37169621.01810158
 37169912.01719698 37170200.01630172 37170491.01539713 37170781.01449565]"	0.0	0.0	0.0
3218.289647539389	2.0	trials	6.0	0.0	0.0	0.0	0.0	0.0	True	40.0	0.0	0.005	"[37171070.01359727 37171359.0126989  37256833.74699471 37257123.74609324
 37257412.74519485 37257703.74429026 37257991.743395   37258281.74249352
 37258571.74159203 37258860.74069366 37259151.73978907 37259440.73889069
 37259730.73798921 37260020.73708773 37260310.73618625 37260599.73528787
 37260888.7343895  37261179.73348491 37261468.73258653 37261758.73168505]"	0.0	0.0	0.0
3225.912004644808	2.0	trials	6.0	0.0	0.0	0.0	0.0	0.0	True	40.0	0.0	0.005	"[37262047.73078668 37262337.72988519 37345056.4727482  37345345.47184983
 37345634.47095145 37345925.47004686 37346214.46914849 37346503.46825011
 37346793.46734864 37347083.46644714 37347372.46554878 37347662.46464729
 37347951.46374892 37348242.46284433 37348531.46194595 37348821.46104447
 37349110.4601461  37349401.4592415  37349690.45834313 37349980.45744165]"	0.0	0.0	0.0
3231.429750692544	2.0	trials	6.0	0.0	0.0	0.0	0.0	0.0	True	40.0	0.0	0.005	"[37350269.45654327 37350558.4556449  37408918.27422932 37409209.27332474
 37409498.27242636 37409788.27152488 37410077.2706265  37410366.26972813
 37410657.26882354 37410945.26792827 37411236.26702368 37411526.2661222
 37411815.26522382 37412104.26432545 37412394.26342397 37412684.26252248
 37412973.26162411 37413263.26072263 37413552.25982426 37413843.25891966]"	0.0	0.0	0.0
3236.893669707604	2.0	trials	6.0	0.0	0.0	0.0	0.0	0.0	True	40.0	0.0	0.005	"[37414132.25802129 37414422.2571198  37472159.07764086 37472448.07674249
 37472737.07584412 37473027.07494263 37473317.07404114 37473606.07314277
 37473895.07224441 37474185.07134292 37474476.07043833 37474764.06954306
 37475055.06863847 37475345.06773699 37475634.06683861 37475924.06593714
 37476213.06503876 37476503.06413727 37476792.0632389  37477082.06233742]"	0.0	0.0	0.0
3242.4361260785267	2.0	trials	6.0	0.0	0.0	0.0	0.0	0.0	True	40.0	0.0	0.005	"[37477372.06143595 37477661.06053756 37536307.87822983 37536597.87732835
 37536885.87643308 37537176.87552849 37537465.87463012 37537755.87372863
 37538045.87282715 37538334.87192878 37538624.8710273  37538912.87013203
 37539202.86923055 37539492.86832907 37539782.86742758 37540073.866523
 37540361.86562773 37540651.86472624 37540940.86382787 37541231.86292328]"	0.0	0.0	0.0
3249.1418684333007	2.0	trials	6.0	0.0	0.0	0.0	0.0	0.0	True	40.0	0.0	0.005	"[37541520.86202491 37541809.86112653 37613920.63696514 37614209.63606676
 37614499.63516528 37614788.63426691 37615079.63336232 37615368.63246395
 37615657.63156557 37615947.6306641  37616237.6297626  37616527.62886112
 37616816.62796275 37617105.62706438 37617395.62616289 37617686.6252583
 37617974.62436304 37618264.62346156 37618555.62255696 37618844.62165859]"	0.0	0.0	0.0
3254.4008472854302	2.0	trials	6.0	0.0	0.0	0.0	0.0	0.0	True	40.0	0.0	0.005	"[37619133.62076022 37619424.61985562 37674787.4477564  37675077.44685493
 37675368.44595034 37675657.44505195 37675946.44415358 37676236.4432521
 37676525.44235373 37676815.44145224 37677104.44055387 37677394.43965239
 37677685.43874779 37677974.43784942 37678263.43695106 37678553.43604957
 37678842.43515119 37679132.43424971 37679421.43335134 37679712.43244675]"	0.0	0.0	0.0
3262.089472984849	2.0	trials	6.0	0.0	0.0	0.0	0.0	0.0	True	40.0	0.0	0.005	"[37680001.43154837 37680291.4306469  37763776.17112873 37764066.17022725
 37764356.16932577 37764645.16842739 37764936.1675228  37765225.16662443
 37765514.16572606 37765804.16482458 37766093.1639262  37766383.16302472
 37766673.16212324 37766962.16122486 37767253.16032027 37767542.1594219
 37767831.15852352 37768121.15762204 37768411.15672056 37768700.15582219]"	0.0	0.0	0.0
3269.1221519233204	2.0	trials	6.0	0.0	0.0	0.0	0.0	0.0	True	40.0	0.0	0.005	"[37768990.1549207  37769280.15401921 37845173.91809814 37845461.91720288
 37845752.91629829 37846041.91539992 37846330.91450154 37846620.91360006
 37846910.91269858 37847200.91179709 37847488.91090183 37847778.91000035
 37848069.90909576 37848358.90819738 37848648.90729591 37848938.90639441
 37849227.90549604 37849517.90459456 37849806.90369619 37850096.9027947 ]"	0.0	0.0	0.0
3275.0115032158974	2.0	trials	6.0	0.0	0.0	0.0	0.0	0.0	True	40.0	0.0	0.005	"[37850385.90189633 37850675.90099484 37913336.70620935 37913627.70530476
 37913916.70440639 37914206.70350491 37914496.70260342 37914785.70170505
 37915075.70080357 37915364.69990519 37915653.69900682 37915944.69810223
 37916233.69720385 37916523.69630237 37916813.69540089 37917101.69450562
 37917392.69360103 37917681.69270266 37917972.69179807 37918260.6909028 ]"	0.0	0.0	0.0
3281.628340247039	2.0	trials	6.0	0.0	0.0	0.0	0.0	0.0	True	40.0	0.0	0.005	"[37918551.68999821 37918840.68909983 37989921.46814027 37990210.46724189
 37990501.4663373  37990790.46543893 37991079.46454056 37991369.46363907
 37991658.4627407  37991948.46183921 37992237.46094084 37992527.46003935
 37992816.45914099 37993106.4582395  37993396.45733802 37993686.45643654
 37993975.45553816 37994265.45463668 37994555.4537352  37994844.45283682]"	0.0	0.0	0.0
3288.3002139070954	2.0	trials	6.0	0.0	0.0	0.0	0.0	0.0	True	40.0	0.0	0.005	"[37995134.45193534 37995424.45103385 38067141.22809724 38067430.22719887
 38067720.22629739 38068010.2253959  38068300.22449442 38068589.22359604
 38068879.22269457 38069168.22179619 38069458.22089471 38069748.21999323
 38070037.21909485 38070326.21819647 38070616.217295   38070906.21639351
 38071196.21549203 38071486.21459055 38071776.21368906 38072065.21279069]"	0.0	0.0	0.0
3294.5498520796987	2.0	trials	6.0	0.0	0.0	0.0	0.0	0.0	True	40.0	0.0	0.005	"[38072355.21188921 38072645.21098772 38139476.00323953 38139766.00233805
 38140054.00144278 38140345.00053819 38140633.99963982 38140922.99874145
 38141212.99783996 38141502.99693848 38141792.996037   38142082.99513552
 38142372.99423403 38142660.99333877 38142950.99243729 38143240.99153581
 38143530.99063432 38143820.98973284 38144110.98883136 38144398.98793609]"	0.0	0.0	0.0
3301.9958673332876	2.0	trials	6.0	0.0	0.0	0.0	0.0	0.0	True	40.0	0.0	0.005	"[38144688.9870346  38144978.98613313 38225655.73534381 38225945.73444233
 38226235.73354085 38226524.73264247 38226814.73174099 38227104.73083951
 38227394.72993802 38227684.72903655 38227973.72813817 38228262.7272398
 38228552.72633831 38228841.72543994 38229131.72453845 38229421.72363698
 38229711.72273549 38230000.72183712 38230290.72093564 38230579.72003726]"	0.0	0.0	0.0
3308.014818222996	2.0	trials	6.0	0.0	0.0	0.0	0.0	0.0	True	40.0	0.0	0.005	"[38230869.71913578 38231159.7182343  38295319.51878907 38295608.51789069
 38295899.5169861  38296187.51609084 38296478.51518624 38296767.51428787
 38297057.51338639 38297346.51248801 38297636.51158653 38297927.51068194
 38298216.50978357 38298505.5088852  38298795.50798371 38299084.50708534
 38299375.50618075 38299664.50528237 38299953.504384   38300243.50348252]"	0.0	0.0	0.0
3314.00249240993	2.0	trials	6.0	0.0	0.0	0.0	0.0	0.0	True	40.0	0.0	0.005	"[38300533.50258103 38300822.50168266 38364622.30335651 38364911.30245814
 38365201.30155665 38365491.30065518 38365780.2997568  38366070.29885532
 38366359.29795695 38366648.29705857 38366938.29615709 38367229.2952525
 38367517.29435723 38367807.29345575 38368098.29255116 38368387.29165278
 38368676.29075441 38368966.28985293 38369256.28895144 38369544.28805618]"	0.0	0.0	0.0
3321.7058060636905	2.0	trials	6.0	0.0	0.0	0.0	0.0	0.0	True	40.0	0.0	0.005	"[38369835.28715159 38370124.28625321 38453781.02620039 38454070.02530202
 38454360.02440053 38454650.02349905 38454940.02259757 38455229.0216992
 38455519.02079771 38455807.01990245 38456098.01899786 38456387.01809948
 38456677.017198   38456967.01629652 38457256.01539814 38457546.01449666
 38457835.01359829 38458125.0126968  38458415.01179533 38458705.01089384]"	0.0	0.0	0.0
3329.540101710285	2.0	trials	6.0	0.0	0.0	0.0	0.0	0.0	True	40.0	0.0	0.005	"[38458995.00999235 38459284.00909398 38544455.74433169 38544744.74343331
 38545033.74253494 38545323.74163346 38545613.74073198 38545903.73983049
 38546193.73892901 38546481.73803375 38546771.73713226 38547061.73623078
 38547350.73533241 38547640.73443092 38547930.73352944 38548219.73263106
 38548509.73172958 38548798.73083121 38549088.72992972 38549378.72902825]"	0.0	0.0	0.0
3335.766498355136	2.0	trials	6.0	0.0	0.0	0.0	0.0	0.0	True	40.0	0.0	0.005	"[38549667.72812988 38549957.72722839 38616520.52031329 38616809.51941492
 38617099.51851343 38617389.51761195 38617678.51671358 38617969.51580898
 38618257.51491372 38618547.51401225 38618838.51310764 38619126.51221238
 38619416.51131091 38619706.51040941 38619997.50950482 38620285.50860956
 38620575.50770808 38620865.5068066  38621154.50590822 38621444.50500674]"	0.0	0.0	0.0
3340.9005431956307	2.0	trials	6.0	0.0	0.0	0.0	0.0	0.0	True	40.0	0.0	0.005	"[38621733.50410837 38622023.50320689 38675941.33559953 38676232.33469494
 38676521.33379657 38676811.33289509 38677101.3319936  38677390.33109523
 38677680.33019375 38677970.32929226 38678259.32839389 38678548.32749552
 38678839.32659093 38679127.32569566 38679417.32479417 38679707.3238927
 38679997.32299121 38680287.32208973 38680577.32118825 38680865.32029298]"	0.0	0.0	0.0
3346.797843263499	2.0	trials	6.0	0.0	0.0	0.0	0.0	0.0	True	40.0	0.0	0.005	"[38681156.31938839 38681445.31849001 38744197.12342165 38744487.12252016
 38744777.12161868 38745066.1207203  38745355.11982193 38745645.11892045
 38745936.11801586 38746226.11711438 38746514.11621911 38746804.11531763
 38747093.11441925 38747383.11351777 38747672.1126194  38747963.1117148
 38748251.11081954 38748542.10991495 38748832.10901347 38749122.10811199]"	0.0	0.0	0.0
3353.5225071594537	2.0	trials	6.0	0.0	0.0	0.0	0.0	0.0	True	40.0	0.0	0.005	"[38749411.10721361 38749700.10631524 38822029.88147307 38822319.88057159
 38822607.87967633 38822897.87877484 38823187.87787335 38823477.87697188
 38823766.87607351 38824055.87517513 38824345.87427364 38824636.87336905
 38824925.87247068 38825215.8715692  38825504.87067083 38825794.86976934
 38826084.86886786 38826373.86796948 38826662.86707111 38826952.86616963]"	0.0	0.0	0.0
3378.47941517932	2.0	trials	7.0	0.0	0.0	0.0	0.0	0.0	True	40.0	0.0	0.005	"[38827242.86526814 38827532.86436667 39110882.98355301 39111171.98265463
 39111461.98175315 39111751.98085167 39112040.9799533  39112329.97905492
 39112620.97815033 39112910.97724885 39113199.97635047 39113488.9754521
 39113778.97455061 39114068.97364913 39114357.97275076 39114647.97184927
 39114936.9709509  39115226.97004942 39115516.96914794 39115806.96824645]"	0.0	0.0	0.0
3383.873350411929	2.0	trials	7.0	0.0	0.0	0.0	0.0	0.0	True	40.0	0.0	0.005	"[39116095.96734808 39116385.96644659 39173312.78948559 39173602.78858411
 39173891.78768573 39174180.78678735 39174469.78588898 39174759.7849875
 39175049.78408602 39175338.78318764 39175629.78228305 39175918.78138468
 39176208.78048319 39176497.77958483 39176787.77868334 39177076.77778497
 39177367.77688038 39177656.775982   39177945.77508362 39178236.77417903]"	0.0	0.0	0.0
3389.555428748828	2.0	trials	7.0	0.0	0.0	0.0	0.0	0.0	True	40.0	0.0	0.005	"[39178524.77328377 39178814.77238229 39239076.58505423 39239367.58414964
 39239656.58325127 39239945.58235289 39240235.58145141 39240525.58054993
 39240814.57965156 39241104.57875007 39241393.57785169 39241683.57695021
 39241973.57604873 39242262.57515036 39242552.57424887 39242842.57334739
 39243131.57244901 39243421.57154753 39243711.57064606 39244000.56974768]"	0.0	0.0	0.0
3394.943575199432	2.0	trials	7.0	0.0	0.0	0.0	0.0	0.0	True	40.0	0.0	0.005	"[39244290.5688462  39244579.56794782 39301439.39119509 39301729.3902936
 39302019.38939212 39302308.38849375 39302598.38759226 39302887.38669389
 39303177.38579241 39303466.38489404 39303756.38399255 39304045.38309418
 39304335.38219269 39304626.3812881  39304914.38039283 39305205.37948825
 39305495.37858676 39305784.37768839 39306073.37679002 39306363.37588853]"	0.0	0.0	0.0
3403.0434636204145	2.0	trials	7.0	0.0	0.0	0.0	0.0	0.0	True	40.0	0.0	0.005	"[39306654.37498394 39306942.37408867 39395189.09976757 39395478.09886919
 39395769.09796459 39396057.09706933 39396347.09616785 39396636.09526947
 39396927.09436488 39397216.09346651 39397506.09256503 39397795.09166665
 39398085.09076517 39398375.08986369 39398665.0889622  39398954.08806383
 39399244.08716235 39399533.08626398 39399823.08536249 39400113.08446101]"	0.0	0.0	0.0
3410.8494201551025	2.0	trials	7.0	0.0	0.0	0.0	0.0	0.0	True	40.0	0.0	0.005	"[39400402.08356263 39400692.08266115 39485534.81892157 39485824.81802009
 39486113.81712171 39486403.81622024 39486692.81532186 39486982.81442038
 39487272.8135189  39487562.81261741 39487850.81172214 39488141.81081755
 39488430.80991919 39488720.8090177  39489010.80811621 39489300.80721474
 39489590.80631325 39489878.80541798 39490168.80451651 39490458.80361503]"	0.0	0.0	0.0
3418.22968521308	2.0	trials	7.0	0.0	0.0	0.0	0.0	0.0	True	40.0	0.0	0.005	"[39490748.80271354 39491038.80181206 39570955.55338524 39571244.55248687
 39571534.55158539 39571823.55068702 39572113.54978554 39572402.54888716
 39572692.54798568 39572982.5470842  39573271.54618582 39573561.54528434
 39573851.54438286 39574141.54348137 39574430.542583   39574720.54168152
 39575009.54078314 39575299.53988166 39575589.53898018 39575879.5380787 ]"	0.0	0.0	0.0
3424.2534744877485	2.0	trials	7.0	0.0	0.0	0.0	0.0	0.0	True	40.0	0.0	0.005	"[39576168.53718033 39576457.53628195 39640675.33665643 39640964.33575805
 39641253.33485968 39641543.33395819 39641833.33305672 39642122.33215834
 39642412.33125685 39642702.33035538 39642991.32945701 39643280.32855862
 39643571.32765403 39643861.32675255 39644150.32585417 39644440.3249527
 39644730.32405122 39645019.32315285 39645309.32225136 39645599.32134987]"	0.0	0.0	0.0
3429.791610872099	2.0	trials	7.0	0.0	0.0	0.0	0.0	0.0	True	40.0	0.0	0.005	"[39645888.32045151 39646178.31955002 39704773.13740393 39705064.13649934
 39705353.13560097 39705643.13469948 39705932.13380111 39706222.13289963
 39706512.13199814 39706801.13109978 39707091.13019828 39707380.12929992
 39707670.12839843 39707960.12749694 39708250.12659547 39708539.1256971
 39708828.12479872 39709119.12389413 39709407.12299886 39709698.12209427]"	0.0	0.0	0.0
3436.2175044968008	2.0	trials	7.0	0.0	0.0	0.0	0.0	0.0	True	40.0	0.0	0.005	"[39709987.1211959  39710277.12029441 39779146.90620787 39779435.90530949
 39779726.9044049  39780015.90350652 39780305.90260505 39780594.90170667
 39780884.90080519 39781174.89990371 39781463.89900533 39781753.89810386
 39782042.89720548 39782332.89630399 39782621.89540562 39782911.89450414
 39783202.89359955 39783491.89270117 39783780.8918028  39784070.89090131]"	0.0	0.0	0.0
3442.8413399061883	2.0	trials	7.0	0.0	0.0	0.0	0.0	0.0	True	40.0	0.0	0.005	"[39784359.89000294 39784649.88910146 39855811.66789009 39856102.6669855
 39856391.66608713 39856681.66518565 39856970.66428728 39857260.66338579
 39857550.66248431 39857840.66158283 39858129.66068445 39858419.65978297
 39858709.65888149 39858997.65798622 39859288.65708163 39859577.65618326
 39859866.65528488 39860156.65438341 39860446.65348192 39860735.65258355]"	0.0	0.0	0.0
3450.0667766454585	2.0	trials	7.0	0.0	0.0	0.0	0.0	0.0	True	40.0	0.0	0.005	"[39861026.65167896 39861315.65078058 39939439.40792742 39939729.40702593
 39940019.40612446 39940308.40522607 39940598.4043246  39940887.40342622
 39941177.40252474 39941466.40162636 39941756.40072488 39942046.3998234
 39942336.39892192 39942626.39802043 39942915.39712206 39943205.39622058
 39943494.3953222  39943784.39442072 39944074.39351925 39944364.39261775]"	0.0	0.0	0.0
3456.5815755937924	2.0	trials	7.0	0.0	0.0	0.0	0.0	0.0	True	40.0	0.0	0.005	"[39944653.39171939 39944942.39082101 40014844.17352644 40015133.17262806
 40015422.17172968 40015712.1708282  40016002.16992672 40016291.16902834
 40016580.16812997 40016871.16722538 40017160.166327   40017450.16542552
 40017740.16452404 40018029.16362567 40018318.1627273  40018608.16182581
 40018898.16092433 40019188.16002285 40019477.15912447 40019766.1582261 ]"	0.0	0.0	0.0
3462.6837294248594	2.0	trials	7.0	0.0	0.0	0.0	0.0	0.0	True	40.0	0.0	0.005	"[40020056.15732462 40020346.15642313 40085469.95398125 40085759.95307977
 40086048.9521814  40086337.95128302 40086628.95037843 40086917.94948006
 40087206.94858168 40087497.94767709 40087786.94677871 40088076.94587724
 40088365.94497886 40088656.94407427 40088944.943179   40089234.94227753
 40089524.94137604 40089814.94047455 40090103.93957619 40090392.93867781]"	0.0	0.0	0.0
3469.0137193476835	2.0	trials	7.0	0.0	0.0	0.0	0.0	0.0	True	40.0	0.0	0.005	"[40090683.93777322 40090972.93687484 40158732.7262388  40159022.72533732
 40159311.72443894 40159601.72353747 40159891.72263598 40160180.72173761
 40160470.72083613 40160760.71993464 40161050.71903316 40161338.7181379
 40161629.7172333  40161919.71633182 40162207.71543656 40162498.71453196
 40162787.71363359 40163077.71273211 40163367.71183063 40163655.71093535]"	0.0	0.0	0.0
3474.335597204288	2.0	trials	7.0	0.0	0.0	0.0	0.0	0.0	True	40.0	0.0	0.005	"[40163946.71003076 40164235.7091324  40220329.53476082 40220618.53386244
 40220907.53296407 40221198.53205948 40221486.53116421 40221776.53026273
 40222066.52936125 40222356.52845977 40222645.52756139 40222936.5266568
 40223225.52575842 40223514.52486005 40223804.52395857 40224093.5230602
 40224383.52215871 40224673.52125723 40224963.52035575 40225252.51945738]"	0.0	0.0	0.0
3481.974024659751	2.0	trials	7.0	0.0	0.0	0.0	0.0	0.0	True	40.0	0.0	0.005	"[40225542.51855589 40225832.51765441 40308737.25993922 40309026.25904085
 40309316.25813936 40309605.25724099 40309895.25633951 40310185.25543802
 40310474.25453965 40310764.25363817 40311054.25273669 40311343.25183831
 40311632.25093994 40311923.25003535 40312211.24914008 40312501.2482386
 40312791.24733711 40313081.24643563 40313370.24553727 40313661.24463266]"	0.0	0.0	0.0
3489.725981362301	2.0	trials	7.0	0.0	0.0	0.0	0.0	0.0	True	40.0	0.0	0.005	"[40313950.24373429 40314240.24283282 40398458.98103298 40398747.9801346
 40399038.97923002 40399327.97833163 40399616.97743326 40399906.97653178
 40400195.97563341 40400485.97473192 40400775.97383044 40401064.97293206
 40401354.97203058 40401643.97113221 40401934.97022762 40402224.96932614
 40402512.96843088 40402802.96752939 40403092.9666279  40403381.96572953]"	0.0	0.0	0.0
3496.6979212895835	2.0	trials	7.0	0.0	0.0	0.0	0.0	0.0	True	40.0	0.0	0.005	"[40403671.96482804 40403961.96392657 40479151.73019392 40479441.72929244
 40479731.72839095 40480020.72749258 40480309.72659421 40480599.72569273
 40480889.72479124 40481178.72389287 40481468.72299138 40481758.72208991
 40482047.72119153 40482337.72029005 40482627.71938857 40482916.71849019
 40483206.71758871 40483495.71669034 40483786.71578574 40484075.71488737]"	0.0	0.0	0.0
3502.4458362218243	2.0	trials	7.0	0.0	0.0	0.0	0.0	0.0	True	40.0	0.0	0.005	"[40484365.71398589 40484654.71308751 40545678.52339073 40545968.52248925
 40546257.52159087 40546547.52068939 40546836.51979102 40547127.51888642
 40547416.51798806 40547705.51708968 40547995.5161882  40548285.51528672
 40548574.51438835 40548865.51348375 40549154.51258538 40549443.511687
 40549733.51078551 40550022.50988714 40550312.50898567 40550601.50808728]"	0.0	0.0	0.0
3508.7999316697146	2.0	trials	7.0	0.0	0.0	0.0	0.0	0.0	True	40.0	0.0	0.005	"[40550891.50718581 40551181.50628433 40619222.29477478 40619511.2938764
 40619801.29297492 40620090.29207654 40620380.29117507 40620670.29027358
 40620960.2893721  40621250.28847062 40621539.28757223 40621828.28667387
 40622118.28577239 40622408.28487091 40622697.28397253 40622987.28307105
 40623277.28216957 40623567.28126808 40623856.28036971 40624146.27946823]"	0.0	0.0	0.0
3516.7798108637535	2.0	trials	7.0	0.0	0.0	0.0	0.0	0.0	True	40.0	0.0	0.005	"[40624436.27856674 40624724.27767148 40711582.00766815 40711871.00676978
 40712162.00586519 40712450.00496992 40712740.00406843 40713031.00316384
 40713320.00226547 40713610.00136399 40713898.00046872 40714188.99956413
 40714477.99866576 40714767.99776427 40715056.9968659  40715346.99596442
 40715635.99506605 40715925.99416456 40716215.99326308 40716505.9923616 ]"	0.0	0.0	0.0
3523.6320871630173	2.0	trials	7.0	0.0	0.0	0.0	0.0	0.0	True	40.0	0.0	0.005	"[40716794.99146322 40717083.99056485 40790889.76113445 40791179.76023297
 40791470.75932838 40791758.75843311 40792048.75753164 40792338.75663015
 40792628.75572866 40792917.75483029 40793207.75392881 40793496.75303043
 40793786.75212895 40794076.75122748 40794365.7503291  40794654.74943072
 40794945.74852613 40795234.74762776 40795524.74672628 40795813.7458279 ]"	0.0	0.0	0.0
3531.570062487317	2.0	trials	7.0	0.0	0.0	0.0	0.0	0.0	True	40.0	0.0	0.005	"[40796103.74492642 40796393.74402494 40882765.47553237 40883055.47463088
 40883344.47373251 40883633.47283414 40883924.47192955 40884212.47103428
 40884502.4701328  40884793.46922821 40885082.46832983 40885371.46743146
 40885661.46652998 40885951.4656285  40886241.46472701 40886530.46382864
 40886820.46292716 40887110.46202567 40887399.4611273  40887689.46022582]"	0.0	0.0	0.0
3538.4099836249866	2.0	trials	7.0	0.0	0.0	0.0	0.0	0.0	True	40.0	0.0	0.005	"[40887978.45932745 40888268.45842596 40961931.22944009 40962220.22854172
 40962510.22764023 40962799.22674186 40963089.22584037 40963378.224942
 40963669.22403741 40963958.22313903 40964248.22223756 40964536.2213423
 40964826.2204408  40965116.21953932 40965406.21863784 40965695.21773946
 40965985.21683799 40966275.2159365  40966565.21503502 40966854.21413665]"	0.0	0.0	0.0
3543.8160148199963	2.0	trials	7.0	0.0	0.0	0.0	0.0	0.0	True	40.0	0.0	0.005	"[40967144.21323516 40967434.21233369 41024500.03494059 41024789.0340422
 41025079.03314073 41025369.03223924 41025659.03133776 41025949.03043628
 41026237.02954101 41026528.02863643 41026817.02773805 41027107.02683656
 41027397.02593508 41027686.02503671 41027976.02413522 41028265.02323685
 41028555.02233537 41028845.02143389 41029135.0205324  41029423.01963714]"	0.0	0.0	0.0
3549.4582628807093	2.0	trials	7.0	0.0	0.0	0.0	0.0	0.0	True	40.0	0.0	0.005	"[41029713.01873565 41030003.01783417 41089804.83193605 41090093.83103768
 41090383.83013619 41090672.82923783 41090961.82833945 41091251.82743797
 41091541.82653648 41091830.82563811 41092120.82473662 41092410.82383515
 41092699.82293677 41092989.82203528 41093278.82113691 41093569.82023232
 41093858.81933395 41094147.81843557 41094437.81753409 41094728.8166295 ]"	0.0	0.0	0.0
3555.008581627191	2.0	trials	7.0	0.0	0.0	0.0	0.0	0.0	True	40.0	0.0	0.005	"[41095016.81573424 41095307.81482965 41154044.63224214 41154333.63134376
 41154622.63044539 41154912.62954391 41155202.62864242 41155492.62774094
 41155781.62684257 41156070.6259442  41156360.62504271 41156650.62414123
 41156939.62324286 41157230.62233827 41157518.621443   41157808.62054152
 41158098.61964004 41158388.61873855 41158677.61784018 41158967.6169387 ]"	0.0	0.0	0.0
3560.9966014130505	2.0	trials	7.0	0.0	0.0	0.0	0.0	0.0	True	40.0	0.0	0.005	"[41159257.61603722 41159547.61513573 41223350.41680026 41223639.41590188
 41223929.4150004  41224219.41409893 41224508.41320055 41224798.41229907
 41225088.41139758 41225377.41049921 41225666.40960084 41225957.40869624
 41226246.40779787 41226535.4068995  41226825.40599801 41227115.40509653
 41227405.40419505 41227695.40329356 41227984.4023952  41228274.40149371]"	0.0	0.0	0.0
3567.552094634884	2.0	trials	7.0	0.0	0.0	0.0	0.0	0.0	True	40.0	0.0	0.005	"[41228562.40059844 41228853.39969385 41299224.18094137 41299514.18003988
 41299802.17914461 41300092.17824313 41300382.17734165 41300671.17644327
 41300960.1755449  41301251.17464031 41301541.17373882 41301830.17284045
 41302120.17193897 41302409.17104059 41302699.17013911 41302989.16923763
 41303278.16833925 41303568.16743777 41303857.1665394  41304147.16563793]"	0.0	0.0	0.0
3572.7478288836132	2.0	trials	7.0	0.0	0.0	0.0	0.0	0.0	True	40.0	0.0	0.005	"[41304437.16473643 41304726.16383806 41359358.99400809 41359648.99310661
 41359938.99220512 41360227.99130674 41360517.99040527 41360806.98950689
 41361096.98860541 41361386.98770393 41361675.98680556 41361966.98590096
 41362254.9850057  41362544.98410422 41362834.98320274 41363123.98230436
 41363414.98139977 41363702.98050451 41363993.97959991 41364282.97870153]"	0.0	0.0	0.0
3579.5219998256725	2.0	trials	7.0	0.0	0.0	0.0	0.0	0.0	True	40.0	0.0	0.005	"[41364571.97780316 41364862.97689857 41437763.75028142 41438053.74937993
 41438342.74848156 41438633.74757697 41438922.7466786  41439212.74577712
 41439502.74487563 41439791.74397726 41440080.74307889 41440370.7421774
 41440660.74127593 41440949.74037755 41441239.73947606 41441529.73857459
 41441818.73767621 41442108.73677472 41442398.73587324 41442688.73497176]"	0.0	0.0	0.0
3585.0599634105615	2.0	trials	7.0	0.0	0.0	0.0	0.0	0.0	True	40.0	0.0	0.005	"[41442978.73407028 41443266.73317502 41501862.55102582 41502150.55013055
 41502442.54922285 41502729.54833069 41503020.5474261  41503308.54653084
 41503599.54562625 41503888.54472787 41504178.54382639 41504467.54292802
 41504757.54202653 41505047.54112505 41505336.54022668 41505627.53932209
 41505916.53842371 41506206.53752223 41506495.53662386 41506784.53572548]"	0.0	0.0	0.0
3592.1941620334514	2.0	trials	7.0	0.0	0.0	0.0	0.0	0.0	True	40.0	0.0	0.005	"[41507074.534824   41507364.53392252 41584433.29434889 41584723.29344741
 41585012.29254903 41585302.29164755 41585591.29074918 41585880.2898508
 41586171.28894621 41586460.28804784 41586750.28714634 41587039.28624798
 41587330.28534339 41587618.28444812 41587908.28354664 41588198.28264516
 41588488.28174368 41588777.2808453  41589067.27994382 41589356.27904545]"	0.0	0.0	0.0
3597.4020786443116	2.0	trials	7.0	0.0	0.0	0.0	0.0	0.0	True	40.0	0.0	0.005	"[41589646.27814396 41589935.27724559 41644709.10697731 41645000.10607272
 41645289.10517435 41645578.10427596 41645867.1033776  41646158.10247301
 41646447.10157463 41646736.10067625 41647027.09977167 41647316.09887329
 41647605.09797491 41647895.09707344 41648185.09617195 41648474.09527358
 41648764.09437209 41649053.09347373 41649343.09257223 41649634.09166764]"	0.0	0.0	0.0
3604.2239422381153	2.0	trials	7.0	0.0	0.0	0.0	0.0	0.0	True	40.0	0.0	0.005	"[41649922.09077238 41650213.08986779 41723665.86153471 41723955.86063323
 41724245.85973175 41724535.85883027 41724824.8579319  41725114.85703041
 41725403.85613204 41725693.85523055 41725983.85432907 41726272.8534307
 41726562.85252921 41726852.85162774 41727141.85072936 41727431.84982787
 41727720.8489295  41728011.84802491 41728300.84712654 41728590.84622505]"	0.0	0.0	0.0
3610.6020568113413	2.0	trials	7.0	0.0	0.0	0.0	0.0	0.0	True	40.0	0.0	0.005	"[41728880.84532357 41729169.84442519 41797487.63205458 41797777.63115309
 41798067.63025162 41798355.62935635 41798646.62845175 41798935.62755338
 41799225.62665191 41799515.62575042 41799805.62484893 41800093.62395367
 41800383.62305219 41800673.6221507  41800963.62124922 41801252.62035085
 41801542.61944937 41801831.61855099 41802121.61764951 41802410.61675114]"	0.0	0.0	0.0
3617.574342337549	2.0	trials	7.0	0.0	0.0	0.0	0.0	0.0	True	40.0	0.0	0.005	"[41802700.61584965 41802990.61494817 41878184.38120309 41878475.3802985
 41878763.37940323 41879053.37850175 41879343.37760027 41879632.37670189
 41879922.37580041 41880212.37489893 41880501.37400056 41880792.37309597
 41881081.37219759 41881371.37129611 41881661.37039463 41881950.36949626
 41882239.36859788 41882529.3676964  41882818.36679802 41883109.36589343]"	0.0	0.0	0.0
3625.6260197083984	2.0	trials	7.0	0.0	0.0	0.0	0.0	0.0	True	40.0	0.0	0.005	"[41883397.36499816 41883687.36409668 41971376.09151014 41971665.09061177
 41971955.08971028 41972245.0888088  41972534.08791043 41972824.08700895
 41973114.08610746 41973403.08520909 41973692.08431072 41973983.08340613
 41974273.08250464 41974561.08160938 41974852.08070479 41975141.07980641
 41975431.07890493 41975720.07800656 41976010.07710507 41976299.07620669]"	0.0	0.0	0.0
3632.4179025953986	2.0	trials	7.0	0.0	0.0	0.0	0.0	0.0	True	40.0	0.0	0.005	"[41976589.07530522 41976879.07440373 42049984.84714933 42050273.84625095
 42050563.84534948 42050853.84444799 42051142.84354962 42051432.84264813
 42051722.84174665 42052011.84084827 42052301.83994679 42052591.83904532
 42052881.83814383 42053171.83724234 42053460.83634397 42053749.8354456
 42054039.83454412 42054329.83364263 42054619.83274116 42054909.83183967]"	0.0	0.0	0.0
3639.1324577227774	2.0	trials	7.0	0.0	0.0	0.0	0.0	0.0	True	40.0	0.0	0.005	"[42055198.83094129 42055487.83004292 42127699.60556757 42127990.60466298
 42128279.6037646  42128568.60286622 42128858.60196474 42129147.60106637
 42129438.60016178 42129727.59926341 42130017.59836192 42130305.59746666
 42130596.59656207 42130885.59566369 42131175.59476221 42131465.59386073
 42131754.59296235 42132044.59206087 42132334.59115939 42132623.59026102]"	0.0	0.0	0.0
3646.7130837579202	2.0	trials	7.0	0.0	0.0	0.0	0.0	0.0	True	40.0	0.0	0.005	"[42132913.58935953 42133203.58845805 42215438.3328256  42215728.33192411
 42216017.33102574 42216307.33012426 42216596.32922588 42216887.32832129
 42217175.32742602 42217465.32652455 42217755.32562307 42218044.32472469
 42218334.32382321 42218624.32292172 42218913.32202335 42219203.32112187
 42219493.32022039 42219782.31932201 42220072.31842053 42220362.31751905]"	0.0	0.0	0.0
3653.50859543364	2.0	trials	7.0	0.0	0.0	0.0	0.0	0.0	True	40.0	0.0	0.005	"[42220651.31662067 42220941.31571919 42294091.088328   42294380.08742964
 42294670.08652814 42294960.08562667 42295250.08472519 42295539.08382681
 42295828.08292843 42296119.08202384 42296408.08112547 42296698.08022399
 42296988.07932251 42297277.07842413 42297566.07752576 42297857.07662117
 42298145.07572591 42298435.07482442 42298726.07391983 42299014.07302456]"	0.0	0.0	0.0
3660.7863040104203	2.0	trials	7.0	0.0	0.0	0.0	0.0	0.0	True	40.0	0.0	0.005	"[42299304.07212309 42299593.07122471 42378322.82648776 42378612.82558627
 42378902.82468479 42379191.82378642 42379481.82288493 42379770.82198656
 42380061.82108197 42380350.8201836  42380639.81928523 42380930.81838063
 42381220.81747916 42381508.81658389 42381798.8156824  42382088.81478092
 42382378.81387944 42382667.81298106 42382957.81207958 42383247.8111781 ]"	0.0	0.0	0.0
3668.8428197662292	2.0	trials	7.0	0.0	0.0	0.0	0.0	0.0	True	40.0	0.0	0.005	"[42383536.81027972 42383826.80937824 42471569.53662384 42471859.53572235
 42472148.53482398 42472438.5339225  42472728.53302101 42473017.53212264
 42473308.53121805 42473596.53032279 42473886.52942131 42474176.52851982
 42474465.52762145 42474755.52671997 42475045.52581848 42475335.52491701
 42475624.52401863 42475914.52311714 42476204.52221566 42476493.52131729]"	0.0	0.0	0.0
3676.698110547559	2.0	trials	7.0	0.0	0.0	0.0	0.0	0.0	True	40.0	0.0	0.005	"[42476783.52041581 42477072.51951743 42562488.25399665 42562778.25309516
 42563067.25219679 42563357.25129531 42563647.25039382 42563936.24949545
 42564226.24859397 42564516.24769249 42564804.24679722 42565094.24589574
 42565384.24499426 42565674.24409278 42565964.24319129 42566253.24229292
 42566542.24139454 42566832.24049306 42567122.23959158 42567411.23869321]"	0.0	0.0	0.0
3684.629951490928	2.0	trials	7.0	0.0	0.0	0.0	0.0	0.0	True	40.0	0.0	0.005	"[42567701.23779172 42567990.23689335 42654290.96862148 42654580.96772001
 42654870.96681853 42655159.96592015 42655449.96501867 42655739.96411718
 42656029.9632157  42656318.96231733 42656608.96141585 42656897.96051747
 42657187.95961599 42657476.95871761 42657767.95781303 42658056.95691465
 42658346.95601317 42658635.9551148  42658925.95421331 42659214.95331494]"	0.0	0.0	0.0
3689.940078984059	2.0	trials	7.0	0.0	0.0	0.0	0.0	0.0	True	40.0	0.0	0.005	"[42659504.95241345 42659794.95151197 42715750.77756938 42716040.77666789
 42716330.77576641 42716619.77486804 42716909.77396655 42717198.77306817
 42717488.7721667  42717777.77126832 42718067.77036684 42718357.76946536
 42718646.76856699 42718936.76766551 42719225.76676713 42719516.76586254
 42719804.76496727 42720095.76406268 42720384.7631643  42720674.76226283]"	0.0	0.0	0.0
3696.204405111003	2.0	trials	7.0	0.0	0.0	0.0	0.0	0.0	True	40.0	0.0	0.005	"[42720964.76136134 42721253.76046296 42788254.55218633 42788544.55128483
 42788834.55038336 42789123.54948498 42789413.5485835  42789702.54768512
 42789992.54678365 42790282.54588216 42790571.54498378 42790861.54408231
 42791151.54318082 42791440.54228245 42791730.54138096 42792019.5404826
 42792309.53958111 42792599.53867962 42792888.53778125 42793177.53688288]"	0.0	0.0	0.0
3701.3522739085256	2.0	trials	7.0	0.0	0.0	0.0	0.0	0.0	True	40.0	0.0	0.005	"[42793467.53598139 42793757.53507991 42847836.36697209 42848125.36607371
 42848416.36516912 42848705.36427075 42848994.36337237 42849284.36247089
 42849574.3615694  42849863.36067104 42850153.35976955 42850443.35886806
 42850732.35796969 42851022.35706821 42851311.35616983 42851601.35526835
 42851891.35436688 42852181.35346539 42852471.35256391 42852760.35166553]"	0.0	0.0	0.0
3723.1676876939255	2.0	trials	8.0	0.0	0.0	0.0	0.0	0.0	True	40.0	0.0	0.005	"[42853049.35076716 42853339.34986568 43100330.58207615 43100619.58117779
 43100909.5802763  43101199.57937482 43101489.57847334 43101778.57757497
 43102067.57667659 43102357.5757751  43102648.57487052 43102937.57397214
 43103227.57307066 43103516.57217228 43103805.57127392 43104095.57037243
 43104384.56947406 43104674.56857257 43104964.5676711  43105254.56676961]"	0.0	0.0	0.0
3728.9575064959067	2.0	trials	8.0	0.0	0.0	0.0	0.0	0.0	True	40.0	0.0	0.005	"[43105544.56586812 43105833.56496976 43167342.37376532 43167631.37286694
 43167921.37196547 43168211.37106398 43168500.37016561 43168790.36926413
 43169080.36836264 43169369.36746427 43169659.36656278 43169949.3656613
 43170239.36475982 43170528.36386145 43170818.36295996 43171107.36206159
 43171397.36116011 43171687.36025863 43171976.35936026 43172266.35845876]"	0.0	0.0	0.0
3735.8576482463777	2.0	trials	8.0	0.0	0.0	0.0	0.0	0.0	True	40.0	0.0	0.005	"[43172555.3575604  43172846.3566558  43247205.12550637 43247494.124608
 43247785.12370341 43248073.12280814 43248364.12190355 43248653.12100518
 43248943.12010369 43249232.11920532 43249522.11830384 43249812.11740236
 43250101.11650398 43250391.1156025  43250680.11470412 43250970.11380264
 43251260.11290116 43251550.11199968 43251839.1111013  43252129.11019982]"	0.0	0.0	0.0
3741.965763658913	2.0	trials	8.0	0.0	0.0	0.0	0.0	0.0	True	40.0	0.0	0.005	"[43252419.10929833 43252709.10839685 43317900.90574359 43318189.90484522
 43318480.90394063 43318769.90304225 43319058.90214388 43319349.90123929
 43319637.90034402 43319928.89943943 43320217.89854106 43320507.89763958
 43320797.89673809 43321086.89583972 43321376.89493824 43321666.89403675
 43321955.89313838 43322244.89224001 43322534.89133853 43322824.89043704]"	0.0	0.0	0.0
3748.157514011464	2.0	trials	8.0	0.0	0.0	0.0	0.0	0.0	True	40.0	0.0	0.005	"[43323113.88953867 43323402.8886403  43389564.68297173 43389853.68207336
 43390144.68116876 43390433.6802704  43390723.67936891 43391013.67846742
 43391302.67756905 43391592.67666757 43391881.67576919 43392171.67486771
 43392460.67396934 43392750.67306785 43393039.67216948 43393330.67126489
 43393618.67036963 43393909.66946504 43394199.66856355 43394488.66766518]"	0.0	0.0	0.0
3754.606476364455	2.0	trials	8.0	0.0	0.0	0.0	0.0	0.0	True	40.0	0.0	0.005	"[43394778.66676369 43395067.66586532 43464205.45094568 43464494.45004731
 43464784.44914582 43465074.44824435 43465363.44734597 43465653.44644448
 43465942.44554611 43466233.44464152 43466522.44374315 43466812.44284166
 43467101.4419433  43467391.44104181 43467680.44014344 43467970.43924195
 43468260.43834048 43468550.43743899 43468839.43654061 43469129.43563914]"	0.0	0.0	0.0
3760.103659276112	2.0	trials	8.0	0.0	0.0	0.0	0.0	0.0	True	40.0	0.0	0.005	"[43469418.43474076 43469708.43383928 43527830.25316354 43528119.25226516
 43528409.25136368 43528698.2504653  43528989.24956071 43529278.24866234
 43529567.24776396 43529857.24686249 43530147.245961   43530436.24506263
 43530726.24416114 43531016.24325967 43531305.24236128 43531595.24145981
 43531885.24055833 43532174.23965995 43532464.23875847 43532754.23785698]"	0.0	0.0	0.0
3766.695872383799	2.0	trials	8.0	0.0	0.0	0.0	0.0	0.0	True	40.0	0.0	0.005	"[43533043.23695861 43533332.23606023 43604129.0159835  43604418.01508512
 43604708.01418364 43604998.01328216 43605287.01238378 43605577.0114823
 43605866.01058393 43606157.00967933 43606446.00878096 43606736.00787948
 43607025.0069811  43607315.00607962 43607604.00518125 43607894.00427977
 43608184.00337829 43608473.00247991 43608764.00157532 43609053.00067694]"	0.0	0.0	0.0
3773.2197433039314	2.0	trials	8.0	0.0	0.0	0.0	0.0	0.0	True	40.0	0.0	0.005	"[43609342.99977546 43609631.99887709 43679636.78126232 43679925.78036395
 43680215.77946247 43680505.77856099 43680794.77766262 43681084.77676113
 43681373.77586275 43681664.77495817 43681953.77405979 43682242.77316142
 43682533.77225683 43682822.77135845 43683111.77046008 43683401.76955859
 43683690.76866022 43683981.76775564 43684271.76685415 43684560.76595578]"	0.0	0.0	0.0
3780.054307658254	2.0	trials	8.0	0.0	0.0	0.0	0.0	0.0	True	40.0	0.0	0.005	"[43684849.76505741 43685139.76415592 43758740.53536277 43759030.53446129
 43759319.53356291 43759609.53266144 43759899.53175995 43760188.53086158
 43760477.5299632  43760767.52906173 43761057.52816024 43761347.52725876
 43761637.52635728 43761926.5254589  43762215.52456053 43762505.52365904
 43762795.52275757 43763085.52185608 43763374.5209577  43763663.52005933]"	0.0	0.0	0.0
3786.300317042137	2.0	trials	8.0	0.0	0.0	0.0	0.0	0.0	True	40.0	0.0	0.005	"[43763953.51915786 43764243.51825637 43831031.31064185 43831321.30974036
 43831611.30883888 43831901.3079374  43832189.30704213 43832479.30614065
 43832769.30523917 43833060.30433458 43833349.3034362  43833639.30253472
 43833928.30163635 43834218.30073486 43834507.29983649 43834797.29893501
 43835086.29803663 43835376.29713514 43835666.29623367 43835955.2953353 ]"	0.0	0.0	0.0
3791.897637242512	2.0	trials	8.0	0.0	0.0	0.0	0.0	0.0	True	40.0	0.0	0.005	"[43836245.29443381 43836535.29353233 43895816.10925377 43896106.10835229
 43896395.10745391 43896685.10655243 43896974.10565406 43897264.10475257
 43897554.10385109 43897843.10295272 43898133.10205124 43898422.10115286
 43898713.10024827 43899002.09934989 43899292.09844842 43899581.09755004
 43899871.09664856 43900161.09574708 43900451.09484559 43900740.09394722]"	0.0	0.0	0.0
3797.9220313153005	2.0	trials	8.0	0.0	0.0	0.0	0.0	0.0	True	40.0	0.0	0.005	"[43901030.09304574 43901319.09214736 43965541.8925063  43965831.89160481
 43966121.89070333 43966410.88980496 43966700.88890348 43966990.88800199
 43967279.88710362 43967569.88620214 43967859.88530065 43968149.88439917
 43968438.8835008  43968727.88260242 43969016.88170405 43969307.88079946
 43969597.87989797 43969886.87899961 43970176.87809812 43970466.87719663]"	0.0	0.0	0.0
3803.4063406669757	2.0	trials	8.0	0.0	0.0	0.0	0.0	0.0	True	40.0	0.0	0.005	"[43970755.87629826 43971045.87539678 44029018.69518422 44029308.69428273
 44029597.69338436 44029886.69248599 44030177.69158139 44030467.69067992
 44030755.68978465 44031045.68888317 44031336.68797857 44031625.6870802
 44031915.68617871 44032204.68528034 44032493.68438197 44032783.68348049
 44033073.682579   44033362.68168063 44033653.68077604 44033942.67987766]"	0.0	0.0	0.0
3809.369736529381	2.0	trials	8.0	0.0	0.0	0.0	0.0	0.0	True	40.0	0.0	0.005	"[44034232.67897619 44034522.6780747  44098038.48063139 44098328.4797299
 44098617.47883153 44098907.47793005 44099197.47702856 44099487.47612708
 44099776.47522871 44100067.47432412 44100356.47342575 44100645.47252737
 44100935.47162589 44101225.4707244  44101514.46982603 44101804.46892454
 44102094.46802307 44102384.46712158 44102673.46622321 44102963.46532173]"	0.0	0.0	0.0
3816.9430185873525	2.0	trials	8.0	0.0	0.0	0.0	0.0	0.0	True	40.0	0.0	0.005	"[44103252.46442335 44103542.46352187 44185692.20815364 44185982.20725217
 44186271.20635379 44186561.2054523  44186850.20455393 44187141.20364934
 44187430.20275097 44187720.20184948 44188010.200948   44188299.20004963
 44188588.19915126 44188878.19824977 44189168.19734829 44189458.19644681
 44189747.19554843 44190037.19464695 44190327.19374546 44190616.1928471 ]"	0.0	0.0	0.0
3823.2122694989876	2.0	trials	8.0	0.0	0.0	0.0	0.0	0.0	True	40.0	0.0	0.005	"[44190906.19194561 44191195.19104724 44258253.9825903  44258543.98168881
 44258832.98079044 44259121.97989206 44259412.97898747 44259701.97808909
 44259991.97718762 44260280.97628924 44260570.97538776 44260860.97448628
 44261149.97358791 44261439.97268642 44261728.97178805 44262018.97088657
 44262307.96998819 44262598.9690836  44262886.96818833 44263176.96728685]"	0.0	0.0	0.0
3828.392365396331	2.0	trials	8.0	0.0	0.0	0.0	0.0	0.0	True	40.0	0.0	0.005	"[44263467.96638226 44263756.96548388 44318208.79621657 44318497.79531819
 44318787.7944167  44319076.79351833 44319365.79261997 44319656.79171537
 44319946.79081389 44320235.78991552 44320524.78901714 44320814.78811566
 44321104.78721417 44321393.7863158  44321684.78541121 44321973.78451283
 44322262.78361446 44322552.78271298 44322841.7818146  44323132.78091002]"	0.0	0.0	0.0
3835.2249425568302	2.0	trials	8.0	0.0	0.0	0.0	0.0	0.0	True	40.0	0.0	0.005	"[44323421.78001164 44323710.77911326 44397289.55038851 44397578.54949013
 44397867.54859176 44398157.54769028 44398447.54678879 44398736.54589042
 44399026.54498894 44399316.54408745 44399606.54318597 44399895.5422876
 44400184.54138923 44400475.54048463 44400764.53958626 44401054.53868479
 44401343.53778641 44401633.53688492 44401922.53598655 44402212.53508507]"	0.0	0.0	0.0
3841.8441123807206	2.0	trials	8.0	0.0	0.0	0.0	0.0	0.0	True	40.0	0.0	0.005	"[44402501.53418669 44402791.53328521 44473899.3122417  44474190.31133711
 44474478.31044185 44474768.30954037 44475059.30863577 44475348.3077374
 44475637.30683903 44475927.30593754 44476217.30503607 44476507.30413458
 44476796.30323621 44477086.30233473 44477375.30143635 44477665.30053487
 44477954.2996365  44478245.2987319  44478534.29783353 44478823.29693516]"	0.0	0.0	0.0
3849.9541959700105	2.0	trials	8.0	0.0	0.0	0.0	0.0	0.0	True	40.0	0.0	0.005	"[44479114.29603056 44479402.2951353  44567767.02044737 44568056.019549
 44568346.01864751 44568636.01774603 44568925.01684766 44569214.01594929
 44569504.0150478  44569795.01414321 44570084.01324484 44570373.01234647
 44570664.01144187 44570953.0105435  44571243.00964201 44571532.00874364
 44571822.00784216 44572112.00694068 44572400.00604541 44572691.00514082]"	0.0	0.0	0.0
3857.2204133825126	2.0	trials	8.0	0.0	0.0	0.0	0.0	0.0	True	40.0	0.0	0.005	"[44572981.00423934 44573270.00334097 44651865.75902057 44652155.75811908
 44652445.75721759 44652734.75631922 44653023.75542085 44653314.75451626
 44653604.75361478 44653892.75271951 44654183.75181492 44654472.75091654
 44654763.75001196 44655051.74911669 44655341.7482152  44655631.74731372
 44655920.74641535 44656210.74551387 44656500.74461238 44656789.74371401]"	0.0	0.0	0.0
3863.286624925308	2.0	trials	8.0	0.0	0.0	0.0	0.0	0.0	True	40.0	0.0	0.005	"[44657079.74281253 44657369.74191105 44722077.54076233 44722366.53986395
 44722656.53896248 44722945.5380641  44723235.53716262 44723525.53626113
 44723815.53535964 44724104.53446127 44724393.53356291 44724684.53265831
 44724973.53175994 44725263.53085846 44725552.52996008 44725842.5290586
 44726131.52816022 44726420.52726185 44726711.52635726 44727000.52545889]"	0.0	0.0	0.0
3869.424893844109	2.0	trials	8.0	0.0	0.0	0.0	0.0	0.0	True	40.0	0.0	0.005	"[44727290.5245574  44727580.52365592 44793121.31991778 44793411.31901629
 44793701.31811481 44793991.31721332 44794280.31631495 44794570.31541347
 44794860.31451199 44795149.31361362 44795438.31271524 44795729.31181065
 44796018.31091227 44796307.3100139  44796598.30910931 44796886.30821405
 44797176.30731256 44797467.30640797 44797756.3055096  44798046.30460811]"	0.0	0.0	0.0
3876.438392042204	2.0	trials	8.0	0.0	0.0	0.0	0.0	0.0	True	40.0	0.0	0.005	"[44798335.30370974 44798625.30280825 44874297.06757729 44874586.06667891
 44874876.06577743 44875166.06487595 44875455.06397757 44875745.06307609
 44876035.0621746  44876325.06127313 44876614.06037475 44876904.05947326
 44877194.05857179 44877483.05767341 44877772.05677503 44878063.05587044
 44878352.05497207 44878641.0540737  44878931.05317222 44879221.05227073]"	0.0	0.0	0.0
3881.850384818681	2.0	trials	8.0	0.0	0.0	0.0	0.0	0.0	True	40.0	0.0	0.005	"[44879510.05137236 44879800.05047088 44936934.87286329 44937223.87196492
 44937514.87106033 44937803.87016195 44938092.86926357 44938383.86835898
 44938672.86746061 44938961.86656223 44939251.86566075 44939541.86475927
 44939830.86386089 44940121.86295631 44940410.86205793 44940700.86115645
 44940990.86025497 44941279.85935659 44941568.85845821 44941858.85755674]"	0.0	0.0	0.0
3889.284649708796	2.0	trials	8.0	0.0	0.0	0.0	0.0	0.0	True	40.0	0.0	0.005	"[44942148.85665525 44942437.85575688 45022980.60538411 45023269.60448574
 45023559.60358425 45023849.60268277 45024138.60178439 45024428.60088291
 45024717.59998454 45025007.59908306 45025297.59818158 45025586.5972832
 45025876.59638172 45026166.59548024 45026456.59457875 45026744.59368349
 45027035.5927789  45027324.59188052 45027614.59097904 45027904.59007756]"	0.0	0.0	0.0
3894.8215764969077	2.0	trials	8.0	0.0	0.0	0.0	0.0	0.0	True	40.0	0.0	0.005	"[45028192.58918229 45028482.5882808  45087065.40617202 45087355.40527054
 45087644.40437217 45087933.4034738  45088222.40257542 45088513.40167083
 45088803.40076935 45089092.39987097 45089382.39896949 45089671.39807112
 45089960.39717274 45090251.39626815 45090541.39536667 45090829.39447141
 45091120.39356682 45091409.39266843 45091699.39176696 45091988.39086859]"	0.0	0.0	0.0
3902.5628196327616	2.0	trials	8.0	0.0	0.0	0.0	0.0	0.0	True	40.0	0.0	0.005	"[45092278.3899671  45092567.38906872 45176663.12765124 45176951.12675598
 45177242.12585139 45177531.12495301 45177820.12405464 45178111.12315004
 45178400.12225167 45178690.12135018 45178979.12045182 45179269.11955034
 45179558.11865196 45179849.11774737 45180137.1168521  45180427.11595062
 45180717.11504913 45181007.11414766 45181296.11324929 45181586.1123478 ]"	0.0	0.0	0.0
3908.2988114020663	2.0	trials	8.0	0.0	0.0	0.0	0.0	0.0	True	40.0	0.0	0.005	"[45181875.11144943 45182165.11054794 45243051.92127703 45243340.92037866
 45243630.91947718 45243920.9185757  45244210.91767421 45244499.91677584
 45244789.91587435 45245079.91497288 45245368.9140745  45245658.91317302
 45245947.91227464 45246237.91137316 45246527.91047168 45246817.9095702
 45247106.90867182 45247395.90777344 45247685.90687197 45247975.90597048]"	0.0	0.0	0.0
3915.246645804282	2.0	trials	8.0	0.0	0.0	0.0	0.0	0.0	True	40.0	0.0	0.005	"[45248265.905069   45248554.90417062 45323465.67130527 45323755.67040379
 45324045.6695023  45324335.66860082 45324624.66770244 45324914.66680097
 45325203.66590258 45325493.66500111 45325783.66409963 45326072.66320125
 45326362.66229977 45326651.6614014  45326942.66049681 45327231.65959843
 45327520.65870006 45327810.65779857 45328100.65689709 45328390.65599561]"	0.0	0.0	0.0
3923.0832742436246	2.0	trials	8.0	0.0	0.0	0.0	0.0	0.0	True	40.0	0.0	0.005	"[45328679.65509724 45328968.65419886 45414168.38934952 45414457.38845115
 45414747.38754968 45415037.38664819 45415326.38574981 45415616.38484833
 45415906.38394684 45416195.38304847 45416484.3821501  45416775.38124551
 45417064.38034714 45417354.37944565 45417643.37854728 45417932.3776489
 45418222.37674742 45418513.37584283 45418802.37494446 45419091.37404609]"	0.0	0.0	0.0
3930.860978066138	2.0	trials	8.0	0.0	0.0	0.0	0.0	0.0	True	40.0	0.0	0.005	"[45419381.3731446  45419671.37224312 45504188.10951693 45504476.10862166
 45504767.10771707 45505057.1068156  45505346.10591722 45505636.10501573
 45505926.10411426 45506214.103219   45506504.1023175  45506794.10141602
 45507084.10051454 45507374.09961306 45507664.09871157 45507952.09781631
 45508242.09691483 45508532.09601334 45508822.09511186 45509111.09421349]"	0.0	0.0	0.0
3938.9467833308986	2.0	trials	8.0	0.0	0.0	0.0	0.0	0.0	True	40.0	0.0	0.005	"[45509401.09331201 45509691.09241052 45597773.81859921 45598061.81770395
 45598352.81679936 45598641.81590097 45598930.81500261 45599221.81409802
 45599510.81319965 45599799.81230127 45600090.81139667 45600379.8104983
 45600668.80959993 45600958.80869845 45601248.80779696 45601537.80689859
 45601827.8059971  45602117.80509562 45602406.80419725 45602696.80329578]"	0.0	0.0	0.0
3945.954319947525	2.0	trials	8.0	0.0	0.0	0.0	0.0	0.0	True	40.0	0.0	0.005	"[45602986.80239429 45603276.8014928  45678879.56647632 45679168.56557795
 45679458.56467647 45679748.56377498 45680037.5628766  45680327.56197513
 45680616.56107675 45680906.56017526 45681196.55927379 45681485.55837541
 45681775.55747394 45682065.55657244 45682354.55567408 45682644.55477259
 45682933.55387422 45683223.55297273 45683513.55207126 45683802.55117288]"	0.0	0.0	0.0
3953.457272624121	2.0	trials	8.0	0.0	0.0	0.0	0.0	0.0	True	40.0	0.0	0.005	"[45684092.55027139 45684382.54936992 45765719.29652895 45766009.29562747
 45766298.29472909 45766588.29382761 45766878.29292613 45767168.29202464
 45767457.29112627 45767746.2902279  45768036.28932641 45768326.28842492
 45768615.28752656 45768905.28662507 45769195.2857236  45769484.28482521
 45769774.28392374 45770064.28302225 45770353.28212388 45770643.2812224 ]"	0.0	0.0	0.0
3960.2350723549	2.0	trials	8.0	0.0	0.0	0.0	0.0	0.0	True	40.0	0.0	0.005	"[45770933.28032092 45771222.27942254 45844165.05267483 45844456.05177024
 45844745.05087186 45845034.04997349 45845324.04907201 45845613.04817363
 45845903.04727215 45846192.04637378 45846482.04547229 45846772.04457081
 45847062.04366933 45847351.04277095 45847641.04186948 45847931.04096799
 45848221.04006651 45848509.03917125 45848799.03826976 45849089.03736828]"	0.0	0.0	0.0
3966.9791761904244	2.0	trials	8.0	0.0	0.0	0.0	0.0	0.0	True	40.0	0.0	0.005	"[45849379.0364668  45849668.03556842 45922222.81002683 45922511.80912846
 45922800.80823009 45923090.8073286  45923380.80642712 45923669.80552875
 45923960.80462416 45924249.80372578 45924539.8028243  45924829.80192281
 45925117.80102755 45925407.80012607 45925697.79922459 45925987.7983231
 45926276.79742473 45926566.79652325 45926855.79562487 45927145.79472338]"	0.0	0.0	0.0
3974.4551721508155	2.0	trials	8.0	0.0	0.0	0.0	0.0	0.0	True	40.0	0.0	0.005	"[45927434.79382502 45927725.79292042 46008749.54105244 46009039.54015096
 46009329.53924947 46009618.5383511  46009907.53745272 46010197.53655124
 46010487.53564976 46010777.53474827 46011066.5338499  46011356.53294842
 46011646.53204694 46011935.53114856 46012225.53024708 46012515.5293456
 46012804.52844723 46013094.52754574 46013383.52664737 46013673.52574588]"	0.0	0.0	0.0
3981.2824789276997	2.0	trials	8.0	0.0	0.0	0.0	0.0	0.0	True	40.0	0.0	0.005	"[46013963.5248444  46014252.52394603 46087770.29541089 46088059.29451253
 46088349.29361104 46088638.29271267 46088928.29181118 46089217.29091281
 46089507.29001132 46089797.28910984 46090086.28821147 46090377.28730688
 46090666.28640851 46090955.28551013 46091246.28460554 46091535.28370716
 46091825.28280568 46092114.28190731 46092403.28100894 46092694.28010435]"	0.0	0.0	0.0
3986.9403653397994	2.0	trials	8.0	0.0	0.0	0.0	0.0	0.0	True	40.0	0.0	0.005	"[46092983.27920597 46093273.27830449 46153255.09184682 46153545.09094535
 46153835.09004387 46154124.08914549 46154413.08824711 46154703.08734563
 46154993.08644415 46155283.08554266 46155572.0846443  46155861.08374592
 46156151.08284444 46156441.08194295 46156731.08104147 46157020.08014309
 46157310.07924161 46157599.07834324 46157889.07744176 46158179.07654028]"	0.0	0.0	0.0
3992.8802604752586	2.0	trials	8.0	0.0	0.0	0.0	0.0	0.0	True	40.0	0.0	0.005	"[46158468.0756419  46158758.07474042 46222002.87813953 46222292.87723804
 46222582.87633657 46222871.87543819 46223161.8745367  46223451.87363522
 46223740.87273685 46224030.87183537 46224319.87093699 46224609.87003551
 46224899.86913402 46225188.86823566 46225478.86733417 46225768.86643269
 46226057.86553431 46226347.86463283 46226636.86373445 46226926.86283298]"	0.0	0.0	0.0
4000.236852006826	2.0	trials	8.0	0.0	0.0	0.0	0.0	0.0	True	40.0	0.0	0.005	"[46227216.86193149 46227505.86103312 46307149.61345495 46307438.61255657
 46307728.61165509 46308018.6107536  46308306.60985834 46308597.60895375
 46308886.60805538 46309175.607157   46309466.60625241 46309755.60535403
 46310045.60445255 46310334.60355418 46310624.6026527  46310914.60175122
 46311204.60084973 46311493.59995136 46311783.59904987 46312072.5981515 ]"	0.0	0.0	0.0
4007.4361960272086	2.0	trials	8.0	0.0	0.0	0.0	0.0	0.0	True	40.0	0.0	0.005	"[46312362.59725002 46312651.59635165 46390474.35443416 46390763.35353579
 46391054.3526312  46391343.35173282 46391634.35082823 46391922.34993297
 46392212.34903148 46392502.34813    46392791.34723163 46393081.34633014
 46393371.34542866 46393660.34453029 46393950.3436288  46394240.34272733
 46394529.34182895 46394819.34092747 46395109.34002598 46395398.33912761]"	0.0	0.0	0.0
4015.3082483564335	2.0	trials	8.0	0.0	0.0	0.0	0.0	0.0	True	40.0	0.0	0.005	"[46395688.33822613 46395977.33732776 46481586.07120702 46481876.07030553
 46482166.06940405 46482455.06850567 46482745.06760419 46483034.06670582
 46483324.06580434 46483613.06490596 46483904.06400137 46484193.063103
 46484483.06220151 46484772.06130314 46485062.06040166 46485351.05950329
 46485640.05860491 46485931.05770032 46486221.05679884 46486510.05590046]"	0.0	0.0	0.0
4023.3609625240597	2.0	trials	8.0	0.0	0.0	0.0	0.0	0.0	True	40.0	0.0	0.005	"[46486800.05499899 46487089.05410061 46574788.78147988 46575078.78057839
 46575368.77967691 46575658.77877543 46575947.77787705 46576237.77697557
 46576527.77607409 46576816.77517571 46577105.77427734 46577395.77337585
 46577686.77247127 46577975.7715729  46578264.77067452 46578554.76977304
 46578843.76887467 46579132.76797629 46579423.76707169 46579713.76617022]"	0.0	0.0	0.0
4029.095053499274	2.0	trials	8.0	0.0	0.0	0.0	0.0	0.0	True	40.0	0.0	0.005	"[46580002.76527184 46580291.76437346 46641155.57517406 46641445.57427257
 46641734.5733742  46642025.57246961 46642314.57157123 46642604.57066976
 46642894.56976826 46643183.5688699  46643473.56796841 46643762.56707004
 46644051.56617166 46644341.56527019 46644631.5643687  46644921.56346722
 46645210.56256884 46645500.56166736 46645790.56076588 46646080.55986439]"	0.0	0.0	0.0
4036.7047098441735	2.0	trials	8.0	0.0	0.0	0.0	0.0	0.0	True	40.0	0.0	0.005	"[46646369.55896602 46646658.55806765 46729230.30138761 46729520.30048613
 46729809.29958776 46730100.29868316 46730389.29778478 46730679.29688331
 46730968.29598493 46731258.29508345 46731547.29418507 46731838.29328048
 46732126.29238522 46732417.29148062 46732706.29058225 46732995.28968388
 46733285.2887824  46733575.28788091 46733865.28697944 46734154.28608106]"	0.0	0.0	0.0
4043.904658662675	2.0	trials	8.0	0.0	0.0	0.0	0.0	0.0	True	40.0	0.0	0.005	"[46734444.28517957 46734733.2842812  46812563.04234196 46812853.04144047
 46813143.04053899 46813433.03963751 46813722.03873913 46814012.03783765
 46814301.03693928 46814591.0360378  46814881.03513631 46815171.03423483
 46815460.03333645 46815749.03243808 46816040.03153349 46816328.03063823
 46816619.02973364 46816908.02883526 46817198.02793378 46817488.0270323 ]"	0.0	0.0	0.0
4049.670371939589	2.0	trials	8.0	0.0	0.0	0.0	0.0	0.0	True	40.0	0.0	0.005	"[46817778.02613082 46818066.02523555 46879296.8348953  46879585.83399692
 46879875.83309544 46880164.83219707 46880454.83129558 46880744.8303941
 46881033.82949573 46881324.82859114 46881613.82769276 46881903.82679128
 46882192.8258929  46882481.82499453 46882772.82408994 46883061.82319157
 46883351.82229009 46883640.82139171 46883929.82049333 46884219.81959186]"	0.0	0.0	0.0
4075.281757924969	2.0	trials	9.0	0.0	0.0	0.0	0.0	0.0	True	5.0	0.0	0.01	"[46884509.81869037 46884799.81778889 47175770.91328489               nan
               nan               nan               nan               nan
               nan               nan               nan               nan
               nan               nan               nan               nan
               nan               nan               nan               nan]"	0.0	0.0	0.0
4082.043573705435	2.0	trials	9.0	0.0	0.0	0.0	0.0	0.0	True	5.0	0.0	0.01	"[47178087.90608235 47180404.89887983 47254032.67000274               nan
               nan               nan               nan               nan
               nan               nan               nan               nan
               nan               nan               nan               nan
               nan               nan               nan               nan]"	0.0	0.0	0.0
4087.383595505638	2.0	trials	9.0	0.0	0.0	0.0	0.0	0.0	True	5.0	0.0	0.01	"[47256349.66280022 47258667.65559457 47315838.47787508               nan
               nan               nan               nan               nan
               nan               nan               nan               nan
               nan               nan               nan               nan
               nan               nan               nan               nan]"	0.0	0.0	0.0
4094.22360304304	1.9999999999995453	trials	9.0	0.0	0.0	0.0	0.0	0.0	True	5.0	0.0	0.01	"[47318156.47066943 47320473.4634669  47395005.23177968               nan
               nan               nan               nan               nan
               nan               nan               nan               nan
               nan               nan               nan               nan
               nan               nan               nan               nan]"	0.0	0.0	0.0
4100.740129986001	2.0	trials	9.0	0.0	0.0	0.0	0.0	0.0	True	5.0	0.0	0.01	"[47397323.22457404 47399640.2173715  47470427.99732273               nan
               nan               nan               nan               nan
               nan               nan               nan               nan
               nan               nan               nan               nan
               nan               nan               nan               nan]"	0.0	0.0	0.0
4106.883928487613	2.0	trials	9.0	0.0	0.0	0.0	0.0	0.0	True	5.0	0.0	0.01	"[47472744.99012019 47475061.98291766 47541536.77627612               nan
               nan               nan               nan               nan
               nan               nan               nan               nan
               nan               nan               nan               nan
               nan               nan               nan               nan]"	0.0	0.0	0.0
4114.365626830279	2.0	trials	9.0	0.0	0.0	0.0	0.0	0.0	True	5.0	0.0	0.01	"[47543853.76907358 47546171.76186795 47628130.50709346               nan
               nan               nan               nan               nan
               nan               nan               nan               nan
               nan               nan               nan               nan
               nan               nan               nan               nan]"	0.0	0.0	0.0
4121.643508206523	2.0	trials	9.0	0.0	0.0	0.0	0.0	0.0	True	5.0	0.0	0.01	"[47630447.49989092 47632764.49268839 47712365.24524388               nan
               nan               nan               nan               nan
               nan               nan               nan               nan
               nan               nan               nan               nan
               nan               nan               nan               nan]"	0.0	0.0	0.0
4127.901786352267	2.0	trials	9.0	0.0	0.0	0.0	0.0	0.0	True	5.0	0.0	0.01	"[47714682.23804134 47716999.23083881 47784799.02007842               nan
               nan               nan               nan               nan
               nan               nan               nan               nan
               nan               nan               nan               nan
               nan               nan               nan               nan]"	0.0	0.0	0.0
4133.115059746476	2.0	trials	9.0	0.0	0.0	0.0	0.0	0.0	True	5.0	0.0	0.01	"[47787117.01287279 47789434.00567025 47845136.83251412               nan
               nan               nan               nan               nan
               nan               nan               nan               nan
               nan               nan               nan               nan
               nan               nan               nan               nan]"	0.0	0.0	0.0
4141.030139141949	2.0	trials	9.0	0.0	0.0	0.0	0.0	0.0	True	5.0	0.0	0.01	"[47847454.82530846 47849771.81810594 47936747.5477358                nan
               nan               nan               nan               nan
               nan               nan               nan               nan
               nan               nan               nan               nan
               nan               nan               nan               nan]"	0.0	0.0	0.0
4147.942204055355	2.0	trials	9.0	0.0	0.0	0.0	0.0	0.0	True	5.0	0.0	0.01	"[47939064.54053326 47941381.53333073 48016748.29904787               nan
               nan               nan               nan               nan
               nan               nan               nan               nan
               nan               nan               nan               nan
               nan               nan               nan               nan]"	0.0	0.0	0.0
4155.9278720314	2.0	trials	9.0	0.0	0.0	0.0	0.0	0.0	True	5.0	0.0	0.01	"[48019065.29184534 48021382.2846428  48109175.01173297               nan
               nan               nan               nan               nan
               nan               nan               nan               nan
               nan               nan               nan               nan
               nan               nan               nan               nan]"	0.0	0.0	0.0
4163.020080384818	2.0	trials	9.0	0.0	0.0	0.0	0.0	0.0	True	5.0	0.0	0.01	"[48111492.00453044 48113809.99732479 48191260.75656369               nan
               nan               nan               nan               nan
               nan               nan               nan               nan
               nan               nan               nan               nan
               nan               nan               nan               nan]"	0.0	0.0	0.0
4170.820334537233	2.0	trials	9.0	0.0	0.0	0.0	0.0	0.0	True	5.0	0.0	0.01	"[48193577.74936116 48195894.74215863 48281541.47591976               nan
               nan               nan               nan               nan
               nan               nan               nan               nan
               nan               nan               nan               nan
               nan               nan               nan               nan]"	0.0	0.0	0.0
4177.726265069709	2.0	trials	9.0	0.0	0.0	0.0	0.0	0.0	True	5.0	0.0	0.01	"[48283858.46871723 48286175.4615147  48361471.22745254               nan
               nan               nan               nan               nan
               nan               nan               nan               nan
               nan               nan               nan               nan
               nan               nan               nan               nan]"	0.0	0.0	0.0
4185.602378186311	2.0	trials	9.0	0.0	0.0	0.0	0.0	0.0	True	5.0	0.0	0.01	"[48363788.22025    48366106.21304437 48452629.9440793                nan
               nan               nan               nan               nan
               nan               nan               nan               nan
               nan               nan               nan               nan
               nan               nan               nan               nan]"	0.0	0.0	0.0
4192.048662147628	2.0	trials	9.0	0.0	0.0	0.0	0.0	0.0	True	5.0	0.0	0.01	"[48454946.93687677 48457263.92967424 48527239.71214961               nan
               nan               nan               nan               nan
               nan               nan               nan               nan
               nan               nan               nan               nan
               nan               nan               nan               nan]"	0.0	0.0	0.0
4197.549905846663	2.0	trials	9.0	0.0	0.0	0.0	0.0	0.0	True	5.0	0.0	0.01	"[48529556.70494708 48531873.69774455 48590911.51422137               nan
               nan               nan               nan               nan
               nan               nan               nan               nan
               nan               nan               nan               nan
               nan               nan               nan               nan]"	0.0	0.0	0.0
4202.884138864861	2.0	trials	9.0	0.0	0.0	0.0	0.0	0.0	True	5.0	0.0	0.01	"[48593228.50701883 48595545.4998163  48652650.32230196               nan
               nan               nan               nan               nan
               nan               nan               nan               nan
               nan               nan               nan               nan
               nan               nan               nan               nan]"	0.0	0.0	0.0
4210.762152775554	2.0	trials	9.0	0.0	0.0	0.0	0.0	0.0	True	5.0	0.0	0.01	"[48654967.31509943 48657284.3078969  48743831.03886033               nan
               nan               nan               nan               nan
               nan               nan               nan               nan
               nan               nan               nan               nan
               nan               nan               nan               nan]"	0.0	0.0	0.0
4217.710246376963	2.0	trials	9.0	0.0	0.0	0.0	0.0	0.0	True	5.0	0.0	0.01	"[48746148.03165779 48748465.02445526 48824248.78887613               nan
               nan               nan               nan               nan
               nan               nan               nan               nan
               nan               nan               nan               nan
               nan               nan               nan               nan]"	0.0	0.0	0.0
4225.804000417014	2.0	trials	9.0	0.0	0.0	0.0	0.0	0.0	True	5.0	0.0	0.01	"[48826565.7816736  48828882.77447106 48917926.49767242               nan
               nan               nan               nan               nan
               nan               nan               nan               nan
               nan               nan               nan               nan
               nan               nan               nan               nan]"	0.0	0.0	0.0
4232.218143678243	2.0	trials	9.0	0.0	0.0	0.0	0.0	0.0	True	5.0	0.0	0.01	"[48920243.49046989 48922560.48326736 48992164.26689912               nan
               nan               nan               nan               nan
               nan               nan               nan               nan
               nan               nan               nan               nan
               nan               nan               nan               nan]"	0.0	0.0	0.0
4238.752296166415	2.0	trials	9.0	0.0	0.0	0.0	0.0	0.0	True	5.0	0.0	0.01	"[48994481.25969659 48996798.25249405 49067791.03180803               nan
               nan               nan               nan               nan
               nan               nan               nan               nan
               nan               nan               nan               nan
               nan               nan               nan               nan]"	0.0	0.0	0.0
4245.604226866753	2.0	trials	9.0	0.0	0.0	0.0	0.0	0.0	True	5.0	0.0	0.01	"[49070108.0246055  49072426.01739986 49147095.78528367               nan
               nan               nan               nan               nan
               nan               nan               nan               nan
               nan               nan               nan               nan
               nan               nan               nan               nan]"	0.0	0.0	0.0
4252.156350499061	2.0	trials	9.0	0.0	0.0	0.0	0.0	0.0	True	5.0	0.0	0.01	"[49149412.77808113 49151729.7708786  49222930.549546                 nan
               nan               nan               nan               nan
               nan               nan               nan               nan
               nan               nan               nan               nan
               nan               nan               nan               nan]"	0.0	0.0	0.0
4259.57817382785	2.0	trials	9.0	0.0	0.0	0.0	0.0	0.0	True	5.0	0.0	0.01	"[49225247.54234347 49227564.53514092 49308831.28251756               nan
               nan               nan               nan               nan
               nan               nan               nan               nan
               nan               nan               nan               nan
               nan               nan               nan               nan]"	0.0	0.0	0.0
4266.610075168739	2.0	trials	9.0	0.0	0.0	0.0	0.0	0.0	True	5.0	0.0	0.01	"[49311148.27531502 49313465.26811249 49390219.02951806               nan
               nan               nan               nan               nan
               nan               nan               nan               nan
               nan               nan               nan               nan
               nan               nan               nan               nan]"	0.0	0.0	0.0
4273.4564762862665	2.0	trials	9.0	0.0	0.0	0.0	0.0	0.0	True	5.0	0.0	0.01	"[49392536.02231552 49394853.01511299 49469459.78319263               nan
               nan               nan               nan               nan
               nan               nan               nan               nan
               nan               nan               nan               nan
               nan               nan               nan               nan]"	0.0	0.0	0.0
4292.167029323323	2.0	trials	10.0	0.0	0.0	0.0	0.0	0.0	True	10.0	0.0	0.005	"[49471776.7759901  49474093.76878757 49685971.11015203 49687130.1065492
 49688288.10294951               nan               nan               nan
               nan               nan               nan               nan
               nan               nan               nan               nan
               nan               nan               nan               nan]"	0.0	0.0	0.0
4299.939289962757	2.0	trials	10.0	0.0	0.0	0.0	0.0	0.0	True	10.0	0.0	0.005	"[49689447.09934667 49690605.09574697 49775927.83051528 49777085.82691557
 49778244.82331274               nan               nan               nan
               nan               nan               nan               nan
               nan               nan               nan               nan
               nan               nan               nan               nan]"	0.0	0.0	0.0
4307.006874392722	2.0	trials	10.0	0.0	0.0	0.0	0.0	0.0	True	10.0	0.0	0.005	"[49779403.81970992 49780561.81611021 49857728.57623194 49858886.57263223
 49860045.56902941               nan               nan               nan
               nan               nan               nan               nan
               nan               nan               nan               nan
               nan               nan               nan               nan]"	0.0	0.0	0.0
4314.9248913790625	2.0	trials	10.0	0.0	0.0	0.0	0.0	0.0	True	10.0	0.0	0.005	"[49861204.56542659 49862362.56182688 49949372.29135104 49950530.28775132
 49951688.28415161               nan               nan               nan
               nan               nan               nan               nan
               nan               nan               nan               nan
               nan               nan               nan               nan]"	0.0	0.0	0.0
4321.731635019868	2.0	trials	10.0	0.0	0.0	0.0	0.0	0.0	True	10.0	0.0	0.005	"[49952846.2805519  49954006.27694598 50028153.04645555 50029311.04285584
 50030471.03924991               nan               nan               nan
               nan               nan               nan               nan
               nan               nan               nan               nan
               nan               nan               nan               nan]"	0.0	0.0	0.0
4330.479348627045	2.0	trials	10.0	0.0	0.0	0.0	0.0	0.0	True	10.0	0.0	0.005	"[50031629.0356502  50032787.03205048 50129399.73172316 50130558.72812033
 50131717.72451751               nan               nan               nan
               nan               nan               nan               nan
               nan               nan               nan               nan
               nan               nan               nan               nan]"	0.0	0.0	0.0
4337.583134544475	2.0	trials	10.0	0.0	0.0	0.0	0.0	0.0	True	10.0	0.0	0.005	"[50132875.7209178  50134033.71731808 50211619.47613733 50212779.4725314
 50213936.4689348                nan               nan               nan
               nan               nan               nan               nan
               nan               nan               nan               nan
               nan               nan               nan               nan]"	0.0	0.0	0.0
4344.279459328524	2.0	trials	10.0	0.0	0.0	0.0	0.0	0.0	True	10.0	0.0	0.005	"[50215096.46532886 50216254.46172915 50289124.23520836 50290282.23160865
 50291440.22800894               nan               nan               nan
               nan               nan               nan               nan
               nan               nan               nan               nan
               nan               nan               nan               nan]"	0.0	0.0	0.0
4351.635100463046	2.0	trials	10.0	0.0	0.0	0.0	0.0	0.0	True	10.0	0.0	0.005	"[50292599.22440612 50293758.22080329 50374257.9705642  50375416.96696138
 50376574.96336166               nan               nan               nan
               nan               nan               nan               nan
               nan               nan               nan               nan
               nan               nan               nan               nan]"	0.0	0.0	0.0
4358.18705129589	2.0	trials	10.0	0.0	0.0	0.0	0.0	0.0	True	10.0	0.0	0.005	"[50377734.95975573 50378892.95615602 50450091.73482963 50451249.73122992
 50452408.7276271                nan               nan               nan
               nan               nan               nan               nan
               nan               nan               nan               nan
               nan               nan               nan               nan]"	0.0	0.0	0.0
4363.532948277831	2.0	trials	10.0	0.0	0.0	0.0	0.0	0.0	True	10.0	0.0	0.005	"[50453567.72402427 50454725.72042458 50511965.54249057 50513124.53888776
 50514283.53528494               nan               nan               nan
               nan               nan               nan               nan
               nan               nan               nan               nan
               nan               nan               nan               nan]"	0.0	0.0	0.0
4369.155151600855	2.0	trials	10.0	0.0	0.0	0.0	0.0	0.0	True	10.0	0.0	0.005	"[50515440.53168833 50516599.52808551 50577037.34021035 50578195.33661063
 50579353.33301091               nan               nan               nan
               nan               nan               nan               nan
               nan               nan               nan               nan
               nan               nan               nan               nan]"	0.0	0.0	0.0
4376.073005296266	2.0	trials	10.0	0.0	0.0	0.0	0.0	0.0	True	10.0	0.0	0.005	"[50580513.32940499 50581671.32580528 50657105.09131414 50658263.08771442
 50659422.08411161               nan               nan               nan
               nan               nan               nan               nan
               nan               nan               nan               nan
               nan               nan               nan               nan]"	0.0	0.0	0.0
4383.717739932123	2.0	trials	10.0	0.0	0.0	0.0	0.0	0.0	True	10.0	0.0	0.005	"[50660580.08051188 50661739.07690907 50745584.81626873 50746744.8126628
 50747902.80906309               nan               nan               nan
               nan               nan               nan               nan
               nan               nan               nan               nan
               nan               nan               nan               nan]"	0.0	0.0	0.0
4391.30717873987	2.0	trials	10.0	0.0	0.0	0.0	0.0	0.0	True	10.0	0.0	0.005	"[50749061.80546026 50750219.80186056 50833426.54320658 50834584.53960687
 50835743.53600404               nan               nan               nan
               nan               nan               nan               nan
               nan               nan               nan               nan
               nan               nan               nan               nan]"	0.0	0.0	0.0
4399.245499663096	2.0	trials	10.0	0.0	0.0	0.0	0.0	0.0	True	10.0	0.0	0.005	"[50836901.53240433 50838060.52880151 50925304.25759827 50926463.25399546
 50927621.25039575               nan               nan               nan
               nan               nan               nan               nan
               nan               nan               nan               nan
               nan               nan               nan               nan]"	0.0	0.0	0.0
4407.111072012464	2.0	trials	10.0	0.0	0.0	0.0	0.0	0.0	True	10.0	0.0	0.005	"[50928781.24678982 50929938.24319321 51016340.97460429 51017498.97100456
 51018657.96740175               nan               nan               nan
               nan               nan               nan               nan
               nan               nan               nan               nan
               nan               nan               nan               nan]"	0.0	0.0	0.0
4412.985821750432	2.0	trials	10.0	0.0	0.0	0.0	0.0	0.0	True	10.0	0.0	0.005	"[51019815.96380202 51020974.96019921 51084335.76323771 51085494.7596349
 51086653.75603208               nan               nan               nan
               nan               nan               nan               nan
               nan               nan               nan               nan
               nan               nan               nan               nan]"	0.0	0.0	0.0
4419.105601126708	2.0	trials	10.0	0.0	0.0	0.0	0.0	0.0	True	10.0	0.0	0.005	"[51087812.75242925 51088970.74882955 51155167.54305218 51156325.53945247
 51157484.53584965               nan               nan               nan
               nan               nan               nan               nan
               nan               nan               nan               nan
               nan               nan               nan               nan]"	0.0	0.0	0.0
4426.1436368485265	2.0	trials	10.0	0.0	0.0	0.0	0.0	0.0	True	10.0	0.0	0.005	"[51158642.53224993 51159801.52864711 51236626.28983197 51237785.28622915
 51238942.28263254               nan               nan               nan
               nan               nan               nan               nan
               nan               nan               nan               nan
               nan               nan               nan               nan]"	0.0	0.0	0.0
4432.67122295711	2.0	trials	10.0	0.0	0.0	0.0	0.0	0.0	True	10.0	0.0	0.005	"[51240101.27902972 51241260.2754269  51312176.05498024 51313335.05137742
 51314493.0477777                nan               nan               nan
               nan               nan               nan               nan
               nan               nan               nan               nan
               nan               nan               nan               nan]"	0.0	0.0	0.0
4437.987657630637	2.0	trials	10.0	0.0	0.0	0.0	0.0	0.0	True	10.0	0.0	0.005	"[51315652.04417488 51316810.04057517 51373709.8636981  51374867.86009838
 51376026.85649556               nan               nan               nan
               nan               nan               nan               nan
               nan               nan               nan               nan
               nan               nan               nan               nan]"	0.0	0.0	0.0
4444.755694191765	2.0	trials	10.0	0.0	0.0	0.0	0.0	0.0	True	10.0	0.0	0.005	"[51377184.85289584 51378343.84929302 51452043.62019213 51453201.61659242
 51454360.61298959               nan               nan               nan
               nan               nan               nan               nan
               nan               nan               nan               nan
               nan               nan               nan               nan]"	0.0	0.0	0.0
4452.075652237209	2.0	trials	10.0	0.0	0.0	0.0	0.0	0.0	True	10.0	0.0	0.005	"[51455519.60938677 51456677.60578707 51536764.3568318  51537923.35322898
 51539081.34962927               nan               nan               nan
               nan               nan               nan               nan
               nan               nan               nan               nan
               nan               nan               nan               nan]"	0.0	0.0	0.0
4458.532304166298	2.0	trials	10.0	0.0	0.0	0.0	0.0	0.0	True	10.0	0.0	0.005	"[51540239.34602955 51541398.34242673 51611495.12452598 51612654.12092315
 51613812.11732344               nan               nan               nan
               nan               nan               nan               nan
               nan               nan               nan               nan
               nan               nan               nan               nan]"	0.0	0.0	0.0
4466.414810863024	2.0	trials	10.0	0.0	0.0	0.0	0.0	0.0	True	10.0	0.0	0.005	"[51614970.11372373 51616129.11012091 51702726.84092581 51703884.8373261
 51705043.83372328               nan               nan               nan
               nan               nan               nan               nan
               nan               nan               nan               nan
               nan               nan               nan               nan]"	0.0	0.0	0.0
4473.65761394831	2.0	trials	10.0	0.0	0.0	0.0	0.0	0.0	True	10.0	0.0	0.005	"[51706201.83012356 51707361.82651763 51786556.5803352  51787714.57673549
 51788872.57313578               nan               nan               nan
               nan               nan               nan               nan
               nan               nan               nan               nan
               nan               nan               nan               nan]"	0.0	0.0	0.0
4478.961866259706	2.0	trials	10.0	0.0	0.0	0.0	0.0	0.0	True	10.0	0.0	0.005	"[51790031.56953295 51791189.56593323 51847948.38949447 51849106.38589477
 51850265.38229194               nan               nan               nan
               nan               nan               nan               nan
               nan               nan               nan               nan
               nan               nan               nan               nan]"	0.0	0.0	0.0
4485.449881291298	2.0	trials	10.0	0.0	0.0	0.0	0.0	0.0	True	10.0	0.0	0.005	"[51851423.37869223 51852582.37508941 51923040.15606646 51924199.15246364
 51925358.14886083               nan               nan               nan
               nan               nan               nan               nan
               nan               nan               nan               nan
               nan               nan               nan               nan]"	0.0	0.0	0.0
4492.923717258404	2.0	trials	10.0	0.0	0.0	0.0	0.0	0.0	True	10.0	0.0	0.005	"[51926516.14526111 51927674.1416614  52009543.88716356 52010702.88356074
 52011860.87996103               nan               nan               nan
               nan               nan               nan               nan
               nan               nan               nan               nan
               nan               nan               nan               nan]"	0.0	0.0	0.0
4515.079286786409	2.0	trials	11.0	0.0	0.0	0.0	0.0	0.0	True	20.0	0.0	0.005	"[52013018.87636131 52014178.87275539 52265974.09003234 52266553.08823249
 52267132.08643264 52267712.08462967 52268290.08283293 52268870.08102996
 52269450.07922699 52270028.07743025               nan               nan
               nan               nan               nan               nan
               nan               nan               nan               nan]"	0.0	0.0	0.0
4521.300672246837	2.0	trials	11.0	0.0	0.0	0.0	0.0	0.0	True	20.0	0.0	0.005	"[52270607.07563038 52271186.07383054 52337980.86619424 52338560.86439129
 52339139.86259143 52339717.86079468 52340296.85899483 52340877.85718875
 52341456.85538889 52342034.85359214               nan               nan
               nan               nan               nan               nan
               nan               nan               nan               nan]"	0.0	0.0	0.0
4527.48162263296	2.0	trials	11.0	0.0	0.0	0.0	0.0	0.0	True	20.0	0.0	0.005	"[52342615.85178607 52343193.84998932 52409519.64381096 52410099.64200798
 52410677.64021125 52411257.63840827 52411837.63660531 52412416.63480546
 52412995.6330056  52413574.63120574               nan               nan
               nan               nan               nan               nan
               nan               nan               nan               nan]"	0.0	0.0	0.0
4535.040907934442	2.0	trials	11.0	0.0	0.0	0.0	0.0	0.0	True	20.0	0.0	0.005	"[52414153.62940589 52414733.62760292 52497010.3718399  52497589.37004006
 52498169.36823709 52498748.36643723 52499327.36463738 52499907.36283441
 52500486.36103455 52501065.3592347                nan               nan
               nan               nan               nan               nan
               nan               nan               nan               nan]"	0.0	0.0	0.0
4540.933628816544	2.0	trials	11.0	0.0	0.0	0.0	0.0	0.0	True	20.0	0.0	0.005	"[52501645.35743172 52502224.35563187 52565213.15982678 52565792.15802693
 52566372.15622395 52566951.1544241  52567530.15262424 52568110.15082127
 52568689.14902142 52569269.14721844               nan               nan
               nan               nan               nan               nan
               nan               nan               nan               nan]"	0.0	0.0	0.0
4548.897437660538	2.0	trials	11.0	0.0	0.0	0.0	0.0	0.0	True	20.0	0.0	0.005	"[52569848.14541859 52570427.14361873 52657386.87329834 52657966.87149537
 52658545.86969552 52659125.86789256 52659704.8660927  52660283.86429284
 52660863.86248987 52661442.86069002               nan               nan
               nan               nan               nan               nan
               nan               nan               nan               nan]"	0.0	0.0	0.0
4556.035610671074	2.0	trials	11.0	0.0	0.0	0.0	0.0	0.0	True	20.0	0.0	0.005	"[52662022.85888705 52662601.8570872  52740004.61647531 52740584.61467235
 52741163.61287247 52741742.61107263 52742322.60926966 52742901.6074698
 52743480.60566995 52744060.60386699               nan               nan
               nan               nan               nan               nan
               nan               nan               nan               nan]"	0.0	0.0	0.0
4562.083332671346	2.0	trials	11.0	0.0	0.0	0.0	0.0	0.0	True	20.0	0.0	0.005	"[52744639.60206713 52745218.60026727 52810001.39888541 52810581.39708245
 52811160.39528259 52811740.39347964 52812318.39168288 52812898.38987991
 52813478.38807695 52814057.3862771                nan               nan
               nan               nan               nan               nan
               nan               nan               nan               nan]"	0.0	0.0	0.0
4567.946159246378	2.0	trials	11.0	0.0	0.0	0.0	0.0	0.0	True	20.0	0.0	0.005	"[52814636.38447723 52815215.38267738 52877858.18794784 52878438.18614487
 52879017.18434502 52879596.18254516 52880175.1807453  52880755.17894234
 52881334.17714249 52881913.17534263               nan               nan
               nan               nan               nan               nan
               nan               nan               nan               nan]"	0.0	0.0	0.0
4573.98783326545	2.0	trials	11.0	0.0	0.0	0.0	0.0	0.0	True	20.0	0.0	0.005	"[52882492.17354277 52883071.17174292 52947784.97057554 52948364.96877259
 52948943.96697273 52949523.96516976 52950102.96336991 52950681.96157005
 52951260.9597702  52951840.95796723               nan               nan
               nan               nan               nan               nan
               nan               nan               nan               nan]"	0.0	0.0	0.0
4580.809437660059	2.0	trials	11.0	0.0	0.0	0.0	0.0	0.0	True	20.0	0.0	0.005	"[52952419.95616737 52952998.95436752 53026739.72513916 53027319.72333621
 53027898.72153635 53028477.7197365  53029056.71793663 53029636.71613368
 53030215.71433382 53030794.71253396               nan               nan
               nan               nan               nan               nan
               nan               nan               nan               nan]"	0.0	0.0	0.0
4587.17692506632	2.0	trials	11.0	0.0	0.0	0.0	0.0	0.0	True	20.0	0.0	0.005	"[53031373.71073411 53031953.70893114 53100436.49604761 53101016.49424464
 53101594.4924479  53102175.49064182 53102754.48884197 53103333.4870421
 53103912.48524224 53104492.48343929               nan               nan
               nan               nan               nan               nan
               nan               nan               nan               nan]"	0.0	0.0	0.0
4592.947044729536	2.0	trials	11.0	0.0	0.0	0.0	0.0	0.0	True	20.0	0.0	0.005	"[53105071.48163942 53105650.47983957 53167221.28844242 53167801.28663944
 53168380.28483958 53168959.28303973 53169538.28123988 53170117.27944001
 53170697.27763706 53171277.27583408               nan               nan
               nan               nan               nan               nan
               nan               nan               nan               nan]"	0.0	0.0	0.0
4600.855039347033	2.0	trials	11.0	0.0	0.0	0.0	0.0	0.0	True	20.0	0.0	0.005	"[53171855.27403735 53172435.27223437 53258749.0039221  53259327.00212535
 53259906.0003255  53260485.99852253 53261064.99672268 53261644.99491971
 53262223.99311987 53262802.99132                  nan               nan
               nan               nan               nan               nan
               nan               nan               nan               nan]"	0.0	0.0	0.0
4605.997292162014	2.0	trials	11.0	0.0	0.0	0.0	0.0	0.0	True	20.0	0.0	0.005	"[53263381.98952014 53263960.98772028 53318264.81891304 53318844.81711007
 53319423.81531021 53320002.81351036 53320582.81170738 53321161.80990753
 53321740.80810767 53322319.80630782               nan               nan
               nan               nan               nan               nan
               nan               nan               nan               nan]"	0.0	0.0	0.0
4612.369445153771	2.0	trials	11.0	0.0	0.0	0.0	0.0	0.0	True	20.0	0.0	0.005	"[53322899.80450485 53323478.802705   53392017.58964739 53392595.58785063
 53393174.58605078 53393755.58424471 53394333.58244796 53394913.58064499
 53395493.57884202 53396071.57704528               nan               nan
               nan               nan               nan               nan
               nan               nan               nan               nan]"	0.0	0.0	0.0
4620.217046359004	2.0	trials	11.0	0.0	0.0	0.0	0.0	0.0	True	20.0	0.0	0.005	"[53396651.57524232 53397230.57344246 53482845.30730307 53483425.30550011
 53484004.30370025 53484583.30190039 53485162.30010054 53485741.29830068
 53486321.29649772 53486900.29469786               nan               nan
               nan               nan               nan               nan
               nan               nan               nan               nan]"	0.0	0.0	0.0
4626.6193528570275	2.0	trials	11.0	0.0	0.0	0.0	0.0	0.0	True	20.0	0.0	0.005	"[53487479.29289801 53488059.29109503 53556946.07695564 53557526.07515268
 53558105.07335283 53558684.07155298 53559264.06975    53559843.06795014
 53560422.06615029 53561002.06434732               nan               nan
               nan               nan               nan               nan
               nan               nan               nan               nan]"	0.0	0.0	0.0
4632.985285068123	2.0	trials	11.0	0.0	0.0	0.0	0.0	0.0	True	20.0	0.0	0.005	"[53561581.06254748 53562160.06074762 53630626.84791382 53631205.84611397
 53631784.8443141  53632364.84251115 53632943.84071129 53633522.83891144
 53634102.83710846 53634681.83530861               nan               nan
               nan               nan               nan               nan
               nan               nan               nan               nan]"	0.0	0.0	0.0
4638.979352835183	2.0	trials	11.0	0.0	0.0	0.0	0.0	0.0	True	20.0	0.0	0.005	"[53635260.83350875 53635840.83170579 53700001.63225745 53700580.63045759
 53701159.62865774 53701739.62685477 53702318.62505492 53702897.62325506
 53703477.62145211 53704057.61964913               nan               nan
               nan               nan               nan               nan
               nan               nan               nan               nan]"	0.0	0.0	0.0
4646.291880503725	2.0	trials	11.0	0.0	0.0	0.0	0.0	0.0	True	20.0	0.0	0.005	"[53704635.61785238 53705215.61604942 53784637.36916135 53785216.36736149
 53785795.36556163 53786374.36376178 53786955.3619557  53787534.36015584
 53788113.35835599 53788693.35655302               nan               nan
               nan               nan               nan               nan
               nan               nan               nan               nan]"	0.0	0.0	0.0
4651.957110892998	2.0	trials	11.0	0.0	0.0	0.0	0.0	0.0	True	20.0	0.0	0.005	"[53789272.35475317 53789850.35295641 53850208.16532994 53850787.16353009
 53851365.16173334 53851945.15993036 53852525.1581274  53853104.15632755
 53853683.15452769 53854262.15272783               nan               nan
               nan               nan               nan               nan
               nan               nan               nan               nan]"	0.0	0.0	0.0
4659.103578277749	2.0	trials	11.0	0.0	0.0	0.0	0.0	0.0	True	20.0	0.0	0.005	"[53854841.15092797 53855421.14912502 53932920.9082116  53933499.90641174
 53934079.90460877 53934658.90280891 53935238.90100595 53935817.89920609
 53936396.89740624 53936976.89560328               nan               nan
               nan               nan               nan               nan
               nan               nan               nan               nan]"	0.0	0.0	0.0
4667.126225338841	2.0	trials	11.0	0.0	0.0	0.0	0.0	0.0	True	20.0	0.0	0.005	"[53937554.89380653 53938133.89200667 54025776.61956313 54026355.61776327
 54026934.61596341 54027513.61416355 54028092.6123637  54028672.61056073
 54029251.60876088 54029831.6069579                nan               nan
               nan               nan               nan               nan
               nan               nan               nan               nan]"	0.0	0.0	0.0
4674.3551180673685	2.0	trials	11.0	0.0	0.0	0.0	0.0	0.0	True	20.0	0.0	0.005	"[54030410.60515806 54030989.60335819 54109443.35947921 54110022.35767935
 54110603.35587328 54111181.35407653 54111760.35227668 54112340.3504737
 54112919.34867386 54113498.34687399               nan               nan
               nan               nan               nan               nan
               nan               nan               nan               nan]"	0.0	0.0	0.0
4681.015241363953	2.0	trials	11.0	0.0	0.0	0.0	0.0	0.0	True	20.0	0.0	0.005	"[54114078.34507103 54114657.34327117 54186528.11985584 54187108.11805288
 54187687.11625303 54188266.11445315 54188846.1126502  54189425.11085034
 54190004.10905049 54190583.10725062               nan               nan
               nan               nan               nan               nan
               nan               nan               nan               nan]"	0.0	0.0	0.0
4689.127312147065	2.0	trials	11.0	0.0	0.0	0.0	0.0	0.0	True	20.0	0.0	0.005	"[54191162.10545077 54191742.10364781 54280418.82799001 54280997.82619015
 54281576.8243903  54282155.82259044 54282734.82079058 54283314.81898762
 54283894.81718466 54284473.81538479               nan               nan
               nan               nan               nan               nan
               nan               nan               nan               nan]"	0.0	0.0	0.0
4695.57109051617	2.0	trials	11.0	0.0	0.0	0.0	0.0	0.0	True	20.0	0.0	0.005	"[54285051.81358805 54285631.81178508 54355000.59614737 54355578.59435063
 54356157.59255077 54356737.5907478  54357316.58894794 54357895.58714809
 54358474.58534822 54359054.58354526               nan               nan
               nan               nan               nan               nan
               nan               nan               nan               nan]"	0.0	0.0	0.0
4702.357098221434	2.0	trials	11.0	0.0	0.0	0.0	0.0	0.0	True	20.0	0.0	0.005	"[54359634.58174229 54360212.57994556 54433541.35199793 54434120.35019808
 54434699.34839822 54435279.34659526 54435857.34479851 54436437.34299554
 54437016.34119569 54437596.33939273               nan               nan
               nan               nan               nan               nan
               nan               nan               nan               nan]"	0.0	0.0	0.0
4708.729337612924	2.0	trials	11.0	0.0	0.0	0.0	0.0	0.0	True	20.0	0.0	0.005	"[54438175.33759286 54438754.335793   54507294.1227323  54507873.12093244
 54508453.11912946 54509032.11732961 54509611.11552976 54510190.1137299
 54510770.11192694 54511349.11012708               nan               nan
               nan               nan               nan               nan
               nan               nan               nan               nan]"	0.0	0.0	0.0
4730.57309051023	2.0	trials	12.0	0.0	0.0	0.0	0.0	0.0	True	0.0	0.0	0.0	"[nan nan nan nan nan nan nan nan nan nan nan nan nan nan nan nan nan nan
 nan nan]"	0.0	0.0	0.0
4737.931237236963	2.0	trials	12.0	0.0	0.0	0.0	0.0	0.0	True	1.0	0.0	1.0	"[54511928.10832722               nan               nan               nan
               nan               nan               nan               nan
               nan               nan               nan               nan
               nan               nan               nan               nan
               nan               nan               nan               nan]"	0.0	0.0	0.0
4745.951378705844	2.0	trials	12.0	0.0	0.0	0.0	0.0	0.0	True	1.0	0.0	1.0	"[54512507.10652737               nan               nan               nan
               nan               nan               nan               nan
               nan               nan               nan               nan
               nan               nan               nan               nan
               nan               nan               nan               nan]"	0.0	0.0	0.0
4753.429966658177	2.0	trials	12.0	0.0	0.0	0.0	0.0	0.0	True	1.0	0.0	1.0	"[54770595.30424216               nan               nan               nan
               nan               nan               nan               nan
               nan               nan               nan               nan
               nan               nan               nan               nan
               nan               nan               nan               nan]"	0.0	0.0	0.0
4758.641684857221	2.0	trials	12.0	0.0	0.0	0.0	0.0	0.0	True	1.0	0.0	1.0	"[54770597.30423594               nan               nan               nan
               nan               nan               nan               nan
               nan               nan               nan               nan
               nan               nan               nan               nan
               nan               nan               nan               nan]"	0.0	0.0	0.0
4766.656987941142	2.0	trials	12.0	0.0	0.0	0.0	0.0	0.0	True	1.0	0.0	1.0	"[54770600.30422661               nan               nan               nan
               nan               nan               nan               nan
               nan               nan               nan               nan
               nan               nan               nan               nan
               nan               nan               nan               nan]"	0.0	0.0	0.0
4773.94731087871	2.0	trials	12.0	0.0	0.0	0.0	0.0	0.0	True	1.0	0.0	1.0	"[54846313.0688682              nan              nan              nan
              nan              nan              nan              nan
              nan              nan              nan              nan
              nan              nan              nan              nan
              nan              nan              nan              nan]"	0.0	0.0	0.0
4780.216907389271	2.0	trials	12.0	0.0	0.0	0.0	0.0	0.0	True	1.0	0.0	1.0	"[54855757.03951094               nan               nan               nan
               nan               nan               nan               nan
               nan               nan               nan               nan
               nan               nan               nan               nan
               nan               nan               nan               nan]"	0.0	0.0	0.0
4787.687632966046	2.0	trials	12.0	0.0	0.0	0.0	0.0	0.0	True	0.0	0.0	0.0	"[nan nan nan nan nan nan nan nan nan nan nan nan nan nan nan nan nan nan
 nan nan]"	0.0	0.0	0.0
4794.059353959146	2.0	trials	12.0	0.0	0.0	0.0	0.0	0.0	True	1.0	0.0	1.0	"[54855759.03950472               nan               nan               nan
               nan               nan               nan               nan
               nan               nan               nan               nan
               nan               nan               nan               nan
               nan               nan               nan               nan]"	0.0	0.0	0.0
4800.311497723961	2.0	trials	12.0	0.0	0.0	0.0	0.0	0.0	True	1.0	0.0	1.0	"[54855761.03949852               nan               nan               nan
               nan               nan               nan               nan
               nan               nan               nan               nan
               nan               nan               nan               nan
               nan               nan               nan               nan]"	0.0	0.0	0.0
4805.741375244841	2.0	trials	12.0	0.0	0.0	0.0	0.0	0.0	True	1.0	0.0	1.0	"[54855763.03949229               nan               nan               nan
               nan               nan               nan               nan
               nan               nan               nan               nan
               nan               nan               nan               nan
               nan               nan               nan               nan]"	0.0	0.0	0.0
4811.19544469052	2.0	trials	12.0	0.0	0.0	0.0	0.0	0.0	True	1.0	0.0	1.0	"[54855770.03947054               nan               nan               nan
               nan               nan               nan               nan
               nan               nan               nan               nan
               nan               nan               nan               nan
               nan               nan               nan               nan]"	0.0	0.0	0.0
4818.327569719856	2.0	trials	12.0	0.0	0.0	0.0	0.0	0.0	True	1.0	0.0	1.0	"[54855773.0394612              nan              nan              nan
              nan              nan              nan              nan
              nan              nan              nan              nan
              nan              nan              nan              nan
              nan              nan              nan              nan]"	0.0	0.0	0.0
4824.293730373667	2.0	trials	12.0	0.0	0.0	0.0	0.0	0.0	True	1.0	0.0	1.0	"[54939147.78028499               nan               nan               nan
               nan               nan               nan               nan
               nan               nan               nan               nan
               nan               nan               nan               nan
               nan               nan               nan               nan]"	0.0	0.0	0.0
4832.39370519438	2.0	trials	12.0	0.0	0.0	0.0	0.0	0.0	True	0.0	0.0	0.0	"[nan nan nan nan nan nan nan nan nan nan nan nan nan nan nan nan nan nan
 nan nan]"	0.0	0.0	0.0
4837.667631200046	2.0	trials	12.0	0.0	0.0	0.0	0.0	0.0	True	0.0	0.0	0.0	"[nan nan nan nan nan nan nan nan nan nan nan nan nan nan nan nan nan nan
 nan nan]"	0.0	0.0	0.0
4845.726825347529	2.0	trials	12.0	0.0	0.0	0.0	0.0	0.0	True	1.0	0.0	1.0	"[54939152.78026945               nan               nan               nan
               nan               nan               nan               nan
               nan               nan               nan               nan
               nan               nan               nan               nan
               nan               nan               nan               nan]"	0.0	0.0	0.0
4852.355585541607	2.0	trials	12.0	0.0	0.0	0.0	0.0	0.0	True	1.0	0.0	1.0	"[54948577.75097127               nan               nan               nan
               nan               nan               nan               nan
               nan               nan               nan               nan
               nan               nan               nan               nan
               nan               nan               nan               nan]"	0.0	0.0	0.0
4859.273784835945	2.0	trials	12.0	0.0	0.0	0.0	0.0	0.0	True	1.0	0.0	1.0	"[54948585.7509464              nan              nan              nan
              nan              nan              nan              nan
              nan              nan              nan              nan
              nan              nan              nan              nan
              nan              nan              nan              nan]"	0.0	0.0	0.0
4865.957495259207	2.0	trials	12.0	0.0	0.0	0.0	0.0	0.0	True	1.0	0.0	1.0	"[54948590.75093085               nan               nan               nan
               nan               nan               nan               nan
               nan               nan               nan               nan
               nan               nan               nan               nan
               nan               nan               nan               nan]"	0.0	0.0	0.0
4873.973835139905	2.0	trials	12.0	0.0	0.0	0.0	0.0	0.0	True	1.0	0.0	1.0	"[55025684.51127952               nan               nan               nan
               nan               nan               nan               nan
               nan               nan               nan               nan
               nan               nan               nan               nan
               nan               nan               nan               nan]"	0.0	0.0	0.0
4881.186052720269	2.0	trials	12.0	0.0	0.0	0.0	0.0	0.0	True	1.0	0.0	1.0	"[55025705.51121423               nan               nan               nan
               nan               nan               nan               nan
               nan               nan               nan               nan
               nan               nan               nan               nan
               nan               nan               nan               nan]"	0.0	0.0	0.0
4886.574631169529	2.0	trials	12.0	0.0	0.0	0.0	0.0	0.0	True	1.0	0.0	1.0	"[55035132.48190983               nan               nan               nan
               nan               nan               nan               nan
               nan               nan               nan               nan
               nan               nan               nan               nan
               nan               nan               nan               nan]"	0.0	0.0	0.0
4893.143775548928	2.0	trials	12.0	0.0	0.0	0.0	0.0	0.0	True	1.0	0.0	1.0	"[55035138.48189119               nan               nan               nan
               nan               nan               nan               nan
               nan               nan               nan               nan
               nan               nan               nan               nan
               nan               nan               nan               nan]"	0.0	0.0	0.0
4899.024054869705	2.0	trials	12.0	0.0	0.0	0.0	0.0	0.0	True	0.0	0.0	0.0	"[nan nan nan nan nan nan nan nan nan nan nan nan nan nan nan nan nan nan
 nan nan]"	0.0	0.0	0.0
4905.803755394575	2.0	trials	12.0	0.0	0.0	0.0	0.0	0.0	True	1.0	0.0	1.0	"[55035141.48188186               nan               nan               nan
               nan               nan               nan               nan
               nan               nan               nan               nan
               nan               nan               nan               nan
               nan               nan               nan               nan]"	0.0	0.0	0.0
4911.67046995752	2.0	trials	12.0	0.0	0.0	0.0	0.0	0.0	True	1.0	0.0	1.0	"[55035144.48187253               nan               nan               nan
               nan               nan               nan               nan
               nan               nan               nan               nan
               nan               nan               nan               nan
               nan               nan               nan               nan]"	0.0	0.0	0.0
4918.679475369582	2.0	trials	12.0	0.0	0.0	0.0	0.0	0.0	True	1.0	0.0	1.0	"[55086027.32369966               nan               nan               nan
               nan               nan               nan               nan
               nan               nan               nan               nan
               nan               nan               nan               nan
               nan               nan               nan               nan]"	0.0	0.0	0.0
4925.707315923093	2.0	trials	12.0	0.0	0.0	0.0	0.0	0.0	True	1.0	0.0	1.0	"[55095462.2943704              nan              nan              nan
              nan              nan              nan              nan
              nan              nan              nan              nan
              nan              nan              nan              nan
              nan              nan              nan              nan]"	0.0	0.0	0.0
