onset	duration	nwb_table	Block	sound	sound_puretone	sound_bluenoise	sound_freq	sound_amp	optogenetics	opto_freq	opto_power	opto_pulse_duration	opto_pulse_ts	airpuff	airpuff_duration	airpuff_amp
307.6953293877313	2.0	trials	1.0	1.0	1.0	0.0	10000.0	1.0	False	0.0	0.0	0.0	"[nan nan nan nan nan nan nan nan nan nan nan nan nan nan nan nan nan nan
 nan nan]"	0.0	0.0	0.0
314.34931505897697	2.0	trials	1.0	1.0	1.0	0.0	10000.0	1.0	False	0.0	0.0	0.0	"[nan nan nan nan nan nan nan nan nan nan nan nan nan nan nan nan nan nan
 nan nan]"	0.0	0.0	0.0
321.65777837662057	2.0	trials	1.0	1.0	1.0	0.0	10000.0	1.0	False	0.0	0.0	0.0	"[nan nan nan nan nan nan nan nan nan nan nan nan nan nan nan nan nan nan
 nan nan]"	0.0	0.0	0.0
330.7966191119458	2.0	trials	1.0	1.0	1.0	0.0	10000.0	1.0	False	0.0	0.0	0.0	"[nan nan nan nan nan nan nan nan nan nan nan nan nan nan nan nan nan nan
 nan nan]"	0.0	0.0	0.0
340.31164409445483	2.0	trials	1.0	1.0	1.0	0.0	10000.0	1.0	False	0.0	0.0	0.0	"[nan nan nan nan nan nan nan nan nan nan nan nan nan nan nan nan nan nan
 nan nan]"	0.0	0.0	0.0
348.0693857964243	2.0	trials	1.0	1.0	1.0	0.0	10000.0	1.0	False	0.0	0.0	0.0	"[nan nan nan nan nan nan nan nan nan nan nan nan nan nan nan nan nan nan
 nan nan]"	0.0	0.0	0.0
355.6660784775508	2.0	trials	1.0	1.0	1.0	0.0	10000.0	1.0	False	0.0	0.0	0.0	"[nan nan nan nan nan nan nan nan nan nan nan nan nan nan nan nan nan nan
 nan nan]"	0.0	0.0	0.0
366.2733683321075	2.0	trials	1.0	1.0	1.0	0.0	10000.0	1.0	False	0.0	0.0	0.0	"[nan nan nan nan nan nan nan nan nan nan nan nan nan nan nan nan nan nan
 nan nan]"	0.0	0.0	0.0
372.3513272748338	2.0	trials	1.0	1.0	1.0	0.0	10000.0	1.0	False	0.0	0.0	0.0	"[nan nan nan nan nan nan nan nan nan nan nan nan nan nan nan nan nan nan
 nan nan]"	0.0	0.0	0.0
383.169259571888	2.0	trials	1.0	1.0	1.0	0.0	10000.0	1.0	False	0.0	0.0	0.0	"[nan nan nan nan nan nan nan nan nan nan nan nan nan nan nan nan nan nan
 nan nan]"	0.0	0.0	0.0
388.45527896255055	2.0	trials	1.0	1.0	1.0	0.0	10000.0	1.0	False	0.0	0.0	0.0	"[nan nan nan nan nan nan nan nan nan nan nan nan nan nan nan nan nan nan
 nan nan]"	0.0	0.0	0.0
397.215257060324	2.0	trials	1.0	1.0	1.0	0.0	10000.0	1.0	False	0.0	0.0	0.0	"[nan nan nan nan nan nan nan nan nan nan nan nan nan nan nan nan nan nan
 nan nan]"	0.0	0.0	0.0
405.43653309535284	2.0	trials	1.0	1.0	1.0	0.0	10000.0	1.0	False	0.0	0.0	0.0	"[nan nan nan nan nan nan nan nan nan nan nan nan nan nan nan nan nan nan
 nan nan]"	0.0	0.0	0.0
415.634979620173	2.0	trials	1.0	1.0	1.0	0.0	10000.0	1.0	False	0.0	0.0	0.0	"[nan nan nan nan nan nan nan nan nan nan nan nan nan nan nan nan nan nan
 nan nan]"	0.0	0.0	0.0
425.0912528139624	2.0	trials	1.0	1.0	1.0	0.0	10000.0	1.0	False	0.0	0.0	0.0	"[nan nan nan nan nan nan nan nan nan nan nan nan nan nan nan nan nan nan
 nan nan]"	0.0	0.0	0.0
434.0732781132201	2.0	trials	1.0	1.0	1.0	0.0	10000.0	1.0	False	0.0	0.0	0.0	"[nan nan nan nan nan nan nan nan nan nan nan nan nan nan nan nan nan nan
 nan nan]"	0.0	0.0	0.0
444.4045209604843	2.0	trials	1.0	1.0	1.0	0.0	10000.0	1.0	False	0.0	0.0	0.0	"[nan nan nan nan nan nan nan nan nan nan nan nan nan nan nan nan nan nan
 nan nan]"	0.0	0.0	0.0
450.16910823014325	2.0	trials	1.0	1.0	1.0	0.0	10000.0	1.0	False	0.0	0.0	0.0	"[nan nan nan nan nan nan nan nan nan nan nan nan nan nan nan nan nan nan
 nan nan]"	0.0	0.0	0.0
458.42451214244306	2.0	trials	1.0	1.0	1.0	0.0	10000.0	1.0	False	0.0	0.0	0.0	"[nan nan nan nan nan nan nan nan nan nan nan nan nan nan nan nan nan nan
 nan nan]"	0.0	0.0	0.0
465.45304046677575	2.0	trials	1.0	1.0	1.0	0.0	10000.0	1.0	False	0.0	0.0	0.0	"[nan nan nan nan nan nan nan nan nan nan nan nan nan nan nan nan nan nan
 nan nan]"	0.0	0.0	0.0
473.6853756620342	2.0	trials	1.0	1.0	1.0	0.0	10000.0	1.0	False	0.0	0.0	0.0	"[nan nan nan nan nan nan nan nan nan nan nan nan nan nan nan nan nan nan
 nan nan]"	0.0	0.0	0.0
482.3192102134393	2.0	trials	1.0	1.0	1.0	0.0	10000.0	1.0	False	0.0	0.0	0.0	"[nan nan nan nan nan nan nan nan nan nan nan nan nan nan nan nan nan nan
 nan nan]"	0.0	0.0	0.0
492.0452232372028	2.0	trials	1.0	1.0	1.0	0.0	10000.0	1.0	False	0.0	0.0	0.0	"[nan nan nan nan nan nan nan nan nan nan nan nan nan nan nan nan nan nan
 nan nan]"	0.0	0.0	0.0
498.477075307275	2.0	trials	1.0	1.0	1.0	0.0	10000.0	1.0	False	0.0	0.0	0.0	"[nan nan nan nan nan nan nan nan nan nan nan nan nan nan nan nan nan nan
 nan nan]"	0.0	0.0	0.0
508.9674663822177	2.0	trials	1.0	1.0	1.0	0.0	10000.0	1.0	False	0.0	0.0	0.0	"[nan nan nan nan nan nan nan nan nan nan nan nan nan nan nan nan nan nan
 nan nan]"	0.0	0.0	0.0
517.1672288946127	2.0	trials	1.0	1.0	1.0	0.0	10000.0	1.0	False	0.0	0.0	0.0	"[nan nan nan nan nan nan nan nan nan nan nan nan nan nan nan nan nan nan
 nan nan]"	0.0	0.0	0.0
524.0632200955692	2.0	trials	1.0	1.0	1.0	0.0	10000.0	1.0	False	0.0	0.0	0.0	"[nan nan nan nan nan nan nan nan nan nan nan nan nan nan nan nan nan nan
 nan nan]"	0.0	0.0	0.0
532.1154119386508	2.0	trials	1.0	1.0	1.0	0.0	10000.0	1.0	False	0.0	0.0	0.0	"[nan nan nan nan nan nan nan nan nan nan nan nan nan nan nan nan nan nan
 nan nan]"	0.0	0.0	0.0
541.0240839016983	2.0	trials	1.0	1.0	1.0	0.0	10000.0	1.0	False	0.0	0.0	0.0	"[nan nan nan nan nan nan nan nan nan nan nan nan nan nan nan nan nan nan
 nan nan]"	0.0	0.0	0.0
549.0690181708793	2.0	trials	1.0	1.0	1.0	0.0	10000.0	1.0	False	0.0	0.0	0.0	"[nan nan nan nan nan nan nan nan nan nan nan nan nan nan nan nan nan nan
 nan nan]"	0.0	0.0	0.0
560.0792761763007	2.0	trials	1.0	1.0	1.0	0.0	10000.0	1.0	False	0.0	0.0	0.0	"[nan nan nan nan nan nan nan nan nan nan nan nan nan nan nan nan nan nan
 nan nan]"	0.0	0.0	0.0
569.6626433130408	2.0	trials	1.0	1.0	1.0	0.0	10000.0	1.0	False	0.0	0.0	0.0	"[nan nan nan nan nan nan nan nan nan nan nan nan nan nan nan nan nan nan
 nan nan]"	0.0	0.0	0.0
575.830112333875	2.0	trials	1.0	1.0	1.0	0.0	10000.0	1.0	False	0.0	0.0	0.0	"[nan nan nan nan nan nan nan nan nan nan nan nan nan nan nan nan nan nan
 nan nan]"	0.0	0.0	0.0
582.7769065521362	2.0	trials	1.0	1.0	1.0	0.0	10000.0	1.0	False	0.0	0.0	0.0	"[nan nan nan nan nan nan nan nan nan nan nan nan nan nan nan nan nan nan
 nan nan]"	0.0	0.0	0.0
593.1215413512409	2.0	trials	1.0	1.0	1.0	0.0	10000.0	1.0	False	0.0	0.0	0.0	"[nan nan nan nan nan nan nan nan nan nan nan nan nan nan nan nan nan nan
 nan nan]"	0.0	0.0	0.0
603.5130047819426	2.0	trials	1.0	1.0	1.0	0.0	10000.0	1.0	False	0.0	0.0	0.0	"[nan nan nan nan nan nan nan nan nan nan nan nan nan nan nan nan nan nan
 nan nan]"	0.0	0.0	0.0
610.6577406883752	2.0	trials	1.0	1.0	1.0	0.0	10000.0	1.0	False	0.0	0.0	0.0	"[nan nan nan nan nan nan nan nan nan nan nan nan nan nan nan nan nan nan
 nan nan]"	0.0	0.0	0.0
621.3750173474024	2.0	trials	1.0	1.0	1.0	0.0	10000.0	1.0	False	0.0	0.0	0.0	"[nan nan nan nan nan nan nan nan nan nan nan nan nan nan nan nan nan nan
 nan nan]"	0.0	0.0	0.0
627.9208306076528	2.0	trials	1.0	1.0	1.0	0.0	10000.0	1.0	False	0.0	0.0	0.0	"[nan nan nan nan nan nan nan nan nan nan nan nan nan nan nan nan nan nan
 nan nan]"	0.0	0.0	0.0
635.7877815168891	2.0	trials	1.0	1.0	1.0	0.0	10000.0	1.0	False	0.0	0.0	0.0	"[nan nan nan nan nan nan nan nan nan nan nan nan nan nan nan nan nan nan
 nan nan]"	0.0	0.0	0.0
642.3871625845013	2.0	trials	1.0	1.0	1.0	0.0	10000.0	1.0	False	0.0	0.0	0.0	"[nan nan nan nan nan nan nan nan nan nan nan nan nan nan nan nan nan nan
 nan nan]"	0.0	0.0	0.0
651.545270450539	2.0	trials	1.0	1.0	1.0	0.0	10000.0	1.0	False	0.0	0.0	0.0	"[nan nan nan nan nan nan nan nan nan nan nan nan nan nan nan nan nan nan
 nan nan]"	0.0	0.0	0.0
658.9229399193067	2.0	trials	1.0	1.0	1.0	0.0	10000.0	1.0	False	0.0	0.0	0.0	"[nan nan nan nan nan nan nan nan nan nan nan nan nan nan nan nan nan nan
 nan nan]"	0.0	0.0	0.0
666.6748064424042	2.0	trials	1.0	1.0	1.0	0.0	10000.0	1.0	False	0.0	0.0	0.0	"[nan nan nan nan nan nan nan nan nan nan nan nan nan nan nan nan nan nan
 nan nan]"	0.0	0.0	0.0
674.096971751158	2.0	trials	1.0	1.0	1.0	0.0	10000.0	1.0	False	0.0	0.0	0.0	"[nan nan nan nan nan nan nan nan nan nan nan nan nan nan nan nan nan nan
 nan nan]"	0.0	0.0	0.0
680.0189792547095	2.0	trials	1.0	1.0	1.0	0.0	10000.0	1.0	False	0.0	0.0	0.0	"[nan nan nan nan nan nan nan nan nan nan nan nan nan nan nan nan nan nan
 nan nan]"	0.0	0.0	0.0
686.2476192555636	2.0	trials	1.0	1.0	1.0	0.0	10000.0	1.0	False	0.0	0.0	0.0	"[nan nan nan nan nan nan nan nan nan nan nan nan nan nan nan nan nan nan
 nan nan]"	0.0	0.0	0.0
691.455014928969	2.0	trials	1.0	1.0	1.0	0.0	10000.0	1.0	False	0.0	0.0	0.0	"[nan nan nan nan nan nan nan nan nan nan nan nan nan nan nan nan nan nan
 nan nan]"	0.0	0.0	0.0
698.6876193194129	2.0	trials	1.0	1.0	1.0	0.0	10000.0	1.0	False	0.0	0.0	0.0	"[nan nan nan nan nan nan nan nan nan nan nan nan nan nan nan nan nan nan
 nan nan]"	0.0	0.0	0.0
706.1190293949212	2.0	trials	1.0	1.0	1.0	0.0	10000.0	1.0	False	0.0	0.0	0.0	"[nan nan nan nan nan nan nan nan nan nan nan nan nan nan nan nan nan nan
 nan nan]"	0.0	0.0	0.0
774.5735896218101	2.0	trials	2.0	1.0	1.0	0.0	10000.0	1.0	True	40.0	0.0	0.005	"[8973083.07287856 8973373.07183568 8973662.07079639 8973952.06975351
 8974242.06871063 8974531.06767134 8974821.06662846 8975110.06558917
 8975401.06454269 8975690.0635034  8975980.06246052 8976269.06142123
 8976558.06038195 8976849.05933547 8977138.05829618 8977428.0572533
 8977718.05621042 8978007.05517113 8978297.05412825 8978586.05308896]"	0.0	0.0	0.0
780.2974826378116	2.0	trials	2.0	1.0	1.0	0.0	10000.0	1.0	True	40.0	0.0	0.005	"[9039331.83463741 9039621.83359453 9039911.83255165 9040201.83150877
 9040490.83046948 9040780.8294266  9041069.82838731 9041359.82734443
 9041649.82630155 9041938.82526226 9042228.82421938 9042518.82317649
 9042807.82213721 9043096.82109792 9043386.82005504 9043676.81901215
 9043966.81796927 9044255.81692999 9044546.81588351 9044835.81484422]"	0.0	0.0	0.0
790.3897439444904	2.0	trials	2.0	1.0	1.0	0.0	10000.0	1.0	True	40.0	0.0	0.005	"[9156141.41457148 9156431.4135286  9156720.41248931 9157009.41145002
 9157299.41040714 9157589.40936426 9157879.40832138 9158168.40728209
 9158458.40623921 9158747.40519992 9159037.40415704 9159326.40311775
 9159617.40207127 9159906.40103199 9160196.3999891  9160485.39894982
 9160775.39790693 9161065.39686405 9161354.39582477 9161644.39478188]"	0.0	0.0	0.0
797.8919153655299	2.0	trials	2.0	1.0	1.0	0.0	10000.0	1.0	True	40.0	0.0	0.005	"[9242971.10231803 9243262.10127155 9243550.10023586 9243840.09919298
 9244130.0981501  9244420.09710721 9244709.09606793 9244998.09502864
 9245288.09398576 9245578.09294288 9245867.09190359 9246157.09086071
 9246447.08981783 9246737.08877494 9247026.08773566 9247316.08669277
 9247606.08564989 9247895.08461061 9248185.08356772 9248475.08252484]"	0.0	0.0	0.0
803.1097654013398	2.0	trials	2.0	1.0	1.0	0.0	10000.0	1.0	True	40.0	0.0	0.005	"[9303363.88513592 9303652.88409664 9303941.88305735 9304231.88201447
 9304521.88097159 9304811.8799287  9305100.87888942 9305389.87785013
 9305680.87680365 9305969.87576437 9306259.87472148 9306548.8736822
 9306838.87263931 9307127.87160003 9307418.87055355 9307706.86951786
 9307997.86847138 9308286.86743209 9308576.86638921 9308865.86534992]"	0.0	0.0	0.0
810.1357017349937	2.0	trials	2.0	1.0	1.0	0.0	10000.0	1.0	True	40.0	0.0	0.005	"[9384681.59270444 9384971.59166156 9385260.59062227 9385551.58957579
 9385840.58853651 9386129.58749722 9386419.58645434 9386709.58541145
 9386999.58436857 9387288.58332928 9387577.58229    9387867.58124712
 9388158.58020064 9388446.57916494 9388736.57812206 9389027.57707558
 9389316.5760363  9389605.57499701 9389895.57395413 9390184.57291484]"	0.0	0.0	0.0
820.9917362950264	2.0	trials	2.0	1.0	1.0	0.0	10000.0	1.0	True	40.0	0.0	0.005	"[9510331.14084857 9510620.13980928 9510909.13876999 9511199.13772711
 9511488.13668782 9511779.13564134 9512069.13459846 9512357.13356277
 9512647.13251989 9512937.13147701 9513227.13043412 9513516.12939484
 9513806.12835195 9514095.12731267 9514385.12626979 9514674.1252305
 9514965.12418402 9515254.12314473 9515544.12210185 9515833.12106256]"	0.0	0.0	0.0
831.1180390792866	2.0	trials	2.0	1.0	1.0	0.0	10000.0	1.0	True	40.0	0.0	0.005	"[9627533.71936934 9627822.71833006 9628112.71728718 9628402.71624429
 9628691.715205   9628981.71416212 9629271.71311924 9629561.71207636
 9629850.71103707 9630139.70999778 9630429.7089549  9630719.70791202
 9631009.70686914 9631298.70582985 9631588.70478697 9631877.70374768
 9632167.7027048  9632457.70166192 9632746.70062263 9633035.69958334]"	0.0	0.0	0.0
840.8700584095274	2.0	trials	2.0	1.0	1.0	0.0	10000.0	1.0	True	40.0	0.0	0.005	"[9740403.31347223 9740693.31242934 9740983.31138646 9741272.31034718
 9741562.30930429 9741851.30826501 9742142.30721853 9742430.30618284
 9742720.30513996 9743010.30409707 9743300.30305419 9743590.30201131
 9743879.30097202 9744168.29993273 9744458.29888985 9744748.29784697
 9745038.29680409 9745327.2957648  9745617.29472192 9745907.29367904]"	0.0	0.0	0.0
850.1226011359629	2.0	trials	2.0	1.0	1.0	0.0	10000.0	1.0	True	40.0	0.0	0.005	"[9847493.92835725 9847782.92731796 9848072.92627508 9848362.92523219
 9848651.92419291 9848940.92315362 9849230.92211074 9849520.92106786
 9849809.92002857 9850099.91898569 9850389.9179428  9850679.91689992
 9850968.91586063 9851257.91482135 9851548.91377487 9851837.91273558
 9852127.9116927  9852416.91065341 9852706.90961053 9852996.90856765]"	0.0	0.0	0.0
861.0029140086868	2.0	trials	2.0	1.0	1.0	0.0	10000.0	1.0	True	40.0	0.0	0.005	"[9973422.47549805 9973712.47445516 9974002.47341228 9974292.4723694
 9974581.47133011 9974870.47029082 9975161.46924435 9975450.46820506
 9975739.46716577 9976029.46612289 9976319.46508001 9976609.46403712
 9976899.46299424 9977187.46195855 9977478.46091207 9977767.45987279
 9978057.4588299  9978346.45779062 9978637.45674414 9978926.45570485]"	0.0	0.0	0.0
871.9775753421194	2.0	trials	2.0	1.0	1.0	0.0	10000.0	1.0	True	40.0	0.0	0.005	"[10100444.01870826 10100734.01766537 10101024.01662249 10101314.01557961
 10101603.01454032 10101892.01350104 10102183.01245456 10102472.01141527
 10102762.01037239 10103051.0093331  10103341.00829022 10103631.00724734
 10103920.00620805 10104210.00516517 10104499.00412588 10104789.003083
 10105079.00204012 10105368.00100083 10105657.99995795 10105947.99891506]"	0.0	0.0	0.0
879.9957257076193	2.0	trials	2.0	1.0	1.0	0.0	10000.0	1.0	True	40.0	0.0	0.005	"[10193247.68497143 10193537.68392855 10193826.68288926 10194116.68184638
 10194406.68080349 10194695.67976421 10194984.67872492 10195274.67768204
 10195564.67663916 10195854.67559627 10196143.67455699 10196433.6735141
 10196723.67247122 10197013.67142834 10197301.67039265 10197591.66934976
 10197881.66830688 10198171.667264   10198460.66622471 10198750.66518183]"	0.0	0.0	0.0
890.0432319752439	2.0	trials	2.0	1.0	1.0	0.0	10000.0	1.0	True	40.0	0.0	0.005	"[10309539.2667683  10309828.26572901 10310118.26468613 10310407.26364684
 10310696.26260755 10310986.26156467 10311276.26052179 10311565.2594825
 10311855.25843962 10312145.25739674 10312435.25635386 10312725.25531097
 10313013.25427528 10313303.2532324  10313593.25218952 10313883.25114664
 10314172.25010735 10314462.24906447 10314752.24802158 10315042.2469787 ]"	0.0	0.0	0.0
900.9155096768636	2.0	trials	2.0	1.0	1.0	0.0	10000.0	1.0	True	40.0	0.0	0.005	"[10435373.81424714 10435663.81320425 10435952.81216496 10436242.81112208
 10436532.8100792  10436821.80903991 10437110.80800063 10437401.80695415
 10437690.80591486 10437980.80487198 10438270.8038291  10438559.80278981
 10438849.80174693 10439138.80070764 10439428.79966476 10439718.79862188
 10440007.79758259 10440297.79653971 10440586.79550042 10440877.79445394]"	0.0	0.0	0.0
906.2315961594003	2.0	trials	2.0	1.0	1.0	0.0	10000.0	1.0	True	40.0	0.0	0.005	"[10496903.59297621 10497193.59193332 10497482.59089404 10497772.58985115
 10498062.58880827 10498351.58776899 10498640.5867297  10498931.58568322
 10499220.58464393 10499510.58360105 10499799.58256176 10500089.58151888
 10500378.5804796  10500668.57943671 10500958.57839383 10501247.57735454
 10501538.57630807 10501827.57526878 10502116.57422949 10502406.57318661]"	0.0	0.0	0.0
914.7516423200059	2.0	trials	2.0	1.0	1.0	0.0	10000.0	1.0	True	40.0	0.0	0.005	"[10595515.23835296 10595804.23731367 10596094.23627079 10596383.2352315
 10596674.23418502 10596963.23314573 10597253.23210285 10597542.23106357
 10597832.23002068 10598122.2289778  10598412.22793492 10598701.22689563
 10598990.22585635 10599281.22480987 10599570.22377058 10599859.22273129
 10600149.22168841 10600439.22064553 10600727.21960984 10601018.21856336]"	0.0	0.0	0.0
923.1147866448543	2.0	trials	2.0	1.0	1.0	0.0	10000.0	1.0	True	40.0	0.0	0.005	"[10692310.89026031 10692599.88922102 10692889.88817814 10693178.88713885
 10693467.88609957 10693757.88505668 10694047.8840138  10694337.88297092
 10694627.88192804 10694916.88088875 10695205.87984946 10695495.87880658
 10695785.8777637  10696075.87672081 10696364.87568153 10696653.87464224
 10696944.87359576 10697234.87255288 10697523.87151359 10697813.87047071]"	0.0	0.0	0.0
934.2396106382791	2.0	trials	2.0	1.0	1.0	0.0	10000.0	1.0	True	40.0	0.0	0.005	"[10821070.42722042 10821359.42618113 10821649.42513825 10821939.42409536
 10822229.42305248 10822518.42201319 10822808.42097031 10823097.41993102
 10823387.41888814 10823676.41784886 10823967.41680238 10824256.41576309
 10824546.41472021 10824835.41368092 10825125.41263804 10825414.41159875
 10825704.41055587 10825994.40951299 10826283.4084737  10826574.40742722]"	0.0	0.0	0.0
944.9733896379612	2.0	trials	2.0	1.0	1.0	0.0	10000.0	1.0	True	40.0	0.0	0.005	"[10945302.98046028 10945592.9794174  10945882.97837452 10946171.97733523
 10946461.97629235 10946751.97524946 10947040.97421018 10947330.97316729
 10947620.97212441 10947909.97108512 10948200.97003865 10948488.96900296
 10948779.96795648 10949067.96692079 10949357.9658779  10949647.96483502
 10949937.96379214 10950227.96274926 10950516.96170997 10950806.96066709]"	0.0	0.0	0.0
953.7754443844209	2.0	trials	2.0	1.0	1.0	0.0	10000.0	1.0	True	40.0	0.0	0.005	"[11047179.61409561 11047468.61305632 11047757.61201704 11048048.61097056
 11048337.60993127 11048627.60888839 11048916.6078491  11049206.60680622
 11049495.60576693 11049786.60472045 11050075.60368117 11050365.60263828
 11050654.601599   11050943.60055971 11051233.59951683 11051523.59847395
 11051812.59743466 11052102.59639178 11052392.59534889 11052681.59430961]"	0.0	0.0	0.0
960.9938792258206	2.0	trials	2.0	1.0	1.0	0.0	10000.0	1.0	True	40.0	0.0	0.005	"[11130726.31364831 11131015.31260903 11131305.31156614 11131595.31052326
 11131884.30948397 11132174.30844109 11132463.3074018  11132753.30635892
 11133042.30531964 11133333.30427316 11133621.30323747 11133912.30219099
 11134201.3011517  11134491.30010882 11134781.29906594 11135070.29802665
 11135359.29698736 11135649.29594448 11135939.2949016  11136229.29385871]"	0.0	0.0	0.0
968.3698207008024	2.0	trials	2.0	1.0	1.0	0.0	10000.0	1.0	True	40.0	0.0	0.005	"[11216096.00664524 11216386.00560236 11216675.00456307 11216965.00352019
 11217254.0024809  11217544.00143802 11217833.00039873 11218122.99935585
 11218412.99831297 11218702.99727008 11218991.9962308  11219282.99518432
 11219570.99414863 11219860.99310575 11220150.99206286 11220440.99101998
 11220729.9899807  11221019.98893781 11221308.98789852 11221598.98685564]"	0.0	0.0	0.0
975.0337423363168	2.0	trials	2.0	1.0	1.0	0.0	10000.0	1.0	True	40.0	0.0	0.005	"[11293225.72927442 11293513.72823873 11293803.72719585 11294093.72615296
 11294382.72511368 11294672.72407079 11294962.72302791 11295252.72198503
 11295541.72094574 11295830.71990646 11296120.71886357 11296409.71782429
 11296700.71677781 11296989.71573852 11297279.71469564 11297568.71365635
 11297858.71261347 11298147.71157418 11298438.71052771 11298727.70948842]"	0.0	0.0	0.0
983.823355527518	2.0	trials	2.0	1.0	1.0	0.0	10000.0	1.0	True	40.0	0.0	0.005	"[11394955.36343838 11395245.3623955  11395534.36135621 11395824.36031333
 11396113.35927404 11396403.35823116 11396693.35718828 11396983.3561454
 11397273.35510251 11397561.35406682 11397852.35302034 11398141.35198106
 11398431.35093817 11398720.34989889 11399010.348856   11399299.34781672
 11399589.34677384 11399878.34573455 11400169.34468807 11400458.34364878]"	0.0	0.0	0.0
989.0862198014498	2.0	trials	2.0	1.0	1.0	0.0	10000.0	1.0	True	40.0	0.0	0.005	"[11455868.14438628 11456159.1433398  11456448.14230051 11456738.14125763
 11457027.14021834 11457316.13917906 11457607.13813258 11457896.13709329
 11458186.13605041 11458475.13501112 11458765.13396824 11459054.13292895
 11459345.13188247 11459634.13084319 11459924.1298003  11460213.12876102
 11460503.12771814 11460792.12667885 11461083.12563237 11461372.12459308]"	0.0	0.0	0.0
994.6234894885778	2.0	trials	2.0	1.0	1.0	0.0	10000.0	1.0	True	40.0	0.0	0.005	"[11519956.91391281 11520246.91286993 11520536.91182704 11520825.91078776
 11521115.90974488 11521404.90870559 11521694.90766271 11521984.90661982
 11522273.90558054 11522562.90454125 11522853.90349477 11523143.90245189
 11523431.9014162  11523721.90037332 11524011.89933043 11524301.89828755
 11524590.89724826 11524880.89620538 11525169.8951661  11525460.89411962]"	0.0	0.0	0.0
1000.8814189841022	2.0	trials	2.0	1.0	1.0	0.0	10000.0	1.0	True	40.0	0.0	0.005	"[11592387.65344029 11592676.652401   11592966.65135811 11593255.65031883
 11593544.64927954 11593835.64823306 11594124.64719378 11594414.64615089
 11594703.64511161 11594993.64406873 11595282.64302944 11595573.64198296
 11595862.64094367 11596151.63990439 11596441.6388615  11596731.63781862
 11597020.63677933 11597310.63573645 11597599.63469717 11597890.63365069]"	0.0	0.0	0.0
1011.2258809838282	2.0	trials	2.0	1.0	1.0	0.0	10000.0	1.0	True	40.0	0.0	0.005	"[11712115.22288079 11712404.2218415  11712694.22079862 11712983.21975934
 11713272.21872005 11713562.21767717 11713852.21663428 11714141.215595
 11714431.21455212 11714720.21351283 11715011.21246635 11715300.21142706
 11715589.21038778 11715879.2093449  11716170.20829841 11716459.20725913
 11716748.20621984 11717038.20517696 11717328.20413408 11717617.20309479]"	0.0	0.0	0.0
1022.1816207853055	2.0	trials	2.0	1.0	1.0	0.0	10000.0	1.0	True	40.0	0.0	0.005	"[11838916.76688216 11839205.76584287 11839496.76479639 11839785.7637571
 11840074.76271782 11840365.76167134 11840653.76063565 11840944.75958917
 11841233.75854988 11841523.757507   11841812.75646771 11842102.75542483
 11842392.75438195 11842681.75334266 11842971.75229978 11843261.7512569
 11843550.75021761 11843840.74917473 11844130.74813184 11844419.74709256]"	0.0	0.0	0.0
1029.6718690492223	2.0	trials	2.0	1.0	1.0	0.0	10000.0	1.0	True	40.0	0.0	0.005	"[11925609.45512138 11925899.4540785  11926188.45303921 11926478.45199633
 11926768.45095345 11927058.44991056 11927346.44887487 11927636.44783199
 11927926.44678911 11928216.44574622 11928505.44470694 11928795.44366406
 11929085.44262117 11929375.44157829 11929665.44053541 11929954.43949612
 11930244.43845324 11930533.43741395 11930823.43637107 11931112.43533178]"	0.0	0.0	0.0
1039.7984310325503	2.0	trials	2.0	1.0	1.0	0.0	10000.0	1.0	True	40.0	0.0	0.005	"[12042816.03362777 12043105.03258849 12043394.0315492  12043685.03050272
 12043974.02946344 12044263.02842415 12044553.02738127 12044842.02634198
 12045132.0252991  12045422.02425621 12045712.02321333 12046002.02217045
 12046291.02113116 12046581.02008828 12046870.01904899 12047159.01800971
 12047450.01696323 12047740.01592034 12048029.01488106 12048319.01383818]"	0.0	0.0	0.0
1045.6413828203983	2.0	trials	2.0	1.0	1.0	0.0	10000.0	1.0	True	40.0	0.0	0.005	"[12110442.79043114 12110731.78939185 12111021.78834897 12111311.78730609
 12111600.7862668  12111889.78522751 12112179.78418463 12112470.78313815
 12112758.78210246 12113048.78105958 12113338.78001669 12113628.77897381
 12113917.77793453 12114206.77689524 12114496.77585236 12114786.77480948
 12115075.77377019 12115365.77272731 12115655.77168442 12115944.77064514]"	0.0	0.0	0.0
1056.201498444601	2.0	trials	2.0	1.0	1.0	0.0	10000.0	1.0	True	40.0	0.0	0.005	"[12232666.35089566 12232956.34985278 12233244.34881709 12233534.34777421
 12233824.34673133 12234114.34568844 12234403.34464916 12234693.34360627
 12234983.34256339 12235272.3415241  12235562.34048122 12235852.33943834
 12236141.33839905 12236430.33735977 12236721.33631329 12237011.3352704
 12237299.33423471 12237589.33319183 12237879.33214895 12238169.33110607]"	0.0	0.0	0.0
1062.496061408386	2.0	trials	2.0	1.0	1.0	0.0	10000.0	1.0	True	40.0	0.0	0.005	"[12305520.08890197 12305809.08786268 12306099.0868198  12306389.08577692
 12306678.08473763 12306968.08369475 12307258.08265186 12307548.08160898
 12307837.08056969 12308126.07953041 12308416.07848753 12308706.07744464
 12308996.07640176 12309285.07536247 12309575.07431959 12309865.07327671
 12310153.07224102 12310444.07119454 12310734.07015166 12311023.06911237]"	0.0	0.0	0.0
1069.4974602302805	2.0	trials	2.0	1.0	1.0	0.0	10000.0	1.0	True	40.0	0.0	0.005	"[12386554.79748819 12386844.79644531 12387133.79540602 12387422.79436674
 12387713.79332026 12388002.79228097 12388292.79123809 12388581.7901988
 12388871.78915592 12389160.78811663 12389451.78707016 12389740.78603087
 12390030.78498798 12390319.7839487  12390609.78290582 12390898.78186653
 12391188.78082365 12391478.77978076 12391768.77873788 12392057.77769859]"	0.0	0.0	0.0
1077.2013749258201	2.0	trials	2.0	1.0	1.0	0.0	10000.0	1.0	True	40.0	0.0	0.005	"[12475720.47683414 12476010.47579126 12476299.47475198 12476589.47370909
 12476877.4726734  12477168.47162692 12477457.47058764 12477747.46954475
 12478036.46850547 12478326.46746259 12478616.4664197  12478905.46538042
 12479195.46433753 12479484.46329825 12479774.46225536 12480064.46121248
 12480354.4601696  12480644.45912672 12480932.45809103 12481223.45704455]"	0.0	0.0	0.0
1087.353252018111	2.0	trials	2.0	1.0	1.0	0.0	10000.0	1.0	True	40.0	0.0	0.005	"[12593219.05429046 12593509.05324758 12593797.05221189 12594088.05116541
 12594377.05012613 12594667.04908324 12594956.04804396 12595246.04700107
 12595535.04596179 12595826.04491531 12596115.04387602 12596404.04283674
 12596694.04179385 12596984.04075097 12597273.03971168 12597564.03866521
 12597853.03762592 12598143.03658304 12598432.03554375 12598721.03450446]"	0.0	0.0	0.0
1097.9614922692504	2.0	trials	2.0	1.0	1.0	0.0	10000.0	1.0	True	40.0	0.0	0.005	"[12715998.61275553 12716288.61171265 12716577.61067336 12716868.60962688
 12717156.60859119 12717446.60754831 12717736.60650543 12718026.60546255
 12718315.60442326 12718605.60338038 12718894.60234109 12719185.60129461
 12719474.60025532 12719763.59921604 12720053.59817315 12720343.59713027
 12720632.59609099 12720921.5950517  12721212.59400522 12721502.59296234]"	0.0	0.0	0.0
1108.7192903825562	2.0	trials	2.0	1.0	1.0	0.0	10000.0	1.0	True	40.0	0.0	0.005	"[12840511.16498847 12840800.16394919 12841090.16290631 12841380.16186342
 12841668.16082773 12841959.15978126 12842248.15874197 12842539.15769549
 12842827.1566598  12843117.15561692 12843407.15457403 12843697.15353115
 12843987.15248827 12844276.15144898 12844566.1504061  12844856.14936322
 12845144.14832753 12845435.14728105 12845724.14624176 12846014.14519888]"	0.0	0.0	0.0
1115.7872169652067	2.0	trials	2.0	1.0	1.0	0.0	10000.0	1.0	True	40.0	0.0	0.005	"[12922314.87080926 12922604.86976638 12922894.8687235  12923183.86768421
 12923473.86664133 12923762.86560204 12924053.86455556 12924342.86351628
 12924631.86247699 12924922.86143051 12925211.86039123 12925501.85934834
 12925790.85830906 12926080.85726617 12926369.85622689 12926659.85518401
 12926949.85414112 12927239.85309824 12927528.85205895 12927818.85101607]"	0.0	0.0	0.0
1122.772027046757	2.0	trials	2.0	1.0	1.0	0.0	10000.0	1.0	True	40.0	0.0	0.005	"[13003158.58008236 13003447.57904307 13003737.57800018 13004026.5769609
 13004316.57591802 13004606.57487513 13004895.57383584 13005185.57279296
 13005475.57175008 13005764.5707108  13006053.56967151 13006344.56862503
 13006633.56758574 13006922.56654646 13007212.56550357 13007502.56446069
 13007791.5634214  13008082.56237493 13008371.56133564 13008660.56029635]"	0.0	0.0	0.0
1129.9413004649489	2.0	trials	2.0	1.0	1.0	0.0	10000.0	1.0	True	40.0	0.0	0.005	"[13086136.28168126 13086426.28063838 13086715.27959909 13087005.27855621
 13087295.27751333 13087583.27647764 13087874.27543116 13088164.27438828
 13088454.27334539 13088743.27230611 13089033.27126323 13089322.27022394
 13089611.26918465 13089901.26814177 13090190.26710249 13090481.266056
 13090770.26501672 13091059.26397743 13091349.26293455 13091640.26188807]"	0.0	0.0	0.0
1137.6993877656755	2.0	trials	2.0	1.0	1.0	0.0	10000.0	1.0	True	40.0	0.0	0.005	"[13175928.95877243 13176217.95773315 13176508.95668667 13176796.95565098
 13177086.95460809 13177377.95356162 13177666.95252233 13177956.95147945
 13178245.95044016 13178535.94939728 13178825.9483544  13179114.94731511
 13179404.94627222 13179693.94523294 13179983.94419006 13180273.94314717
 13180563.94210429 13180851.9410686  13181142.94002212 13181431.93898284]"	0.0	0.0	0.0
1145.9132334274252	2.0	trials	2.0	1.0	1.0	0.0	10000.0	1.0	True	40.0	0.0	0.005	"[13270996.61689393 13271285.61585464 13271575.61481176 13271864.61377247
 13272154.61272959 13272444.61168671 13272733.61064742 13273023.60960454
 13273313.60856166 13273602.60752237 13273892.60647948 13274181.6054402
 13274471.60439732 13274760.60335803 13275051.60231155 13275340.60127226
 13275630.60022938 13275920.5991865  13276209.59814721 13276499.59710433]"	0.0	0.0	0.0
1152.9752848312037	2.0	trials	2.0	1.0	1.0	0.0	10000.0	1.0	True	40.0	0.0	0.005	"[13352732.32295925 13353022.32191637 13353311.32087708 13353601.3198342
 13353891.31879132 13354180.31775203 13354470.31670915 13354759.31566986
 13355050.31462338 13355339.3135841  13355628.31254481 13355918.31150193
 13356208.31045905 13356499.30941257 13356788.30837328 13357076.30733759
 13357367.30629111 13357656.30525182 13357946.30420894 13358236.30316606]"	0.0	0.0	0.0
1158.1235831171325	2.0	trials	2.0	1.0	1.0	0.0	10000.0	1.0	True	40.0	0.0	0.005	"[13412319.10867564 13412609.10763276 13412898.10659347 13413188.10555059
 13413477.1045113  13413767.10346842 13414056.10242913 13414347.10138265
 13414636.10034337 13414926.09930049 13415215.0982612  13415505.09721831
 13415794.09617903 13416085.09513255 13416374.09409326 13416663.09305397
 13416953.09201109 13417242.09097181 13417532.08992893 13417822.08888604]"	0.0	0.0	0.0
1168.401344556724	2.0	trials	2.0	1.0	1.0	0.0	10000.0	1.0	True	40.0	0.0	0.005	"[13531275.68088878 13531565.67984589 13531854.6788066  13532144.67776372
 13532434.67672084 13532723.67568156 13533013.67463867 13533302.67359939
 13533591.6725601  13533882.67151362 13534172.67047074 13534461.66943145
 13534751.66838857 13535040.66734928 13535330.6663064  13535620.66526352
 13535909.66422423 13536199.66318135 13536489.66213846 13536778.66109918]"	0.0	0.0	0.0
1176.5035618199067	2.0	trials	2.0	1.0	1.0	0.0	10000.0	1.0	True	40.0	0.0	0.005	"[13625050.34366009 13625340.3426172  13625629.34157792 13625920.34053144
 13626209.33949216 13626499.33844927 13626789.33740639 13627078.3363671
 13627367.33532782 13627657.33428493 13627947.33324205 13628236.33220276
 13628526.33115988 13628815.3301206  13629105.32907771 13629395.32803483
 13629684.32699554 13629974.32595266 13630264.32490978 13630554.3238669 ]"	0.0	0.0	0.0
1184.2772874643954	2.0	trials	2.0	1.0	1.0	0.0	10000.0	1.0	True	40.0	0.0	0.005	"[13715025.02009676 13715314.01905747 13715604.01801459 13715893.0169753
 13716184.01592882 13716473.01488954 13716763.01384665 13717052.01280737
 13717342.01176449 13717632.01072161 13717922.00967872 13718211.00863943
 13718500.00760015 13718791.00655367 13719080.00551438 13719369.0044751
 13719659.00343221 13719948.00239293 13720239.00134645 13720528.00030716]"	0.0	0.0	0.0
1194.2375300458334	2.0	trials	2.0	1.0	1.0	0.0	10000.0	1.0	True	40.0	0.0	0.005	"[13830305.60552933 13830593.60449364 13830884.60344716 13831172.60241147
 13831462.60136859 13831752.60032571 13832041.59928642 13832331.59824354
 13832622.59719706 13832911.59615777 13833201.59511489 13833491.59407201
 13833780.59303272 13834070.59198984 13834359.59095055 13834648.58991127
 13834939.58886479 13835228.5878255  13835517.58678621 13835807.58574333]"	0.0	0.0	0.0
1200.6213438886584	2.0	trials	2.0	1.0	1.0	0.0	10000.0	1.0	True	40.0	0.0	0.005	"[13904192.33982082 13904481.33878153 13904770.33774224 13905060.33669936
 13905350.33565648 13905640.3346136  13905930.33357071 13906220.33252783
 13906508.33149214 13906799.33044566 13907087.32940997 13907378.32836349
 13907666.3273278  13907956.32628492 13908246.32524204 13908536.32419915
 13908826.32315627 13909115.32211698 13909404.3210777  13909695.32003122]"	0.0	0.0	0.0
1206.1232761028652	2.0	trials	2.0	1.0	1.0	0.0	10000.0	1.0	True	40.0	0.0	0.005	"[13967871.11082177 13968161.10977889 13968451.108736   13968740.10769672
 13969030.10665384 13969320.10561095 13969609.10457166 13969899.10352878
 13970189.1024859  13970478.10144661 13970768.10040373 13971058.09936085
 13971347.09832156 13971637.09727868 13971927.0962358  13972216.09519651
 13972506.09415363 13972795.09311434 13973086.09206786 13973374.09103217]"	0.0	0.0	0.0
1215.358538891442	2.0	trials	2.0	1.0	1.0	0.0	10000.0	1.0	True	40.0	0.0	0.005	"[14074761.72642602 14075050.72538673 14075340.72434385 14075630.72330096
 14075919.72226168 14076209.72121879 14076498.72017951 14076788.71913663
 14077078.71809374 14077368.71705086 14077657.71601157 14077947.71496869
 14078236.7139294  14078526.71288652 14078815.71184724 14079105.71080435
 14079395.70976147 14079684.70872219 14079974.7076793  14080265.70663282]"	0.0	0.0	0.0
1224.887992622063	2.0	trials	2.0	1.0	1.0	0.0	10000.0	1.0	True	40.0	0.0	0.005	"[14185055.32979257 14185345.32874969 14185635.32770681 14185924.32666752
 14186214.32562464 14186504.32458176 14186793.32354247 14187082.32250318
 14187372.3214603  14187662.32041742 14187952.31937454 14188241.31833525
 14188531.31729237 14188821.31624949 14189110.3152102  14189399.31417091
 14189689.31312803 14189979.31208515 14190269.31104227 14190558.31000298]"	0.0	0.0	0.0
1233.8251764825775	2.0	trials	2.0	1.0	1.0	0.0	10000.0	1.0	True	40.0	0.0	0.005	"[14288495.95780353 14288784.95676425 14289074.95572136 14289363.95468208
 14289653.95363919 14289943.95259631 14290233.95155343 14290522.95051414
 14290811.94947485 14291101.94843197 14291391.94738909 14291681.94634621
 14291970.94530692 14292260.94426404 14292550.94322115 14292840.94217827
 14293129.94113898 14293418.9400997  14293708.93905681 14293997.93801753]"	0.0	0.0	0.0
1242.7652115328385	2.0	trials	2.0	1.0	1.0	0.0	10000.0	1.0	True	40.0	0.0	0.005	"[14391968.58569941 14392257.58466012 14392546.58362084 14392836.58257795
 14393125.58153866 14393415.58049578 14393706.57944931 14393995.57841002
 14394285.57736713 14394574.57632785 14394864.57528497 14395154.57424208
 14395443.57320279 14395733.57215991 14396022.57112063 14396312.57007775
 14396602.56903487 14396892.56799198 14397181.56695269 14397470.56591341]"	0.0	0.0	0.0
1251.6390644211008	2.0	trials	2.0	1.0	1.0	0.0	10000.0	1.0	True	40.0	0.0	0.005	"[14494675.21634994 14494964.21531065 14495254.21426776 14495543.21322848
 14495833.2121856  14496123.21114271 14496413.21009983 14496702.20906055
 14496992.20801766 14497282.20697478 14497572.20593189 14497860.20489621
 14498151.20384973 14498440.20281044 14498730.20176756 14499020.20072468
 14499309.19968539 14499598.1986461  14499888.19760322 14500178.19656034]"	0.0	0.0	0.0
1259.229190725841	2.0	trials	2.0	1.0	1.0	0.0	10000.0	1.0	True	40.0	0.0	0.005	"[14582522.90043561 14582812.89939273 14583101.89835344 14583391.89731056
 14583681.89626767 14583970.89522839 14584260.89418551 14584550.89314262
 14584840.89209974 14585130.89105686 14585418.89002117 14585709.88897469
 14585998.8879354  14586287.88689612 14586578.88584964 14586867.88481035
 14587156.88377107 14587446.88272818 14587736.8816853  14588026.88064242]"	0.0	0.0	0.0
1270.2276983735185	2.0	trials	2.0	1.0	1.0	0.0	10000.0	1.0	True	40.0	0.0	0.005	"[14709820.44265329 14710110.4416104  14710400.44056752 14710689.43952823
 14710979.43848535 14711269.43744247 14711558.43640318 14711848.4353603
 14712138.43431742 14712427.43327813 14712717.43223524 14713007.43119236
 14713296.43015308 14713586.42911019 14713876.42806731 14714165.42702803
 14714455.42598514 14714745.42494226 14715035.42389937 14715324.42286009]"	0.0	0.0	0.0
1276.2475103253503	2.0	trials	2.0	1.0	1.0	0.0	10000.0	1.0	True	40.0	0.0	0.005	"[14779494.19209534 14779784.19105246 14780074.19000957 14780363.18897028
 14780654.1879238  14780944.18688092 14781232.18584523 14781523.18479875
 14781812.18375947 14782102.18271659 14782391.1816773  14782681.18063441
 14782970.17959513 14783260.17855225 14783550.17750936 14783840.17646648
 14784130.1754236  14784419.17438431 14784709.17334143 14784998.17230214]"	0.0	0.0	0.0
1286.686147986406	2.0	trials	2.0	1.0	1.0	0.0	10000.0	1.0	True	40.0	0.0	0.005	"[14900311.75761604 14900601.75657316 14900891.75553028 14901180.75449099
 14901469.7534517  14901759.75240882 14902049.75136594 14902339.75032306
 14902628.74928377 14902918.74824089 14903207.7472016  14903497.74615872
 14903787.74511584 14904076.74407655 14904366.74303366 14904655.74199438
 14904945.7409515  14905235.73990862 14905525.73886573 14905814.73782645]"	0.0	0.0	0.0
1295.4933003145338	2.0	trials	2.0	1.0	1.0	0.0	10000.0	1.0	True	40.0	0.0	0.005	"[15002247.3910392  15002536.38999991 15002825.38896062 15003116.38791415
 15003405.38687486 15003695.38583198 15003984.38479269 15004274.38374981
 15004563.38271052 15004854.38166404 15005143.38062476 15005432.37958547
 15005722.37854259 15006011.3775033  15006302.37645682 15006590.37542113
 15006881.37437465 15007170.37333537 15007460.37229249 15007749.3712532 ]"	0.0	0.0	0.0
1304.837340311931	2.0	trials	2.0	1.0	1.0	0.0	10000.0	1.0	True	40.0	0.0	0.005	"[15110397.0021159  15110686.00107661 15110975.00003733 15111264.99899444
 15111554.99795156 15111842.99691587 15112132.99587299 15112423.99482651
 15112713.99378362 15113002.99274434 15113292.99170146 15113582.99065857
 15113871.98961929 15114161.9885764  15114450.98753712 15114740.98649423
 15115029.98545495 15115319.98441206 15115608.98337278 15115898.98232989]"	0.0	0.0	0.0
1315.4014303218412	2.0	trials	2.0	1.0	1.0	0.0	10000.0	1.0	True	40.0	0.0	0.005	"[15232665.56241859 15232953.5613829  15233244.56033642 15233533.55929714
 15233822.55825785 15234113.55721137 15234401.55617568 15234691.5551328
 15234982.55408632 15235270.55305063 15235561.55200415 15235850.55096487
 15236140.54992198 15236430.5488791  15236719.54783981 15237009.54679693
 15237299.54575405 15237587.54471836 15237878.54367188 15238167.54263259]"	0.0	0.0	0.0
1324.7516046971784	2.0	trials	2.0	1.0	1.0	0.0	10000.0	1.0	True	40.0	0.0	0.005	"[15340884.17324716 15341174.17220427 15341463.17116499 15341753.17012211
 15342043.16907923 15342333.16803634 15342623.16699346 15342912.16595417
 15343202.16491129 15343491.163872   15343780.16283272 15344070.16178983
 15344360.16074695 15344650.15970407 15344939.15866478 15345229.1576219
 15345518.15658261 15345808.15553973 15346098.15449685 15346387.15345756]"	0.0	0.0	0.0
1329.9933874469227	2.0	trials	2.0	1.0	1.0	0.0	10000.0	1.0	True	40.0	0.0	0.005	"[15401552.95507251 15401841.95403323 15402132.95298675 15402421.95194746
 15402710.95090817 15403000.94986529 15403290.94882241 15403580.94777953
 15403870.94673664 15404158.94570096 15404449.94465448 15404738.94361519
 15405027.94257591 15405318.94152942 15405607.94049014 15405896.93945085
 15406186.93840797 15406476.93736509 15406765.9363258  15407055.93528292]"	0.0	0.0	0.0
1339.4551902208266	2.0	trials	2.0	1.0	1.0	0.0	10000.0	1.0	True	40.0	0.0	0.005	"[15511066.56124407 15511355.56020478 15511644.5591655  15511933.55812621
 15512224.55707973 15512513.55604044 15512803.55499756 15513093.55395468
 15513383.5529118  15513672.55187251 15513961.55083322 15514251.54979034
 15514540.54875105 15514830.54770817 15515120.54666529 15515409.545626
 15515700.54457952 15515989.54354024 15516278.54250095 15516568.54145806]"	0.0	0.0	0.0
1347.3872864957905	2.0	trials	2.0	1.0	1.0	0.0	10000.0	1.0	True	40.0	0.0	0.005	"[15602871.23109979 15603162.23005331 15603451.22901403 15603740.22797474
 15604030.22693186 15604319.22589257 15604609.22484969 15604899.2238068
 15605189.22276392 15605479.22172104 15605768.22068175 15606058.21963887
 15606347.21859958 15606638.2175531  15606927.21651382 15607216.21547453
 15607506.21443165 15607796.21338877 15608085.21234948 15608375.2113066 ]"	0.0	0.0	0.0
1353.7136445452352	2.0	trials	2.0	1.0	1.0	0.0	10000.0	1.0	True	40.0	0.0	0.005	"[15676092.96778271 15676381.96674342 15676671.96570054 15676961.96465766
 15677250.96361837 15677541.96257189 15677830.96153261 15678119.96049332
 15678409.95945044 15678698.95841115 15678988.95736827 15679278.95632539
 15679567.9552861  15679858.95423962 15680147.95320034 15680437.95215745
 15680727.95111457 15681016.95007529 15681305.949036   15681595.94799311]"	0.0	0.0	0.0
1359.8372225239084	2.0	trials	2.0	1.0	1.0	0.0	10000.0	1.0	True	40.0	0.0	0.005	"[15746967.71290579 15747257.71186291 15747546.71082362 15747836.70978074
 15748125.70874145 15748415.70769857 15748705.70665569 15748995.7056128
 15749284.70457352 15749574.70353063 15749864.70248775 15750154.70144487
 15750443.70040558 15750732.69936629 15751023.69831982 15751312.69728053
 15751602.69623765 15751892.69519476 15752181.69415548 15752470.69311619]"	0.0	0.0	0.0
1368.7471904822955	2.0	trials	2.0	1.0	1.0	0.0	10000.0	1.0	True	40.0	0.0	0.005	"[15850093.34204953 15850383.34100665 15850672.33996736 15850961.33892808
 15851251.33788519 15851541.33684231 15851830.33580302 15852120.33476014
 15852410.33371726 15852700.33267437 15852989.33163509 15853278.3305958
 15853568.32955292 15853858.32851004 15854147.32747075 15854438.32642427
 15854728.32538139 15855017.3243421  15855307.32329922 15855595.32226353]"	0.0	0.0	0.0
1379.3438531750692	2.0	trials	2.0	1.0	1.0	0.0	10000.0	1.0	True	40.0	0.0	0.005	"[15972738.90099648 15973028.8999536  15973318.89891072 15973608.89786784
 15973897.89682855 15974186.89578926 15974477.89474278 15974766.8937035
 15975056.89266061 15975345.89162133 15975635.89057844 15975925.88953556
 15976215.88849268 15976504.88745339 15976794.88641051 15977083.88537122
 15977373.88432834 15977662.88328905 15977952.88224617 15978242.88120329]"	0.0	0.0	0.0
1387.3832578641354	2.0	trials	2.0	1.0	1.0	0.0	10000.0	1.0	True	40.0	0.0	0.005	"[16065787.56637859 16066078.56533212 16066367.56429283 16066657.56324995
 16066946.56221066 16067236.56116778 16067525.56012849 16067816.55908201
 16068104.55804632 16068394.55700344 16068684.55596056 16068974.55491767
 16069264.55387479 16069553.55283551 16069843.55179262 16070133.55074974
 16070422.54971045 16070712.54866757 16071001.54762829 16071291.5465854 ]"	0.0	0.0	0.0
1395.3632195669677	2.0	trials	2.0	1.0	1.0	0.0	10000.0	1.0	True	40.0	0.0	0.005	"[16158149.23423126 16158438.23319198 16158728.23214909 16159017.23110981
 16159307.23006693 16159597.22902405 16159886.22798476 16160177.22693828
 16160465.22590259 16160756.22485611 16161046.22381323 16161335.22277394
 16161624.22173465 16161914.22069177 16162204.21964889 16162493.2186096
 16162783.21756672 16163072.21652743 16163363.21548095 16163652.21444167]"	0.0	0.0	0.0
1403.1391916033779	2.0	trials	2.0	1.0	1.0	0.0	10000.0	1.0	True	40.0	0.0	0.005	"[16248147.91058163 16248437.90953875 16248726.90849946 16249016.90745657
 16249306.90641369 16249595.90537441 16249885.90433152 16250175.90328864
 16250464.90224935 16250754.90120647 16251044.90016359 16251333.8991243
 16251623.89808142 16251913.89703854 16252202.89599925 16252492.89495637
 16252782.89391348 16253071.8928742  16253361.89183131 16253650.89079203]"	0.0	0.0	0.0
1411.9899757745989	2.0	trials	2.0	1.0	1.0	0.0	10000.0	1.0	True	40.0	0.0	0.005	"[16350588.54218873 16350877.54114944 16351167.54010656 16351457.53906368
 16351746.53802439 16352036.53698151 16352326.53593863 16352615.53489934
 16352905.53385646 16353195.53281357 16353485.53177069 16353774.5307314
 16354063.52969212 16354353.52864923 16354643.52760635 16354932.52656707
 16355222.52552418 16355512.5244813  16355801.52344202 16356091.52239913]"	0.0	0.0	0.0
1419.3880355700398	2.0	trials	2.0	1.0	1.0	0.0	10000.0	1.0	True	40.0	0.0	0.005	"[16436213.23426864 16436504.23322216 16436793.23218288 16437083.23113999
 16437373.23009711 16437662.22905782 16437951.22801854 16438241.22697565
 16438531.22593277 16438821.22488989 16439111.22384701 16439399.22281132
 16439689.22176843 16439979.22072555 16440269.21968267 16440558.21864338
 16440848.2176005  16441137.21656121 16441427.21551833 16441717.21447545]"	0.0	0.0	0.0
1424.667142985559	2.0	trials	2.0	1.0	1.0	0.0	10000.0	1.0	True	40.0	0.0	0.005	"[16497315.01453686 16497604.01349757 16497893.01245829 16498183.01141541
 16498473.01037253 16498763.00932964 16499052.00829036 16499342.00724747
 16499631.00620819 16499921.0051653  16500211.00412242 16500500.00308313
 16500790.00204025 16501080.00099737 16501368.99995808 16501658.9989152
 16501948.99787232 16502237.99683303 16502527.99579015 16502816.99475086]"	0.0	0.0	0.0
1432.235496568597	2.0	trials	2.0	1.0	1.0	0.0	10000.0	1.0	True	40.0	0.0	0.005	"[16584911.69952517 16585200.69848588 16585490.697443   16585780.69640012
 16586070.69535724 16586359.69431795 16586649.69327507 16586939.69223219
 16587228.6911929  16587518.69015002 16587807.68911073 16588097.68806785
 16588387.68702496 16588677.68598208 16588966.68494279 16589255.68390351
 16589545.68286062 16589835.68181774 16590124.68077845 16590414.67973557]"	0.0	0.0	0.0
1437.8800746698273	2.0	trials	2.0	1.0	1.0	0.0	10000.0	1.0	True	40.0	0.0	0.005	"[16650242.46458529 16650531.463546   16650821.46250312 16651111.46146024
 16651401.46041735 16651691.45937447 16651979.45833878 16652269.4572959
 16652559.45625301 16652848.45521373 16653139.45416725 16653428.45312797
 16653718.45208508 16654007.4510458  16654297.45000291 16654586.44896363
 16654876.44792074 16655165.44688146 16655456.44583498 16655746.4447921 ]"	0.0	0.0	0.0
1446.101609903924	2.0	trials	2.0	1.0	1.0	0.0	10000.0	1.0	True	40.0	0.0	0.005	"[16745399.12238672 16745689.12134384 16745978.12030456 16746268.11926167
 16746557.11822239 16746847.1171795  16747137.11613662 16747426.11509733
 16747716.11405445 16748005.11301517 16748295.11197228 16748585.1109294
 16748875.10988652 16749164.10884723 16749454.10780435 16749743.10676506
 16750032.10572577 16750322.10468289 16750612.10364001 16750901.10260072]"	0.0	0.0	0.0
1457.109448718045	2.0	trials	2.0	1.0	1.0	0.0	10000.0	1.0	True	40.0	0.0	0.005	"[16872803.66421961 16873093.66317673 16873382.66213745 16873671.66109816
 16873962.66005168 16874252.6590088  16874541.65796951 16874830.65693022
 16875121.65588374 16875410.65484446 16875699.65380517 16875989.65276229
 16876279.65171941 16876568.65068012 16876858.64963724 16877147.64859795
 16877437.64755507 16877727.64651218 16878017.6454693  16878306.64443002]"	0.0	0.0	0.0
1462.92959098792	2.0	trials	2.0	1.0	1.0	0.0	10000.0	1.0	True	40.0	0.0	0.005	"[16940166.42197236 16940456.42092948 16940745.41989019 16941036.41884371
 16941324.41780802 16941614.41676514 16941904.41572225 16942193.41468297
 16942483.41364009 16942773.4125972  16943063.41155432 16943352.41051504
 16943641.40947575 16943931.40843287 16944222.40738638 16944512.4063435
 16944801.40530422 16945090.40426493 16945379.40322565 16945670.40217917]"	0.0	0.0	0.0
1472.8855999845828	2.0	trials	2.0	1.0	1.0	0.0	10000.0	1.0	True	40.0	0.0	0.005	"[17055399.00757755 17055688.00653826 17055978.00549538 17056268.0044525
 17056558.00340961 17056847.00237033 17057136.00133104 17057426.00028815
 17057716.99924168 17058005.99820239 17058295.99715951 17058584.99612022
 17058874.99507734 17059162.99404165 17059452.99299877 17059743.99195229
 17060032.990913   17060322.98987012 17060611.98883083 17060901.98778795]"	0.0	0.0	0.0
1483.8812564425136	2.0	trials	2.0	1.0	1.0	0.0	10000.0	1.0	True	40.0	0.0	0.005	"[17182662.54991749 17182951.5488782  17183241.54783532 17183532.54678884
 17183820.54575315 17184111.54470668 17184400.54366739 17184690.5426245
 17184979.54158522 17185269.54054233 17185558.53950305 17185849.53845657
 17186137.53742088 17186428.5363744  17186717.53533512 17187007.53429223
 17187296.53325295 17187587.53220647 17187876.53116718 17188166.5301243 ]"	0.0	0.0	0.0
1492.9012112053708	2.0	trials	2.0	1.0	1.0	0.0	10000.0	1.0	True	40.0	0.0	0.005	"[17287060.17448694 17287350.17344405 17287639.17240477 17287929.17136188
 17288218.1703226  17288508.16927971 17288798.16823683 17289088.16719395
 17289377.16615466 17289667.16511178 17289957.1640689  17290246.16302961
 17290535.16199032 17290826.16094384 17291115.15990456 17291405.15886167
 17291695.15781879 17291984.15677951 17292274.15573662 17292564.15469374]"	0.0	0.0	0.0
1502.5590548742819	2.0	trials	2.0	1.0	1.0	0.0	10000.0	1.0	True	40.0	0.0	0.005	"[17398841.77250243 17399131.77145954 17399420.77042026 17399710.76937737
 17399999.76833809 17400289.7672952  17400579.76625232 17400869.76520944
 17401157.76417375 17401447.76313086 17401737.76208798 17402027.7610451
 17402317.76000222 17402606.75896293 17402895.75792364 17403185.75688076
 17403475.75583788 17403764.75479859 17404054.75375571 17404344.75271283]"	0.0	0.0	0.0
1510.0772966375298	2.0	trials	2.0	1.0	1.0	0.0	10000.0	1.0	True	40.0	0.0	0.005	"[17485857.45958009 17486146.45854081 17486437.45749433 17486726.45645504
 17487015.45541576 17487305.45437288 17487594.45333359 17487884.45229071
 17488174.45124782 17488463.45020854 17488753.44916565 17489043.44812277
 17489332.44708348 17489623.44603701 17489912.44499772 17490201.44395843
 17490491.44291555 17490781.44187267 17491070.44083338 17491361.4397869 ]"	0.0	0.0	0.0
1518.4897751849653	2.0	trials	2.0	1.0	1.0	0.0	10000.0	1.0	True	40.0	0.0	0.005	"[17583224.10943405 17583514.10839116 17583804.10734828 17584094.1063054
 17584383.10526611 17584673.10422323 17584963.10318035 17585252.10214106
 17585541.10110177 17585832.10005529 17586121.09901601 17586410.09797672
 17586700.09693384 17586990.09589096 17587280.09484807 17587569.09380879
 17587859.0927659  17588148.09172662 17588439.09068014 17588727.08964445]"	0.0	0.0	0.0
1526.1812483252463	2.0	trials	2.0	1.0	1.0	0.0	10000.0	1.0	True	40.0	0.0	0.005	"[17672246.78929425 17672536.78825137 17672825.78721208 17673114.78617279
 17673404.78512991 17673694.78408703 17673984.78304414 17674273.78200486
 17674562.78096557 17674852.77992269 17675142.77887981 17675431.77784052
 17675721.77679764 17676010.77575835 17676300.77471547 17676590.77367258
 17676880.7726297  17677170.77158682 17677459.77054754 17677749.76950465]"	0.0	0.0	0.0
1534.881092239272	2.0	trials	2.0	1.0	1.0	0.0	10000.0	1.0	True	40.0	0.0	0.005	"[17772939.42718742 17773228.42614813 17773518.42510525 17773807.42406596
 17774097.42302308 17774387.42198019 17774677.42093731 17774966.41989803
 17775256.41885514 17775545.41781586 17775835.41677297 17776125.41573009
 17776414.4146908  17776704.41364792 17776994.41260504 17777283.41156575
 17777572.41052647 17777862.40948359 17778152.4084407  17778442.40739782]"	0.0	0.0	0.0
1540.4154243369637	2.0	trials	2.0	1.0	1.0	0.0	10000.0	1.0	True	40.0	0.0	0.005	"[17836994.19683622 17837283.19579693 17837573.19475405 17837862.19371476
 17838152.19267188 17838441.19163259 17838731.19058971 17839021.18954683
 17839311.18850395 17839600.18746466 17839890.18642177 17840179.18538249
 17840469.18433961 17840759.18329673 17841049.18225384 17841338.18121456
 17841629.18016808 17841918.17912879 17842207.1780895  17842496.17705022]"	0.0	0.0	0.0
1548.524985573736	2.0	trials	2.0	1.0	1.0	0.0	10000.0	1.0	True	40.0	0.0	0.005	"[17930854.85929826 17931143.85825897 17931434.8572125  17931722.8561768
 17932012.85513392 17932301.85409464 17932591.85305176 17932882.85200527
 17933171.85096598 17933461.8499231  17933751.84888022 17934039.84784453
 17934329.84680165 17934620.84575517 17934909.84471589 17935198.8436766
 17935488.84263372 17935777.84159443 17936067.84055154 17936357.83950866]"	0.0	0.0	0.0
1557.6332408190517	2.0	trials	2.0	1.0	1.0	0.0	10000.0	1.0	True	40.0	0.0	0.005	"[18036274.48019244 18036563.47915315 18036853.47811027 18037143.47706739
 18037432.4760281  18037722.47498522 18038012.47394234 18038301.47290305
 18038590.47186377 18038881.47081728 18039170.469778   18039460.46873511
 18039750.46769223 18040039.46665294 18040329.46561006 18040618.46457078
 18040908.4635279  18041197.46248861 18041487.46144572 18041777.46040284]"	0.0	0.0	0.0
1564.823509361742	2.0	trials	2.0	1.0	1.0	0.0	10000.0	1.0	True	40.0	0.0	0.005	"[18119495.18091749 18119785.1798746  18120075.17883172 18120364.17779244
 18120653.17675315 18120943.17571027 18121232.17467098 18121522.1736281
 18121811.17258881 18122102.17154233 18122391.17050305 18122681.16946016
 18122970.16842088 18123261.1673744  18123550.16633511 18123839.16529582
 18124129.16425294 18124419.16321006 18124709.16216718 18124998.16112789]"	0.0	0.0	0.0
1570.032287430176	2.0	trials	2.0	1.0	1.0	0.0	10000.0	1.0	True	40.0	0.0	0.005	"[18179780.96412016 18180070.96307728 18180359.962038   18180649.96099512
 18180940.95994864 18181229.95890935 18181518.95787007 18181808.95682718
 18182098.9557843  18182386.95474861 18182676.95370572 18182967.95265925
 18183256.95161996 18183546.95057708 18183835.94953779 18184125.94849491
 18184415.94745203 18184704.94641274 18184994.94536986 18185284.94432697]"	0.0	0.0	0.0
1578.6294885133207	2.0	trials	2.0	1.0	1.0	0.0	10000.0	1.0	True	40.0	0.0	0.005	"[18279286.60628196 18279575.60524267 18279866.60419619 18280154.6031605
 18280445.60211403 18280734.60107474 18281024.60003186 18281313.59899257
 18281603.59794969 18281893.5969068  18282183.59586392 18282472.59482463
 18282761.59378535 18283051.59274247 18283341.59169959 18283631.5906567
 18283920.58961742 18284210.58857453 18284500.58753165 18284789.58649236]"	0.0	0.0	0.0
1587.251313507914	2.0	trials	2.0	1.0	1.0	0.0	10000.0	1.0	True	40.0	0.0	0.005	"[18379076.24742245 18379366.24637957 18379656.24533668 18379945.24429739
 18380234.24325811 18380524.24221523 18380814.24117234 18381103.24013306
 18381393.23909017 18381682.23805089 18381972.23700801 18382262.23596513
 18382552.23492224 18382841.23388295 18383131.23284007 18383421.23179719
 18383710.2307579  18383999.22971861 18384289.22867573 18384579.22763285]"	0.0	0.0	0.0
1593.3700531039867	2.0	trials	2.0	1.0	1.0	0.0	10000.0	1.0	True	40.0	0.0	0.005	"[18449893.99275051 18450182.99171122 18450472.99066834 18450762.98962545
 18451052.98858257 18451341.98754329 18451631.9865004  18451921.98545752
 18452211.98441464 18452500.98337535 18452789.98233607 18453079.98129318
 18453368.98025389 18453659.97920742 18453949.97816454 18454238.97712525
 18454527.97608596 18454818.97503948 18455107.9740002  18455396.97296091]"	0.0	0.0	0.0
1679.930791418279	2.0	trials	3.0	1.0	1.0	0.0	10000.0	1.0	False	0.0	0.0	0.0	"[nan nan nan nan nan nan nan nan nan nan nan nan nan nan nan nan nan nan
 nan nan]"	0.0	0.0	0.0
1690.8568961263286	2.0	trials	3.0	1.0	1.0	0.0	10000.0	1.0	False	0.0	0.0	0.0	"[nan nan nan nan nan nan nan nan nan nan nan nan nan nan nan nan nan nan
 nan nan]"	0.0	0.0	0.0
1700.8729529070501	2.0	trials	3.0	1.0	1.0	0.0	10000.0	1.0	False	0.0	0.0	0.0	"[nan nan nan nan nan nan nan nan nan nan nan nan nan nan nan nan nan nan
 nan nan]"	0.0	0.0	0.0
1710.4852639397034	2.0	trials	3.0	1.0	1.0	0.0	10000.0	1.0	False	0.0	0.0	0.0	"[nan nan nan nan nan nan nan nan nan nan nan nan nan nan nan nan nan nan
 nan nan]"	0.0	0.0	0.0
1721.4758228159656	2.0	trials	3.0	1.0	1.0	0.0	10000.0	1.0	False	0.0	0.0	0.0	"[nan nan nan nan nan nan nan nan nan nan nan nan nan nan nan nan nan nan
 nan nan]"	0.0	0.0	0.0
1729.2289853344028	2.0	trials	3.0	1.0	1.0	0.0	10000.0	1.0	False	0.0	0.0	0.0	"[nan nan nan nan nan nan nan nan nan nan nan nan nan nan nan nan nan nan
 nan nan]"	0.0	0.0	0.0
1736.6810449356522	2.0	trials	3.0	1.0	1.0	0.0	10000.0	1.0	False	0.0	0.0	0.0	"[nan nan nan nan nan nan nan nan nan nan nan nan nan nan nan nan nan nan
 nan nan]"	0.0	0.0	0.0
1746.6567530614736	2.0	trials	3.0	1.0	1.0	0.0	10000.0	1.0	False	0.0	0.0	0.0	"[nan nan nan nan nan nan nan nan nan nan nan nan nan nan nan nan nan nan
 nan nan]"	0.0	0.0	0.0
1754.0671680124835	2.0	trials	3.0	1.0	1.0	0.0	10000.0	1.0	False	0.0	0.0	0.0	"[nan nan nan nan nan nan nan nan nan nan nan nan nan nan nan nan nan nan
 nan nan]"	0.0	0.0	0.0
1760.2526945683803	2.0	trials	3.0	1.0	1.0	0.0	10000.0	1.0	False	0.0	0.0	0.0	"[nan nan nan nan nan nan nan nan nan nan nan nan nan nan nan nan nan nan
 nan nan]"	0.0	0.0	0.0
1770.0143906638216	2.0	trials	3.0	1.0	1.0	0.0	10000.0	1.0	False	0.0	0.0	0.0	"[nan nan nan nan nan nan nan nan nan nan nan nan nan nan nan nan nan nan
 nan nan]"	0.0	0.0	0.0
1775.8774735792754	2.0	trials	3.0	1.0	1.0	0.0	10000.0	1.0	False	0.0	0.0	0.0	"[nan nan nan nan nan nan nan nan nan nan nan nan nan nan nan nan nan nan
 nan nan]"	0.0	0.0	0.0
1785.6447856545215	2.0	trials	3.0	1.0	1.0	0.0	10000.0	1.0	False	0.0	0.0	0.0	"[nan nan nan nan nan nan nan nan nan nan nan nan nan nan nan nan nan nan
 nan nan]"	0.0	0.0	0.0
1796.0787577323554	2.0	trials	3.0	1.0	1.0	0.0	10000.0	1.0	False	0.0	0.0	0.0	"[nan nan nan nan nan nan nan nan nan nan nan nan nan nan nan nan nan nan
 nan nan]"	0.0	0.0	0.0
1805.8649049398673	2.0	trials	3.0	1.0	1.0	0.0	10000.0	1.0	False	0.0	0.0	0.0	"[nan nan nan nan nan nan nan nan nan nan nan nan nan nan nan nan nan nan
 nan nan]"	0.0	0.0	0.0
1816.052983501972	2.0	trials	3.0	1.0	1.0	0.0	10000.0	1.0	False	0.0	0.0	0.0	"[nan nan nan nan nan nan nan nan nan nan nan nan nan nan nan nan nan nan
 nan nan]"	0.0	0.0	0.0
1824.3568576399655	2.0	trials	3.0	1.0	1.0	0.0	10000.0	1.0	False	0.0	0.0	0.0	"[nan nan nan nan nan nan nan nan nan nan nan nan nan nan nan nan nan nan
 nan nan]"	0.0	0.0	0.0
1832.3252417844324	2.0	trials	3.0	1.0	1.0	0.0	10000.0	1.0	False	0.0	0.0	0.0	"[nan nan nan nan nan nan nan nan nan nan nan nan nan nan nan nan nan nan
 nan nan]"	0.0	0.0	0.0
1838.121278540994	2.0	trials	3.0	1.0	1.0	0.0	10000.0	1.0	False	0.0	0.0	0.0	"[nan nan nan nan nan nan nan nan nan nan nan nan nan nan nan nan nan nan
 nan nan]"	0.0	0.0	0.0
1845.6831521473352	2.0	trials	3.0	1.0	1.0	0.0	10000.0	1.0	False	0.0	0.0	0.0	"[nan nan nan nan nan nan nan nan nan nan nan nan nan nan nan nan nan nan
 nan nan]"	0.0	0.0	0.0
1855.2091498903847	2.0	trials	3.0	1.0	1.0	0.0	10000.0	1.0	False	0.0	0.0	0.0	"[nan nan nan nan nan nan nan nan nan nan nan nan nan nan nan nan nan nan
 nan nan]"	0.0	0.0	0.0
1861.3554509873422	2.0	trials	3.0	1.0	1.0	0.0	10000.0	1.0	False	0.0	0.0	0.0	"[nan nan nan nan nan nan nan nan nan nan nan nan nan nan nan nan nan nan
 nan nan]"	0.0	0.0	0.0
1870.7308540719528	2.0	trials	3.0	1.0	1.0	0.0	10000.0	1.0	False	0.0	0.0	0.0	"[nan nan nan nan nan nan nan nan nan nan nan nan nan nan nan nan nan nan
 nan nan]"	0.0	0.0	0.0
1878.363402624136	2.0	trials	3.0	1.0	1.0	0.0	10000.0	1.0	False	0.0	0.0	0.0	"[nan nan nan nan nan nan nan nan nan nan nan nan nan nan nan nan nan nan
 nan nan]"	0.0	0.0	0.0
1888.5274620726173	2.0	trials	3.0	1.0	1.0	0.0	10000.0	1.0	False	0.0	0.0	0.0	"[nan nan nan nan nan nan nan nan nan nan nan nan nan nan nan nan nan nan
 nan nan]"	0.0	0.0	0.0
1895.2793385918326	2.0	trials	3.0	1.0	1.0	0.0	10000.0	1.0	False	0.0	0.0	0.0	"[nan nan nan nan nan nan nan nan nan nan nan nan nan nan nan nan nan nan
 nan nan]"	0.0	0.0	0.0
1901.8356926141767	2.0	trials	3.0	1.0	1.0	0.0	10000.0	1.0	False	0.0	0.0	0.0	"[nan nan nan nan nan nan nan nan nan nan nan nan nan nan nan nan nan nan
 nan nan]"	0.0	0.0	0.0
1910.1927889607748	2.0	trials	3.0	1.0	1.0	0.0	10000.0	1.0	False	0.0	0.0	0.0	"[nan nan nan nan nan nan nan nan nan nan nan nan nan nan nan nan nan nan
 nan nan]"	0.0	0.0	0.0
1921.2333732571385	2.0	trials	3.0	1.0	1.0	0.0	10000.0	1.0	False	0.0	0.0	0.0	"[nan nan nan nan nan nan nan nan nan nan nan nan nan nan nan nan nan nan
 nan nan]"	0.0	0.0	0.0
1927.2927562666662	2.0	trials	3.0	1.0	1.0	0.0	10000.0	1.0	False	0.0	0.0	0.0	"[nan nan nan nan nan nan nan nan nan nan nan nan nan nan nan nan nan nan
 nan nan]"	0.0	0.0	0.0
1936.994750176806	2.0	trials	3.0	1.0	1.0	0.0	10000.0	1.0	False	0.0	0.0	0.0	"[nan nan nan nan nan nan nan nan nan nan nan nan nan nan nan nan nan nan
 nan nan]"	0.0	0.0	0.0
1942.8866905884838	2.0	trials	3.0	1.0	1.0	0.0	10000.0	1.0	False	0.0	0.0	0.0	"[nan nan nan nan nan nan nan nan nan nan nan nan nan nan nan nan nan nan
 nan nan]"	0.0	0.0	0.0
1949.019426934222	2.0	trials	3.0	1.0	1.0	0.0	10000.0	1.0	False	0.0	0.0	0.0	"[nan nan nan nan nan nan nan nan nan nan nan nan nan nan nan nan nan nan
 nan nan]"	0.0	0.0	0.0
1955.2106558696123	2.0	trials	3.0	1.0	1.0	0.0	10000.0	1.0	False	0.0	0.0	0.0	"[nan nan nan nan nan nan nan nan nan nan nan nan nan nan nan nan nan nan
 nan nan]"	0.0	0.0	0.0
1960.6660186512897	2.0	trials	3.0	1.0	1.0	0.0	10000.0	1.0	False	0.0	0.0	0.0	"[nan nan nan nan nan nan nan nan nan nan nan nan nan nan nan nan nan nan
 nan nan]"	0.0	0.0	0.0
1966.7671327107466	2.0	trials	3.0	1.0	1.0	0.0	10000.0	1.0	False	0.0	0.0	0.0	"[nan nan nan nan nan nan nan nan nan nan nan nan nan nan nan nan nan nan
 nan nan]"	0.0	0.0	0.0
1975.7546011904296	2.0	trials	3.0	1.0	1.0	0.0	10000.0	1.0	False	0.0	0.0	0.0	"[nan nan nan nan nan nan nan nan nan nan nan nan nan nan nan nan nan nan
 nan nan]"	0.0	0.0	0.0
1982.0186650638943	2.0	trials	3.0	1.0	1.0	0.0	10000.0	1.0	False	0.0	0.0	0.0	"[nan nan nan nan nan nan nan nan nan nan nan nan nan nan nan nan nan nan
 nan nan]"	0.0	0.0	0.0
1990.394510143069	2.0	trials	3.0	1.0	1.0	0.0	10000.0	1.0	False	0.0	0.0	0.0	"[nan nan nan nan nan nan nan nan nan nan nan nan nan nan nan nan nan nan
 nan nan]"	0.0	0.0	0.0
1996.6947754863475	2.0	trials	3.0	1.0	1.0	0.0	10000.0	1.0	False	0.0	0.0	0.0	"[nan nan nan nan nan nan nan nan nan nan nan nan nan nan nan nan nan nan
 nan nan]"	0.0	0.0	0.0
2002.9890792510641	2.0	trials	3.0	1.0	1.0	0.0	10000.0	1.0	False	0.0	0.0	0.0	"[nan nan nan nan nan nan nan nan nan nan nan nan nan nan nan nan nan nan
 nan nan]"	0.0	0.0	0.0
2011.028915938577	2.0	trials	3.0	1.0	1.0	0.0	10000.0	1.0	False	0.0	0.0	0.0	"[nan nan nan nan nan nan nan nan nan nan nan nan nan nan nan nan nan nan
 nan nan]"	0.0	0.0	0.0
2018.0127756235454	2.0	trials	3.0	1.0	1.0	0.0	10000.0	1.0	False	0.0	0.0	0.0	"[nan nan nan nan nan nan nan nan nan nan nan nan nan nan nan nan nan nan
 nan nan]"	0.0	0.0	0.0
2023.8987544566614	2.0	trials	3.0	1.0	1.0	0.0	10000.0	1.0	False	0.0	0.0	0.0	"[nan nan nan nan nan nan nan nan nan nan nan nan nan nan nan nan nan nan
 nan nan]"	0.0	0.0	0.0
2033.4994015312602	2.0	trials	3.0	1.0	1.0	0.0	10000.0	1.0	False	0.0	0.0	0.0	"[nan nan nan nan nan nan nan nan nan nan nan nan nan nan nan nan nan nan
 nan nan]"	0.0	0.0	0.0
2043.6571538024232	2.0	trials	3.0	1.0	1.0	0.0	10000.0	1.0	False	0.0	0.0	0.0	"[nan nan nan nan nan nan nan nan nan nan nan nan nan nan nan nan nan nan
 nan nan]"	0.0	0.0	0.0
2049.797666120198	2.0	trials	3.0	1.0	1.0	0.0	10000.0	1.0	False	0.0	0.0	0.0	"[nan nan nan nan nan nan nan nan nan nan nan nan nan nan nan nan nan nan
 nan nan]"	0.0	0.0	0.0
2057.4835232806754	2.0	trials	3.0	1.0	1.0	0.0	10000.0	1.0	False	0.0	0.0	0.0	"[nan nan nan nan nan nan nan nan nan nan nan nan nan nan nan nan nan nan
 nan nan]"	0.0	0.0	0.0
2066.200906331627	2.0	trials	3.0	1.0	1.0	0.0	10000.0	1.0	False	0.0	0.0	0.0	"[nan nan nan nan nan nan nan nan nan nan nan nan nan nan nan nan nan nan
 nan nan]"	0.0	0.0	0.0
2077.110076700575	2.0	trials	3.0	1.0	1.0	0.0	10000.0	1.0	False	0.0	0.0	0.0	"[nan nan nan nan nan nan nan nan nan nan nan nan nan nan nan nan nan nan
 nan nan]"	0.0	0.0	0.0
2153.693465294949	2.0	trials	4.0	1.0	1.0	1.0	0.0	1.0	False	0.0	0.0	0.0	"[nan nan nan nan nan nan nan nan nan nan nan nan nan nan nan nan nan nan
 nan nan]"	1.0	0.02	5.0
2162.9513648021207	2.0	trials	4.0	1.0	1.0	1.0	0.0	1.0	False	0.0	0.0	0.0	"[nan nan nan nan nan nan nan nan nan nan nan nan nan nan nan nan nan nan
 nan nan]"	1.0	0.02	5.0
2170.4340098933794	2.0	trials	4.0	1.0	1.0	1.0	0.0	1.0	False	0.0	0.0	0.0	"[nan nan nan nan nan nan nan nan nan nan nan nan nan nan nan nan nan nan
 nan nan]"	1.0	0.02	5.0
2180.9742535890446	2.0	trials	4.0	1.0	1.0	1.0	0.0	1.0	False	0.0	0.0	0.0	"[nan nan nan nan nan nan nan nan nan nan nan nan nan nan nan nan nan nan
 nan nan]"	1.0	0.02	5.0
2189.975546019015	2.0	trials	4.0	1.0	1.0	1.0	0.0	1.0	False	0.0	0.0	0.0	"[nan nan nan nan nan nan nan nan nan nan nan nan nan nan nan nan nan nan
 nan nan]"	1.0	0.02	5.0
2200.9856312250577	2.0	trials	4.0	1.0	1.0	1.0	0.0	1.0	False	0.0	0.0	0.0	"[nan nan nan nan nan nan nan nan nan nan nan nan nan nan nan nan nan nan
 nan nan]"	1.0	0.02	5.0
2209.4161673075555	2.0	trials	4.0	1.0	1.0	1.0	0.0	1.0	False	0.0	0.0	0.0	"[nan nan nan nan nan nan nan nan nan nan nan nan nan nan nan nan nan nan
 nan nan]"	1.0	0.02	5.0
2215.739501367875	2.0	trials	4.0	1.0	1.0	1.0	0.0	1.0	False	0.0	0.0	0.0	"[nan nan nan nan nan nan nan nan nan nan nan nan nan nan nan nan nan nan
 nan nan]"	1.0	0.02	5.0
2225.093304530162	2.0	trials	4.0	1.0	1.0	1.0	0.0	1.0	False	0.0	0.0	0.0	"[nan nan nan nan nan nan nan nan nan nan nan nan nan nan nan nan nan nan
 nan nan]"	1.0	0.02	5.0
2233.229476871237	2.0	trials	4.0	1.0	1.0	1.0	0.0	1.0	False	0.0	0.0	0.0	"[nan nan nan nan nan nan nan nan nan nan nan nan nan nan nan nan nan nan
 nan nan]"	1.0	0.02	5.0
2243.447363326148	2.0	trials	4.0	1.0	1.0	1.0	0.0	1.0	False	0.0	0.0	0.0	"[nan nan nan nan nan nan nan nan nan nan nan nan nan nan nan nan nan nan
 nan nan]"	1.0	0.02	5.0
2249.015823301111	2.0	trials	4.0	1.0	1.0	1.0	0.0	1.0	False	0.0	0.0	0.0	"[nan nan nan nan nan nan nan nan nan nan nan nan nan nan nan nan nan nan
 nan nan]"	1.0	0.02	5.0
2259.6233723547357	2.0	trials	4.0	1.0	1.0	1.0	0.0	1.0	False	0.0	0.0	0.0	"[nan nan nan nan nan nan nan nan nan nan nan nan nan nan nan nan nan nan
 nan nan]"	1.0	0.02	5.0
2266.338269806933	2.0	trials	4.0	1.0	1.0	1.0	0.0	1.0	False	0.0	0.0	0.0	"[nan nan nan nan nan nan nan nan nan nan nan nan nan nan nan nan nan nan
 nan nan]"	1.0	0.02	5.0
2272.3674993248983	2.0	trials	4.0	1.0	1.0	1.0	0.0	1.0	False	0.0	0.0	0.0	"[nan nan nan nan nan nan nan nan nan nan nan nan nan nan nan nan nan nan
 nan nan]"	1.0	0.02	5.0
2281.0074682542427	2.0	trials	4.0	1.0	1.0	1.0	0.0	1.0	False	0.0	0.0	0.0	"[nan nan nan nan nan nan nan nan nan nan nan nan nan nan nan nan nan nan
 nan nan]"	1.0	0.02	5.0
2288.963238044073	2.0	trials	4.0	1.0	1.0	1.0	0.0	1.0	False	0.0	0.0	0.0	"[nan nan nan nan nan nan nan nan nan nan nan nan nan nan nan nan nan nan
 nan nan]"	1.0	0.02	5.0
2299.0852208438682	2.0	trials	4.0	1.0	1.0	1.0	0.0	1.0	False	0.0	0.0	0.0	"[nan nan nan nan nan nan nan nan nan nan nan nan nan nan nan nan nan nan
 nan nan]"	1.0	0.02	5.0
2305.9074267101687	2.0	trials	4.0	1.0	1.0	1.0	0.0	1.0	False	0.0	0.0	0.0	"[nan nan nan nan nan nan nan nan nan nan nan nan nan nan nan nan nan nan
 nan nan]"	1.0	0.02	5.0
2313.365188690911	2.0	trials	4.0	1.0	1.0	1.0	0.0	1.0	False	0.0	0.0	0.0	"[nan nan nan nan nan nan nan nan nan nan nan nan nan nan nan nan nan nan
 nan nan]"	1.0	0.02	5.0
2321.8852348515165	2.0	trials	4.0	1.0	1.0	1.0	0.0	1.0	False	0.0	0.0	0.0	"[nan nan nan nan nan nan nan nan nan nan nan nan nan nan nan nan nan nan
 nan nan]"	1.0	0.02	5.0
2330.8131739452765	2.0	trials	4.0	1.0	1.0	1.0	0.0	1.0	False	0.0	0.0	0.0	"[nan nan nan nan nan nan nan nan nan nan nan nan nan nan nan nan nan nan
 nan nan]"	1.0	0.02	5.0
2339.3515368400126	2.0	trials	4.0	1.0	1.0	1.0	0.0	1.0	False	0.0	0.0	0.0	"[nan nan nan nan nan nan nan nan nan nan nan nan nan nan nan nan nan nan
 nan nan]"	1.0	0.02	5.0
2344.7396806634197	2.0	trials	4.0	1.0	1.0	1.0	0.0	1.0	False	0.0	0.0	0.0	"[nan nan nan nan nan nan nan nan nan nan nan nan nan nan nan nan nan nan
 nan nan]"	1.0	0.02	5.0
2350.8890921491916	2.0	trials	4.0	1.0	1.0	1.0	0.0	1.0	False	0.0	0.0	0.0	"[nan nan nan nan nan nan nan nan nan nan nan nan nan nan nan nan nan nan
 nan nan]"	1.0	0.02	5.0
2361.401083146458	2.0	trials	4.0	1.0	1.0	1.0	0.0	1.0	False	0.0	0.0	0.0	"[nan nan nan nan nan nan nan nan nan nan nan nan nan nan nan nan nan nan
 nan nan]"	1.0	0.02	5.0
2368.7272584004068	2.0	trials	4.0	1.0	1.0	1.0	0.0	1.0	False	0.0	0.0	0.0	"[nan nan nan nan nan nan nan nan nan nan nan nan nan nan nan nan nan nan
 nan nan]"	1.0	0.02	5.0
2377.277630851954	2.0	trials	4.0	1.0	1.0	1.0	0.0	1.0	False	0.0	0.0	0.0	"[nan nan nan nan nan nan nan nan nan nan nan nan nan nan nan nan nan nan
 nan nan]"	1.0	0.02	5.0
2383.805386577142	2.0	trials	4.0	1.0	1.0	1.0	0.0	1.0	False	0.0	0.0	0.0	"[nan nan nan nan nan nan nan nan nan nan nan nan nan nan nan nan nan nan
 nan nan]"	1.0	0.02	5.0
2389.1333962168014	2.0	trials	4.0	1.0	1.0	1.0	0.0	1.0	False	0.0	0.0	0.0	"[nan nan nan nan nan nan nan nan nan nan nan nan nan nan nan nan nan nan
 nan nan]"	1.0	0.02	5.0
2397.4397759457843	2.0	trials	4.0	1.0	1.0	1.0	0.0	1.0	False	0.0	0.0	0.0	"[nan nan nan nan nan nan nan nan nan nan nan nan nan nan nan nan nan nan
 nan nan]"	1.0	0.02	5.0
2405.3033572671384	2.0	trials	4.0	1.0	1.0	1.0	0.0	1.0	False	0.0	0.0	0.0	"[nan nan nan nan nan nan nan nan nan nan nan nan nan nan nan nan nan nan
 nan nan]"	1.0	0.02	5.0
2413.0251566983616	2.0	trials	4.0	1.0	1.0	1.0	0.0	1.0	False	0.0	0.0	0.0	"[nan nan nan nan nan nan nan nan nan nan nan nan nan nan nan nan nan nan
 nan nan]"	1.0	0.02	5.0
2422.53534329827	2.0	trials	4.0	1.0	1.0	1.0	0.0	1.0	False	0.0	0.0	0.0	"[nan nan nan nan nan nan nan nan nan nan nan nan nan nan nan nan nan nan
 nan nan]"	1.0	0.02	5.0
2433.1731322431474	2.0	trials	4.0	1.0	1.0	1.0	0.0	1.0	False	0.0	0.0	0.0	"[nan nan nan nan nan nan nan nan nan nan nan nan nan nan nan nan nan nan
 nan nan]"	1.0	0.02	5.0
2442.7216803051024	2.0	trials	4.0	1.0	1.0	1.0	0.0	1.0	False	0.0	0.0	0.0	"[nan nan nan nan nan nan nan nan nan nan nan nan nan nan nan nan nan nan
 nan nan]"	1.0	0.02	5.0
2452.181236687085	2.0	trials	4.0	1.0	1.0	1.0	0.0	1.0	False	0.0	0.0	0.0	"[nan nan nan nan nan nan nan nan nan nan nan nan nan nan nan nan nan nan
 nan nan]"	1.0	0.02	5.0
2459.897420138504	2.0	trials	4.0	1.0	1.0	1.0	0.0	1.0	False	0.0	0.0	0.0	"[nan nan nan nan nan nan nan nan nan nan nan nan nan nan nan nan nan nan
 nan nan]"	1.0	0.02	5.0
2470.7213140141193	2.0	trials	4.0	1.0	1.0	1.0	0.0	1.0	False	0.0	0.0	0.0	"[nan nan nan nan nan nan nan nan nan nan nan nan nan nan nan nan nan nan
 nan nan]"	1.0	0.02	5.0
2479.4176155408836	2.0	trials	4.0	1.0	1.0	1.0	0.0	1.0	False	0.0	0.0	0.0	"[nan nan nan nan nan nan nan nan nan nan nan nan nan nan nan nan nan nan
 nan nan]"	1.0	0.02	5.0
2487.6415699662807	2.0	trials	4.0	1.0	1.0	1.0	0.0	1.0	False	0.0	0.0	0.0	"[nan nan nan nan nan nan nan nan nan nan nan nan nan nan nan nan nan nan
 nan nan]"	1.0	0.02	5.0
2498.53354679706	2.0	trials	4.0	1.0	1.0	1.0	0.0	1.0	False	0.0	0.0	0.0	"[nan nan nan nan nan nan nan nan nan nan nan nan nan nan nan nan nan nan
 nan nan]"	1.0	0.02	5.0
2507.585037446509	2.0	trials	4.0	1.0	1.0	1.0	0.0	1.0	False	0.0	0.0	0.0	"[nan nan nan nan nan nan nan nan nan nan nan nan nan nan nan nan nan nan
 nan nan]"	1.0	0.02	5.0
2517.2450411076525	2.0	trials	4.0	1.0	1.0	1.0	0.0	1.0	False	0.0	0.0	0.0	"[nan nan nan nan nan nan nan nan nan nan nan nan nan nan nan nan nan nan
 nan nan]"	1.0	0.02	5.0
2527.925165900284	2.0	trials	4.0	1.0	1.0	1.0	0.0	1.0	False	0.0	0.0	0.0	"[nan nan nan nan nan nan nan nan nan nan nan nan nan nan nan nan nan nan
 nan nan]"	1.0	0.02	5.0
2538.791136424585	2.0	trials	4.0	1.0	1.0	1.0	0.0	1.0	False	0.0	0.0	0.0	"[nan nan nan nan nan nan nan nan nan nan nan nan nan nan nan nan nan nan
 nan nan]"	1.0	0.02	5.0
2547.2836210843057	2.0	trials	4.0	1.0	1.0	1.0	0.0	1.0	False	0.0	0.0	0.0	"[nan nan nan nan nan nan nan nan nan nan nan nan nan nan nan nan nan nan
 nan nan]"	1.0	0.02	5.0
2553.6113615287795	2.0	trials	4.0	1.0	1.0	1.0	0.0	1.0	False	0.0	0.0	0.0	"[nan nan nan nan nan nan nan nan nan nan nan nan nan nan nan nan nan nan
 nan nan]"	1.0	0.02	5.0
2560.5713748995026	2.0	trials	4.0	1.0	1.0	1.0	0.0	1.0	False	0.0	0.0	0.0	"[nan nan nan nan nan nan nan nan nan nan nan nan nan nan nan nan nan nan
 nan nan]"	1.0	0.02	5.0
2566.19305708307	2.0	trials	4.0	1.0	1.0	1.0	0.0	1.0	False	0.0	0.0	0.0	"[nan nan nan nan nan nan nan nan nan nan nan nan nan nan nan nan nan nan
 nan nan]"	1.0	0.02	5.0
2636.0356283184583	2.0	trials	5.0	0.0	0.0	0.0	0.0	0.0	True	40.0	0.0	0.005	"[30517754.59479332 30518043.59375403 30518333.59271114 30518622.59167185
 30518912.59062897 30519201.58958969 30519491.58854681 30519781.58750392
 30520070.58646464 30520360.58542176 30520650.58437887 30520939.58333958
 30521229.5822967  30521519.58125382 30521808.58021453 30522098.57917165
 30522387.57813236 30522677.57708948 30522967.5760466  30523256.57500731]"	0.0	0.0	0.0
2642.4911539033974	2.0	trials	5.0	0.0	0.0	0.0	0.0	0.0	True	40.0	0.0	0.005	"[30592471.3261     30592761.32505711 30593050.32401783 30593340.32297494
 30593629.32193566 30593919.32089277 30594209.31984989 30594498.3188106
 30594788.31776772 30595078.31672484 30595367.31568556 30595657.31464267
 30595947.31359979 30596236.3125605  30596526.31151762 30596816.31047474
 30597105.30943545 30597395.30839257 30597684.30735328 30597974.3063104 ]"	0.0	0.0	0.0
2649.487023145177	2.0	trials	5.0	0.0	0.0	0.0	0.0	0.0	True	40.0	0.0	0.005	"[30673441.03491997 30673731.03387709 30674021.0328342  30674310.03179492
 30674600.03075204 30674889.02971275 30675179.02866987 30675469.02762698
 30675758.02658769 30676048.02554482 30676338.02450193 30676627.02346265
 30676917.02241977 30677207.02137688 30677496.0203376  30677786.01929471
 30678075.01825542 30678365.01721255 30678655.01616966 30678944.01513037]"	0.0	0.0	0.0
2658.505854712074	2.0	trials	5.0	0.0	0.0	0.0	0.0	0.0	True	40.0	0.0	0.005	"[30777854.65943187 30778115.65849328 30778404.657454   30778694.65641111
 30778984.65536823 30779273.65432894 30779563.65328606 30779853.65224318
 30780142.65120389 30780432.65016101 30780722.64911812 30781011.64807884
 30781301.64703596 30781590.64599667 30781880.64495378 30782170.6439109
 30782459.64287161 30782749.64182873 30783039.64078585 30783328.63974657]"	0.0	0.0	0.0
2666.809210451931	2.0	trials	5.0	0.0	0.0	0.0	0.0	0.0	True	40.0	0.0	0.005	"[30873948.31386372 30874219.31288916 30874509.31184628 30874798.310807
 30875088.30976411 30875378.30872123 30875667.30768194 30875957.30663906
 30876246.30559977 30876536.30455689 30876826.30351401 30877115.30247473
 30877405.30143184 30877695.30038895 30877984.29934967 30878274.29830679
 30878564.29726391 30878853.29622462 30879143.29518174 30879433.29413886]"	0.0	0.0	0.0
2676.433185442639	2.0	trials	5.0	0.0	0.0	0.0	0.0	0.0	True	40.0	0.0	0.005	"[30985344.91326373 30985607.91231794 30985897.91127506 30986186.91023577
 30986476.90919289 30986765.9081536  30987055.90711072 30987345.90606784
 30987634.90502856 30987924.90398567 30988214.90294279 30988503.9019035
 30988793.90086062 30989083.89981774 30989372.89877845 30989662.89773557
 30989952.89669268 30990241.8956534  30990531.89461051 30990820.89357123]"	0.0	0.0	0.0
2684.2763764373203	2.0	trials	5.0	0.0	0.0	0.0	0.0	0.0	True	40.0	0.0	0.005	"[31076122.5868127  31076385.58586691 31076674.58482762 31076964.58378474
 31077254.58274186 31077543.58170257 31077833.58065968 31078123.5796168
 31078412.57857751 31078702.57753463 31078992.57649175 31079281.57545246
 31079571.57440958 31079861.5733667  31080150.57232741 31080440.57128453
 31080729.57024524 31081019.56920236 31081309.56815948 31081598.56712019]"	0.0	0.0	0.0
2691.5898509369426	2.0	trials	5.0	0.0	0.0	0.0	0.0	0.0	True	40.0	0.0	0.005	"[31160743.28250314 31161032.28146385 31161322.28042097 31161612.27937809
 31161901.2783388  31162191.27729591 31162481.27625304 31162770.27521375
 31163060.27417086 31163350.27312798 31163639.2720887  31163929.27104581
 31164218.27000653 31164508.26896364 31164798.26792076 31165087.26688148
 31165377.26583859 31165667.26479571 31165956.26375642 31166246.26271354]"	0.0	0.0	0.0
2698.507874058669	2.0	trials	5.0	0.0	0.0	0.0	0.0	0.0	True	40.0	0.0	0.005	"[31240841.99445535 31241101.99352036 31241391.99247747 31241681.99143459
 31241970.99039531 31242260.98935242 31242550.98830954 31242839.98727025
 31243129.98622737 31243418.98518808 31243708.9841452  31243998.98310232
 31244287.98206303 31244577.98102015 31244867.97997727 31245156.97893798
 31245446.97789509 31245736.97685222 31246025.97581293 31246315.97477005]"	0.0	0.0	0.0
2708.5527019359256	2.0	trials	5.0	0.0	0.0	0.0	0.0	0.0	True	40.0	0.0	0.005	"[31357072.57647159 31357361.5754323  31357651.57438942 31357941.57334654
 31358230.57230725 31358520.57126437 31358810.57022148 31359099.5691822
 31359389.56813932 31359679.56709644 31359968.56605715 31360258.56501427
 31360547.56397498 31360837.5629321  31361127.56188921 31361416.56084992
 31361706.55980704 31361996.55876416 31362285.55772488 31362575.55668199]"	0.0	0.0	0.0
2714.743498872869	2.0	trials	5.0	0.0	0.0	0.0	0.0	0.0	True	40.0	0.0	0.005	"[31428741.31873933 31429014.31775758 31429303.3167183  31429593.31567541
 31429883.31463252 31430172.31359324 31430462.31255036 31430751.31151107
 31431041.31046819 31431331.30942531 31431620.30838602 31431910.30734314
 31432200.30630025 31432489.30526097 31432779.30421809 31433069.3031752
 31433358.30213592 31433648.30109303 31433938.30005015 31434227.29901087]"	0.0	0.0	0.0
2721.499436177481	2.0	trials	5.0	0.0	0.0	0.0	0.0	0.0	True	40.0	0.0	0.005	"[31506947.03749905 31507208.03656046 31507497.03552117 31507787.03447829
 31508077.0334354  31508366.03239612 31508656.03135323 31508946.03031035
 31509235.02927106 31509525.02822819 31509815.0271853  31510104.02614601
 31510394.02510313 31510684.02406025 31510973.02302096 31511263.02197808
 31511552.02093879 31511842.01989591 31512132.01885303 31512421.01781374]"	0.0	0.0	0.0
2729.9075083407624	2.0	trials	5.0	0.0	0.0	0.0	0.0	0.0	True	40.0	0.0	0.005	"[31604245.68759754 31604523.68659782 31604813.68555493 31605102.68451564
 31605392.68347276 31605682.68242987 31605971.68139059 31606261.68034771
 31606551.67930482 31606840.67826554 31607130.67722265 31607420.67617977
 31607709.67514049 31607999.67409761 31608289.67305472 31608578.67201544
 31608868.67097255 31609157.66993326 31609447.66889038 31609737.6678475 ]"	0.0	0.0	0.0
2738.731508608302	2.0	trials	5.0	0.0	0.0	0.0	0.0	0.0	True	40.0	0.0	0.005	"[31706366.32035541 31706653.31932332 31706943.31828043 31707232.31724115
 31707522.31619826 31707812.31515538 31708101.3141161  31708391.31307321
 31708680.31203393 31708970.31099105 31709260.30994816 31709549.30890887
 31709839.307866   31710129.3068231  31710418.30578382 31710708.30474094
 31710998.30369805 31711287.30265877 31711577.30161589 31711867.30057301]"	0.0	0.0	0.0
2744.4251617330515	2.0	trials	5.0	0.0	0.0	0.0	0.0	0.0	True	40.0	0.0	0.005	"[31772289.08328661 31772552.08234082 31772842.08129794 31773132.08025505
 31773421.07921578 31773711.07817288 31774001.07713    31774290.07609072
 31774580.07504783 31774870.07400496 31775159.07296567 31775449.07192278
 31775738.07088349 31776028.06984061 31776318.06879773 31776607.06775845
 31776897.06671556 31777187.06567268 31777476.0646334  31777766.06359051]"	0.0	0.0	0.0
2750.1436979683167	2.0	trials	5.0	0.0	0.0	0.0	0.0	0.0	True	40.0	0.0	0.005	"[31838478.84525764 31838738.84432264 31839028.84327976 31839318.84223688
 31839607.84119759 31839897.84015471 31840187.83911182 31840476.83807253
 31840766.83702965 31841055.83599037 31841345.83494748 31841635.8339046
 31841924.83286531 31842214.83182243 31842504.83077955 31842793.82974026
 31843083.82869738 31843373.8276545  31843662.82661521 31843952.82557233]"	0.0	0.0	0.0
2758.0033913036523	2.0	trials	5.0	0.0	0.0	0.0	0.0	0.0	True	40.0	0.0	0.005	"[31929426.51819526 31929707.51718474 31929996.51614545 31930286.51510257
 31930576.51405969 31930865.5130204  31931155.51197752 31931445.51093463
 31931734.50989535 31932024.50885247 31932313.50781318 31932603.50677029
 31932893.50572741 31933182.50468813 31933472.50364525 31933762.50260236
 31934051.50156308 31934341.5005202  31934631.49947731 31934920.49843802]"	0.0	0.0	0.0
2764.615127526834	2.0	trials	5.0	0.0	0.0	0.0	0.0	0.0	True	40.0	0.0	0.005	"[32005956.24298212 32006233.24198599 32006522.24094671 32006812.23990382
 32007101.23886454 32007391.23782165 32007681.23677877 32007970.23573948
 32008260.2346966  32008550.23365372 32008839.23261443 32009129.23157154
 32009419.23052867 32009708.22948938 32009998.22844649 32010287.22740721
 32010577.22636433 32010867.22532145 32011156.22428216 32011446.22323928]"	0.0	0.0	0.0
2772.0192353005255	2.0	trials	5.0	0.0	0.0	0.0	0.0	0.0	True	40.0	0.0	0.005	"[32091667.93474917 32091927.93381417 32092217.93277129 32092506.931732
 32092796.93068912 32093086.92964623 32093375.92860695 32093665.92756406
 32093955.92652118 32094244.92548189 32094534.92443902 32094824.92339613
 32095113.92235684 32095403.92131396 32095693.92027108 32095982.91923179
 32096272.91818891 32096561.91714962 32096851.91610674 32097141.91506386]"	0.0	0.0	0.0
2778.038788053289	2.0	trials	5.0	0.0	0.0	0.0	0.0	0.0	True	40.0	0.0	0.005	"[32161328.68423797 32161598.683267   32161888.68222413 32162178.68118124
 32162467.68014196 32162757.67909908 32163047.6780562  32163336.67701691
 32163626.67597402 32163916.67493114 32164205.67389186 32164495.67284897
 32164784.67180968 32165074.6707668  32165364.66972392 32165653.66868464
 32165943.66764175 32166233.66659887 32166522.66555959 32166812.6645167 ]"	0.0	0.0	0.0
2787.333666627478	2.0	trials	5.0	0.0	0.0	0.0	0.0	0.0	True	40.0	0.0	0.005	"[32268918.29732851 32269178.29639351 32269468.29535063 32269758.29430775
 32270047.29326846 32270337.29222558 32270627.2911827  32270916.29014341
 32271206.28910052 32271496.28805764 32271785.28701835 32272075.28597547
 32272364.28493619 32272654.28389331 32272944.28285043 32273233.28181114
 32273523.28076825 32273813.27972537 32274102.27868609 32274392.2776432 ]"	0.0	0.0	0.0
2796.465336188592	2.0	trials	5.0	0.0	0.0	0.0	0.0	0.0	True	40.0	0.0	0.005	"[32374596.91729129 32374868.91631314 32375158.91527026 32375447.91423097
 32375737.91318808 32376027.9121452  32376316.91110592 32376606.91006303
 32376896.90902015 32377185.90798086 32377475.90693798 32377765.9058951
 32378054.90485581 32378344.90381293 32378633.90277364 32378923.90173076
 32379213.90068788 32379502.89964859 32379792.8986057  32380082.89756282]"	0.0	0.0	0.0
2806.1775252620687	2.0	trials	5.0	0.0	0.0	0.0	0.0	0.0	True	40.0	0.0	0.005	"[32487017.51300884 32487278.51207025 32487567.51103096 32487857.50998808
 32488147.5089452  32488436.50790591 32488726.50686303 32489015.50582374
 32489305.50478086 32489595.50373798 32489884.50269869 32490174.50165581
 32490464.50061292 32490753.49957364 32491043.49853075 32491333.49748787
 32491622.49644858 32491912.4954057  32492202.49436282 32492491.49332353]"	0.0	0.0	0.0
2813.10107796391	2.0	trials	5.0	0.0	0.0	0.0	0.0	0.0	True	40.0	0.0	0.005	"[32567129.22491431 32567412.2238966  32567702.22285372 32567991.22181443
 32568281.22077155 32568571.21972867 32568860.21868938 32569150.2176465
 32569440.21660361 32569729.21556433 32570019.21452145 32570309.21347856
 32570598.21243927 32570888.2113964  32571177.21035711 32571467.20931423
 32571757.20827134 32572046.20723205 32572336.20618918 32572626.20514629]"	0.0	0.0	0.0
2821.6332200810166	2.0	trials	5.0	0.0	0.0	0.0	0.0	0.0	True	40.0	0.0	0.005	"[32665883.86977681 32666163.86876989 32666452.8677306  32666742.86668772
 32667032.86564484 32667321.86460555 32667611.86356267 32667901.86251979
 32668190.8614805  32668480.86043762 32668770.85939473 32669059.85835544
 32669349.85731257 32669639.85626968 32669928.85523039 32670218.85418751
 32670507.85314823 32670797.85210534 32671087.85106246 32671376.85002317]"	0.0	0.0	0.0
2831.322945235277	2.0	trials	5.0	0.0	0.0	0.0	0.0	0.0	True	40.0	0.0	0.005	"[32778051.46640419 32778313.465462   32778603.46441912 32778892.46337983
 32779182.46233695 32779472.46129407 32779761.46025478 32780051.4592119
 32780341.45816901 32780630.45712973 32780920.45608684 32781210.45504396
 32781499.45400468 32781789.45296179 32782078.45192251 32782368.45087963
 32782658.44983674 32782947.44879745 32783237.44775457 32783527.44671169]"	0.0	0.0	0.0
2838.631235753542	2.0	trials	5.0	0.0	0.0	0.0	0.0	0.0	True	40.0	0.0	0.005	"[32862616.16229601 32862901.16127111 32863190.16023182 32863480.15918894
 32863769.15814966 32864059.15710677 32864349.15606389 32864638.1550246
 32864928.15398172 32865218.15293884 32865507.15189955 32865797.15085667
 32866087.14981379 32866376.1487745  32866666.14773162 32866955.14669233
 32867245.14564945 32867535.14460657 32867824.14356728 32868114.1425244 ]"	0.0	0.0	0.0
2848.723065061774	2.0	trials	5.0	0.0	0.0	0.0	0.0	0.0	True	40.0	0.0	0.005	"[32979433.74220131 32979703.74123035 32979992.74019106 32980282.73914818
 32980572.7381053  32980861.73706601 32981151.73602313 32981441.73498025
 32981730.73394097 32982020.73289808 32982310.7318552  32982599.73081591
 32982889.72977302 32983178.72873374 32983468.72769086 32983758.72664797
 32984047.72560868 32984337.7245658  32984627.72352292 32984916.72248364]"	0.0	0.0	0.0
2858.503250690724	2.0	trials	5.0	0.0	0.0	0.0	0.0	0.0	True	40.0	0.0	0.005	"[33092624.33514983 33092900.3341573  33093190.33311441 33093479.33207513
 33093769.33103224 33094058.32999296 33094348.32895007 33094638.32790719
 33094927.3268679  33095217.32582502 33095507.32478214 33095796.32374285
 33096086.32269997 33096376.32165709 33096665.3206178  33096955.31957492
 33097244.31853563 33097534.31749275 33097824.31644987 33098113.31541058]"	0.0	0.0	0.0
2866.9036332816586	2.0	trials	5.0	0.0	0.0	0.0	0.0	0.0	True	40.0	0.0	0.005	"[33189861.98546769 33190126.98451471 33190416.98347183 33190706.98242894
 33190995.98138966 33191285.98034678 33191574.97930749 33191864.9782646
 33192154.97722172 33192443.97618243 33192733.97513955 33193023.97409667
 33193312.97305739 33193602.97201451 33193892.97097161 33194181.96993233
 33194471.96888945 33194760.96785016 33195050.96680728 33195340.9657644 ]"	0.0	0.0	0.0
2872.741228288771	2.0	trials	5.0	0.0	0.0	0.0	0.0	0.0	True	40.0	0.0	0.005	"[33257427.74249042 33257691.74154104 33257981.74049815 33258271.73945527
 33258560.73841598 33258850.7373731  33259139.73633381 33259429.73529093
 33259719.73424804 33260008.73320876 33260298.73216588 33260588.731123
 33260877.73008371 33261167.72904082 33261457.72799794 33261746.72695865
 33262036.72591577 33262325.72487648 33262615.72383361 33262905.72279072]"	0.0	0.0	0.0
2882.439247813203	2.0	trials	5.0	0.0	0.0	0.0	0.0	0.0	True	40.0	0.0	0.005	"[33369665.33886607 33369938.33788432 33370227.33684503 33370517.33580215
 33370807.33475927 33371096.33371998 33371386.3326771  33371675.33163781
 33371965.33059493 33372255.32955205 33372544.32851276 33372834.32746987
 33373124.32642699 33373413.32538771 33373703.32434483 33373993.32330194
 33374282.32226266 33374572.32121978 33374861.32018049 33375151.3191376 ]"	0.0	0.0	0.0
2892.349119375783	2.0	trials	5.0	0.0	0.0	0.0	0.0	0.0	True	40.0	0.0	0.005	"[33484362.92639519 33484634.92541704 33484924.92437416 33485214.92333127
 33485503.92229198 33485793.92124911 33486082.92020982 33486372.91916694
 33486662.91812405 33486951.91708476 33487241.91604188 33487531.914999
 33487820.91395972 33488110.91291684 33488400.91187395 33488689.91083466
 33488979.90979178 33489268.90875249 33489558.90770961 33489848.90666673]"	0.0	0.0	0.0
2900.9471844558207	2.0	trials	5.0	0.0	0.0	0.0	0.0	0.0	True	40.0	0.0	0.005	"[33583876.56852821 33584149.56754646 33584439.56650358 33584729.5654607
 33585018.56442142 33585308.56337854 33585597.56233925 33585887.56129637
 33586177.56025349 33586466.5592142  33586756.55817131 33587046.55712844
 33587335.55608915 33587625.55504626 33587915.55400338 33588204.55296409
 33588494.5519212  33588784.55087832 33589073.54983903 33589363.54879615]"	0.0	0.0	0.0
2909.8210373440834	2.0	trials	5.0	0.0	0.0	0.0	0.0	0.0	True	40.0	0.0	0.005	"[33686573.1992147  33686856.19819699 33687146.19715411 33687436.19611123
 33687725.19507194 33688015.19402906 33688305.19298618 33688594.19194689
 33688884.19090401 33689174.18986112 33689463.18882184 33689753.18777896
 33690043.18673607 33690332.18569679 33690622.1846539  33690911.18361461
 33691201.18257174 33691491.18152885 33691780.18048956 33692070.17944668]"	0.0	0.0	0.0
2918.3354675248847	2.0	trials	5.0	0.0	0.0	0.0	0.0	0.0	True	40.0	0.0	0.005	"[33785113.84484678 33785402.84380749 33785692.84276461 33785982.84172173
 33786271.84068244 33786561.83963956 33786851.83859667 33787140.83755739
 33787430.83651451 33787719.83547522 33788009.83443233 33788299.83338945
 33788588.83235016 33788878.83130728 33789168.8302644  33789457.82922512
 33789747.82818224 33790037.82713936 33790326.82610007 33790616.82505719]"	0.0	0.0	0.0
2924.851386492639	2.0	trials	5.0	0.0	0.0	0.0	0.0	0.0	True	40.0	0.0	0.005	"[33860531.57363256 33860818.57260047 33861108.57155758 33861398.5705147
 33861687.56947541 33861977.56843253 33862266.56739324 33862556.56635036
 33862846.56530748 33863135.56426819 33863425.56322531 33863715.56218243
 33864004.56114314 33864294.56010026 33864584.55905738 33864873.55801809
 33865163.55697521 33865452.55593593 33865742.55489304 33866032.55385016]"	0.0	0.0	0.0
2931.175238951095	2.0	trials	5.0	0.0	0.0	0.0	0.0	0.0	True	40.0	0.0	0.005	"[33933750.31032627 33934011.30938768 33934300.30834839 33934590.30730551
 33934880.30626263 33935169.30522334 33935459.30418046 33935749.30313758
 33936038.30209829 33936328.3010554  33936617.30001612 33936907.29897324
 33937197.29793035 33937486.29689107 33937776.29584818 33938066.2948053
 33938355.29376601 33938645.29272313 33938935.29168025 33939224.29064097]"	0.0	0.0	0.0
2938.2385863502127	2.0	trials	5.0	0.0	0.0	0.0	0.0	0.0	True	40.0	0.0	0.005	"[34015502.01633406 34015763.01539546 34016052.01435618 34016342.0133133
 34016632.01227041 34016921.01123113 34017211.01018824 34017501.00914536
 34017790.00810608 34018080.00706319 34018370.00602031 34018659.00498102
 34018949.00393814 34019238.00289886 34019528.00185597 34019818.00081309
 34020106.9997738  34020396.99873092 34020686.99768804 34020975.99664875]"	0.0	0.0	0.0
2947.6151126307846	2.0	trials	5.0	0.0	0.0	0.0	0.0	0.0	True	40.0	0.0	0.005	"[34124001.62615211 34124288.62512001 34124577.62408073 34124867.62303784
 34125156.62199856 34125446.62095568 34125736.61991279 34126025.61887351
 34126315.61783063 34126605.61678774 34126894.61574845 34127184.61470557
 34127474.61366269 34127763.6126234  34128053.61158052 34128343.61053763
 34128632.60949835 34128922.60845547 34129211.60741618 34129501.6063733 ]"	0.0	0.0	0.0
2955.504959457684	2.0	trials	5.0	0.0	0.0	0.0	0.0	0.0	True	40.0	0.0	0.005	"[34215315.29777354 34215605.29673065 34215894.29569136 34216184.29464849
 34216474.2936056  34216763.29256631 34217053.29152343 34217343.29048055
 34217632.28944127 34217922.28839839 34218211.2873591  34218501.28631622
 34218791.28527333 34219080.28423405 34219370.28319116 34219660.28214827
 34219949.28110899 34220239.28006611 34220529.27902322 34220818.27798393]"	0.0	0.0	0.0
2961.9374163255807	2.0	trials	5.0	0.0	0.0	0.0	0.0	0.0	True	40.0	0.0	0.005	"[34289787.02996127 34290055.0289975  34290345.02795462 34290635.02691174
 34290924.02587245 34291214.02482957 34291504.02378669 34291793.0227474
 34292083.02170452 34292373.02066164 34292662.01962235 34292952.01857947
 34293241.01754019 34293531.0164973  34293821.01545442 34294110.01441513
 34294400.01337225 34294690.01232937 34294979.01129008 34295269.01024719]"	0.0	0.0	0.0
2969.3892167277622	2.0	trials	5.0	0.0	0.0	0.0	0.0	0.0	True	40.0	0.0	0.005	"[34376040.71977921 34376302.71883702 34376592.71779414 34376881.71675485
 34377171.71571197 34377460.71467268 34377750.7136298  34378040.71258692
 34378329.71154763 34378619.71050474 34378909.70946186 34379198.70842257
 34379488.70737969 34379778.70633681 34380067.70529752 34380357.70425464
 34380647.70321176 34380936.70217247 34381226.70112959 34381515.7000903 ]"	0.0	0.0	0.0
2974.999148553586	2.0	trials	5.0	0.0	0.0	0.0	0.0	0.0	True	40.0	0.0	0.005	"[34440945.48637129 34441232.48533919 34441521.4842999  34441811.48325702
 34442101.48221414 34442390.48117485 34442680.48013197 34442969.47909268
 34443259.4780498  34443549.47700692 34443838.47596763 34444128.47492474
 34444418.47388186 34444707.47284258 34444997.4717997  34445287.47075681
 34445576.46971752 34445866.46867464 34446155.46763536 34446445.46659248]"	0.0	0.0	0.0
2983.717136402363	2.0	trials	5.0	0.0	0.0	0.0	0.0	0.0	True	40.0	0.0	0.005	"[34541856.12348049 34542135.12247717 34542425.12143429 34542715.1203914
 34543004.11935212 34543294.11830923 34543584.11726635 34543873.11622707
 34544163.11518418 34544453.1141413  34544742.11310201 34545032.11205912
 34545321.11101984 34545611.10997695 34545901.10893407 34546190.10789479
 34546480.10685191 34546770.10580902 34547059.10476974 34547349.10372686]"	0.0	0.0	0.0
2993.8267640465897	2.0	trials	5.0	0.0	0.0	0.0	0.0	0.0	True	40.0	0.0	0.005	"[34658873.70266656 34659144.701692   34659434.70064912 34659724.69960623
 34660013.69856695 34660303.69752406 34660593.69648118 34660882.6954419
 34661172.69439901 34661462.69335613 34661751.69231685 34662041.69127396
 34662330.69023468 34662620.6891918  34662910.68814891 34663199.68710963
 34663489.68606675 34663779.68502387 34664068.68398458 34664358.68294169]"	0.0	0.0	0.0
3000.4570762029684	2.0	trials	5.0	0.0	0.0	0.0	0.0	0.0	True	40.0	0.0	0.005	"[34735622.42666587 34735884.42572368 34736174.42468079 34736464.42363791
 34736753.42259862 34737043.42155574 34737332.42051645 34737622.41947357
 34737912.41843069 34738201.4173914  34738491.41634852 34738781.41530564
 34739070.41426635 34739360.41322347 34739650.41218059 34739939.41114131
 34740229.41009842 34740518.40905913 34740808.40801625 34741098.40697337]"	0.0	0.0	0.0
3007.4357519065793	2.0	trials	5.0	0.0	0.0	0.0	0.0	0.0	True	40.0	0.0	0.005	"[34816394.13619788 34816656.13525569 34816945.1342164  34817235.13317352
 34817525.13213064 34817814.13109135 34818104.13004847 34818394.12900559
 34818683.1279663  34818973.12692342 34819263.12588053 34819552.12484125
 34819842.12379836 34820131.12275908 34820421.1217162  34820711.12067331
 34821000.11963402 34821290.11859114 34821580.11754826 34821869.11650898]"	0.0	0.0	0.0
3013.463599029515	2.0	trials	5.0	0.0	0.0	0.0	0.0	0.0	True	40.0	0.0	0.005	"[34886160.88530549 34886422.88436329 34886712.88332041 34887001.88228112
 34887291.88123824 34887581.88019536 34887870.87915608 34888160.8781132
 34888450.87707032 34888739.87603103 34889029.87498815 34889319.87394526
 34889608.87290597 34889898.8718631  34890188.87082021 34890477.86978092
 34890767.86873804 34891056.86769875 34891346.86665587 34891636.86561299]"	0.0	0.0	0.0
3023.4069072718517	2.0	trials	5.0	0.0	0.0	0.0	0.0	0.0	True	40.0	0.0	0.005	"[35001218.47154    35001507.47050072 35001797.46945783 35002086.46841855
 35002376.46737567 35002666.46633279 35002955.4652935  35003245.46425062
 35003535.46320773 35003824.46216844 35004114.46112556 35004404.46008268
 35004693.4590434  35004983.45800051 35005272.45696122 35005562.45591834
 35005852.45487546 35006141.45383617 35006431.45279329 35006721.45175041]"	0.0	0.0	0.0
3047.403470576525	2.0	trials	6.0	0.0	0.0	0.0	0.0	0.0	True	40.0	0.0	0.005	"[35278973.47268859 35279245.47171044 35279535.47066755 35279824.46962827
 35280114.46858539 35280404.46754251 35280693.46650322 35280983.46546033
 35281272.46442104 35281562.46337817 35281852.46233528 35282141.46129599
 35282431.46025311 35282721.45921023 35283010.45817094 35283300.45712806
 35283590.45608518 35283879.45504589 35284169.45400301 35284459.45296013]"	0.0	0.0	0.0
3056.170101450374	2.0	trials	6.0	0.0	0.0	0.0	0.0	0.0	True	40.0	0.0	0.005	"[35380431.1078307  35380711.10682379 35381001.1057809  35381291.10473801
 35381580.10369873 35381870.10265584 35382159.10161656 35382449.10057367
 35382739.09953079 35383028.0984915  35383318.09744862 35383608.09640574
 35383897.09536646 35384187.09432358 35384477.0932807  35384766.09224141
 35385056.09119852 35385346.09015564 35385635.08911635 35385925.08807347]"	0.0	0.0	0.0
3065.949941480567	2.0	trials	6.0	0.0	0.0	0.0	0.0	0.0	True	40.0	0.0	0.005	"[35493639.70071449 35493903.69976511 35494193.69872223 35494482.69768294
 35494772.69664006 35495062.69559717 35495351.69455788 35495641.693515
 35495931.69247212 35496220.69143283 35496510.69038995 35496800.68934707
 35497089.68830778 35497379.6872649  35497669.68622202 35497958.68518274
 35498248.68413985 35498537.68310057 35498827.68205769 35499117.6810148 ]"	0.0	0.0	0.0
3071.217384938032	2.0	trials	6.0	0.0	0.0	0.0	0.0	0.0	True	40.0	0.0	0.005	"[35554580.4815617  35554869.48052241 35555159.47947953 35555449.47843664
 35555738.47739736 35556028.47635447 35556318.47531159 35556607.47427231
 35556897.47322942 35557186.47219013 35557476.47114725 35557766.47010437
 35558055.46906509 35558345.4680222  35558635.46697932 35558924.46594004
 35559214.46489715 35559504.46385426 35559793.46281498 35560083.4617721 ]"	0.0	0.0	0.0
3078.861424648891	2.0	trials	6.0	0.0	0.0	0.0	0.0	0.0	True	40.0	0.0	0.005	"[35643074.16332426 35643342.16236049 35643632.16131762 35643921.16027833
 35644211.15923544 35644501.15819256 35644790.15715327 35645080.15611039
 35645370.1550675  35645659.15402822 35645949.15298533 35646238.15194605
 35646528.15090317 35646818.14986029 35647107.148821   35647397.14777812
 35647687.14673524 35647976.14569595 35648266.14465306 35648556.14361018]"	0.0	0.0	0.0
3084.6813941193877	2.0	trials	6.0	0.0	0.0	0.0	0.0	0.0	True	40.0	0.0	0.005	"[35710419.92113814 35710702.92012043 35710992.91907755 35711281.91803826
 35711571.91699538 35711861.9159525  35712150.91491321 35712440.91387033
 35712730.91282745 35713019.91178816 35713309.91074528 35713599.90970239
 35713888.90866311 35714178.90762022 35714468.90657734 35714757.90553805
 35715047.90449517 35715336.90345589 35715626.902413   35715916.90137012]"	0.0	0.0	0.0
3092.985700255827	2.0	trials	6.0	0.0	0.0	0.0	0.0	0.0	True	40.0	0.0	0.005	"[35806542.5754657  35806817.57447676 35807106.57343747 35807396.57239459
 35807686.57135171 35807975.57031242 35808265.56926954 35808555.56822666
 35808844.56718738 35809134.56614449 35809423.5651052  35809713.56406232
 35810003.56301943 35810292.56198015 35810582.56093727 35810872.55989438
 35811161.5588551  35811451.55781221 35811741.55676933 35812030.55573004]"	0.0	0.0	0.0
3099.3095527142823	2.0	trials	6.0	0.0	0.0	0.0	0.0	0.0	True	40.0	0.0	0.005	"[35879744.31222055 35880010.31126397 35880300.31022108 35880589.30918179
 35880879.30813891 35881169.30709603 35881458.30605675 35881748.30501387
 35882038.30397099 35882327.3029317  35882617.30188882 35882906.30084953
 35883196.29980665 35883486.29876376 35883775.29772448 35884065.2966816
 35884355.29563871 35884644.29459942 35884934.29355654 35885224.29251366]"	0.0	0.0	0.0
3106.30568115513	2.0	trials	6.0	0.0	0.0	0.0	0.0	0.0	True	40.0	0.0	0.005	"[35960695.02110885 35960984.02006956 35961274.01902667 35961563.01798739
 35961853.01694451 35962143.01590163 35962432.01486234 35962722.01381946
 35963011.01278017 35963301.01173729 35963591.01069441 35963880.00965512
 35964170.00861224 35964460.00756935 35964749.00653007 35965039.00548719
 35965329.00444431 35965618.00340502 35965908.00236213 35966198.00131925]"	0.0	0.0	0.0
3115.0593520755856	2.0	trials	6.0	0.0	0.0	0.0	0.0	0.0	True	40.0	0.0	0.005	"[36062027.65670048 36062299.65572233 36062589.65467944 36062879.65363656
 36063168.65259728 36063458.65155439 36063748.65051151 36064037.64947222
 36064327.64842934 36064617.64738646 36064906.64634717 36065196.64530428
 36065485.644265   36065775.64322212 36066065.64217924 36066354.64113995
 36066644.64009707 36066934.63905419 36067223.6380149  36067513.63697202]"	0.0	0.0	0.0
3123.9000274831587	2.0	trials	6.0	0.0	0.0	0.0	0.0	0.0	True	40.0	0.0	0.005	"[36164360.28869596 36164622.28775378 36164912.28671089 36165202.28566801
 36165491.28462872 36165781.28358584 36166071.28254296 36166360.28150367
 36166650.28046079 36166939.2794215  36167229.27837862 36167519.27733574
 36167808.27629645 36168098.27525356 36168388.27421068 36168677.2731714
 36168967.27212851 36169257.27108563 36169546.27004635 36169836.26900347]"	0.0	0.0	0.0
3129.2314931103897	2.0	trials	6.0	0.0	0.0	0.0	0.0	0.0	True	40.0	0.0	0.005	"[36226068.06678493 36226329.06584633 36226619.06480344 36226909.06376056
 36227198.06272127 36227488.0616784  36227777.06063911 36228067.05959623
 36228357.05855335 36228646.05751406 36228936.05647118 36229226.05542829
 36229515.05438901 36229805.05334612 36230095.05230324 36230384.05126395
 36230674.05022107 36230963.04918178 36231253.0481389  36231543.04709602]"	0.0	0.0	0.0
3134.4519351368785	2.0	trials	6.0	0.0	0.0	0.0	0.0	0.0	True	40.0	0.0	0.005	"[36286484.84951651 36286750.84855993 36287040.84751706 36287329.84647777
 36287619.84543488 36287909.84439199 36288198.84335271 36288488.84230983
 36288778.84126695 36289067.84022766 36289357.83918478 36289647.8381419
 36289936.83710261 36290226.83605972 36290515.83502044 36290805.83397756
 36291095.83293468 36291384.83189539 36291674.8308525  36291964.82980962]"	0.0	0.0	0.0
3143.001702790601	2.0	trials	6.0	0.0	0.0	0.0	0.0	0.0	True	40.0	0.0	0.005	"[36385429.49369574 36385706.49269961 36385995.49166032 36386285.49061743
 36386575.48957456 36386864.48853527 36387154.48749238 36387443.4864531
 36387733.48541021 36388023.48436733 36388312.48332805 36388602.48228516
 36388892.48124228 36389181.480203   36389471.47916012 36389761.47811724
 36390050.47707795 36390340.47603506 36390630.47499218 36390919.47395289]"	0.0	0.0	0.0
3148.8154514834673	2.0	trials	6.0	0.0	0.0	0.0	0.0	0.0	True	40.0	0.0	0.005	"[36452733.25166066 36452995.25071847 36453284.24967919 36453574.2486363
 36453864.24759342 36454153.24655413 36454443.24551124 36454733.24446836
 36455022.24342908 36455312.2423862  36455601.24134691 36455891.24030402
 36456181.23926114 36456470.23822185 36456760.23717897 36457050.23613609
 36457339.2350968  36457629.23405392 36457919.23301104 36458208.23197176]"	0.0	0.0	0.0
3158.032829536361	2.0	trials	6.0	0.0	0.0	0.0	0.0	0.0	True	40.0	0.0	0.005	"[36559387.86811359 36559677.86707072 36559967.86602783 36560256.86498855
 36560546.86394566 36560836.86290278 36561125.86186349 36561415.86082061
 36561705.85977773 36561994.85873844 36562284.85769556 36562573.85665627
 36562863.85561339 36563153.85457051 36563442.85353122 36563732.85248834
 36564022.85144545 36564311.85040617 36564601.84936328 36564891.84832041]"	0.0	0.0	0.0
3164.619423449957	2.0	trials	6.0	0.0	0.0	0.0	0.0	0.0	True	40.0	0.0	0.005	"[36635624.59395414 36635911.59292204 36636201.59187916 36636491.59083628
 36636780.58979699 36637070.5887541  36637359.58771481 36637649.58667193
 36637939.58562905 36638228.58458977 36638518.58354688 36638808.582504
 36639097.58146472 36639387.58042184 36639677.57937896 36639966.57833967
 36640256.57729678 36640546.57625391 36640835.57521462 36641125.57417173]"	0.0	0.0	0.0
3173.0554027128815	2.0	trials	6.0	0.0	0.0	0.0	0.0	0.0	True	40.0	0.0	0.005	"[36733270.24280477 36733550.24179784 36733839.24075855 36734129.23971567
 36734419.23867279 36734708.2376335  36734998.23659062 36735288.23554774
 36735577.23450845 36735867.23346557 36736156.23242628 36736446.2313834
 36736736.23034052 36737025.22930124 36737315.22825835 36737605.22721546
 36737894.22617618 36738184.2251333  36738474.22409042 36738763.22305113]"	0.0	0.0	0.0
3180.7656245857397	2.0	trials	6.0	0.0	0.0	0.0	0.0	0.0	True	40.0	0.0	0.005	"[36822504.92190258 36822788.92088127 36823077.91984199 36823367.91879911
 36823657.91775623 36823946.91671694 36824236.91567405 36824525.91463476
 36824815.91359189 36825105.912549   36825394.91150972 36825684.91046683
 36825974.90942395 36826263.90838467 36826553.90734178 36826843.9062989
 36827132.90525961 36827422.90421673 36827712.90317385 36828001.90213456]"	0.0	0.0	0.0
3190.6417138698052	2.0	trials	6.0	0.0	0.0	0.0	0.0	0.0	True	40.0	0.0	0.005	"[36936805.51085939 36937095.5098165  36937384.50877721 36937674.50773433
 36937964.50669144 36938253.50565216 36938543.50460927 36938833.50356639
 36939122.5025271  36939412.50148422 36939702.50044134 36939991.49940205
 36940281.49835917 36940571.49731629 36940860.496277   36941150.49523412
 36941439.49419484 36941729.49315195 36942019.49210907 36942308.49106979]"	0.0	0.0	0.0
3200.079497530086	2.0	trials	6.0	0.0	0.0	0.0	0.0	0.0	True	40.0	0.0	0.005	"[37046050.1179983  37046329.11699498 37046619.11595208 37046908.11491281
 37047198.11386991 37047488.11282704 37047777.11178775 37048067.11074486
 37048356.10970557 37048646.10866269 37048936.10761981 37049225.10658053
 37049515.10553765 37049805.10449476 37050094.10345548 37050384.1024126
 37050674.10136972 37050963.10033043 37051253.09928754 37051543.09824466]"	0.0	0.0	0.0
3206.6455283176306	2.0	trials	6.0	0.0	0.0	0.0	0.0	0.0	True	40.0	0.0	0.005	"[37122035.84474147 37122324.84370218 37122614.84265929 37122904.84161641
 37123193.84057713 37123483.83953425 37123773.83849137 37124062.83745208
 37124352.8364092  37124641.83536991 37124931.83432703 37125221.83328415
 37125510.83224486 37125800.83120197 37126090.83015909 37126379.8291198
 37126669.82807693 37126959.82703404 37127248.82599475 37127538.82495187]"	0.0	0.0	0.0
3212.337799047351	2.0	trials	6.0	0.0	0.0	0.0	0.0	0.0	True	40.0	0.0	0.005	"[37187922.60780213 37188207.60677723 37188496.60573794 37188786.60469506
 37189076.60365217 37189365.60261288 37189655.60157    37189944.60053072
 37190234.59948783 37190524.59844495 37190813.59740566 37191103.59636278
 37191393.5953199  37191682.59428062 37191972.59323774 37192262.59219485
 37192551.59115556 37192841.59011269 37193131.5890698  37193420.58803051]"	0.0	0.0	0.0
3218.2835664654585	2.0	trials	6.0	0.0	0.0	0.0	0.0	0.0	True	40.0	0.0	0.005	"[37256736.36033686 37257025.35929758 37257314.35825829 37257604.35721541
 37257893.35617612 37258183.35513324 37258473.35409036 37258762.35305107
 37259052.35200819 37259342.35096531 37259631.34992602 37259921.34888314
 37260211.34784026 37260500.34680097 37260790.34575809 37261080.3447152
 37261369.34367592 37261659.34263303 37261948.34159375 37262238.34055086]"	0.0	0.0	0.0
3226.2179091323437	2.0	trials	6.0	0.0	0.0	0.0	0.0	0.0	True	40.0	0.0	0.005	"[37348577.03006312 37348857.02905621 37349146.02801692 37349436.02697404
 37349726.02593116 37350015.02489187 37350305.02384899 37350595.0228061
 37350884.02176681 37351174.02072393 37351464.01968104 37351753.01864177
 37352043.01759887 37352333.016556   37352622.01551671 37352912.01447383
 37353201.01343454 37353491.01239166 37353781.01134878 37354070.01030949]"	0.0	0.0	0.0
3233.7034054133496	2.0	trials	6.0	0.0	0.0	0.0	0.0	0.0	True	40.0	0.0	0.005	"[37435205.7185325  37435494.71749321 37435784.71645033 37436074.71540745
 37436363.71436816 37436653.71332528 37436942.712286   37437232.71124312
 37437522.71020024 37437811.70916095 37438101.70811807 37438391.70707518
 37438680.70603589 37438970.70499301 37439260.70395013 37439549.70291085
 37439839.70186796 37440128.70082867 37440418.69978579 37440708.69874291]"	0.0	0.0	0.0
3240.174050943914	2.0	trials	6.0	0.0	0.0	0.0	0.0	0.0	True	40.0	0.0	0.005	"[37510126.44910557 37510386.44817057 37510676.44712769 37510966.4460848
 37511255.44504552 37511545.44400264 37511835.44295976 37512124.44192047
 37512414.44087759 37512703.4398383  37512993.43879542 37513283.43775254
 37513572.43671325 37513862.43567037 37514152.43462748 37514441.4335882
 37514731.43254532 37515021.43150243 37515310.43046314 37515600.42942026]"	0.0	0.0	0.0
3245.961447731547	2.0	trials	6.0	0.0	0.0	0.0	0.0	0.0	True	40.0	0.0	0.005	"[37577106.20823564 37577370.20728627 37577660.20624337 37577949.20520409
 37578239.2041612  37578529.20311832 37578818.20207904 37579108.20103616
 37579398.19999328 37579687.19895399 37579977.19791111 37580267.19686822
 37580556.19582894 37580846.19478605 37581135.19374677 37581425.19270389
 37581715.191661   37582004.19062171 37582294.18957883 37582584.18853595]"	0.0	0.0	0.0
3255.8088523187675	2.0	trials	6.0	0.0	0.0	0.0	0.0	0.0	True	40.0	0.0	0.005	"[37691063.79842592 37691344.7974154  37691634.79637252 37691924.79532964
 37692213.79429035 37692503.79324747 37692792.79220818 37693082.7911653
 37693372.79012242 37693661.78908313 37693951.78804025 37694241.78699736
 37694530.78595808 37694820.7849152  37695110.78387231 37695399.78283302
 37695689.78179014 37695978.78075086 37696268.77970798 37696558.77866509]"	0.0	0.0	0.0
3261.7500405533424	2.0	trials	6.0	0.0	0.0	0.0	0.0	0.0	True	40.0	0.0	0.005	"[37759845.55107573 37760108.55012995 37760397.54909066 37760687.54804778
 37760977.54700489 37761266.54596561 37761556.54492272 37761846.54387984
 37762135.54284056 37762425.54179768 37762715.5407548  37763004.53971551
 37763294.53867263 37763583.53763334 37763873.53659045 37764163.53554757
 37764452.53450829 37764742.5334654  37765032.53242252 37765321.53138323]"	0.0	0.0	0.0
3269.5714588263213	2.0	trials	6.0	0.0	0.0	0.0	0.0	0.0	True	40.0	0.0	0.005	"[37850346.22562083 37850634.22458515 37850924.22354227 37851214.22249937
 37851503.22146009 37851793.22041721 37852082.21937792 37852372.21833503
 37852662.21729215 37852951.21625286 37853241.21520999 37853531.2141671
 37853820.21312781 37854110.21208493 37854400.21104205 37854689.21000277
 37854979.20895988 37855268.2079206  37855558.20687771 37855848.20583483]"	0.0	0.0	0.0
3278.511925875029	2.0	trials	6.0	0.0	0.0	0.0	0.0	0.0	True	40.0	0.0	0.005	"[37953847.85341243 37954111.85246304 37954400.85142375 37954690.85038087
 37954980.84933799 37955269.8482987  37955559.84725582 37955848.84621653
 37956138.84517365 37956428.84413077 37956717.84309148 37957007.8420486
 37957297.84100571 37957586.83996643 37957876.83892355 37958166.83788066
 37958455.83684137 37958745.83579849 37959035.83475561 37959324.83371633]"	0.0	0.0	0.0
3288.395618331753	2.0	trials	6.0	0.0	0.0	0.0	0.0	0.0	True	40.0	0.0	0.005	"[38068234.44205995 38068506.4410818  38068796.44003891 38069086.43899603
 38069375.43795674 38069665.43691386 38069955.43587098 38070244.43483169
 38070534.43378881 38070823.43274952 38071113.43170664 38071403.43066376
 38071692.42962448 38071982.42858159 38072272.42753871 38072561.42649943
 38072851.42545654 38073141.42441366 38073430.42337437 38073720.42233149]"	0.0	0.0	0.0
3298.227989373037	2.0	trials	6.0	0.0	0.0	0.0	0.0	0.0	True	40.0	0.0	0.005	"[38182020.03286877 38182307.03183667 38182597.03079379 38182886.0297545
 38183176.02871162 38183466.02766874 38183755.02662945 38184045.02558657
 38184335.02454369 38184624.0235044  38184914.02246152 38185204.02141863
 38185493.02037934 38185783.01933647 38186073.01829357 38186362.01725429
 38186652.01621141 38186941.01517212 38187231.01412924 38187521.01308636]"	0.0	0.0	0.0
3305.2119354576944	2.0	trials	6.0	0.0	0.0	0.0	0.0	0.0	True	40.0	0.0	0.005	"[38262879.74208432 38263139.74114931 38263429.74010643 38263719.73906355
 38264008.73802426 38264298.73698138 38264588.7359385  38264877.73489921
 38265167.73385634 38265457.73281345 38265746.73177416 38266036.73073128
 38266325.72969199 38266615.72864911 38266905.72760623 38267194.72656694
 38267484.72552406 38267774.72448118 38268063.72344189 38268353.72239901]"	0.0	0.0	0.0
3315.2794864532348	2.0	trials	6.0	0.0	0.0	0.0	0.0	0.0	True	40.0	0.0	0.005	"[38379393.32308284 38379662.32211547 38379951.32107619 38380241.3200333
 38380531.31899042 38380820.31795114 38381110.31690826 38381400.31586538
 38381689.31482609 38381979.3137832  38382268.31274391 38382558.31170104
 38382848.31065815 38383137.30961887 38383427.30857598 38383717.3075331
 38384006.30649381 38384296.30545093 38384586.30440805 38384875.30336876]"	0.0	0.0	0.0
3324.206302351034	2.0	trials	6.0	0.0	0.0	0.0	0.0	0.0	True	40.0	0.0	0.005	"[38482692.95160085 38482981.95056156 38483270.94952228 38483560.94847939
 38483850.94743651 38484139.94639722 38484429.94535434 38484719.94431145
 38485008.94327217 38485298.94222929 38485588.94118641 38485877.94014712
 38486167.93910424 38486456.93806495 38486746.93702207 38487036.93597919
 38487325.9349399  38487615.93389702 38487905.93285414 38488194.93181485]"	0.0	0.0	0.0
3333.723314526396	2.0	trials	6.0	0.0	0.0	0.0	0.0	0.0	True	40.0	0.0	0.005	"[38592867.55539535 38593132.55444237 38593421.55340308 38593711.5523602
 38594001.55131732 38594290.55027804 38594580.54923515 38594869.54819586
 38595159.54715298 38595449.5461101  38595738.54507081 38596028.54402793
 38596318.54298504 38596607.54194576 38596897.54090288 38597187.53986
 38597476.53882071 38597766.53777783 38598055.53673854 38598345.53569566]"	0.0	0.0	0.0
3341.685391493545	2.0	trials	6.0	0.0	0.0	0.0	0.0	0.0	True	40.0	0.0	0.005	"[38685007.22404636 38685286.22304304 38685576.22200016 38685865.22096087
 38686155.21991798 38686445.21887511 38686734.21783582 38687024.21679293
 38687314.21575005 38687603.21471076 38687893.21366788 38688183.212625
 38688472.21158572 38688762.21054283 38689052.20949995 38689341.20846066
 38689631.20741778 38689920.20637849 38690210.20533561 38690500.20429273]"	0.0	0.0	0.0
3349.4494403728327	2.0	trials	6.0	0.0	0.0	0.0	0.0	0.0	True	40.0	0.0	0.005	"[38774861.90091457 38775147.89988607 38775437.89884319 38775726.8978039
 38776016.89676102 38776305.89572173 38776595.89467885 38776885.89363597
 38777174.89259668 38777464.8915538  38777754.89051092 38778043.88947164
 38778333.88842875 38778623.88738587 38778912.88634658 38779202.8853037
 38779491.88426441 38779781.88322153 38780071.88217864 38780360.88113936]"	0.0	0.0	0.0
3355.7916095654186	2.0	trials	6.0	0.0	0.0	0.0	0.0	0.0	True	40.0	0.0	0.005	"[38848292.63684589 38848552.6359109  38848842.63486802 38849132.63382513
 38849421.63278584 38849711.63174296 38850001.63070008 38850290.62966079
 38850580.62861791 38850870.62757502 38851159.62653574 38851449.62549286
 38851738.62445357 38852028.62341069 38852318.62236781 38852607.62132852
 38852897.62028565 38853187.61924276 38853476.61820347 38853766.61716059]"	0.0	0.0	0.0
3361.5536048443983	2.0	trials	6.0	0.0	0.0	0.0	0.0	0.0	True	40.0	0.0	0.005	"[38914961.39709437 38915242.39608385 38915532.39504097 38915821.39400169
 38916111.3929588  38916401.39191592 38916690.39087664 38916980.38983375
 38917270.38879087 38917559.38775159 38917849.3867087  38918139.38566581
 38918428.38462653 38918718.38358364 38919007.38254436 38919297.38150147
 38919587.38045859 38919876.3794193  38920166.37837642 38920456.37733354]"	0.0	0.0	0.0
3367.0057708375725	2.0	trials	6.0	0.0	0.0	0.0	0.0	0.0	True	40.0	0.0	0.005	"[38978056.17019548 38978346.1691526  38978636.16810971 38978925.16707042
 38979215.16602754 38979505.16498466 38979794.16394537 38980084.16290249
 38980374.1618596  38980663.16082031 38980953.15977744 38981242.15873815
 38981532.15769526 38981822.15665238 38982111.15561309 38982401.15457021
 38982691.15352733 38982980.15248805 38983270.15144517 38983560.15040229]"	0.0	0.0	0.0
3374.3014470012013	2.0	trials	6.0	0.0	0.0	0.0	0.0	0.0	True	40.0	0.0	0.005	"[39062503.86650804 39062786.86549034 39063076.86444746 39063365.86340817
 39063655.86236529 39063945.8613224  39064234.86028311 39064524.85924024
 39064814.85819735 39065103.85715807 39065393.85611518 39065683.8550723
 39065972.85403302 39066262.85299013 39066551.85195084 39066841.85090796
 39067131.84986508 39067420.84882579 39067710.84778291 39068000.84674003]"	0.0	0.0	0.0
3384.0813734310827	2.0	trials	6.0	0.0	0.0	0.0	0.0	0.0	True	40.0	0.0	0.005	"[39175719.45936666 39175980.45842807 39176269.45738878 39176559.4563459
 39176849.45530302 39177138.45426373 39177428.45322085 39177717.45218156
 39178007.45113868 39178297.4500958  39178586.44905651 39178876.44801363
 39179166.44697075 39179455.44593146 39179745.44488858 39180035.4438457
 39180324.44280641 39180614.44176353 39180904.44072065 39181193.43968136]"	0.0	0.0	0.0
3393.706644417131	2.0	trials	6.0	0.0	0.0	0.0	0.0	0.0	True	40.0	0.0	0.005	"[39287096.0588386  39287384.05780291 39287674.05676003 39287964.05571714
 39288253.05467785 39288543.05363497 39288832.05259569 39289122.0515528
 39289412.05050992 39289701.04947063 39289991.04842775 39290281.04738487
 39290570.04634558 39290860.0453027  39291150.04425982 39291439.04322053
 39291729.04217765 39292018.04113837 39292308.04009548 39292598.0390526 ]"	0.0	0.0	0.0
3398.9875662261247	2.0	trials	6.0	0.0	0.0	0.0	0.0	0.0	True	40.0	0.0	0.005	"[39348244.8389378  39348505.83799921 39348795.83695632 39349084.83591704
 39349374.83487415 39349664.83383127 39349953.83279198 39350243.8317491
 39350533.83070622 39350822.82966693 39351112.82862405 39351402.82758117
 39351691.82654189 39351981.825499   39352270.82445972 39352560.82341683
 39352850.82237396 39353139.82133467 39353429.82029178 39353719.8192489 ]"	0.0	0.0	0.0
3406.935646443608	2.0	trials	6.0	0.0	0.0	0.0	0.0	0.0	True	40.0	0.0	0.005	"[39440225.5081606  39440497.50718245 39440786.50614317 39441076.50510028
 39441366.5040574  39441655.50301812 39441945.50197523 39442235.50093235
 39442524.49989306 39442814.49885018 39443104.4978073  39443393.49676801
 39443683.49572513 39443972.49468584 39444262.49364296 39444552.49260007
 39444841.49156079 39445131.4905179  39445421.48947503 39445710.48843574]"	0.0	0.0	0.0
3414.608111652245	2.0	trials	6.0	0.0	0.0	0.0	0.0	0.0	True	40.0	0.0	0.005	"[39529012.1888695  39529299.18783741 39529589.18679452 39529878.18575523
 39530168.18471235 39530457.18367307 39530747.18263018 39531037.18158729
 39531326.18054801 39531616.17950512 39531906.17846224 39532195.17742296
 39532485.17638008 39532775.1753372  39533064.17429791 39533354.17325503
 39533644.17221214 39533933.17117285 39534223.17012998 39534512.16909069]"	0.0	0.0	0.0
3424.4733145754603	2.0	trials	6.0	0.0	0.0	0.0	0.0	0.0	True	40.0	0.0	0.005	"[39643212.77818591 39643479.77722573 39643769.77618285 39644059.77513997
 39644348.77410068 39644638.7730578  39644928.77201492 39645217.77097563
 39645507.76993275 39645797.76888987 39646086.76785058 39646376.7668077
 39646665.76576841 39646955.76472553 39647245.76368265 39647534.76264336
 39647824.76160048 39648114.7605576  39648403.75951831 39648693.75847543]"	0.0	0.0	0.0
3450.1279743173645	2.0	trials	7.0	0.0	0.0	0.0	0.0	0.0	True	40.0	0.0	0.005	"[39940144.71037118 39940409.7094182  39940698.70837892 39940988.70733603
 39941277.70629674 39941567.70525386 39941857.70421098 39942146.70317169
 39942436.70212881 39942726.70108593 39943015.70004664 39943305.69900376
 39943595.69796088 39943884.69692159 39944174.69587871 39944464.69483583
 39944753.69379654 39945043.69275366 39945332.69171437 39945622.69067149]"	0.0	0.0	0.0
3457.6521776591735	2.0	trials	7.0	0.0	0.0	0.0	0.0	0.0	True	40.0	0.0	0.005	"[40027233.39718633 40027494.39624774 40027784.39520486 40028074.39416197
 40028363.39312269 40028653.39207981 40028943.39103692 40029232.38999764
 40029522.38895474 40029811.38791546 40030101.38687258 40030391.38582969
 40030680.38479041 40030970.38374753 40031260.38270465 40031549.38166536
 40031839.38062248 40032129.3795796  40032418.37854031 40032708.37749743]"	0.0	0.0	0.0
3463.7783476285254	2.0	trials	7.0	0.0	0.0	0.0	0.0	0.0	True	40.0	0.0	0.005	"[40098138.14220153 40098399.14126293 40098689.14022005 40098978.13918076
 40099268.13813788 40099558.137095   40099847.13605571 40100137.13501283
 40100427.13396995 40100716.13293066 40101006.13188778 40101296.13084489
 40101585.1298056  40101875.12876273 40102164.12772344 40102454.12668055
 40102744.12563767 40103033.12459838 40103323.1235555  40103613.12251262]"	0.0	0.0	0.0
3473.2576895393563	2.0	trials	7.0	0.0	0.0	0.0	0.0	0.0	True	40.0	0.0	0.005	"[40207825.74774735 40208113.74671166 40208403.74566878 40208692.74462949
 40208982.74358661 40209272.74254373 40209561.74150444 40209851.74046156
 40210141.73941868 40210430.73837939 40210720.73733651 40211009.73629722
 40211299.73525433 40211589.73421146 40211878.73317217 40212168.73212928
 40212458.7310864  40212747.73004711 40213037.72900423 40213327.72796135]"	0.0	0.0	0.0
3478.528502584703	2.0	trials	7.0	0.0	0.0	0.0	0.0	0.0	True	40.0	0.0	0.005	"[40268856.5282709  40269118.52732871 40269407.52628943 40269697.52524655
 40269987.52420366 40270276.52316437 40270566.52212149 40270856.52107861
 40271145.52003932 40271435.51899644 40271724.51795715 40272014.51691427
 40272304.51587138 40272593.5148321  40272883.51378921 40273173.51274633
 40273462.51170705 40273752.51066417 40274042.50962128 40274331.50858199]"	0.0	0.0	0.0
3488.545855360763	2.0	trials	7.0	0.0	0.0	0.0	0.0	0.0	True	40.0	0.0	0.005	"[40384772.11141992 40385060.11038423 40385350.10934135 40385640.10829847
 40385929.10725918 40386219.1062163  40386509.10517341 40386798.10413412
 40387088.10309125 40387377.10205196 40387667.10100908 40387957.09996619
 40388246.0989269  40388536.09788402 40388826.09684114 40389115.09580185
 40389405.09475897 40389695.09371609 40389984.0926768  40390274.09163392]"	0.0	0.0	0.0
3494.17375832196	2.0	trials	7.0	0.0	0.0	0.0	0.0	0.0	True	40.0	0.0	0.005	"[40449937.87707341 40450198.87613481 40450487.87509552 40450777.87405264
 40451066.87301335 40451356.87197047 40451646.87092759 40451935.8698883
 40452225.86884542 40452515.86780254 40452804.86676325 40453094.86572037
 40453384.86467748 40453673.8636382  40453963.86259531 40454253.86155242
 40454542.86051314 40454832.85947026 40455121.85843097 40455411.85738809]"	0.0	0.0	0.0
3501.2057426338656	2.0	trials	7.0	0.0	0.0	0.0	0.0	0.0	True	40.0	0.0	0.005	"[40531318.58441536 40531586.58345159 40531875.5824123  40532165.58136943
 40532455.58032654 40532744.57928725 40533034.57824437 40533323.57720508
 40533613.5761622  40533903.57511932 40534192.57408004 40534482.57303715
 40534772.57199427 40535061.57095499 40535351.56991211 40535641.56886922
 40535930.56782993 40536220.56678705 40536510.56574416 40536799.56470488]"	0.0	0.0	0.0
3507.1636924081627	2.0	trials	7.0	0.0	0.0	0.0	0.0	0.0	True	40.0	0.0	0.005	"[40600255.33650777 40600544.33546849 40600834.3344256  40601123.33338631
 40601413.33234343 40601703.33130055 40601992.33026127 40602282.32921838
 40602572.3281755  40602861.32713621 40603151.32609333 40603441.32505045
 40603730.32401116 40604020.32296827 40604310.3219254  40604599.32088611
 40604889.31984323 40605178.31880394 40605468.31776106 40605758.31671818]"	0.0	0.0	0.0
3513.4519481946295	2.0	trials	7.0	0.0	0.0	0.0	0.0	0.0	True	40.0	0.0	0.005	"[40673062.07468309 40673325.07373731 40673615.07269443 40673904.07165514
 40674194.07061226 40674484.06956937 40674773.06853009 40675063.06748721
 40675353.06644432 40675642.06540504 40675932.06436215 40676221.06332286
 40676511.06227999 40676801.0612371  40677090.06019782 40677380.05915493
 40677670.05811205 40677959.05707276 40678249.05602988 40678539.054987  ]"	0.0	0.0	0.0
3522.3684825294026	2.0	trials	7.0	0.0	0.0	0.0	0.0	0.0	True	40.0	0.0	0.005	"[40776264.70354993 40776525.70261134 40776815.70156845 40777105.70052557
 40777394.69948629 40777684.69844341 40777973.69740412 40778263.69636124
 40778553.69531835 40778842.69427907 40779132.69323619 40779422.69219331
 40779711.69115402 40780001.69011113 40780291.68906825 40780580.68802896
 40780870.68698608 40781159.68594679 40781449.68490391 40781739.68386102]"	0.0	0.0	0.0
3532.4362927240113	2.0	trials	7.0	0.0	0.0	0.0	0.0	0.0	True	40.0	0.0	0.005	"[40892784.28452688 40893051.28356671 40893341.28252383 40893630.28148454
 40893920.28044166 40894210.27939877 40894499.27835949 40894789.27731661
 40895079.27627373 40895368.27523444 40895658.27419155 40895948.27314867
 40896237.27210938 40896527.2710665  40896816.27002722 40897106.26898433
 40897396.26794145 40897685.26690216 40897975.26585928 40898265.2648164 ]"	0.0	0.0	0.0
3540.6797734791885	2.0	trials	7.0	0.0	0.0	0.0	0.0	0.0	True	40.0	0.0	0.005	"[40988171.94149761 40988461.94045473 40988750.93941544 40989040.93837255
 40989330.93732967 40989619.93629038 40989909.9352475  40990198.93420822
 40990488.93316533 40990778.93212245 40991067.93108317 40991357.93004028
 40991647.9289974  40991936.92795812 40992226.92691523 40992516.92587235
 40992805.92483306 40993095.92379017 40993385.9227473  40993674.92170801]"	0.0	0.0	0.0
3547.239842688172	2.0	trials	7.0	0.0	0.0	0.0	0.0	0.0	True	40.0	0.0	0.005	"[41064109.66841339 41064388.66741007 41064678.66636719 41064968.6653243
 41065257.66428501 41065547.66324214 41065836.66220285 41066126.66115996
 41066416.66011708 41066705.65907779 41066995.65803491 41067285.65699203
 41067574.65595274 41067864.65490986 41068154.65386698 41068443.6528277
 41068733.65178481 41069023.65074193 41069312.64970264 41069602.64865976]"	0.0	0.0	0.0
3556.5339436651575	2.0	trials	7.0	0.0	0.0	0.0	0.0	0.0	True	40.0	0.0	0.005	"[41171696.28151473 41171959.28056893 41172248.27952965 41172538.27848677
 41172828.27744389 41173117.2764046  41173407.27536172 41173697.27431883
 41173986.27327954 41174276.27223666 41174565.27119738 41174855.27015449
 41175145.26911161 41175434.26807232 41175724.26702944 41176014.26598656
 41176303.26494727 41176593.26390439 41176883.26286151 41177172.26182222]"	0.0	0.0	0.0
3562.856413728584	2.0	trials	7.0	0.0	0.0	0.0	0.0	0.0	True	40.0	0.0	0.005	"[41244853.01843139 41245136.01741368 41245426.0163708  41245716.01532792
 41246005.01428863 41246295.01324575 41246585.01220287 41246874.01116358
 41247164.0101207  41247454.00907781 41247743.00803853 41248033.00699565
 41248322.00595636 41248612.00491347 41248902.00387059 41249191.0028313
 41249481.00178842 41249771.00074554 41250059.99970625 41250349.99866337]"	0.0	0.0	0.0
3570.529829333804	2.0	trials	7.0	0.0	0.0	0.0	0.0	0.0	True	40.0	0.0	0.005	"[41333667.69903959 41333948.69802908 41334238.6969862  41334528.69594331
 41334817.69490402 41335107.69386114 41335397.69281826 41335686.69177898
 41335976.69073609 41336266.68969321 41336555.68865392 41336845.68761104
 41337134.68657175 41337424.68552887 41337714.68448599 41338003.6834467
 41338293.68240382 41338583.68136093 41338872.68032164 41339162.67927877]"	0.0	0.0	0.0
3577.801745582876	2.0	trials	7.0	0.0	0.0	0.0	0.0	0.0	True	40.0	0.0	0.005	"[41417836.39635549 41418114.39535577 41418403.39431648 41418693.3932736
 41418983.39223071 41419272.39119143 41419562.39014854 41419851.38910926
 41420141.38806638 41420431.38702349 41420720.3859842  41421010.38494132
 41421300.38389844 41421589.38285916 41421879.38181627 41422169.38077339
 41422458.37973411 41422748.37869122 41423037.37765193 41423327.37660905]"	0.0	0.0	0.0
3587.8101127912505	2.0	trials	7.0	0.0	0.0	0.0	0.0	0.0	True	40.0	0.0	0.005	"[41533689.97972748 41533951.97878528 41534241.9777424  41534530.97670312
 41534820.97566023 41535110.97461735 41535399.97357807 41535689.97253518
 41535979.9714923  41536268.97045301 41536558.96941013 41536848.96836725
 41537137.96732796 41537427.96628508 41537716.96524579 41538006.96420291
 41538296.96316003 41538585.96212074 41538875.96107785 41539165.96003497]"	0.0	0.0	0.0
3595.5560177357866	2.0	trials	7.0	0.0	0.0	0.0	0.0	0.0	True	40.0	0.0	0.005	"[41623335.65734728 41623603.65638351 41623892.65534422 41624182.65430135
 41624472.65325846 41624761.65221917 41625051.65117629 41625341.65013341
 41625630.64909413 41625920.64805124 41626210.64700836 41626499.64596907
 41626789.64492619 41627078.6438869  41627368.64284402 41627658.64180113
 41627947.64076184 41628237.63971896 41628527.63867608 41628816.6376368 ]"	0.0	0.0	0.0
3605.6177799521447	2.0	trials	7.0	0.0	0.0	0.0	0.0	0.0	True	40.0	0.0	0.005	"[41739777.23860472 41740059.23759061 41740349.23654773 41740639.23550485
 41740928.23446556 41741218.23342267 41741508.2323798  41741797.23134051
 41742087.23029763 41742377.22925474 41742666.22821546 41742956.22717258
 41743246.22612969 41743535.22509041 41743825.22404752 41744114.22300824
 41744404.22196535 41744694.22092247 41744983.21988318 41745273.2188403 ]"	0.0	0.0	0.0
3613.6336839257233	2.0	trials	7.0	0.0	0.0	0.0	0.0	0.0	True	40.0	0.0	0.005	"[41832545.90499377 41832835.90395088 41833125.902908   41833414.90186871
 41833704.90082583 41833993.89978654 41834283.89874366 41834573.89770077
 41834862.89666149 41835152.8956186  41835442.89457572 41835731.89353643
 41836021.89249355 41836311.89145067 41836600.89041138 41836890.8893685
 41837180.88832562 41837469.88728633 41837759.88624346 41838048.88520417]"	0.0	0.0	0.0
3622.7299296142264	2.0	trials	7.0	0.0	0.0	0.0	0.0	0.0	True	40.0	0.0	0.005	"[41937839.52634105 41938116.52534492 41938406.52430204 41938695.52326275
 41938985.52221987 41939275.52117699 41939564.5201377  41939854.51909482
 41940144.51805194 41940433.51701265 41940723.51596977 41941013.51492689
 41941302.5138876  41941592.51284471 41941882.51180184 41942171.51076255
 41942461.50971966 41942750.50868038 41943040.50763749 41943330.50659461]"	0.0	0.0	0.0
3632.3234919143033	2.0	trials	7.0	0.0	0.0	0.0	0.0	0.0	True	40.0	0.0	0.005	"[42048871.12705366 42049153.12603954 42049443.12499666 42049733.12395377
 42050022.12291449 42050312.12187161 42050602.12082873 42050891.11978944
 42051181.11874656 42051471.11770368 42051760.11666439 42052050.11562151
 42052339.11458222 42052629.11353934 42052919.11249645 42053208.11145717
 42053498.11041429 42053788.1093714  42054077.10833211 42054367.10728923]"	0.0	0.0	0.0
3638.24601781599	2.0	trials	7.0	0.0	0.0	0.0	0.0	0.0	True	40.0	0.0	0.005	"[42117423.88052699 42117700.87953086 42117990.87848797 42118279.87744869
 42118569.87640581 42118859.87536293 42119148.87432364 42119438.87328075
 42119728.87223788 42120017.87119859 42120307.8701557  42120597.86911282
 42120886.86807353 42121176.86703065 42121465.86599137 42121755.86494848
 42122045.86390559 42122334.86286631 42122624.86182343 42122914.86078055]"	0.0	0.0	0.0
3648.0736368743633	2.0	trials	7.0	0.0	0.0	0.0	0.0	0.0	True	40.0	0.0	0.005	"[42231176.47145448 42231446.47048352 42231736.46944064 42232025.46840135
 42232315.46735846 42232605.46631558 42232894.4652763  42233184.46423341
 42233474.46319053 42233763.46215124 42234053.46110836 42234342.46006908
 42234632.45902619 42234922.45798331 42235211.45694402 42235501.45590114
 42235791.45485826 42236080.45381897 42236370.45277609 42236660.45173321]"	0.0	0.0	0.0
3654.859727670539	2.0	trials	7.0	0.0	0.0	0.0	0.0	0.0	True	40.0	0.0	0.005	"[42309708.18904186 42309989.18803134 42310279.18698846 42310568.18594917
 42310858.18490629 42311148.1838634  42311437.18282411 42311727.18178124
 42312016.18074195 42312306.17969906 42312596.17865618 42312885.17761689
 42313175.17657401 42313465.17553113 42313754.17449185 42314044.17344896
 42314334.17240608 42314623.1713668  42314913.17032392 42315203.16928103]"	0.0	0.0	0.0
3662.462641129294	2.0	trials	7.0	0.0	0.0	0.0	0.0	0.0	True	40.0	0.0	0.005	"[42397696.87262048 42397985.87158119 42398275.8705383  42398564.86949902
 42398854.86845614 42399144.86741325 42399433.86637397 42399723.86533108
 42400013.8642882  42400302.86324892 42400592.86220603 42400882.86116315
 42401171.86012387 42401461.85908099 42401750.8580417  42402040.85699882
 42402330.85595593 42402619.85491664 42402909.85387377 42403199.85283088]"	0.0	0.0	0.0
3670.303672131743	2.0	trials	7.0	0.0	0.0	0.0	0.0	0.0	True	40.0	0.0	0.005	"[42488452.54624856 42488738.54522005 42489028.54417717 42489318.54313429
 42489607.54209501 42489897.54105213 42490186.54001284 42490476.53896996
 42490766.53792708 42491055.53688779 42491345.5358449  42491635.53480202
 42491924.53376273 42492214.53271985 42492504.53167697 42492793.53063768
 42493083.5295948  42493373.52855191 42493662.52751263 42493952.52646974]"	0.0	0.0	0.0
3676.717121067996	2.0	trials	7.0	0.0	0.0	0.0	0.0	0.0	True	40.0	0.0	0.005	"[42562702.27923463 42562968.27827806 42563258.27723518 42563547.2761959
 42563837.27515301 42564126.27411372 42564416.27307084 42564706.27202796
 42564995.27098867 42565285.26994579 42565575.26890291 42565864.26786362
 42566154.26682074 42566444.26577786 42566733.26473857 42567023.26369569
 42567313.26265281 42567602.26161352 42567892.26057064 42568181.25953135]"	0.0	0.0	0.0
3684.0618722551417	2.0	trials	7.0	0.0	0.0	0.0	0.0	0.0	True	40.0	0.0	0.005	"[42647687.97361249 42647976.9725732  42648266.97153032 42648555.97049103
 42648845.96944815 42649135.96840526 42649424.96736597 42649714.96632309
 42650003.96528381 42650293.96424093 42650583.96319804 42650872.96215875
 42651162.96111587 42651452.96007299 42651741.95903371 42652031.95799083
 42652321.95694794 42652610.95590865 42652900.95486578 42653190.95382289]"	0.0	0.0	0.0
3690.3616192002846	2.0	trials	7.0	0.0	0.0	0.0	0.0	0.0	True	40.0	0.0	0.005	"[42720611.71136706 42720890.71036373 42721180.70932085 42721470.70827797
 42721759.70723868 42722049.70619579 42722338.70515651 42722628.70411363
 42722918.70307075 42723207.70203146 42723497.70098858 42723787.6999457
 42724076.69890641 42724366.69786353 42724656.69682065 42724945.69578136
 42725235.69473848 42725525.6936956  42725814.69265631 42726104.69161343]"	0.0	0.0	0.0
3699.6686801306646	2.0	trials	7.0	0.0	0.0	0.0	0.0	0.0	True	40.0	0.0	0.005	"[42828348.32392897 42828611.32298318 42828900.32194389 42829190.32090101
 42829480.31985813 42829769.31881884 42830059.31777596 42830349.31673308
 42830638.31569379 42830928.31465091 42831217.31361163 42831507.31256874
 42831797.31152586 42832086.31048657 42832376.30944369 42832666.3084008
 42832955.30736152 42833245.30631863 42833535.30527575 42833824.30423646]"	0.0	0.0	0.0
3707.49173999774	2.0	trials	7.0	0.0	0.0	0.0	0.0	0.0	True	40.0	0.0	0.005	"[42918895.99830505 42919156.99736645 42919445.99632716 42919735.99528428
 42920024.99424499 42920314.99320211 42920604.99215923 42920893.99111994
 42921183.99007706 42921473.98903418 42921762.98799489 42922052.98695201
 42922342.98590913 42922631.98486984 42922921.98382696 42923211.98278408
 42923500.98174479 42923790.98070191 42924079.97966262 42924369.97861974]"	0.0	0.0	0.0
3714.4098495191556	2.0	trials	7.0	0.0	0.0	0.0	0.0	0.0	True	40.0	0.0	0.005	"[42998962.71037234 42999227.70941935 42999516.70838007 42999806.70733719
 43000095.7062979  43000385.70525502 43000675.70421214 43000964.70317285
 43001254.70212997 43001544.70108709 43001833.70004781 43002123.69900492
 43002413.69796204 43002702.69692275 43002992.69587987 43003282.69483699
 43003571.6937977  43003861.69275481 43004150.69171553 43004440.69067265]"	0.0	0.0	0.0
3723.371138892983	2.0	trials	7.0	0.0	0.0	0.0	0.0	0.0	True	40.0	0.0	0.005	"[43102656.33747347 43102945.33643419 43103235.3353913  43103525.33434842
 43103814.33330913 43104104.33226625 43104393.33122697 43104683.33018408
 43104973.3291412  43105262.32810191 43105552.32705903 43105842.32601615
 43106131.32497686 43106421.32393397 43106711.3228911  43107000.32185181
 43107290.32080892 43107580.31976604 43107869.31872676 43108159.31768387]"	0.0	0.0	0.0
3731.4101979832917	2.0	trials	7.0	0.0	0.0	0.0	0.0	0.0	True	40.0	0.0	0.005	"[43195700.00287356 43195990.00183068 43196280.00078779 43196568.99974851
 43196858.99870563 43197148.99766275 43197437.99662346 43197727.99558058
 43198017.9945377  43198306.99349841 43198596.99245553 43198885.99141624
 43199175.99037336 43199465.98933048 43199754.98829119 43200044.98724831
 43200334.98620542 43200623.98516614 43200913.98412326 43201203.98308037]"	0.0	0.0	0.0
3739.315596754264	2.0	trials	7.0	0.0	0.0	0.0	0.0	0.0	True	40.0	0.0	0.005	"[43287214.67377217 43287487.67279042 43287777.67174754 43288067.67070466
 43288356.66966537 43288646.66862249 43288936.66757961 43289225.66654032
 43289515.66549744 43289804.66445815 43290094.66341527 43290384.66237238
 43290673.66133309 43290963.66029022 43291253.65924733 43291542.65820805
 43291832.65716516 43292122.65612228 43292411.65508299 43292701.65404011]"	0.0	0.0	0.0
3745.627871654354	2.0	trials	7.0	0.0	0.0	0.0	0.0	0.0	True	40.0	0.0	0.005	"[43360284.4110017  43360546.41005951 43360836.40901663 43361126.40797374
 43361415.40693446 43361705.40589157 43361995.40484869 43362284.40380941
 43362574.40276653 43362863.40172724 43363153.40068436 43363443.39964148
 43363732.39860219 43364022.39755931 43364312.39651642 43364601.39547714
 43364891.39443426 43365181.39339137 43365470.39235209 43365760.3913092 ]"	0.0	0.0	0.0
3754.8919055394663	2.0	trials	7.0	0.0	0.0	0.0	0.0	0.0	True	40.0	0.0	0.005	"[43467506.02541563 43467769.02446984 43468059.02342696 43468349.02238407
 43468638.02134478 43468928.02030191 43469217.01926262 43469507.01821974
 43469797.01717685 43470086.01613756 43470376.01509469 43470666.0140518
 43470955.01301251 43471245.01196963 43471535.01092675 43471824.00988746
 43472114.00884458 43472404.0078017  43472693.00676241 43472983.00571953]"	0.0	0.0	0.0
3762.481859044827	2.0	trials	7.0	0.0	0.0	0.0	0.0	0.0	True	40.0	0.0	0.005	"[43555331.70958042 43555615.70855911 43555905.70751623 43556194.70647694
 43556484.70543406 43556774.70439118 43557063.70335189 43557353.70230901
 43557643.70126612 43557932.70022684 43558222.69918396 43558511.69814467
 43558801.69710179 43559091.69605891 43559380.69501962 43559670.69397674
 43559960.69293386 43560249.69189457 43560539.69085168 43560829.6898088 ]"	0.0	0.0	0.0
3769.347869553599	2.0	trials	7.0	0.0	0.0	0.0	0.0	0.0	True	40.0	0.0	0.005	"[43634799.4238018  43635083.42278051 43635372.42174122 43635662.42069833
 43635952.41965545 43636241.41861616 43636531.41757327 43636821.41653039
 43637110.4154911  43637400.41444822 43637690.41340534 43637979.41236605
 43638269.41132317 43638558.41028389 43638848.40924101 43639138.40819813
 43639427.40715884 43639717.40611595 43640007.40507308 43640296.40403379]"	0.0	0.0	0.0
3777.433843675194	2.0	trials	7.0	0.0	0.0	0.0	0.0	0.0	True	40.0	0.0	0.005	"[43728398.08720604 43728671.0862243  43728961.08518142 43729250.08414213
 43729540.08309924 43729830.08205636 43730119.08101707 43730409.07997418
 43730698.07893491 43730988.07789201 43731278.07684913 43731567.07580985
 43731857.07476696 43732147.07372408 43732436.07268479 43732726.07164191
 43733016.07059903 43733305.06955975 43733595.06851686 43733885.06747398]"	0.0	0.0	0.0
3783.043602701639	2.0	trials	7.0	0.0	0.0	0.0	0.0	0.0	True	40.0	0.0	0.005	"[43793311.85376575 43793598.85273366 43793888.85169078 43794177.85065149
 43794467.8496086  43794757.84856572 43795046.84752644 43795336.84648355
 43795626.84544067 43795915.84440138 43796205.8433585  43796495.84231562
 43796784.84127633 43797074.84023345 43797364.83919057 43797653.83815128
 43797943.8371084  43798232.83606911 43798522.83502623 43798812.83398335]"	0.0	0.0	0.0
3790.813872358556	2.0	trials	7.0	0.0	0.0	0.0	0.0	0.0	True	40.0	0.0	0.005	"[43883272.53025276 43883532.52931777 43883822.52827489 43884112.527232
 43884401.52619272 43884691.52514983 43884980.52411055 43885270.52306767
 43885560.52202478 43885849.52098549 43886139.51994261 43886429.51889973
 43886718.51786044 43887008.51681756 43887298.51577467 43887587.51473539
 43887877.51369251 43888166.51265322 43888456.51161034 43888746.51056746]"	0.0	0.0	0.0
3796.2735551246983	2.0	trials	7.0	0.0	0.0	0.0	0.0	0.0	True	40.0	0.0	0.005	"[43946437.30310214 43946723.30207364 43947013.30103076 43947302.29999147
 43947592.29894859 43947881.2979093  43948171.29686642 43948461.29582354
 43948750.29478426 43949040.29374137 43949330.29269849 43949619.2916592
 43949909.29061632 43950199.28957344 43950488.28853415 43950778.28749126
 43951068.28644839 43951357.2854091  43951647.28436621 43951936.28332693]"	0.0	0.0	0.0
3803.6780948968367	2.0	trials	7.0	0.0	0.0	0.0	0.0	0.0	True	40.0	0.0	0.005	"[44032147.99487279 44032423.99388024 44032713.99283736 44033002.99179807
 44033292.99075519 44033582.98971231 44033871.98867302 44034161.98763014
 44034450.98659085 44034740.98554797 44035030.98450509 44035319.98346581
 44035609.98242292 44035899.98138004 44036188.98034075 44036478.97929787
 44036768.97825498 44037057.9772157  44037347.97617282 44037637.97512993]"	0.0	0.0	0.0
3812.553675778885	2.0	trials	7.0	0.0	0.0	0.0	0.0	0.0	True	40.0	0.0	0.005	"[44134863.62549094 44135150.62445885 44135440.62341597 44135729.62237668
 44136019.62133379 44136309.62029091 44136598.61925163 44136888.61820874
 44137177.61716946 44137467.61612657 44137757.61508369 44138046.61404441
 44138336.61300152 44138626.61195864 44138915.61091936 44139205.60987647
 44139495.60883359 44139784.6077943  44140074.60675142 44140364.60570854]"	0.0	0.0	0.0
3822.0519392216706	2.0	trials	7.0	0.0	0.0	0.0	0.0	0.0	True	40.0	0.0	0.005	"[44244820.23006941 44245084.22912002 44245374.22807714 44245663.22703785
 44245953.22599497 44246243.22495209 44246532.2239128  44246822.22286992
 44247112.22182703 44247401.22078775 44247691.21974487 44247980.21870558
 44248270.2176627  44248560.21661981 44248849.21558052 44249139.21453764
 44249429.21349476 44249718.21245547 44250008.21141259 44250298.21036971]"	0.0	0.0	0.0
3829.953622806003	2.0	trials	7.0	0.0	0.0	0.0	0.0	0.0	True	40.0	0.0	0.005	"[44336278.90116939 44336539.9002308  44336828.89919151 44337118.89814863
 44337407.89710934 44337697.89606646 44337987.89502358 44338276.89398429
 44338566.89294141 44338856.89189853 44339145.89085924 44339435.88981636
 44339725.88877347 44340014.88773419 44340304.8866913  44340593.88565202
 44340883.88460913 44341173.88356625 44341462.88252696 44341752.88148408]"	0.0	0.0	0.0
3859.1041003764094	2.0	trials	8.0	0.0	0.0	0.0	0.0	0.0	True	40.0	0.0	0.005	"[44673654.68791209 44673928.68692674 44674217.68588746 44674507.68484458
 44674797.6838017  44675086.68276241 44675376.68171953 44675666.68067665
 44675955.67963736 44676245.67859448 44676535.6775516  44676824.67651231
 44677114.67546942 44677404.67442654 44677693.67338726 44677983.67234436
 44678272.67130509 44678562.6702622  44678852.66921932 44679141.66818003]"	0.0	0.0	0.0
3865.2479822820665	2.0	trials	8.0	0.0	0.0	0.0	0.0	0.0	True	40.0	0.0	0.005	"[44744755.43222244 44745038.43120474 44745327.43016545 44745617.42912256
 44745907.42807969 44746196.4270404  44746486.42599752 44746776.42495462
 44747065.42391534 44747355.42287246 44747645.42182957 44747934.42079028
 44748224.4197474  44748514.41870452 44748803.41766524 44749093.41662236
 44749382.41558307 44749672.41454019 44749962.41349731 44750251.41245802]"	0.0	0.0	0.0
3873.288078168647	2.0	trials	8.0	0.0	0.0	0.0	0.0	0.0	True	40.0	0.0	0.005	"[44837828.09751825 44838095.09655808 44838385.0955152  44838674.09447591
 44838964.09343303 44839254.09239014 44839543.09135086 44839833.09030797
 44840123.08926509 44840412.0882258  44840702.08718292 44840991.08614364
 44841281.08510075 44841571.08405787 44841860.08301859 44842150.0819757
 44842440.08093282 44842729.07989353 44843019.07885065 44843309.07780777]"	0.0	0.0	0.0
3882.5853759341367	2.0	trials	8.0	0.0	0.0	0.0	0.0	0.0	True	40.0	0.0	0.005	"[44945440.71052608 44945702.70958389 44945991.7085446  44946281.70750172
 44946571.70645884 44946860.70541956 44947150.70437667 44947440.70333379
 44947729.7022945  44948019.70125161 44948309.70020873 44948598.69916944
 44948888.69812656 44949178.69708368 44949467.69604439 44949757.69500151
 44950046.69396222 44950336.69291934 44950626.69187646 44950915.69083717]"	0.0	0.0	0.0
3891.1270220170654	2.0	trials	8.0	0.0	0.0	0.0	0.0	0.0	True	40.0	0.0	0.005	"[45044274.35510448 45044564.3540616  45044853.35302231 45045143.35197943
 45045433.35093655 45045722.34989727 45046012.34885438 45046302.3478115
 45046591.34677221 45046881.34572933 45047171.34468645 45047460.34364716
 45047750.34260428 45048039.34156499 45048329.34052211 45048619.33947922
 45048908.33843994 45049198.33739705 45049488.33635417 45049777.33531488]"	0.0	0.0	0.0
3898.6258238502214	2.0	trials	8.0	0.0	0.0	0.0	0.0	0.0	True	40.0	0.0	0.005	"[45131091.04289778 45131356.04194481 45131646.04090192 45131936.03985904
 45132225.03881975 45132515.03777687 45132804.03673758 45133094.0356947
 45133384.03465182 45133673.03361253 45133963.03256965 45134253.03152677
 45134542.03048748 45134832.0294446  45135122.02840172 45135411.02736243
 45135701.02631955 45135990.02528026 45136280.02423738 45136570.0231945 ]"	0.0	0.0	0.0
3907.4707328425716	2.0	trials	8.0	0.0	0.0	0.0	0.0	0.0	True	40.0	0.0	0.005	"[45233465.67474224 45233728.67379645 45234017.67275716 45234307.67171428
 45234596.67067499 45234886.66963211 45235176.66858922 45235465.66754994
 45235755.66650705 45236045.66546417 45236334.66442489 45236624.663382
 45236914.66233912 45237203.66129983 45237493.66025695 45237783.65921407
 45238072.65817478 45238362.6571319  45238651.65609261 45238941.65504973]"	0.0	0.0	0.0
3913.0746166901436	2.0	trials	8.0	0.0	0.0	0.0	0.0	0.0	True	40.0	0.0	0.005	"[45298297.44159683 45298587.44055394 45298877.43951106 45299166.43847177
 45299456.43742889 45299745.4363896  45300035.43534672 45300325.43430384
 45300614.43326455 45300904.43222167 45301194.43117879 45301483.4301395
 45301773.42909662 45302063.42805374 45302352.42701446 45302642.42597157
 45302931.42493228 45303221.4238894  45303511.42284652 45303800.42180723]"	0.0	0.0	0.0
3922.9024949475847	2.0	trials	8.0	0.0	0.0	0.0	0.0	0.0	True	40.0	0.0	0.005	"[45412075.03243441 45412337.03149222 45412626.03045294 45412916.02941005
 45413205.02837076 45413495.02732789 45413785.026285   45414074.02524571
 45414364.02420283 45414654.02315995 45414943.02212066 45415233.02107778
 45415523.02003489 45415812.01899561 45416102.01795273 45416392.01690985
 45416681.01587056 45416971.01482767 45417260.01378839 45417550.01274551]"	0.0	0.0	0.0
3930.3384842066257	2.0	trials	8.0	0.0	0.0	0.0	0.0	0.0	True	40.0	0.0	0.005	"[45498130.72296438 45498400.72199342 45498690.72095054 45498979.71991125
 45499269.71886837 45499559.71782549 45499848.7167862  45500138.71574332
 45500427.71470403 45500717.71366115 45501007.71261827 45501296.71157898
 45501586.7105361  45501876.70949321 45502165.70845393 45502455.70741104
 45502745.70636816 45503034.70532887 45503324.70428599 45503613.70324671]"	0.0	0.0	0.0
3936.1225114063755	2.0	trials	8.0	0.0	0.0	0.0	0.0	0.0	True	40.0	0.0	0.005	"[45565082.48219514 45565345.48124935 45565634.48021007 45565924.47916719
 45566214.47812431 45566503.47708502 45566793.47604214 45567083.47499926
 45567372.47395997 45567662.47291709 45567952.4718742  45568241.47083492
 45568531.46979204 45568820.46875275 45569110.46770987 45569400.46666698
 45569689.46562769 45569979.46458482 45570269.46354192 45570558.46250264]"	0.0	0.0	0.0
3945.0121754377788	2.0	trials	8.0	0.0	0.0	0.0	0.0	0.0	True	40.0	0.0	0.005	"[45667955.11224871 45668235.1112418  45668525.1101989  45668815.10915603
 45669104.10811674 45669394.10707385 45669684.10603097 45669973.10499168
 45670263.1039488  45670552.10290952 45670842.10186663 45671132.10082375
 45671421.09978446 45671711.09874158 45672001.0976987  45672290.09665941
 45672580.09561653 45672870.09457365 45673159.09353437 45673449.09249148]"	0.0	0.0	0.0
3953.1005687506745	2.0	trials	8.0	0.0	0.0	0.0	0.0	0.0	True	40.0	0.0	0.005	"[45761562.77562057 45761850.77458489 45762140.773542   45762430.77249912
 45762719.77145983 45763009.77041695 45763299.76937407 45763588.76833478
 45763878.7672919  45764167.76625261 45764457.76520973 45764747.76416685
 45765036.76312756 45765326.76208469 45765616.7610418  45765905.76000251
 45766195.75895963 45766485.75791675 45766774.75687746 45767064.75583458]"	0.0	0.0	0.0
3962.9508245276415	2.0	trials	8.0	0.0	0.0	0.0	0.0	0.0	True	40.0	0.0	0.005	"[45875590.36555912 45875858.36459536 45876148.36355248 45876438.36250959
 45876727.3614703  45877017.36042742 45877307.35938454 45877596.35834526
 45877886.35730237 45878176.35625949 45878465.3552202  45878755.35417732
 45879045.35313443 45879334.35209515 45879624.35105227 45879913.35001298
 45880203.3489701  45880493.34792721 45880782.34688792 45881072.34584504]"	0.0	0.0	0.0
3969.2605938367424	2.0	trials	8.0	0.0	0.0	0.0	0.0	0.0	True	40.0	0.0	0.005	"[45948601.10300083 45948889.10196514 45949178.10092586 45949468.09988298
 45949757.09884369 45950047.0978008  45950337.09675792 45950626.09571864
 45950916.09467576 45951206.09363287 45951495.09259358 45951785.0915507
 45952075.09050782 45952364.08946853 45952654.08842565 45952943.08738636
 45953233.08634348 45953523.0853006  45953812.08426131 45954102.08321843]"	0.0	0.0	0.0
3977.8858748189073	2.0	trials	8.0	0.0	0.0	0.0	0.0	0.0	True	40.0	0.0	0.005	"[46048452.74391836 46048717.74296539 46049006.7419261  46049296.74088322
 46049586.73984033 46049875.73880104 46050165.73775817 46050455.73671527
 46050744.73567599 46051034.7346331  46051324.73359022 46051613.73255094
 46051903.73150805 46052192.73046876 46052482.72942588 46052772.728383
 46053061.72734372 46053351.72630084 46053641.72525795 46053930.72421867]"	0.0	0.0	0.0
3987.4259557113114	2.0	trials	8.0	0.0	0.0	0.0	0.0	0.0	True	40.0	0.0	0.005	"[46158845.3469289  46159135.34588601 46159425.34484313 46159714.34380385
 46160004.34276097 46160294.34171809 46160583.3406788  46160873.33963592
 46161162.33859663 46161452.33755375 46161742.33651087 46162031.33547158
 46162321.33442869 46162611.33338581 46162900.33234653 46163190.33130365
 46163480.33026075 46163769.32922147 46164059.32817859 46164348.3271393 ]"	0.0	0.0	0.0
3997.2836418615584	2.0	trials	8.0	0.0	0.0	0.0	0.0	0.0	True	40.0	0.0	0.005	"[46272965.936533   46273228.93558722 46273518.93454433 46273807.93350505
 46274097.93246216 46274387.93141928 46274676.93037999 46274966.92933711
 46275255.92829783 46275545.92725495 46275835.92621206 46276124.92517278
 46276414.92412989 46276704.92308701 46276993.92204772 46277283.92100485
 46277573.91996196 46277862.91892267 46278152.91787979 46278441.9168405 ]"	0.0	0.0	0.0
4007.4227317998334	2.0	trials	8.0	0.0	0.0	0.0	0.0	0.0	True	40.0	0.0	0.005	"[46390318.51451436 46390579.51357576 46390869.51253289 46391158.5114936
 46391448.51045071 46391738.50940783 46392027.50836854 46392317.50732566
 46392606.50628638 46392896.5052435  46393186.50420061 46393475.50316133
 46393765.50211845 46394055.50107556 46394344.50003628 46394634.49899339
 46394924.49795051 46395213.49691122 46395503.49586834 46395792.49482905]"	0.0	0.0	0.0
4015.7998728743482	2.0	trials	8.0	0.0	0.0	0.0	0.0	0.0	True	40.0	0.0	0.005	"[46487256.16591106 46487538.16489695 46487827.16385766 46488117.16281478
 46488406.16177549 46488696.1607326  46488986.15968972 46489275.15865044
 46489565.15760756 46489855.15656468 46490144.15552539 46490434.15448251
 46490724.15343963 46491013.15240034 46491303.15135746 46491593.15031457
 46491882.14927529 46492172.14823241 46492461.14719312 46492751.14615023]"	0.0	0.0	0.0
4024.6801193396177	2.0	trials	8.0	0.0	0.0	0.0	0.0	0.0	True	40.0	0.0	0.005	"[46590028.79632425 46590317.79528496 46590607.79424207 46590896.79320278
 46591186.7921599  46591476.79111702 46591765.79007774 46592055.78903485
 46592345.78799196 46592634.78695268 46592924.7859098  46593214.78486692
 46593503.78382763 46593793.78278475 46594082.78174546 46594372.78070258
 46594662.7796597  46594951.77862041 46595241.77757753 46595531.77653465]"	0.0	0.0	0.0
4032.401745971463	2.0	trials	8.0	0.0	0.0	0.0	0.0	0.0	True	40.0	0.0	0.005	"[46679424.47484308 46679688.4738937  46679977.47285441 46680267.47181153
 46680557.47076865 46680846.46972936 46681136.46868648 46681425.46764719
 46681715.46660431 46682005.46556143 46682294.46452214 46682584.46347925
 46682874.46243637 46683163.46139708 46683453.4603542  46683743.45931132
 46684032.45827203 46684322.45722915 46684612.45618627 46684901.45514698]"	0.0	0.0	0.0
4040.105747066691	2.0	trials	8.0	0.0	0.0	0.0	0.0	0.0	True	40.0	0.0	0.005	"[46768591.15418544 46768855.15323605 46769145.15219317 46769435.15115029
 46769724.150111   46770014.14906812 46770303.14802883 46770593.14698595
 46770883.14594307 46771172.14490379 46771462.1438609  46771752.14281801
 46772041.14177873 46772331.14073585 46772621.13969297 46772910.13865368
 46773200.13761079 46773490.13656791 46773779.13552863 46774069.13448574]"	0.0	0.0	0.0
4045.9802347411314	2.0	trials	8.0	0.0	0.0	0.0	0.0	0.0	True	40.0	0.0	0.005	"[46836583.90967261 46836846.90872682 46837136.90768395 46837425.90664466
 46837715.90560177 46838004.90456249 46838294.9035196  46838584.90247672
 46838873.90143744 46839163.90039455 46839453.89935167 46839742.89831238
 46840032.8972695  46840322.89622662 46840611.89518733 46840901.89414445
 46841191.89310157 46841480.89206228 46841770.8910194  46842059.88998011]"	0.0	0.0	0.0
4051.2662541317945	2.0	trials	8.0	0.0	0.0	0.0	0.0	0.0	True	40.0	0.0	0.005	"[46897753.6896963  46898027.68871096 46898317.68766807 46898606.68662878
 46898896.68558591 46899186.68454302 46899475.68350373 46899765.68246085
 46900055.68141797 46900344.68037868 46900634.6793358  46900924.67829292
 46901213.67725363 46901503.67621075 46901792.67517146 46902082.67412858
 46902372.67308569 46902661.67204641 46902951.67100353 46903241.66996064]"	0.0	0.0	0.0
4057.493684536999	2.0	trials	8.0	0.0	0.0	0.0	0.0	0.0	True	40.0	0.0	0.005	"[46969818.43053996 46970104.42951147 46970394.42846859 46970683.4274293
 46970973.42638642 46971263.42534353 46971552.42430424 46971842.42326137
 46972132.42221848 46972421.42117919 46972711.42013631 46973000.41909702
 46973290.41805414 46973580.41701125 46973869.41597197 46974159.41492908
 46974449.4138862  46974738.41284692 46975028.41180404 46975318.41076115]"	0.0	0.0	0.0
4063.5363924064927	2.0	trials	8.0	0.0	0.0	0.0	0.0	0.0	True	40.0	0.0	0.005	"[47039779.17894992 47040043.17800054 47040333.17695766 47040622.17591837
 47040912.17487548 47041202.1738326  47041491.17279331 47041781.17175043
 47042071.17070755 47042360.16966826 47042650.16862538 47042940.1675825
 47043229.16654322 47043519.16550033 47043808.16446105 47044098.16341816
 47044388.16237528 47044677.16133599 47044967.1602931  47045257.15925023]"	0.0	0.0	0.0
4069.21803597443	2.0	trials	8.0	0.0	0.0	0.0	0.0	0.0	True	40.0	0.0	0.005	"[47105540.9424601  47105802.94151791 47106092.94047502 47106381.93943574
 47106671.93839286 47106960.93735357 47107250.93631069 47107540.93526781
 47107829.93422852 47108119.93318564 47108409.93214275 47108698.93110347
 47108988.93006058 47109278.9290177  47109567.92797841 47109857.92693553
 47110147.92589264 47110436.92485336 47110726.92381048 47111015.92277119]"	0.0	0.0	0.0
4078.0330506742835	2.0	trials	8.0	0.0	0.0	0.0	0.0	0.0	True	40.0	0.0	0.005	"[47207555.57559916 47207828.57461741 47208118.57357453 47208407.57253524
 47208697.57149236 47208986.57045307 47209276.56941019 47209566.56836731
 47209855.56732802 47210145.56628513 47210435.56524225 47210724.56420296
 47211014.56316009 47211304.5621172  47211593.56107792 47211883.56003504
 47212172.55899575 47212462.55795287 47212752.55690999 47213041.5558707 ]"	0.0	0.0	0.0
4085.420569707631	2.0	trials	8.0	0.0	0.0	0.0	0.0	0.0	True	40.0	0.0	0.005	"[47293069.26807825 47293332.26713245 47293622.26608957 47293911.26505028
 47294201.2640074  47294491.26296452 47294780.26192524 47295070.26088235
 47295360.25983947 47295649.25880018 47295939.2577573  47296229.25671441
 47296518.25567512 47296808.25463225 47297097.25359296 47297387.25255008
 47297677.25150719 47297966.2504679  47298256.24942503 47298546.24838214]"	0.0	0.0	0.0
4093.2965925842427	2.0	trials	8.0	0.0	0.0	0.0	0.0	0.0	True	40.0	0.0	0.005	"[47384229.94024988 47384489.93931488 47384779.938272   47385069.93722911
 47385358.93618983 47385648.93514695 47385937.93410766 47386227.93306478
 47386517.93202189 47386806.9309826  47387096.92993972 47387386.92889684
 47387675.92785756 47387965.92681468 47388255.92577179 47388544.92473251
 47388834.92368963 47389123.92265034 47389413.92160746 47389703.92056457]"	0.0	0.0	0.0
4102.661973304896	2.0	trials	8.0	0.0	0.0	0.0	0.0	0.0	True	40.0	0.0	0.005	"[47492595.55054981 47492885.54950693 47493174.54846765 47493464.54742476
 47493754.54638188 47494043.54534259 47494333.54429971 47494623.54325683
 47494912.54221755 47495202.54117465 47495492.54013178 47495781.53909249
 47496071.5380496  47496361.53700673 47496650.53596744 47496940.53492454
 47497229.53388527 47497519.53284238 47497809.5317995  47498098.53076021]"	0.0	0.0	0.0
4109.114042902263	2.0	trials	8.0	0.0	0.0	0.0	0.0	0.0	True	40.0	0.0	0.005	"[47567286.28194999 47567562.28095747 47567852.27991457 47568142.27887169
 47568431.2778324  47568721.27678952 47569011.27574664 47569300.27470735
 47569590.27366447 47569879.27262519 47570169.27158229 47570459.27053942
 47570748.26950013 47571038.26845725 47571328.26741438 47571617.26637509
 47571907.26533219 47572197.26428932 47572486.26325003 47572776.26220714]"	0.0	0.0	0.0
4118.112743341553	2.0	trials	8.0	0.0	0.0	0.0	0.0	0.0	True	40.0	0.0	0.005	"[47671430.90742926 47671713.90641155 47672003.90536866 47672293.90432579
 47672582.9032865  47672872.90224362 47673162.90120073 47673451.90016145
 47673741.89911857 47674031.89807568 47674320.8970364  47674610.89599352
 47674899.89495423 47675189.89391135 47675479.89286846 47675768.89182917
 47676058.89078628 47676348.88974341 47676637.88870412 47676927.88766124]"	0.0	0.0	0.0
4125.522294295671	2.0	trials	8.0	0.0	0.0	0.0	0.0	0.0	True	40.0	0.0	0.005	"[47757193.5990129  47757472.59800957 47757761.59697028 47758051.59592741
 47758341.59488453 47758630.59384524 47758920.59280235 47759210.59175947
 47759499.59072018 47759789.58967731 47760079.58863442 47760368.58759513
 47760658.58655225 47760948.58550937 47761237.58447008 47761527.58342721
 47761816.58238792 47762106.58134503 47762396.58030216 47762685.57926287]"	0.0	0.0	0.0
4131.498560804098	2.0	trials	8.0	0.0	0.0	0.0	0.0	0.0	True	40.0	0.0	0.005	"[47826366.35025662 47826642.34926409 47826931.3482248  47827221.34718192
 47827511.34613904 47827800.34509975 47828090.34405687 47828380.34301398
 47828669.3419747  47828959.34093181 47829248.33989252 47829538.33884965
 47829828.33780676 47830117.33676747 47830407.3357246  47830697.3346817
 47830986.33364242 47831276.33259954 47831566.33155666 47831855.33051737]"	0.0	0.0	0.0
4138.344353785576	2.0	trials	8.0	0.0	0.0	0.0	0.0	0.0	True	40.0	0.0	0.005	"[47905608.06529073 47905877.06432338 47906166.06328409 47906456.0622412
 47906745.06120192 47907035.06015904 47907325.05911615 47907614.05807687
 47907904.05703399 47908194.05599111 47908483.05495182 47908773.05390893
 47909063.05286605 47909352.05182676 47909642.05078389 47909931.0497446
 47910221.04870171 47910511.04765883 47910800.04661955 47911090.04557665]"	0.0	0.0	0.0
4144.349996188364	2.0	trials	8.0	0.0	0.0	0.0	0.0	0.0	True	40.0	0.0	0.005	"[47975120.81531177 47975385.81435879 47975674.8133195  47975964.81227663
 47976254.81123374 47976543.81019446 47976833.80915157 47977123.80810869
 47977412.8070694  47977702.80602651 47977992.80498364 47978281.80394435
 47978571.80290145 47978860.80186219 47979150.80081929 47979440.79977641
 47979729.79873712 47980019.79769425 47980309.79665136 47980598.79561207]"	0.0	0.0	0.0
4149.744101590332	2.0	trials	8.0	0.0	0.0	0.0	0.0	0.0	True	40.0	0.0	0.005	"[48037556.59078273 48037817.58984414 48038106.58880486 48038396.58776198
 48038686.58671908 48038975.5856798  48039265.58463692 48039555.58359404
 48039844.58255475 48040134.58151186 48040424.58046898 48040713.5794297
 48041003.57838681 48041293.57734393 48041582.57630464 48041872.57526176
 48042161.57422248 48042451.5731796  48042741.57213671 48043030.57109743]"	0.0	0.0	0.0
4157.166439698463	2.0	trials	8.0	0.0	0.0	0.0	0.0	0.0	True	40.0	0.0	0.005	"[48123460.28185932 48123724.28090993 48124014.27986705 48124303.27882776
 48124593.27778488 48124882.2767456  48125172.27570271 48125462.27465983
 48125751.27362055 48126041.27257766 48126331.27153479 48126620.2704955
 48126910.26945261 48127200.26840974 48127489.26737045 48127779.26632755
 48128069.26528468 48128358.26424539 48128648.2632025  48128937.26216322]"	0.0	0.0	0.0
4162.428094376745	2.0	trials	8.0	0.0	0.0	0.0	0.0	0.0	True	40.0	0.0	0.005	"[48184333.06295106 48184623.06190818 48184912.06086889 48185202.059826
 48185492.05878313 48185781.05774384 48186071.05670096 48186361.05565807
 48186650.0546188  48186940.0535759  48187229.05253661 48187519.05149374
 48187809.05045085 48188098.04941157 48188388.04836869 48188678.0473258
 48188967.04628651 48189257.04524364 48189547.04420075 48189836.04316146]"	0.0	0.0	0.0
4171.721936154664	2.0	trials	8.0	0.0	0.0	0.0	0.0	0.0	True	40.0	0.0	0.005	"[48291905.67610274 48292190.67507783 48292480.67403495 48292770.67299207
 48293059.67195278 48293349.6709099  48293638.66987062 48293928.66882773
 48294218.66778485 48294507.66674557 48294797.66570267 48295087.6646598
 48295376.66362051 48295666.66257763 48295956.66153474 48296245.66049547
 48296535.65945258 48296824.65841329 48297114.6573704  48297404.65632752]"	0.0	0.0	0.0
4180.001963978412	2.0	trials	8.0	0.0	0.0	0.0	0.0	0.0	True	40.0	0.0	0.005	"[48387737.33147677 48388024.33044468 48388314.32940181 48388603.32836252
 48388893.32731963 48389183.32627675 48389472.32523746 48389762.32419457
 48390052.32315169 48390341.32211241 48390631.32106952 48390920.32003024
 48391210.31898735 48391500.31794447 48391789.31690518 48392079.3158623
 48392369.31481943 48392658.31378014 48392948.31273725 48393238.31169437]"	0.0	0.0	0.0
4187.676589179281	2.0	trials	8.0	0.0	0.0	0.0	0.0	0.0	True	40.0	0.0	0.005	"[48476587.01195911 48476851.01100973 48477141.00996684 48477430.00892756
 48477720.00788467 48478009.00684538 48478299.0058025  48478589.00475962
 48478878.00372034 48479168.00267746 48479458.00163457 48479747.00059528
 48480036.9995524  48480326.99850953 48480615.99747024 48480905.99642735
 48481194.99538806 48481484.99434519 48481774.99330229 48482063.992263  ]"	0.0	0.0	0.0
4193.514097786703	2.0	trials	8.0	0.0	0.0	0.0	0.0	0.0	True	40.0	0.0	0.005	"[48544129.76906455 48544414.76803964 48544703.76700035 48544993.76595747
 48545283.7649146  48545572.76387531 48545862.76283243 48546151.76179314
 48546441.76075026 48546731.75970737 48547020.75866808 48547310.75762521
 48547600.75658232 48547889.75554304 48548179.75450016 48548469.75345726
 48548758.75241799 48549048.7513751  48549337.75033581 48549627.74929293]"	0.0	0.0	0.0
4203.014348422344	2.0	trials	8.0	0.0	0.0	0.0	0.0	0.0	True	40.0	0.0	0.005	"[48654082.3736574  48654371.37261812 48654661.37157523 48654951.37053234
 48655240.36949306 48655530.36845017 48655820.3674073  48656109.36636801
 48656399.36532512 48656689.36428223 48656978.36324295 48657268.36220007
 48657557.36116078 48657847.3601179  48658137.35907502 48658426.35803574
 48658716.35699285 48659006.35594997 48659295.35491068 48659585.35386779]"	0.0	0.0	0.0
4208.598792339826	2.0	trials	8.0	0.0	0.0	0.0	0.0	0.0	True	40.0	0.0	0.005	"[48718722.14120245 48719007.14017755 48719296.13913826 48719586.13809538
 48719875.13705609 48720165.13601321 48720455.13497033 48720744.13393104
 48721034.13288815 48721324.13184527 48721613.13080598 48721903.12976311
 48722193.12872022 48722482.12768093 48722772.12663806 48723061.12559877
 48723351.12455588 48723641.12351301 48723930.12247372 48724220.12143084]"	0.0	0.0	0.0
4216.764167775882	2.0	trials	8.0	0.0	0.0	0.0	0.0	0.0	True	40.0	0.0	0.005	"[48813224.80135576 48813512.80032007 48813802.7992772  48814091.79823791
 48814381.79719503 48814670.79615574 48814960.79511286 48815250.79406998
 48815539.79303069 48815829.7919878  48816119.79094493 48816408.78990564
 48816698.78886274 48816988.78781987 48817277.78678058 48817567.78573769
 48817856.7846984  48818146.78365553 48818436.78261265 48818725.78157336]"	0.0	0.0	0.0
4223.016308492223	2.0	trials	8.0	0.0	0.0	0.0	0.0	0.0	True	40.0	0.0	0.005	"[48885603.54107025 48885875.54009209 48886165.53904921 48886454.53800992
 48886744.53696703 48887033.53592776 48887323.53488487 48887613.53384198
 48887902.53280269 48888192.53175981 48888482.53071693 48888771.52967764
 48889061.52863477 48889351.52759188 48889640.5265526  48889930.52550972
 48890220.52446683 48890509.52342754 48890799.52238467 48891088.52134538]"	0.0	0.0	0.0
4230.432166623659	2.0	trials	8.0	0.0	0.0	0.0	0.0	0.0	True	40.0	0.0	0.005	"[48971447.23236259 48971707.2314276  48971997.23038471 48972287.22934183
 48972576.22830254 48972866.22725967 48973156.22621678 48973445.22517749
 48973735.22413462 48974025.22309172 48974314.22205243 48974604.22100956
 48974894.21996668 48975183.21892739 48975473.21788452 48975762.21684523
 48976052.21580233 48976342.21475945 48976631.21372017 48976921.21267729]"	0.0	0.0	0.0
4265.156201750696	2.0	trials	9.0	0.0	0.0	0.0	0.0	0.0	True	5.0	0.0	0.01	"[49373344.7870747  49375661.77874242 49377978.77041016               nan
               nan               nan               nan               nan
               nan               nan               nan               nan
               nan               nan               nan               nan
               nan               nan               nan               nan]"	0.0	0.0	0.0
4274.805491850368	2.0	trials	9.0	0.0	0.0	0.0	0.0	0.0	True	5.0	0.0	0.01	"[49485026.3854498  49487342.37712114 49489659.36878886               nan
               nan               nan               nan               nan
               nan               nan               nan               nan
               nan               nan               nan               nan
               nan               nan               nan               nan]"	0.0	0.0	0.0
4280.786164742949	2.0	trials	9.0	0.0	0.0	0.0	0.0	0.0	True	5.0	0.0	0.01	"[49554247.13652091 49556565.12818504 49558881.11985637               nan
               nan               nan               nan               nan
               nan               nan               nan               nan
               nan               nan               nan               nan
               nan               nan               nan               nan]"	0.0	0.0	0.0
4288.800772721188	2.0	trials	9.0	0.0	0.0	0.0	0.0	0.0	True	5.0	0.0	0.01	"[49647009.80293152 49649326.79459925 49651643.78626698               nan
               nan               nan               nan               nan
               nan               nan               nan               nan
               nan               nan               nan               nan
               nan               nan               nan               nan]"	0.0	0.0	0.0
4294.664201235399	2.0	trials	9.0	0.0	0.0	0.0	0.0	0.0	True	5.0	0.0	0.01	"[49714872.5588862  49717189.55055393 49719505.54222525               nan
               nan               nan               nan               nan
               nan               nan               nan               nan
               nan               nan               nan               nan
               nan               nan               nan               nan]"	0.0	0.0	0.0
4302.812037534528	2.0	trials	9.0	0.0	0.0	0.0	0.0	0.0	True	5.0	0.0	0.01	"[49809177.21975155 49811494.21141928 49813811.20308701               nan
               nan               nan               nan               nan
               nan               nan               nan               nan
               nan               nan               nan               nan
               nan               nan               nan               nan]"	0.0	0.0	0.0
4309.190494596617	2.0	trials	9.0	0.0	0.0	0.0	0.0	0.0	True	5.0	0.0	0.01	"[49883001.95426599 49885317.94593732 49887634.93760505               nan
               nan               nan               nan               nan
               nan               nan               nan               nan
               nan               nan               nan               nan
               nan               nan               nan               nan]"	0.0	0.0	0.0
4318.42990457028	2.0	trials	9.0	0.0	0.0	0.0	0.0	0.0	True	5.0	0.0	0.01	"[49989938.56970482 49992254.56137614 49994571.55304387               nan
               nan               nan               nan               nan
               nan               nan               nan               nan
               nan               nan               nan               nan
               nan               nan               nan               nan]"	0.0	0.0	0.0
4323.69786642588	2.0	trials	9.0	0.0	0.0	0.0	0.0	0.0	True	5.0	0.0	0.01	"[50050910.35044054 50053227.34210826 50055544.33377599               nan
               nan               nan               nan               nan
               nan               nan               nan               nan
               nan               nan               nan               nan
               nan               nan               nan               nan]"	0.0	0.0	0.0
4333.136254883986	2.0	trials	9.0	0.0	0.0	0.0	0.0	0.0	True	5.0	0.0	0.01	"[50160151.95759024 50162468.94925797 50164784.94092929               nan
               nan               nan               nan               nan
               nan               nan               nan               nan
               nan               nan               nan               nan
               nan               nan               nan               nan]"	0.0	0.0	0.0
4339.219829806516	2.0	trials	9.0	0.0	0.0	0.0	0.0	0.0	True	5.0	0.0	0.01	"[50230563.70437834 50232879.69604967 50235196.68771739               nan
               nan               nan               nan               nan
               nan               nan               nan               nan
               nan               nan               nan               nan
               nan               nan               nan               nan]"	0.0	0.0	0.0
4346.035901294877	2.0	trials	9.0	0.0	0.0	0.0	0.0	0.0	True	5.0	0.0	0.01	"[50309453.4206783  50311769.41234963 50314087.40401376               nan
               nan               nan               nan               nan
               nan               nan               nan               nan
               nan               nan               nan               nan
               nan               nan               nan               nan]"	0.0	0.0	0.0
4353.169578041079	2.0	trials	9.0	0.0	0.0	0.0	0.0	0.0	True	5.0	0.0	0.01	"[50392018.12376242 50394335.11543015 50396651.10710149               nan
               nan               nan               nan               nan
               nan               nan               nan               nan
               nan               nan               nan               nan
               nan               nan               nan               nan]"	0.0	0.0	0.0
4360.021850999253	2.0	trials	9.0	0.0	0.0	0.0	0.0	0.0	True	5.0	0.0	0.01	"[50471326.8385556  50473642.83022692 50475959.82189465               nan
               nan               nan               nan               nan
               nan               nan               nan               nan
               nan               nan               nan               nan
               nan               nan               nan               nan]"	0.0	0.0	0.0
4368.614040900419	2.0	trials	9.0	0.0	0.0	0.0	0.0	0.0	True	5.0	0.0	0.01	"[50570773.48092956 50573089.47260089 50575406.46426862               nan
               nan               nan               nan               nan
               nan               nan               nan               nan
               nan               nan               nan               nan
               nan               nan               nan               nan]"	0.0	0.0	0.0
4375.104385560143	2.0	trials	9.0	0.0	0.0	0.0	0.0	0.0	True	5.0	0.0	0.01	"[50645893.210787   50648210.20245473 50650527.19412246               nan
               nan               nan               nan               nan
               nan               nan               nan               nan
               nan               nan               nan               nan
               nan               nan               nan               nan]"	0.0	0.0	0.0
4381.526128866568	2.0	trials	9.0	0.0	0.0	0.0	0.0	0.0	True	5.0	0.0	0.01	"[50720219.94349618 50722536.9351639  50724852.92683523               nan
               nan               nan               nan               nan
               nan               nan               nan               nan
               nan               nan               nan               nan
               nan               nan               nan               nan]"	0.0	0.0	0.0
4391.480237070066	2.0	trials	9.0	0.0	0.0	0.0	0.0	0.0	True	5.0	0.0	0.01	"[50835429.52918408 50837745.5208554  50840062.51252312               nan
               nan               nan               nan               nan
               nan               nan               nan               nan
               nan               nan               nan               nan
               nan               nan               nan               nan]"	0.0	0.0	0.0
4396.627412160034	2.0	trials	9.0	0.0	0.0	0.0	0.0	0.0	True	5.0	0.0	0.01	"[50895003.31494722 50897319.30661853 50899636.29828627               nan
               nan               nan               nan               nan
               nan               nan               nan               nan
               nan               nan               nan               nan
               nan               nan               nan               nan]"	0.0	0.0	0.0
4403.002240435172	2.0	trials	9.0	0.0	0.0	0.0	0.0	0.0	True	5.0	0.0	0.01	"[50968786.0496127  50971103.04128043 50973420.03294816               nan
               nan               nan               nan               nan
               nan               nan               nan               nan
               nan               nan               nan               nan
               nan               nan               nan               nan]"	0.0	0.0	0.0
4411.825808704266	2.0	trials	9.0	0.0	0.0	0.0	0.0	0.0	True	5.0	0.0	0.01	"[51070910.68235619 51073226.67402751 51075544.66569164               nan
               nan               nan               nan               nan
               nan               nan               nan               nan
               nan               nan               nan               nan
               nan               nan               nan               nan]"	0.0	0.0	0.0
4420.3282293282555	2.0	trials	9.0	0.0	0.0	0.0	0.0	0.0	True	5.0	0.0	0.01	"[51169317.32847014 51171634.32013787 51173950.31180919               nan
               nan               nan               nan               nan
               nan               nan               nan               nan
               nan               nan               nan               nan
               nan               nan               nan               nan]"	0.0	0.0	0.0
4430.185829078812	2.0	trials	9.0	0.0	0.0	0.0	0.0	0.0	True	5.0	0.0	0.01	"[51283409.91817493 51285726.90984267 51288043.90151039               nan
               nan               nan               nan               nan
               nan               nan               nan               nan
               nan               nan               nan               nan
               nan               nan               nan               nan]"	0.0	0.0	0.0
4437.842483144309	2.0	trials	9.0	0.0	0.0	0.0	0.0	0.0	True	5.0	0.0	0.01	"[51372029.59948439 51374346.59115211 51376662.58282343               nan
               nan               nan               nan               nan
               nan               nan               nan               nan
               nan               nan               nan               nan
               nan               nan               nan               nan]"	0.0	0.0	0.0
4447.718313229308	2.0	trials	9.0	0.0	0.0	0.0	0.0	0.0	True	5.0	0.0	0.01	"[51486333.1884304  51488650.18009812 51490966.17176944               nan
               nan               nan               nan               nan
               nan               nan               nan               nan
               nan               nan               nan               nan
               nan               nan               nan               nan]"	0.0	0.0	0.0
4455.4818437104595	2.0	trials	9.0	0.0	0.0	0.0	0.0	0.0	True	5.0	0.0	0.01	"[51576187.86529861 51578504.85696634 51580820.84863766               nan
               nan               nan               nan               nan
               nan               nan               nan               nan
               nan               nan               nan               nan
               nan               nan               nan               nan]"	0.0	0.0	0.0
4464.254090564113	2.0	trials	9.0	0.0	0.0	0.0	0.0	0.0	True	5.0	0.0	0.01	"[51677718.5001782  51680035.49184594 51682351.48351725               nan
               nan               nan               nan               nan
               nan               nan               nan               nan
               nan               nan               nan               nan
               nan               nan               nan               nan]"	0.0	0.0	0.0
4469.451031875114	2.0	trials	9.0	0.0	0.0	0.0	0.0	0.0	True	5.0	0.0	0.01	"[51737868.28386995 51740185.27553768 51742502.26720542               nan
               nan               nan               nan               nan
               nan               nan               nan               nan
               nan               nan               nan               nan
               nan               nan               nan               nan]"	0.0	0.0	0.0
4474.616350899833	2.0	trials	9.0	0.0	0.0	0.0	0.0	0.0	True	5.0	0.0	0.01	"[51797652.06887791 51799970.06054204 51802287.05220976               nan
               nan               nan               nan               nan
               nan               nan               nan               nan
               nan               nan               nan               nan
               nan               nan               nan               nan]"	0.0	0.0	0.0
4483.496165366658	2.0	trials	9.0	0.0	0.0	0.0	0.0	0.0	True	5.0	0.0	0.01	"[51900427.69928028 51902744.69094802 51905061.68261574               nan
               nan               nan               nan               nan
               nan               nan               nan               nan
               nan               nan               nan               nan
               nan               nan               nan               nan]"	0.0	0.0	0.0
4507.29107179652	2.0	trials	10.0	0.0	0.0	0.0	0.0	0.0	True	10.0	0.0	0.005	"[52175813.70894815 52176961.70481977 52178120.70065185 52179278.6964875
 52180437.69231957               nan               nan               nan
               nan               nan               nan               nan
               nan               nan               nan               nan
               nan               nan               nan               nan]"	0.0	0.0	0.0
4513.118385240606	2.0	trials	10.0	0.0	0.0	0.0	0.0	0.0	True	10.0	0.0	0.005	"[52243275.46634488 52244407.46227404 52245566.4581061  52246724.45394175
 52247883.44977384               nan               nan               nan
               nan               nan               nan               nan
               nan               nan               nan               nan
               nan               nan               nan               nan]"	0.0	0.0	0.0
4521.170490683998	2.0	trials	10.0	0.0	0.0	0.0	0.0	0.0	True	10.0	0.0	0.005	"[52336459.13124152 52337603.12712752 52338762.12295959 52339920.11879525
 52341079.11462731               nan               nan               nan
               nan               nan               nan               nan
               nan               nan               nan               nan
               nan               nan               nan               nan]"	0.0	0.0	0.0
4530.806388831828	2.0	trials	10.0	0.0	0.0	0.0	0.0	0.0	True	10.0	0.0	0.005	"[52448000.73012008 52449129.72606003 52450288.7218921  52451446.71772776
 52452605.71355981               nan               nan               nan
               nan               nan               nan               nan
               nan               nan               nan               nan
               nan               nan               nan               nan]"	0.0	0.0	0.0
4537.946545554729	2.0	trials	10.0	0.0	0.0	0.0	0.0	0.0	True	10.0	0.0	0.005	"[52530640.43293449 52531770.42887084 52532928.42470651 52534087.42053857
 52535245.41637423               nan               nan               nan
               nan               nan               nan               nan
               nan               nan               nan               nan
               nan               nan               nan               nan]"	0.0	0.0	0.0
4544.5994080300125	2.0	trials	10.0	0.0	0.0	0.0	0.0	0.0	True	10.0	0.0	0.005	"[52607626.15608151 52608771.15196393 52609930.14779599 52611088.14363166
 52612247.13946372               nan               nan               nan
               nan               nan               nan               nan
               nan               nan               nan               nan
               nan               nan               nan               nan]"	0.0	0.0	0.0
4554.477138908176	2.0	trials	10.0	0.0	0.0	0.0	0.0	0.0	True	10.0	0.0	0.005	"[52721947.74496279 52723096.74083082 52724255.73666289 52725413.73249855
 52726572.7283306                nan               nan               nan
               nan               nan               nan               nan
               nan               nan               nan               nan
               nan               nan               nan               nan]"	0.0	0.0	0.0
4561.058635240104	2.0	trials	10.0	0.0	0.0	0.0	0.0	0.0	True	10.0	0.0	0.005	"[52798112.47106226 52799271.46689432 52800429.46272998 52801588.45856205
 52802746.45439771               nan               nan               nan
               nan               nan               nan               nan
               nan               nan               nan               nan
               nan               nan               nan               nan]"	0.0	0.0	0.0
4569.1346733974315	2.0	trials	10.0	0.0	0.0	0.0	0.0	0.0	True	10.0	0.0	0.005	"[52891598.13487285 52892744.13075166 52893902.12658733 52895061.1224194
 52896219.11825506               nan               nan               nan
               nan               nan               nan               nan
               nan               nan               nan               nan
               nan               nan               nan               nan]"	0.0	0.0	0.0
4576.424560781876	2.0	trials	10.0	0.0	0.0	0.0	0.0	0.0	True	10.0	0.0	0.005	"[52975982.83141198 52977117.82733037 52978275.82316602 52979434.81899808
 52980593.81483015               nan               nan               nan
               nan               nan               nan               nan
               nan               nan               nan               nan
               nan               nan               nan               nan]"	0.0	0.0	0.0
4583.698809822559	2.0	trials	10.0	0.0	0.0	0.0	0.0	0.0	True	10.0	0.0	0.005	"[53060151.52872787 53061310.52455994 53062468.52039561 53063627.51622767
 53064785.51206334               nan               nan               nan
               nan               nan               nan               nan
               nan               nan               nan               nan
               nan               nan               nan               nan]"	0.0	0.0	0.0
4590.362817857763	2.0	trials	10.0	0.0	0.0	0.0	0.0	0.0	True	10.0	0.0	0.005	"[53137310.25125277 53138440.24718913 53139598.24302479 53140757.23885686
 53141915.23469251               nan               nan               nan
               nan               nan               nan               nan
               nan               nan               nan               nan
               nan               nan               nan               nan]"	0.0	0.0	0.0
4597.856349309874	2.0	trials	10.0	0.0	0.0	0.0	0.0	0.0	True	10.0	0.0	0.005	"[53224011.93945964 53225170.9352917  53226328.93112737 53227487.92695943
 53228645.92279509               nan               nan               nan
               nan               nan               nan               nan
               nan               nan               nan               nan
               nan               nan               nan               nan]"	0.0	0.0	0.0
4605.7105994647845	2.0	trials	10.0	0.0	0.0	0.0	0.0	0.0	True	10.0	0.0	0.005	"[53314922.61253031 53316076.60838035 53317235.60421242 53318393.60004808
 53319552.59588015               nan               nan               nan
               nan               nan               nan               nan
               nan               nan               nan               nan
               nan               nan               nan               nan]"	0.0	0.0	0.0
4614.5366733248675	2.0	trials	10.0	0.0	0.0	0.0	0.0	0.0	True	10.0	0.0	0.005	"[53417072.24518389 53418230.24101955 53419388.23685522 53420547.23268728
 53421705.22852294               nan               nan               nan
               nan               nan               nan               nan
               nan               nan               nan               nan
               nan               nan               nan               nan]"	0.0	0.0	0.0
4624.549187718327	2.0	trials	10.0	0.0	0.0	0.0	0.0	0.0	True	10.0	0.0	0.005	"[53532976.82837246 53534115.82427646 53535274.82010852 53536432.81594419
 53537591.81177626               nan               nan               nan
               nan               nan               nan               nan
               nan               nan               nan               nan
               nan               nan               nan               nan]"	0.0	0.0	0.0
4634.540620587601	2.0	trials	10.0	0.0	0.0	0.0	0.0	0.0	True	10.0	0.0	0.005	"[53648628.41247087 53649757.40841082 53650916.40424289 53652075.40007495
 53653233.39591061               nan               nan               nan
               nan               nan               nan               nan
               nan               nan               nan               nan
               nan               nan               nan               nan]"	0.0	0.0	0.0
4642.928388823898	2.0	trials	10.0	0.0	0.0	0.0	0.0	0.0	True	10.0	0.0	0.005	"[53745707.06336052 53746838.05929328 53747997.05512533 53749155.050961
 53750314.04679306               nan               nan               nan
               nan               nan               nan               nan
               nan               nan               nan               nan
               nan               nan               nan               nan]"	0.0	0.0	0.0
4651.136445706466	2.0	trials	10.0	0.0	0.0	0.0	0.0	0.0	True	10.0	0.0	0.005	"[53840707.72172295 53841839.71765211 53842997.71348777 53844156.70931984
 53845314.7051555                nan               nan               nan
               nan               nan               nan               nan
               nan               nan               nan               nan
               nan               nan               nan               nan]"	0.0	0.0	0.0
4658.9197617164655	2.0	trials	10.0	0.0	0.0	0.0	0.0	0.0	True	10.0	0.0	0.005	"[53930782.39780001 53931923.3936968  53933082.38952888 53934240.38536453
 53935399.3811966                nan               nan               nan
               nan               nan               nan               nan
               nan               nan               nan               nan
               nan               nan               nan               nan]"	0.0	0.0	0.0
4667.3244642918635	2.0	trials	10.0	0.0	0.0	0.0	0.0	0.0	True	10.0	0.0	0.005	"[54028071.04793446 54029200.04387441 54030359.03970647 54031517.03554214
 54032676.03137419               nan               nan               nan
               nan               nan               nan               nan
               nan               nan               nan               nan
               nan               nan               nan               nan]"	0.0	0.0	0.0
4676.615454880035	2.0	trials	10.0	0.0	0.0	0.0	0.0	0.0	True	10.0	0.0	0.005	"[54135579.66131628 54136734.65716274 54137892.6529984  54139051.64883046
 54140209.64466613               nan               nan               nan
               nan               nan               nan               nan
               nan               nan               nan               nan
               nan               nan               nan               nan]"	0.0	0.0	0.0
4685.501317325109	2.0	trials	10.0	0.0	0.0	0.0	0.0	0.0	True	10.0	0.0	0.005	"[54238425.29146694 54239580.2873134  54240738.28314906 54241897.27898112
 54243055.27481679               nan               nan               nan
               nan               nan               nan               nan
               nan               nan               nan               nan
               nan               nan               nan               nan]"	0.0	0.0	0.0
4692.740920090386	2.0	trials	10.0	0.0	0.0	0.0	0.0	0.0	True	10.0	0.0	0.005	"[54322212.99015298 54323371.98598505 54324529.98182071 54325688.97765277
 54326846.97348844               nan               nan               nan
               nan               nan               nan               nan
               nan               nan               nan               nan
               nan               nan               nan               nan]"	0.0	0.0	0.0
4702.154511837664	2.0	trials	10.0	0.0	0.0	0.0	0.0	0.0	True	10.0	0.0	0.005	"[54431167.59833479 54432325.59417044 54433484.59000251 54434642.58583817
 54435801.58167022               nan               nan               nan
               nan               nan               nan               nan
               nan               nan               nan               nan
               nan               nan               nan               nan]"	0.0	0.0	0.0
4708.371142281707	2.0	trials	10.0	0.0	0.0	0.0	0.0	0.0	True	10.0	0.0	0.005	"[54503147.33948411 54504277.33542047 54505435.33125613 54506594.3270882
 54507752.32292386               nan               nan               nan
               nan               nan               nan               nan
               nan               nan               nan               nan
               nan               nan               nan               nan]"	0.0	0.0	0.0
4717.550331671931	2.0	trials	10.0	0.0	0.0	0.0	0.0	0.0	True	10.0	0.0	0.005	"[54609380.95745103 54610517.95336222 54611675.94919787 54612834.94502994
 54613992.9408656                nan               nan               nan
               nan               nan               nan               nan
               nan               nan               nan               nan
               nan               nan               nan               nan]"	0.0	0.0	0.0
4725.177177844622	2.0	trials	10.0	0.0	0.0	0.0	0.0	0.0	True	10.0	0.0	0.005	"[54697634.64007667 54698791.63591594 54699949.6317516  54701108.62758365
 54702266.62341932               nan               nan               nan
               nan               nan               nan               nan
               nan               nan               nan               nan
               nan               nan               nan               nan]"	0.0	0.0	0.0
4733.15878114155	2.0	trials	10.0	0.0	0.0	0.0	0.0	0.0	True	10.0	0.0	0.005	"[54790013.30786821 54791171.30370387 54792330.29953593 54793489.295368
 54794647.29120367               nan               nan               nan
               nan               nan               nan               nan
               nan               nan               nan               nan
               nan               nan               nan               nan]"	0.0	0.0	0.0
4740.5125178963835	2.0	trials	10.0	0.0	0.0	0.0	0.0	0.0	True	10.0	0.0	0.005	"[54875125.00179294 54876283.997625   54877441.99346066 54878600.98929273
 54879759.9851248                nan               nan               nan
               nan               nan               nan               nan
               nan               nan               nan               nan
               nan               nan               nan               nan]"	0.0	0.0	0.0
4768.816364911404	2.0	trials	11.0	0.0	0.0	0.0	0.0	0.0	True	20.0	0.0	0.005	"[55202715.82372394 55203294.82164177 55203874.819556   55204453.81747384
 55205032.81539167 55205611.81330951 55206191.81122374 55206770.80914156
 55207349.8070594  55207929.80497363               nan               nan
               nan               nan               nan               nan
               nan               nan               nan               nan]"	0.0	0.0	0.0
4774.233020632278	2.0	trials	11.0	0.0	0.0	0.0	0.0	0.0	True	20.0	0.0	0.005	"[55265431.59818798 55265987.59618853 55266567.59410276 55267146.59202059
 55267725.58993842 55268304.58785625 55268884.58577048 55269463.58368832
 55270042.58160615 55270621.57952399               nan               nan
               nan               nan               nan               nan
               nan               nan               nan               nan]"	0.0	0.0	0.0
4783.145407781964	2.0	trials	11.0	0.0	0.0	0.0	0.0	0.0	True	20.0	0.0	0.005	"[55368590.22721305 55369141.22523157 55369720.2231494  55370300.22106363
 55370879.21898147 55371458.2168993  55372037.21481714 55372617.21273136
 55373196.21064919 55373775.20856703               nan               nan
               nan               nan               nan               nan
               nan               nan               nan               nan]"	0.0	0.0	0.0
4789.553413537792	2.0	trials	11.0	0.0	0.0	0.0	0.0	0.0	True	20.0	0.0	0.005	"[55442729.96059471 55443307.95851614 55443886.95643396 55444465.95435179
 55445044.95226962 55445624.95018386 55446203.94810169 55446782.94601952
 55447361.94393735 55447941.9418516                nan               nan
               nan               nan               nan               nan
               nan               nan               nan               nan]"	0.0	0.0	0.0
4797.123322315238	2.0	trials	11.0	0.0	0.0	0.0	0.0	0.0	True	20.0	0.0	0.005	"[55530346.64551109 55530921.6434433  55531501.64135754 55532080.63927538
 55532659.63719321 55533238.63511103 55533818.63302527 55534397.6309431
 55534976.62886092 55535555.62677876               nan               nan
               nan               nan               nan               nan
               nan               nan               nan               nan]"	0.0	0.0	0.0
4804.790949141274	2.0	trials	11.0	0.0	0.0	0.0	0.0	0.0	True	20.0	0.0	0.005	"[55619098.32634585 55619668.32429605 55620247.32221387 55620826.3201317
 55621406.31804594 55621985.31596377 55622564.31388161 55623143.31179943
 55623723.30971367 55624302.30763151               nan               nan
               nan               nan               nan               nan
               nan               nan               nan               nan]"	0.0	0.0	0.0
4811.114974399108	2.0	trials	11.0	0.0	0.0	0.0	0.0	0.0	True	20.0	0.0	0.005	"[55692297.06311148 55692863.06107607 55693442.0589939  55694021.05691174
 55694601.05482595 55695180.05274379 55695759.05066162 55696338.04857945
 55696918.04649369 55697497.04441152               nan               nan
               nan               nan               nan               nan
               nan               nan               nan               nan]"	0.0	0.0	0.0
4816.378097872108	2.0	trials	11.0	0.0	0.0	0.0	0.0	0.0	True	20.0	0.0	0.005	"[55753204.84407736 55753778.84201318 55754357.839931   55754936.83784883
 55755515.83576666 55756095.83368091 55756674.83159874 55757253.82951656
 55757832.8274344  55758412.82534862               nan               nan
               nan               nan               nan               nan
               nan               nan               nan               nan]"	0.0	0.0	0.0
4823.8889092620775	2.0	trials	11.0	0.0	0.0	0.0	0.0	0.0	True	20.0	0.0	0.005	"[55840157.53138159 55840709.52939651 55841288.52731434 55841868.52522857
 55842447.52314641 55843026.52106424 55843606.51897848 55844185.5168963
 55844764.51481414 55845343.51273197               nan               nan
               nan               nan               nan               nan
               nan               nan               nan               nan]"	0.0	0.0	0.0
4829.271005107234	2.0	trials	11.0	0.0	0.0	0.0	0.0	0.0	True	20.0	0.0	0.005	"[55902427.30744951 55903002.30538172 55903581.30329956 55904160.30121738
 55904739.29913522 55905319.29704946 55905898.29496729 55906477.29288512
 55907057.29079936 55907636.28871718               nan               nan
               nan               nan               nan               nan
               nan               nan               nan               nan]"	0.0	0.0	0.0
4835.337040892838	2.0	trials	11.0	0.0	0.0	0.0	0.0	0.0	True	20.0	0.0	0.005	"[55972633.05497841 55973211.05289984 55973790.05081767 55974369.04873549
 55974949.04664974 55975528.04456757 55976107.04248539 55976687.04039963
 55977266.03831747 55977845.03623529               nan               nan
               nan               nan               nan               nan
               nan               nan               nan               nan]"	0.0	0.0	0.0
4842.559622919323	2.0	trials	11.0	0.0	0.0	0.0	0.0	0.0	True	20.0	0.0	0.005	"[56056253.754265   56056805.75227992 56057384.75019775 56057963.74811559
 56058543.74602983 56059122.74394765 56059701.74186549 56060281.73977973
 56060860.73769755 56061439.73561539               nan               nan
               nan               nan               nan               nan
               nan               nan               nan               nan]"	0.0	0.0	0.0
4848.645185034707	2.0	trials	11.0	0.0	0.0	0.0	0.0	0.0	True	20.0	0.0	0.005	"[56126683.50098836 56127240.49898531 56127819.49690315 56128399.49481738
 56128978.49273521 56129557.49065305 56130136.48857087 56130716.4864851
 56131295.48440294 56131874.48232077               nan               nan
               nan               nan               nan               nan
               nan               nan               nan               nan]"	0.0	0.0	0.0
4853.982093842364	2.0	trials	11.0	0.0	0.0	0.0	0.0	0.0	True	20.0	0.0	0.005	"[56188437.27891191 56189010.27685132 56189589.27476914 56190168.27268697
 56190747.2706048  56191327.26851904 56191906.26643687 56192485.26435469
 56193065.26226894 56193644.26018678               nan               nan
               nan               nan               nan               nan
               nan               nan               nan               nan]"	0.0	0.0	0.0
4860.820370050872	2.0	trials	11.0	0.0	0.0	0.0	0.0	0.0	True	20.0	0.0	0.005	"[56267588.99426968 56268156.99222706 56268735.99014489 56269315.98805913
 56269894.98597696 56270473.98389479 56271052.98181262 56271632.97972686
 56272211.97764468 56272790.97556252               nan               nan
               nan               nan               nan               nan
               nan               nan               nan               nan]"	0.0	0.0	0.0
4869.701566912725	2.0	trials	11.0	0.0	0.0	0.0	0.0	0.0	True	20.0	0.0	0.005	"[56370389.62458216 56370948.62257192 56371527.62048974 56372106.61840758
 56372686.6163218  56373265.61423964 56373844.61215746 56374423.6100753
 56375003.60798953 56375582.60590737               nan               nan
               nan               nan               nan               nan
               nan               nan               nan               nan]"	0.0	0.0	0.0
4877.349321810223	2.0	trials	11.0	0.0	0.0	0.0	0.0	0.0	True	20.0	0.0	0.005	"[56458907.30625842 56459464.30425537 56460043.3021732  56460622.30009102
 56461202.29800526 56461781.29592309 56462360.29384093 56462940.29175515
 56463519.28967299 56464098.28759082               nan               nan
               nan               nan               nan               nan
               nan               nan               nan               nan]"	0.0	0.0	0.0
4884.837928480044	2.0	trials	11.0	0.0	0.0	0.0	0.0	0.0	True	20.0	0.0	0.005	"[56545558.99464508 56546137.99256292 56546716.99048074 56547295.98839857
 56547874.98631641 56548454.98423064 56549033.98214848 56549612.9800663
 56550192.97798054 56550771.97589837               nan               nan
               nan               nan               nan               nan
               nan               nan               nan               nan]"	0.0	0.0	0.0
4892.6499291868895	2.0	trials	11.0	0.0	0.0	0.0	0.0	0.0	True	20.0	0.0	0.005	"[56636000.66940236 56636553.66741369 56637133.66532792 56637712.66324575
 56638291.66116358 56638870.65908141 56639450.65699565 56640029.65491347
 56640608.65283131 56641188.65074554               nan               nan
               nan               nan               nan               nan
               nan               nan               nan               nan]"	0.0	0.0	0.0
4902.213165196024	2.0	trials	11.0	0.0	0.0	0.0	0.0	0.0	True	20.0	0.0	0.005	"[56746690.27134485 56747240.26936696 56747819.2672848  56748399.26519902
 56748978.26311685 56749557.26103469 56750137.25894892 56750716.25686675
 56751295.25478458 56751874.25270241               nan               nan
               nan               nan               nan               nan
               nan               nan               nan               nan]"	0.0	0.0	0.0
4911.656910434866	2.0	trials	11.0	0.0	0.0	0.0	0.0	0.0	True	20.0	0.0	0.005	"[56855985.87830036 56856542.8762973  56857121.87421513 56857701.87212937
 56858280.8700472  56858859.86796502 56859439.86587926 56860018.8637971
 56860597.86171491 56861176.85963275               nan               nan
               nan               nan               nan               nan
               nan               nan               nan               nan]"	0.0	0.0	0.0
4921.699923918648	2.0	trials	11.0	0.0	0.0	0.0	0.0	0.0	True	20.0	0.0	0.005	"[56972203.46036334 56972781.45828477 56973360.45620259 56973939.45412043
 56974519.45203466 56975098.44995249 56975677.44787033 56976257.44578455
 56976836.44370238 56977415.44162022               nan               nan
               nan               nan               nan               nan
               nan               nan               nan               nan]"	0.0	0.0	0.0
4926.9877577027855	2.0	trials	11.0	0.0	0.0	0.0	0.0	0.0	True	20.0	0.0	0.005	"[57033408.24026116 57033983.23819337 57034562.2361112  57035142.23402544
 57035721.23194327 57036300.2298611  57036879.22777893 57037459.22569316
 57038038.22361099 57038617.22152882               nan               nan
               nan               nan               nan               nan
               nan               nan               nan               nan]"	0.0	0.0	0.0
4933.712936718008	2.0	trials	11.0	0.0	0.0	0.0	0.0	0.0	True	20.0	0.0	0.005	"[57111246.96034066 57111820.95827647 57112399.95619431 57112978.95411214
 57113558.95202637 57114137.94994421 57114716.94786204 57115296.94577627
 57115875.94369411 57116454.94161193               nan               nan
               nan               nan               nan               nan
               nan               nan               nan               nan]"	0.0	0.0	0.0
4941.70153838977	2.0	trials	11.0	0.0	0.0	0.0	0.0	0.0	True	20.0	0.0	0.005	"[57203701.6278589  57204280.62577672 57204860.62369096 57205439.62160879
 57206018.61952662 57206598.61744085 57207177.61535869 57207756.61327652
 57208335.61119434 57208915.60910859               nan               nan
               nan               nan               nan               nan
               nan               nan               nan               nan]"	0.0	0.0	0.0
4947.651193793895	2.0	trials	11.0	0.0	0.0	0.0	0.0	0.0	True	20.0	0.0	0.005	"[57272590.38012393 57273143.37813525 57273722.37605309 57274301.37397091
 57274881.37188514 57275460.36980298 57276039.36772081 57276618.36563865
 57277198.36355288 57277777.36147071               nan               nan
               nan               nan               nan               nan
               nan               nan               nan               nan]"	0.0	0.0	0.0
4955.133493286397	2.0	trials	11.0	0.0	0.0	0.0	0.0	0.0	True	20.0	0.0	0.005	"[57359192.06869039 57359744.06670532 57360323.06462315 57360902.06254099
 57361482.06045522 57362061.05837305 57362640.05629089 57363220.0542051
 57363799.05212294 57364378.05004077               nan               nan
               nan               nan               nan               nan
               nan               nan               nan               nan]"	0.0	0.0	0.0
4963.8977049689465	2.0	trials	11.0	0.0	0.0	0.0	0.0	0.0	True	20.0	0.0	0.005	"[57460602.70400154 57461181.70191935 57461760.69983719 57462339.69775502
 57462919.69566925 57463498.69358708 57464077.69150492 57464657.68941916
 57465236.68733697 57465815.68525481               nan               nan
               nan               nan               nan               nan
               nan               nan               nan               nan]"	0.0	0.0	0.0
4969.989228662891	2.0	trials	11.0	0.0	0.0	0.0	0.0	0.0	True	20.0	0.0	0.005	"[57531120.45040843 57531685.4483766  57532264.44629444 57532843.44421227
 57533423.4421265  57534002.44004434 57534581.43796217 57535161.4358764
 57535740.43379424 57536319.43171206               nan               nan
               nan               nan               nan               nan
               nan               nan               nan               nan]"	0.0	0.0	0.0
4975.479324119666	2.0	trials	11.0	0.0	0.0	0.0	0.0	0.0	True	20.0	0.0	0.005	"[57594652.22193801 57595228.21986663 57595807.21778446 57596387.2156987
 57596966.21361654 57597545.21153436 57598124.2094522  57598704.20736644
 57599283.20528425 57599862.20320209               nan               nan
               nan               nan               nan               nan
               nan               nan               nan               nan]"	0.0	0.0	0.0
5027.629139780919	2.0	trials	12.0	0.0	0.0	0.0	0.0	0.0	True	0.0	0.0	0.0	"[nan nan nan nan nan nan nan nan nan nan nan nan nan nan nan nan nan nan
 nan nan]"	0.0	0.0	0.0
5034.4333745118465	2.0	trials	12.0	0.0	0.0	0.0	0.0	0.0	True	0.0	0.0	0.0	"[nan nan nan nan nan nan nan nan nan nan nan nan nan nan nan nan nan nan
 nan nan]"	0.0	0.0	0.0
5045.400087073865	2.0	trials	12.0	0.0	0.0	0.0	0.0	0.0	True	0.0	0.0	0.0	"[nan nan nan nan nan nan nan nan nan nan nan nan nan nan nan nan nan nan
 nan nan]"	0.0	0.0	0.0
5055.856263871847	2.0	trials	12.0	0.0	0.0	0.0	0.0	0.0	True	0.0	0.0	0.0	"[nan nan nan nan nan nan nan nan nan nan nan nan nan nan nan nan nan nan
 nan nan]"	0.0	0.0	0.0
5062.327082201791	2.0	trials	12.0	0.0	0.0	0.0	0.0	0.0	True	0.0	0.0	0.0	"[nan nan nan nan nan nan nan nan nan nan nan nan nan nan nan nan nan nan
 nan nan]"	0.0	0.0	0.0
5072.167142815421	2.0	trials	12.0	0.0	0.0	0.0	0.0	0.0	True	0.0	0.0	0.0	"[nan nan nan nan nan nan nan nan nan nan nan nan nan nan nan nan nan nan
 nan nan]"	0.0	0.0	0.0
5080.977405532364	2.0	trials	12.0	0.0	0.0	0.0	0.0	0.0	True	0.0	0.0	0.0	"[nan nan nan nan nan nan nan nan nan nan nan nan nan nan nan nan nan nan
 nan nan]"	0.0	0.0	0.0
5089.933770123901	2.0	trials	12.0	0.0	0.0	0.0	0.0	0.0	True	0.0	0.0	0.0	"[nan nan nan nan nan nan nan nan nan nan nan nan nan nan nan nan nan nan
 nan nan]"	0.0	0.0	0.0
5100.600934963139	2.0	trials	12.0	0.0	0.0	0.0	0.0	0.0	True	0.0	0.0	0.0	"[nan nan nan nan nan nan nan nan nan nan nan nan nan nan nan nan nan nan
 nan nan]"	0.0	0.0	0.0
5108.281608142258	2.0	trials	12.0	0.0	0.0	0.0	0.0	0.0	True	0.0	0.0	0.0	"[nan nan nan nan nan nan nan nan nan nan nan nan nan nan nan nan nan nan
 nan nan]"	0.0	0.0	0.0
5115.153407430213	2.0	trials	12.0	0.0	0.0	0.0	0.0	0.0	True	0.0	0.0	0.0	"[nan nan nan nan nan nan nan nan nan nan nan nan nan nan nan nan nan nan
 nan nan]"	0.0	0.0	0.0
5125.333710020281	2.0	trials	12.0	0.0	0.0	0.0	0.0	0.0	True	0.0	0.0	0.0	"[nan nan nan nan nan nan nan nan nan nan nan nan nan nan nan nan nan nan
 nan nan]"	0.0	0.0	0.0
5134.231063624031	2.0	trials	12.0	0.0	0.0	0.0	0.0	0.0	True	0.0	0.0	0.0	"[nan nan nan nan nan nan nan nan nan nan nan nan nan nan nan nan nan nan
 nan nan]"	0.0	0.0	0.0
5140.7053379415465	2.0	trials	12.0	0.0	0.0	0.0	0.0	0.0	True	0.0	0.0	0.0	"[nan nan nan nan nan nan nan nan nan nan nan nan nan nan nan nan nan nan
 nan nan]"	0.0	0.0	0.0
5149.949931896567	2.0	trials	12.0	0.0	0.0	0.0	0.0	0.0	True	0.0	0.0	0.0	"[nan nan nan nan nan nan nan nan nan nan nan nan nan nan nan nan nan nan
 nan nan]"	0.0	0.0	0.0
5160.367488033435	2.0	trials	12.0	0.0	0.0	0.0	0.0	0.0	True	0.0	0.0	0.0	"[nan nan nan nan nan nan nan nan nan nan nan nan nan nan nan nan nan nan
 nan nan]"	0.0	0.0	0.0
5171.241320929462	2.0	trials	12.0	0.0	0.0	0.0	0.0	0.0	True	0.0	0.0	0.0	"[nan nan nan nan nan nan nan nan nan nan nan nan nan nan nan nan nan nan
 nan nan]"	0.0	0.0	0.0
5181.300923153588	2.0	trials	12.0	0.0	0.0	0.0	0.0	0.0	True	0.0	0.0	0.0	"[nan nan nan nan nan nan nan nan nan nan nan nan nan nan nan nan nan nan
 nan nan]"	0.0	0.0	0.0
5189.0890775461885	2.0	trials	12.0	0.0	0.0	0.0	0.0	0.0	True	0.0	0.0	0.0	"[nan nan nan nan nan nan nan nan nan nan nan nan nan nan nan nan nan nan
 nan nan]"	0.0	0.0	0.0
5196.601271331187	2.0	trials	12.0	0.0	0.0	0.0	0.0	0.0	True	0.0	0.0	0.0	"[nan nan nan nan nan nan nan nan nan nan nan nan nan nan nan nan nan nan
 nan nan]"	0.0	0.0	0.0
5207.619564507711	2.0	trials	12.0	0.0	0.0	0.0	0.0	0.0	True	0.0	0.0	0.0	"[nan nan nan nan nan nan nan nan nan nan nan nan nan nan nan nan nan nan
 nan nan]"	0.0	0.0	0.0
5218.199206461695	2.0	trials	12.0	0.0	0.0	0.0	0.0	0.0	True	0.0	0.0	0.0	"[nan nan nan nan nan nan nan nan nan nan nan nan nan nan nan nan nan nan
 nan nan]"	0.0	0.0	0.0
5228.233061578411	2.0	trials	12.0	0.0	0.0	0.0	0.0	0.0	True	0.0	0.0	0.0	"[nan nan nan nan nan nan nan nan nan nan nan nan nan nan nan nan nan nan
 nan nan]"	0.0	0.0	0.0
5234.731182210171	2.0	trials	12.0	0.0	0.0	0.0	0.0	0.0	True	0.0	0.0	0.0	"[nan nan nan nan nan nan nan nan nan nan nan nan nan nan nan nan nan nan
 nan nan]"	0.0	0.0	0.0
5244.577377201742	2.0	trials	12.0	0.0	0.0	0.0	0.0	0.0	True	0.0	0.0	0.0	"[nan nan nan nan nan nan nan nan nan nan nan nan nan nan nan nan nan nan
 nan nan]"	0.0	0.0	0.0
5255.143195205437	2.0	trials	12.0	0.0	0.0	0.0	0.0	0.0	True	0.0	0.0	0.0	"[nan nan nan nan nan nan nan nan nan nan nan nan nan nan nan nan nan nan
 nan nan]"	0.0	0.0	0.0
5261.97974342016	2.0	trials	12.0	0.0	0.0	0.0	0.0	0.0	True	0.0	0.0	0.0	"[nan nan nan nan nan nan nan nan nan nan nan nan nan nan nan nan nan nan
 nan nan]"	0.0	0.0	0.0
5271.547213014071	2.0	trials	12.0	0.0	0.0	0.0	0.0	0.0	True	0.0	0.0	0.0	"[nan nan nan nan nan nan nan nan nan nan nan nan nan nan nan nan nan nan
 nan nan]"	0.0	0.0	0.0
5282.587710910744	2.0	trials	12.0	0.0	0.0	0.0	0.0	0.0	True	0.0	0.0	0.0	"[nan nan nan nan nan nan nan nan nan nan nan nan nan nan nan nan nan nan
 nan nan]"	0.0	0.0	0.0
5289.52301397033	2.0	trials	12.0	0.0	0.0	0.0	0.0	0.0	True	0.0	0.0	0.0	"[nan nan nan nan nan nan nan nan nan nan nan nan nan nan nan nan nan nan
 nan nan]"	0.0	0.0	0.0
