onset	duration	nwb_table	Block	sound	sound_puretone	sound_bluenoise	sound_freq	sound_amp	optogenetics	opto_freq	opto_power	opto_pulse_duration	opto_pulse_ts	airpuff	airpuff_duration	airpuff_amp
308.1608982123262	2.0	trials	1.0	1.0	1.0	0.0	10000.0	1.0	False	0.0	0.0	0.0	"[nan nan nan nan nan nan nan nan nan nan nan nan nan nan nan nan nan nan
 nan nan]"	0.0	0.0	0.0
314.77255135369836	2.0	trials	1.0	1.0	1.0	0.0	10000.0	1.0	False	0.0	0.0	0.0	"[nan nan nan nan nan nan nan nan nan nan nan nan nan nan nan nan nan nan
 nan nan]"	0.0	0.0	0.0
323.7908690480595	2.0	trials	1.0	1.0	1.0	0.0	10000.0	1.0	False	0.0	0.0	0.0	"[nan nan nan nan nan nan nan nan nan nan nan nan nan nan nan nan nan nan
 nan nan]"	0.0	0.0	0.0
332.2380845095987	2.0	trials	1.0	1.0	1.0	0.0	10000.0	1.0	False	0.0	0.0	0.0	"[nan nan nan nan nan nan nan nan nan nan nan nan nan nan nan nan nan nan
 nan nan]"	0.0	0.0	0.0
341.93481290473414	2.0	trials	1.0	1.0	1.0	0.0	10000.0	1.0	False	0.0	0.0	0.0	"[nan nan nan nan nan nan nan nan nan nan nan nan nan nan nan nan nan nan
 nan nan]"	0.0	0.0	0.0
352.16480044979056	2.0	trials	1.0	1.0	1.0	0.0	10000.0	1.0	False	0.0	0.0	0.0	"[nan nan nan nan nan nan nan nan nan nan nan nan nan nan nan nan nan nan
 nan nan]"	0.0	0.0	0.0
361.81867457753117	2.0	trials	1.0	1.0	1.0	0.0	10000.0	1.0	False	0.0	0.0	0.0	"[nan nan nan nan nan nan nan nan nan nan nan nan nan nan nan nan nan nan
 nan nan]"	0.0	0.0	0.0
370.0232795897868	2.0	trials	1.0	1.0	1.0	0.0	10000.0	1.0	False	0.0	0.0	0.0	"[nan nan nan nan nan nan nan nan nan nan nan nan nan nan nan nan nan nan
 nan nan]"	0.0	0.0	0.0
377.08438414040864	2.0	trials	1.0	1.0	1.0	0.0	10000.0	1.0	False	0.0	0.0	0.0	"[nan nan nan nan nan nan nan nan nan nan nan nan nan nan nan nan nan nan
 nan nan]"	0.0	0.0	0.0
383.8525935973442	2.0	trials	1.0	1.0	1.0	0.0	10000.0	1.0	False	0.0	0.0	0.0	"[nan nan nan nan nan nan nan nan nan nan nan nan nan nan nan nan nan nan
 nan nan]"	0.0	0.0	0.0
394.14357935365206	2.0	trials	1.0	1.0	1.0	0.0	10000.0	1.0	False	0.0	0.0	0.0	"[nan nan nan nan nan nan nan nan nan nan nan nan nan nan nan nan nan nan
 nan nan]"	0.0	0.0	0.0
403.2808694798734	2.0	trials	1.0	1.0	1.0	0.0	10000.0	1.0	False	0.0	0.0	0.0	"[nan nan nan nan nan nan nan nan nan nan nan nan nan nan nan nan nan nan
 nan nan]"	0.0	0.0	0.0
413.6290518591962	2.0	trials	1.0	1.0	1.0	0.0	10000.0	1.0	False	0.0	0.0	0.0	"[nan nan nan nan nan nan nan nan nan nan nan nan nan nan nan nan nan nan
 nan nan]"	0.0	0.0	0.0
424.7406622762216	2.0	trials	1.0	1.0	1.0	0.0	10000.0	1.0	False	0.0	0.0	0.0	"[nan nan nan nan nan nan nan nan nan nan nan nan nan nan nan nan nan nan
 nan nan]"	0.0	0.0	0.0
433.30209818432513	2.0	trials	1.0	1.0	1.0	0.0	10000.0	1.0	False	0.0	0.0	0.0	"[nan nan nan nan nan nan nan nan nan nan nan nan nan nan nan nan nan nan
 nan nan]"	0.0	0.0	0.0
444.1986596667827	2.0	trials	1.0	1.0	1.0	0.0	10000.0	1.0	False	0.0	0.0	0.0	"[nan nan nan nan nan nan nan nan nan nan nan nan nan nan nan nan nan nan
 nan nan]"	0.0	0.0	0.0
451.9057750184348	2.0	trials	1.0	1.0	1.0	0.0	10000.0	1.0	False	0.0	0.0	0.0	"[nan nan nan nan nan nan nan nan nan nan nan nan nan nan nan nan nan nan
 nan nan]"	0.0	0.0	0.0
460.7119813691381	2.0	trials	1.0	1.0	1.0	0.0	10000.0	1.0	False	0.0	0.0	0.0	"[nan nan nan nan nan nan nan nan nan nan nan nan nan nan nan nan nan nan
 nan nan]"	0.0	0.0	0.0
468.60684333984057	2.0	trials	1.0	1.0	1.0	0.0	10000.0	1.0	False	0.0	0.0	0.0	"[nan nan nan nan nan nan nan nan nan nan nan nan nan nan nan nan nan nan
 nan nan]"	0.0	0.0	0.0
477.1150570126312	2.0	trials	1.0	1.0	1.0	0.0	10000.0	1.0	False	0.0	0.0	0.0	"[nan nan nan nan nan nan nan nan nan nan nan nan nan nan nan nan nan nan
 nan nan]"	0.0	0.0	0.0
483.6191424868531	2.0	trials	1.0	1.0	1.0	0.0	10000.0	1.0	False	0.0	0.0	0.0	"[nan nan nan nan nan nan nan nan nan nan nan nan nan nan nan nan nan nan
 nan nan]"	0.0	0.0	0.0
493.1049691345879	2.0	trials	1.0	1.0	1.0	0.0	10000.0	1.0	False	0.0	0.0	0.0	"[nan nan nan nan nan nan nan nan nan nan nan nan nan nan nan nan nan nan
 nan nan]"	0.0	0.0	0.0
502.0628934158262	2.0	trials	1.0	1.0	1.0	0.0	10000.0	1.0	False	0.0	0.0	0.0	"[nan nan nan nan nan nan nan nan nan nan nan nan nan nan nan nan nan nan
 nan nan]"	0.0	0.0	0.0
509.82988378220523	2.0	trials	1.0	1.0	1.0	0.0	10000.0	1.0	False	0.0	0.0	0.0	"[nan nan nan nan nan nan nan nan nan nan nan nan nan nan nan nan nan nan
 nan nan]"	0.0	0.0	0.0
519.8412800036551	2.0	trials	1.0	1.0	1.0	0.0	10000.0	1.0	False	0.0	0.0	0.0	"[nan nan nan nan nan nan nan nan nan nan nan nan nan nan nan nan nan nan
 nan nan]"	0.0	0.0	0.0
527.4012566106029	2.0	trials	1.0	1.0	1.0	0.0	10000.0	1.0	False	0.0	0.0	0.0	"[nan nan nan nan nan nan nan nan nan nan nan nan nan nan nan nan nan nan
 nan nan]"	0.0	0.0	0.0
537.6660632479175	2.0	trials	1.0	1.0	1.0	0.0	10000.0	1.0	False	0.0	0.0	0.0	"[nan nan nan nan nan nan nan nan nan nan nan nan nan nan nan nan nan nan
 nan nan]"	0.0	0.0	0.0
544.3390601994719	2.0	trials	1.0	1.0	1.0	0.0	10000.0	1.0	False	0.0	0.0	0.0	"[nan nan nan nan nan nan nan nan nan nan nan nan nan nan nan nan nan nan
 nan nan]"	0.0	0.0	0.0
551.5799625937401	2.0	trials	1.0	1.0	1.0	0.0	10000.0	1.0	False	0.0	0.0	0.0	"[nan nan nan nan nan nan nan nan nan nan nan nan nan nan nan nan nan nan
 nan nan]"	0.0	0.0	0.0
559.0897409560177	2.0	trials	1.0	1.0	1.0	0.0	10000.0	1.0	False	0.0	0.0	0.0	"[nan nan nan nan nan nan nan nan nan nan nan nan nan nan nan nan nan nan
 nan nan]"	0.0	0.0	0.0
569.9412017780315	2.0	trials	1.0	1.0	1.0	0.0	10000.0	1.0	False	0.0	0.0	0.0	"[nan nan nan nan nan nan nan nan nan nan nan nan nan nan nan nan nan nan
 nan nan]"	0.0	0.0	0.0
579.363524622268	2.0	trials	1.0	1.0	1.0	0.0	10000.0	1.0	False	0.0	0.0	0.0	"[nan nan nan nan nan nan nan nan nan nan nan nan nan nan nan nan nan nan
 nan nan]"	0.0	0.0	0.0
588.8115081871017	2.0	trials	1.0	1.0	1.0	0.0	10000.0	1.0	False	0.0	0.0	0.0	"[nan nan nan nan nan nan nan nan nan nan nan nan nan nan nan nan nan nan
 nan nan]"	0.0	0.0	0.0
599.7011576909471	2.0	trials	1.0	1.0	1.0	0.0	10000.0	1.0	False	0.0	0.0	0.0	"[nan nan nan nan nan nan nan nan nan nan nan nan nan nan nan nan nan nan
 nan nan]"	0.0	0.0	0.0
610.5791432308847	2.0	trials	1.0	1.0	1.0	0.0	10000.0	1.0	False	0.0	0.0	0.0	"[nan nan nan nan nan nan nan nan nan nan nan nan nan nan nan nan nan nan
 nan nan]"	0.0	0.0	0.0
616.9755746382237	2.0	trials	1.0	1.0	1.0	0.0	10000.0	1.0	False	0.0	0.0	0.0	"[nan nan nan nan nan nan nan nan nan nan nan nan nan nan nan nan nan nan
 nan nan]"	0.0	0.0	0.0
627.9855789696519	2.0	trials	1.0	1.0	1.0	0.0	10000.0	1.0	False	0.0	0.0	0.0	"[nan nan nan nan nan nan nan nan nan nan nan nan nan nan nan nan nan nan
 nan nan]"	0.0	0.0	0.0
636.4033321223571	2.0	trials	1.0	1.0	1.0	0.0	10000.0	1.0	False	0.0	0.0	0.0	"[nan nan nan nan nan nan nan nan nan nan nan nan nan nan nan nan nan nan
 nan nan]"	0.0	0.0	0.0
643.8097764043843	2.0	trials	1.0	1.0	1.0	0.0	10000.0	1.0	False	0.0	0.0	0.0	"[nan nan nan nan nan nan nan nan nan nan nan nan nan nan nan nan nan nan
 nan nan]"	0.0	0.0	0.0
651.4934774284881	2.0	trials	1.0	1.0	1.0	0.0	10000.0	1.0	False	0.0	0.0	0.0	"[nan nan nan nan nan nan nan nan nan nan nan nan nan nan nan nan nan nan
 nan nan]"	0.0	0.0	0.0
660.9374002058871	2.0	trials	1.0	1.0	1.0	0.0	10000.0	1.0	False	0.0	0.0	0.0	"[nan nan nan nan nan nan nan nan nan nan nan nan nan nan nan nan nan nan
 nan nan]"	0.0	0.0	0.0
667.791922995741	2.0	trials	1.0	1.0	1.0	0.0	10000.0	1.0	False	0.0	0.0	0.0	"[nan nan nan nan nan nan nan nan nan nan nan nan nan nan nan nan nan nan
 nan nan]"	0.0	0.0	0.0
677.1135037517065	2.0	trials	1.0	1.0	1.0	0.0	10000.0	1.0	False	0.0	0.0	0.0	"[nan nan nan nan nan nan nan nan nan nan nan nan nan nan nan nan nan nan
 nan nan]"	0.0	0.0	0.0
687.3997375227185	2.0	trials	1.0	1.0	1.0	0.0	10000.0	1.0	False	0.0	0.0	0.0	"[nan nan nan nan nan nan nan nan nan nan nan nan nan nan nan nan nan nan
 nan nan]"	0.0	0.0	0.0
696.3557610098385	2.0	trials	1.0	1.0	1.0	0.0	10000.0	1.0	False	0.0	0.0	0.0	"[nan nan nan nan nan nan nan nan nan nan nan nan nan nan nan nan nan nan
 nan nan]"	0.0	0.0	0.0
704.9717151492447	2.0	trials	1.0	1.0	1.0	0.0	10000.0	1.0	False	0.0	0.0	0.0	"[nan nan nan nan nan nan nan nan nan nan nan nan nan nan nan nan nan nan
 nan nan]"	0.0	0.0	0.0
714.2115617581226	2.0	trials	1.0	1.0	1.0	0.0	10000.0	1.0	False	0.0	0.0	0.0	"[nan nan nan nan nan nan nan nan nan nan nan nan nan nan nan nan nan nan
 nan nan]"	0.0	0.0	0.0
723.5594944325466	2.0	trials	1.0	1.0	1.0	0.0	10000.0	1.0	False	0.0	0.0	0.0	"[nan nan nan nan nan nan nan nan nan nan nan nan nan nan nan nan nan nan
 nan nan]"	0.0	0.0	0.0
730.268347273151	2.0	trials	1.0	1.0	1.0	0.0	10000.0	1.0	False	0.0	0.0	0.0	"[nan nan nan nan nan nan nan nan nan nan nan nan nan nan nan nan nan nan
 nan nan]"	0.0	0.0	0.0
736.873606834307	2.0	trials	1.0	1.0	1.0	0.0	10000.0	1.0	False	0.0	0.0	0.0	"[nan nan nan nan nan nan nan nan nan nan nan nan nan nan nan nan nan nan
 nan nan]"	0.0	0.0	0.0
799.9874019394823	2.0	trials	1.0	1.0	1.0	0.0	10000.0	1.0	False	0.0	0.0	0.0	"[nan nan nan nan nan nan nan nan nan nan nan nan nan nan nan nan nan nan
 nan nan]"	0.0	0.0	0.0
809.338877002945	2.0	trials	1.0	1.0	1.0	0.0	10000.0	1.0	False	0.0	0.0	0.0	"[nan nan nan nan nan nan nan nan nan nan nan nan nan nan nan nan nan nan
 nan nan]"	0.0	0.0	0.0
817.032945994967	2.0	trials	1.0	1.0	1.0	0.0	10000.0	1.0	False	0.0	0.0	0.0	"[nan nan nan nan nan nan nan nan nan nan nan nan nan nan nan nan nan nan
 nan nan]"	0.0	0.0	0.0
826.8549540024462	2.0	trials	1.0	1.0	1.0	0.0	10000.0	1.0	False	0.0	0.0	0.0	"[nan nan nan nan nan nan nan nan nan nan nan nan nan nan nan nan nan nan
 nan nan]"	0.0	0.0	0.0
834.8233421456345	2.0	trials	1.0	1.0	1.0	0.0	10000.0	1.0	False	0.0	0.0	0.0	"[nan nan nan nan nan nan nan nan nan nan nan nan nan nan nan nan nan nan
 nan nan]"	0.0	0.0	0.0
844.5548032332955	2.0	trials	1.0	1.0	1.0	0.0	10000.0	1.0	False	0.0	0.0	0.0	"[nan nan nan nan nan nan nan nan nan nan nan nan nan nan nan nan nan nan
 nan nan]"	0.0	0.0	0.0
851.8331167118014	2.0	trials	1.0	1.0	1.0	0.0	10000.0	1.0	False	0.0	0.0	0.0	"[nan nan nan nan nan nan nan nan nan nan nan nan nan nan nan nan nan nan
 nan nan]"	0.0	0.0	0.0
861.5889425240701	2.0	trials	1.0	1.0	1.0	0.0	10000.0	1.0	False	0.0	0.0	0.0	"[nan nan nan nan nan nan nan nan nan nan nan nan nan nan nan nan nan nan
 nan nan]"	0.0	0.0	0.0
870.4392991381579	2.0	trials	1.0	1.0	1.0	0.0	10000.0	1.0	False	0.0	0.0	0.0	"[nan nan nan nan nan nan nan nan nan nan nan nan nan nan nan nan nan nan
 nan nan]"	0.0	0.0	0.0
880.956911393209	2.0	trials	1.0	1.0	1.0	0.0	10000.0	1.0	False	0.0	0.0	0.0	"[nan nan nan nan nan nan nan nan nan nan nan nan nan nan nan nan nan nan
 nan nan]"	0.0	0.0	0.0
887.2392087537163	2.0	trials	1.0	1.0	1.0	0.0	10000.0	1.0	False	0.0	0.0	0.0	"[nan nan nan nan nan nan nan nan nan nan nan nan nan nan nan nan nan nan
 nan nan]"	0.0	0.0	0.0
898.1291174567599	2.0	trials	1.0	1.0	1.0	0.0	10000.0	1.0	False	0.0	0.0	0.0	"[nan nan nan nan nan nan nan nan nan nan nan nan nan nan nan nan nan nan
 nan nan]"	0.0	0.0	0.0
907.92736553776	2.0	trials	1.0	1.0	1.0	0.0	10000.0	1.0	False	0.0	0.0	0.0	"[nan nan nan nan nan nan nan nan nan nan nan nan nan nan nan nan nan nan
 nan nan]"	0.0	0.0	0.0
918.8596965095348	2.0	trials	1.0	1.0	1.0	0.0	10000.0	1.0	False	0.0	0.0	0.0	"[nan nan nan nan nan nan nan nan nan nan nan nan nan nan nan nan nan nan
 nan nan]"	0.0	0.0	0.0
925.5131671215102	2.0	trials	1.0	1.0	1.0	0.0	10000.0	1.0	False	0.0	0.0	0.0	"[nan nan nan nan nan nan nan nan nan nan nan nan nan nan nan nan nan nan
 nan nan]"	0.0	0.0	0.0
935.4256356490748	2.0	trials	1.0	1.0	1.0	0.0	10000.0	1.0	False	0.0	0.0	0.0	"[nan nan nan nan nan nan nan nan nan nan nan nan nan nan nan nan nan nan
 nan nan]"	0.0	0.0	0.0
945.757574878659	2.0	trials	1.0	1.0	1.0	0.0	10000.0	1.0	False	0.0	0.0	0.0	"[nan nan nan nan nan nan nan nan nan nan nan nan nan nan nan nan nan nan
 nan nan]"	0.0	0.0	0.0
954.3615194552268	2.0	trials	1.0	1.0	1.0	0.0	10000.0	1.0	False	0.0	0.0	0.0	"[nan nan nan nan nan nan nan nan nan nan nan nan nan nan nan nan nan nan
 nan nan]"	0.0	0.0	0.0
964.6876699027237	2.0	trials	1.0	1.0	1.0	0.0	10000.0	1.0	False	0.0	0.0	0.0	"[nan nan nan nan nan nan nan nan nan nan nan nan nan nan nan nan nan nan
 nan nan]"	0.0	0.0	0.0
972.1351540577601	2.0	trials	1.0	1.0	1.0	0.0	10000.0	1.0	False	0.0	0.0	0.0	"[nan nan nan nan nan nan nan nan nan nan nan nan nan nan nan nan nan nan
 nan nan]"	0.0	0.0	0.0
979.7679656393324	2.0	trials	1.0	1.0	1.0	0.0	10000.0	1.0	False	0.0	0.0	0.0	"[nan nan nan nan nan nan nan nan nan nan nan nan nan nan nan nan nan nan
 nan nan]"	0.0	0.0	0.0
988.0034153561445	2.0	trials	1.0	1.0	1.0	0.0	10000.0	1.0	False	0.0	0.0	0.0	"[nan nan nan nan nan nan nan nan nan nan nan nan nan nan nan nan nan nan
 nan nan]"	0.0	0.0	0.0
994.6281148571468	2.0	trials	1.0	1.0	1.0	0.0	10000.0	1.0	False	0.0	0.0	0.0	"[nan nan nan nan nan nan nan nan nan nan nan nan nan nan nan nan nan nan
 nan nan]"	0.0	0.0	0.0
1000.8739515304754	2.0	trials	1.0	1.0	1.0	0.0	10000.0	1.0	False	0.0	0.0	0.0	"[nan nan nan nan nan nan nan nan nan nan nan nan nan nan nan nan nan nan
 nan nan]"	0.0	0.0	0.0
1010.4677778440238	2.0	trials	1.0	1.0	1.0	0.0	10000.0	1.0	False	0.0	0.0	0.0	"[nan nan nan nan nan nan nan nan nan nan nan nan nan nan nan nan nan nan
 nan nan]"	0.0	0.0	0.0
1018.3641086101812	2.0	trials	1.0	1.0	1.0	0.0	10000.0	1.0	False	0.0	0.0	0.0	"[nan nan nan nan nan nan nan nan nan nan nan nan nan nan nan nan nan nan
 nan nan]"	0.0	0.0	0.0
1025.1076077435785	2.0	trials	1.0	1.0	1.0	0.0	10000.0	1.0	False	0.0	0.0	0.0	"[nan nan nan nan nan nan nan nan nan nan nan nan nan nan nan nan nan nan
 nan nan]"	0.0	0.0	0.0
1035.265797110802	2.0	trials	1.0	1.0	1.0	0.0	10000.0	1.0	False	0.0	0.0	0.0	"[nan nan nan nan nan nan nan nan nan nan nan nan nan nan nan nan nan nan
 nan nan]"	0.0	0.0	0.0
1042.4655732323286	2.0	trials	1.0	1.0	1.0	0.0	10000.0	1.0	False	0.0	0.0	0.0	"[nan nan nan nan nan nan nan nan nan nan nan nan nan nan nan nan nan nan
 nan nan]"	0.0	0.0	0.0
1050.6407159357502	2.0	trials	1.0	1.0	1.0	0.0	10000.0	1.0	False	0.0	0.0	0.0	"[nan nan nan nan nan nan nan nan nan nan nan nan nan nan nan nan nan nan
 nan nan]"	0.0	0.0	0.0
1058.929387887875	2.0	trials	1.0	1.0	1.0	0.0	10000.0	1.0	False	0.0	0.0	0.0	"[nan nan nan nan nan nan nan nan nan nan nan nan nan nan nan nan nan nan
 nan nan]"	0.0	0.0	0.0
1068.4878767107691	2.0	trials	1.0	1.0	1.0	0.0	10000.0	1.0	False	0.0	0.0	0.0	"[nan nan nan nan nan nan nan nan nan nan nan nan nan nan nan nan nan nan
 nan nan]"	0.0	0.0	0.0
1075.6155090555321	2.0	trials	1.0	1.0	1.0	0.0	10000.0	1.0	False	0.0	0.0	0.0	"[nan nan nan nan nan nan nan nan nan nan nan nan nan nan nan nan nan nan
 nan nan]"	0.0	0.0	0.0
1082.062225107274	2.0	trials	1.0	1.0	1.0	0.0	10000.0	1.0	False	0.0	0.0	0.0	"[nan nan nan nan nan nan nan nan nan nan nan nan nan nan nan nan nan nan
 nan nan]"	0.0	0.0	0.0
1089.847618616708	2.0	trials	1.0	1.0	1.0	0.0	10000.0	1.0	False	0.0	0.0	0.0	"[nan nan nan nan nan nan nan nan nan nan nan nan nan nan nan nan nan nan
 nan nan]"	0.0	0.0	0.0
1096.267723550793	2.0	trials	1.0	1.0	1.0	0.0	10000.0	1.0	False	0.0	0.0	0.0	"[nan nan nan nan nan nan nan nan nan nan nan nan nan nan nan nan nan nan
 nan nan]"	0.0	0.0	0.0
1104.055795451939	2.0	trials	1.0	1.0	1.0	0.0	10000.0	1.0	False	0.0	0.0	0.0	"[nan nan nan nan nan nan nan nan nan nan nan nan nan nan nan nan nan nan
 nan nan]"	0.0	0.0	0.0
1114.1548010022968	2.0	trials	1.0	1.0	1.0	0.0	10000.0	1.0	False	0.0	0.0	0.0	"[nan nan nan nan nan nan nan nan nan nan nan nan nan nan nan nan nan nan
 nan nan]"	0.0	0.0	0.0
1124.179934781238	2.0	trials	1.0	1.0	1.0	0.0	10000.0	1.0	False	0.0	0.0	0.0	"[nan nan nan nan nan nan nan nan nan nan nan nan nan nan nan nan nan nan
 nan nan]"	0.0	0.0	0.0
1132.8498023538184	2.0	trials	1.0	1.0	1.0	0.0	10000.0	1.0	False	0.0	0.0	0.0	"[nan nan nan nan nan nan nan nan nan nan nan nan nan nan nan nan nan nan
 nan nan]"	0.0	0.0	0.0
1143.9620175689724	2.0	trials	1.0	1.0	1.0	0.0	10000.0	1.0	False	0.0	0.0	0.0	"[nan nan nan nan nan nan nan nan nan nan nan nan nan nan nan nan nan nan
 nan nan]"	0.0	0.0	0.0
1153.8501213719294	2.0	trials	1.0	1.0	1.0	0.0	10000.0	1.0	False	0.0	0.0	0.0	"[nan nan nan nan nan nan nan nan nan nan nan nan nan nan nan nan nan nan
 nan nan]"	0.0	0.0	0.0
1160.547569447824	2.0	trials	1.0	1.0	1.0	0.0	10000.0	1.0	False	0.0	0.0	0.0	"[nan nan nan nan nan nan nan nan nan nan nan nan nan nan nan nan nan nan
 nan nan]"	0.0	0.0	0.0
1171.0701064876362	2.0	trials	1.0	1.0	1.0	0.0	10000.0	1.0	False	0.0	0.0	0.0	"[nan nan nan nan nan nan nan nan nan nan nan nan nan nan nan nan nan nan
 nan nan]"	0.0	0.0	0.0
1180.5441827717302	2.0	trials	1.0	1.0	1.0	0.0	10000.0	1.0	False	0.0	0.0	0.0	"[nan nan nan nan nan nan nan nan nan nan nan nan nan nan nan nan nan nan
 nan nan]"	0.0	0.0	0.0
1190.677834614881	2.0	trials	1.0	1.0	1.0	0.0	10000.0	1.0	False	0.0	0.0	0.0	"[nan nan nan nan nan nan nan nan nan nan nan nan nan nan nan nan nan nan
 nan nan]"	0.0	0.0	0.0
1197.5061782857417	2.0	trials	1.0	1.0	1.0	0.0	10000.0	1.0	False	0.0	0.0	0.0	"[nan nan nan nan nan nan nan nan nan nan nan nan nan nan nan nan nan nan
 nan nan]"	0.0	0.0	0.0
1206.0081711777814	2.0	trials	1.0	1.0	1.0	0.0	10000.0	1.0	False	0.0	0.0	0.0	"[nan nan nan nan nan nan nan nan nan nan nan nan nan nan nan nan nan nan
 nan nan]"	0.0	0.0	0.0
1213.0881972698537	2.0	trials	1.0	1.0	1.0	0.0	10000.0	1.0	False	0.0	0.0	0.0	"[nan nan nan nan nan nan nan nan nan nan nan nan nan nan nan nan nan nan
 nan nan]"	0.0	0.0	0.0
1219.874291471448	2.0	trials	1.0	1.0	1.0	0.0	10000.0	1.0	False	0.0	0.0	0.0	"[nan nan nan nan nan nan nan nan nan nan nan nan nan nan nan nan nan nan
 nan nan]"	0.0	0.0	0.0
1280.4453424447092	2.0	trials	2.0	1.0	1.0	0.0	10000.0	1.0	True	40.0	0.0	0.005	"[14828080.21606529 14828371.21516484 14828660.21427058 14828950.21337322
 14829240.21247587 14829529.21158161 14829819.21068425 14830109.2097869
 14830398.20889264 14830688.20799529 14830978.20709793 14831266.20620677
 14831556.20530941 14831846.20441206 14832135.2035178  14832425.20262044
 14832715.20172309 14833005.20082573 14833295.19992838 14833584.19903412]"	0.0	0.0	0.0
1289.1576322860212	2.0	trials	2.0	1.0	1.0	0.0	10000.0	1.0	True	40.0	0.0	0.005	"[14928916.90404279 14929206.90314543 14929495.90225118 14929785.90135382
 14930075.90045647 14930364.89956221 14930654.89866485 14930944.8977675
 14931234.89687014 14931522.89597898 14931812.89508162 14932102.89418427
 14932392.89328691 14932682.89238956 14932971.8914953  14933261.89059795
 14933551.88970059 14933840.88880633 14934129.88791207 14934420.88701162]"	0.0	0.0	0.0
1299.3814854500595	2.0	trials	2.0	1.0	1.0	0.0	10000.0	1.0	True	40.0	0.0	0.005	"[15047249.53788197 15047539.53698462 15047827.53609345 15048118.535193
 15048408.53429565 15048697.53340139 15048987.53250403 15049276.53160977
 15049566.53071242 15049856.52981507 15050145.52892081 15050435.52802345
 15050725.5271261  15051013.52623493 15051304.52533448 15051594.52443713
 15051883.52354287 15052172.52264861 15052463.52174816 15052752.5208539 ]"	0.0	0.0	0.0
1307.7300324169112	2.0	trials	2.0	1.0	1.0	0.0	10000.0	1.0	True	40.0	0.0	0.005	"[15143876.23888658 15144166.23798923 15144455.23709497 15144744.23620071
 15145035.23530026 15145325.23440291 15145614.23350864 15145903.23261439
 15146193.23171703 15146482.23082277 15146773.22992232 15147062.22902806
 15147352.22813071 15147641.22723645 15147931.22633909 15148220.22544483
 15148510.22454748 15148800.22365012 15149089.22275587 15149379.22185851]"	0.0	0.0	0.0
1315.8156649973066	2.0	trials	2.0	1.0	1.0	0.0	10000.0	1.0	True	40.0	0.0	0.005	"[15237459.94930723 15237748.94841297 15238039.94751252 15238327.94662135
 15238617.945724   15238906.94482974 15239196.94393239 15239486.94303503
 15239776.94213768 15240066.94124032 15240355.94034606 15240645.93944871
 15240934.93855445 15241224.93765709 15241513.93676283 15241803.93586548
 15242093.93496812 15242382.93407386 15242672.93317651 15242962.93227916]"	0.0	0.0	0.0
1323.0757481322232	2.0	trials	2.0	1.0	1.0	0.0	10000.0	1.0	True	40.0	0.0	0.005	"[15321489.68929106 15321778.6883968  15322067.68750254 15322357.68660518
 15322647.68570783 15322936.68481357 15323226.68391621 15323515.68302196
 15323805.6821246  15324095.68122725 15324385.68032989 15324674.67943563
 15324963.67854137 15325254.67764092 15325543.67674666 15325832.6758524
 15326123.67495195 15326411.67406079 15326702.67316034 15326992.67226299]"	0.0	0.0	0.0
1331.452029413256	2.0	trials	2.0	1.0	1.0	0.0	10000.0	1.0	True	40.0	0.0	0.005	"[15418435.38930858 15418726.38840813 15419015.38751387 15419304.38661961
 15419594.38572226 15419884.3848249  15420173.38393064 15420462.38303638
 15420753.38213594 15421042.38124167 15421332.38034432 15421621.37945006
 15421911.3785527  15422200.37765845 15422490.37676109 15422780.37586373
 15423069.37496948 15423359.37407212 15423649.37317477 15423938.37228051]"	0.0	0.0	0.0
1338.8728160509033	2.0	trials	2.0	1.0	1.0	0.0	10000.0	1.0	True	40.0	0.0	0.005	"[15504325.12353696 15504614.1226427  15504904.12174535 15505193.12085109
 15505483.11995373 15505772.11905948 15506061.11816522 15506351.11726786
 15506641.1163705  15506931.11547315 15507221.1145758  15507510.11368154
 15507800.11278418 15508089.11188992 15508379.11099257 15508669.11009521
 15508958.10920095 15509248.1083036  15509538.10740625 15509827.10651199]"	0.0	0.0	0.0
1347.4660470606225	2.0	trials	2.0	1.0	1.0	0.0	10000.0	1.0	True	40.0	0.0	0.005	"[15603783.81577845 15604071.81488728 15604361.81398992 15604651.81309257
 15604941.81219522 15605230.81130096 15605520.8104036  15605810.80950625
 15606100.80860889 15606389.80771463 15606678.80682037 15606969.80591993
 15607258.80502567 15607547.80413141 15607838.80323096 15608126.80233979
 15608417.80143934 15608706.80054508 15608996.79964773 15609285.79875347]"	0.0	0.0	0.0
1357.9596401899964	2.0	trials	2.0	1.0	1.0	0.0	10000.0	1.0	True	40.0	0.0	0.005	"[15725237.43996024 15725526.43906598 15725816.43816862 15726106.43727127
 15726396.43637392 15726685.43547965 15726974.4345854  15727265.43368495
 15727553.43279378 15727844.43189333 15728133.43099907 15728423.43010172
 15728712.42920746 15729002.42831011 15729291.42741584 15729582.42651539
 15729871.42562114 15730160.42472688 15730451.42382642 15730740.42293216]"	0.0	0.0	0.0
1368.2737810746548	2.0	trials	2.0	1.0	1.0	0.0	10000.0	1.0	True	40.0	0.0	0.005	"[15844614.07056895 15844903.06967469 15845193.06877733 15845482.06788307
 15845772.06698572 15846062.06608836 15846351.0651941  15846641.06429675
 15846930.06340249 15847219.06250823 15847510.06160778 15847800.06071043
 15848090.05981307 15848379.05891881 15848669.05802146 15848958.05712719
 15849247.05623294 15849537.05533559 15849827.05443823 15850117.05354087]"	0.0	0.0	0.0
1378.1798560220034	2.0	trials	2.0	1.0	1.0	0.0	10000.0	1.0	True	40.0	0.0	0.005	"[15959267.71579215 15959557.7148948  15959846.71400054 15960136.71310319
 15960425.71220892 15960715.71131157 15961005.71041422 15961294.70951995
 15961584.7086226  15961874.70772525 15962163.70683098 15962454.70593054
 15962742.70503937 15963032.70414202 15963321.70324776 15963611.7023504
 15963901.70145305 15964191.7005557  15964480.69966143 15964770.69876408]"	0.0	0.0	0.0
1388.440429072418	2.0	trials	2.0	1.0	1.0	0.0	10000.0	1.0	True	40.0	0.0	0.005	"[16078024.34831934 16078314.34742199 16078603.34652773 16078892.34563347
 16079182.34473611 16079473.34383566 16079761.3429445  16080052.34204405
 16080340.34115288 16080630.34025553 16080920.33935817 16081210.33846082
 16081499.33756656 16081789.33666921 16082079.33577185 16082369.3348745
 16082658.33398024 16082948.33308288 16083237.33218862 16083526.33129436]"	0.0	0.0	0.0
1398.5378794275882	2.0	trials	2.0	1.0	1.0	0.0	10000.0	1.0	True	40.0	0.0	0.005	"[16194892.98668862 16195181.98579436 16195471.984897   16195761.98399965
 16196050.98310539 16196340.98220804 16196629.98131377 16196919.98041642
 16197208.97952216 16197498.9786248  16197788.97772745 16198078.9768301
 16198367.97593584 16198657.97503848 16198946.97414422 16199236.97324687
 16199526.97234951 16199816.97145216 16200106.97055481 16200395.96966054]"	0.0	0.0	0.0
1408.8638570756195	2.0	trials	2.0	1.0	1.0	0.0	10000.0	1.0	True	40.0	0.0	0.005	"[16314405.6168765  16314695.61597914 16314985.61508179 16315274.61418753
 16315564.61329017 16315854.61239282 16316143.61149856 16316433.61060121
 16316722.60970694 16317012.60880959 16317302.60791223 16317592.60701488
 16317882.60611753 16318171.60522327 16318460.60432901 16318751.60342856
 16319040.6025343  16319330.60163694 16319619.60074268 16319908.59984842]"	0.0	0.0	0.0
1415.3199042984877	2.0	trials	2.0	1.0	1.0	0.0	10000.0	1.0	True	40.0	0.0	0.005	"[16389128.38565921 16389418.38476186 16389707.3838676  16389997.38297025
 16390286.38207598 16390576.38117863 16390865.38028437 16391156.37938392
 16391445.37848966 16391735.37759231 16392024.37669805 16392314.37580069
 16392604.37490334 16392893.37400908 16393183.37311172 16393473.37221437
 16393762.37132011 16394052.37042275 16394342.3695254  16394632.36862805]"	0.0	0.0	0.0
1425.4060362886803	2.0	trials	2.0	1.0	1.0	0.0	10000.0	1.0	True	40.0	0.0	0.005	"[16505866.02443385 16506156.02353649 16506446.02263914 16506736.02174178
 16507025.02084752 16507314.01995326 16507605.01905281 16507894.01815855
 16508184.0172612  16508473.01636694 16508763.01546958 16509052.01457532
 16509342.01367797 16509632.01278062 16509921.01188636 16510212.01098591
 16510500.01009474 16510790.00919739 16511081.00829694 16511370.00740268]"	0.0	0.0	0.0
1431.618436265473	2.0	trials	2.0	1.0	1.0	0.0	10000.0	1.0	True	40.0	0.0	0.005	"[16577769.80193947 16578058.8010452  16578348.80014785 16578638.7992505
 16578927.79835624 16579218.79745579 16579506.79656462 16579796.79566727
 16580086.79476992 16580375.79387566 16580665.7929783  16580956.79207785
 16581244.79118668 16581534.79028933 16581824.78939197 16582113.78849772
 16582403.78760036 16582693.78670301 16582983.78580565 16583272.78491139]"	0.0	0.0	0.0
1442.1592036488746	2.0	trials	2.0	1.0	1.0	0.0	10000.0	1.0	True	40.0	0.0	0.005	"[16699769.42443176 16700058.4235375  16700349.42263705 16700638.42174279
 16700927.42084853 16701217.41995117 16701507.41905382 16701797.41815646
 16702086.4172622  16702375.41636794 16702665.41547059 16702956.41457014
 16703245.41367588 16703534.41278162 16703823.41188736 16704113.41099001
 16704404.41008956 16704693.4091953  16704981.40830413 16705272.40740368]"	0.0	0.0	0.0
1448.8600213143425	2.0	trials	2.0	1.0	1.0	0.0	10000.0	1.0	True	40.0	0.0	0.005	"[16777325.18444825 16777614.18355399 16777904.18265663 16778193.18176237
 16778484.18086193 16778772.17997076 16779063.17907031 16779351.17817915
 16779641.17728179 16779931.17638444 16780221.17548708 16780510.17459282
 16780800.17369547 16781089.17280121 16781380.17190076 16781670.17100341
 16781958.17011224 16782249.16921179 16782538.16831753 16782828.16742018]"	0.0	0.0	0.0
1456.924053961575	2.0	trials	2.0	1.0	1.0	0.0	10000.0	1.0	True	40.0	0.0	0.005	"[16870658.89564248 16870948.89474512 16871237.89385086 16871527.89295351
 16871816.89205924 16872105.89116499 16872395.89026763 16872685.88937028
 16872975.88847292 16873264.88757867 16873553.8866844  16873843.88578705
 16874133.8848897  16874422.88399543 16874713.88309499 16875001.88220382
 16875292.88130337 16875582.88040601 16875870.87951485 16876161.8786144 ]"	0.0	0.0	0.0
1464.0820990122313	2.0	trials	2.0	1.0	1.0	0.0	10000.0	1.0	True	40.0	0.0	0.005	"[16953506.6392838  16953796.63838644 16954085.63749218 16954375.63659483
 16954664.63570057 16954955.63480012 16955244.63390586 16955533.6330116
 16955824.63211115 16956113.63121689 16956403.63031954 16956692.62942528
 16956982.62852792 16957271.62763366 16957561.62673631 16957850.62584205
 16958140.62494469 16958430.62404734 16958720.62314998 16959008.62225882]"	0.0	0.0	0.0
1474.4022014784425	2.0	trials	2.0	1.0	1.0	0.0	10000.0	1.0	True	40.0	0.0	0.005	"[17072952.269679   17073242.26878164 17073531.26788738 17073821.26699003
 17074111.26609267 17074400.26519841 17074689.26430416 17074980.26340371
 17075269.26250945 17075559.26161209 17075848.26071783 17076138.25982048
 17076427.25892621 17076717.25802886 17077007.25713151 17077297.25623415
 17077586.25533989 17077875.25444563 17078166.25354518 17078455.25265093]"	0.0	0.0	0.0
1481.7822938420115	2.0	trials	2.0	1.0	1.0	0.0	10000.0	1.0	True	40.0	0.0	0.005	"[17158369.005371   17158659.00447365 17158948.00357938 17159238.00268203
 17159528.00178467 17159817.00089042 17160106.99999306 17160396.9990957
 17160686.99819835 17160975.99730409 17161265.99640674 17161555.99550938
 17161845.99461203 17162134.99371777 17162423.99282351 17162713.99192615
 17163003.9910288  17163292.99013454 17163582.98923719 17163871.98834293]"	0.0	0.0	0.0
1489.6694662365076	2.0	trials	2.0	1.0	1.0	0.0	10000.0	1.0	True	40.0	0.0	0.005	"[17249656.72289621 17249945.72200195 17250235.7211046  17250524.72021034
 17250814.71931298 17251104.71841563 17251393.71752137 17251682.71662711
 17251973.71572666 17252262.7148324  17252552.71393505 17252841.71304079
 17253131.71214343 17253421.71124608 17253711.71034872 17254001.70945137
 17254290.70855711 17254579.70766285 17254869.7067655  17255159.70586814]"	0.0	0.0	0.0
1498.5101460805386	2.0	trials	2.0	1.0	1.0	0.0	10000.0	1.0	True	40.0	0.0	0.005	"[17351978.40627864 17352268.40538129 17352558.40448393 17352847.40358967
 17353136.40269541 17353427.40179496 17353716.4009007  17354005.40000644
 17354295.39910909 17354585.39821174 17354874.39731748 17355164.39642012
 17355454.39552277 17355743.3946285  17356033.39373115 17356323.3928338
 17356613.39193644 17356902.39104218 17357192.39014482 17357482.38924747]"	0.0	0.0	0.0
1506.3222371073616	2.0	trials	2.0	1.0	1.0	0.0	10000.0	1.0	True	40.0	0.0	0.005	"[17442396.12649592 17442686.12559856 17442976.12470121 17443265.12380695
 17443554.12291269 17443845.12201224 17444135.12111489 17444423.12022372
 17444714.11932328 17445004.11842592 17445292.11753476 17445581.11664049
 17445872.11574004 17446162.11484269 17446452.11394534 17446741.11305108
 17447031.11215372 17447320.11125946 17447610.11036211 17447899.10946785]"	0.0	0.0	0.0
1514.848853923207	2.0	trials	2.0	1.0	1.0	0.0	10000.0	1.0	True	40.0	0.0	0.005	"[17541084.82112003 17541373.82022577 17541662.81933152 17541952.81843416
 17542242.8175368  17542531.81664255 17542821.81574519 17543110.81485093
 17543401.81395048 17543690.81305622 17543980.81215887 17544270.81126151
 17544559.81036725 17544848.80947299 17545138.80857564 17545428.80767828
 17545718.80678093 17546007.80588667 17546297.80498932 17546587.80409196]"	0.0	0.0	0.0
1523.5601069677268	2.0	trials	2.0	1.0	1.0	0.0	10000.0	1.0	True	40.0	0.0	0.005	"[17641908.50913776 17642198.50824041 17642488.50734305 17642777.50644879
 17643067.50555144 17643356.50465718 17643646.50375982 17643936.50286247
 17644226.50196511 17644515.50107085 17644805.5001735  17645095.49927615
 17645384.49838189 17645673.49748763 17645964.49658718 17646253.49569292
 17646543.49479556 17646833.49389821 17647122.49300395 17647412.49210659]"	0.0	0.0	0.0
1531.4683608969901	2.0	trials	2.0	1.0	1.0	0.0	10000.0	1.0	True	40.0	0.0	0.005	"[17733439.22591105 17733729.2250137  17734019.22411634 17734309.22321899
 17734597.22232782 17734887.22143047 17735178.22053002 17735466.21963886
 17735756.2187415  17736047.21784105 17736335.21694989 17736625.21605254
 17736915.21515518 17737205.21425783 17737494.21336357 17737783.21246931
 17738073.21157195 17738363.2106746  17738653.20977724 17738942.20888298]"	0.0	0.0	0.0
1540.786658463115	2.0	trials	2.0	1.0	1.0	0.0	10000.0	1.0	True	40.0	0.0	0.005	"[17841290.89218186 17841580.89128451 17841869.89039025 17842158.88949599
 17842448.88859864 17842738.88770128 17843028.88680393 17843318.88590657
 17843607.88501231 17843897.88411496 17844186.88322069 17844476.88232334
 17844765.88142908 17845055.88053173 17845345.87963437 17845634.87874011
 17845924.87784276 17846213.8769485  17846504.87604805 17846793.87515379]"	0.0	0.0	0.0
1546.9473913997824	2.0	trials	2.0	1.0	1.0	0.0	10000.0	1.0	True	40.0	0.0	0.005	"[17912595.67154098 17912885.67064363 17913174.66974937 17913464.66885202
 17913754.66795466 17914044.66705731 17914333.66616305 17914622.66526879
 17914912.66437143 17915202.66347408 17915491.66257982 17915781.66168246
 17916071.66078511 17916360.65989085 17916649.65899659 17916940.65809614
 17917228.65720498 17917519.65630453 17917809.65540717 17918098.65451291]"	0.0	0.0	0.0
1553.3444276052498	2.0	trials	2.0	1.0	1.0	0.0	10000.0	1.0	True	40.0	0.0	0.005	"[17986634.44244022 17986924.44154287 17987214.44064551 17987503.43975125
 17987793.4388539  17988082.43795964 17988372.43706229 17988663.43616183
 17988951.43527067 17989241.43437332 17989530.43347905 17989820.4325817
 17990110.43168435 17990400.43078699 17990689.42989273 17990979.42899537
 17991268.42810112 17991558.42720376 17991848.42630641 17992137.42541215]"	0.0	0.0	0.0
1559.806695608869	2.0	trials	2.0	1.0	1.0	0.0	10000.0	1.0	True	40.0	0.0	0.005	"[18061429.21100014 18061719.21010279 18062009.20920544 18062299.20830808
 18062588.20741382 18062877.20651956 18063167.20562221 18063456.20472795
 18063746.20383059 18064036.20293324 18064326.20203589 18064616.20113853
 18064905.20024427 18065195.19934691 18065485.19844956 18065773.1975584
 18066063.19666104 18066353.19576369 18066643.19486633 18066932.19397207]"	0.0	0.0	0.0
1569.9043187635043	2.0	trials	2.0	1.0	1.0	0.0	10000.0	1.0	True	40.0	0.0	0.005	"[18178299.84936323 18178589.84846588 18178878.84757162 18179168.84667426
 18179458.84577691 18179747.84488265 18180038.8439822  18180327.84308794
 18180616.84219368 18180906.84129633 18181195.84040207 18181485.83950471
 18181775.83860736 18182064.8377131  18182355.83681265 18182643.83592148
 18182933.83502413 18183224.83412368 18183513.83322942 18183802.83233516]"	0.0	0.0	0.0
1579.4088077534916	2.0	trials	2.0	1.0	1.0	0.0	10000.0	1.0	True	40.0	0.0	0.005	"[18288306.50896577 18288595.50807151 18288885.50717416 18289174.50627989
 18289464.50538254 18289754.50448519 18290044.50358783 18290334.50269048
 18290622.50179931 18290912.50090196 18291202.5000046  18291491.49911034
 18291781.49821299 18292071.49731564 18292361.49641828 18292649.49552711
 18292940.49462667 18293230.49372931 18293519.49283505 18293809.4919377 ]"	0.0	0.0	0.0
1587.8386568687679	2.0	trials	2.0	1.0	1.0	0.0	10000.0	1.0	True	40.0	0.0	0.005	"[18385873.20706172 18386162.20616746 18386452.2052701  18386742.20437275
 18387032.20347539 18387321.20258113 18387610.20168687 18387901.20078643
 18388190.19989216 18388480.19899481 18388769.19810055 18389059.19720319
 18389349.19630584 18389638.19541158 18389928.19451423 18390218.19361687
 18390508.19271952 18390796.19182835 18391087.1909279  18391377.19003054]"	0.0	0.0	0.0
1596.5445531298637	2.0	trials	2.0	1.0	1.0	0.0	10000.0	1.0	True	40.0	0.0	0.005	"[18486635.8952682  18486925.89437085 18487215.89347349 18487505.89257613
 18487794.89168188 18488083.89078761 18488373.88989026 18488664.88898981
 18488953.88809555 18489243.8871982  18489532.88630394 18489821.88540968
 18490111.88451232 18490401.88361497 18490690.88272071 18490981.88182026
 18491270.880926   18491560.88002865 18491849.87913438 18492139.87823703]"	0.0	0.0	0.0
1606.0846388097032	2.0	trials	2.0	1.0	1.0	0.0	10000.0	1.0	True	40.0	0.0	0.005	"[18597054.55359587 18597343.55270161 18597634.55180116 18597923.5509069
 18598212.55001264 18598502.54911529 18598792.54821793 18599081.54732367
 18599370.54642941 18599661.54552897 18599950.54463471 18600239.54374044
 18600530.54284    18600820.54194264 18601109.54104838 18601398.54015412
 18601688.53925677 18601978.53835941 18602267.53746516 18602557.5365678 ]"	0.0	0.0	0.0
1614.9108898983814	2.0	trials	2.0	1.0	1.0	0.0	10000.0	1.0	True	40.0	0.0	0.005	"[18699210.23749196 18699499.2365977  18699788.23570344 18700078.23480608
 18700368.23390873 18700658.23301138 18700947.23211712 18701238.23121667
 18701526.2303255  18701816.22942815 18702106.22853079 18702396.22763344
 18702686.22673608 18702975.22584182 18703265.22494447 18703554.22405021
 18703844.22315285 18704133.22225859 18704423.22136124 18704713.22046389]"	0.0	0.0	0.0
1623.376854101906	2.0	trials	2.0	1.0	1.0	0.0	10000.0	1.0	True	40.0	0.0	0.005	"[18797196.93428829 18797484.93339712 18797774.93249977 18798064.93160241
 18798354.93070506 18798643.9298108  18798933.92891344 18799222.92801918
 18799512.92712183 18799801.92622757 18800091.92533021 18800381.92443286
 18800670.9235386  18800960.92264124 18801250.92174389 18801539.92084963
 18801829.91995228 18802118.91905802 18802408.91816066 18802699.91726021]"	0.0	0.0	0.0
1631.4884066020966	2.0	trials	2.0	1.0	1.0	0.0	10000.0	1.0	True	40.0	0.0	0.005	"[18891078.64378682 18891369.64288637 18891658.64199211 18891947.64109785
 18892237.6402005  18892528.63930005 18892816.63840888 18893106.63751153
 18893396.63661418 18893686.63571683 18893975.63482256 18894265.63392521
 18894554.63303095 18894844.63213359 18895133.63123933 18895423.63034198
 18895712.62944772 18896002.62855037 18896292.62765301 18896581.62675875]"	0.0	0.0	0.0
1642.3309682516472	2.0	trials	2.0	1.0	1.0	0.0	10000.0	1.0	True	40.0	0.0	0.005	"[19016572.25546754 19016860.25457638 19017150.25367902 19017440.25278167
 19017730.25188431 19018020.25098696 19018309.2500927  19018599.24919534
 19018888.24830108 19019177.24740683 19019468.24650637 19019757.24561211
 19020047.24471476 19020337.2438174  19020626.24292315 19020916.24202579
 19021205.24113153 19021495.24023418 19021785.23933682 19022074.23844256]"	0.0	0.0	0.0
1650.3225979229185	2.0	trials	2.0	1.0	1.0	0.0	10000.0	1.0	True	40.0	0.0	0.005	"[19109067.96925481 19109356.96836055 19109646.9674632  19109935.96656894
 19110225.96567158 19110514.96477732 19110805.96387687 19111094.96298261
 19111384.96208526 19111674.96118791 19111963.96029364 19112253.95939629
 19112542.95850203 19112832.95760468 19113121.95671042 19113411.95581306
 19113701.95491571 19113990.95402145 19114281.953121   19114569.95222984]"	0.0	0.0	0.0
1656.6472311524249	2.0	trials	2.0	1.0	1.0	0.0	10000.0	1.0	True	40.0	0.0	0.005	"[19182268.74274709 19182558.74184974 19182847.74095548 19183137.74005812
 19183426.73916386 19183716.73826651 19184005.73737225 19184296.7364718
 19184585.73557754 19184874.73468328 19185165.73378283 19185455.73288548
 19185744.73199121 19186033.73109696 19186323.73019961 19186613.72930225
 19186902.72840799 19187192.72751063 19187481.72661637 19187772.72571593]"	0.0	0.0	0.0
1662.79094334176	2.0	trials	2.0	1.0	1.0	0.0	10000.0	1.0	True	40.0	0.0	0.005	"[19253376.5227158  19253666.52181844 19253956.52092109 19254245.52002683
 19254535.51912947 19254825.51823212 19255114.51733786 19255403.5164436
 19255693.51554624 19255983.51464889 19256273.51375154 19256563.51285418
 19256852.51195992 19257142.51106257 19257431.5101683  19257720.50927405
 19258011.5083736  19258301.50747624 19258590.50658198 19258880.50568463]"	0.0	0.0	0.0
1671.6047528689364	2.0	trials	2.0	1.0	1.0	0.0	10000.0	1.0	True	40.0	0.0	0.005	"[19355389.20705437 19355678.20616011 19355968.20526275 19356258.2043654
 19356547.20347114 19356838.20257069 19357126.20167953 19357416.20078218
 19357706.19988482 19357995.19899056 19358285.19809321 19358574.19719894
 19358864.19630159 19359154.19540423 19359444.19450688 19359733.19361262
 19360023.19271526 19360312.19182101 19360602.19092365 19360892.1900263 ]"	0.0	0.0	0.0
1678.0424833484828	2.0	trials	2.0	1.0	1.0	0.0	10000.0	1.0	True	40.0	0.0	0.005	"[19429898.97649618 19430188.97559883 19430478.97470147 19430767.97380721
 19431058.97290676 19431346.97201559 19431636.97111824 19431926.97022089
 19432216.96932353 19432505.96842927 19432795.96753192 19433085.96663456
 19433375.96573721 19433663.96484604 19433954.9639456  19434243.96305133
 19434533.96215398 19434823.96125663 19435112.96036236 19435402.95946501]"	0.0	0.0	0.0
1685.206662780157	2.0	trials	2.0	1.0	1.0	0.0	10000.0	1.0	True	40.0	0.0	0.005	"[19512818.71991471 19513107.71902045 19513397.7181231  19513686.71722884
 19513975.71633458 19514266.71543413 19514555.71453987 19514845.71364251
 19515134.71274825 19515424.7118509  19515713.71095664 19516003.71005928
 19516293.70916193 19516582.70826767 19516873.70736722 19517162.70647296
 19517451.7055787  19517742.70467825 19518030.70378708 19518321.70288664]"	0.0	0.0	0.0
1694.0625489771348	2.0	trials	2.0	1.0	1.0	0.0	10000.0	1.0	True	40.0	0.0	0.005	"[19615317.40274945 19615606.40185518 19615896.40095783 19616186.40006047
 19616476.39916312 19616765.39826886 19617055.3973715  19617344.39647724
 19617634.39557989 19617924.39468253 19618213.39378827 19618503.39289092
 19618792.39199666 19619082.39109931 19619372.39020195 19619662.3893046
 19619951.38841034 19620241.38751298 19620530.38661873 19620820.38572137]"	0.0	0.0	0.0
1701.6291783634963	2.0	trials	2.0	1.0	1.0	0.0	10000.0	1.0	True	40.0	0.0	0.005	"[19702893.13176079 19703184.13086035 19703473.12996608 19703762.12907183
 19704052.12817447 19704342.12727711 19704631.12638286 19704920.12548859
 19705210.12459124 19705500.12369389 19705790.12279654 19706080.12189918
 19706369.12100492 19706659.12010757 19706948.11921331 19707238.11831595
 19707528.11741859 19707818.11652124 19708107.11562698 19708396.11473272]"	0.0	0.0	0.0
1711.7931565128079	2.0	trials	2.0	1.0	1.0	0.0	10000.0	1.0	True	40.0	0.0	0.005	"[19820531.76774744 19820822.76684699 19821111.76595273 19821401.76505538
 19821690.76416112 19821980.76326376 19822269.7623695  19822558.76147524
 19822848.76057789 19823138.75968053 19823428.75878318 19823718.75788582
 19824008.75698847 19824297.75609421 19824586.75519995 19824876.75430259
 19825166.75340524 19825455.75251098 19825745.75161362 19826035.75071627]"	0.0	0.0	0.0
1722.088980654144	2.0	trials	2.0	1.0	1.0	0.0	10000.0	1.0	True	40.0	0.0	0.005	"[19939697.39900905 19939985.39811788 19940275.39722053 19940565.39632317
 19940855.39542582 19941145.39452846 19941434.3936342  19941725.39273376
 19942013.39184259 19942303.39094524 19942592.39005098 19942883.38915053
 19943172.38825627 19943461.38736201 19943751.38646466 19944041.3855673
 19944330.38467304 19944620.38377568 19944909.38288143 19945199.38198407]"	0.0	0.0	0.0
1729.1267572769505	2.0	trials	2.0	1.0	1.0	0.0	10000.0	1.0	True	40.0	0.0	0.005	"[20021153.14695767 20021442.14606341 20021732.14516606 20022021.1442718
 20022311.14337445 20022601.14247709 20022891.14157973 20023181.14068238
 20023470.13978812 20023759.13889386 20024049.13799651 20024339.13709915
 20024629.1362018  20024919.13530444 20025208.13441018 20025497.13351592
 20025787.13261857 20026077.13172121 20026366.13082696 20026657.12992651]"	0.0	0.0	0.0
1738.5828624166531	2.0	trials	2.0	1.0	1.0	0.0	10000.0	1.0	True	40.0	0.0	0.005	"[20130598.80829613 20130887.80740187 20131177.80650451 20131466.80561025
 20131756.8047129  20132046.80381554 20132335.80292128 20132625.80202392
 20132915.80112657 20133205.80022922 20133495.79933187 20133784.79843761
 20134073.79754335 20134363.79664599 20134652.79575173 20134942.79485438
 20135232.79395702 20135522.79305967 20135812.79216231 20136101.79126805]"	0.0	0.0	0.0
1746.1609829674574	2.0	trials	2.0	1.0	1.0	0.0	10000.0	1.0	True	40.0	0.0	0.005	"[20218308.53689284 20218597.53599858 20218887.53510122 20219176.53420696
 20219466.53330961 20219756.53241225 20220046.5315149  20220335.53062064
 20220625.52972328 20220914.52882903 20221205.52792858 20221494.52703432
 20221784.52613696 20222073.5252427  20222363.52434535 20222652.52345109
 20222942.52255373 20223231.52165947 20223521.52076212 20223811.51986476]"	0.0	0.0	0.0
1755.1128592674102	2.0	trials	2.0	1.0	1.0	0.0	10000.0	1.0	True	40.0	0.0	0.005	"[20321917.21629287 20322206.21539861 20322497.21449816 20322787.21360081
 20323076.21270655 20323366.21180919 20323654.21091802 20323945.21001758
 20324235.20912022 20324524.20822597 20324813.2073317  20325104.20643125
 20325393.205537   20325683.20463964 20325973.20374229 20326262.20284802
 20326552.20195067 20326842.20105332 20327130.20016215 20327420.1992648 ]"	0.0	0.0	0.0
1765.1931160757827	2.0	trials	2.0	1.0	1.0	0.0	10000.0	1.0	True	40.0	0.0	0.005	"[20438586.85527791 20438875.85438365 20439166.85348321 20439455.85258895
 20439744.85169469 20440034.85079733 20440324.84989998 20440613.84900572
 20440904.84810527 20441192.8472141  20441483.84631366 20441772.8454194
 20442062.84452204 20442351.84362778 20442641.84273043 20442930.84183617
 20443221.84093572 20443510.84004146 20443800.8391441  20444089.83824984]"	0.0	0.0	0.0
1774.8110479147406	2.0	trials	2.0	1.0	1.0	0.0	10000.0	1.0	True	40.0	0.0	0.005	"[20549906.5108176  20550195.50992334 20550484.50902908 20550775.50812864
 20551064.50723437 20551354.50633702 20551644.50543967 20551933.50454541
 20552223.50364805 20552512.50275379 20552802.50185644 20553091.50096218
 20553382.50006173 20553672.49916437 20553961.49827011 20554250.49737585
 20554540.4964785  20554829.49558424 20555119.49468689 20555410.49378644]"	0.0	0.0	0.0
1782.4975137302893	2.0	trials	2.0	1.0	1.0	0.0	10000.0	1.0	True	40.0	0.0	0.005	"[20638870.23553403 20639159.23463977 20639449.23374242 20639738.23284816
 20640028.2319508  20640316.23105964 20640607.23015919 20640896.22926493
 20641186.22836757 20641475.22747331 20641766.22657286 20642056.22567551
 20642344.22478434 20642634.22388699 20642924.22298963 20643214.22209228
 20643503.22119802 20643793.22030067 20644082.21940641 20644372.21850905]"	0.0	0.0	0.0
1792.5648969784966	2.0	trials	2.0	1.0	1.0	0.0	10000.0	1.0	True	40.0	0.0	0.005	"[20755389.87498323 20755679.87408587 20755969.87318852 20756258.87229426
 20756548.8713969  20756838.87049955 20757127.86960529 20757417.86870794
 20757707.86781058 20757997.86691323 20758286.86601897 20758575.8651247
 20758865.86422735 20759155.86333    20759445.86243264 20759735.86153529
 20760024.86064103 20760313.85974677 20760604.85884632 20760892.85795515]"	0.0	0.0	0.0
1799.9272773968721	2.0	trials	2.0	1.0	1.0	0.0	10000.0	1.0	True	40.0	0.0	0.005	"[20840603.61130337 20840893.61040602 20841182.60951176 20841472.6086144
 20841761.60772015 20842051.60682279 20842341.60592543 20842630.60503118
 20842920.60413383 20843210.60323647 20843499.60234221 20843789.60144485
 20844079.6005475  20844369.59965015 20844658.59875588 20844948.59785853
 20845237.59696427 20845527.59606691 20845817.59516956 20846106.5942753 ]"	0.0	0.0	0.0
1806.7494002869819	2.0	trials	2.0	1.0	1.0	0.0	10000.0	1.0	True	40.0	0.0	0.005	"[20919561.36698163 20919852.36608117 20920142.36518382 20920431.36428956
 20920722.36338911 20921011.36249485 20921299.36160368 20921590.36070324
 20921879.35980898 20922169.35891162 20922458.35801736 20922748.35712001
 20923038.35622265 20923328.3553253  20923617.35443104 20923907.35353369
 20924196.35263943 20924486.35174207 20924776.35084471 20925065.34995046]"	0.0	0.0	0.0
1813.559254415055	2.0	trials	2.0	1.0	1.0	0.0	10000.0	1.0	True	40.0	0.0	0.005	"[20998381.12308689 20998670.12219263 20998960.12129527 20999249.12040101
 20999539.11950366 20999829.11860631 21000118.11771204 21000407.11681779
 21000698.11591734 21000988.11501998 21001277.11412572 21001567.11322837
 21001857.11233101 21002146.11143675 21002435.11054249 21002725.10964514
 21003014.10875088 21003304.10785352 21003594.10695617 21003883.10606191]"	0.0	0.0	0.0
1821.5573640662749	2.0	trials	2.0	1.0	1.0	0.0	10000.0	1.0	True	40.0	0.0	0.005	"[21090951.83664208 21091241.83574473 21091530.83485047 21091820.83395312
 21092110.83305576 21092399.8321615  21092688.83126724 21092978.83036989
 21093269.82946944 21093558.82857518 21093847.82768092 21094137.82678356
 21094428.82588312 21094716.82499195 21095006.8240946  21095296.82319724
 21095585.82230298 21095875.82140563 21096165.82050827 21096454.81961401]"	0.0	0.0	0.0
1832.0513027945797	2.0	trials	2.0	1.0	1.0	0.0	10000.0	1.0	True	40.0	0.0	0.005	"[21212408.4608146  21212699.45991415 21212988.45901989 21213277.45812562
 21213567.45722827 21213856.45633401 21214147.45543356 21214436.4545393
 21214726.45364195 21215015.45274769 21215305.45185034 21215595.45095298
 21215884.45005872 21216174.44916137 21216465.44826091 21216753.44736975
 21217043.4464724  21217333.44557504 21217622.44468078 21217912.44378342]"	0.0	0.0	0.0
1841.771359117531	2.0	trials	2.0	1.0	1.0	0.0	10000.0	1.0	True	40.0	0.0	0.005	"[21324910.11269679 21325199.11180253 21325490.11090208 21325778.11001091
 21326069.10911047 21326358.10821621 21326648.10731885 21326937.10642459
 21327228.10552415 21327517.10462988 21327806.10373563 21328096.10283827
 21328385.10194401 21328675.10104666 21328965.1001493  21329255.09925195
 21329544.09835768 21329834.09746033 21330124.09656298 21330412.09567181]"	0.0	0.0	0.0
1849.4632681162363	2.0	trials	2.0	1.0	1.0	0.0	10000.0	1.0	True	40.0	0.0	0.005	"[21413935.83722137 21414226.83632092 21414515.83542666 21414804.8345324
 21415094.83363504 21415384.83273769 21415673.83184344 21415963.83094608
 21416252.83005182 21416542.82915447 21416832.82825711 21417121.82736285
 21417412.8264624  21417701.82556814 21417991.82467079 21418280.82377652
 21418570.82287917 21418860.82198182 21419149.82108755 21419438.82019329]"	0.0	0.0	0.0
1858.5507055967184	2.0	trials	2.0	1.0	1.0	0.0	10000.0	1.0	True	40.0	0.0	0.005	"[21519114.51176331 21519404.51086595 21519694.5099686  21519983.50907434
 21520273.50817699 21520563.50727963 21520852.50638537 21521142.50548802
 21521432.50459066 21521721.5036964  21522011.50279905 21522301.50190169
 21522590.50100743 21522881.50010699 21523169.49921582 21523460.49831537
 21523749.49742111 21524038.49652685 21524329.4956264  21524617.49473524]"	0.0	0.0	0.0
1868.3276129437538	2.0	trials	2.0	1.0	1.0	0.0	10000.0	1.0	True	40.0	0.0	0.005	"[21632274.16160944 21632564.16071209 21632853.15981782 21633142.15892356
 21633432.15802621 21633722.15712885 21634011.1562346  21634301.15533724
 21634590.15444298 21634881.15354253 21635170.15264827 21635459.15175401
 21635750.15085356 21636039.1499593  21636329.14906195 21636619.1481646
 21636908.14727033 21637198.14637298 21637487.14547872 21637776.14458446]"	0.0	0.0	0.0
1875.0552145263434	2.0	trials	2.0	1.0	1.0	0.0	10000.0	1.0	True	40.0	0.0	0.005	"[21710139.92066669 21710429.91976934 21710718.91887508 21711007.91798082
 21711297.91708346 21711587.91618611 21711876.91529185 21712166.91439449
 21712456.91349714 21712745.91260288 21713035.91170552 21713324.91081126
 21713615.90991081 21713903.90901965 21714193.90812229 21714483.90722494
 21714772.90633068 21715062.90543333 21715352.90453597 21715641.90364171]"	0.0	0.0	0.0
1882.4334060957938	2.0	trials	2.0	1.0	1.0	0.0	10000.0	1.0	True	40.0	0.0	0.005	"[21795535.65642367 21795822.6555356  21796114.65463206 21796404.6537347
 21796693.65284044 21796984.65194    21797272.65104883 21797562.65015148
 21797852.64925412 21798142.64835677 21798431.64746251 21798721.64656515
 21799011.6456678  21799299.64477663 21799589.64387928 21799879.64298192
 21800169.64208457 21800459.64118721 21800748.64029295 21801038.6393956 ]"	0.0	0.0	0.0
1891.8235018397513	2.0	trials	2.0	1.0	1.0	0.0	10000.0	1.0	True	40.0	0.0	0.005	"[21904217.32012619 21904507.31922884 21904796.31833458 21905086.31743722
 21905375.31654296 21905665.31564561 21905954.31475135 21906245.3138509
 21906534.31295664 21906824.31205928 21907113.31116502 21907403.31026767
 21907693.30937032 21907983.30847296 21908272.3075787  21908562.30668135
 21908852.30578399 21909140.30489283 21909430.30399547 21909720.30309812]"	0.0	0.0	0.0
1898.3517792391158	2.0	trials	2.0	1.0	1.0	0.0	10000.0	1.0	True	40.0	0.0	0.005	"[21979776.08632205 21980065.08542779 21980355.08453044 21980644.08363618
 21980934.08273882 21981223.08184456 21981514.08094411 21981803.08004985
 21982093.0791525  21982382.07825824 21982672.07736088 21982962.07646353
 21983251.07556927 21983540.07467501 21983830.07377766 21984119.0728834
 21984409.07198604 21984699.07108869 21984988.07019443 21985278.06929707]"	0.0	0.0	0.0
1906.034357066695	2.0	trials	2.0	1.0	1.0	0.0	10000.0	1.0	True	40.0	0.0	0.005	"[22068695.81117463 22068983.81028346 22069273.80938611 22069562.80849185
 22069852.80759449 22070141.80670023 22070432.80579979 22070721.80490553
 22071011.80400817 22071301.80311082 22071590.80221656 22071880.8013192
 22072169.80042494 22072458.79953068 22072749.79863024 22073038.79773597
 22073328.79683862 22073618.79594126 22073907.795047   22074196.79415274]"	0.0	0.0	0.0
1913.477434835366	2.0	trials	2.0	1.0	1.0	0.0	10000.0	1.0	True	40.0	0.0	0.005	"[22154841.54461087 22155131.54371351 22155420.54281925 22155711.5419188
 22155999.54102764 22156290.54012719 22156578.53923602 22156869.53833558
 22157159.53743822 22157448.53654396 22157738.53564661 22158027.53475235
 22158316.53385809 22158607.53295764 22158896.53206338 22159186.53116602
 22159475.53027176 22159765.52937441 22160055.52847705 22160344.52758279]"	0.0	0.0	0.0
1922.9337991742668	2.0	trials	2.0	1.0	1.0	0.0	10000.0	1.0	True	40.0	0.0	0.005	"[22264289.20594313 22264579.20504578 22264868.20415151 22265158.20325416
 22265448.20235681 22265738.20145945 22266027.20056519 22266317.19966784
 22266607.19877049 22266896.19787623 22267185.19698197 22267475.19608461
 22267764.19519035 22268055.1942899  22268344.19339564 22268634.19249829
 22268924.19160093 22269213.19070667 22269503.18980932 22269793.18891196]"	0.0	0.0	0.0
1932.823630971877	2.0	trials	2.0	1.0	1.0	0.0	10000.0	1.0	True	40.0	0.0	0.005	"[22378754.85174807 22379043.85085381 22379333.84995646 22379623.8490591
 22379913.84816175 22380203.84726439 22380492.84637013 22380781.84547587
 22381071.84457852 22381361.84368116 22381651.84278381 22381940.84188955
 22382230.8409922  22382520.84009484 22382809.83920058 22383098.83830632
 22383389.83740587 22383678.83651161 22383968.83561426 22384257.83472   ]"	0.0	0.0	0.0
1942.9857083270697	2.0	trials	2.0	1.0	1.0	0.0	10000.0	1.0	True	40.0	0.0	0.005	"[22496371.48780279 22496661.48690544 22496951.48600808 22497241.48511073
 22497530.48421647 22497819.48332221 22498109.48242485 22498400.4815244
 22498688.48063324 22498979.47973279 22499268.47883853 22499558.47794117
 22499847.47704691 22500138.47614647 22500426.4752553  22500716.47435795
 22501006.47346059 22501295.47256633 22501585.47166898 22501875.47077162]"	0.0	0.0	0.0
1951.2902778300024	2.0	trials	2.0	1.0	1.0	0.0	10000.0	1.0	True	40.0	0.0	0.005	"[22592489.19038241 22592779.18948506 22593069.18858771 22593358.18769345
 22593648.18679609 22593938.18589874 22594227.18500448 22594516.18411022
 22594806.18321286 22595096.18231551 22595385.18142125 22595675.18052389
 22595965.17962654 22596255.17872918 22596543.17783802 22596834.17693757
 22597123.17604331 22597413.17514596 22597703.1742486  22597992.17335434]"	0.0	0.0	0.0
1960.2653092583055	2.0	trials	2.0	1.0	1.0	0.0	10000.0	1.0	True	40.0	0.0	0.005	"[22696367.86894698 22696656.86805272 22696946.86715536 22697236.86625801
 22697524.86536684 22697815.8644664  22698104.86357214 22698394.86267478
 22698684.86177742 22698973.86088317 22699263.85998581 22699553.85908846
 22699842.8581942  22700132.85729684 22700422.85639949 22700711.85550523
 22701001.85460787 22701290.85371361 22701581.85281317 22701871.85191581]"	0.0	0.0	0.0
1970.5674405801253	2.0	trials	2.0	1.0	1.0	0.0	10000.0	1.0	True	40.0	0.0	0.005	"[22815604.49998889 22815894.49909154 22816184.49819418 22816473.49729992
 22816764.49639947 22817052.49550831 22817342.49461095 22817632.4937136
 22817921.49281934 22818211.49192198 22818501.49102463 22818791.49012728
 22819081.48922992 22819370.48833566 22819660.48743831 22819949.48654405
 22820238.48564979 22820529.48474934 22820818.48385508 22821107.48296082]"	0.0	0.0	0.0
1977.1137755236134	2.0	trials	2.0	1.0	1.0	0.0	10000.0	1.0	True	40.0	0.0	0.005	"[22891373.26553494 22891662.26464069 22891952.26374333 22892241.26284907
 22892531.26195171 22892821.26105436 22893110.2601601  22893400.25926275
 22893689.25836848 22893979.25747113 22894270.25657068 22894559.25567642
 22894849.25477907 22895138.25388481 22895427.25299055 22895718.2520901
 22896007.25119584 22896297.25029849 22896587.24940113 22896876.24850687]"	0.0	0.0	0.0
1987.7756753321917	2.0	trials	2.0	1.0	1.0	0.0	10000.0	1.0	True	40.0	0.0	0.005	"[23014773.88369209 23015062.88279782 23015352.88190047 23015642.88100312
 23015932.88010576 23016221.8792115  23016511.87831414 23016801.87741679
 23017090.87652253 23017380.87562518 23017670.87472782 23017959.87383356
 23018250.87293311 23018538.87204195 23018827.87114769 23019117.87025034
 23019407.86935298 23019697.86845563 23019987.86755827 23020277.86666092]"	0.0	0.0	0.0
1996.9616085078953	2.0	trials	2.0	1.0	1.0	0.0	10000.0	1.0	True	40.0	0.0	0.005	"[23121093.5547034  23121382.55380914 23121671.55291488 23121961.55201752
 23122251.55112017 23122541.55022282 23122830.54932856 23123120.5484312
 23123410.54753385 23123699.54663958 23123989.54574223 23124279.54484488
 23124568.54395062 23124858.54305326 23125147.54215901 23125437.54126165
 23125727.5403643  23126016.53947004 23126305.53857577 23126596.53767533]"	0.0	0.0	0.0
2004.4434797565266	2.0	trials	2.0	1.0	1.0	0.0	10000.0	1.0	True	40.0	0.0	0.005	"[23207689.28674719 23207979.28584984 23208269.28495248 23208558.28405822
 23208848.28316087 23209137.28226661 23209427.28136925 23209717.2804719
 23210006.27957764 23210295.27868338 23210585.27778602 23210875.27688867
 23211165.27599131 23211454.27509705 23211744.2741997  23212033.27330544
 23212323.27240809 23212613.27151073 23212903.27061338 23213192.26971912]"	0.0	0.0	0.0
2010.8941701959704	2.0	trials	2.0	1.0	1.0	0.0	10000.0	1.0	True	40.0	0.0	0.005	"[23282350.05572176 23282639.0548275  23282929.05393014 23283218.05303588
 23283509.05213543 23283798.05124117 23284087.05034691 23284377.04944956
 23284666.0485553  23284956.04765794 23285246.04676059 23285535.04586633
 23285825.04496898 23286116.04406853 23286404.04317736 23286694.04228001
 23286984.04138265 23287274.0404853  23287562.03959413 23287852.03869678]"	0.0	0.0	0.0
2019.0379497964398	2.0	trials	2.0	1.0	1.0	0.0	10000.0	1.0	True	40.0	0.0	0.005	"[23376606.76405992 23376895.76316566 23377184.7622714  23377475.76137095
 23377764.76047669 23378054.75957933 23378344.75868198 23378633.75778772
 23378923.75689037 23379213.75599301 23379502.75509875 23379792.7542014
 23380082.75330404 23380372.75240669 23380661.75151243 23380951.75061508
 23381240.74972082 23381530.74882346 23381819.7479292  23382109.74703185]"	0.0	0.0	0.0
2028.194247863844	2.0	trials	2.0	1.0	1.0	0.0	10000.0	1.0	True	40.0	0.0	0.005	"[23482581.43613878 23482872.43523833 23483162.43434097 23483451.43344671
 23483740.43255245 23484030.4316551  23484319.43076084 23484609.42986348
 23484898.42896922 23485188.42807187 23485478.42717452 23485768.42627716
 23486058.42537981 23486348.42448245 23486636.42359129 23486927.42269084
 23487216.42179658 23487506.42089922 23487795.42000496 23488086.41910452]"	0.0	0.0	0.0
2037.0122045781882	2.0	trials	2.0	1.0	1.0	0.0	10000.0	1.0	True	40.0	0.0	0.005	"[23584641.12033192 23584931.11943456 23585221.11853721 23585510.11764295
 23585799.11674869 23586090.11584824 23586379.11495398 23586669.11405663
 23586959.11315927 23587248.11226501 23587538.11136766 23587827.11047339
 23588117.10957604 23588407.10867869 23588696.10778443 23588986.10688707
 23589276.10598972 23589566.10509236 23589855.10419811 23590145.10330075]"	0.0	0.0	0.0
2047.5834710672152	2.0	trials	2.0	1.0	1.0	0.0	10000.0	1.0	True	40.0	0.0	0.005	"[23706993.74173191 23707284.74083147 23707573.7399372  23707863.73903985
 23708152.73814559 23708442.73724823 23708732.73635089 23709022.73545353
 23709311.73455927 23709600.733665   23709891.73276456 23710180.7318703
 23710470.73097295 23710759.73007869 23711049.72918133 23711339.72828398
 23711628.72738971 23711917.72649546 23712208.72559501 23712497.72470075]"	0.0	0.0	0.0
2057.1537966534825	2.0	trials	2.0	1.0	1.0	0.0	10000.0	1.0	True	40.0	0.0	0.005	"[23817762.39897658 23818051.39808231 23818341.39718496 23818630.3962907
 23818920.39539335 23819210.39449599 23819499.39360173 23819789.39270438
 23820079.39180702 23820369.39090967 23820658.39001541 23820947.38912115
 23821238.38822071 23821526.38732953 23821816.38643218 23822106.38553482
 23822396.38463747 23822686.38374011 23822975.38284586 23823265.3819485 ]"	0.0	0.0	0.0
2063.7536994312145	2.0	trials	2.0	1.0	1.0	0.0	10000.0	1.0	True	40.0	0.0	0.005	"[23894149.16261034 23894440.16170989 23894728.16081872 23895018.15992137
 23895309.15902092 23895597.15812976 23895887.1572324  23896177.15633504
 23896467.15543769 23896754.15454962 23897046.15364608 23897336.15274872
 23897625.15185446 23897915.1509571  23898204.15006285 23898494.14916549
 23898784.14826814 23899073.14737388 23899363.14647652 23899653.14557917]"	0.0	0.0	0.0
2071.1904700194023	2.0	trials	2.0	1.0	1.0	0.0	10000.0	1.0	True	40.0	0.0	0.005	"[23980223.89626627 23980512.89537201 23980803.89447156 23981092.8935773
 23981382.89267995 23981671.89178569 23981961.89088833 23982251.88999098
 23982541.88909362 23982829.88820246 23983119.8873051  23983410.88640465
 23983699.8855104  23983989.88461304 23984277.88372188 23984568.88282143
 23984857.88192717 23985147.88102981 23985437.88013246 23985726.8792382 ]"	0.0	0.0	0.0
2077.6621555938805	2.0	trials	2.0	1.0	1.0	0.0	10000.0	1.0	True	40.0	0.0	0.005	"[24055127.66448891 24055417.66359156 24055706.6626973  24055996.66179994
 24056285.66090569 24056575.66000833 24056865.65911098 24057154.65821672
 24057443.65732246 24057732.6564282  24058023.65552775 24058313.65463039
 24058603.65373304 24058893.65283568 24059181.65194452 24059471.65104716
 24059761.65014981 24060051.64925246 24060340.6483582  24060630.64746084]"	0.0	0.0	0.0
2084.7900471378407	2.0	trials	2.0	1.0	1.0	0.0	10000.0	1.0	True	40.0	0.0	0.005	"[24137624.40921634 24137915.40831589 24138204.40742163 24138494.40652428
 24138785.40562383 24139074.40472957 24139363.40383531 24139652.40294106
 24139942.4020437  24140232.40114634 24140521.40025208 24140811.39935473
 24141101.39845738 24141391.39756002 24141681.39666267 24141969.3957715
 24142259.39487414 24142549.39397679 24142839.39307943 24143128.39218518]"	0.0	0.0	0.0
2090.9519896707657	2.0	trials	2.0	1.0	1.0	0.0	10000.0	1.0	True	40.0	0.0	0.005	"[24208945.18852596 24209234.18763169 24209524.18673434 24209813.18584008
 24210103.18494273 24210393.18404537 24210683.18314802 24210972.18225376
 24211262.1813564  24211551.18046214 24211842.1795617  24212131.17866743
 24212420.17777318 24212710.17687582 24213000.17597847 24213290.17508111
 24213579.17418685 24213869.1732895  24214159.17239214 24214449.17149479]"	0.0	0.0	0.0
2100.461749044445	2.0	trials	2.0	1.0	1.0	0.0	10000.0	1.0	True	40.0	0.0	0.005	"[24319010.84794593 24319300.84704857 24319590.84615122 24319880.84525387
 24320169.8443596  24320459.84346225 24320748.84256799 24321038.84167064
 24321328.84077328 24321617.83987902 24321907.83898167 24322196.83808741
 24322486.83719005 24322776.8362927  24323065.83539844 24323355.83450108
 24323644.83360682 24323934.83270947 24324224.83181211 24324513.83091785]"	0.0	0.0	0.0
2108.0103208866826	2.0	trials	2.0	1.0	1.0	0.0	10000.0	1.0	True	40.0	0.0	0.005	"[24406378.5776009  24406668.57670355 24406958.57580619 24407248.57490883
 24407536.57401767 24407826.57312031 24408116.57222296 24408406.57132561
 24408695.57043135 24408985.56953399 24409275.56863664 24409564.56774238
 24409854.56684503 24410144.56594767 24410434.56505032 24410723.56415606
 24411013.5632587  24411303.56236135 24411592.56146709 24411882.56056973]"	0.0	0.0	0.0
2115.143828413266	2.0	trials	2.0	1.0	1.0	0.0	10000.0	1.0	True	40.0	0.0	0.005	"[24488943.32211791 24489232.32122365 24489522.3203263  24489811.31943204
 24490101.31853469 24490390.31764043 24490681.31673998 24490970.31584572
 24491260.31494837 24491549.3140541  24491840.31315365 24492129.31225939
 24492418.31136513 24492708.31046778 24492998.30957042 24493287.30867617
 24493578.30777572 24493866.30688455 24494157.30598411 24494447.30508675]"	0.0	0.0	0.0
2164.1905374466287	2.0	trials	3.0	1.0	1.0	0.0	10000.0	1.0	False	0.0	0.0	0.0	"[nan nan nan nan nan nan nan nan nan nan nan nan nan nan nan nan nan nan
 nan nan]"	0.0	0.0	0.0
2175.310874236652	2.0	trials	3.0	1.0	1.0	0.0	10000.0	1.0	False	0.0	0.0	0.0	"[nan nan nan nan nan nan nan nan nan nan nan nan nan nan nan nan nan nan
 nan nan]"	0.0	0.0	0.0
2182.6709218622455	2.0	trials	3.0	1.0	1.0	0.0	10000.0	1.0	False	0.0	0.0	0.0	"[nan nan nan nan nan nan nan nan nan nan nan nan nan nan nan nan nan nan
 nan nan]"	0.0	0.0	0.0
2189.109084340455	2.0	trials	3.0	1.0	1.0	0.0	10000.0	1.0	False	0.0	0.0	0.0	"[nan nan nan nan nan nan nan nan nan nan nan nan nan nan nan nan nan nan
 nan nan]"	0.0	0.0	0.0
2195.9328488254846	2.0	trials	3.0	1.0	1.0	0.0	10000.0	1.0	False	0.0	0.0	0.0	"[nan nan nan nan nan nan nan nan nan nan nan nan nan nan nan nan nan nan
 nan nan]"	0.0	0.0	0.0
2204.048548512843	2.0	trials	3.0	1.0	1.0	0.0	10000.0	1.0	False	0.0	0.0	0.0	"[nan nan nan nan nan nan nan nan nan nan nan nan nan nan nan nan nan nan
 nan nan]"	0.0	0.0	0.0
2213.9484026794403	2.0	trials	3.0	1.0	1.0	0.0	10000.0	1.0	False	0.0	0.0	0.0	"[nan nan nan nan nan nan nan nan nan nan nan nan nan nan nan nan nan nan
 nan nan]"	0.0	0.0	0.0
2222.88844221602	2.0	trials	3.0	1.0	1.0	0.0	10000.0	1.0	False	0.0	0.0	0.0	"[nan nan nan nan nan nan nan nan nan nan nan nan nan nan nan nan nan nan
 nan nan]"	0.0	0.0	0.0
2232.0208939572126	2.0	trials	3.0	1.0	1.0	0.0	10000.0	1.0	False	0.0	0.0	0.0	"[nan nan nan nan nan nan nan nan nan nan nan nan nan nan nan nan nan nan
 nan nan]"	0.0	0.0	0.0
2241.7228063363073	2.0	trials	3.0	1.0	1.0	0.0	10000.0	1.0	False	0.0	0.0	0.0	"[nan nan nan nan nan nan nan nan nan nan nan nan nan nan nan nan nan nan
 nan nan]"	0.0	0.0	0.0
2248.4725262504558	2.0	trials	3.0	1.0	1.0	0.0	10000.0	1.0	False	0.0	0.0	0.0	"[nan nan nan nan nan nan nan nan nan nan nan nan nan nan nan nan nan nan
 nan nan]"	0.0	0.0	0.0
2258.216774498549	2.0	trials	3.0	1.0	1.0	0.0	10000.0	1.0	False	0.0	0.0	0.0	"[nan nan nan nan nan nan nan nan nan nan nan nan nan nan nan nan nan nan
 nan nan]"	0.0	0.0	0.0
2268.302906488742	2.0	trials	3.0	1.0	1.0	0.0	10000.0	1.0	False	0.0	0.0	0.0	"[nan nan nan nan nan nan nan nan nan nan nan nan nan nan nan nan nan nan
 nan nan]"	0.0	0.0	0.0
2277.068591364832	2.0	trials	3.0	1.0	1.0	0.0	10000.0	1.0	False	0.0	0.0	0.0	"[nan nan nan nan nan nan nan nan nan nan nan nan nan nan nan nan nan nan
 nan nan]"	0.0	0.0	0.0
2283.3926197962096	2.0	trials	3.0	1.0	1.0	0.0	10000.0	1.0	False	0.0	0.0	0.0	"[nan nan nan nan nan nan nan nan nan nan nan nan nan nan nan nan nan nan
 nan nan]"	0.0	0.0	0.0
2293.3887232649804	2.0	trials	3.0	1.0	1.0	0.0	10000.0	1.0	False	0.0	0.0	0.0	"[nan nan nan nan nan nan nan nan nan nan nan nan nan nan nan nan nan nan
 nan nan]"	0.0	0.0	0.0
2301.6206305927535	2.0	trials	3.0	1.0	1.0	0.0	10000.0	1.0	False	0.0	0.0	0.0	"[nan nan nan nan nan nan nan nan nan nan nan nan nan nan nan nan nan nan
 nan nan]"	0.0	0.0	0.0
2310.404977811096	2.0	trials	3.0	1.0	1.0	0.0	10000.0	1.0	False	0.0	0.0	0.0	"[nan nan nan nan nan nan nan nan nan nan nan nan nan nan nan nan nan nan
 nan nan]"	0.0	0.0	0.0
2320.4440219469943	2.0	trials	3.0	1.0	1.0	0.0	10000.0	1.0	False	0.0	0.0	0.0	"[nan nan nan nan nan nan nan nan nan nan nan nan nan nan nan nan nan nan
 nan nan]"	0.0	0.0	0.0
2327.607250981609	2.0	trials	3.0	1.0	1.0	0.0	10000.0	1.0	False	0.0	0.0	0.0	"[nan nan nan nan nan nan nan nan nan nan nan nan nan nan nan nan nan nan
 nan nan]"	0.0	0.0	0.0
2335.803129620867	2.0	trials	3.0	1.0	1.0	0.0	10000.0	1.0	False	0.0	0.0	0.0	"[nan nan nan nan nan nan nan nan nan nan nan nan nan nan nan nan nan nan
 nan nan]"	0.0	0.0	0.0
2343.863447079596	2.0	trials	3.0	1.0	1.0	0.0	10000.0	1.0	False	0.0	0.0	0.0	"[nan nan nan nan nan nan nan nan nan nan nan nan nan nan nan nan nan nan
 nan nan]"	0.0	0.0	0.0
2350.647813286537	2.0	trials	3.0	1.0	1.0	0.0	10000.0	1.0	False	0.0	0.0	0.0	"[nan nan nan nan nan nan nan nan nan nan nan nan nan nan nan nan nan nan
 nan nan]"	0.0	0.0	0.0
2359.6530846212677	2.0	trials	3.0	1.0	1.0	0.0	10000.0	1.0	False	0.0	0.0	0.0	"[nan nan nan nan nan nan nan nan nan nan nan nan nan nan nan nan nan nan
 nan nan]"	0.0	0.0	0.0
2368.790979545618	2.0	trials	3.0	1.0	1.0	0.0	10000.0	1.0	False	0.0	0.0	0.0	"[nan nan nan nan nan nan nan nan nan nan nan nan nan nan nan nan nan nan
 nan nan]"	0.0	0.0	0.0
2379.357321249884	2.0	trials	3.0	1.0	1.0	0.0	10000.0	1.0	False	0.0	0.0	0.0	"[nan nan nan nan nan nan nan nan nan nan nan nan nan nan nan nan nan nan
 nan nan]"	0.0	0.0	0.0
2389.7309915503383	2.0	trials	3.0	1.0	1.0	0.0	10000.0	1.0	False	0.0	0.0	0.0	"[nan nan nan nan nan nan nan nan nan nan nan nan nan nan nan nan nan nan
 nan nan]"	0.0	0.0	0.0
2398.888499214	2.0	trials	3.0	1.0	1.0	0.0	10000.0	1.0	False	0.0	0.0	0.0	"[nan nan nan nan nan nan nan nan nan nan nan nan nan nan nan nan nan nan
 nan nan]"	0.0	0.0	0.0
2406.5849009988037	2.0	trials	3.0	1.0	1.0	0.0	10000.0	1.0	False	0.0	0.0	0.0	"[nan nan nan nan nan nan nan nan nan nan nan nan nan nan nan nan nan nan
 nan nan]"	0.0	0.0	0.0
2413.047514601353	2.0	trials	3.0	1.0	1.0	0.0	10000.0	1.0	False	0.0	0.0	0.0	"[nan nan nan nan nan nan nan nan nan nan nan nan nan nan nan nan nan nan
 nan nan]"	0.0	0.0	0.0
2420.8770583741716	2.0	trials	3.0	1.0	1.0	0.0	10000.0	1.0	False	0.0	0.0	0.0	"[nan nan nan nan nan nan nan nan nan nan nan nan nan nan nan nan nan nan
 nan nan]"	0.0	0.0	0.0
2431.879200329928	2.0	trials	3.0	1.0	1.0	0.0	10000.0	1.0	False	0.0	0.0	0.0	"[nan nan nan nan nan nan nan nan nan nan nan nan nan nan nan nan nan nan
 nan nan]"	0.0	0.0	0.0
2438.627797047552	2.0	trials	3.0	1.0	1.0	0.0	10000.0	1.0	False	0.0	0.0	0.0	"[nan nan nan nan nan nan nan nan nan nan nan nan nan nan nan nan nan nan
 nan nan]"	0.0	0.0	0.0
2448.228535339713	2.0	trials	3.0	1.0	1.0	0.0	10000.0	1.0	False	0.0	0.0	0.0	"[nan nan nan nan nan nan nan nan nan nan nan nan nan nan nan nan nan nan
 nan nan]"	0.0	0.0	0.0
2457.6358246304676	2.0	trials	3.0	1.0	1.0	0.0	10000.0	1.0	False	0.0	0.0	0.0	"[nan nan nan nan nan nan nan nan nan nan nan nan nan nan nan nan nan nan
 nan nan]"	0.0	0.0	0.0
2465.667370978224	2.0	trials	3.0	1.0	1.0	0.0	10000.0	1.0	False	0.0	0.0	0.0	"[nan nan nan nan nan nan nan nan nan nan nan nan nan nan nan nan nan nan
 nan nan]"	0.0	0.0	0.0
2474.0675849852005	2.0	trials	3.0	1.0	1.0	0.0	10000.0	1.0	False	0.0	0.0	0.0	"[nan nan nan nan nan nan nan nan nan nan nan nan nan nan nan nan nan nan
 nan nan]"	0.0	0.0	0.0
2483.697526386997	2.0	trials	3.0	1.0	1.0	0.0	10000.0	1.0	False	0.0	0.0	0.0	"[nan nan nan nan nan nan nan nan nan nan nan nan nan nan nan nan nan nan
 nan nan]"	0.0	0.0	0.0
2492.0733756693667	2.0	trials	3.0	1.0	1.0	0.0	10000.0	1.0	False	0.0	0.0	0.0	"[nan nan nan nan nan nan nan nan nan nan nan nan nan nan nan nan nan nan
 nan nan]"	0.0	0.0	0.0
2498.7574317867006	2.0	trials	3.0	1.0	1.0	0.0	10000.0	1.0	False	0.0	0.0	0.0	"[nan nan nan nan nan nan nan nan nan nan nan nan nan nan nan nan nan nan
 nan nan]"	0.0	0.0	0.0
2505.321305875917	2.0	trials	3.0	1.0	1.0	0.0	10000.0	1.0	False	0.0	0.0	0.0	"[nan nan nan nan nan nan nan nan nan nan nan nan nan nan nan nan nan nan
 nan nan]"	0.0	0.0	0.0
2515.4374185733395	2.0	trials	3.0	1.0	1.0	0.0	10000.0	1.0	False	0.0	0.0	0.0	"[nan nan nan nan nan nan nan nan nan nan nan nan nan nan nan nan nan nan
 nan nan]"	0.0	0.0	0.0
2525.944144462076	2.0	trials	3.0	1.0	1.0	0.0	10000.0	1.0	False	0.0	0.0	0.0	"[nan nan nan nan nan nan nan nan nan nan nan nan nan nan nan nan nan nan
 nan nan]"	0.0	0.0	0.0
2533.7621106707193	2.0	trials	3.0	1.0	1.0	0.0	10000.0	1.0	False	0.0	0.0	0.0	"[nan nan nan nan nan nan nan nan nan nan nan nan nan nan nan nan nan nan
 nan nan]"	0.0	0.0	0.0
2543.4644550484772	2.0	trials	3.0	1.0	1.0	0.0	10000.0	1.0	False	0.0	0.0	0.0	"[nan nan nan nan nan nan nan nan nan nan nan nan nan nan nan nan nan nan
 nan nan]"	0.0	0.0	0.0
2554.0237119746657	2.0	trials	3.0	1.0	1.0	0.0	10000.0	1.0	False	0.0	0.0	0.0	"[nan nan nan nan nan nan nan nan nan nan nan nan nan nan nan nan nan nan
 nan nan]"	0.0	0.0	0.0
2564.6976213460825	2.0	trials	3.0	1.0	1.0	0.0	10000.0	1.0	False	0.0	0.0	0.0	"[nan nan nan nan nan nan nan nan nan nan nan nan nan nan nan nan nan nan
 nan nan]"	0.0	0.0	0.0
2572.0177522951917	2.0	trials	3.0	1.0	1.0	0.0	10000.0	1.0	False	0.0	0.0	0.0	"[nan nan nan nan nan nan nan nan nan nan nan nan nan nan nan nan nan nan
 nan nan]"	0.0	0.0	0.0
2578.8876542374564	2.0	trials	3.0	1.0	1.0	0.0	10000.0	1.0	False	0.0	0.0	0.0	"[nan nan nan nan nan nan nan nan nan nan nan nan nan nan nan nan nan nan
 nan nan]"	0.0	0.0	0.0
2586.690068494223	2.0	trials	3.0	1.0	1.0	0.0	10000.0	1.0	False	0.0	0.0	0.0	"[nan nan nan nan nan nan nan nan nan nan nan nan nan nan nan nan nan nan
 nan nan]"	0.0	0.0	0.0
2693.2993898099453	2.0	trials	4.0	1.0	1.0	1.0	0.0	1.0	False	0.0	0.0	0.0	"[nan nan nan nan nan nan nan nan nan nan nan nan nan nan nan nan nan nan
 nan nan]"	1.0	0.02	5.0
2703.2050327586303	2.0	trials	4.0	1.0	1.0	1.0	0.0	1.0	False	0.0	0.0	0.0	"[nan nan nan nan nan nan nan nan nan nan nan nan nan nan nan nan nan nan
 nan nan]"	1.0	0.02	5.0
2710.4961333975684	2.0	trials	4.0	1.0	1.0	1.0	0.0	1.0	False	0.0	0.0	0.0	"[nan nan nan nan nan nan nan nan nan nan nan nan nan nan nan nan nan nan
 nan nan]"	1.0	0.02	5.0
2716.9571918049305	2.0	trials	4.0	1.0	1.0	1.0	0.0	1.0	False	0.0	0.0	0.0	"[nan nan nan nan nan nan nan nan nan nan nan nan nan nan nan nan nan nan
 nan nan]"	1.0	0.02	5.0
2726.0174133696273	2.0	trials	4.0	1.0	1.0	1.0	0.0	1.0	False	0.0	0.0	0.0	"[nan nan nan nan nan nan nan nan nan nan nan nan nan nan nan nan nan nan
 nan nan]"	1.0	0.02	5.0
2733.655581734624	2.0	trials	4.0	1.0	1.0	1.0	0.0	1.0	False	0.0	0.0	0.0	"[nan nan nan nan nan nan nan nan nan nan nan nan nan nan nan nan nan nan
 nan nan]"	1.0	0.02	5.0
2740.099532994921	2.0	trials	4.0	1.0	1.0	1.0	0.0	1.0	False	0.0	0.0	0.0	"[nan nan nan nan nan nan nan nan nan nan nan nan nan nan nan nan nan nan
 nan nan]"	1.0	0.02	5.0
2750.5587390306996	2.0	trials	4.0	1.0	1.0	1.0	0.0	1.0	False	0.0	0.0	0.0	"[nan nan nan nan nan nan nan nan nan nan nan nan nan nan nan nan nan nan
 nan nan]"	1.0	0.02	5.0
2760.9314589340956	2.0	trials	4.0	1.0	1.0	1.0	0.0	1.0	False	0.0	0.0	0.0	"[nan nan nan nan nan nan nan nan nan nan nan nan nan nan nan nan nan nan
 nan nan]"	1.0	0.02	5.0
2770.219689393258	2.0	trials	4.0	1.0	1.0	1.0	0.0	1.0	False	0.0	0.0	0.0	"[nan nan nan nan nan nan nan nan nan nan nan nan nan nan nan nan nan nan
 nan nan]"	1.0	0.02	5.0
2778.169328794461	2.0	trials	4.0	1.0	1.0	1.0	0.0	1.0	False	0.0	0.0	0.0	"[nan nan nan nan nan nan nan nan nan nan nan nan nan nan nan nan nan nan
 nan nan]"	1.0	0.02	5.0
2788.119294805996	2.0	trials	4.0	1.0	1.0	1.0	0.0	1.0	False	0.0	0.0	0.0	"[nan nan nan nan nan nan nan nan nan nan nan nan nan nan nan nan nan nan
 nan nan]"	1.0	0.02	5.0
2797.0887102516767	2.0	trials	4.0	1.0	1.0	1.0	0.0	1.0	False	0.0	0.0	0.0	"[nan nan nan nan nan nan nan nan nan nan nan nan nan nan nan nan nan nan
 nan nan]"	1.0	0.02	5.0
2803.6920690187144	2.0	trials	4.0	1.0	1.0	1.0	0.0	1.0	False	0.0	0.0	0.0	"[nan nan nan nan nan nan nan nan nan nan nan nan nan nan nan nan nan nan
 nan nan]"	1.0	0.02	5.0
2811.5301663650653	2.0	trials	4.0	1.0	1.0	1.0	0.0	1.0	False	0.0	0.0	0.0	"[nan nan nan nan nan nan nan nan nan nan nan nan nan nan nan nan nan nan
 nan nan]"	1.0	0.02	5.0
2818.387626745829	2.0	trials	4.0	1.0	1.0	1.0	0.0	1.0	False	0.0	0.0	0.0	"[nan nan nan nan nan nan nan nan nan nan nan nan nan nan nan nan nan nan
 nan nan]"	1.0	0.02	5.0
2827.2073114548257	2.0	trials	4.0	1.0	1.0	1.0	0.0	1.0	False	0.0	0.0	0.0	"[nan nan nan nan nan nan nan nan nan nan nan nan nan nan nan nan nan nan
 nan nan]"	1.0	0.02	5.0
2836.5924824140225	2.0	trials	4.0	1.0	1.0	1.0	0.0	1.0	False	0.0	0.0	0.0	"[nan nan nan nan nan nan nan nan nan nan nan nan nan nan nan nan nan nan
 nan nan]"	1.0	0.02	5.0
2842.833048703659	2.0	trials	4.0	1.0	1.0	1.0	0.0	1.0	False	0.0	0.0	0.0	"[nan nan nan nan nan nan nan nan nan nan nan nan nan nan nan nan nan nan
 nan nan]"	1.0	0.02	5.0
2849.29471190915	2.0	trials	4.0	1.0	1.0	1.0	0.0	1.0	False	0.0	0.0	0.0	"[nan nan nan nan nan nan nan nan nan nan nan nan nan nan nan nan nan nan
 nan nan]"	1.0	0.02	5.0
2856.378885188389	2.0	trials	4.0	1.0	1.0	1.0	0.0	1.0	False	0.0	0.0	0.0	"[nan nan nan nan nan nan nan nan nan nan nan nan nan nan nan nan nan nan
 nan nan]"	1.0	0.02	5.0
2866.9397837094984	2.0	trials	4.0	1.0	1.0	1.0	0.0	1.0	False	0.0	0.0	0.0	"[nan nan nan nan nan nan nan nan nan nan nan nan nan nan nan nan nan nan
 nan nan]"	1.0	0.02	5.0
2875.174369428984	2.0	trials	4.0	1.0	1.0	1.0	0.0	1.0	False	0.0	0.0	0.0	"[nan nan nan nan nan nan nan nan nan nan nan nan nan nan nan nan nan nan
 nan nan]"	1.0	0.02	5.0
2884.682055209079	2.0	trials	4.0	1.0	1.0	1.0	0.0	1.0	False	0.0	0.0	0.0	"[nan nan nan nan nan nan nan nan nan nan nan nan nan nan nan nan nan nan
 nan nan]"	1.0	0.02	5.0
2894.6116308837086	2.0	trials	4.0	1.0	1.0	1.0	0.0	1.0	False	0.0	0.0	0.0	"[nan nan nan nan nan nan nan nan nan nan nan nan nan nan nan nan nan nan
 nan nan]"	1.0	0.02	5.0
2902.7184313986036	2.0	trials	4.0	1.0	1.0	1.0	0.0	1.0	False	0.0	0.0	0.0	"[nan nan nan nan nan nan nan nan nan nan nan nan nan nan nan nan nan nan
 nan nan]"	1.0	0.02	5.0
2911.4783274926062	2.0	trials	4.0	1.0	1.0	1.0	0.0	1.0	False	0.0	0.0	0.0	"[nan nan nan nan nan nan nan nan nan nan nan nan nan nan nan nan nan nan
 nan nan]"	1.0	0.02	5.0
2919.256031425834	2.0	trials	4.0	1.0	1.0	1.0	0.0	1.0	False	0.0	0.0	0.0	"[nan nan nan nan nan nan nan nan nan nan nan nan nan nan nan nan nan nan
 nan nan]"	1.0	0.02	5.0
2930.0418284510333	2.0	trials	4.0	1.0	1.0	1.0	0.0	1.0	False	0.0	0.0	0.0	"[nan nan nan nan nan nan nan nan nan nan nan nan nan nan nan nan nan nan
 nan nan]"	1.0	0.02	5.0
2938.1624529231526	2.0	trials	4.0	1.0	1.0	1.0	0.0	1.0	False	0.0	0.0	0.0	"[nan nan nan nan nan nan nan nan nan nan nan nan nan nan nan nan nan nan
 nan nan]"	1.0	0.02	5.0
2946.554372555795	2.0	trials	4.0	1.0	1.0	1.0	0.0	1.0	False	0.0	0.0	0.0	"[nan nan nan nan nan nan nan nan nan nan nan nan nan nan nan nan nan nan
 nan nan]"	1.0	0.02	5.0
2953.4660055689305	2.0	trials	4.0	1.0	1.0	1.0	0.0	1.0	False	0.0	0.0	0.0	"[nan nan nan nan nan nan nan nan nan nan nan nan nan nan nan nan nan nan
 nan nan]"	1.0	0.02	5.0
2960.7859637185747	2.0	trials	4.0	1.0	1.0	1.0	0.0	1.0	False	0.0	0.0	0.0	"[nan nan nan nan nan nan nan nan nan nan nan nan nan nan nan nan nan nan
 nan nan]"	1.0	0.02	5.0
2969.780089487793	2.0	trials	4.0	1.0	1.0	1.0	0.0	1.0	False	0.0	0.0	0.0	"[nan nan nan nan nan nan nan nan nan nan nan nan nan nan nan nan nan nan
 nan nan]"	1.0	0.02	5.0
2976.3437907775447	2.0	trials	4.0	1.0	1.0	1.0	0.0	1.0	False	0.0	0.0	0.0	"[nan nan nan nan nan nan nan nan nan nan nan nan nan nan nan nan nan nan
 nan nan]"	1.0	0.02	5.0
2987.0058633855874	2.0	trials	4.0	1.0	1.0	1.0	0.0	1.0	False	0.0	0.0	0.0	"[nan nan nan nan nan nan nan nan nan nan nan nan nan nan nan nan nan nan
 nan nan]"	1.0	0.02	5.0
2993.7300089788714	2.0	trials	4.0	1.0	1.0	1.0	0.0	1.0	False	0.0	0.0	0.0	"[nan nan nan nan nan nan nan nan nan nan nan nan nan nan nan nan nan nan
 nan nan]"	1.0	0.02	5.0
3003.386388698859	2.0	trials	4.0	1.0	1.0	1.0	0.0	1.0	False	0.0	0.0	0.0	"[nan nan nan nan nan nan nan nan nan nan nan nan nan nan nan nan nan nan
 nan nan]"	1.0	0.02	5.0
3009.76398496448	2.0	trials	4.0	1.0	1.0	1.0	0.0	1.0	False	0.0	0.0	0.0	"[nan nan nan nan nan nan nan nan nan nan nan nan nan nan nan nan nan nan
 nan nan]"	1.0	0.02	5.0
3020.0612779012713	2.0	trials	4.0	1.0	1.0	1.0	0.0	1.0	False	0.0	0.0	0.0	"[nan nan nan nan nan nan nan nan nan nan nan nan nan nan nan nan nan nan
 nan nan]"	1.0	0.02	5.0
3030.5779397592637	2.0	trials	4.0	1.0	1.0	1.0	0.0	1.0	False	0.0	0.0	0.0	"[nan nan nan nan nan nan nan nan nan nan nan nan nan nan nan nan nan nan
 nan nan]"	1.0	0.02	5.0
3041.6307119583535	2.0	trials	4.0	1.0	1.0	1.0	0.0	1.0	False	0.0	0.0	0.0	"[nan nan nan nan nan nan nan nan nan nan nan nan nan nan nan nan nan nan
 nan nan]"	1.0	0.02	5.0
3048.5184122455444	2.0	trials	4.0	1.0	1.0	1.0	0.0	1.0	False	0.0	0.0	0.0	"[nan nan nan nan nan nan nan nan nan nan nan nan nan nan nan nan nan nan
 nan nan]"	1.0	0.02	5.0
3059.204071980602	2.0	trials	4.0	1.0	1.0	1.0	0.0	1.0	False	0.0	0.0	0.0	"[nan nan nan nan nan nan nan nan nan nan nan nan nan nan nan nan nan nan
 nan nan]"	1.0	0.02	5.0
3067.5421645798033	2.0	trials	4.0	1.0	1.0	1.0	0.0	1.0	False	0.0	0.0	0.0	"[nan nan nan nan nan nan nan nan nan nan nan nan nan nan nan nan nan nan
 nan nan]"	1.0	0.02	5.0
3075.136528280346	2.0	trials	4.0	1.0	1.0	1.0	0.0	1.0	False	0.0	0.0	0.0	"[nan nan nan nan nan nan nan nan nan nan nan nan nan nan nan nan nan nan
 nan nan]"	1.0	0.02	5.0
3082.408016179972	2.0	trials	4.0	1.0	1.0	1.0	0.0	1.0	False	0.0	0.0	0.0	"[nan nan nan nan nan nan nan nan nan nan nan nan nan nan nan nan nan nan
 nan nan]"	1.0	0.02	5.0
3092.4139692182653	2.0	trials	4.0	1.0	1.0	1.0	0.0	1.0	False	0.0	0.0	0.0	"[nan nan nan nan nan nan nan nan nan nan nan nan nan nan nan nan nan nan
 nan nan]"	1.0	0.02	5.0
3100.4120788694854	2.0	trials	4.0	1.0	1.0	1.0	0.0	1.0	False	0.0	0.0	0.0	"[nan nan nan nan nan nan nan nan nan nan nan nan nan nan nan nan nan nan
 nan nan]"	1.0	0.02	5.0
3109.6826837831863	2.0	trials	4.0	1.0	1.0	1.0	0.0	1.0	False	0.0	0.0	0.0	"[nan nan nan nan nan nan nan nan nan nan nan nan nan nan nan nan nan nan
 nan nan]"	1.0	0.02	5.0
3196.4807192015382	2.0	trials	5.0	0.0	0.0	0.0	0.0	0.0	True	40.0	0.0	0.005	"[24752322.50713447 37004416.59505023 37004705.59415597 37004995.59325862
 37005284.59236436 37005574.59146701 37005863.59057274 37006153.58967539
 37006443.58877803 37006732.58788378 37007023.58698333 37007312.58608907
 37007601.58519481 37007891.58429746 37008182.583397   37008471.58250275
 37008761.58160539 37009049.58071423 37009340.57981378 37009628.57892261]"	0.0	0.0	0.0
3201.676712723427	2.0	trials	5.0	0.0	0.0	0.0	0.0	0.0	True	40.0	0.0	0.005	"[37009919.57802216 37064554.40896369 37064845.40806324 37065134.40716898
 37065423.40627472 37065713.40537737 37066003.40448001 37066293.40358265
 37066582.4026884  37066872.40179104 37067162.40089369 37067451.39999942
 37067741.39910207 37068030.39820781 37068319.39731355 37068610.3964131
 37068899.39551884 37069188.39462458 37069478.39372724 37069769.39282678]"	0.0	0.0	0.0
3208.156865471705	2.0	trials	5.0	0.0	0.0	0.0	0.0	0.0	True	40.0	0.0	0.005	"[37070057.39193562 37139557.17687999 37139846.17598574 37140136.17508838
 37140425.17419413 37140714.17329986 37141004.17240251 37141294.17150515
 37141583.17061089 37141874.16971045 37142163.16881619 37142453.16791883
 37142742.16702457 37143031.16613031 37143322.16522986 37143610.16433869
 37143901.16343825 37144190.16254398 37144479.16164973 37144769.16075237]"	0.0	0.0	0.0
3216.298917077521	2.0	trials	5.0	0.0	0.0	0.0	0.0	0.0	True	40.0	0.0	0.005	"[37145060.15985192 37233792.88528313 37234083.88438269 37234372.88348843
 37234661.88259417 37234951.88169681 37235241.88079946 37235530.8799052
 37235821.87900475 37236110.87811049 37236399.87721623 37236690.87631578
 37236978.87542462 37237268.87452727 37237558.87362991 37237847.87273565
 37238138.87183519 37238426.87094404 37238717.87004359 37239006.86914933]"	0.0	0.0	0.0
3225.245263794584	2.0	trials	5.0	0.0	0.0	0.0	0.0	0.0	True	40.0	0.0	0.005	"[37239296.86825198 37337338.56487811 37337628.56398076 37337917.5630865
 37338207.56218914 37338497.56129179 37338787.56039443 37339077.55949708
 37339366.55860282 37339655.55770856 37339945.55681121 37340234.55591694
 37340524.55501959 37340814.55412224 37341103.55322798 37341393.55233062
 37341682.55143636 37341973.55053591 37342263.54963856 37342551.5487474 ]"	0.0	0.0	0.0
3234.1187755370224	2.0	trials	5.0	0.0	0.0	0.0	0.0	0.0	True	40.0	0.0	0.005	"[37342841.54785004 37440042.24707851 37440332.24618115 37440621.24528689
 37440910.24439264 37441200.24349528 37441490.24259793 37441780.24170057
 37442069.24080631 37442358.23991205 37442648.23901469 37442938.23811734
 37443228.23721999 37443518.23632263 37443807.23542837 37444096.23453411
 37444386.23363676 37444676.2327394  37444966.23184205 37445254.23095088]"	0.0	0.0	0.0
3241.4032233965468	2.0	trials	5.0	0.0	0.0	0.0	0.0	0.0	True	40.0	0.0	0.005	"[37445545.23005044 37524352.98619284 37524642.98529548 37524932.98439812
 37525220.98350696 37525510.9826096  37525800.98171224 37526089.98081799
 37526378.97992373 37526669.97902328 37526958.97812902 37527247.97723477
 37527538.97633432 37527827.97544006 37528117.9745427  37528407.97364534
 37528695.97275418 37528986.97185373 37529276.97095638 37529564.97006521]"	0.0	0.0	0.0
3248.47676950867	2.0	trials	5.0	0.0	0.0	0.0	0.0	0.0	True	40.0	0.0	0.005	"[37529855.96916476 37606221.7328635  37606511.73196615 37606801.73106879
 37607091.73017144 37607379.72928028 37607669.72838292 37607960.72748247
 37608249.7265882  37608538.72569395 37608829.7247935  37609119.72389615
 37609408.72300189 37609698.72210453 37609987.72121027 37610277.72031292
 37610566.71941866 37610855.7185244  37611146.71762395 37611435.71672969]"	0.0	0.0	0.0
3255.858071468496	2.0	trials	5.0	0.0	0.0	0.0	0.0	0.0	True	40.0	0.0	0.005	"[37611724.71583542 37691653.46850909 37691942.46761483 37692231.46672057
 37692523.46581702 37692812.46492276 37693101.46402851 37693390.46313424
 37693681.4622338  37693970.46133953 37694260.46044218 37694550.45954483
 37694839.45865057 37695129.45775321 37695419.45685586 37695709.4559585
 37695997.45506734 37696287.45416998 37696577.45327263 37696866.45237837]"	0.0	0.0	0.0
3264.5392574060534	2.0	trials	5.0	0.0	0.0	0.0	0.0	0.0	True	40.0	0.0	0.005	"[37697157.45147792 37792130.15760055 37792421.15670009 37792710.15580584
 37792999.15491158 37793289.15401422 37793579.15311687 37793869.15221951
 37794158.15132526 37794447.15043099 37794737.14953364 37795027.14863628
 37795317.14773893 37795606.14684466 37795897.14594422 37796186.14504996
 37796475.1441557  37796766.14325525 37797055.14236099 37797345.14146364]"	0.0	0.0	0.0
3270.163620802425	2.0	trials	5.0	0.0	0.0	0.0	0.0	0.0	True	40.0	0.0	0.005	"[37797634.14056937 37857226.95616924 37857516.95527188 37857805.95437763
 37858095.95348027 37858384.95258601 37858674.95168865 37858964.9507913
 37859253.94989704 37859543.94899969 37859833.94810233 37860123.94720498
 37860413.94630762 37860702.94541336 37860992.94451601 37861281.94362175
 37861571.94272439 37861861.94182704 37862150.94093278 37862439.94003852]"	0.0	0.0	0.0
3276.0959128459635	2.0	trials	5.0	0.0	0.0	0.0	0.0	0.0	True	40.0	0.0	0.005	"[37862730.93913807 37925887.74370976 37926177.7428124  37926468.74191196
 37926756.74102079 37927045.74012653 37927335.73922917 37927625.73833182
 37927914.73743756 37928204.73654021 37928494.73564285 37928782.73475169
 37929074.73384815 37929363.73295388 37929652.73205962 37929943.73115917
 37930231.73026801 37930521.72937065 37930810.72847639 37931101.72757594]"	0.0	0.0	0.0
3283.2530074995607	2.0	trials	5.0	0.0	0.0	0.0	0.0	0.0	True	40.0	0.0	0.005	"[37931391.72667859 38008725.48738202 38009013.48649086 38009303.48559351
 38009594.48469306 38009884.4837957  38010171.48290763 38010462.48200718
 38010753.48110673 38011042.48021247 38011331.47931821 38011620.47842395
 38011911.4775235  38012199.47663233 38012489.47573498 38012779.47483762
 38013069.47394028 38013358.47304601 38013649.47214556 38013937.4712544 ]"	0.0	0.0	0.0
3291.7433364276926	2.0	trials	5.0	0.0	0.0	0.0	0.0	0.0	True	40.0	0.0	0.005	"[38014228.47035395 38106993.18330885 38107281.18241768 38107571.18152033
 38107862.18061987 38108150.17972872 38108441.17882827 38108730.17793401
 38109020.17703665 38109308.17614548 38109599.17524504 38109889.17434768
 38110179.17345033 38110469.17255297 38110758.17165871 38111048.17076136
 38111337.1698671  38111626.16897283 38111917.16807239 38112205.16718122]"	0.0	0.0	0.0
3297.5329825126246	2.0	trials	5.0	0.0	0.0	0.0	0.0	0.0	True	40.0	0.0	0.005	"[38112494.16628696 38174001.97596119 38174291.97506384 38174580.97416958
 38174871.97326913 38175161.97237177 38175449.97148061 38175739.97058325
 38176029.9696859  38176318.96879164 38176608.96789429 38176897.96700002
 38177187.96610267 38177478.96520222 38177767.96430796 38178057.96341061
 38178346.96251635 38178635.96162209 38178926.96072163 38179216.95982429]"	0.0	0.0	0.0
3304.1570772154982	2.0	trials	5.0	0.0	0.0	0.0	0.0	0.0	True	40.0	0.0	0.005	"[38179504.95893312 38250669.73872545 38250960.737825   38251249.73693074
 38251538.73603647 38251828.73513912 38252117.73424486 38252408.73334441
 38252697.73245015 38252986.73155589 38253275.73066163 38253567.72975809
 38253856.72886383 38254146.72796647 38254435.72707222 38254725.72617486
 38255014.7252806  38255303.72438634 38255594.72348589 38255882.72259472]"	0.0	0.0	0.0
3310.9857664852893	2.0	trials	5.0	0.0	0.0	0.0	0.0	0.0	True	40.0	0.0	0.005	"[38256173.72169428 38329706.49415924 38329996.49326189 38330286.49236453
 38330574.49147337 38330865.49057292 38331155.48967557 38331443.4887844
 38331734.48788396 38332024.48698659 38332312.48609543 38332602.48519807
 38332891.48430382 38333181.48340645 38333471.48250911 38333760.48161485
 38334050.48071749 38334340.47982014 38334629.47892588 38334920.47802543]"	0.0	0.0	0.0
3318.887281235406	2.0	trials	5.0	0.0	0.0	0.0	0.0	0.0	True	40.0	0.0	0.005	"[38335209.47713117 38421158.21117699 38421449.21027654 38421737.20938537
 38422027.20848802 38422318.20758757 38422606.20669641 38422897.20579595
 38423187.2048986  38423477.20400125 38423765.20311008 38424056.20220964
 38424344.20131847 38424634.20042111 38424923.19952685 38425213.1986295
 38425503.19773214 38425794.1968317  38426083.19593743 38426373.19504008]"	0.0	0.0	0.0
3326.8313910537195	2.0	trials	5.0	0.0	0.0	0.0	0.0	0.0	True	40.0	0.0	0.005	"[38426662.19414582 38513102.92666923 38513393.92576879 38513681.92487762
 38513972.92397717 38514262.92307982 38514551.92218556 38514841.9212882
 38515131.92039084 38515421.91949349 38515709.91860233 38516000.91770188
 38516289.91680761 38516578.91591335 38516869.9150129  38517158.91411865
 38517448.91322129 38517738.91232394 38518026.91143277 38518317.91053233]"	0.0	0.0	0.0
3335.5557768576023	2.0	trials	5.0	0.0	0.0	0.0	0.0	0.0	True	40.0	0.0	0.005	"[38518606.90963806 38614080.61421043 38614369.61331617 38614659.61241882
 38614948.61152455 38615238.6106272  38615528.60972985 38615818.60883249
 38616107.60793824 38616397.60704087 38616686.60614663 38616977.60524617
 38617265.60435501 38617555.60345765 38617845.6025603  38618135.60166295
 38618423.60077178 38618714.59987133 38619003.59897707 38619294.59807662]"	0.0	0.0	0.0
3341.225672913081	2.0	trials	5.0	0.0	0.0	0.0	0.0	0.0	True	40.0	0.0	0.005	"[38619583.59718236 38679704.41114841 38679994.41025106 38680283.4093568
 38680574.40845636 38680864.407559   38681152.40666784 38681443.40576738
 38681731.40487622 38682022.40397577 38682311.40308151 38682601.40218416
 38682889.40129299 38683180.40039254 38683469.39949828 38683759.39860093
 38684048.39770667 38684339.39680623 38684628.39591196 38684917.3950177 ]"	0.0	0.0	0.0
3349.589253433414	2.0	trials	5.0	0.0	0.0	0.0	0.0	0.0	True	40.0	0.0	0.005	"[38685208.39411725 38776505.11161461 38776795.11071727 38777085.10981991
 38777374.10892565 38777663.10803138 38777955.10712784 38778244.10623359
 38778533.10533933 38778823.10444197 38779113.10354462 38779401.10265345
 38779691.1017561  38779982.10085565 38780272.09995829 38780561.09906403
 38780851.09816668 38781139.09727551 38781429.09637816 38781718.0954839 ]"	0.0	0.0	0.0
3354.875189076992	2.0	trials	5.0	0.0	0.0	0.0	0.0	0.0	True	40.0	0.0	0.005	"[38782008.09458654 38837685.92230069 38837973.92140952 38838263.92051217
 38838553.91961481 38838842.91872056 38839134.91781701 38839422.91692585
 38839712.91602849 38840002.91513114 38840291.91423687 38840580.91334262
 38840871.91244217 38841160.91154791 38841448.91065674 38841739.90975629
 38842029.90885894 38842318.90796468 38842609.90706423 38842898.90616997]"	0.0	0.0	0.0
3363.8336317566254	2.0	trials	5.0	0.0	0.0	0.0	0.0	0.0	True	40.0	0.0	0.005	"[38843188.90527261 38941371.60146246 38941661.60056511 38941949.59967393
 38942239.59877659 38942529.59787923 38942818.59698497 38943107.5960907
 38943398.59519026 38943687.594296   38943978.59339555 38944267.59250129
 38944557.59160393 38944847.59070658 38945135.58981542 38945426.58891497
 38945715.58802071 38946005.58712335 38946294.58622909 38946584.58533174]"	0.0	0.0	0.0
3371.2853494985625	2.0	trials	5.0	0.0	0.0	0.0	0.0	0.0	True	40.0	0.0	0.005	"[38946874.58443439 39027617.33458927 39027907.3336919  39028196.33279765
 39028486.33190029 39028775.33100604 39029066.33010559 39029355.32921132
 39029645.32831398 39029935.32741661 39030224.32652236 39030513.32562809
 39030803.32473074 39031093.32383338 39031382.32293913 39031672.32204177
 39031961.32114751 39032252.32024706 39032542.31934971 39032830.31845854]"	0.0	0.0	0.0
3377.867367531635	2.0	trials	5.0	0.0	0.0	0.0	0.0	0.0	True	40.0	0.0	0.005	"[39033121.31755809 39103799.09885736 39104089.09796001 39104378.09706575
 39104668.09616839 39104958.09527104 39105247.09437678 39105536.09348251
 39105826.09258516 39106115.0916909  39106406.09079045 39106696.0898931
 39106985.08899883 39107275.08810148 39107565.08720413 39107853.08631296
 39108143.08541561 39108433.08451825 39108723.0836209  39109012.08272664]"	0.0	0.0	0.0
3383.6872535229945	2.0	trials	5.0	0.0	0.0	0.0	0.0	0.0	True	40.0	0.0	0.005	"[39109301.08183238 39171157.89042669 39171447.88952933 39171736.88863508
 39172026.88773772 39172316.88684036 39172605.88594611 39172894.88505185
 39173184.88415449 39173476.88325095 39173765.88235669 39174055.88145933
 39174343.88056817 39174633.87967081 39174923.87877346 39175212.8778792
 39175502.87698185 39175792.87608449 39176081.87519023 39176371.87429288]"	0.0	0.0	0.0
3389.0214866171245	2.0	trials	5.0	0.0	0.0	0.0	0.0	0.0	True	40.0	0.0	0.005	"[39176660.87339862 39232897.69938303 39233186.69848877 39233476.69759142
 39233765.69669716 39234055.69579981 39234345.69490245 39234634.69400819
 39234925.69310774 39235214.69221348 39235503.69131922 39235792.69042496
 39236082.68952761 39236373.68862716 39236663.68772981 39236951.68683863
 39237242.68593819 39237530.68504702 39237820.68414967 39238110.68325231]"	0.0	0.0	0.0
3394.955333855851	2.0	trials	5.0	0.0	0.0	0.0	0.0	0.0	True	40.0	0.0	0.005	"[39238400.68235496 39301575.48687094 39301866.4859705  39302155.48507623
 39302446.48417579 39302733.48328772 39303024.48238727 39303313.48149301
 39303603.48059566 39303892.4797014  39304183.47880094 39304472.47790669
 39304761.47701243 39305052.47611198 39305342.47521463 39305631.47432037
 39305921.47342301 39306209.47253184 39306499.47163449 39306788.47074023]"	0.0	0.0	0.0
3401.5374382886566	2.0	trials	5.0	0.0	0.0	0.0	0.0	0.0	True	40.0	0.0	0.005	"[39307079.46983978 39377757.25113904 39378047.25024169 39378337.24934434
 39378626.24845008 39378916.24755272 39379205.24665846 39379496.24575801
 39379786.24486066 39380074.24396949 39380365.24306905 39380654.24217478
 39380944.24127743 39381233.24038317 39381524.23948272 39381814.23858537
 39382102.2376942  39382391.23679994 39382682.23589949 39382971.23500523]"	0.0	0.0	0.0
3409.8416621926585	2.0	trials	5.0	0.0	0.0	0.0	0.0	0.0	True	40.0	0.0	0.005	"[39383260.23411097 39473870.95373105 39474160.95283369 39474449.95193943
 39474740.95103898 39475029.95014472 39475318.94925046 39475609.94835001
 39475898.94745576 39476188.9465584  39476478.94566105 39476768.94476369
 39477056.94387253 39477347.94297208 39477636.94207782 39477926.94118046
 39478214.9402893  39478504.93939195 39478795.93849149 39479084.93759724]"	0.0	0.0	0.0
3415.4935871037455	2.0	trials	5.0	0.0	0.0	0.0	0.0	0.0	True	40.0	0.0	0.005	"[39479373.93670297 39539287.75130955 39539576.7504153  39539866.74951794
 39540155.74862368 39540446.74772323 39540734.74683207 39541025.74593162
 39541313.74504045 39541603.7441431  39541893.74324574 39542183.7423484
 39542472.74145412 39542762.74055678 39543051.73966251 39543342.73876207
 39543632.73786472 39543922.73696736 39544210.73607619 39544499.73518193]"	0.0	0.0	0.0
3422.8819738416482	2.0	trials	5.0	0.0	0.0	0.0	0.0	0.0	True	40.0	0.0	0.005	"[39544789.73428458 39624801.48670141 39625090.48580714 39625090.48580714
 39625380.48490979 39625670.48401244 39625959.48311818 39626249.48222082
 39626538.48132657 39626828.48042921 39627117.47953495 39627406.47864069
 39627697.47774024 39627985.47684907 39628275.47595172 39628566.47505127
 39628854.4741601  39629144.47326275 39629434.47236539 39629724.47146804]"	0.0	0.0	0.0
3430.8713571198714	2.0	trials	5.0	0.0	0.0	0.0	0.0	0.0	True	40.0	0.0	0.005	"[39630013.47057378 39630304.46967334 39717270.20057222 39717560.19967487
 39717850.19877751 39718139.19788326 39718430.19698281 39718718.19609164
 39719008.19519429 39719299.19429383 39719587.19340267 39719877.19250531
 39720166.19161106 39720457.19071061 39720747.18981326 39721037.1889159
 39721326.18802164 39721616.18712429 39721905.18623002 39722195.18533267]"	0.0	0.0	0.0
3437.3358715165396	2.0	trials	5.0	0.0	0.0	0.0	0.0	0.0	True	40.0	0.0	0.005	"[39722484.18443841 39722774.18354105 39792090.9690517  39792380.96815434
 39792669.96726009 39792961.96635654 39793249.96546537 39793539.96456802
 39793829.96367066 39794118.96277641 39794408.96187904 39794697.96098479
 39794987.96008743 39795277.95919008 39795565.95829891 39795855.95740157
 39796146.95650111 39796434.95560995 39796724.95471259 39797014.95381524]"	0.0	0.0	0.0
3445.367417864295	2.0	trials	5.0	0.0	0.0	0.0	0.0	0.0	True	40.0	0.0	0.005	"[39797305.95291479 39797593.95202363 39885049.6814063  39885338.68051203
 39885628.67961468 39885917.67872042 39886206.67782616 39886497.67692571
 39886786.67603145 39887075.67513719 39887365.67423984 39887654.67334558
 39887944.67244823 39888235.67154777 39888525.67065042 39888813.66975925
 39889103.6688619  39889394.66796146 39889682.66707028 39889973.66616984]"	0.0	0.0	0.0
3453.6713825690995	2.0	trials	5.0	0.0	0.0	0.0	0.0	0.0	True	40.0	0.0	0.005	"[39890261.66527867 39890552.66437823 39981159.38401067 39981449.38311332
 39981739.38221596 39982028.3813217  39982320.38041816 39982608.379527
 39982898.37862964 39983188.37773228 39983477.37683802 39983767.37594067
 39984056.37504642 39984346.37414905 39984635.3732548  39984925.37235744
 39984925.37235744 39985215.3714601  39985505.37056273 39985795.36966538]"	0.0	0.0	0.0
3459.7738820859604	2.0	trials	5.0	0.0	0.0	0.0	0.0	0.0	True	40.0	0.0	0.005	"[39986084.36877112 39986374.36787377 39986663.3669795  40051790.16545537
 40052081.16455492 40052371.16365757 40052660.16276331 40052949.16186905
 40053240.16096859 40053528.16007743 40053818.15918008 40054109.15827963
 40054397.15738846 40054687.15649111 40054977.15559375 40055267.1546964
 40055556.15380214 40055846.15290479 40056136.15200743 40056425.15111317]"	0.0	0.0	0.0
3466.625899283567	2.0	trials	5.0	0.0	0.0	0.0	0.0	0.0	True	40.0	0.0	0.005	"[40056714.15021891 40057005.14931846 40057294.1484242  40131096.9200537
 40131385.91915943 40131674.91826518 40131964.91736782 40132254.91647047
 40132543.91557621 40132833.91467886 40133122.91378459 40133413.91288415
 40133702.91198989 40133992.91109253 40134281.91019827 40134570.90930402
 40134860.90840665 40135150.9075093  40135440.90661194 40135730.90571459]"	0.0	0.0	0.0
3474.8101139589166	2.0	trials	5.0	0.0	0.0	0.0	0.0	0.0	True	40.0	0.0	0.005	"[40136020.90481724 40136308.90392607 40136598.90302873 40225820.62694681
 40226111.62604637 40226399.6251552  40226689.62425784 40226978.62336358
 40227268.62246623 40227558.62156887 40227848.62067152 40228137.61977726
 40228426.618883   40228717.61798255 40229007.6170852  40229296.61619093
 40229586.61529358 40229875.61439932 40230166.61349887 40230455.61260461]"	0.0	0.0	0.0
3483.540547744085	2.0	trials	5.0	0.0	0.0	0.0	0.0	0.0	True	40.0	0.0	0.005	"[40230746.61170416 40231033.61081609 40231324.60991564 40326868.31427141
 40327156.31338024 40327447.31247979 40327737.31158245 40328025.31069127
 40328316.30979083 40328604.30889966 40328895.30799922 40329185.30710185
 40329474.3062076  40329765.30530715 40330053.30441599 40330342.30352172
 40330633.30262128 40330922.30172702 40331211.30083276 40331501.2999354 ]"	0.0	0.0	0.0
3489.7916548011053	2.0	trials	5.0	0.0	0.0	0.0	0.0	0.0	True	40.0	0.0	0.005	"[40331792.29903495 40332081.29814069 40332371.29724334 40399218.09039696
 40399508.08949961 40399798.08860225 40400088.0877049  40400378.08680755
 40400666.08591638 40400957.08501593 40401245.08412477 40401535.08322741
 40401826.08232696 40402115.0814327  40402405.08053534 40402695.079638
 40402984.07874373 40403274.07784638 40403564.07694902 40403853.07605477]"	0.0	0.0	0.0
3496.7722348008974	2.0	trials	5.0	0.0	0.0	0.0	0.0	0.0	True	40.0	0.0	0.005	"[40404142.0751605  40404432.07426315 40404722.0733658  40480011.84039403
 40480301.83949668 40480590.83860241 40480880.83770506 40481170.83680771
 40481459.83591344 40481749.83501609 40482039.83411873 40482329.83322138
 40482618.83232712 40482908.83142976 40483197.83053551 40483486.82964125
 40483776.8287439  40484066.82784654 40484356.82694919 40484645.82605492]"	0.0	0.0	0.0
3504.704162256907	2.0	trials	5.0	0.0	0.0	0.0	0.0	0.0	True	40.0	0.0	0.005	"[40484934.82516067 40485226.82425713 40485515.82336286 40571816.55631948
 40572105.55542522 40572395.55452786 40572685.55363051 40572975.55273315
 40573265.5518358  40573555.55093844 40573843.55004729 40574133.54914992
 40574424.54824948 40574712.54735831 40575002.54646096 40575293.54556051
 40575581.54466935 40575871.54377199 40576161.54287463 40576451.54197728]"	0.0	0.0	0.0
3511.376381610867	2.0	trials	5.0	0.0	0.0	0.0	0.0	0.0	True	40.0	0.0	0.005	"[40576740.54108302 40577030.54018567 40577320.53928831 40649042.3173571
 40649331.31646284 40649622.31556239 40649911.31466813 40650200.31377387
 40650491.31287342 40650779.31198225 40651069.3110849  40651360.31018446
 40651649.30929019 40651938.30839593 40652228.30749857 40652517.30660432
 40652807.30570696 40653096.30481271 40653387.30391225 40653676.303018  ]"	0.0	0.0	0.0
3516.5156969081363	2.0	trials	5.0	0.0	0.0	0.0	0.0	0.0	True	40.0	0.0	0.005	"[40653967.30211755 40654255.30122638 40654545.30032903 40708524.13330043
 40708814.13240308 40709105.13150263 40709394.13060836 40709684.12971101
 40709974.12881365 40710262.12792249 40710553.12702204 40710843.12612469
 40711131.12523352 40711421.12433618 40711711.12343881 40712001.12254146
 40712291.12164411 40712581.12074675 40712870.1198525  40713160.11895514]"	0.0	0.0	0.0
3525.57548647417	2.0	trials	5.0	0.0	0.0	0.0	0.0	0.0	True	40.0	0.0	0.005	"[40713449.11806088 40713738.11716662 40714028.11626926 40813382.80883256
 40813673.8079321  40813963.80703475 40814253.8061374  40814541.80524623
 40814832.80434578 40815121.80345152 40815411.80255417 40815700.80165991
 40815990.80076256 40816279.79986829 40816570.79896785 40816858.79807667
 40817149.79717623 40817438.79628197 40817728.79538462 40818018.79448726]"	0.0	0.0	0.0
3532.9975691078066	2.0	trials	5.0	0.0	0.0	0.0	0.0	0.0	True	40.0	0.0	0.005	"[40818306.7935961  40818597.79269565 40818887.79179829 40899287.54301453
 40899576.54212026 40899864.5412291  40900155.54032865 40900445.5394313
 40900735.53853394 40901024.53763968 40901313.53674542 40901603.53584807
 40901893.53495071 40902183.53405336 40902472.5331591  40902761.53226484
 40903052.53136439 40903341.53047013 40903631.52957277 40903921.52867542]"	0.0	0.0	0.0
3538.368435688581	2.0	trials	5.0	0.0	0.0	0.0	0.0	0.0	True	40.0	0.0	0.005	"[40904210.52778116 40904499.5268869  40904790.52598646 40961451.35065888
 40961740.34976462 40962029.34887036 40962320.34796991 40962608.34707874
 40962899.34617829 40963187.34528712 40963478.34438668 40963766.34349551
 40964056.34259816 40964346.34170081 40964636.34080344 40964927.339903
 40965215.33901183 40965505.33811448 40965795.33721712 40966084.33632287]"	0.0	0.0	0.0
3545.765721598947	2.0	trials	5.0	0.0	0.0	0.0	0.0	0.0	True	40.0	0.0	0.005	"[40966374.33542552 40966662.33453434 40966954.3336308  41047067.0857351
 41047356.08484084 41047645.08394659 41047936.08304613 41048226.08214878
 41048514.08125762 41048804.08036026 41049093.079466   41049383.07856864
 41049674.0776682  41049963.07677393 41050253.07587659 41050543.07497923
 41050832.07408497 41051122.07318762 41051410.07229645 41051700.07139909]"	0.0	0.0	0.0
3567.617941980995	2.0	trials	5.0	0.0	0.0	0.0	0.0	0.0	True	40.0	0.0	0.005	"[41051991.07049865 41052280.06960438 41052569.06871013 41299985.3031214
 41300274.30222714 41300565.30132669 41300854.30043243 41301144.29953507
 41301433.29864082 41301723.29774346 41302013.29684611 41302303.29594875
 41302591.29505759 41302881.29416024 41303172.29325978 41303461.29236552
 41303750.29147127 41304039.290577   41304329.28967965 41304620.2887792 ]"	0.0	0.0	0.0
3574.968226436799	2.0	trials	5.0	0.0	0.0	0.0	0.0	0.0	True	40.0	0.0	0.005	"[41304909.28788494 41305199.28698759 41305488.28609332 41385059.03987475
 41385348.03898049 41385638.03808314 41385927.03718888 41386217.03629152
 41386508.03539108 41386797.03449681 41387087.03359946 41387376.0327052
 41387666.03180785 41387956.03091049 41388245.03001623 41388535.02911888
 41388824.02822462 41389115.02732417 41389403.026433   41389693.02553565]"	0.0	0.0	0.0
3583.332152556063	2.0	trials	5.0	0.0	0.0	0.0	0.0	0.0	True	40.0	0.0	0.005	"[41389983.0246383  41390272.02374403 41390561.02284978 41481862.74033166
 41482152.73943432 41482442.73853695 41482731.7376427  41483021.73674535
 41483310.73585109 41483601.73495064 41483890.73405638 41484179.73316212
 41484468.73226786 41484758.7313705  41485048.73047315 41485337.72957889
 41485626.72868463 41485918.72778109 41486207.72688682 41486496.72599256]"	0.0	0.0	0.0
3590.6820050132037	2.0	trials	5.0	0.0	0.0	0.0	0.0	0.0	True	40.0	0.0	0.005	"[41486786.72509521 41487075.72420095 41487365.72330359 41566931.4771005
 41567220.47620624 41567509.47531197 41567799.47441462 41568088.47352036
 41568379.47261991 41568669.47172256 41568957.47083139 41569247.46993403
 41569537.46903668 41569827.46813933 41570116.46724506 41570405.46635081
 41570695.46545345 41570986.46455301 41571275.46365874 41571564.46276449]"	0.0	0.0	0.0
3597.7677334876316	2.0	trials	5.0	0.0	0.0	0.0	0.0	0.0	True	40.0	0.0	0.005	"[41571854.46186713 41572144.46096978 41572433.46007551 41648943.22332867
 41649232.22243442 41649521.22154015 41649811.22064281 41650100.21974854
 41650391.21884809 41650680.21795383 41650968.21706267 41651260.21615913
 41651549.21526486 41651838.2143706  41652128.21347325 41652418.2125759
 41652708.21167854 41652997.21078428 41653287.20988692 41653577.20898957]"	0.0	0.0	0.0
3605.616026002435	2.0	trials	5.0	0.0	0.0	0.0	0.0	0.0	True	40.0	0.0	0.005	"[41653865.2080984  41654156.20719795 41654446.2063006  41739777.94225562
 41740067.94135827 41740357.94046091 41740647.93956356 41740937.9386662
 41741226.93777194 41741516.93687459 41741805.93598033 41742095.93508297
 41742384.93418871 41742675.93328826 41742964.932394   41743253.93149974
 41743542.93060549 41743833.92970503 41744122.92881078 41744412.92791342]"	0.0	0.0	0.0
3611.4484399550292	2.0	trials	5.0	0.0	0.0	0.0	0.0	0.0	True	40.0	0.0	0.005	"[41744701.92701916 41744992.92611871 41745281.92522445 41807283.73337008
 41807572.73247582 41807862.73157847 41808152.73068111 41808440.72978995
 41808731.7288895  41809021.72799215 41809309.72710098 41809600.72620054
 41809889.72530627 41810179.72440892 41810468.72351465 41810758.7226173
 41811048.72171995 41811337.72082569 41811628.71992524 41811916.71903408]"	0.0	0.0	0.0
3619.4639159525123	2.0	trials	5.0	0.0	0.0	0.0	0.0	0.0	True	40.0	0.0	0.005	"[41812206.71813672 41812496.71723936 41812785.71634511 41900054.44630641
 41900344.44540906 41900633.4445148  41900924.44361435 41901213.44272009
 41901503.44182273 41901793.44092538 41902082.44003112 41902371.43913686
 41902662.43823642 41902951.43734215 41903240.4364479  41903530.43555054
 41903820.43465319 41904110.43375583 41904400.43285847 41904689.43196422]"	0.0	0.0	0.0
3625.080244173747	2.0	trials	5.0	0.0	0.0	0.0	0.0	0.0	True	40.0	0.0	0.005	"[41904978.43106996 41905268.4301726  41905557.42927834 41965059.24515978
 41965348.24426553 41965637.24337126 41965927.24247392 41966216.24157965
 41966507.2406792  41966796.23978495 41967085.23889069 41967376.23799024
 41967665.23709597 41967954.23620171 41968244.23530436 41968534.23440701
 41968822.23351584 41969113.23261539 41969403.23171803 41969694.23081759]"	0.0	0.0	0.0
3633.714083057812	2.0	trials	5.0	0.0	0.0	0.0	0.0	0.0	True	40.0	0.0	0.005	"[41969982.22992642 41970271.22903216 41970562.22813171 42064986.93595003
 42065277.93504958 42065565.93415841 42065856.93325797 42066145.9323637
 42066435.93146635 42066724.93057209 42067014.92967474 42067304.92877739
 42067593.92788313 42067884.92698267 42068172.92609151 42068462.92519415
 42068751.9242999  42069042.92339945 42069331.92250519 42069620.92161092]"	0.0	0.0	0.0
3642.240095075528	2.0	trials	5.0	0.0	0.0	0.0	0.0	0.0	True	40.0	0.0	0.005	"[42069911.92071047 42070199.91981931 42070490.91891886 42163668.6305958
 42163957.62970154 42164248.62880109 42164537.62790683 42164826.62701257
 42165116.62611523 42165406.62521786 42165696.62432051 42165985.62342625
 42166275.6225289  42166564.62163463 42166854.62073728 42167144.61983993
 42167434.61894257 42167724.61804522 42168012.61715405 42168302.6162567 ]"	0.0	0.0	0.0
3650.412040988842	2.0	trials	5.0	0.0	0.0	0.0	0.0	0.0	True	40.0	0.0	0.005	"[42168592.61535934 42168880.61446818 42169171.61356773 42258251.33792521
 42258539.33703405 42258830.3361336  42259119.33523934 42259409.33434199
 42259698.33344772 42259987.33255347 42260277.33165611 42260567.33075876
 42260858.32985831 42261147.32896405 42261437.3280667  42261726.32717243
 42262015.32627818 42262306.32537773 42262595.32448346 42262885.32358611]"	0.0	0.0	0.0
3655.577967403768	2.0	trials	5.0	0.0	0.0	0.0	0.0	0.0	True	40.0	0.0	0.005	"[42263174.32269185 42263463.32179759 42263753.32090024 42318041.1529155
 42318331.15201814 42318622.15111769 42318911.15022343 42319201.14932608
 42319490.14843182 42319781.14753137 42320070.14663711 42320359.14574285
 42320649.14484549 42320938.14395124 42321228.14305388 42321518.14215653
 42321807.14126226 42322097.14036491 42322386.13947064 42322676.1385733 ]"	0.0	0.0	0.0
3661.9730164153843	2.0	trials	5.0	0.0	0.0	0.0	0.0	0.0	True	40.0	0.0	0.005	"[42322965.13767903 42323255.13678168 42323545.13588433 42392057.9238828
 42392347.92298545 42392637.9220881  42392927.92119074 42393217.92029339
 42393507.91939603 42393796.91850177 42394086.91760442 42394375.91671016
 42394664.9158159  42394955.91491545 42395244.91402119 42395533.91312693
 42395823.91222958 42396113.91133222 42396403.91043487 42396691.90954371]"	0.0	0.0	0.0
3669.600125614602	2.0	trials	5.0	0.0	0.0	0.0	0.0	0.0	True	40.0	0.0	0.005	"[42396981.90864635 42397271.90774899 42397561.90685163 42480335.65072194
 42480624.64982768 42480914.64893033 42481203.64803607 42481492.64714181
 42481783.64624136 42482073.645344   42482362.64444974 42482651.64355548
 42482941.64265813 42483231.64176077 42483521.64086342 42483810.63996916
 42484100.63907181 42484389.63817754 42484680.6372771  42484968.63638593]"	0.0	0.0	0.0
3677.946426188405	2.0	trials	5.0	0.0	0.0	0.0	0.0	0.0	True	40.0	0.0	0.005	"[42485259.63548548 42485548.63459122 42485838.63369387 42576935.3518101
 42577226.35090965 42577514.35001849 42577804.34912113 42578093.34822687
 42578384.34732642 42578673.34643216 42578962.3455379  42579252.34464055
 42579542.34374319 42579832.34284583 42580121.34195158 42580411.34105422
 42580701.34015688 42580990.33926261 42581280.33836526 42581570.3374679 ]"	0.0	0.0	0.0
3685.686459838197	2.0	trials	5.0	0.0	0.0	0.0	0.0	0.0	True	40.0	0.0	0.005	"[42581859.33657365 42582148.33567938 42582438.33478203 42666520.07460495
 42666809.07371069 42667098.07281643 42667388.07191908 42667678.07102172
 42667968.07012437 42668257.06923011 42668546.06833585 42668836.06743849
 42669126.06654114 42669416.06564379 42669705.06474952 42669995.06385217
 42670284.06295791 42670574.06206056 42670864.0611632  42671154.06026585]"	0.0	0.0	0.0
3691.7285659419354	2.0	trials	5.0	0.0	0.0	0.0	0.0	0.0	True	40.0	0.0	0.005	"[42671443.05937159 42671733.05847423 42672022.05757997 42736450.85821567
 42736740.85731832 42737030.85642096 42737320.85552362 42737609.85462935
 42737898.8537351  42738189.85283464 42738478.85194039 42738768.85104302
 42739058.85014568 42739347.84925142 42739637.84835406 42739927.84745671
 42740217.84655935 42740505.84566819 42740795.84477083 42741084.84387657]"	0.0	0.0	0.0
3699.283963363053	2.0	trials	5.0	0.0	0.0	0.0	0.0	0.0	True	40.0	0.0	0.005	"[42741374.84297922 42741664.84208187 42741955.84118141 42823898.5876231
 42824188.58672574 42824477.58583149 42824767.58493413 42825057.58403678
 42825347.58313943 42825635.58224826 42825926.58134782 42826214.58045664
 42826505.5795562  42826794.57866193 42827084.57776458 42827373.57687032
 42827663.57597297 42827954.57507252 42828242.57418135 42828533.5732809 ]"	0.0	0.0	0.0
3708.1323327832893	2.0	trials	5.0	0.0	0.0	0.0	0.0	0.0	True	40.0	0.0	0.005	"[42828822.57238664 42829111.57149238 42829401.57059503 42926309.27073013
 42926598.26983587 42926889.26893543 42927178.26804116 42927467.26714691
 42927757.26624955 42928048.26534911 42928337.26445485 42928627.26355749
 42928916.26266323 42929205.26176897 42929494.26087471 42929784.25997735
 42930074.25908    42930364.25818264 42930654.25728529 42930944.25638793]"	0.0	0.0	0.0
3716.8869584936	2.0	trials	5.0	0.0	0.0	0.0	0.0	0.0	True	40.0	0.0	0.005	"[42931234.25549058 42931523.25459632 42931812.25370206 43027636.95718832
 43027926.95629097 43028215.95539671 43028505.95449936 43028793.95360819
 43029084.95270775 43029373.95181348 43029663.95091613 43029952.95002186
 43030242.94912451 43030532.94822715 43030822.9473298  43031112.94643245
 43031400.94554128 43031691.94464083 43031979.94374967 43032269.94285232]"	0.0	0.0	0.0
3723.258679577401	2.0	trials	5.0	0.0	0.0	0.0	0.0	0.0	True	40.0	0.0	0.005	"[43032560.94195186 43032850.94105451 43033137.94016644 43101383.7289911
 43101672.72809684 43101963.7271964  43102251.72630522 43102542.72540478
 43102831.72451052 43103121.72361316 43103411.72271581 43103700.72182155
 43103989.72092729 43104279.72002994 43104569.71913258 43104858.71823832
 43105147.71734406 43105438.71644361 43105728.71554626 43106017.71465199]"	0.0	0.0	0.0
3729.673427728062	2.0	trials	5.0	0.0	0.0	0.0	0.0	0.0	True	40.0	0.0	0.005	"[43106306.71375773 43106596.71286038 43106887.71195994 43175627.499256
 43175917.49835864 43176207.49746129 43176496.49656703 43176786.49566968
 43177075.49477541 43177365.49387807 43177655.49298071 43177945.49208336
 43178235.491186   43178524.49029174 43178813.48939748 43179103.48850012
 43179392.48760587 43179682.48670851 43179973.48580806 43180262.4849138 ]"	0.0	0.0	0.0
3738.1622014610057	2.0	trials	5.0	0.0	0.0	0.0	0.0	0.0	True	40.0	0.0	0.005	"[43180551.48401954 43180841.48312219 43181131.48222483 43273878.19523543
 43274167.19434117 43274457.19344381 43274747.19254646 43275037.19164911
 43275326.19075484 43275615.18986059 43275906.18896013 43276195.18806587
 43276484.18717162 43276774.18627426 43277063.18538    43277354.18447955
 43277643.18358529 43277932.18269103 43278222.18179368 43278512.18089632]"	0.0	0.0	0.0
3744.7648690301826	2.0	trials	5.0	0.0	0.0	0.0	0.0	0.0	True	40.0	0.0	0.005	"[43278801.18000206 43279092.17910162 43279381.17820735 43350297.95876707
 43350586.95787282 43350877.95697237 43351166.9560781  43351455.95518385
 43351745.95428649 43352035.95338914 43352324.95249487 43352614.95159753
 43352904.95070017 43353193.94980591 43353483.94890856 43353772.9480143
 43354061.94712003 43354352.94621959 43354642.94532223 43354931.94442797]"	0.0	0.0	0.0
3750.6068733531015	2.0	trials	5.0	0.0	0.0	0.0	0.0	0.0	True	40.0	0.0	0.005	"[43355221.94353062 43355510.94263636 43355801.94173591 43417912.74954426
 43418202.7486469  43418492.74774954 43418782.7468522  43419070.74596103
 43419360.74506368 43419650.74416632 43419939.74327206 43420229.7423747
 43420518.74148045 43420808.74058309 43421098.73968574 43421388.73878838
 43421677.73789412 43421968.73699368 43422257.73609941 43422547.73520206]"	0.0	0.0	0.0
3756.594547625269	2.0	trials	5.0	0.0	0.0	0.0	0.0	0.0	True	40.0	0.0	0.005	"[43422836.7343078  43423126.73341044 43423415.73251618 43487215.53509822
 43487505.53420087 43487795.53330351 43488084.53240925 43488373.53151499
 43488663.53061764 43488952.52972338 43489242.52882602 43489532.52792867
 43489821.5270344  43490111.52613705 43490401.5252397  43490690.52434544
 43490981.52344499 43491270.52255072 43491559.52165647 43491849.52075911]"	0.0	0.0	0.0
3762.978364671641	2.0	trials	5.0	0.0	0.0	0.0	0.0	0.0	True	40.0	0.0	0.005	"[43492138.51986486 43492429.5189644  43492718.51807015 43561102.30646779
 43561391.30557353 43561681.30467618 43561972.30377573 43562260.30288456
 43562550.30198721 43562840.30108985 43563129.3001956  43563419.29929823
 43563708.29840398 43563998.29750662 43564288.29660928 43564577.29571501
 43564866.29482075 43565157.2939203  43565446.29302604 43565736.29212869]"	0.0	0.0	0.0
3771.2887229566613	2.0	trials	5.0	0.0	0.0	0.0	0.0	0.0	True	40.0	0.0	0.005	"[43566025.29123443 43566315.29033707 43566605.28943972 43657287.00884009
 43657576.00794584 43657865.00705157 43658155.00615422 43658446.00525377
 43658734.00436261 43659025.00346216 43659315.0025648  43659604.00167055
 43659893.00077628 43660182.99987893 43660471.99898467 43660762.99808422
 43661051.99718996 43661341.99629261 43661630.99539834 43661921.9944979 ]"	0.0	0.0	0.0
3777.12908568466	2.0	trials	5.0	0.0	0.0	0.0	0.0	0.0	True	40.0	0.0	0.005	"[43662209.99360673 43662499.99270938 43662789.99181202 43724883.79967298
 43725173.79877562 43725462.79788136 43725752.79698401 43726042.79608665
 43726332.7951893  43726620.79429813 43726910.79340078 43727200.79250342
 43727490.79160607 43727779.79071181 43728069.78981445 43728358.7889202
 43728649.78801974 43728937.78712858 43729228.78622814 43729518.78533077]"	0.0	0.0	0.0
3785.2023631032857	2.0	trials	5.0	0.0	0.0	0.0	0.0	0.0	True	40.0	0.0	0.005	"[43729807.78443652 43730097.78353916 43730386.78264491 43818323.5105392
 43818613.50964185 43818903.50874449 43819193.50784714 43819483.50694978
 43819773.50605243 43820062.50515817 43820351.50426392 43820642.50336346
 43820931.5024692  43821221.50157185 43821510.50067759 43821800.49978024
 43822089.49888597 43822379.49798862 43822669.49709126 43822958.49619701]"	0.0	0.0	0.0
3793.866355494046	2.0	trials	5.0	0.0	0.0	0.0	0.0	0.0	True	40.0	0.0	0.005	"[43823248.49529964 43823538.49440229 43823827.49350804 43918602.20024334
 43918892.19934598 43919181.19845172 43919470.19755746 43919761.19665701
 43920049.19576585 43920340.1948654  43920628.19397423 43920919.19307379
 43921208.19217953 43921498.19128217 43921787.19038791 43922077.18949056
 43922367.1885932  43922657.18769585 43922947.18679849 43923235.18590733]"	0.0	0.0	0.0
3801.942570503582	2.0	trials	5.0	0.0	0.0	0.0	0.0	0.0	True	40.0	0.0	0.005	"[43923526.18500688 43923815.18411262 43924105.18321527 44012076.91100127
 44012365.910107   44012655.90920965 44012945.90831229 44013234.90741803
 44013524.90652067 44013814.90562332 44014103.90472907 44014392.9038348
 44014683.90293436 44014972.90204009 44015262.90114275 44015550.90025157
 44015842.89934804 44016130.89845687 44016420.89755952 44016711.89665907]"	0.0	0.0	0.0
3808.08636909265	2.0	trials	5.0	0.0	0.0	0.0	0.0	0.0	True	40.0	0.0	0.005	"[44016999.8957679  44017290.89486745 44017578.89397628 44083185.69096687
 44083475.69006952 44083764.68917526 44084052.68828409 44084343.68738364
 44084632.68648938 44084923.68558893 44085211.68469777 44085501.68380041
 44085791.68290307 44086080.6820088  44086371.68110836 44086659.68021718
 44086949.67931983 44087239.67842248 44087529.67752513 44087819.67662777]"	0.0	0.0	0.0
3816.360871488621	2.0	trials	5.0	0.0	0.0	0.0	0.0	0.0	True	40.0	0.0	0.005	"[44088108.67573351 44088397.67483925 44088687.67394189 44178954.39462642
 44179244.39372906 44179533.3928348  44179823.39193744 44180113.39104009
 44180402.39014584 44180692.38924848 44180982.38835113 44181271.38745686
 44181561.38655951 44181850.38566525 44182141.3847648  44182430.38387054
 44182720.38297319 44183009.38207892 44183298.38118466 44183589.38028421]"	0.0	0.0	0.0
3822.1810166791793	2.0	trials	5.0	0.0	0.0	0.0	0.0	0.0	True	40.0	0.0	0.005	"[44183879.37938686 44184167.3784957  44184458.37759525 44246317.18618337
 44246607.18528602 44246897.18438866 44247187.1834913  44247476.18259705
 44247765.18170279 44248054.18080852 44248344.17991117 44248634.17901382
 44248924.17811646 44249214.17721911 44249504.17632175 44249793.1754275
 44250082.17453323 44250372.17363588 44250662.17273853 44250950.17184736]"	0.0	0.0	0.0
3829.314697005227	2.0	trials	5.0	0.0	0.0	0.0	0.0	0.0	True	40.0	0.0	0.005	"[44251240.17095    44251530.17005265 44251820.1691553  44328883.9306942
 44329172.92979994 44329461.92890567 44329751.92800833 44330041.92711096
 44330330.92621671 44330620.92531935 44330910.924422   44331199.92352774
 44331488.92263348 44331778.92173613 44332068.92083877 44332358.91994142
 44332648.91904406 44332937.9181498  44333226.91725554 44333517.9163551 ]"	0.0	0.0	0.0
3837.8249842716014	2.0	trials	5.0	0.0	0.0	0.0	0.0	0.0	True	40.0	0.0	0.005	"[44333806.91546083 44334095.91456657 44334386.91366612 44427382.62590623
 44427672.62500888 44427961.62411462 44428251.62321726 44428540.622323
 44428831.62142255 44429120.62052829 44429409.61963404 44429700.61873358
 44429989.61783932 44430278.61694507 44430569.61604461 44430857.61515345
 44431147.6142561  44431437.61335874 44431727.61246139 44432017.61156403]"	0.0	0.0	0.0
3846.4675495286638	2.0	trials	5.0	0.0	0.0	0.0	0.0	0.0	True	40.0	0.0	0.005	"[44432306.61066977 44432595.60977551 44432886.60887507 44527411.31638395
 44527701.3154866  44527990.31459233 44528280.31369498 44528569.31280071
 44528860.31190027 44529150.31100292 44529438.31011175 44529728.3092144
 44530018.30831704 44530308.30741969 44530597.30652542 44530886.30563117
 44531177.30473072 44531465.30383955 44531756.30293911 44532046.30204175]"	0.0	0.0	0.0
3853.7069831274775	2.0	trials	5.0	0.0	0.0	0.0	0.0	0.0	True	40.0	0.0	0.005	"[44532336.3011444  44532626.30024704 44532915.29935278 44611202.05710732
 44611492.05620997 44611781.05531571 44612071.05441836 44612360.05352409
 44612650.05262674 44612939.05173248 44613229.05083512 44613520.04993468
 44613809.04904041 44614099.04814306 44614388.0472488  44614678.04635144
 44614967.04545718 44615257.04455983 44615547.04366247 44615836.04276822]"	0.0	0.0	0.0
3860.844983440159	2.0	trials	5.0	0.0	0.0	0.0	0.0	0.0	True	40.0	0.0	0.005	"[44616126.04187086 44616416.04097351 44616706.04007615 44693816.80146962
 44694105.80057536 44694395.79967801 44694684.79878375 44694975.7978833
 44695264.79698904 44695553.79609478 44695844.79519433 44696133.79430007
 44696423.79340271 44696713.79250536 44697003.79160801 44697292.79071374
 44697581.78981949 44697871.78892213 44698161.78802478 44698449.78713361]"	0.0	0.0	0.0
3866.6109559983447	2.0	trials	5.0	0.0	0.0	0.0	0.0	0.0	True	40.0	0.0	0.005	"[44698740.78623316 44699029.7853389  44699320.78443845 44760552.59496672
 44760843.59406627 44761133.59316891 44761422.59227466 44761712.5913773
 44762001.59048304 44762291.58958568 44762581.58868833 44762870.58779407
 44763159.58689981 44763449.58600245 44763739.5851051  44764029.58420774
 44764319.58331039 44764608.58241613 44764897.58152187 44765188.58062142]"	0.0	0.0	0.0
3873.9131158030614	2.0	trials	5.0	0.0	0.0	0.0	0.0	0.0	True	40.0	0.0	0.005	"[44765477.57972717 44765766.5788329  44766056.57793555 44845069.33344361
 44845358.33254935 44845647.33165509 44845938.33075464 44846228.32985729
 44846517.32896303 44846806.32806876 44847097.32716832 44847386.32627405
 44847676.3253767  44847965.32448244 44848254.32358819 44848545.32268774
 44848835.32179037 44849123.32089922 44849413.32000186 44849703.31910451]"	0.0	0.0	0.0
3879.570915895969	2.0	trials	5.0	0.0	0.0	0.0	0.0	0.0	True	40.0	0.0	0.005	"[44849993.31820715 44850282.3173129  44850572.31641554 44910552.13081789
 44910842.12992054 44911131.12902629 44911421.12812892 44911711.12723158
 44912000.12633731 44912290.12543996 44912580.1245426  44912870.12364525
 44913159.12275099 44913449.12185363 44913739.12095628 44914029.12005892
 44914318.11916467 44914608.11826731 44914897.11737305 44915187.11647569]"	0.0	0.0	0.0
3886.182741836806	2.0	trials	5.0	0.0	0.0	0.0	0.0	0.0	True	40.0	0.0	0.005	"[44915476.11558143 44915766.11468408 44916055.11378982 44987078.89401845
 44987367.89312419 44987657.89222684 44987946.89133257 44988236.89043522
 44988526.88953786 44988816.88864051 44989105.88774625 44989394.886852
 44989685.88595155 44989974.88505729 44990264.88415993 44990553.88326567
 44990843.88236832 44991132.88147405 44991423.88057361 44991711.87968244]"	0.0	0.0	0.0
3894.233036926548	2.0	trials	5.0	0.0	0.0	0.0	0.0	0.0	True	40.0	0.0	0.005	"[44992001.87878508 44992291.87788773 44992581.87699037 45080252.60570777
 45080543.60480732 45080832.60391306 45081122.6030157  45081412.60211834
 45081700.60122719 45081991.60032673 45082280.59943248 45082570.59853512
 45082859.59764086 45083149.5967435  45083439.59584615 45083728.59495189
 45084019.59405144 45084307.59316028 45084598.59225982 45084888.59136248]"	0.0	0.0	0.0
3900.2132808217075	2.0	trials	5.0	0.0	0.0	0.0	0.0	0.0	True	40.0	0.0	0.005	"[45085177.59046821 45085466.58957395 45085756.5886766  45149468.39153093
 45149758.39063358 45150048.38973623 45150337.38884196 45150627.38794461
 45150917.38704725 45151206.38615299 45151496.38525564 45151785.38436138
 45152076.38346093 45152365.38256668 45152654.38167241 45152945.38077196
 45153234.3798777  45153524.37898035 45153813.3780861  45154103.37718873]"	0.0	0.0	0.0
3906.5527748052295	2.0	trials	5.0	0.0	0.0	0.0	0.0	0.0	True	40.0	0.0	0.005	"[45154392.37629448 45154682.37539712 45154971.37450286 45222843.16448481
 45223132.16359054 45223423.1626901  45223713.16179273 45224001.16090158
 45224291.16000422 45224580.15910996 45224871.15820951 45225160.15731525
 45225449.15642099 45225739.15552364 45226029.15462628 45226318.15373202
 45226608.15283466 45226898.15193731 45227188.15103996 45227477.15014569]"	0.0	0.0	0.0
3915.6551594394596	2.0	trials	5.0	0.0	0.0	0.0	0.0	0.0	True	40.0	0.0	0.005	"[45227767.14924834 45228056.14835408 45228346.14745673 45328194.83849142
 45328484.83759407 45328773.83669981 45329062.83580555 45329352.83490819
 45329642.83401084 45329931.83311658 45330221.83221922 45330511.83132187
 45330801.83042452 45331090.82953025 45331379.828636   45331669.82773864
 45331959.82684129 45332249.82594393 45332538.82504968 45332828.82415232]"	0.0	0.0	0.0
3922.332821976578	2.0	trials	5.0	0.0	0.0	0.0	0.0	0.0	True	40.0	0.0	0.005	"[45333117.82325806 45333407.8223607  45333697.82146335 45405482.5993372
 45405772.59843984 45406062.59754249 45406350.59665132 45406640.59575397
 45406930.59485661 45407220.59395926 45407509.59306499 45407799.59216765
 45408088.59127338 45408378.59037603 45408667.58948177 45408958.58858132
 45409247.58768705 45409538.58678661 45409827.58589235 45410117.58499499]"	0.0	0.0	0.0
3945.1686169151226	2.0	trials	6.0	0.0	0.0	0.0	0.0	0.0	True	40.0	0.0	0.005	"[45410406.58410074 45410696.58320338 45410985.58230913 45669784.78149769
 45670073.78060343 45670364.77970298 45670653.77880872 45670942.77791446
 45671233.77701401 45671522.77611975 45671811.77522549 45672102.77432504
 45672391.77343078 45672681.77253343 45672970.77163917 45673260.77074181
 45673550.76984446 45673839.7689502  45674129.76805284 45674419.76715549]"	0.0	0.0	0.0
3954.2523392071007	2.0	trials	6.0	0.0	0.0	0.0	0.0	0.0	True	40.0	0.0	0.005	"[45674709.76625814 45674997.76536697 45675288.76446652 45774921.45616959
 45775210.45527533 45775500.45437797 45775790.45348062 45776080.45258327
 45776369.45168901 45776659.45079166 45776948.44989739 45777237.44900313
 45777527.44810577 45777817.44720842 45778107.44631107 45778396.44541681
 45778687.44451636 45778976.4436221  45779266.44272474 45779554.44183358]"	0.0	0.0	0.0
3962.604774161922	2.0	trials	6.0	0.0	0.0	0.0	0.0	0.0	True	40.0	0.0	0.005	"[45779844.44093623 45780135.44003578 45780424.43914152 45871593.15703496
 45871883.1561376  45872172.15524334 45872462.15434599 45872751.15345173
 45873041.15255438 45873331.15165702 45873620.15076276 45873910.1498654
 45874200.14896806 45874489.14807379 45874779.14717644 45875068.14628217
 45875359.14538173 45875648.14448746 45875937.14359321 45876228.14269276]"	0.0	0.0	0.0
3969.0367158593804	2.0	trials	6.0	0.0	0.0	0.0	0.0	0.0	True	40.0	0.0	0.005	"[45876517.1417985  45876806.14090424 45877096.14000688 45946035.92668408
 45946325.92578673 45946614.92489247 45946903.92399821 45947194.92309777
 45947483.9222035  45947774.92130306 45948064.92040569 45948353.91951144
 45948643.91861409 45948931.91772292 45949222.91682247 45949511.91592821
 45949800.91503395 45950090.9141366  45950380.91323924 45950669.91234498]"	0.0	0.0	0.0
3977.0105471857255	2.0	trials	6.0	0.0	0.0	0.0	0.0	0.0	True	40.0	0.0	0.005	"[45950960.91144453 45951250.91054717 45951538.90965601 46038326.64110569
 46038616.64020833 46038905.63931408 46039194.63841982 46039484.63752247
 46039774.63662511 46040063.63573086 46040354.6348304  46040642.63393924
 46040933.63303879 46041222.63214453 46041512.63124718 46041802.63034981
 46042091.62945556 46042381.6285582  46042671.62766085 46042960.62676659]"	0.0	0.0	0.0
3983.61053636319	2.0	trials	6.0	0.0	0.0	0.0	0.0	0.0	True	40.0	0.0	0.005	"[46043250.62586923 46043539.62497497 46043830.62407453 46114715.40473326
 46115004.403839   46115294.40294165 46115583.40204739 46115872.40115313
 46116163.40025268 46116452.39935842 46116741.39846416 46117032.39756371
 46117321.39666945 46117610.39577518 46117901.39487474 46118190.39398048
 46118479.39308622 46118769.39218887 46119059.39129151 46119348.39039726]"	0.0	0.0	0.0
3989.746645376052	2.0	trials	6.0	0.0	0.0	0.0	0.0	0.0	True	40.0	0.0	0.005	"[46119638.3894999  46119928.38860255 46120218.38770519 46185735.18497427
 46186024.18408    46186314.18318266 46186603.18228839 46186893.18139105
 46187183.18049368 46187473.17959633 46187762.17870207 46188052.17780472
 46188341.17691046 46188631.1760131  46188921.17511575 46189211.17421839
 46189499.17332723 46189789.17242987 46190080.17152943 46190369.17063516]"	0.0	0.0	0.0
3997.9443384096953	2.0	trials	6.0	0.0	0.0	0.0	0.0	0.0	True	40.0	0.0	0.005	"[46190659.16973781 46190948.16884355 46191238.16794619 46280615.89138157
 46280905.89048422 46281194.88958996 46281484.8886926  46281774.88779525
 46282063.88690099 46282353.88600364 46282642.88510937 46282932.88421202
 46283221.88331775 46283510.8824235  46283800.88152615 46284091.88062569
 46284380.87973144 46284669.87883718 46284959.87793982 46285249.87704247]"	0.0	0.0	0.0
4004.588477850544	2.0	trials	6.0	0.0	0.0	0.0	0.0	0.0	True	40.0	0.0	0.005	"[46285538.87614821 46285828.87525086 46286117.8743566  46357514.65343104
 46357804.65253368 46358093.65163942 46358383.65074207 46358673.64984471
 46358962.64895046 46359252.6480531  46359541.64715884 46359832.64625839
 46360121.64536414 46360410.64446986 46360701.64356942 46360990.64267516
 46361279.6417809  46361569.64088355 46361859.63998619 46362148.63909194]"	0.0	0.0	0.0
4013.304828479291	2.0	trials	6.0	0.0	0.0	0.0	0.0	0.0	True	40.0	0.0	0.005	"[46362438.63819458 46362728.63729722 46363018.63639987 46458398.34126311
 46458688.34036575 46458978.3394684  46459267.33857413 46459558.33767369
 46459847.33677943 46460136.33588517 46460427.33498472 46460716.33409046
 46461005.33319619 46461295.33229885 46461585.33140149 46461874.33050723
 46462165.32960678 46462454.32871252 46462744.32781517 46463033.3269209 ]"	0.0	0.0	0.0
4022.269146340745	2.0	trials	6.0	0.0	0.0	0.0	0.0	0.0	True	40.0	0.0	0.005	"[46463322.32602665 46463612.32512929 46463902.32423194 46562153.02021137
 46562442.01931711 46562732.01841975 46563021.01752549 46563311.01662813
 46563600.01573388 46563891.01483343 46564180.01393916 46564469.01304491
 46564759.01214755 46565049.0112502  46565338.01035593 46565628.00945859
 46565917.00856432 46566208.00766388 46566497.00676962 46566786.00587536]"	0.0	0.0	0.0
4030.3448429518858	2.0	trials	6.0	0.0	0.0	0.0	0.0	0.0	True	40.0	0.0	0.005	"[46567076.004978   46567365.00408374 46567656.0031833  46655621.73098785
 46655911.7300905  46656200.72919625 46656489.72830198 46656779.72740463
 46657069.72650728 46657360.72560682 46657648.72471566 46657937.7238214
 46658227.72292404 46658517.72202669 46658807.72112934 46659097.72023198
 46659386.71933772 46659676.71844036 46659965.71754611 46660256.71664566]"	0.0	0.0	0.0
4035.678730447085	2.0	trials	6.0	0.0	0.0	0.0	0.0	0.0	True	40.0	0.0	0.005	"[46660545.71575139 46660834.71485714 46661124.71395978 46717356.53995967
 46717645.53906541 46717935.53816806 46718224.5372738  46718513.53637954
 46718804.53547909 46719093.53458484 46719382.53369057 46719673.53279012
 46719963.53189276 46720252.53099851 46720542.53010116 46720831.52920689
 46721121.52830954 46721410.52741528 46721699.52652102 46721990.52562057]"	0.0	0.0	0.0
4044.656958665496	2.0	trials	6.0	0.0	0.0	0.0	0.0	0.0	True	40.0	0.0	0.005	"[46722279.52472631 46722569.52382895 46722857.52293779 46821270.21841594
 46821560.21751858 46821850.21662123 46822139.21572696 46822430.21482652
 46822719.21393226 46823009.21303491 46823298.21214064 46823588.21124329
 46823878.21034593 46824167.20945168 46824457.20855431 46824747.20765696
 46825036.2067627  46825326.20586535 46825616.204968   46825906.20407064]"	0.0	0.0	0.0
4051.759016689394	2.0	trials	6.0	0.0	0.0	0.0	0.0	0.0	True	40.0	0.0	0.005	"[46826194.20317948 46826484.20228212 46826774.20138477 46903470.96405929
 46903759.96316502 46904050.96226458 46904339.96137031 46904629.96047296
 46904918.9595787  46905208.95868134 46905497.95778709 46905786.95689283
 46906077.95599239 46906367.95509502 46906656.95420077 46906945.9533065
 46907236.95240606 46907525.95151179 46907814.95061754 46908104.94972018]"	0.0	0.0	0.0
4058.516598979214	2.0	trials	6.0	0.0	0.0	0.0	0.0	0.0	True	40.0	0.0	0.005	"[46908393.94882592 46908683.94792857 46908973.94703121 46981682.72204591
 46981973.72114545 46982262.7202512  46982552.71935384 46982841.71845958
 46983131.71756223 46983421.71666487 46983710.71577061 46984000.71487326
 46984290.7139759  46984579.71308164 46984869.71218429 46985158.71129002
 46985448.71039267 46985738.70949532 46986027.70860106 46986317.7077037 ]"	0.0	0.0	0.0
4064.4634061778384	2.0	trials	6.0	0.0	0.0	0.0	0.0	0.0	True	40.0	0.0	0.005	"[46986606.70680945 46986896.70591208 46987186.70501474 47050511.50906657
 47050801.50816922 47051090.50727496 47051380.5063776  47051670.50548025
 47051960.5045829  47052249.50368864 47052539.50279129 47052828.50189702
 47053118.50099967 47053408.50010231 47053698.49920496 47053987.4983107
 47054277.49741334 47054565.49652218 47054856.49562173 47055145.49472747]"	0.0	0.0	0.0
4070.437342892515	2.0	trials	6.0	0.0	0.0	0.0	0.0	0.0	True	40.0	0.0	0.005	"[47055436.49382702 47055725.49293276 47056015.4920354  47119654.29511563
 47119944.29421827 47120234.29332092 47120523.29242665 47120813.29152931
 47121102.29063504 47121392.28973769 47121681.28884343 47121972.28794298
 47122262.28704563 47122550.28615446 47122841.28525401 47123130.28435975
 47123420.2834624  47123710.28256504 47123999.28167079 47124289.28077342]"	0.0	0.0	0.0
4078.170378163962	2.0	trials	6.0	0.0	0.0	0.0	0.0	0.0	True	40.0	0.0	0.005	"[47124579.27987608 47124868.27898182 47125158.27808446 47209158.01816113
 47209447.01726686 47209737.01636951 47210027.01547215 47210316.01457789
 47210606.01368053 47210895.01278628 47211185.01188892 47211475.01099157
 47211764.01009731 47212054.00919995 47212345.00829951 47212634.00740524
 47212923.00651098 47213213.00561363 47213502.00471937 47213792.00382201]"	0.0	0.0	0.0
4084.380790946904	2.0	trials	6.0	0.0	0.0	0.0	0.0	0.0	True	40.0	0.0	0.005	"[47214081.00292776 47214372.0020273  47214661.00113305 47281036.7957441
 47281325.79484984 47281616.79394939 47281906.79305203 47282195.79215778
 47282484.79126351 47282774.79036616 47283063.78947189 47283354.78857145
 47283643.78767718 47283933.78677984 47284222.78588558 47284511.78499132
 47284802.78409087 47285091.78319661 47285380.78230235 47285671.7814019 ]"	0.0	0.0	0.0
4093.049189724029	2.0	trials	6.0	0.0	0.0	0.0	0.0	0.0	True	40.0	0.0	0.005	"[47285960.78050764 47286249.77961338 47286539.77871603 47381366.48529042
 47381656.48439307 47381944.4835019  47382234.48260455 47382525.48170409
 47382813.48081294 47383103.47991558 47383393.47901823 47383683.47812088
 47383972.47722661 47384262.47632926 47384552.4754319  47384842.47453455
 47385131.47364029 47385421.47274293 47385711.47184558 47385999.47095441]"	0.0	0.0	0.0
4100.940854904622	2.0	trials	6.0	0.0	0.0	0.0	0.0	0.0	True	40.0	0.0	0.005	"[47386290.47005396 47386579.4691597  47386869.46826234 47472705.20265782
 47472993.20176665 47473283.2008693  47473573.19997194 47473863.1990746
 47474152.19818034 47474442.19728298 47474731.19638871 47475021.19549137
 47475311.19459401 47475600.19369975 47475890.19280241 47476180.19190504
 47476470.19100768 47476759.19011342 47477049.18921608 47477338.18832181]"	0.0	0.0	0.0
4107.660766911006	2.0	trials	6.0	0.0	0.0	0.0	0.0	0.0	True	40.0	0.0	0.005	"[47477628.18742446 47477917.1865302  47478208.18562975 47550481.96199046
 47550770.9610962  47551061.96019576 47551350.9593015  47551638.95841032
 47551929.95750989 47552219.95661253 47552508.95571827 47552798.95482092
 47553087.95392665 47553377.9530293  47553667.95213194 47553957.9512346
 47554246.95034034 47554536.94944297 47554826.94854563 47555116.94764827]"	0.0	0.0	0.0
4113.817007061576	2.0	trials	6.0	0.0	0.0	0.0	0.0	0.0	True	40.0	0.0	0.005	"[47555405.94675401 47555694.94585975 47555984.9449624  47621733.74151359
 47622023.74061624 47622313.73971888 47622603.73882153 47622892.73792727
 47623181.737033   47623472.73613256 47623761.7352383  47624051.73434094
 47624341.73344358 47624630.73254932 47624919.73165508 47625210.73075462
 47625499.72986037 47625788.7289661  47626078.72806875 47626368.72717139]"	0.0	0.0	0.0
4121.44886824609	2.0	trials	6.0	0.0	0.0	0.0	0.0	0.0	True	40.0	0.0	0.005	"[47626658.72627404 47626947.72537977 47627237.72448242 47710065.46818563
 47710355.46728827 47710645.46639092 47710935.46549357 47711224.46459931
 47711513.46370505 47711803.4628077  47712093.46191034 47712382.46101608
 47712671.46012182 47712961.45922446 47713251.45832711 47713541.45742975
 47713831.45653241 47714120.45563815 47714410.45474078 47714699.45384653]"	0.0	0.0	0.0
4128.601038114925	2.0	trials	6.0	0.0	0.0	0.0	0.0	0.0	True	40.0	0.0	0.005	"[47714989.45294917 47715278.45205491 47715568.45115755 47792846.21203427
 47793136.21113693 47793425.21024266 47793714.2093484  47794004.20845105
 47794294.2075537  47794583.20665944 47794873.20576207 47795163.20486473
 47795452.20397046 47795742.20307311 47796032.20217575 47796322.2012784
 47796612.20038104 47796901.19948678 47797190.19859251 47797480.19769517]"	0.0	0.0	0.0
4134.517000608993	2.0	trials	6.0	0.0	0.0	0.0	0.0	0.0	True	40.0	0.0	0.005	"[47797770.19679782 47798060.19590046 47798349.19500621 47861317.00016271
 47861606.99926535 47861896.99836801 47862185.99747374 47862475.99657639
 47862764.99568214 47863054.99478478 47863343.99389052 47863633.99299316
 47863924.99209271 47864212.99120154 47864501.99030729 47864791.98940994
 47865081.98851258 47865370.98761832 47865661.98671786 47865950.98582362]"	0.0	0.0	0.0
4140.0969545427815	2.0	trials	6.0	0.0	0.0	0.0	0.0	0.0	True	40.0	0.0	0.005	"[47866240.98492625 47866529.98403199 47866819.98313464 47925899.80032189
 47926189.79942454 47926479.79852718 47926769.79762983 47927058.79673556
 47927348.79583821 47927637.79494394 47927926.7940497  47928216.79315234
 47928507.79225188 47928795.79136073 47929085.79046337 47929375.78956601
 47929665.78866865 47929954.7877744  47930245.78687396 47930533.78598279]"	0.0	0.0	0.0
4147.4406726189045	2.0	trials	6.0	0.0	0.0	0.0	0.0	0.0	True	40.0	0.0	0.005	"[47930824.78508234 47931113.78418808 47931403.78329072 48010897.53731041
 48011186.53641616 48011476.5355188  48011766.53462145 48012055.53372718
 48012345.53282983 48012634.53193557 48012924.53103822 48013214.53014085
 48013504.5292435  48013794.52834616 48014083.5274519  48014373.52655454
 48014662.52566028 48014952.52476293 48015242.52386557 48015531.5229713 ]"	0.0	0.0	0.0
4154.226594021034	2.0	trials	6.0	0.0	0.0	0.0	0.0	0.0	True	40.0	0.0	0.005	"[48015821.52207396 48016111.52117661 48016401.52027925 48089439.2942759
 48089727.29338475 48090017.29248738 48090306.29159313 48090596.29069577
 48090886.28979842 48091176.28890106 48091465.2880068  48091755.28710944
 48092045.28621209 48092335.28531474 48092624.28442048 48092913.28352621
 48093203.28262886 48093492.28173461 48093783.28083415 48094072.27993989]"	0.0	0.0	0.0
4159.4748593811755	2.0	trials	6.0	0.0	0.0	0.0	0.0	0.0	True	40.0	0.0	0.005	"[48094362.27904254 48094651.27814828 48094941.27725092 48150181.10632039
 48150471.10542303 48150761.10452568 48151050.10363141 48151340.10273406
 48151629.1018398  48151919.10094246 48152209.10004508 48152498.09915082
 48152787.09825658 48153077.09735922 48153368.09645877 48153657.09556451
 48153946.09467025 48154236.0937729  48154526.09287553 48154815.09198128]"	0.0	0.0	0.0
4165.968663287212	2.0	trials	6.0	0.0	0.0	0.0	0.0	0.0	True	40.0	0.0	0.005	"[48155105.09108392 48155395.09018657 48155684.08929232 48225340.87375088
 48225630.87285352 48225919.87195926 48226209.87106192 48226499.87016455
 48226788.86927029 48227078.86837295 48227368.86747559 48227657.86658133
 48227947.86568397 48228237.86478662 48228526.86389236 48228816.862995
 48229106.86209766 48229396.8612003  48229685.86030604 48229974.85941178]"	0.0	0.0	0.0
4173.781013513233	2.0	trials	6.0	0.0	0.0	0.0	0.0	0.0	True	40.0	0.0	0.005	"[48230265.85851133 48230553.85762016 48230843.85672281 48315762.59395579
 48316051.59306152 48316341.59216417 48316631.59126682 48316920.59037255
 48317210.5894752  48317500.58857784 48317790.58768049 48318079.58678623
 48318368.58589196 48318658.58499462 48318947.58410036 48319238.5831999
 48319528.58230256 48319817.58140829 48320106.58051403 48320396.57961667]"	0.0	0.0	0.0
4182.471271422719	2.0	trials	6.0	0.0	0.0	0.0	0.0	0.0	True	40.0	0.0	0.005	"[48320685.57872242 48320976.57782198 48321265.57692771 48416344.28272233
 48416634.28182498 48416923.28093072 48417212.28003646 48417502.27913911
 48417792.27824175 48418082.2773444  48418371.27645015 48418660.27555588
 48418951.27465542 48419240.27376118 48419530.27286382 48419819.27196956
 48420109.2710722  48420399.27017485 48420689.26927749 48420978.26838323]"	0.0	0.0	0.0
4189.321301426475	2.0	trials	6.0	0.0	0.0	0.0	0.0	0.0	True	40.0	0.0	0.005	"[48421267.26748897 48421557.26659162 48421847.26569426 48495627.03739494
 48495917.03649757 48496205.03560641 48496495.03470906 48496785.0338117
 48497075.03291435 48497364.03202008 48497653.03112583 48497944.03022538
 48498233.02933112 48498523.02843376 48498813.02753641 48499103.02663906
 48499391.02574788 48499682.02484745 48499970.02395628 48500260.02305892]"	0.0	0.0	0.0
4194.469343096742	2.0	trials	6.0	0.0	0.0	0.0	0.0	0.0	True	40.0	0.0	0.005	"[48500550.02216157 48500840.02126421 48501130.02036685 48555209.85302574
 48555499.85212839 48555788.85123412 48556079.85033368 48556368.84943941
 48556658.84854206 48556948.84764471 48557237.84675045 48557526.84585618
 48557816.84495882 48558105.84406458 48558396.84316412 48558686.84226677
 48558974.8413756  48559265.84047515 48559555.83957779 48559843.83868663]"	0.0	0.0	0.0
4200.751381258051	2.0	trials	6.0	0.0	0.0	0.0	0.0	0.0	True	40.0	0.0	0.005	"[48560134.83778618 48560423.83689192 48560713.83599456 48627917.62804352
 48628208.62714307 48628498.62624571 48628787.62535145 48629077.6244541
 48629367.62355676 48629656.62266249 48629946.62176512 48630235.62087087
 48630525.61997352 48630815.61907616 48631104.6181819  48631394.61728455
 48631683.61639029 48631973.61549293 48632263.61459558 48632552.61370131]"	0.0	0.0	0.0
4207.855858474463	2.0	trials	6.0	0.0	0.0	0.0	0.0	0.0	True	40.0	0.0	0.005	"[48632842.61280397 48633132.61190661 48633422.61100926 48710147.37359714
 48710436.37270288 48710725.37180862 48711016.37090816 48711304.370017
 48711595.36911655 48711885.3682192  48712173.36732803 48712464.36642758
 48712753.36553333 48713043.36463597 48713332.3637417  48713621.36284745
 48713911.36195009 48714201.36105274 48714491.3601554  48714781.35925803]"	0.0	0.0	0.0
4215.901315179177	2.0	trials	6.0	0.0	0.0	0.0	0.0	0.0	True	40.0	0.0	0.005	"[48715070.35836376 48715360.35746641 48715649.35657216 48803265.08545973
 48803554.08456547 48803844.08366811 48804134.08277077 48804424.08187342
 48804714.08097605 48805003.0800818  48805292.07918754 48805583.07828709
 48805872.07739282 48806162.07649548 48806451.07560121 48806741.07470386
 48807031.0738065  48807320.07291224 48807610.07201488 48807900.07111754]"	0.0	0.0	0.0
4224.781220501831	2.0	trials	6.0	0.0	0.0	0.0	0.0	0.0	True	40.0	0.0	0.005	"[48808189.07022328 48808479.06932592 48808768.06843166 48906041.76743423
 48906331.76653689 48906621.76563954 48906911.76474218 48907200.76384793
 48907489.76295366 48907779.7620563  48908069.76115894 48908359.7602616
 48908648.75936734 48908938.75846998 48909228.75757263 48909518.75667527
 48909807.75578101 48910097.75488366 48910385.75399249 48910675.75309514]"	0.0	0.0	0.0
4233.289347774889	2.0	trials	6.0	0.0	0.0	0.0	0.0	0.0	True	40.0	0.0	0.005	"[48910965.75219778 48911255.75130044 48911544.75040618 49004515.46272364
 49004805.46182628 49005094.46093202 49005384.46003468 49005674.45913732
 49005963.45824306 49006253.4573457  49006543.45644835 49006832.45555408
 49007122.45465673 49007411.45376247 49007701.45286512 49007991.45196776
 49008280.4510735  49008570.45017614 49008860.44927879 49009149.44838452]"	0.0	0.0	0.0
4240.069653194396	2.0	trials	6.0	0.0	0.0	0.0	0.0	0.0	True	40.0	0.0	0.005	"[49009439.44748718 49009729.44658983 49010018.44569556 49082992.21989026
 49083282.2189929  49083571.21809864 49083860.21720438 49084151.21630394
 49084441.21540657 49084730.21451231 49085020.21361496 49085309.2127207
 49085598.21182644 49085888.21092908 49086178.21003174 49086467.20913748
 49086757.20824012 49087047.20734277 49087336.2064485  49087626.20555115]"	0.0	0.0	0.0
4247.371640199647	2.0	trials	6.0	0.0	0.0	0.0	0.0	0.0	True	40.0	0.0	0.005	"[49087916.2046538  49088205.20375954 49088495.20286218 49167506.95837334
 49167795.95747907 49168084.95658482 49168374.95568746 49168664.95479012
 49168953.95389585 49169243.9529985  49169533.95210115 49169822.95120689
 49170112.95030952 49170401.94941526 49170691.94851791 49170981.94762056
 49171271.9467232  49171560.94582895 49171850.94493158 49172139.94403733]"	0.0	0.0	0.0
4254.253292505554	2.0	trials	6.0	0.0	0.0	0.0	0.0	0.0	True	40.0	0.0	0.005	"[49172429.94313996 49172718.94224571 49173008.94134836 49247153.7119196
 49247443.71102224 49247732.71012798 49248022.70923062 49248311.70833636
 49248601.70743902 49248891.70654166 49249180.7056474  49249470.70475005
 49249760.70385269 49250050.70295534 49250339.70206107 49250628.70116682
 49250918.70026946 49251208.69937211 49251498.69847474 49251787.69758049]"	0.0	0.0	0.0
4262.973531122269	2.0	trials	6.0	0.0	0.0	0.0	0.0	0.0	True	40.0	0.0	0.005	"[49252077.69668313 49252367.69578578 49252656.69489153 49348082.39961242
 49348372.39871506 49348661.39782081 49348951.39692345 49349241.39602609
 49349531.39512875 49349820.39423449 49350110.39333713 49350399.39244287
 49350688.39154861 49350978.39065126 49351269.3897508  49351558.38885654
 49351847.38796228 49352137.38706493 49352426.38617066 49352716.38527332]"	0.0	0.0	0.0
4268.631504014642	2.0	trials	6.0	0.0	0.0	0.0	0.0	0.0	True	40.0	0.0	0.005	"[49353006.38437597 49353296.3834786  49353585.38258433 49413568.19697742
 49413858.19608007 49414148.19518271 49414437.19428845 49414726.19339418
 49415016.19249683 49415306.19159949 49415595.19070522 49415886.18980477
 49416175.18891052 49416465.18801316 49416754.1871189  49417043.18622463
 49417333.18532728 49417623.18442993 49417913.18353258 49418202.18263832]"	0.0	0.0	0.0
4276.6748871257705	2.0	trials	6.0	0.0	0.0	0.0	0.0	0.0	True	40.0	0.0	0.005	"[49418491.18174406 49418782.18084361 49419071.17994934 49506662.9089112
 49506952.90801384 49507242.90711647 49507531.90622222 49507821.90532487
 49508111.90442751 49508401.90353016 49508690.9026359  49508980.90173855
 49509270.90084118 49509559.89994692 49509848.89905266 49510138.89815532
 49510428.89725796 49510718.89636061 49511008.89546325 49511296.89457209]"	0.0	0.0	0.0
4282.105455921806	2.0	trials	6.0	0.0	0.0	0.0	0.0	0.0	True	40.0	0.0	0.005	"[49511587.89367163 49511876.89277738 49512165.89188311 49569517.71441737
 49569807.71352001 49570096.71262575 49570385.71173149 49570675.71083413
 49570965.70993678 49571255.70903943 49571544.70814516 49571833.7072509
 49572123.70635355 49572414.70545311 49572702.70456194 49572992.70366458
 49573282.70276723 49573571.70187297 49573862.70097251 49574151.70007826]"	0.0	0.0	0.0
4289.293481679692	2.0	trials	6.0	0.0	0.0	0.0	0.0	0.0	True	40.0	0.0	0.005	"[49574441.6991809  49574730.69828664 49575020.69738928 49652712.45698495
 49653001.45609068 49653291.45519334 49653581.45429599 49653870.45340172
 49654160.45250438 49654450.45160701 49654739.45071276 49655029.44981541
 49655318.44892114 49655608.44802379 49655898.44712643 49656187.44623218
 49656478.44533172 49656766.44444056 49657057.44354011 49657347.44264276]"	0.0	0.0	0.0
4298.396039113388	2.0	trials	6.0	0.0	0.0	0.0	0.0	0.0	True	40.0	0.0	0.005	"[49657635.44175158 49657926.44085114 49658215.43995689 49758064.13099157
 49758355.13009112 49758645.12919378 49758935.12829641 49759224.12740215
 49759513.12650789 49759803.12561055 49760093.12471319 49760382.12381893
 49760672.12292158 49760961.12202732 49761252.12112686 49761541.1202326
 49761831.11933526 49762120.11844099 49762410.11754364 49762700.11664629]"	0.0	0.0	0.0
4319.1159045993145	2.0	trials	7.0	0.0	0.0	0.0	0.0	0.0	True	40.0	0.0	0.005	"[49762989.11575203 49763279.11485466 49763568.11396041 49997878.38892591
 49998168.38802855 49998458.3871312  49998747.38623695 49999037.38533958
 49999326.38444532 49999617.38354488 49999906.38265062 50000195.38175636
 50000485.38085901 50000775.37996165 50001064.37906739 50001354.37817003
 50001644.37727269 50001934.37637533 50002224.37547796 50002512.37458681]"	0.0	0.0	0.0
4327.582646400433	2.0	trials	7.0	0.0	0.0	0.0	0.0	0.0	True	40.0	0.0	0.005	"[50002803.37368636 50003093.372789   50003381.37189783 50095874.08569439
 50096163.08480012 50096453.08390278 50096743.08300543 50097032.08211116
 50097321.08121691 50097612.08031645 50097902.0794191  50098191.07852484
 50098481.07762749 50098771.07673012 50099060.07583586 50099349.07494162
 50099639.07404425 50099929.0731469  50100219.07224955 50100508.07135529]"	0.0	0.0	0.0
4335.093979957898	2.0	trials	7.0	0.0	0.0	0.0	0.0	0.0	True	40.0	0.0	0.005	"[50100797.07046103 50101087.06956367 50101377.06866632 50182810.81668301
 50183099.81578876 50183389.81489141 50183678.81399714 50183968.81309979
 50184257.81220553 50184547.81130818 50184837.81041081 50185126.80951655
 50185416.80861921 50185705.80772494 50185995.80682759 50186285.80593024
 50186575.80503288 50186864.80413862 50187154.80324127 50187444.80234391]"	0.0	0.0	0.0
4342.601425527394	2.0	trials	7.0	0.0	0.0	0.0	0.0	0.0	True	40.0	0.0	0.005	"[50187733.80144965 50188023.80055229 50188312.79965805 50269701.54781398
 50269990.54691972 50270280.54602237 50270570.54512501 50270860.54422765
 50271150.54333031 50271439.54243605 50271728.54154179 50272018.54064443
 50272308.53974708 50272597.53885282 50272887.53795546 50273177.53705811
 50273466.53616384 50273757.5352634  50274045.53437223 50274336.53347178]"	0.0	0.0	0.0
4347.8262765599875	2.0	trials	7.0	0.0	0.0	0.0	0.0	0.0	True	40.0	0.0	0.005	"[50274625.53257753 50274915.53168016 50275205.53078282 50330174.36069083
 50330464.35979349 50330754.35889614 50331043.35800187 50331332.35710761
 50331623.35620716 50331912.3553129  50332201.35441864 50332491.35352128
 50332781.35262393 50333070.35172967 50333360.35083231 50333650.34993497
 50333939.34904069 50334229.34814335 50334519.347246   50334809.34634864]"	0.0	0.0	0.0
4356.196077861072	2.0	trials	7.0	0.0	0.0	0.0	0.0	0.0	True	40.0	0.0	0.005	"[50335098.34545438 50335388.34455702 50335678.34365967 50427049.06092805
 50427337.06003689 50427627.05913953 50427916.05824527 50428206.05734792
 50428496.05645056 50428785.05555631 50429075.05465896 50429365.05376159
 50429654.05286735 50429945.05196689 50430234.05107263 50430523.05017836
 50430813.04928102 50431103.04838367 50431393.0474863  50431681.04659515]"	0.0	0.0	0.0
4363.5940549693	2.0	trials	7.0	0.0	0.0	0.0	0.0	0.0	True	40.0	0.0	0.005	"[50431972.04569469 50432261.04480043 50432551.04390308 50512671.79598263
 50512962.79508217 50513251.79418791 50513541.79329056 50513830.7923963
 50514121.79149584 50514410.79060159 50514699.78970734 50514989.78880997
 50515279.78791262 50515569.78701527 50515858.78612101 50516147.78522675
 50516437.7843294  50516727.78343204 50517016.78253779 50517306.78164042]"	0.0	0.0	0.0
4371.532548804991	2.0	trials	7.0	0.0	0.0	0.0	0.0	0.0	True	40.0	0.0	0.005	"[50517596.78074308 50517886.77984572 50518176.77894835 50604553.51166981
 50604843.51077246 50605132.5098782  50605421.50898394 50605711.50808659
 50606001.50718922 50606291.50629187 50606580.50539762 50606870.50450026
 50607160.50360291 50607449.50270865 50607739.50181129 50608029.50091393
 50608318.50001967 50608608.49912232 50608898.49822497 50609187.4973307 ]"	0.0	0.0	0.0
4379.72816824505	2.0	trials	7.0	0.0	0.0	0.0	0.0	0.0	True	40.0	0.0	0.005	"[50609477.49643336 50609767.495536   50610056.49464174 50699409.21815448
 50699699.21725712 50699989.21635976 50700278.2154655  50700567.21457125
 50700857.21367388 50701147.21277654 50701437.21187919 50701727.21098182
 50702017.21008448 50702306.20919021 50702596.20829286 50702885.20739859
 50703175.20650125 50703464.20560698 50703754.20470963 50704044.20381227]"	0.0	0.0	0.0
4388.602543984815	2.0	trials	7.0	0.0	0.0	0.0	0.0	0.0	True	40.0	0.0	0.005	"[50704334.20291492 50704623.20202066 50704913.2011233  50802121.90032703
 50802411.89942967 50802701.89853231 50802990.89763805 50803280.8967407
 50803569.89584643 50803859.89494908 50804149.89405173 50804438.89315747
 50804729.89225701 50805017.89136586 50805307.8904685  50805597.88957115
 50805887.88867379 50806176.88777953 50806466.88688218 50806756.88598482]"	0.0	0.0	0.0
4394.974265068617	2.0	trials	7.0	0.0	0.0	0.0	0.0	0.0	True	40.0	0.0	0.005	"[50807045.88509057 50807335.8841932  50807625.88329585 50875869.67212671
 50876158.67123244 50876448.67033509 50876738.66943774 50877028.66854038
 50877317.66764612 50877607.66674876 50877896.66585451 50878186.66495715
 50878475.66406289 50878765.66316555 50879054.66227128 50879344.66137393
 50879634.66047656 50879924.65957922 50880214.65868186 50880503.6577876 ]"	0.0	0.0	0.0
4401.364216496006	2.0	trials	7.0	0.0	0.0	0.0	0.0	0.0	True	40.0	0.0	0.005	"[50880792.65689334 50881082.65599599 50881371.65510172 50949826.44327967
 50950115.44238542 50950406.44148497 50950695.44059071 50950985.43969335
 50951275.438796   50951565.43789864 50951854.43700438 50952143.43611012
 50952433.43521277 50952722.43431851 50953012.43342115 50953301.4325269
 50953592.43162645 50953881.43073218 50954170.42983793 50954460.42894057]"	0.0	0.0	0.0
4406.932506465888	2.0	trials	7.0	0.0	0.0	0.0	0.0	0.0	True	40.0	0.0	0.005	"[50954750.42804322 50955039.42714895 50955329.42625161 51014274.24385659
 51014563.24296232 51014853.24206497 51015143.24116763 51015433.24027027
 51015722.23937601 51016012.23847864 51016301.23758439 51016591.23668703
 51016881.23578968 51017170.23489542 51017460.23399807 51017749.2331038
 51018040.23220335 51018330.23130601 51018619.23041175 51018908.22951748]"	0.0	0.0	0.0
4415.304813359218	2.0	trials	7.0	0.0	0.0	0.0	0.0	0.0	True	40.0	0.0	0.005	"[51019198.22862013 51019488.22772278 51019778.22682542 51111175.94401027
 51111465.9431129  51111754.94221864 51112044.94132129 51112334.94042394
 51112623.93952967 51112913.93863233 51113203.93773496 51113492.9368407
 51113782.93594334 51114071.93504909 51114361.93415174 51114650.93325748
 51114941.93235703 51115230.93146277 51115520.93056541 51115809.92967115]"	0.0	0.0	0.0
4421.038645216858	2.0	trials	7.0	0.0	0.0	0.0	0.0	0.0	True	40.0	0.0	0.005	"[51116099.92877381 51116388.92787954 51116678.92698219 51177539.73865844
 51177828.73776418 51178119.73686374 51178408.73596947 51178697.73507521
 51178987.73417787 51179277.73328051 51179566.73238625 51179856.73148889
 51180146.73059154 51180435.72969727 51180725.72879992 51181015.72790258
 51181304.72700831 51181594.72611096 51181883.72521669 51182173.72431935]"	0.0	0.0	0.0
4427.383323184339	2.0	trials	7.0	0.0	0.0	0.0	0.0	0.0	True	40.0	0.0	0.005	"[51182463.72342198 51182752.72252772 51183042.72163037 51250973.51142975
 51251263.51053239 51251553.50963503 51251842.50874078 51252132.50784342
 51252422.50694607 51252711.5060518  51253001.50515446 51253291.5042571
 51253580.50336283 51253870.50246549 51254160.50156813 51254449.50067387
 51254738.4997796  51255028.49888226 51255318.49798491 51255608.49708754]"	0.0	0.0	0.0
4434.016230659943	2.0	trials	7.0	0.0	0.0	0.0	0.0	0.0	True	40.0	0.0	0.005	"[51255897.49619329 51256188.49529284 51256477.49439858 51327743.27387837
 51328033.27298103 51328323.27208367 51328613.27118631 51328902.27029207
 51329192.2693947  51329482.26849734 51329772.26759999 51330060.26670883
 51330350.26581147 51330640.26491412 51330930.26401677 51331219.26312251
 51331508.26222824 51331798.26133089 51332088.26043353 51332378.25953618]"	0.0	0.0	0.0
4440.934862051424	2.0	trials	7.0	0.0	0.0	0.0	0.0	0.0	True	40.0	0.0	0.005	"[51332667.25864191 51332957.25774457 51333247.25684722 51407820.02609408
 51408110.02519672 51408399.02430246 51408690.02340201 51408979.02250775
 51409269.02161039 51409559.02071304 51409848.01981879 51410138.01892143
 51410428.01802407 51410717.01712982 51411006.01623556 51411296.0153382
 51411586.01444084 51411876.0135435  51412166.01264615 51412454.01175497]"	0.0	0.0	0.0
4447.708169092586	2.0	trials	7.0	0.0	0.0	0.0	0.0	0.0	True	40.0	0.0	0.005	"[51412744.01085763 51413034.00996026 51413323.00906601 51486214.78351444
 51486505.78261398 51486794.78171971 51487084.78082237 51487373.77992811
 51487664.77902766 51487952.7781365  51488241.77724224 51488532.77634178
 51488821.77544752 51489110.77455326 51489400.77365591 51489690.77275856
 51489979.7718643  51490270.77096385 51490559.77006958 51490848.76917532]"	0.0	0.0	0.0
4455.772979337413	2.0	trials	7.0	0.0	0.0	0.0	0.0	0.0	True	40.0	0.0	0.005	"[51491138.76827797 51491428.76738062 51491717.76648635 51579557.49468081
 51579847.49378345 51580137.4928861  51580426.49199184 51580716.49109448
 51581006.49019714 51581295.48930287 51581585.48840552 51581875.48750816
 51582165.48661081 51582454.48571655 51582743.48482229 51583033.48392493
 51583323.48302757 51583613.48213022 51583902.48123596 51584191.4803417 ]"	0.0	0.0	0.0
4464.808404178839	2.0	trials	7.0	0.0	0.0	0.0	0.0	0.0	True	40.0	0.0	0.005	"[51584481.47944435 51584771.478547   51585061.47764964 51684135.17108244
 51684423.17019127 51684714.16929083 51685003.16839657 51685294.16749611
 51685583.16660184 51685873.1657045  51686163.16480715 51686451.16391598
 51686742.16301554 51687032.16211817 51687321.16122391 51687611.16032656
 51687900.15943231 51688190.15853495 51688479.15764069 51688769.15674334]"	0.0	0.0	0.0
4471.018298563385	2.0	trials	7.0	0.0	0.0	0.0	0.0	0.0	True	40.0	0.0	0.005	"[51689058.15584908 51689348.15495172 51689637.15405746 51756008.94868089
 51756298.94778354 51756587.94688928 51756877.94599192 51757166.94509766
 51757456.9442003  51757746.94330295 51758035.94240869 51758325.94151133
 51758615.94061399 51758905.93971662 51759193.93882547 51759483.93792811
 51759773.93703075 51760063.9361334  51760353.93523604 51760642.93434179]"	0.0	0.0	0.0
4476.730357688396	2.0	trials	7.0	0.0	0.0	0.0	0.0	0.0	True	40.0	0.0	0.005	"[51760932.93344443 51761221.93255017 51761510.93165591 51822119.74411194
 51822409.74321458 51822699.74231722 51822988.74142297 51823278.74052561
 51823567.73963135 51823857.73873399 51824146.73783974 51824437.7369393
 51824726.73604503 51825016.73514768 51825306.73425032 51825595.73335606
 51825884.7324618  51826174.73156445 51826464.73066709 51826753.72977283]"	0.0	0.0	0.0
4482.070984362742	2.0	trials	7.0	0.0	0.0	0.0	0.0	0.0	True	40.0	0.0	0.005	"[51827044.72887238 51827333.72797812 51827623.72708077 51883932.55284239
 51884223.55194195 51884512.55104769 51884802.55015033 51885091.54925607
 51885381.54835872 51885671.54746136 51885961.54656401 51886250.54566976
 51886540.5447724  51886829.54387814 51887118.54298387 51887409.54208343
 51887698.54118916 51887988.54029181 51888277.53939755 51888567.5385002 ]"	0.0	0.0	0.0
4491.001174329799	2.0	trials	7.0	0.0	0.0	0.0	0.0	0.0	True	40.0	0.0	0.005	"[51888856.53760593 51889146.53670858 51889437.53580814 51987291.23301601
 51987580.23212175 51987870.2312244  51988160.23032704 51988450.22942968
 51988740.22853233 51989029.22763807 51989319.22674072 51989608.22584645
 51989898.2249491  51990188.22405174 51990478.2231544  51990767.22226013
 51991057.22136278 51991347.22046543 51991636.21957117 51991926.21867381]"	0.0	0.0	0.0
4498.972500063897	2.0	trials	7.0	0.0	0.0	0.0	0.0	0.0	True	40.0	0.0	0.005	"[51992215.21777955 51992505.21688219 51992794.21598794 52079552.94752736
 52079841.94663309 52080131.94573574 52080421.94483838 52080711.94394103
 52081000.94304676 52081289.94215251 52081580.94125207 52081869.9403578
 52082159.93946043 52082449.93856309 52082737.93767193 52083027.93677457
 52083317.93587722 52083606.93498296 52083896.9340856  52084186.93318824]"	0.0	0.0	0.0
4507.4985984813475	2.0	trials	7.0	0.0	0.0	0.0	0.0	0.0	True	40.0	0.0	0.005	"[52084476.93229089 52084765.93139663 52085055.93049927 52178234.64217313
 52178523.64127886 52178812.6403846  52179102.63948724 52179392.6385899
 52179682.63769253 52179972.63679518 52180261.63590093 52180550.63500667
 52180840.63410931 52181130.63321196 52181420.63231461 52181710.63141724
 52181999.63052298 52182289.62962563 52182578.62873137 52182868.62783401]"	0.0	0.0	0.0
4515.337300625826	2.0	trials	7.0	0.0	0.0	0.0	0.0	0.0	True	40.0	0.0	0.005	"[52183157.62693975 52183447.62604241 52183736.62514815 52268959.36144044
 52269249.36054309 52269538.35964883 52269828.35875148 52270119.35785103
 52270407.35695986 52270697.3560625  52270987.35516515 52271277.3542678
 52271566.35337353 52271856.35247619 52272145.35158193 52272435.35068458
 52272724.34979031 52273014.34889295 52273303.34799869 52273593.34710134]"	0.0	0.0	0.0
4522.824960656545	2.0	trials	7.0	0.0	0.0	0.0	0.0	0.0	True	40.0	0.0	0.005	"[52273883.34620398 52274173.34530664 52274462.34441238 52355623.09327383
 52355912.09237956 52356201.0914853  52356491.09058795 52356780.08969369
 52357071.08879323 52357360.08789898 52357650.08700163 52357939.08610737
 52358229.08521001 52358519.08431266 52358808.08341839 52359097.08252414
 52359387.08162678 52359677.08072942 52359966.07983516 52360257.07893473]"	0.0	0.0	0.0
4530.796545589841	2.0	trials	7.0	0.0	0.0	0.0	0.0	0.0	True	40.0	0.0	0.005	"[52360546.07804047 52360836.0771431  52361125.07624883 52447885.80778207
 52448175.80688472 52448465.80598736 52448754.80509309 52449045.80419265
 52449334.8032984  52449624.80240104 52449913.80150678 52450203.80060942
 52450492.79971517 52450783.79881471 52451071.79792354 52451361.79702619
 52451651.79612884 52451940.79523458 52452230.79433724 52452519.79344297]"	0.0	0.0	0.0
4538.002542492119	2.0	trials	7.0	0.0	0.0	0.0	0.0	0.0	True	40.0	0.0	0.005	"[52452810.79254251 52453100.79164516 52453390.79074781 52531289.54970294
 52531579.54880559 52531869.54790824 52532158.54701398 52532447.54611971
 52532737.54522237 52533027.544325   52533316.54343075 52533607.54253031
 52533896.54163604 52534185.54074178 52534475.53984442 52534765.53894708
 52535054.53805282 52535344.53715545 52535633.53626119 52535923.53536385]"	0.0	0.0	0.0
4546.756649804033	2.0	trials	7.0	0.0	0.0	0.0	0.0	0.0	True	40.0	0.0	0.005	"[52536212.53446958 52536503.53356913 52536792.53267488 52632609.23618589
 52632899.23528853 52633188.23439428 52633478.23349693 52633768.23259956
 52634058.2317022  52634347.23080795 52634637.2299106  52634926.22901633
 52635216.22811899 52635505.22722472 52635795.22632737 52636084.2254331
 52636375.22453266 52636664.2236384  52636953.22274413 52637243.22184679]"	0.0	0.0	0.0
4555.156604611813	2.0	trials	7.0	0.0	0.0	0.0	0.0	0.0	True	40.0	0.0	0.005	"[52637533.22094943 52637823.22005208 52638113.21915472 52729830.93534938
 52730120.93445202 52730410.93355466 52730699.93266041 52730989.93176306
 52731279.93086569 52731569.92996835 52731858.92907409 52732148.92817673
 52732437.92728247 52732727.92638512 52733016.92549086 52733306.9245935
 52733596.92369615 52733886.92279879 52734175.92190453 52734465.92100717]"	0.0	0.0	0.0
4560.652491605732	2.0	trials	7.0	0.0	0.0	0.0	0.0	0.0	True	40.0	0.0	0.005	"[52734755.92010983 52735044.91921557 52735334.9183182  52793441.73851623
 52793730.73762197 52794020.73672462 52794310.73582727 52794599.73493301
 52794890.73403256 52795179.7331383  52795469.73224095 52795758.73134668
 52796048.73044933 52796338.72955199 52796627.72865772 52796917.72776037
 52797207.72686301 52797496.72596875 52797785.72507449 52798076.72417404]"	0.0	0.0	0.0
4569.082945519137	2.0	trials	7.0	0.0	0.0	0.0	0.0	0.0	True	40.0	0.0	0.005	"[52798364.72328287 52798655.72238243 52798944.72148816 52891015.43659052
 52891305.43569317 52891594.43479891 52891884.43390156 52892173.4330073
 52892463.43210994 52892753.43121259 52893042.43031833 52893333.42941788
 52893622.42852362 52893911.42762937 52894201.42673201 52894491.42583464
 52894780.42494039 52895070.42404304 52895359.42314877 52895650.42224833]"	0.0	0.0	0.0
4577.026796138252	2.0	trials	7.0	0.0	0.0	0.0	0.0	0.0	True	40.0	0.0	0.005	"[52895939.42135407 52896228.42045981 52896519.41955935 52982959.15208587
 52983248.15119161 52983538.15029425 52983828.1493969  52984118.14849954
 52984407.14760528 52984696.14671101 52984986.14581366 52985276.14491631
 52985566.14401896 52985855.14312469 52986144.14223044 52986434.14133309
 52986723.14043882 52987014.13953838 52987303.13864411 52987593.13774676]"	0.0	0.0	0.0
4584.586686345468	2.0	trials	7.0	0.0	0.0	0.0	0.0	0.0	True	40.0	0.0	0.005	"[52987882.1368525  52988173.13595205 52988462.13505778 53070457.88133547
 53070746.88044122 53071035.87954696 53071326.87864651 53071616.87774915
 53071906.8768518  53072195.87595753 53072484.87506327 53072774.87416593
 53073064.87326857 53073353.87237431 53073643.87147696 53073933.8705796
 53074222.86968534 53074512.86878798 53074802.86789064 53075092.86699329]"	0.0	0.0	0.0
4592.314624032689	2.0	trials	7.0	0.0	0.0	0.0	0.0	0.0	True	40.0	0.0	0.005	"[53075380.86610211 53075671.86520165 53075960.86430741 53159900.60456972
 53160190.60367237 53160479.60277811 53160769.60188075 53161059.6009834
 53161349.60008605 53161639.59918869 53161928.59829443 53162217.59740017
 53162507.59650282 53162797.59560546 53163086.5947112  53163376.59381386
 53163666.59291649 53163955.59202223 53164245.59112488 53164534.59023062]"	0.0	0.0	0.0
4598.404854787514	2.0	trials	7.0	0.0	0.0	0.0	0.0	0.0	True	40.0	0.0	0.005	"[53164825.58933017 53165115.58843282 53165404.58753856 53230390.38645072
 53230679.38555646 53230968.3846622  53231258.38376485 53231547.38287058
 53231837.38197323 53232127.38107588 53232416.38018162 53232706.37928426
 53232996.37838691 53233285.37749265 53233575.3765953  53233865.37569793
 53234155.37480059 53234444.37390632 53234734.37300897 53235023.3721147 ]"	0.0	0.0	0.0
4603.906703362985	2.0	trials	7.0	0.0	0.0	0.0	0.0	0.0	True	40.0	0.0	0.005	"[53235313.37121736 53235602.3703231  53235893.36942264 53294068.18941027
 53294359.18850981 53294648.18761556 53294938.1867182  53295228.18582085
 53295517.18492658 53295806.18403233 53296096.18313497 53296385.18224071
 53296676.18134026 53296964.18044911 53297255.17954865 53297544.17865438
 53297834.17775704 53298123.17686278 53298413.17596542 53298703.17506807]"	0.0	0.0	0.0
4610.404913655387	2.0	trials	7.0	0.0	0.0	0.0	0.0	0.0	True	40.0	0.0	0.005	"[53298993.17417071 53299282.17327645 53299572.17237909 53369279.95667986
 53369568.95578559 53369859.95488515 53370148.95399088 53370438.95309353
 53370728.95219619 53371017.95130192 53371306.95040766 53371596.94951031
 53371886.94861295 53372175.94771869 53372465.94682133 53372755.94592398
 53373044.94502972 53373334.94413237 53373624.943235   53373914.94233765]"	0.0	0.0	0.0
4617.339788196606	2.0	trials	7.0	0.0	0.0	0.0	0.0	0.0	True	40.0	0.0	0.005	"[53374202.9414465  53374492.94054913 53374782.93965179 53449543.70831691
 53449833.70741956 53450123.70652221 53450412.70562795 53450703.70472749
 53450992.70383323 53451281.70293898 53451571.70204163 53451861.70114427
 53452151.70024692 53452440.69935265 53452729.6984584  53453019.69756103
 53453308.69666678 53453598.69576942 53453888.69487207 53454178.69397473]"	0.0	0.0	0.0
4626.221853512577	2.0	trials	7.0	0.0	0.0	0.0	0.0	0.0	True	40.0	0.0	0.005	"[53454468.69307736 53454757.69218309 53455047.69128574 53552345.39021407
 53552636.38931361 53552925.38841936 53553215.387522   53553504.38662774
 53553793.38573348 53554084.38483304 53554374.38393569 53554662.38304451
 53554952.38214716 53555242.38124981 53555531.38035555 53555821.37945819
 53556111.37856084 53556401.37766349 53556690.37676922 53556980.37587187]"	0.0	0.0	0.0
4633.103333019018	2.0	trials	7.0	0.0	0.0	0.0	0.0	0.0	True	40.0	0.0	0.005	"[53557270.37497451 53557560.37407716 53557848.37318598 53631992.14376032
 53632281.14286607 53632572.14196562 53632862.14106826 53633151.14017401
 53633441.13927665 53633730.13838238 53634019.13748813 53634309.13659077
 53634599.13569342 53634889.13479606 53635179.13389871 53635468.13300446
 53635758.13210709 53636047.13121283 53636336.13031857 53636627.12941813]"	0.0	0.0	0.0
4638.736768387317	2.0	trials	7.0	0.0	0.0	0.0	0.0	0.0	True	40.0	0.0	0.005	"[53636916.12852386 53637205.12762961 53637496.12672915 53697193.94200411
 53697483.94110677 53697773.94020941 53698062.93931515 53698352.9384178
 53698642.93752044 53698932.93662308 53699221.93572882 53699510.93483456
 53699800.93393721 53700089.93304294 53700378.93214868 53700669.93124824
 53700958.93035398 53701248.92945662 53701537.92856237 53701827.92766501]"	0.0	0.0	0.0
4645.3200824163805	2.0	trials	7.0	0.0	0.0	0.0	0.0	0.0	True	40.0	0.0	0.005	"[53702117.92676765 53702407.92587031 53702697.92497294 53773389.70622889
 53773679.70533153 53773968.70443727 53774258.70353993 53774548.70264257
 53774838.7017452  53775128.70084786 53775417.6999536  53775707.69905625
 53775996.69816198 53776286.69726463 53776576.69636727 53776865.69547302
 53777155.69457565 53777445.69367831 53777734.69278405 53778024.69188669]"	0.0	0.0	0.0
4651.199152224605	2.0	trials	7.0	0.0	0.0	0.0	0.0	0.0	True	40.0	0.0	0.005	"[53778314.69098935 53778604.69009198 53778892.68920082 53841435.49567242
 53841724.49477816 53842014.4938808  53842303.49298655 53842593.49208918
 53842883.49119184 53843173.49029449 53843462.48940022 53843751.48850596
 53844041.48760861 53844331.48671125 53844620.48581699 53844910.48491964
 53845200.48402228 53845490.48312493 53845779.48223067 53846069.48133332]"	0.0	0.0	0.0
4656.439468809343	2.0	trials	7.0	0.0	0.0	0.0	0.0	0.0	True	40.0	0.0	0.005	"[53846359.48043596 53846648.4795417  53846938.47864435 53902086.30799849
 53902376.30710114 53902666.30620378 53902956.30530642 53903245.30441216
 53903534.3035179  53903824.30262055 53904114.30172319 53904403.30082894
 53904693.29993159 53904983.29903422 53905273.29813688 53905562.29724261
 53905851.29634835 53906141.29545099 53906431.29455364 53906721.29365628]"	0.0	0.0	0.0
4663.6806304028105	2.0	trials	7.0	0.0	0.0	0.0	0.0	0.0	True	40.0	0.0	0.005	"[53907010.29276202 53907300.29186466 53907590.29096732 53985896.04866306
 53986185.0477688  53986476.04686835 53986765.0459741  53987055.04507674
 53987344.04418248 53987634.04328512 53987924.04238778 53988213.04149351
 53988503.04059616 53988793.03969881 53989082.03880455 53989371.03791028
 53989662.03700984 53989951.03611557 53990241.03521822 53990530.03432395]"	0.0	0.0	0.0
4671.131224948223	2.0	trials	7.0	0.0	0.0	0.0	0.0	0.0	True	40.0	0.0	0.005	"[53990820.03342661 53991110.03252926 53991399.03163499 54072129.781827
 54072420.78092656 54072709.78003229 54072999.77913494 54073288.77824069
 54073578.77734332 54073867.77644905 54074158.77554862 54074446.77465745
 54074737.773757   54075026.77286275 54075316.77196538 54075605.77107112
 54075895.77017377 54076184.76927951 54076475.76837907 54076764.76748481]"	0.0	0.0	0.0
4707.230761244392	2.0	trials	9.0	0.0	0.0	0.0	0.0	0.0	True	5.0	0.0	0.01	"[54077054.76658746 54077344.7656901  54077633.76479583               nan
               nan               nan               nan               nan
               nan               nan               nan               nan
               nan               nan               nan               nan
               nan               nan               nan               nan]"	0.0	0.0	0.0
4713.608530309479	2.0	trials	9.0	0.0	0.0	0.0	0.0	0.0	True	5.0	0.0	0.01	"[54489995.48881049 54492313.48163786 54494630.47446831               nan
               nan               nan               nan               nan
               nan               nan               nan               nan
               nan               nan               nan               nan
               nan               nan               nan               nan]"	0.0	0.0	0.0
4718.954340967783	2.0	trials	9.0	0.0	0.0	0.0	0.0	0.0	True	5.0	0.0	0.01	"[54563812.26039667 54566129.25322712 54568446.24605756               nan
               nan               nan               nan               nan
               nan               nan               nan               nan
               nan               nan               nan               nan
               nan               nan               nan               nan]"	0.0	0.0	0.0
4727.001180068219	2.0	trials	9.0	0.0	0.0	0.0	0.0	0.0	True	5.0	0.0	0.01	"[54625685.06894147 54628003.06176883 54630320.05459927               nan
               nan               nan               nan               nan
               nan               nan               nan               nan
               nan               nan               nan               nan
               nan               nan               nan               nan]"	0.0	0.0	0.0
4735.8447975031595	2.0	trials	9.0	0.0	0.0	0.0	0.0	0.0	True	5.0	0.0	0.01	"[54718819.78075147 54721136.77358191 54723453.76641237               nan
               nan               nan               nan               nan
               nan               nan               nan               nan
               nan               nan               nan               nan
               nan               nan               nan               nan]"	0.0	0.0	0.0
4744.865275190837	2.0	trials	9.0	0.0	0.0	0.0	0.0	0.0	True	5.0	0.0	0.01	"[54821176.46402559 54823493.45685605 54825810.44968649               nan
               nan               nan               nan               nan
               nan               nan               nan               nan
               nan               nan               nan               nan
               nan               nan               nan               nan]"	0.0	0.0	0.0
4753.940530309015	2.0	trials	9.0	0.0	0.0	0.0	0.0	0.0	True	5.0	0.0	0.01	"[54925580.14096564 54927897.13379609 54930214.12662653               nan
               nan               nan               nan               nan
               nan               nan               nan               nan
               nan               nan               nan               nan
               nan               nan               nan               nan]"	0.0	0.0	0.0
4761.062805870353	2.0	trials	9.0	0.0	0.0	0.0	0.0	0.0	True	5.0	0.0	0.01	"[55030617.81594387 55032934.80877432 55035251.80160478               nan
               nan               nan               nan               nan
               nan               nan               nan               nan
               nan               nan               nan               nan
               nan               nan               nan               nan]"	0.0	0.0	0.0
4767.783236275133	2.0	trials	9.0	0.0	0.0	0.0	0.0	0.0	True	5.0	0.0	0.01	"[55113051.56086625 55115368.5536967  55117685.54652715               nan
               nan               nan               nan               nan
               nan               nan               nan               nan
               nan               nan               nan               nan
               nan               nan               nan               nan]"	0.0	0.0	0.0
4773.6571220994	2.0	trials	9.0	0.0	0.0	0.0	0.0	0.0	True	5.0	0.0	0.01	"[55190834.32018034 55193151.31301078 55195468.30584123               nan
               nan               nan               nan               nan
               nan               nan               nan               nan
               nan               nan               nan               nan
               nan               nan               nan               nan]"	0.0	0.0	0.0
4779.100046057205	2.0	trials	9.0	0.0	0.0	0.0	0.0	0.0	True	5.0	0.0	0.01	"[55258819.10981261 55261136.10264307 55263453.09547351               nan
               nan               nan               nan               nan
               nan               nan               nan               nan
               nan               nan               nan               nan
               nan               nan               nan               nan]"	0.0	0.0	0.0
4787.107659679016	2.0	trials	9.0	0.0	0.0	0.0	0.0	0.0	True	5.0	0.0	0.01	"[55321815.9148794  55324132.90770984 55326449.9005403                nan
               nan               nan               nan               nan
               nan               nan               nan               nan
               nan               nan               nan               nan
               nan               nan               nan               nan]"	0.0	0.0	0.0
4792.317045159465	2.0	trials	9.0	0.0	0.0	0.0	0.0	0.0	True	5.0	0.0	0.01	"[55414496.62809422 55416813.62092467 55419130.61375511               nan
               nan               nan               nan               nan
               nan               nan               nan               nan
               nan               nan               nan               nan
               nan               nan               nan               nan]"	0.0	0.0	0.0
4797.884557531753	2.0	trials	9.0	0.0	0.0	0.0	0.0	0.0	True	5.0	0.0	0.01	"[55474790.44152495 55477107.4343554  55479424.42718585               nan
               nan               nan               nan               nan
               nan               nan               nan               nan
               nan               nan               nan               nan
               nan               nan               nan               nan]"	0.0	0.0	0.0
4805.5673945585295	2.0	trials	9.0	0.0	0.0	0.0	0.0	0.0	True	5.0	0.0	0.01	"[55539230.24212661 55541546.23496016 55543864.22778752               nan
               nan               nan               nan               nan
               nan               nan               nan               nan
               nan               nan               nan               nan
               nan               nan               nan               nan]"	0.0	0.0	0.0
4811.697109991176	2.0	trials	9.0	0.0	0.0	0.0	0.0	0.0	True	5.0	0.0	0.01	"[55628150.9669761  55630467.95980655 55632784.952637                 nan
               nan               nan               nan               nan
               nan               nan               nan               nan
               nan               nan               nan               nan
               nan               nan               nan               nan]"	0.0	0.0	0.0
4818.806771191547	2.0	trials	9.0	0.0	0.0	0.0	0.0	0.0	True	5.0	0.0	0.01	"[55699096.74744609 55701413.74027654 55703730.73310699               nan
               nan               nan               nan               nan
               nan               nan               nan               nan
               nan               nan               nan               nan
               nan               nan               nan               nan]"	0.0	0.0	0.0
4825.36727569119	2.0	trials	9.0	0.0	0.0	0.0	0.0	0.0	True	5.0	0.0	0.01	"[55781384.49282023 55783701.48565067 55786018.47848112               nan
               nan               nan               nan               nan
               nan               nan               nan               nan
               nan               nan               nan               nan
               nan               nan               nan               nan]"	0.0	0.0	0.0
4834.444690802685	2.0	trials	9.0	0.0	0.0	0.0	0.0	0.0	True	5.0	0.0	0.01	"[55857316.2578619  55859633.25069235 55861950.2435228                nan
               nan               nan               nan               nan
               nan               nan               nan               nan
               nan               nan               nan               nan
               nan               nan               nan               nan]"	0.0	0.0	0.0
4842.578620833632	2.0	trials	9.0	0.0	0.0	0.0	0.0	0.0	True	5.0	0.0	0.01	"[55962378.93276278 55964695.92559324 55967012.91842368               nan
               nan               nan               nan               nan
               nan               nan               nan               nan
               nan               nan               nan               nan
               nan               nan               nan               nan]"	0.0	0.0	0.0
4851.39865114156	2.0	trials	9.0	0.0	0.0	0.0	0.0	0.0	True	5.0	0.0	0.01	"[56056521.64145371 56058838.63428415 56061155.62711461               nan
               nan               nan               nan               nan
               nan               nan               nan               nan
               nan               nan               nan               nan
               nan               nan               nan               nan]"	0.0	0.0	0.0
4858.185004542352	2.0	trials	9.0	0.0	0.0	0.0	0.0	0.0	True	5.0	0.0	0.01	"[56158605.32557259 56160922.31840304 56163239.31123348               nan
               nan               nan               nan               nan
               nan               nan               nan               nan
               nan               nan               nan               nan
               nan               nan               nan               nan]"	0.0	0.0	0.0
4863.787595206094	2.0	trials	9.0	0.0	0.0	0.0	0.0	0.0	True	5.0	0.0	0.01	"[56237151.0825257  56239468.07535614 56241786.0681835                nan
               nan               nan               nan               nan
               nan               nan               nan               nan
               nan               nan               nan               nan
               nan               nan               nan               nan]"	0.0	0.0	0.0
4869.201920852392	2.0	trials	9.0	0.0	0.0	0.0	0.0	0.0	True	5.0	0.0	0.01	"[56301995.88187416 56304312.87470461 56306629.86753505               nan
               nan               nan               nan               nan
               nan               nan               nan               nan
               nan               nan               nan               nan
               nan               nan               nan               nan]"	0.0	0.0	0.0
4878.038799108186	2.0	trials	9.0	0.0	0.0	0.0	0.0	0.0	True	5.0	0.0	0.01	"[56364661.68796515 56366978.6807956  56369295.67362606               nan
               nan               nan               nan               nan
               nan               nan               nan               nan
               nan               nan               nan               nan
               nan               nan               nan               nan]"	0.0	0.0	0.0
4884.584788452744	2.0	trials	9.0	0.0	0.0	0.0	0.0	0.0	True	5.0	0.0	0.01	"[56466940.37148064 56469257.36431109 56471574.35714155               nan
               nan               nan               nan               nan
               nan               nan               nan               nan
               nan               nan               nan               nan
               nan               nan               nan               nan]"	0.0	0.0	0.0
4890.194895893228	2.0	trials	9.0	0.0	0.0	0.0	0.0	0.0	True	5.0	0.0	0.01	"[56542704.13704216 56545021.12987261 56547338.12270306               nan
               nan               nan               nan               nan
               nan               nan               nan               nan
               nan               nan               nan               nan
               nan               nan               nan               nan]"	0.0	0.0	0.0
4895.907214217437	2.0	trials	9.0	0.0	0.0	0.0	0.0	0.0	True	5.0	0.0	0.01	"[56607635.93612142 56609952.92895187 56612269.92178232               nan
               nan               nan               nan               nan
               nan               nan               nan               nan
               nan               nan               nan               nan
               nan               nan               nan               nan]"	0.0	0.0	0.0
4902.039608041796	2.0	trials	9.0	0.0	0.0	0.0	0.0	0.0	True	5.0	0.0	0.01	"[56673750.7315401  56676067.72437055 56678384.717201                 nan
               nan               nan               nan               nan
               nan               nan               nan               nan
               nan               nan               nan               nan
               nan               nan               nan               nan]"	0.0	0.0	0.0
4909.094232612468	2.0	trials	9.0	0.0	0.0	0.0	0.0	0.0	True	5.0	0.0	0.01	"[56744727.51191416 56747044.5047446  56749361.49757504               nan
               nan               nan               nan               nan
               nan               nan               nan               nan
               nan               nan               nan               nan
               nan               nan               nan               nan]"	0.0	0.0	0.0
4931.94065471813	2.0	trials	10.0	0.0	0.0	0.0	0.0	0.0	True	10.0	0.0	0.005	"[56826378.25925938 56828695.25208984 56831012.24492028 57090757.44118162
 57091916.43759529               nan               nan               nan
               nan               nan               nan               nan
               nan               nan               nan               nan
               nan               nan               nan               nan]"	0.0	0.0	0.0
4940.226216279879	2.0	trials	10.0	0.0	0.0	0.0	0.0	0.0	True	10.0	0.0	0.005	"[57093075.43400896 57094234.43042265 57095391.42684251 57186655.14444199
 57187813.14085876               nan               nan               nan
               nan               nan               nan               nan
               nan               nan               nan               nan
               nan               nan               nan               nan]"	0.0	0.0	0.0
4948.572689653148	2.0	trials	10.0	0.0	0.0	0.0	0.0	0.0	True	10.0	0.0	0.005	"[57188972.13727245 57190131.13368612 57191290.13009979 57283258.84551777
 57284417.84193145               nan               nan               nan
               nan               nan               nan               nan
               nan               nan               nan               nan
               nan               nan               nan               nan]"	0.0	0.0	0.0
4956.673096587826	2.0	trials	10.0	0.0	0.0	0.0	0.0	0.0	True	10.0	0.0	0.005	"[57285575.83834822 57286733.83476499 57287892.83117867 57377013.55540928
 57378171.55182607               nan               nan               nan
               nan               nan               nan               nan
               nan               nan               nan               nan
               nan               nan               nan               nan]"	0.0	0.0	0.0
4965.084283360849	2.0	trials	10.0	0.0	0.0	0.0	0.0	0.0	True	10.0	0.0	0.005	"[57379329.54824283 57380489.54465341 57381647.54107019 57474365.25417051
 57475523.25058728               nan               nan               nan
               nan               nan               nan               nan
               nan               nan               nan               nan
               nan               nan               nan               nan]"	0.0	0.0	0.0
4971.806528160015	2.0	trials	10.0	0.0	0.0	0.0	0.0	0.0	True	10.0	0.0	0.005	"[57476681.24700405 57477841.24341464 57478999.23983142 57552169.01341961
 57553327.00983638               nan               nan               nan
               nan               nan               nan               nan
               nan               nan               nan               nan
               nan               nan               nan               nan]"	0.0	0.0	0.0
4977.660282846574	2.0	trials	10.0	0.0	0.0	0.0	0.0	0.0	True	10.0	0.0	0.005	"[57554486.00625006 57555644.00266683 57556802.99908051 57619921.80376977
 57621078.80018964               nan               nan               nan
               nan               nan               nan               nan
               nan               nan               nan               nan
               nan               nan               nan               nan]"	0.0	0.0	0.0
4983.577195737701	2.0	trials	10.0	0.0	0.0	0.0	0.0	0.0	True	10.0	0.0	0.005	"[57622237.79660333 57623395.79302009 57624555.78943068 57688403.59186418
 57689561.58828096               nan               nan               nan
               nan               nan               nan               nan
               nan               nan               nan               nan
               nan               nan               nan               nan]"	0.0	0.0	0.0
4989.972849547446	2.0	trials	10.0	0.0	0.0	0.0	0.0	0.0	True	10.0	0.0	0.005	"[57690720.58469463 57691878.58111139 57693037.57752508 57762427.36280983
 57763586.35922351               nan               nan               nan
               nan               nan               nan               nan
               nan               nan               nan               nan
               nan               nan               nan               nan]"	0.0	0.0	0.0
4995.516688392987	2.0	trials	10.0	0.0	0.0	0.0	0.0	0.0	True	10.0	0.0	0.005	"[57764743.35564338 57765903.35205396 57767061.34847073 57826591.16426554
 57827750.16067921               nan               nan               nan
               nan               nan               nan               nan
               nan               nan               nan               nan
               nan               nan               nan               nan]"	0.0	0.0	0.0
5004.480228656847	2.0	trials	10.0	0.0	0.0	0.0	0.0	0.0	True	10.0	0.0	0.005	"[57828909.15709289 57830067.15350965 57831225.14992642 57930336.84324165
 57931494.83965841               nan               nan               nan
               nan               nan               nan               nan
               nan               nan               nan               nan
               nan               nan               nan               nan]"	0.0	0.0	0.0
5012.405935332106	2.0	trials	10.0	0.0	0.0	0.0	0.0	0.0	True	10.0	0.0	0.005	"[57932652.83607519 57933811.83248886 57934970.82890253 58022069.55938988
 58023228.55580356               nan               nan               nan
               nan               nan               nan               nan
               nan               nan               nan               nan
               nan               nan               nan               nan]"	0.0	0.0	0.0
5017.847995292584	2.0	trials	10.0	0.0	0.0	0.0	0.0	0.0	True	10.0	0.0	0.005	"[58024386.55222032 58025544.5486371  58026704.54504769 58085055.3644907
 58086214.36090437               nan               nan               nan
               nan               nan               nan               nan
               nan               nan               nan               nan
               nan               nan               nan               nan]"	0.0	0.0	0.0
5024.460166832352	2.0	trials	10.0	0.0	0.0	0.0	0.0	0.0	True	10.0	0.0	0.005	"[58087373.35731806 58088531.35373482 58089689.3501516  58161586.12767888
 58162743.12409874               nan               nan               nan
               nan               nan               nan               nan
               nan               nan               nan               nan
               nan               nan               nan               nan]"	0.0	0.0	0.0
5030.778492881374	2.0	trials	10.0	0.0	0.0	0.0	0.0	0.0	True	10.0	0.0	0.005	"[58163902.12051242 58165061.11692609 58166219.11334286 58234714.90139395
 58235873.89780763               nan               nan               nan
               nan               nan               nan               nan
               nan               nan               nan               nan
               nan               nan               nan               nan]"	0.0	0.0	0.0
5037.708097038902	2.0	trials	10.0	0.0	0.0	0.0	0.0	0.0	True	10.0	0.0	0.005	"[58237030.8942275  58238189.89064117 58239348.88705484 58314918.65321667
 58316076.64963344               nan               nan               nan
               nan               nan               nan               nan
               nan               nan               nan               nan
               nan               nan               nan               nan]"	0.0	0.0	0.0
5046.503503423024	2.0	trials	10.0	0.0	0.0	0.0	0.0	0.0	True	10.0	0.0	0.005	"[58317234.64605021 58318393.64246389 58319551.63888066 58416717.33821742
 58417875.33463421               nan               nan               nan
               nan               nan               nan               nan
               nan               nan               nan               nan
               nan               nan               nan               nan]"	0.0	0.0	0.0
5052.244852057405	2.0	trials	10.0	0.0	0.0	0.0	0.0	0.0	True	10.0	0.0	0.005	"[58419034.33104788 58420192.32746465 58421351.32387833 58483167.1325995
 58484326.12901318               nan               nan               nan
               nan               nan               nan               nan
               nan               nan               nan               nan
               nan               nan               nan               nan]"	0.0	0.0	0.0
5059.716441737851	2.0	trials	10.0	0.0	0.0	0.0	0.0	0.0	True	10.0	0.0	0.005	"[58485485.12542685 58486643.12184361 58487801.11826039 58569644.86500842
 58570802.86142519               nan               nan               nan
               nan               nan               nan               nan
               nan               nan               nan               nan
               nan               nan               nan               nan]"	0.0	0.0	0.0
5068.110607763541	2.0	trials	10.0	0.0	0.0	0.0	0.0	0.0	True	10.0	0.0	0.005	"[58571961.85783886 58573120.85425255 58574278.85066931 58666799.56437922
 58667956.56079909               nan               nan               nan
               nan               nan               nan               nan
               nan               nan               nan               nan
               nan               nan               nan               nan]"	0.0	0.0	0.0
5076.018256894677	2.0	trials	10.0	0.0	0.0	0.0	0.0	0.0	True	10.0	0.0	0.005	"[58669115.55721277 58670274.55362644 58671433.55004013 58758322.28117727
 58759481.27759095               nan               nan               nan
               nan               nan               nan               nan
               nan               nan               nan               nan
               nan               nan               nan               nan]"	0.0	0.0	0.0
5082.060276598682	2.0	trials	10.0	0.0	0.0	0.0	0.0	0.0	True	10.0	0.0	0.005	"[58760640.27400463 58761799.2704183  58762956.26683817 58828253.06478801
 58829413.06119858               nan               nan               nan
               nan               nan               nan               nan
               nan               nan               nan               nan
               nan               nan               nan               nan]"	0.0	0.0	0.0
5090.628192486734	2.0	trials	10.0	0.0	0.0	0.0	0.0	0.0	True	10.0	0.0	0.005	"[58830570.05761845 58831729.05403212 58832888.0504458  58927418.75793612
 58928578.75434671               nan               nan               nan
               nan               nan               nan               nan
               nan               nan               nan               nan
               nan               nan               nan               nan]"	0.0	0.0	0.0
5098.152486004098	2.0	trials	10.0	0.0	0.0	0.0	0.0	0.0	True	10.0	0.0	0.005	"[58929736.75076348 58930894.74718024 58932053.74359392 59014506.48845751
 59015665.48487118               nan               nan               nan
               nan               nan               nan               nan
               nan               nan               nan               nan
               nan               nan               nan               nan]"	0.0	0.0	0.0
5103.3365563628795	2.0	trials	10.0	0.0	0.0	0.0	0.0	0.0	True	10.0	0.0	0.005	"[59016822.48129104 59017981.47770472 59019140.4741184  59074507.30279488
 59075665.29921164               nan               nan               nan
               nan               nan               nan               nan
               nan               nan               nan               nan
               nan               nan               nan               nan]"	0.0	0.0	0.0
5112.36299563211	2.0	trials	10.0	0.0	0.0	0.0	0.0	0.0	True	10.0	0.0	0.005	"[59076824.29562533 59077982.29204209 59079140.28845888 59178978.9795245
 59180138.97593509               nan               nan               nan
               nan               nan               nan               nan
               nan               nan               nan               nan
               nan               nan               nan               nan]"	0.0	0.0	0.0
5120.811247890441	2.0	trials	10.0	0.0	0.0	0.0	0.0	0.0	True	10.0	0.0	0.005	"[59181296.97235186 59182455.96876553 59183613.96518231 59276759.67695827
 59277918.67337195               nan               nan               nan
               nan               nan               nan               nan
               nan               nan               nan               nan
               nan               nan               nan               nan]"	0.0	0.0	0.0
5129.311685587293	2.0	trials	10.0	0.0	0.0	0.0	0.0	0.0	True	10.0	0.0	0.005	"[59279076.66978872 59280234.66620548 59281394.66261607 59375144.37252305
 59376303.36893673               nan               nan               nan
               nan               nan               nan               nan
               nan               nan               nan               nan
               nan               nan               nan               nan]"	0.0	0.0	0.0
5136.000493689922	2.0	trials	10.0	0.0	0.0	0.0	0.0	0.0	True	10.0	0.0	0.005	"[59377461.3653535  59378620.36176719 59379779.35818086 59452562.13296656
 59453720.12938334               nan               nan               nan
               nan               nan               nan               nan
               nan               nan               nan               nan
               nan               nan               nan               nan]"	0.0	0.0	0.0
5143.27362318447	2.0	trials	10.0	0.0	0.0	0.0	0.0	0.0	True	10.0	0.0	0.005	"[59454878.12580012 59456037.12221379 59457196.11862746 59536741.87248625
 59537899.86890302               nan               nan               nan
               nan               nan               nan               nan
               nan               nan               nan               nan
               nan               nan               nan               nan]"	0.0	0.0	0.0
5166.319196673891	2.0	trials	11.0	0.0	0.0	0.0	0.0	0.0	True	20.0	0.0	0.005	"[59539058.8653167  59540217.86173037 59541375.85814715 59803473.04713063
 59804052.045339   59804632.0435443  59805211.04175268 59805789.03996417
 59806370.03816637 59806948.03637784               nan               nan
               nan               nan               nan               nan
               nan               nan               nan               nan]"	0.0	0.0	0.0
5174.329056688752	2.0	trials	11.0	0.0	0.0	0.0	0.0	0.0	True	20.0	0.0	0.005	"[59807527.03458623 59808107.03279151 59808686.03099991 59896179.76026499
 59896758.75847337 59897337.75668176 59897916.75489015 59898496.75309544
 59899075.75130382 59899655.74950911               nan               nan
               nan               nan               nan               nan
               nan               nan               nan               nan]"	0.0	0.0	0.0
5183.365172728039	2.0	trials	11.0	0.0	0.0	0.0	0.0	0.0	True	20.0	0.0	0.005	"[59900233.7477206  59900813.74592589 59901393.74413118 60000763.43664805
 60001342.43485643 60001922.43306173 60002501.43127012 60003080.4294785
 60003660.4276838  60004239.42589218               nan               nan
               nan               nan               nan               nan
               nan               nan               nan               nan]"	0.0	0.0	0.0
5191.321292109191	2.0	trials	11.0	0.0	0.0	0.0	0.0	0.0	True	20.0	0.0	0.005	"[60004817.42410366 60005397.42230894 60005977.42051424 60092849.15170399
 60093428.14991239 60094008.14811768 60094587.14632606 60095166.14453444
 60095746.14273974 60096325.14094813               nan               nan
               nan               nan               nan               nan
               nan               nan               nan               nan]"	0.0	0.0	0.0
5198.005434626257	2.0	trials	11.0	0.0	0.0	0.0	0.0	0.0	True	20.0	0.0	0.005	"[60096904.13915651 60097483.13736489 60098063.13557018 60170210.91232079
 60170790.91052608 60171369.90873446 60171949.90693976 60172528.90514814
 60173107.90335654 60173686.90156491               nan               nan
               nan               nan               nan               nan
               nan               nan               nan               nan]"	0.0	0.0	0.0
5203.851672536076	2.0	trials	11.0	0.0	0.0	0.0	0.0	0.0	True	20.0	0.0	0.005	"[60174266.89977021 60174845.89797859 60175424.89618697 60237875.70294327
 60238454.70115163 60239034.69935694 60239613.69756532 60240192.6957737
 60240771.69398209 60241351.69218738               nan               nan
               nan               nan               nan               nan
               nan               nan               nan               nan]"	0.0	0.0	0.0
5210.112197163955	2.0	trials	11.0	0.0	0.0	0.0	0.0	0.0	True	20.0	0.0	0.005	"[60241930.69039577 60242509.68860415 60243088.68681253 60310335.47872844
 60310914.47693682 60311494.47514211 60312073.47335049 60312652.47155888
 60313231.46976727 60313810.46797565               nan               nan
               nan               nan               nan               nan
               nan               nan               nan               nan]"	0.0	0.0	0.0
5216.05805396552	2.0	trials	11.0	0.0	0.0	0.0	0.0	0.0	True	20.0	0.0	0.005	"[60314391.46617786 60314969.46438932 60315549.46259462 60379153.26578315
 60379733.26398843 60380313.26219373 60380891.26040521 60381471.25861049
 60382050.25681888 60382629.25502726               nan               nan
               nan               nan               nan               nan
               nan               nan               nan               nan]"	0.0	0.0	0.0
5224.273199745158	2.0	trials	11.0	0.0	0.0	0.0	0.0	0.0	True	20.0	0.0	0.005	"[60383208.25323566 60383787.25144403 60384367.24964933 60474236.9715623
 60474815.96977068 60475395.96797598 60475973.96618745 60476553.96439275
 60477131.96260422 60477712.96080643               nan               nan
               nan               nan               nan               nan
               nan               nan               nan               nan]"	0.0	0.0	0.0
5232.252733453859	2.0	trials	11.0	0.0	0.0	0.0	0.0	0.0	True	20.0	0.0	0.005	"[60478291.95901481 60478869.95722629 60479448.95543467 60566592.68578277
 60567171.68399116 60567749.68220264 60568329.68040793 60568909.67861322
 60569488.6768216  60570067.67502999               nan               nan
               nan               nan               nan               nan
               nan               nan               nan               nan]"	0.0	0.0	0.0
5239.003662964265	2.0	trials	11.0	0.0	0.0	0.0	0.0	0.0	True	20.0	0.0	0.005	"[60570646.67323838 60571226.67144367 60571805.66965205 60644728.44400456
 60645307.44221295 60645886.44042133 60646466.43862662 60647045.43683501
 60647624.43504339 60648203.43325178               nan               nan
               nan               nan               nan               nan
               nan               nan               nan               nan]"	0.0	0.0	0.0
5246.047487568356	2.0	trials	11.0	0.0	0.0	0.0	0.0	0.0	True	20.0	0.0	0.005	"[60648783.43145707 60649361.42966855 60649941.42787383 60726253.19173967
 60726833.18994496 60727412.18815334 60727992.18635865 60728570.18457012
 60729150.18277541 60729730.18098071               nan               nan
               nan               nan               nan               nan
               nan               nan               nan               nan]"	0.0	0.0	0.0
5254.087328290447	2.0	trials	11.0	0.0	0.0	0.0	0.0	0.0	True	20.0	0.0	0.005	"[60730309.17918909 60730888.17739747 60731467.17560586 60819306.90380032
 60819886.9020056  60820466.90021089 60821045.89841928 60821624.89662766
 60822204.89483296 60822783.89304134               nan               nan
               nan               nan               nan               nan
               nan               nan               nan               nan]"	0.0	0.0	0.0
5261.872117001752	2.0	trials	11.0	0.0	0.0	0.0	0.0	0.0	True	20.0	0.0	0.005	"[60823362.89124973 60823941.8894581  60824521.88766341 60909409.6249923
 60909989.62319759 60910567.62140907 60911147.61961437 60911726.61782275
 60912306.61602804 60912884.61423951               nan               nan
               nan               nan               nan               nan
               nan               nan               nan               nan]"	0.0	0.0	0.0
5267.899448751206	2.0	trials	11.0	0.0	0.0	0.0	0.0	0.0	True	20.0	0.0	0.005	"[60913464.61244482 60914043.6106532  60914623.60885849 60979169.40913216
 60979748.40734055 60980327.40554892 60980908.40375113 60981487.4019595
 60982066.4001679  60982645.39837628               nan               nan
               nan               nan               nan               nan
               nan               nan               nan               nan]"	0.0	0.0	0.0
5273.905612566162	2.0	trials	11.0	0.0	0.0	0.0	0.0	0.0	True	20.0	0.0	0.005	"[60983224.39658467 60983803.39479306 60984382.39300143 61048685.19402703
 61049265.19223231 61049843.19044379 61050424.188646   61051002.18685748
 61051582.18506277 61052161.18327115               nan               nan
               nan               nan               nan               nan
               nan               nan               nan               nan]"	0.0	0.0	0.0
5282.431624583878	2.0	trials	11.0	0.0	0.0	0.0	0.0	0.0	True	20.0	0.0	0.005	"[61052741.18147644 61053320.17968482 61053899.17789321 61147366.88867281
 61147944.88688427 61148524.88508958 61149104.88329486 61149683.88150325
 61150262.87971163 61150841.87792002               nan               nan
               nan               nan               nan               nan
               nan               nan               nan               nan]"	0.0	0.0	0.0
5288.761355397611	2.0	trials	11.0	0.0	0.0	0.0	0.0	0.0	True	20.0	0.0	0.005	"[61151420.87612841 61152000.87433369 61152579.87254208 61220627.66197941
 61221205.6601909  61221785.65839618 61222363.65660767 61222943.65481297
 61223522.65302134 61224102.65122664               nan               nan
               nan               nan               nan               nan
               nan               nan               nan               nan]"	0.0	0.0	0.0
5295.301469560349	2.0	trials	11.0	0.0	0.0	0.0	0.0	0.0	True	20.0	0.0	0.005	"[61224681.64943502 61225261.64764032 61225840.6458487  61296322.42775445
 61296902.42595974 61297481.42416813 61298060.42237651 61298639.42058489
 61299218.41879328 61299799.41699548               nan               nan
               nan               nan               nan               nan
               nan               nan               nan               nan]"	0.0	0.0	0.0
5303.425550021773	2.0	trials	11.0	0.0	0.0	0.0	0.0	0.0	True	20.0	0.0	0.005	"[61300378.41520387 61300957.41341225 61301536.41162065 61390351.13679812
 61390930.13500652 61391509.13321489 61392089.13142019 61392669.12962547
 61393247.12783695 61393826.12604533               nan               nan
               nan               nan               nan               nan
               nan               nan               nan               nan]"	0.0	0.0	0.0
5309.312223006472	2.0	trials	11.0	0.0	0.0	0.0	0.0	0.0	True	20.0	0.0	0.005	"[61394406.12425064 61394985.12245902 61395565.12066431 61458484.92596934
 61459062.92418084 61459642.92238612 61460221.92059451 61460801.9187998
 61461379.91701128 61461959.91521657               nan               nan
               nan               nan               nan               nan
               nan               nan               nan               nan]"	0.0	0.0	0.0
5314.627880158082	2.0	trials	11.0	0.0	0.0	0.0	0.0	0.0	True	20.0	0.0	0.005	"[61462538.91342495 61463118.91163024 61463697.90983863 61520007.73559716
 61520586.73380554 61521166.73201083 61521745.73021922 61522324.72842761
 61522903.72663599 61523483.72484128               nan               nan
               nan               nan               nan               nan
               nan               nan               nan               nan]"	0.0	0.0	0.0
5320.220448452837	2.0	trials	11.0	0.0	0.0	0.0	0.0	0.0	True	20.0	0.0	0.005	"[61524063.72304659 61524642.72125497 61525222.71946026 61584737.53530148
 61585316.53350987 61585896.53171515 61586475.52992354 61587054.52813192
 61587633.52634031 61588212.52454869               nan               nan
               nan               nan               nan               nan
               nan               nan               nan               nan]"	0.0	0.0	0.0
5326.412112493794	2.0	trials	11.0	0.0	0.0	0.0	0.0	0.0	True	20.0	0.0	0.005	"[61588793.52275088 61589371.52096238 61589950.51917075 61656400.31355283
 61656979.31176121 61657559.3099665  61658138.30817489 61658716.30638637
 61659297.30458856 61659876.30279695               nan               nan
               nan               nan               nan               nan
               nan               nan               nan               nan]"	0.0	0.0	0.0
5334.913846186636	2.0	trials	11.0	0.0	0.0	0.0	0.0	0.0	True	20.0	0.0	0.005	"[61660454.30100843 61661034.29921372 61661613.2974221  61754800.00907119
 61755379.00727959 61755959.00548488 61756538.00369326 61757116.00190474
 61757697.00010694 61758275.99831533               nan               nan
               nan               nan               nan               nan
               nan               nan               nan               nan]"	0.0	0.0	0.0
5341.933651665051	2.0	trials	11.0	0.0	0.0	0.0	0.0	0.0	True	20.0	0.0	0.005	"[61758853.99652681 61759434.994729   61760012.99294048 61836047.75766344
 61836626.75587183 61837205.75408021 61837784.75228859 61838364.7504939
 61838944.74869917 61839523.74690757               nan               nan
               nan               nan               nan               nan
               nan               nan               nan               nan]"	0.0	0.0	0.0
5349.235811469768	2.0	trials	11.0	0.0	0.0	0.0	0.0	0.0	True	20.0	0.0	0.005	"[61840101.74511904 61840681.74332434 61841260.74153272 61920561.49614961
 61921141.49435492 61921720.4925633  61922300.49076859 61922879.48897697
 61923459.48718226 61924038.48539065               nan               nan
               nan               nan               nan               nan
               nan               nan               nan               nan]"	0.0	0.0	0.0
5356.231857021705	2.0	trials	11.0	0.0	0.0	0.0	0.0	0.0	True	20.0	0.0	0.005	"[61924617.48359904 61925196.48180743 61925776.48001271 62001536.24558662
 62002114.24379809 62002693.24200648 62003273.24021177 62003853.23841706
 62004431.23662853 62005011.23483384               nan               nan
               nan               nan               nan               nan
               nan               nan               nan               nan]"	0.0	0.0	0.0
5361.782003047728	2.0	trials	11.0	0.0	0.0	0.0	0.0	0.0	True	20.0	0.0	0.005	"[62005590.23304223 62006169.2312506  62006749.2294559  62065773.04681642
 62066352.04502482 62066932.04323011 62067511.04143849 62068090.03964688
 62068669.03785526 62069249.03606055               nan               nan
               nan               nan               nan               nan
               nan               nan               nan               nan]"	0.0	0.0	0.0
5369.311912547713	2.0	trials	11.0	0.0	0.0	0.0	0.0	0.0	True	20.0	0.0	0.005	"[62069829.03426585 62070407.03247733 62070986.03068571 62152925.77713668
 62153504.77534506 62154083.77355345 62154663.77175874 62155242.76996712
 62155821.76817551 62156400.7663839                nan               nan
               nan               nan               nan               nan
               nan               nan               nan               nan]"	0.0	0.0	0.0
5388.525571494338	2.0	trials	12.0	0.0	0.0	0.0	0.0	0.0	True	1.0	0.0	1.0	"[62156979.76459228               nan               nan               nan
               nan               nan               nan               nan
               nan               nan               nan               nan
               nan               nan               nan               nan
               nan               nan               nan               nan]"	0.0	0.0	0.0
5394.364292627416	2.0	trials	12.0	0.0	0.0	0.0	0.0	0.0	True	1.0	0.0	1.0	"[62157559.76279757               nan               nan               nan
               nan               nan               nan               nan
               nan               nan               nan               nan
               nan               nan               nan               nan
               nan               nan               nan               nan]"	0.0	0.0	0.0
5401.335887055012	2.0	trials	12.0	0.0	0.0	0.0	0.0	0.0	True	1.0	0.0	1.0	"[62158138.76100595               nan               nan               nan
               nan               nan               nan               nan
               nan               nan               nan               nan
               nan               nan               nan               nan
               nan               nan               nan               nan]"	0.0	0.0	0.0
5407.372290776395	2.0	trials	12.0	0.0	0.0	0.0	0.0	0.0	True	1.0	0.0	1.0	"[62376335.08583342               nan               nan               nan
               nan               nan               nan               nan
               nan               nan               nan               nan
               nan               nan               nan               nan
               nan               nan               nan               nan]"	0.0	0.0	0.0
5414.1036075474885	2.0	trials	12.0	0.0	0.0	0.0	0.0	0.0	True	1.0	0.0	1.0	"[62376338.08582414               nan               nan               nan
               nan               nan               nan               nan
               nan               nan               nan               nan
               nan               nan               nan               nan
               nan               nan               nan               nan]"	0.0	0.0	0.0
5423.168321898283	2.0	trials	12.0	0.0	0.0	0.0	0.0	0.0	True	1.0	0.0	1.0	"[62381040.07127462               nan               nan               nan
               nan               nan               nan               nan
               nan               nan               nan               nan
               nan               nan               nan               nan
               nan               nan               nan               nan]"	0.0	0.0	0.0
5431.620462144583	2.0	trials	12.0	0.0	0.0	0.0	0.0	0.0	True	1.0	0.0	1.0	"[62443913.87672201               nan               nan               nan
               nan               nan               nan               nan
               nan               nan               nan               nan
               nan               nan               nan               nan
               nan               nan               nan               nan]"	0.0	0.0	0.0
5439.856343860059	2.0	trials	12.0	0.0	0.0	0.0	0.0	0.0	True	1.0	0.0	1.0	"[62443917.87670963               nan               nan               nan
               nan               nan               nan               nan
               nan               nan               nan               nan
               nan               nan               nan               nan
               nan               nan               nan               nan]"	0.0	0.0	0.0
5447.230042643411	2.0	trials	12.0	0.0	0.0	0.0	0.0	0.0	True	1.0	0.0	1.0	"[62443927.87667868               nan               nan               nan
               nan               nan               nan               nan
               nan               nan               nan               nan
               nan               nan               nan               nan
               nan               nan               nan               nan]"	0.0	0.0	0.0
5454.963941912185	2.0	trials	12.0	0.0	0.0	0.0	0.0	0.0	True	1.0	0.0	1.0	"[62453374.84744659               nan               nan               nan
               nan               nan               nan               nan
               nan               nan               nan               nan
               nan               nan               nan               nan
               nan               nan               nan               nan]"	0.0	0.0	0.0
5463.41919254886	2.0	trials	12.0	0.0	0.0	0.0	0.0	0.0	True	1.0	0.0	1.0	"[62524607.6270285              nan              nan              nan
              nan              nan              nan              nan
              nan              nan              nan              nan
              nan              nan              nan              nan
              nan              nan              nan              nan]"	0.0	0.0	0.0
5471.974321276481	2.0	trials	12.0	0.0	0.0	0.0	0.0	0.0	True	1.0	0.0	1.0	"[62534064.59776546               nan               nan               nan
               nan               nan               nan               nan
               nan               nan               nan               nan
               nan               nan               nan               nan
               nan               nan               nan               nan]"	0.0	0.0	0.0
5477.194074724847	2.0	trials	12.0	0.0	0.0	0.0	0.0	0.0	True	1.0	0.0	1.0	"[62534066.59775928               nan               nan               nan
               nan               nan               nan               nan
               nan               nan               nan               nan
               nan               nan               nan               nan
               nan               nan               nan               nan]"	0.0	0.0	0.0
5485.636019802696	2.0	trials	12.0	0.0	0.0	0.0	0.0	0.0	True	1.0	0.0	1.0	"[62594468.41085582               nan               nan               nan
               nan               nan               nan               nan
               nan               nan               nan               nan
               nan               nan               nan               nan
               nan               nan               nan               nan]"	0.0	0.0	0.0
5493.087910344097	2.0	trials	12.0	0.0	0.0	0.0	0.0	0.0	True	1.0	0.0	1.0	"[62594475.41083417               nan               nan               nan
               nan               nan               nan               nan
               nan               nan               nan               nan
               nan               nan               nan               nan
               nan               nan               nan               nan]"	0.0	0.0	0.0
5499.633294890526	2.0	trials	12.0	0.0	0.0	0.0	0.0	0.0	True	1.0	0.0	1.0	"[62603929.38158042               nan               nan               nan
               nan               nan               nan               nan
               nan               nan               nan               nan
               nan               nan               nan               nan
               nan               nan               nan               nan]"	0.0	0.0	0.0
5507.667778829192	2.0	trials	12.0	0.0	0.0	0.0	0.0	0.0	True	1.0	0.0	1.0	"[62603932.38157114               nan               nan               nan
               nan               nan               nan               nan
               nan               nan               nan               nan
               nan               nan               nan               nan
               nan               nan               nan               nan]"	0.0	0.0	0.0
5515.641782955003	2.0	trials	12.0	0.0	0.0	0.0	0.0	0.0	True	1.0	0.0	1.0	"[62603936.38155875               nan               nan               nan
               nan               nan               nan               nan
               nan               nan               nan               nan
               nan               nan               nan               nan
               nan               nan               nan               nan]"	0.0	0.0	0.0
5522.001840074895	2.0	trials	12.0	0.0	0.0	0.0	0.0	0.0	True	1.0	0.0	1.0	"[62672381.16976765               nan               nan               nan
               nan               nan               nan               nan
               nan               nan               nan               nan
               nan               nan               nan               nan
               nan               nan               nan               nan]"	0.0	0.0	0.0
5527.396120983217	2.0	trials	12.0	0.0	0.0	0.0	0.0	0.0	True	1.0	0.0	1.0	"[62681838.14050461               nan               nan               nan
               nan               nan               nan               nan
               nan               nan               nan               nan
               nan               nan               nan               nan
               nan               nan               nan               nan]"	0.0	0.0	0.0
5533.647832838366	2.0	trials	12.0	0.0	0.0	0.0	0.0	0.0	True	1.0	0.0	1.0	"[62681841.14049533               nan               nan               nan
               nan               nan               nan               nan
               nan               nan               nan               nan
               nan               nan               nan               nan
               nan               nan               nan               nan]"	0.0	0.0	0.0
5539.406029420614	2.0	trials	12.0	0.0	0.0	0.0	0.0	0.0	True	1.0	0.0	1.0	"[62681844.14048605               nan               nan               nan
               nan               nan               nan               nan
               nan               nan               nan               nan
               nan               nan               nan               nan
               nan               nan               nan               nan]"	0.0	0.0	0.0
5548.504007668479	2.0	trials	12.0	0.0	0.0	0.0	0.0	0.0	True	1.0	0.0	1.0	"[62777293.84513268               nan               nan               nan
               nan               nan               nan               nan
               nan               nan               nan               nan
               nan               nan               nan               nan
               nan               nan               nan               nan]"	0.0	0.0	0.0
5557.125923389438	2.0	trials	12.0	0.0	0.0	0.0	0.0	0.0	True	1.0	0.0	1.0	"[62777295.84512649               nan               nan               nan
               nan               nan               nan               nan
               nan               nan               nan               nan
               nan               nan               nan               nan
               nan               nan               nan               nan]"	0.0	0.0	0.0
5562.927838236406	2.0	trials	12.0	0.0	0.0	0.0	0.0	0.0	True	1.0	0.0	1.0	"[62777300.84511103               nan               nan               nan
               nan               nan               nan               nan
               nan               nan               nan               nan
               nan               nan               nan               nan
               nan               nan               nan               nan]"	0.0	0.0	0.0
5570.134353537081	2.0	trials	12.0	0.0	0.0	0.0	0.0	0.0	True	1.0	0.0	1.0	"[62786754.81585726               nan               nan               nan
               nan               nan               nan               nan
               nan               nan               nan               nan
               nan               nan               nan               nan
               nan               nan               nan               nan]"	0.0	0.0	0.0
5578.437972642953	2.0	trials	12.0	0.0	0.0	0.0	0.0	0.0	True	1.0	0.0	1.0	"[62786756.81585108               nan               nan               nan
               nan               nan               nan               nan
               nan               nan               nan               nan
               nan               nan               nan               nan
               nan               nan               nan               nan]"	0.0	0.0	0.0
5585.044009801703	2.0	trials	12.0	0.0	0.0	0.0	0.0	0.0	True	1.0	0.0	1.0	"[62875115.54243957               nan               nan               nan
               nan               nan               nan               nan
               nan               nan               nan               nan
               nan               nan               nan               nan
               nan               nan               nan               nan]"	0.0	0.0	0.0
5590.612472571049	2.0	trials	12.0	0.0	0.0	0.0	0.0	0.0	True	0.0	0.0	0.0	"[nan nan nan nan nan nan nan nan nan nan nan nan nan nan nan nan nan nan
 nan nan]"	0.0	0.0	0.0
5597.006743985072	2.0	trials	12.0	0.0	0.0	0.0	0.0	0.0	True	1.0	0.0	1.0	"[62875119.54242719               nan               nan               nan
               nan               nan               nan               nan
               nan               nan               nan               nan
               nan               nan               nan               nan
               nan               nan               nan               nan]"	0.0	0.0	0.0
