onset	duration	nwb_table	Block	sound	sound_puretone	sound_bluenoise	sound_freq	sound_amp	optogenetics	opto_freq	opto_power	opto_pulse_duration	opto_pulse_ts	airpuff	airpuff_duration	airpuff_amp
233.5173992542153	2.0	trials	1.0	1.0	1.0	0.0	10000.0	1.0	False	0.0	0.0	0.0	"[nan nan nan nan nan nan nan nan nan nan nan nan nan nan nan nan nan nan
 nan nan]"	0.0	0.0	0.0
239.24855040741664	2.0	trials	1.0	1.0	1.0	0.0	10000.0	1.0	False	0.0	0.0	0.0	"[nan nan nan nan nan nan nan nan nan nan nan nan nan nan nan nan nan nan
 nan nan]"	0.0	0.0	0.0
246.60997745813134	2.0	trials	1.0	1.0	1.0	0.0	10000.0	1.0	False	0.0	0.0	0.0	"[nan nan nan nan nan nan nan nan nan nan nan nan nan nan nan nan nan nan
 nan nan]"	0.0	0.0	0.0
254.3621903419296	2.0	trials	1.0	1.0	1.0	0.0	10000.0	1.0	False	0.0	0.0	0.0	"[nan nan nan nan nan nan nan nan nan nan nan nan nan nan nan nan nan nan
 nan nan]"	0.0	0.0	0.0
261.8857032256898	2.0	trials	1.0	1.0	1.0	0.0	10000.0	1.0	False	0.0	0.0	0.0	"[nan nan nan nan nan nan nan nan nan nan nan nan nan nan nan nan nan nan
 nan nan]"	0.0	0.0	0.0
268.5103136536904	2.0	trials	1.0	1.0	1.0	0.0	10000.0	1.0	False	0.0	0.0	0.0	"[nan nan nan nan nan nan nan nan nan nan nan nan nan nan nan nan nan nan
 nan nan]"	0.0	0.0	0.0
277.2281295599386	2.0	trials	1.0	1.0	1.0	0.0	10000.0	1.0	False	0.0	0.0	0.0	"[nan nan nan nan nan nan nan nan nan nan nan nan nan nan nan nan nan nan
 nan nan]"	0.0	0.0	0.0
285.9653853981887	2.0	trials	1.0	1.0	1.0	0.0	10000.0	1.0	False	0.0	0.0	0.0	"[nan nan nan nan nan nan nan nan nan nan nan nan nan nan nan nan nan nan
 nan nan]"	0.0	0.0	0.0
295.55169106657615	2.0	trials	1.0	1.0	1.0	0.0	10000.0	1.0	False	0.0	0.0	0.0	"[nan nan nan nan nan nan nan nan nan nan nan nan nan nan nan nan nan nan
 nan nan]"	0.0	0.0	0.0
300.9404402174538	2.0	trials	1.0	1.0	1.0	0.0	10000.0	1.0	False	0.0	0.0	0.0	"[nan nan nan nan nan nan nan nan nan nan nan nan nan nan nan nan nan nan
 nan nan]"	0.0	0.0	0.0
307.78614747208724	2.0	trials	1.0	1.0	1.0	0.0	10000.0	1.0	False	0.0	0.0	0.0	"[nan nan nan nan nan nan nan nan nan nan nan nan nan nan nan nan nan nan
 nan nan]"	0.0	0.0	0.0
312.9334094676546	2.0	trials	1.0	1.0	1.0	0.0	10000.0	1.0	False	0.0	0.0	0.0	"[nan nan nan nan nan nan nan nan nan nan nan nan nan nan nan nan nan nan
 nan nan]"	0.0	0.0	0.0
320.0677781125893	2.0	trials	1.0	1.0	1.0	0.0	10000.0	1.0	False	0.0	0.0	0.0	"[nan nan nan nan nan nan nan nan nan nan nan nan nan nan nan nan nan nan
 nan nan]"	0.0	0.0	0.0
327.0574272637332	2.0	trials	1.0	1.0	1.0	0.0	10000.0	1.0	False	0.0	0.0	0.0	"[nan nan nan nan nan nan nan nan nan nan nan nan nan nan nan nan nan nan
 nan nan]"	0.0	0.0	0.0
334.14384407639693	2.0	trials	1.0	1.0	1.0	0.0	10000.0	1.0	False	0.0	0.0	0.0	"[nan nan nan nan nan nan nan nan nan nan nan nan nan nan nan nan nan nan
 nan nan]"	0.0	0.0	0.0
340.1336759247679	2.0	trials	1.0	1.0	1.0	0.0	10000.0	1.0	False	0.0	0.0	0.0	"[nan nan nan nan nan nan nan nan nan nan nan nan nan nan nan nan nan nan
 nan nan]"	0.0	0.0	0.0
349.1019645548961	2.0	trials	1.0	1.0	1.0	0.0	10000.0	1.0	False	0.0	0.0	0.0	"[nan nan nan nan nan nan nan nan nan nan nan nan nan nan nan nan nan nan
 nan nan]"	0.0	0.0	0.0
358.7087469516588	2.0	trials	1.0	1.0	1.0	0.0	10000.0	1.0	False	0.0	0.0	0.0	"[nan nan nan nan nan nan nan nan nan nan nan nan nan nan nan nan nan nan
 nan nan]"	0.0	0.0	0.0
365.57173414584935	2.0	trials	1.0	1.0	1.0	0.0	10000.0	1.0	False	0.0	0.0	0.0	"[nan nan nan nan nan nan nan nan nan nan nan nan nan nan nan nan nan nan
 nan nan]"	0.0	0.0	0.0
372.3095281779488	2.0	trials	1.0	1.0	1.0	0.0	10000.0	1.0	False	0.0	0.0	0.0	"[nan nan nan nan nan nan nan nan nan nan nan nan nan nan nan nan nan nan
 nan nan]"	0.0	0.0	0.0
380.58592802821124	2.0	trials	1.0	1.0	1.0	0.0	10000.0	1.0	False	0.0	0.0	0.0	"[nan nan nan nan nan nan nan nan nan nan nan nan nan nan nan nan nan nan
 nan nan]"	0.0	0.0	0.0
388.0065388719091	2.0	trials	1.0	1.0	1.0	0.0	10000.0	1.0	False	0.0	0.0	0.0	"[nan nan nan nan nan nan nan nan nan nan nan nan nan nan nan nan nan nan
 nan nan]"	0.0	0.0	0.0
393.63444238625675	2.0	trials	1.0	1.0	1.0	0.0	10000.0	1.0	False	0.0	0.0	0.0	"[nan nan nan nan nan nan nan nan nan nan nan nan nan nan nan nan nan nan
 nan nan]"	0.0	0.0	0.0
403.48150234256065	2.0	trials	1.0	1.0	1.0	0.0	10000.0	1.0	False	0.0	0.0	0.0	"[nan nan nan nan nan nan nan nan nan nan nan nan nan nan nan nan nan nan
 nan nan]"	0.0	0.0	0.0
412.46102293340107	2.0	trials	1.0	1.0	1.0	0.0	10000.0	1.0	False	0.0	0.0	0.0	"[nan nan nan nan nan nan nan nan nan nan nan nan nan nan nan nan nan nan
 nan nan]"	0.0	0.0	0.0
419.5474397460648	2.0	trials	1.0	1.0	1.0	0.0	10000.0	1.0	False	0.0	0.0	0.0	"[nan nan nan nan nan nan nan nan nan nan nan nan nan nan nan nan nan nan
 nan nan]"	0.0	0.0	0.0
429.5134720862193	2.0	trials	1.0	1.0	1.0	0.0	10000.0	1.0	False	0.0	0.0	0.0	"[nan nan nan nan nan nan nan nan nan nan nan nan nan nan nan nan nan nan
 nan nan]"	0.0	0.0	0.0
434.8191911275251	2.0	trials	1.0	1.0	1.0	0.0	10000.0	1.0	False	0.0	0.0	0.0	"[nan nan nan nan nan nan nan nan nan nan nan nan nan nan nan nan nan nan
 nan nan]"	0.0	0.0	0.0
440.41123876729193	2.0	trials	1.0	1.0	1.0	0.0	10000.0	1.0	False	0.0	0.0	0.0	"[nan nan nan nan nan nan nan nan nan nan nan nan nan nan nan nan nan nan
 nan nan]"	0.0	0.0	0.0
446.1097308347303	2.0	trials	1.0	1.0	1.0	0.0	10000.0	1.0	False	0.0	0.0	0.0	"[nan nan nan nan nan nan nan nan nan nan nan nan nan nan nan nan nan nan
 nan nan]"	0.0	0.0	0.0
453.9939624567447	2.0	trials	1.0	1.0	1.0	0.0	10000.0	1.0	False	0.0	0.0	0.0	"[nan nan nan nan nan nan nan nan nan nan nan nan nan nan nan nan nan nan
 nan nan]"	0.0	0.0	0.0
463.515554751491	2.0	trials	1.0	1.0	1.0	0.0	10000.0	1.0	False	0.0	0.0	0.0	"[nan nan nan nan nan nan nan nan nan nan nan nan nan nan nan nan nan nan
 nan nan]"	0.0	0.0	0.0
471.86807273550244	2.0	trials	1.0	1.0	1.0	0.0	10000.0	1.0	False	0.0	0.0	0.0	"[nan nan nan nan nan nan nan nan nan nan nan nan nan nan nan nan nan nan
 nan nan]"	0.0	0.0	0.0
480.7082306138149	2.0	trials	1.0	1.0	1.0	0.0	10000.0	1.0	False	0.0	0.0	0.0	"[nan nan nan nan nan nan nan nan nan nan nan nan nan nan nan nan nan nan
 nan nan]"	0.0	0.0	0.0
486.67533934166823	2.0	trials	1.0	1.0	1.0	0.0	10000.0	1.0	False	0.0	0.0	0.0	"[nan nan nan nan nan nan nan nan nan nan nan nan nan nan nan nan nan nan
 nan nan]"	0.0	0.0	0.0
492.5868930638456	2.0	trials	1.0	1.0	1.0	0.0	10000.0	1.0	False	0.0	0.0	0.0	"[nan nan nan nan nan nan nan nan nan nan nan nan nan nan nan nan nan nan
 nan nan]"	0.0	0.0	0.0
501.48390194330085	2.0	trials	1.0	1.0	1.0	0.0	10000.0	1.0	False	0.0	0.0	0.0	"[nan nan nan nan nan nan nan nan nan nan nan nan nan nan nan nan nan nan
 nan nan]"	0.0	0.0	0.0
506.7332883816507	2.0	trials	1.0	1.0	1.0	0.0	10000.0	1.0	False	0.0	0.0	0.0	"[nan nan nan nan nan nan nan nan nan nan nan nan nan nan nan nan nan nan
 nan nan]"	0.0	0.0	0.0
513.5969667734236	2.0	trials	1.0	1.0	1.0	0.0	10000.0	1.0	False	0.0	0.0	0.0	"[nan nan nan nan nan nan nan nan nan nan nan nan nan nan nan nan nan nan
 nan nan]"	0.0	0.0	0.0
519.8432329248216	2.0	trials	1.0	1.0	1.0	0.0	10000.0	1.0	False	0.0	0.0	0.0	"[nan nan nan nan nan nan nan nan nan nan nan nan nan nan nan nan nan nan
 nan nan]"	0.0	0.0	0.0
526.2283433905609	2.0	trials	1.0	1.0	1.0	0.0	10000.0	1.0	False	0.0	0.0	0.0	"[nan nan nan nan nan nan nan nan nan nan nan nan nan nan nan nan nan nan
 nan nan]"	0.0	0.0	0.0
536.2530411255117	2.0	trials	1.0	1.0	1.0	0.0	10000.0	1.0	False	0.0	0.0	0.0	"[nan nan nan nan nan nan nan nan nan nan nan nan nan nan nan nan nan nan
 nan nan]"	0.0	0.0	0.0
545.3609516672612	2.0	trials	1.0	1.0	1.0	0.0	10000.0	1.0	False	0.0	0.0	0.0	"[nan nan nan nan nan nan nan nan nan nan nan nan nan nan nan nan nan nan
 nan nan]"	0.0	0.0	0.0
553.6762313815271	2.0	trials	1.0	1.0	1.0	0.0	10000.0	1.0	False	0.0	0.0	0.0	"[nan nan nan nan nan nan nan nan nan nan nan nan nan nan nan nan nan nan
 nan nan]"	0.0	0.0	0.0
561.5081047866836	2.0	trials	1.0	1.0	1.0	0.0	10000.0	1.0	False	0.0	0.0	0.0	"[nan nan nan nan nan nan nan nan nan nan nan nan nan nan nan nan nan nan
 nan nan]"	0.0	0.0	0.0
567.1830961363245	2.0	trials	1.0	1.0	1.0	0.0	10000.0	1.0	False	0.0	0.0	0.0	"[nan nan nan nan nan nan nan nan nan nan nan nan nan nan nan nan nan nan
 nan nan]"	0.0	0.0	0.0
576.7234371654899	2.0	trials	1.0	1.0	1.0	0.0	10000.0	1.0	False	0.0	0.0	0.0	"[nan nan nan nan nan nan nan nan nan nan nan nan nan nan nan nan nan nan
 nan nan]"	0.0	0.0	0.0
582.5375320285654	2.0	trials	1.0	1.0	1.0	0.0	10000.0	1.0	False	0.0	0.0	0.0	"[nan nan nan nan nan nan nan nan nan nan nan nan nan nan nan nan nan nan
 nan nan]"	0.0	0.0	0.0
590.4091492947031	2.0	trials	1.0	1.0	1.0	0.0	10000.0	1.0	False	0.0	0.0	0.0	"[nan nan nan nan nan nan nan nan nan nan nan nan nan nan nan nan nan nan
 nan nan]"	0.0	0.0	0.0
600.3654184690079	2.0	trials	1.0	1.0	1.0	0.0	10000.0	1.0	False	0.0	0.0	0.0	"[nan nan nan nan nan nan nan nan nan nan nan nan nan nan nan nan nan nan
 nan nan]"	0.0	0.0	0.0
686.2191565641378	2.0	trials	2.0	1.0	1.0	0.0	10000.0	1.0	True	40.0	0.0	0.005	"[7950445.32075945 7950723.31978705 7951012.31877617 7951302.31776179
 7951592.31674741 7951881.31573653 7952171.31472215 7952461.31370777
 7952750.31269689 7953040.31168251 7953330.31066813 7953619.30965725
 7953909.30864287 7954198.30763199 7954488.30661761 7954778.30560323
 7955067.30459234 7955357.30357797 7955647.30256359 7955936.3015527 ]"	0.0	0.0	0.0
692.7772392248436	2.0	trials	2.0	1.0	1.0	0.0	10000.0	1.0	True	40.0	0.0	0.005	"[8026340.05528936 8026627.05428547 8026917.05327109 8027207.05225671
 8027496.05124583 8027786.05023145 8028076.04921707 8028365.04820619
 8028655.04719181 8028945.04617743 8029234.04516655 8029524.04415217
 8029814.04313779 8030103.04212691 8030393.04111253 8030682.04010165
 8030972.03908727 8031262.03807289 8031551.03706201 8031841.03604763]"	0.0	0.0	0.0
699.988590000505	2.0	trials	2.0	1.0	1.0	0.0	10000.0	1.0	True	40.0	0.0	0.005	"[8109816.76329849 8110091.76233658 8110381.7613222  8110671.76030782
 8110960.75929693 8111250.75828256 8111540.75726818 8111829.7562573
 8112119.75524292 8112409.75422854 8112698.75321765 8112988.75220327
 8113277.75119239 8113567.75017801 8113857.74916363 8114146.74815275
 8114436.74713837 8114726.74612399 8115015.74511311 8115305.74409873]"	0.0	0.0	0.0
708.844213424721	2.0	trials	2.0	1.0	1.0	0.0	10000.0	1.0	True	40.0	0.0	0.005	"[8212298.40483078 8212588.4038164  8212877.40280552 8213167.40179114
 8213456.40078026 8213746.39976588 8214036.3987515  8214325.39774062
 8214615.39672624 8214905.39571186 8215194.39470098 8215484.3936866
 8215774.39267222 8216063.39166134 8216353.39064696 8216642.38963608
 8216932.3886217  8217222.38760732 8217511.38659644 8217801.38558206]"	0.0	0.0	0.0
719.224445916059	2.0	trials	2.0	1.0	1.0	0.0	10000.0	1.0	True	40.0	0.0	0.005	"[8332467.98449293 8332728.98357999 8333018.98256561 8333307.98155473
 8333597.98054035 8333886.97952947 8334176.97851509 8334466.97750071
 8334755.97648983 8335045.97547545 8335335.97446107 8335624.97345019
 8335914.97243581 8336204.97142143 8336493.97041054 8336783.96939617
 8337073.96838179 8337362.9673709  8337652.96635652 8337941.96534564]"	0.0	0.0	0.0
727.8228574399678	2.0	trials	2.0	1.0	1.0	0.0	10000.0	1.0	True	40.0	0.0	0.005	"[8431986.63638938 8432248.63547295 8432537.63446207 8432827.63344768
 8433116.6324368  8433406.63142242 8433696.63040804 8433985.62939716
 8434275.62838278 8434565.6273684  8434854.62635752 8435144.62534314
 8435434.62432876 8435723.62331788 8436013.6223035  8436303.62128912
 8436592.62027824 8436882.61926386 8437171.61825298 8437461.6172386 ]"	0.0	0.0	0.0
737.8180928779738	2.0	trials	2.0	1.0	1.0	0.0	10000.0	1.0	True	40.0	0.0	0.005	"[8547654.2317989  8547933.230823   8548223.22980861 8548513.22879424
 8548802.22778335 8549092.22676897 8549382.22575459 8549671.22474371
 8549961.22372933 8550251.22271495 8550540.22170407 8550830.22068969
 8551120.21967532 8551409.21866443 8551699.21765005 8551988.21663917
 8552278.21562479 8552568.21461041 8552857.21359953 8553147.21258515]"	0.0	0.0	0.0
746.056304061815	2.0	trials	2.0	1.0	1.0	0.0	10000.0	1.0	True	40.0	0.0	0.005	"[8642995.89830592 8643282.89730203 8643572.89628765 8643862.89527327
 8644151.89426239 8644441.89324801 8644731.89223363 8645020.89122275
 8645310.89020837 8645599.88919749 8645889.88818311 8646179.88716873
 8646468.88615785 8646758.88514347 8647048.88412909 8647337.88311821
 8647627.88210383 8647917.88108945 8648206.88007857 8648496.87906419]"	0.0	0.0	0.0
753.8946574443056	2.0	trials	2.0	1.0	1.0	0.0	10000.0	1.0	True	40.0	0.0	0.005	"[8733715.58098004 8734004.57996916 8734294.57895478 8734583.5779439
 8734873.57692952 8735163.57591514 8735452.57490426 8735742.57388988
 8736031.572879   8736321.57186462 8736611.57085024 8736900.56983936
 8737190.56882498 8737480.5678106  8737769.56679972 8738059.56578534
 8738349.56477096 8738638.56376008 8738928.5627457  8739218.56173132]"	0.0	0.0	0.0
764.6523702152678	2.0	trials	2.0	1.0	1.0	0.0	10000.0	1.0	True	40.0	0.0	0.005	"[8858231.14544049 8858515.1444471  8858805.14343272 8859094.14242183
 8859384.14140746 8859673.14039657 8859963.1393822  8860253.13836781
 8860542.13735693 8860832.13634255 8861122.13532818 8861411.13431729
 8861701.13330291 8861991.13228853 8862280.13127765 8862570.13026327
 8862859.12925239 8863149.12823801 8863439.12722363 8863728.12621275]"	0.0	0.0	0.0
774.0110990796885	2.0	trials	2.0	1.0	1.0	0.0	10000.0	1.0	True	40.0	0.0	0.005	"[8966572.76647533 8966833.76556238 8967122.7645515  8967412.76353712
 8967702.76252274 8967991.76151186 8968281.76049748 8968570.7594866
 8968860.75847222 8969150.75745784 8969439.75644696 8969729.75543258
 8970019.7544182  8970308.75340732 8970598.75239294 8970888.75137856
 8971177.75036768 8971467.7493533  8971757.74833892 8972046.74732804]"	0.0	0.0	0.0
784.666514608473	2.0	trials	2.0	1.0	1.0	0.0	10000.0	1.0	True	40.0	0.0	0.005	"[9089888.3351332  9090160.33418179 9090450.33316741 9090739.33215652
 9091029.33114214 9091319.33012776 9091608.32911688 9091898.3281025
 9092188.32708812 9092477.32607724 9092767.32506286 9093056.32405198
 9093346.3230376  9093636.32202322 9093925.32101234 9094215.31999796
 9094505.31898358 9094794.3179727  9095084.31695832 9095374.31594394]"	0.0	0.0	0.0
796.7503763407441	2.0	trials	2.0	1.0	1.0	0.0	10000.0	1.0	True	40.0	0.0	0.005	"[9229731.84597845 9230019.84497106 9230308.84396018 9230598.8429458
 9230888.84193142 9231177.84092054 9231467.83990616 9231757.83889178
 9232046.8378809  9232336.83686652 9232625.83585564 9232915.83484126
 9233205.83382688 9233494.832816   9233784.83180162 9234074.83078724
 9234363.82977636 9234653.82876198 9234943.8277476  9235232.82673672]"	0.0	0.0	0.0
804.9702707886548	2.0	trials	2.0	1.0	1.0	0.0	10000.0	1.0	True	40.0	0.0	0.005	"[9324886.51313957 9325157.51219164 9325447.51117727 9325736.51016638
 9326026.50915201 9326316.50813762 9326605.50712674 9326895.50611237
 9327184.50510148 9327474.5040871  9327764.50307272 9328053.50206184
 9328343.50104746 9328633.50003308 9328922.4990222  9329212.49800782
 9329502.49699344 9329791.49598256 9330081.49496818 9330371.4939538 ]"	0.0	0.0	0.0
816.7439576058763	2.0	trials	2.0	1.0	1.0	0.0	10000.0	1.0	True	40.0	0.0	0.005	"[9461151.03650365 9461428.03553475 9461717.03452386 9462007.03350949
 9462296.0324986  9462586.03148422 9462876.03046984 9463165.02945896
 9463455.02844458 9463745.0274302  9464034.02641932 9464324.02540494
 9464614.02439056 9464903.02337968 9465193.0223653  9465482.02135442
 9465772.02034004 9466062.01932566 9466351.01831478 9466641.0173004 ]"	0.0	0.0	0.0
825.4557255332795	2.0	trials	2.0	1.0	1.0	0.0	10000.0	1.0	True	40.0	0.0	0.005	"[9561994.68376544 9562257.6828455  9562546.68183463 9562836.68082025
 9563126.67980587 9563415.67879498 9563705.6777806  9563995.67676623
 9564284.67575534 9564574.67474096 9564864.67372658 9565153.6727157
 9565443.67170132 9565733.67068695 9566022.66967606 9566312.66866168
 9566601.6676508  9566891.66663642 9567181.66562204 9567470.66461116]"	0.0	0.0	0.0
834.7842145034753	2.0	trials	2.0	1.0	1.0	0.0	10000.0	1.0	True	40.0	0.0	0.005	"[9669960.30611547 9670226.30518504 9670516.30417066 9670806.30315629
 9671095.3021454  9671385.30113102 9671674.30012014 9671964.29910576
 9672254.29809138 9672543.2970805  9672833.29606612 9673123.29505174
 9673412.29404086 9673702.29302648 9673992.2920121  9674281.29100122
 9674571.28998684 9674861.28897246 9675150.28796158 9675440.2869472 ]"	0.0	0.0	0.0
845.7231074406939	2.0	trials	2.0	1.0	1.0	0.0	10000.0	1.0	True	40.0	0.0	0.005	"[9796557.86329338 9796833.86232797 9797122.86131709 9797412.86030271
 9797702.85928833 9797991.85827744 9798281.85726306 9798571.85624869
 9798860.8552378  9799150.85422342 9799440.85320904 9799729.85219816
 9800019.85118379 9800309.85016941 9800598.84915852 9800888.84814414
 9801177.84713326 9801467.84611888 9801757.8451045  9802046.84409362]"	0.0	0.0	0.0
858.7787929736554	2.0	trials	2.0	1.0	1.0	0.0	10000.0	1.0	True	40.0	0.0	0.005	"[9947653.3347807  9947941.33377331 9948231.33275894 9948520.33174806
 9948810.33073368 9949100.3297193  9949389.32870841 9949679.32769403
 9949969.32667965 9950258.32566877 9950548.32465439 9950837.32364351
 9951127.32262913 9951417.32161475 9951706.32060387 9951996.31958949
 9952286.31857511 9952575.31756423 9952865.31654985 9953155.31553547]"	0.0	0.0	0.0
867.0882839081698	2.0	trials	2.0	1.0	1.0	0.0	10000.0	1.0	True	40.0	0.0	0.005	"[10043844.99831454 10044115.99736661 10044405.99635223 10044694.99534135
 10044984.99432698 10045274.9933126  10045563.99230171 10045853.99128733
 10046142.99027645 10046432.98926207 10046722.98824769 10047011.98723681
 10047301.98622243 10047591.98520806 10047880.98419717 10048170.98318279
 10048460.98216841 10048749.98115753 10049039.98014315 10049329.97912877]"	0.0	0.0	0.0
875.6756362707622	2.0	trials	2.0	1.0	1.0	0.0	10000.0	1.0	True	40.0	0.0	0.005	"[10143219.65071468 10143506.6497108  10143796.64869642 10144086.64768204
 10144375.64667116 10144665.64565678 10144955.6446424  10145244.64363152
 10145534.64261714 10145824.64160276 10146113.64059187 10146403.6395775
 10146692.63856662 10146982.63755224 10147272.63653786 10147561.63552697
 10147851.63451259 10148141.63349822 10148430.63248733 10148720.63147295]"	0.0	0.0	0.0
884.0144167028257	2.0	trials	2.0	1.0	1.0	0.0	10000.0	1.0	True	40.0	0.0	0.005	"[10239730.3131327  10240020.31211832 10240310.31110394 10240599.31009306
 10240889.30907868 10241179.3080643  10241468.30705342 10241758.30603904
 10242047.30502816 10242337.30401378 10242627.3029994  10242916.30198852
 10243206.30097414 10243496.29995976 10243785.29894888 10244075.2979345
 10244365.29692012 10244654.29590924 10244944.29489486 10245234.29388048]"	0.0	0.0	0.0
893.850503897511	2.0	trials	2.0	1.0	1.0	0.0	10000.0	1.0	True	40.0	0.0	0.005	"[10353581.91489433 10353863.91390793 10354153.91289355 10354442.91188267
 10354732.91086829 10355022.90985391 10355311.90884303 10355601.90782865
 10355891.90681427 10356180.90580339 10356470.90478901 10356759.90377813
 10357049.90276375 10357339.90174937 10357628.90073849 10357918.89972411
 10358208.89870973 10358497.89769885 10358787.89668447 10359077.89567009]"	0.0	0.0	0.0
903.5802330642223	2.0	trials	2.0	1.0	1.0	0.0	10000.0	1.0	True	40.0	0.0	0.005	"[10466187.52101429 10466476.52000341 10466766.51898903 10467055.51797815
 10467345.51696377 10467635.51594939 10467924.51493851 10468214.51392413
 10468504.51290975 10468793.51189886 10469083.51088449 10469373.50987011
 10469662.50885923 10469952.50784484 10470241.50683396 10470531.50581958
 10470821.50480521 10471110.50379432 10471400.50277994 10471690.50176556]"	0.0	0.0	0.0
911.8901559972255	2.0	trials	2.0	1.0	1.0	0.0	10000.0	1.0	True	40.0	0.0	0.005	"[10562386.18452364 10562656.18357922 10562946.18256484 10563235.18155396
 10563525.18053958 10563815.1795252  10564104.17851432 10564394.17749994
 10564684.17648556 10564973.17547468 10565263.1744603  10565552.17344942
 10565842.17243504 10566132.17142066 10566421.17040977 10566711.16939539
 10567001.16838102 10567290.16737013 10567580.16635576 10567870.16534138]"	0.0	0.0	0.0
923.0562801396198	2.0	trials	2.0	1.0	1.0	0.0	10000.0	1.0	True	40.0	0.0	0.005	"[10691629.7324462  10691893.73152277 10692182.73051189 10692472.72949751
 10692762.72848313 10693051.72747225 10693341.72645787 10693631.72544349
 10693920.72443261 10694210.72341823 10694499.72240734 10694789.72139296
 10695079.72037859 10695368.71936771 10695658.71835333 10695948.71733895
 10696237.71632806 10696527.71531368 10696817.71429931 10697106.71328842]"	0.0	0.0	0.0
931.9371322755891	2.0	trials	2.0	1.0	1.0	0.0	10000.0	1.0	True	40.0	0.0	0.005	"[10794395.37298511 10794681.37198472 10794971.37097034 10795261.36995596
 10795550.36894508 10795840.3679307  10796130.36691632 10796419.36590544
 10796709.36489106 10796998.36388018 10797288.3628658  10797578.36185142
 10797867.36084054 10798157.35982616 10798447.35881178 10798736.3578009
 10799026.35678652 10799316.35577214 10799605.35476126 10799895.35374688]"	0.0	0.0	0.0
939.7062795001533	2.0	trials	2.0	1.0	1.0	0.0	10000.0	1.0	True	40.0	0.0	0.005	"[10884331.05840156 10884602.05745364 10884892.05643926 10885182.05542488
 10885471.054414   10885761.05339962 10886051.05238524 10886340.05137436
 10886630.05035998 10886920.0493456  10887209.04833472 10887499.04732034
 10887788.04630945 10888078.04529508 10888368.04428069 10888657.04326981
 10888947.04225544 10889237.04124106 10889526.04023017 10889816.03921579]"	0.0	0.0	0.0
947.8015855838576	2.0	trials	2.0	1.0	1.0	0.0	10000.0	1.0	True	40.0	0.0	0.005	"[10978024.73067305 10978297.72971813 10978587.72870375 10978876.72769287
 10979166.72667849 10979456.72566411 10979745.72465323 10980035.72363885
 10980325.72262447 10980614.72161359 10980904.72059921 10981194.71958483
 10981483.71857395 10981773.71755957 10982062.71654869 10982352.71553431
 10982642.71451993 10982931.71350905 10983221.71249467 10983511.71148029]"	0.0	0.0	0.0
959.0563558161797	2.0	trials	2.0	1.0	1.0	0.0	10000.0	1.0	True	40.0	0.0	0.005	"[11108294.27500681 11108561.27407288 11108851.2730585  11109140.27204762
 11109430.27103324 11109720.27001886 11110009.26900798 11110299.2679936
 11110589.26697922 11110878.26596834 11111168.26495396 11111458.26393958
 11111747.2629287  11112037.26191432 11112326.26090343 11112616.25988906
 11112906.25887468 11113195.2578638  11113485.25684942 11113775.25583504]"	0.0	0.0	0.0
971.686522837548	2.0	trials	2.0	1.0	1.0	0.0	10000.0	1.0	True	40.0	0.0	0.005	"[11254463.76372459 11254743.76274519 11255033.76173081 11255322.76071993
 11255612.75970555 11255902.75869117 11256191.75768029 11256481.75666591
 11256771.75565153 11257060.75464065 11257350.75362627 11257640.75261189
 11257929.751601   11258219.75058663 11258508.74957575 11258798.74856137
 11259088.74754699 11259377.7465361  11259667.74552172 11259957.74450734]"	0.0	0.0	0.0
982.3302744071314	2.0	trials	2.0	1.0	1.0	0.0	10000.0	1.0	True	40.0	0.0	0.005	"[11377666.33277773 11377935.3318368  11378225.33082242 11378514.32981154
 11378804.32879716 11379093.32778628 11379383.3267719  11379673.32575752
 11379962.32474664 11380252.32373226 11380542.32271788 11380831.321707
 11381121.32069262 11381411.31967824 11381700.31866736 11381990.31765298
 11382279.3166421  11382569.31562772 11382859.31461334 11383148.31360245]"	0.0	0.0	0.0
992.1406144918768	2.0	trials	2.0	1.0	1.0	0.0	10000.0	1.0	True	40.0	0.0	0.005	"[11491190.93568315 11491480.93466877 11491769.93365789 11492059.93264351
 11492349.93162913 11492638.93061825 11492928.92960387 11493218.92858949
 11493507.92757861 11493797.92656423 11494087.92554985 11494376.92453897
 11494666.92352459 11494955.92251371 11495245.92149933 11495535.92048495
 11495824.91947407 11496114.91845969 11496404.91744531 11496693.91643443]"	0.0	0.0	0.0
1005.0702428657693	2.0	trials	2.0	1.0	1.0	0.0	10000.0	1.0	True	40.0	0.0	0.005	"[11640863.41214793 11641129.4112175  11641419.41020312 11641709.40918874
 11641998.40817786 11642288.40716348 11642578.4061491  11642867.40513822
 11643157.40412384 11643447.40310946 11643736.40209858 11644026.4010842
 11644315.40007332 11644605.39905894 11644895.39804456 11645184.39703368
 11645474.3960193  11645764.39500492 11646053.39399404 11646343.39297966]"	0.0	0.0	0.0
1015.2368089044837	2.0	trials	2.0	1.0	1.0	0.0	10000.0	1.0	True	40.0	0.0	0.005	"[11758509.00063867 11758798.9996243  11759087.99861341 11759377.99759903
 11759666.99658815 11759956.99557377 11760246.9945594  11760535.99354851
 11760825.99253413 11761115.99151975 11761404.99050887 11761694.98949449
 11761984.98848011 11762273.98746923 11762563.98645485 11762852.98544397
 11763142.98442959 11763432.98341521 11763721.98240433 11764011.98138995]"	0.0	0.0	0.0
1027.690288543881	2.0	trials	2.0	1.0	1.0	0.0	10000.0	1.0	True	40.0	0.0	0.005	"[11902657.49642563 11902935.49545323 11903225.49443885 11903515.49342447
 11903804.49241359 11904094.49139921 11904384.49038483 11904673.48937394
 11904963.48835957 11905252.48734869 11905542.48633431 11905832.48531993
 11906121.48430904 11906411.48329466 11906701.48228029 11906990.48126941
 11907280.48025502 11907570.47924065 11907859.47822976 11908149.47721539]"	0.0	0.0	0.0
1040.493859758705	2.0	trials	2.0	1.0	1.0	0.0	10000.0	1.0	True	40.0	0.0	0.005	"[12050847.97807424 12051124.97710533 12051414.97609095 12051704.97507657
 12051993.97406569 12052283.97305131 12052573.97203693 12052862.97102605
 12053152.97001167 12053442.96899729 12053731.96798641 12054021.96697203
 12054311.96595765 12054600.96494677 12054890.96393239 12055179.96292151
 12055469.96190713 12055759.96089275 12056048.95988187 12056338.95886749]"	0.0	0.0	0.0
1048.1334938362886	2.0	trials	2.0	1.0	1.0	0.0	10000.0	1.0	True	40.0	0.0	0.005	"[12139262.66881094 12139546.66781754 12139835.66680666 12140125.66579228
 12140414.6647814  12140704.66376702 12140994.66275264 12141283.66174176
 12141573.66072738 12141863.659713   12142152.65870212 12142442.65768774
 12142732.65667336 12143021.65566248 12143311.6546481  12143601.65363372
 12143890.65262284 12144180.65160846 12144469.65059758 12144759.6495832 ]"	0.0	0.0	0.0
1058.4586897201373	2.0	trials	2.0	1.0	1.0	0.0	10000.0	1.0	True	40.0	0.0	0.005	"[12258763.25081315 12259051.24980577 12259341.24879138 12259631.24777701
 12259920.24676613 12260210.24575174 12260499.24474087 12260789.24372648
 12261079.2427121  12261368.24170122 12261658.24068685 12261948.23967246
 12262237.23866158 12262527.2376472  12262817.23663282 12263106.23562194
 12263396.23460756 12263685.23359668 12263975.2325823  12264265.23156792]"	0.0	0.0	0.0
1066.0783654675326	2.0	trials	2.0	1.0	1.0	0.0	10000.0	1.0	True	40.0	0.0	0.005	"[12346980.94223892 12347241.94132598 12347531.9403116  12347821.93929722
 12348110.93828634 12348400.93727196 12348690.93625758 12348979.9352467
 12349269.93423232 12349559.93321794 12349848.93220706 12350138.93119268
 12350427.9301818  12350717.92916742 12351007.92815304 12351296.92714216
 12351586.92612778 12351876.9251134  12352165.92410252 12352455.92308814]"	0.0	0.0	0.0
1079.0993183219844	2.0	trials	2.0	1.0	1.0	0.0	10000.0	1.0	True	40.0	0.0	0.005	"[12497683.4151009  12497947.41417747 12498237.41316309 12498526.41215221
 12498816.41113783 12499106.41012345 12499395.40911257 12499685.40809819
 12499974.40708731 12500264.40607293 12500554.40505855 12500843.40404767
 12501133.40303329 12501423.40201891 12501712.40100802 12502002.39999365
 12502292.39897927 12502581.39796839 12502871.396954   12503160.39594312]"	0.0	0.0	0.0
1086.826129694634	2.0	trials	2.0	1.0	1.0	0.0	10000.0	1.0	True	40.0	0.0	0.005	"[12587118.10226978 12587378.10136034 12587668.10034596 12587958.09933158
 12588247.0983207  12588537.09730632 12588827.09629194 12589116.09528106
 12589406.09426668 12589695.0932558  12589985.09224141 12590275.09122704
 12590564.09021616 12590854.08920178 12591144.0881874  12591433.08717651
 12591723.08616214 12592013.08514776 12592302.08413688 12592592.08312249]"	0.0	0.0	0.0
1097.3462432966865	2.0	trials	2.0	1.0	1.0	0.0	10000.0	1.0	True	40.0	0.0	0.005	"[12708868.67640181 12709138.67545739 12709428.67444301 12709717.67343212
 12710007.67241775 12710297.67140337 12710586.67039249 12710876.66937811
 12711166.66836373 12711455.66735285 12711745.66633847 12712034.66532759
 12712324.6643132  12712614.66329883 12712903.66228794 12713193.66127357
 12713483.66025919 12713772.65924831 12714062.65823393 12714352.65721955]"	0.0	0.0	0.0
1106.1043214621025	2.0	trials	2.0	1.0	1.0	0.0	10000.0	1.0	True	40.0	0.0	0.005	"[12810244.32180274 12810505.3208898  12810795.31987542 12811084.31886454
 12811374.31785016 12811664.31683578 12811953.3158249  12812243.31481052
 12812533.31379614 12812822.31278526 12813112.31177088 12813401.31076
 12813691.30974562 12813981.30873124 12814270.30772035 12814560.30670598
 12814850.3056916  12815139.30468071 12815429.30366633 12815719.30265195]"	0.0	0.0	0.0
1114.0007354415047	2.0	trials	2.0	1.0	1.0	0.0	10000.0	1.0	True	40.0	0.0	0.005	"[12901638.00211931 12901899.00120637 12902188.00019549 12902477.99918111
 12902767.99816673 12903056.99715585 12903346.99614147 12903635.99513059
 12903925.99411621 12904215.99310183 12904504.99209095 12904794.99107657
 12905084.99006219 12905373.9890513  12905663.98803692 12905953.98702255
 12906242.98601167 12906532.98499728 12906822.9839829  12907111.98297202]"	0.0	0.0	0.0
1124.2967282275017	2.0	trials	2.0	1.0	1.0	0.0	10000.0	1.0	True	40.0	0.0	0.005	"[13020785.58535627 13021065.58437687 13021355.58336249 13021644.58235161
 13021934.58133723 13022223.58032634 13022513.57931197 13022803.57829759
 13023092.57728671 13023382.57627233 13023672.57525795 13023961.57424707
 13024251.57323269 13024541.57221831 13024830.57120742 13025120.57019304
 13025409.56918216 13025699.56816779 13025989.5671534  13026278.56614252]"	0.0	0.0	0.0
1133.5901389203968	2.0	trials	2.0	1.0	1.0	0.0	10000.0	1.0	True	40.0	0.0	0.005	"[13128363.20906347 13128628.20813654 13128917.20712565 13129207.20611128
 13129497.2050969  13129786.20408602 13130076.20307164 13130365.20206075
 13130655.20104637 13130945.200032   13131234.19902111 13131524.19800673
 13131814.19699236 13132103.19598147 13132393.19496709 13132683.19395272
 13132972.19294183 13133262.19192745 13133551.19091657 13133841.18990219]"	0.0	0.0	0.0
1141.7803982719672	2.0	trials	2.0	1.0	1.0	0.0	10000.0	1.0	True	40.0	0.0	0.005	"[13223161.87746982 13223422.87655688 13223711.875546   13224001.87453162
 13224291.87351724 13224580.87250636 13224870.87149198 13225160.87047761
 13225449.86946672 13225739.86845234 13226029.86743796 13226318.86642708
 13226608.8654127  13226898.86439832 13227187.86338744 13227477.86237306
 13227766.86136218 13228056.8603478  13228346.85933342 13228635.85832254]"	0.0	0.0	0.0
1148.9182229048133	2.0	trials	2.0	1.0	1.0	0.0	10000.0	1.0	True	40.0	0.0	0.005	"[13305776.58849411 13306036.58758467 13306326.58657029 13306616.58555591
 13306905.58454503 13307195.58353065 13307484.58251977 13307774.58150539
 13308064.580491   13308353.57948012 13308643.57846575 13308933.57745137
 13309222.57644048 13309512.57542611 13309802.57441173 13310091.57340084
 13310381.57238646 13310670.57137558 13310960.5703612  13311250.56934682]"	0.0	0.0	0.0
1159.9247668053977	2.0	trials	2.0	1.0	1.0	0.0	10000.0	1.0	True	40.0	0.0	0.005	"[13433167.14289821 13433427.14198877 13433717.14097438 13434006.1399635
 13434296.13894912 13434586.13793474 13434875.13692386 13435165.13590948
 13435455.1348951  13435744.13388422 13436034.13286984 13436324.13185546
 13436613.13084458 13436903.1298302  13437193.12881582 13437482.12780494
 13437772.12679056 13438061.12577968 13438351.1247653  13438641.12375092]"	0.0	0.0	0.0
1167.676202091916	2.0	trials	2.0	1.0	1.0	0.0	10000.0	1.0	True	40.0	0.0	0.005	"[13522853.82918563 13523142.82817475 13523432.82716036 13523722.82614598
 13524011.8251351  13524301.82412072 13524590.82310984 13524880.82209546
 13525170.82108108 13525459.8200702  13525749.81905582 13526039.81804144
 13526328.81703056 13526618.81601618 13526908.8150018  13527197.81399092
 13527487.81297654 13527777.81196216 13528066.81095128 13528356.8099369 ]"	0.0	0.0	0.0
1178.235454757065	2.0	trials	2.0	1.0	1.0	0.0	10000.0	1.0	True	40.0	0.0	0.005	"[13645080.40165267 13645356.40068726 13645645.39967638 13645935.398662
 13646225.39764762 13646514.39663674 13646804.39562236 13647094.39460798
 13647383.3935971  13647673.39258272 13647963.39156834 13648252.39055746
 13648542.38954308 13648831.3885322  13649121.38751782 13649411.38650344
 13649700.38549256 13649990.38447818 13650280.3834638  13650569.38245292]"	0.0	0.0	0.0
1185.9642533227636	2.0	trials	2.0	1.0	1.0	0.0	10000.0	1.0	True	40.0	0.0	0.005	"[13734550.08869912 13734811.08778618 13735100.0867753  13735390.08576092
 13735679.08475004 13735969.08373566 13736259.08272128 13736548.0817104
 13736838.08069602 13737128.07968164 13737417.07867076 13737707.07765638
 13737997.076642   13738286.07563112 13738576.07461674 13738865.07360586
 13739155.07259148 13739445.0715771  13739734.07056622 13740024.06955184]"	0.0	0.0	0.0
1198.5515660940302	2.0	trials	2.0	1.0	1.0	0.0	10000.0	1.0	True	40.0	0.0	0.005	"[13880224.57914835 13880497.57819343 13880786.57718255 13881076.57616817
 13881365.57515729 13881655.57414291 13881945.57312853 13882234.57211765
 13882524.57110327 13882814.57008889 13883103.56907801 13883393.56806363
 13883683.56704925 13883972.56603837 13884262.56502399 13884552.56400961
 13884841.56299873 13885131.56198435 13885420.56097347 13885710.55995909]"	0.0	0.0	0.0
1209.50290058773	2.0	trials	2.0	1.0	1.0	0.0	10000.0	1.0	True	40.0	0.0	0.005	"[14006985.1357561  14007248.13483616 14007538.13382178 14007828.1328074
 14008117.13179652 14008407.13078214 14008696.12977126 14008986.12875688
 14009276.1277425  14009565.12673162 14009855.12571724 14010145.12470286
 14010434.12369198 14010724.1226776  14011014.12166322 14011303.12065234
 14011593.11963796 14011883.11862358 14012172.1176127  14012462.11659832]"	0.0	0.0	0.0
1219.4223634907783	2.0	trials	2.0	1.0	1.0	0.0	10000.0	1.0	True	40.0	0.0	0.005	"[14121776.73422974 14122056.73325033 14122346.73223596 14122636.73122158
 14122925.73021069 14123215.72919631 14123505.72818194 14123794.72717105
 14124084.72615667 14124373.72514579 14124663.72413141 14124953.72311704
 14125242.72210615 14125532.72109177 14125822.72007739 14126111.71906651
 14126401.71805213 14126691.71703775 14126980.71602687 14127270.71501249]"	0.0	0.0	0.0
1231.8878526881676	2.0	trials	2.0	1.0	1.0	0.0	10000.0	1.0	True	40.0	0.0	0.005	"[14266044.22960045 14266333.22858956 14266622.22757868 14266912.2265643
 14267202.22554993 14267491.22453905 14267781.22352466 14268070.22251378
 14268360.2214994  14268650.22048502 14268939.21947414 14269229.21845976
 14269519.21744538 14269808.2164345  14270098.21542013 14270388.21440574
 14270677.21339486 14270967.21238048 14271257.2113661  14271546.21035522]"	0.0	0.0	0.0
1243.7561471744639	2.0	trials	2.0	1.0	1.0	0.0	10000.0	1.0	True	40.0	0.0	0.005	"[14403435.74902244 14403697.74810601 14403987.74709163 14404276.74608075
 14404566.74506637 14404856.74405199 14405145.74304111 14405435.74202673
 14405725.74101235 14406014.74000146 14406304.73898708 14406593.7379762
 14406883.73696182 14407173.73594745 14407462.73493656 14407752.73392219
 14408042.73290781 14408331.73189692 14408621.73088254 14408911.72986816]"	0.0	0.0	0.0
1252.5161261332316	2.0	trials	2.0	1.0	1.0	0.0	10000.0	1.0	True	40.0	0.0	0.005	"[14504800.39446185 14505086.39346146 14505376.39244709 14505665.3914362
 14505955.39042182 14506245.38940744 14506534.38839656 14506824.38738218
 14507114.38636781 14507403.38535692 14507693.38434254 14507982.38333166
 14508272.38231728 14508562.3813029  14508851.38029202 14509141.37927764
 14509431.37826326 14509720.37725238 14510010.376238   14510300.37522362]"	0.0	0.0	0.0
1262.2858583600175	2.0	trials	2.0	1.0	1.0	0.0	10000.0	1.0	True	40.0	0.0	0.005	"[14617881.99891683 14618161.99793743 14618451.99692305 14618740.99591217
 14619030.99489779 14619320.99388341 14619609.99287253 14619899.99185815
 14620188.99084727 14620478.98983289 14620768.98881851 14621057.98780763
 14621347.98679325 14621637.98577887 14621926.98476799 14622216.98375361
 14622506.98273923 14622795.98172835 14623085.98071397 14623375.97969959]"	0.0	0.0	0.0
1275.196651599793	2.0	trials	2.0	1.0	1.0	0.0	10000.0	1.0	True	40.0	0.0	0.005	"[14767328.47617212 14767592.47524869 14767882.47423431 14768171.47322343
 14768461.47220905 14768751.47119467 14769040.47018379 14769330.46916941
 14769620.46815503 14769909.46714415 14770199.46612977 14770489.46511539
 14770778.46410451 14771068.46309013 14771357.46207925 14771647.46106487
 14771937.46005049 14772226.45903961 14772516.45802523 14772806.45701085]"	0.0	0.0	0.0
1287.8259546241836	2.0	trials	2.0	1.0	1.0	0.0	10000.0	1.0	True	40.0	0.0	0.005	"[14913478.96495637 14913764.96395598 14914054.9629416  14914343.96193072
 14914633.96091634 14914923.95990196 14915212.95889108 14915502.9578767
 14915792.95686232 14916081.95585144 14916371.95483706 14916660.95382618
 14916950.9528118  14917240.95179742 14917529.95078653 14917819.94977215
 14918109.94875778 14918398.9477469  14918688.94673252 14918978.94571814]"	0.0	0.0	0.0
1300.17100264286	2.0	trials	2.0	1.0	1.0	0.0	10000.0	1.0	True	40.0	0.0	0.005	"[15056378.46511215 15056647.46417123 15056937.46315685 15057226.46214597
 15057516.46113159 15057806.46011721 15058095.45910633 15058385.45809195
 15058675.45707757 15058964.45606668 15059254.45505231 15059543.45404142
 15059833.45302705 15060123.45201267 15060412.45100178 15060702.44998741
 15060992.44897303 15061281.44796214 15061571.44694776 15061861.44593338]"	0.0	0.0	0.0
1307.55135122739	2.0	trials	2.0	1.0	1.0	0.0	10000.0	1.0	True	40.0	0.0	0.005	"[15141801.16631444 15142068.16538052 15142357.16436964 15142647.16335526
 15142937.16234088 15143226.16132999 15143516.16031562 15143806.15930123
 15144095.15829035 15144385.15727597 15144674.15626509 15144964.15525071
 15145254.15423633 15145543.15322545 15145833.15221107 15146123.15119669
 15146412.15018581 15146702.14917143 15146992.14815705 15147281.14714617]"	0.0	0.0	0.0
1317.4604461667036	2.0	trials	2.0	1.0	1.0	0.0	10000.0	1.0	True	40.0	0.0	0.005	"[15256495.76512738 15256756.76421443 15257045.76320355 15257335.76218917
 15257625.76117479 15257914.76016391 15258204.75914953 15258493.75813865
 15258783.75712427 15259073.75610989 15259362.75509901 15259652.75408463
 15259942.75307025 15260231.75205937 15260521.75104499 15260811.75003061
 15261100.74901973 15261390.74800535 15261680.74699097 15261969.74598009]"	0.0	0.0	0.0
1327.5402669088417	2.0	trials	2.0	1.0	1.0	0.0	10000.0	1.0	True	40.0	0.0	0.005	"[15373134.35714046 15373421.35613658 15373711.3551222  15374000.35411132
 15374290.35309694 15374580.35208256 15374869.35107168 15375159.3500573
 15375448.34904642 15375738.34803204 15376028.34701766 15376317.34600678
 15376607.3449924  15376897.34397802 15377186.34296713 15377476.34195276
 15377766.34093838 15378055.33992749 15378345.33891312 15378635.33789873]"	0.0	0.0	0.0
1334.938154632022	2.0	trials	2.0	1.0	1.0	0.0	10000.0	1.0	True	40.0	0.0	0.005	"[15458784.05754874 15459045.0566358  15459335.05562142 15459624.05461054
 15459914.05359616 15460203.05258528 15460493.0515709  15460783.05055652
 15461072.04954564 15461362.04853126 15461652.04751688 15461941.046506
 15462231.04549162 15462521.04447724 15462810.04346636 15463100.04245198
 15463389.0414411  15463679.04042672 15463969.03941234 15464258.03840146]"	0.0	0.0	0.0
1348.0061089220692	2.0	trials	2.0	1.0	1.0	0.0	10000.0	1.0	True	40.0	0.0	0.005	"[15610021.52853937 15610295.52758096 15610584.52657007 15610874.5255557
 15611163.52454481 15611453.52353043 15611743.52251605 15612032.52150517
 15612322.52049079 15612612.51947641 15612901.51846553 15613191.51745115
 15613481.51643677 15613770.51542589 15614060.51441151 15614349.51340063
 15614639.51238625 15614929.51137187 15615218.51036099 15615508.50934661]"	0.0	0.0	0.0
1358.9259939257747	2.0	trials	2.0	1.0	1.0	0.0	10000.0	1.0	True	40.0	0.0	0.005	"[15736417.08642384 15736682.0854969  15736971.08448602 15737261.08347164
 15737551.08245726 15737840.08144638 15738130.08043201 15738419.07942112
 15738709.07840674 15738999.07739236 15739288.07638148 15739578.0753671
 15739868.07435272 15740157.07334184 15740447.07232746 15740737.07131308
 15741026.0703022  15741316.06928782 15741606.06827344 15741895.06726256]"	0.0	0.0	0.0
1369.0236994053541	2.0	trials	2.0	1.0	1.0	0.0	10000.0	1.0	True	40.0	0.0	0.005	"[15853288.67762193 15853553.67669499 15853843.67568062 15854133.67466624
 15854422.67365535 15854712.67264098 15855002.6716266  15855291.67061571
 15855581.66960133 15855871.66858695 15856160.66757607 15856450.66656169
 15856739.66555081 15857029.66453643 15857319.66352206 15857608.66251117
 15857898.66149679 15858188.66048241 15858477.65947153 15858767.65845715]"	0.0	0.0	0.0
1377.8864076047887	2.0	trials	2.0	1.0	1.0	0.0	10000.0	1.0	True	40.0	0.0	0.005	"[15955870.31880444 15956131.3178915  15956421.31687712 15956710.31586624
 15957000.31485186 15957289.31384097 15957579.31282659 15957869.31181221
 15958158.31080133 15958448.30978696 15958738.30877258 15959027.30776169
 15959317.30674731 15959607.30573294 15959896.30472205 15960186.30370767
 15960475.30269679 15960765.30168241 15961055.30066803 15961344.29965715]"	0.0	0.0	0.0
1387.8423311803022	2.0	trials	2.0	1.0	1.0	0.0	10000.0	1.0	True	40.0	0.0	0.005	"[16071101.91573902 16071361.91482957 16071651.91381519 16071941.91280082
 16072230.91178993 16072520.91077555 16072810.90976118 16073099.90875029
 16073389.90773591 16073679.90672153 16073968.90571065 16074258.90469627
 16074547.90368539 16074837.90267101 16075127.90165663 16075416.90064575
 16075706.89963137 16075996.89861699 16076285.89760611 16076575.89659173]"	0.0	0.0	0.0
1399.0061225308561	2.0	trials	2.0	1.0	1.0	0.0	10000.0	1.0	True	40.0	0.0	0.005	"[16200306.463798   16200573.46286407 16200862.46185319 16201152.46083881
 16201441.45982792 16201731.45881355 16202021.45779917 16202310.45678828
 16202600.4557739  16202890.45475953 16203179.45374864 16203469.45273427
 16203759.45171988 16204048.450709   16204338.44969463 16204627.44868374
 16204917.44766936 16205207.44665498 16205496.4456441  16205786.44462972]"	0.0	0.0	0.0
1411.446555815888	2.0	trials	2.0	1.0	1.0	0.0	10000.0	1.0	True	40.0	0.0	0.005	"[16344274.96021457 16344558.95922118 16344847.9582103  16345137.95719592
 16345427.95618153 16345716.95517066 16346006.95415628 16346296.9531419
 16346585.95213101 16346875.95111663 16347164.95010575 16347454.94909137
 16347744.948077   16348033.94706611 16348323.94605173 16348613.94503735
 16348902.94402647 16349192.94301209 16349482.94199771 16349771.94098683]"	0.0	0.0	0.0
1418.7096600105226	2.0	trials	2.0	1.0	1.0	0.0	10000.0	1.0	True	40.0	0.0	0.005	"[16428354.66611449 16428622.66517706 16428912.66416268 16429202.6631483
 16429491.66213742 16429781.66112304 16430071.66010866 16430360.65909778
 16430650.6580834  16430939.65707252 16431229.65605814 16431519.65504376
 16431808.65403288 16432098.6530185  16432388.65200412 16432677.65099324
 16432967.64997886 16433257.64896448 16433546.6479536  16433836.64693922]"	0.0	0.0	0.0
1430.343724916123	2.0	trials	2.0	1.0	1.0	0.0	10000.0	1.0	True	40.0	0.0	0.005	"[16563013.19509614 16563276.1941762  16563565.19316532 16563855.19215094
 16564145.19113656 16564434.19012568 16564724.1891113  16565014.18809692
 16565303.18708604 16565593.18607166 16565882.18506078 16566172.1840464
 16566462.18303202 16566751.18202114 16567041.18100676 16567331.17999238
 16567620.1789815  16567910.17796712 16568200.17695274 16568489.17594186]"	0.0	0.0	0.0
1438.1084657561	2.0	trials	2.0	1.0	1.0	0.0	10000.0	1.0	True	40.0	0.0	0.005	"[16652884.88073645 16653145.87982351 16653435.87880913 16653725.87779475
 16654014.87678387 16654304.87576949 16654594.87475511 16654883.87374423
 16655173.87272985 16655463.87171547 16655752.87070459 16656042.86969021
 16656331.86867933 16656621.86766495 16656911.86665057 16657200.86563969
 16657490.86462531 16657780.86361093 16658069.86260005 16658359.86158567]"	0.0	0.0	0.0
1446.4602925425293	2.0	trials	2.0	1.0	1.0	0.0	10000.0	1.0	True	40.0	0.0	0.005	"[16749533.54267177 16749810.54170286 16750099.54069198 16750389.5396776
 16750679.53866322 16750968.53765234 16751258.53663796 16751548.53562358
 16751837.53461269 16752127.53359831 16752417.53258394 16752706.53157306
 16752996.53055867 16753286.5295443  16753575.52853342 16753865.52751904
 16754154.52650815 16754444.52549377 16754734.52447939 16755023.52346851]"	0.0	0.0	0.0
1455.3981684790372	2.0	trials	2.0	1.0	1.0	0.0	10000.0	1.0	True	40.0	0.0	0.005	"[16852998.18076567 16853258.17985622 16853548.17884184 16853838.17782746
 16854127.17681658 16854417.1758022  16854707.17478782 16854996.17377694
 16855286.17276256 16855576.17174818 16855865.1707373  16856155.16972292
 16856444.16871204 16856734.16769766 16857024.16668328 16857313.1656724
 16857603.16465802 16857893.16364364 16858182.16263276 16858472.16161838]"	0.0	0.0	0.0
1463.8545388997866	2.0	trials	2.0	1.0	1.0	0.0	10000.0	1.0	True	40.0	0.0	0.005	"[16950842.83851754 16951132.83750316 16951422.83648878 16951711.8354779
 16952001.83446352 16952290.83345264 16952580.83243826 16952870.83142388
 16953159.830413   16953449.82939862 16953739.82838424 16954028.82737336
 16954318.82635898 16954608.8253446  16954897.82433371 16955187.82331933
 16955476.82230845 16955766.82129408 16956056.8202797  16956345.81926882]"	0.0	0.0	0.0
1473.0302732042978	2.0	trials	2.0	1.0	1.0	0.0	10000.0	1.0	True	40.0	0.0	0.005	"[17057069.46695035 17057333.46602691 17057622.46501603 17057912.46400166
 17058202.46298727 17058491.46197639 17058781.46096201 17059071.45994763
 17059360.45893675 17059650.45792237 17059939.45691149 17060229.45589711
 17060519.45488273 17060808.45387185 17061098.45285747 17061388.45184309
 17061677.45083221 17061967.44981783 17062257.44880345 17062546.44779257]"	0.0	0.0	0.0
1484.8899277208156	2.0	trials	2.0	1.0	1.0	0.0	10000.0	1.0	True	40.0	0.0	0.005	"[17194332.98682008 17194597.98589314 17194887.98487876 17195177.98386438
 17195466.9828535  17195756.98183912 17196046.98082474 17196335.97981386
 17196625.97879948 17196915.9777851  17197204.97677422 17197494.97575984
 17197783.97474896 17198073.97373458 17198363.9727202  17198652.97170932
 17198942.97069494 17199232.96968056 17199521.96866968 17199811.9676553 ]"	0.0	0.0	0.0
1493.5483870346852	2.0	trials	2.0	1.0	1.0	0.0	10000.0	1.0	True	40.0	0.0	0.005	"[17294531.63633798 17294811.63535858 17295101.63434421 17295391.63332982
 17295680.63231894 17295970.63130457 17296260.63029018 17296549.6292793
 17296839.62826492 17297129.62725054 17297418.62623966 17297708.62522528
 17297997.6242144  17298287.62320002 17298577.62218564 17298866.62117476
 17299156.62016038 17299446.619146   17299735.61813512 17300025.61712074]"	0.0	0.0	0.0
1503.383005434508	2.0	trials	2.0	1.0	1.0	0.0	10000.0	1.0	True	40.0	0.0	0.005	"[17408350.23821504 17408638.23720766 17408928.23619328 17409217.2351824
 17409507.23416802 17409797.23315364 17410086.23214275 17410376.23112838
 17410666.23011399 17410955.22910311 17411245.22808873 17411535.22707435
 17411824.22606348 17412114.2250491  17412403.22403821 17412693.22302384
 17412983.22200946 17413272.22099857 17413562.21998419 17413852.21896981]"	0.0	0.0	0.0
1515.7198454818952	2.0	trials	2.0	1.0	1.0	0.0	10000.0	1.0	True	40.0	0.0	0.005	"[17551155.73869962 17551425.7377552  17551715.73674082 17552005.73572644
 17552294.73471556 17552584.73370118 17552874.7326868  17553163.73167592
 17553453.73066154 17553742.72965066 17554032.72863628 17554322.7276219
 17554611.72661102 17554901.72559664 17555191.72458226 17555480.72357138
 17555770.722557   17556060.72154262 17556349.72053174 17556639.71951736]"	0.0	0.0	0.0
1526.869121683221	2.0	trials	2.0	1.0	1.0	0.0	10000.0	1.0	True	40.0	0.0	0.005	"[17680201.28731476 17680468.28638083 17680758.28536646 17681047.28435557
 17681337.2833412  17681627.28232681 17681916.28131593 17682206.28030156
 17682495.27929067 17682785.27827629 17683075.27726191 17683364.27625103
 17683654.27523665 17683944.27422227 17684233.27321139 17684523.27219701
 17684813.27118263 17685102.27017175 17685392.26915737 17685682.26814299]"	0.0	0.0	0.0
1538.151971817323	2.0	trials	2.0	1.0	1.0	0.0	10000.0	1.0	True	40.0	0.0	0.005	"[17810786.8305432  17811056.82959877 17811345.82858789 17811635.82757352
 17811925.82655913 17812214.82554825 17812504.82453388 17812794.8235195
 17813083.82250861 17813373.82149423 17813663.82047985 17813952.81946897
 17814242.81845459 17814531.81744371 17814821.81642933 17815111.81541495
 17815400.81440407 17815690.81338969 17815980.81237531 17816269.81136443]"	0.0	0.0	0.0
1549.1499621478274	2.0	trials	2.0	1.0	1.0	0.0	10000.0	1.0	True	40.0	0.0	0.005	"[17938086.3852656  17938348.38434916 17938638.38333478 17938928.3823204
 17939217.38130952 17939507.38029514 17939797.37928076 17940086.37826988
 17940376.3772555  17940666.37624112 17940955.37523024 17941245.37421586
 17941534.37320498 17941824.3721906  17942114.37117622 17942403.37016534
 17942693.36915096 17942983.36813658 17943272.3671257  17943562.36611132]"	0.0	0.0	0.0
1560.189856331757	2.0	trials	2.0	1.0	1.0	0.0	10000.0	1.0	True	40.0	0.0	0.005	"[18065851.938358   18066124.93740309 18066414.9363887  18066703.93537783
 18066993.93436345 18067282.93335256 18067572.93233819 18067862.9313238
 18068151.93031292 18068441.92929854 18068731.92828416 18069020.92727328
 18069310.9262589  18069600.92524452 18069889.92423365 18070179.92321926
 18070468.92220838 18070758.921194   18071048.92017962 18071337.91916874]"	0.0	0.0	0.0
1569.5863418641097	2.0	trials	2.0	1.0	1.0	0.0	10000.0	1.0	True	40.0	0.0	0.005	"[18174613.55792374 18174880.55698981 18175170.55597543 18175459.55496455
 18175749.55395017 18176039.55293579 18176328.5519249  18176618.55091053
 18176908.54989615 18177197.54888527 18177487.54787089 18177777.54685651
 18178066.54584563 18178356.54483125 18178645.54382037 18178935.54280598
 18179225.54179161 18179514.54078072 18179804.53976635 18180094.53875196]"	0.0	0.0	0.0
1579.1568363878027	2.0	trials	2.0	1.0	1.0	0.0	10000.0	1.0	True	40.0	0.0	0.005	"[18285387.17045178 18285650.16953184 18285940.16851746 18286230.16750308
 18286519.1664922  18286809.16547782 18287099.16446344 18287388.16345256
 18287678.16243818 18287968.1614238  18288257.16041292 18288547.15939854
 18288836.15838765 18289126.15737328 18289416.1563589  18289705.15534802
 18289995.15433364 18290285.15331926 18290574.15230837 18290864.151294  ]"	0.0	0.0	0.0
1589.6922427363631	2.0	trials	2.0	1.0	1.0	0.0	10000.0	1.0	True	40.0	0.0	0.005	"[18407325.74392621 18407587.74300977 18407877.74199539 18408167.74098101
 18408456.73997013 18408746.73895575 18409036.73794137 18409325.73693049
 18409615.73591611 18409904.73490523 18410194.73389085 18410484.73287647
 18410773.73186558 18411063.73085121 18411353.72983683 18411642.72882595
 18411932.72781156 18412222.72679719 18412511.72578631 18412801.72477192]"	0.0	0.0	0.0
1599.8504280043921	2.0	trials	2.0	1.0	1.0	0.0	10000.0	1.0	True	40.0	0.0	0.005	"[18524890.33270028 18525160.33175586 18525449.33074497 18525739.3297306
 18526028.32871971 18526318.32770533 18526608.32669095 18526897.32568007
 18527187.32466569 18527477.32365131 18527766.32264043 18528056.32162605
 18528346.32061167 18528635.31960079 18528925.31858642 18529215.31757203
 18529504.31656115 18529794.31554677 18530083.31453589 18530373.31352151]"	0.0	0.0	0.0
1612.1439818031886	2.0	trials	2.0	1.0	1.0	0.0	10000.0	1.0	True	40.0	0.0	0.005	"[18667176.83500025 18667445.83405933 18667735.83304495 18668024.83203407
 18668314.83101969 18668604.83000531 18668893.82899443 18669183.82798005
 18669473.82696567 18669762.82595478 18670052.82494041 18670341.82392953
 18670631.82291514 18670921.82190077 18671210.82088989 18671500.8198755
 18671790.81886113 18672079.81785024 18672369.81683587 18672659.81582149]"	0.0	0.0	0.0
1624.2282755339486	2.0	trials	2.0	1.0	1.0	0.0	10000.0	1.0	True	40.0	0.0	0.005	"[18807047.34575105 18807310.34483112 18807599.34382024 18807889.34280585
 18808179.34179148 18808468.3407806  18808758.33976622 18809048.33875184
 18809337.33774096 18809627.33672658 18809917.3357122  18810206.33470131
 18810496.33368694 18810785.33267605 18811075.33166168 18811365.33064729
 18811654.32963641 18811944.32862203 18812234.32760765 18812523.32659677]"	0.0	0.0	0.0
1634.6258743645412	2.0	trials	2.0	1.0	1.0	0.0	10000.0	1.0	True	40.0	0.0	0.005	"[18927391.92480108 18927652.92388814 18927942.92287376 18928231.92186287
 18928521.92084849 18928811.91983411 18929100.91882323 18929390.91780885
 18929679.91679797 18929969.91578359 18930259.91476921 18930548.91375833
 18930838.91274395 18931128.91172957 18931417.91071869 18931707.90970431
 18931997.90868993 18932286.90767905 18932576.90666467 18932865.90565379]"	0.0	0.0	0.0
1645.0968265385538	2.0	trials	2.0	1.0	1.0	0.0	10000.0	1.0	True	40.0	0.0	0.005	"[19048584.50088491 19048844.49997547 19049134.49896109 19049424.49794671
 19049713.49693583 19050003.49592145 19050292.49491056 19050582.49389619
 19050872.49288181 19051161.49187092 19051451.49085654 19051741.48984217
 19052030.48883129 19052320.4878169  19052610.48680253 19052899.48579165
 19053189.48477727 19053478.48376638 19053768.482752   19054058.48173762]"	0.0	0.0	0.0
1656.2023844928005	2.0	trials	2.0	1.0	1.0	0.0	10000.0	1.0	True	40.0	0.0	0.005	"[19177100.05135392 19177381.05037102 19177671.04935664 19177960.04834576
 19178250.04733138 19178539.04632049 19178829.04530611 19179119.04429173
 19179408.04328085 19179698.04226648 19179988.0412521  19180277.04024122
 19180567.03922683 19180857.03821246 19181146.03720158 19181436.03618719
 19181725.03517631 19182015.03416193 19182305.03314755 19182594.03213667]"	0.0	0.0	0.0
1664.8783829453205	2.0	trials	2.0	1.0	1.0	0.0	10000.0	1.0	True	40.0	0.0	0.005	"[19277535.70004283 19277797.69912639 19278086.69811551 19278376.69710113
 19278666.69608676 19278955.69507587 19279245.69406149 19279535.69304711
 19279824.69203623 19280114.69102185 19280403.69001097 19280693.68899659
 19280983.68798221 19281272.68697133 19281562.68595695 19281852.68494257
 19282141.68393169 19282431.68291731 19282721.68190293 19283010.68089205]"	0.0	0.0	0.0
1676.796616456937	2.0	trials	2.0	1.0	1.0	0.0	10000.0	1.0	True	40.0	0.0	0.005	"[19415453.21762496 19415740.21662107 19416030.2156067  19416320.21459232
 19416609.21358143 19416899.21256705 19417188.21155617 19417478.21054179
 19417768.20952741 19418057.20851653 19418347.20750215 19418637.20648777
 19418926.20547689 19419216.20446251 19419506.20344813 19419795.20243725
 19420085.20142287 19420375.20040849 19420664.19939761 19420954.19838323]"	0.0	0.0	0.0
1738.435975250721	2.0	trials	3.0	1.0	1.0	0.0	10000.0	1.0	False	0.0	0.0	0.0	"[nan nan nan nan nan nan nan nan nan nan nan nan nan nan nan nan nan nan
 nan nan]"	0.0	0.0	0.0
1750.3462599901409	2.0	trials	3.0	1.0	1.0	0.0	10000.0	1.0	False	0.0	0.0	0.0	"[nan nan nan nan nan nan nan nan nan nan nan nan nan nan nan nan nan nan
 nan nan]"	0.0	0.0	0.0
1758.673981260888	2.0	trials	3.0	1.0	1.0	0.0	10000.0	1.0	False	0.0	0.0	0.0	"[nan nan nan nan nan nan nan nan nan nan nan nan nan nan nan nan nan nan
 nan nan]"	0.0	0.0	0.0
1769.2582898383953	2.0	trials	3.0	1.0	1.0	0.0	10000.0	1.0	False	0.0	0.0	0.0	"[nan nan nan nan nan nan nan nan nan nan nan nan nan nan nan nan nan nan
 nan nan]"	0.0	0.0	0.0
1776.400520855828	2.0	trials	3.0	1.0	1.0	0.0	10000.0	1.0	False	0.0	0.0	0.0	"[nan nan nan nan nan nan nan nan nan nan nan nan nan nan nan nan nan nan
 nan nan]"	0.0	0.0	0.0
1783.5501822472709	2.0	trials	3.0	1.0	1.0	0.0	10000.0	1.0	False	0.0	0.0	0.0	"[nan nan nan nan nan nan nan nan nan nan nan nan nan nan nan nan nan nan
 nan nan]"	0.0	0.0	0.0
1792.5823202540623	2.0	trials	3.0	1.0	1.0	0.0	10000.0	1.0	False	0.0	0.0	0.0	"[nan nan nan nan nan nan nan nan nan nan nan nan nan nan nan nan nan nan
 nan nan]"	0.0	0.0	0.0
1801.7006851592441	2.0	trials	3.0	1.0	1.0	0.0	10000.0	1.0	False	0.0	0.0	0.0	"[nan nan nan nan nan nan nan nan nan nan nan nan nan nan nan nan nan nan
 nan nan]"	0.0	0.0	0.0
1814.7388315535554	2.0	trials	3.0	1.0	1.0	0.0	10000.0	1.0	False	0.0	0.0	0.0	"[nan nan nan nan nan nan nan nan nan nan nan nan nan nan nan nan nan nan
 nan nan]"	0.0	0.0	0.0
1825.9038324998783	2.0	trials	3.0	1.0	1.0	0.0	10000.0	1.0	False	0.0	0.0	0.0	"[nan nan nan nan nan nan nan nan nan nan nan nan nan nan nan nan nan nan
 nan nan]"	0.0	0.0	0.0
1835.2578957806188	2.0	trials	3.0	1.0	1.0	0.0	10000.0	1.0	False	0.0	0.0	0.0	"[nan nan nan nan nan nan nan nan nan nan nan nan nan nan nan nan nan nan
 nan nan]"	0.0	0.0	0.0
1848.0920524884584	2.0	trials	3.0	1.0	1.0	0.0	10000.0	1.0	False	0.0	0.0	0.0	"[nan nan nan nan nan nan nan nan nan nan nan nan nan nan nan nan nan nan
 nan nan]"	0.0	0.0	0.0
1855.4125260824226	2.0	trials	3.0	1.0	1.0	0.0	10000.0	1.0	False	0.0	0.0	0.0	"[nan nan nan nan nan nan nan nan nan nan nan nan nan nan nan nan nan nan
 nan nan]"	0.0	0.0	0.0
1862.7404300503968	2.0	trials	3.0	1.0	1.0	0.0	10000.0	1.0	False	0.0	0.0	0.0	"[nan nan nan nan nan nan nan nan nan nan nan nan nan nan nan nan nan nan
 nan nan]"	0.0	0.0	0.0
1871.5219225339129	2.0	trials	3.0	1.0	1.0	0.0	10000.0	1.0	False	0.0	0.0	0.0	"[nan nan nan nan nan nan nan nan nan nan nan nan nan nan nan nan nan nan
 nan nan]"	0.0	0.0	0.0
1881.0922442582098	2.0	trials	3.0	1.0	1.0	0.0	10000.0	1.0	False	0.0	0.0	0.0	"[nan nan nan nan nan nan nan nan nan nan nan nan nan nan nan nan nan nan
 nan nan]"	0.0	0.0	0.0
1888.9828694578607	2.0	trials	3.0	1.0	1.0	0.0	10000.0	1.0	False	0.0	0.0	0.0	"[nan nan nan nan nan nan nan nan nan nan nan nan nan nan nan nan nan nan
 nan nan]"	0.0	0.0	0.0
1899.1757010047015	2.0	trials	3.0	1.0	1.0	0.0	10000.0	1.0	False	0.0	0.0	0.0	"[nan nan nan nan nan nan nan nan nan nan nan nan nan nan nan nan nan nan
 nan nan]"	0.0	0.0	0.0
1906.456517137383	2.0	trials	3.0	1.0	1.0	0.0	10000.0	1.0	False	0.0	0.0	0.0	"[nan nan nan nan nan nan nan nan nan nan nan nan nan nan nan nan nan nan
 nan nan]"	0.0	0.0	0.0
1917.7364296817605	2.0	trials	3.0	1.0	1.0	0.0	10000.0	1.0	False	0.0	0.0	0.0	"[nan nan nan nan nan nan nan nan nan nan nan nan nan nan nan nan nan nan
 nan nan]"	0.0	0.0	0.0
1930.1382423018817	2.0	trials	3.0	1.0	1.0	0.0	10000.0	1.0	False	0.0	0.0	0.0	"[nan nan nan nan nan nan nan nan nan nan nan nan nan nan nan nan nan nan
 nan nan]"	0.0	0.0	0.0
1941.6086661798763	2.0	trials	3.0	1.0	1.0	0.0	10000.0	1.0	False	0.0	0.0	0.0	"[nan nan nan nan nan nan nan nan nan nan nan nan nan nan nan nan nan nan
 nan nan]"	0.0	0.0	0.0
1954.0999024872056	2.0	trials	3.0	1.0	1.0	0.0	10000.0	1.0	False	0.0	0.0	0.0	"[nan nan nan nan nan nan nan nan nan nan nan nan nan nan nan nan nan nan
 nan nan]"	0.0	0.0	0.0
1966.0952045292472	2.0	trials	3.0	1.0	1.0	0.0	10000.0	1.0	False	0.0	0.0	0.0	"[nan nan nan nan nan nan nan nan nan nan nan nan nan nan nan nan nan nan
 nan nan]"	0.0	0.0	0.0
1975.4605861703972	2.0	trials	3.0	1.0	1.0	0.0	10000.0	1.0	False	0.0	0.0	0.0	"[nan nan nan nan nan nan nan nan nan nan nan nan nan nan nan nan nan nan
 nan nan]"	0.0	0.0	0.0
1986.2596843965985	2.0	trials	3.0	1.0	1.0	0.0	10000.0	1.0	False	0.0	0.0	0.0	"[nan nan nan nan nan nan nan nan nan nan nan nan nan nan nan nan nan nan
 nan nan]"	0.0	0.0	0.0
1993.7200391012777	2.0	trials	3.0	1.0	1.0	0.0	10000.0	1.0	False	0.0	0.0	0.0	"[nan nan nan nan nan nan nan nan nan nan nan nan nan nan nan nan nan nan
 nan nan]"	0.0	0.0	0.0
2001.6743408781963	2.0	trials	3.0	1.0	1.0	0.0	10000.0	1.0	False	0.0	0.0	0.0	"[nan nan nan nan nan nan nan nan nan nan nan nan nan nan nan nan nan nan
 nan nan]"	0.0	0.0	0.0
2012.0837764673856	2.0	trials	3.0	1.0	1.0	0.0	10000.0	1.0	False	0.0	0.0	0.0	"[nan nan nan nan nan nan nan nan nan nan nan nan nan nan nan nan nan nan
 nan nan]"	0.0	0.0	0.0
2024.3359448109427	2.0	trials	3.0	1.0	1.0	0.0	10000.0	1.0	False	0.0	0.0	0.0	"[nan nan nan nan nan nan nan nan nan nan nan nan nan nan nan nan nan nan
 nan nan]"	0.0	0.0	0.0
2032.9400587149053	2.0	trials	3.0	1.0	1.0	0.0	10000.0	1.0	False	0.0	0.0	0.0	"[nan nan nan nan nan nan nan nan nan nan nan nan nan nan nan nan nan nan
 nan nan]"	0.0	0.0	0.0
2041.3340485538538	2.0	trials	3.0	1.0	1.0	0.0	10000.0	1.0	False	0.0	0.0	0.0	"[nan nan nan nan nan nan nan nan nan nan nan nan nan nan nan nan nan nan
 nan nan]"	0.0	0.0	0.0
2051.7558392998267	2.0	trials	3.0	1.0	1.0	0.0	10000.0	1.0	False	0.0	0.0	0.0	"[nan nan nan nan nan nan nan nan nan nan nan nan nan nan nan nan nan nan
 nan nan]"	0.0	0.0	0.0
2063.3021221124764	2.0	trials	3.0	1.0	1.0	0.0	10000.0	1.0	False	0.0	0.0	0.0	"[nan nan nan nan nan nan nan nan nan nan nan nan nan nan nan nan nan nan
 nan nan]"	0.0	0.0	0.0
2073.0320240785836	2.0	trials	3.0	1.0	1.0	0.0	10000.0	1.0	False	0.0	0.0	0.0	"[nan nan nan nan nan nan nan nan nan nan nan nan nan nan nan nan nan nan
 nan nan]"	0.0	0.0	0.0
2083.645967752431	2.0	trials	3.0	1.0	1.0	0.0	10000.0	1.0	False	0.0	0.0	0.0	"[nan nan nan nan nan nan nan nan nan nan nan nan nan nan nan nan nan nan
 nan nan]"	0.0	0.0	0.0
2096.0003469384683	2.0	trials	3.0	1.0	1.0	0.0	10000.0	1.0	False	0.0	0.0	0.0	"[nan nan nan nan nan nan nan nan nan nan nan nan nan nan nan nan nan nan
 nan nan]"	0.0	0.0	0.0
2106.483135871077	2.0	trials	3.0	1.0	1.0	0.0	10000.0	1.0	False	0.0	0.0	0.0	"[nan nan nan nan nan nan nan nan nan nan nan nan nan nan nan nan nan nan
 nan nan]"	0.0	0.0	0.0
2114.2756974137415	2.0	trials	3.0	1.0	1.0	0.0	10000.0	1.0	False	0.0	0.0	0.0	"[nan nan nan nan nan nan nan nan nan nan nan nan nan nan nan nan nan nan
 nan nan]"	0.0	0.0	0.0
2126.4860483035704	2.0	trials	3.0	1.0	1.0	0.0	10000.0	1.0	False	0.0	0.0	0.0	"[nan nan nan nan nan nan nan nan nan nan nan nan nan nan nan nan nan nan
 nan nan]"	0.0	0.0	0.0
2134.2099220864948	2.0	trials	3.0	1.0	1.0	0.0	10000.0	1.0	False	0.0	0.0	0.0	"[nan nan nan nan nan nan nan nan nan nan nan nan nan nan nan nan nan nan
 nan nan]"	0.0	0.0	0.0
2145.9555290019366	2.0	trials	3.0	1.0	1.0	0.0	10000.0	1.0	False	0.0	0.0	0.0	"[nan nan nan nan nan nan nan nan nan nan nan nan nan nan nan nan nan nan
 nan nan]"	0.0	0.0	0.0
2154.090838145715	2.0	trials	3.0	1.0	1.0	0.0	10000.0	1.0	False	0.0	0.0	0.0	"[nan nan nan nan nan nan nan nan nan nan nan nan nan nan nan nan nan nan
 nan nan]"	0.0	0.0	0.0
2166.175995873453	2.0	trials	3.0	1.0	1.0	0.0	10000.0	1.0	False	0.0	0.0	0.0	"[nan nan nan nan nan nan nan nan nan nan nan nan nan nan nan nan nan nan
 nan nan]"	0.0	0.0	0.0
2173.6400657651366	2.0	trials	3.0	1.0	1.0	0.0	10000.0	1.0	False	0.0	0.0	0.0	"[nan nan nan nan nan nan nan nan nan nan nan nan nan nan nan nan nan nan
 nan nan]"	0.0	0.0	0.0
2182.441689378237	2.0	trials	3.0	1.0	1.0	0.0	10000.0	1.0	False	0.0	0.0	0.0	"[nan nan nan nan nan nan nan nan nan nan nan nan nan nan nan nan nan nan
 nan nan]"	0.0	0.0	0.0
2190.6860349406206	2.0	trials	3.0	1.0	1.0	0.0	10000.0	1.0	False	0.0	0.0	0.0	"[nan nan nan nan nan nan nan nan nan nan nan nan nan nan nan nan nan nan
 nan nan]"	0.0	0.0	0.0
2202.9212689434125	2.0	trials	3.0	1.0	1.0	0.0	10000.0	1.0	False	0.0	0.0	0.0	"[nan nan nan nan nan nan nan nan nan nan nan nan nan nan nan nan nan nan
 nan nan]"	0.0	0.0	0.0
2213.8821938035658	2.0	trials	3.0	1.0	1.0	0.0	10000.0	1.0	False	0.0	0.0	0.0	"[nan nan nan nan nan nan nan nan nan nan nan nan nan nan nan nan nan nan
 nan nan]"	0.0	0.0	0.0
2221.5202726865896	2.0	trials	3.0	1.0	1.0	0.0	10000.0	1.0	False	0.0	0.0	0.0	"[nan nan nan nan nan nan nan nan nan nan nan nan nan nan nan nan nan nan
 nan nan]"	0.0	0.0	0.0
2503.8654994808257	2.0	trials	4.0	1.0	1.0	1.0	0.0	1.0	False	0.0	0.0	0.0	"[nan nan nan nan nan nan nan nan nan nan nan nan nan nan nan nan nan nan
 nan nan]"	1.0	0.02	5.0
2515.598837639181	2.0	trials	4.0	1.0	1.0	1.0	0.0	1.0	False	0.0	0.0	0.0	"[nan nan nan nan nan nan nan nan nan nan nan nan nan nan nan nan nan nan
 nan nan]"	1.0	0.02	5.0
2526.5134522613216	2.0	trials	4.0	1.0	1.0	1.0	0.0	3.0	False	0.0	0.0	0.0	"[nan nan nan nan nan nan nan nan nan nan nan nan nan nan nan nan nan nan
 nan nan]"	1.0	0.02	5.0
2536.623167298894	2.0	trials	4.0	1.0	1.0	1.0	0.0	3.0	False	0.0	0.0	0.0	"[nan nan nan nan nan nan nan nan nan nan nan nan nan nan nan nan nan nan
 nan nan]"	1.0	0.02	5.0
2548.857278105613	2.0	trials	4.0	1.0	1.0	1.0	0.0	3.0	False	0.0	0.0	0.0	"[nan nan nan nan nan nan nan nan nan nan nan nan nan nan nan nan nan nan
 nan nan]"	1.0	0.02	5.0
2558.2354469020356	2.0	trials	4.0	1.0	1.0	1.0	0.0	3.0	False	0.0	0.0	0.0	"[nan nan nan nan nan nan nan nan nan nan nan nan nan nan nan nan nan nan
 nan nan]"	1.0	0.02	5.0
2567.3851748975135	2.0	trials	4.0	1.0	1.0	1.0	0.0	3.0	False	0.0	0.0	0.0	"[nan nan nan nan nan nan nan nan nan nan nan nan nan nan nan nan nan nan
 nan nan]"	1.0	0.02	5.0
2574.867993523617	2.0	trials	4.0	1.0	1.0	1.0	0.0	3.0	False	0.0	0.0	0.0	"[nan nan nan nan nan nan nan nan nan nan nan nan nan nan nan nan nan nan
 nan nan]"	1.0	0.02	5.0
2585.786064133669	2.0	trials	4.0	1.0	1.0	1.0	0.0	3.0	False	0.0	0.0	0.0	"[nan nan nan nan nan nan nan nan nan nan nan nan nan nan nan nan nan nan
 nan nan]"	1.0	0.02	5.0
2594.0675615661007	2.0	trials	4.0	1.0	1.0	1.0	0.0	3.0	False	0.0	0.0	0.0	"[nan nan nan nan nan nan nan nan nan nan nan nan nan nan nan nan nan nan
 nan nan]"	1.0	0.02	5.0
2604.3759095088813	2.0	trials	4.0	1.0	1.0	1.0	0.0	3.0	False	0.0	0.0	0.0	"[nan nan nan nan nan nan nan nan nan nan nan nan nan nan nan nan nan nan
 nan nan]"	1.0	0.02	5.0
2612.85923663534	2.0	trials	4.0	1.0	1.0	1.0	0.0	3.0	False	0.0	0.0	0.0	"[nan nan nan nan nan nan nan nan nan nan nan nan nan nan nan nan nan nan
 nan nan]"	1.0	0.02	5.0
2620.749170637408	2.0	trials	4.0	1.0	1.0	1.0	0.0	3.0	False	0.0	0.0	0.0	"[nan nan nan nan nan nan nan nan nan nan nan nan nan nan nan nan nan nan
 nan nan]"	1.0	0.02	5.0
2632.119457265669	2.0	trials	4.0	1.0	1.0	1.0	0.0	3.0	False	0.0	0.0	0.0	"[nan nan nan nan nan nan nan nan nan nan nan nan nan nan nan nan nan nan
 nan nan]"	1.0	0.02	5.0
2639.7759392843213	2.0	trials	4.0	1.0	1.0	1.0	0.0	3.0	False	0.0	0.0	0.0	"[nan nan nan nan nan nan nan nan nan nan nan nan nan nan nan nan nan nan
 nan nan]"	1.0	0.02	5.0
2649.7374788401908	2.0	trials	4.0	1.0	1.0	1.0	0.0	3.0	False	0.0	0.0	0.0	"[nan nan nan nan nan nan nan nan nan nan nan nan nan nan nan nan nan nan
 nan nan]"	1.0	0.02	5.0
2658.6455468809627	2.0	trials	4.0	1.0	1.0	1.0	0.0	3.0	False	0.0	0.0	0.0	"[nan nan nan nan nan nan nan nan nan nan nan nan nan nan nan nan nan nan
 nan nan]"	1.0	0.02	5.0
2670.0396798258125	2.0	trials	4.0	1.0	1.0	1.0	0.0	3.0	False	0.0	0.0	0.0	"[nan nan nan nan nan nan nan nan nan nan nan nan nan nan nan nan nan nan
 nan nan]"	1.0	0.02	5.0
2683.129406839702	2.0	trials	4.0	1.0	1.0	1.0	0.0	3.0	False	0.0	0.0	0.0	"[nan nan nan nan nan nan nan nan nan nan nan nan nan nan nan nan nan nan
 nan nan]"	1.0	0.02	5.0
2694.987333362264	2.0	trials	4.0	1.0	1.0	1.0	0.0	3.0	False	0.0	0.0	0.0	"[nan nan nan nan nan nan nan nan nan nan nan nan nan nan nan nan nan nan
 nan nan]"	1.0	0.02	5.0
2704.4664170056994	2.0	trials	4.0	1.0	1.0	1.0	0.0	3.0	False	0.0	0.0	0.0	"[nan nan nan nan nan nan nan nan nan nan nan nan nan nan nan nan nan nan
 nan nan]"	1.0	0.02	5.0
2715.5969444726065	2.0	trials	4.0	1.0	1.0	1.0	0.0	3.0	False	0.0	0.0	0.0	"[nan nan nan nan nan nan nan nan nan nan nan nan nan nan nan nan nan nan
 nan nan]"	1.0	0.02	5.0
2728.401120485315	2.0	trials	4.0	1.0	1.0	1.0	0.0	3.0	False	0.0	0.0	0.0	"[nan nan nan nan nan nan nan nan nan nan nan nan nan nan nan nan nan nan
 nan nan]"	1.0	0.02	5.0
2737.3535979707485	2.0	trials	4.0	1.0	1.0	1.0	0.0	3.0	False	0.0	0.0	0.0	"[nan nan nan nan nan nan nan nan nan nan nan nan nan nan nan nan nan nan
 nan nan]"	1.0	0.02	5.0
2745.3695027321874	2.0	trials	4.0	1.0	1.0	1.0	0.0	3.0	False	0.0	0.0	0.0	"[nan nan nan nan nan nan nan nan nan nan nan nan nan nan nan nan nan nan
 nan nan]"	1.0	0.02	5.0
2752.6473812751437	2.0	trials	4.0	1.0	1.0	1.0	0.0	3.0	False	0.0	0.0	0.0	"[nan nan nan nan nan nan nan nan nan nan nan nan nan nan nan nan nan nan
 nan nan]"	1.0	0.02	5.0
2765.685182070664	2.0	trials	4.0	1.0	1.0	1.0	0.0	3.0	False	0.0	0.0	0.0	"[nan nan nan nan nan nan nan nan nan nan nan nan nan nan nan nan nan nan
 nan nan]"	1.0	0.02	5.0
2778.4525518121154	2.0	trials	4.0	1.0	1.0	1.0	0.0	3.0	False	0.0	0.0	0.0	"[nan nan nan nan nan nan nan nan nan nan nan nan nan nan nan nan nan nan
 nan nan]"	1.0	0.02	5.0
2789.973433113617	2.0	trials	4.0	1.0	1.0	1.0	0.0	3.0	False	0.0	0.0	0.0	"[nan nan nan nan nan nan nan nan nan nan nan nan nan nan nan nan nan nan
 nan nan]"	1.0	0.02	5.0
2798.8666404063697	2.0	trials	4.0	1.0	1.0	1.0	0.0	3.0	False	0.0	0.0	0.0	"[nan nan nan nan nan nan nan nan nan nan nan nan nan nan nan nan nan nan
 nan nan]"	1.0	0.02	5.0
2810.739427676951	2.0	trials	4.0	1.0	1.0	1.0	0.0	3.0	False	0.0	0.0	0.0	"[nan nan nan nan nan nan nan nan nan nan nan nan nan nan nan nan nan nan
 nan nan]"	1.0	0.02	5.0
2818.502786121763	2.0	trials	4.0	1.0	1.0	1.0	0.0	3.0	False	0.0	0.0	0.0	"[nan nan nan nan nan nan nan nan nan nan nan nan nan nan nan nan nan nan
 nan nan]"	1.0	0.02	5.0
2825.843045246521	2.0	trials	4.0	1.0	1.0	1.0	0.0	3.0	False	0.0	0.0	0.0	"[nan nan nan nan nan nan nan nan nan nan nan nan nan nan nan nan nan nan
 nan nan]"	1.0	0.02	5.0
2834.4878534081404	2.0	trials	4.0	1.0	1.0	1.0	0.0	3.0	False	0.0	0.0	0.0	"[nan nan nan nan nan nan nan nan nan nan nan nan nan nan nan nan nan nan
 nan nan]"	1.0	0.02	5.0
2844.8035453252323	2.0	trials	4.0	1.0	1.0	1.0	0.0	3.0	False	0.0	0.0	0.0	"[nan nan nan nan nan nan nan nan nan nan nan nan nan nan nan nan nan nan
 nan nan]"	1.0	0.02	5.0
2856.9965298758066	2.0	trials	4.0	1.0	1.0	1.0	0.0	3.0	False	0.0	0.0	0.0	"[nan nan nan nan nan nan nan nan nan nan nan nan nan nan nan nan nan nan
 nan nan]"	1.0	0.02	5.0
2869.245674229941	2.0	trials	4.0	1.0	1.0	1.0	0.0	3.0	False	0.0	0.0	0.0	"[nan nan nan nan nan nan nan nan nan nan nan nan nan nan nan nan nan nan
 nan nan]"	1.0	0.02	5.0
2879.199092214219	2.0	trials	4.0	1.0	1.0	1.0	0.0	3.0	False	0.0	0.0	0.0	"[nan nan nan nan nan nan nan nan nan nan nan nan nan nan nan nan nan nan
 nan nan]"	1.0	0.02	5.0
2890.5051838670256	2.0	trials	4.0	1.0	1.0	1.0	0.0	3.0	False	0.0	0.0	0.0	"[nan nan nan nan nan nan nan nan nan nan nan nan nan nan nan nan nan nan
 nan nan]"	1.0	0.02	5.0
2903.181229127918	2.0	trials	4.0	1.0	1.0	1.0	0.0	3.0	False	0.0	0.0	0.0	"[nan nan nan nan nan nan nan nan nan nan nan nan nan nan nan nan nan nan
 nan nan]"	1.0	0.02	5.0
2914.167123500732	2.0	trials	4.0	1.0	1.0	1.0	0.0	3.0	False	0.0	0.0	0.0	"[nan nan nan nan nan nan nan nan nan nan nan nan nan nan nan nan nan nan
 nan nan]"	1.0	0.02	5.0
2925.2849502120634	2.0	trials	4.0	1.0	1.0	1.0	0.0	3.0	False	0.0	0.0	0.0	"[nan nan nan nan nan nan nan nan nan nan nan nan nan nan nan nan nan nan
 nan nan]"	1.0	0.02	5.0
2935.7253168930606	2.0	trials	4.0	1.0	1.0	1.0	0.0	3.0	False	0.0	0.0	0.0	"[nan nan nan nan nan nan nan nan nan nan nan nan nan nan nan nan nan nan
 nan nan]"	1.0	0.02	5.0
2946.116867744808	2.0	trials	4.0	1.0	1.0	1.0	0.0	3.0	False	0.0	0.0	0.0	"[nan nan nan nan nan nan nan nan nan nan nan nan nan nan nan nan nan nan
 nan nan]"	1.0	0.02	5.0
2958.2392637422918	2.0	trials	4.0	1.0	1.0	1.0	0.0	3.0	False	0.0	0.0	0.0	"[nan nan nan nan nan nan nan nan nan nan nan nan nan nan nan nan nan nan
 nan nan]"	1.0	0.02	5.0
2967.674974737439	2.0	trials	4.0	1.0	1.0	1.0	0.0	3.0	False	0.0	0.0	0.0	"[nan nan nan nan nan nan nan nan nan nan nan nan nan nan nan nan nan nan
 nan nan]"	1.0	0.02	5.0
2976.819173152259	2.0	trials	4.0	1.0	1.0	1.0	0.0	3.0	False	0.0	0.0	0.0	"[nan nan nan nan nan nan nan nan nan nan nan nan nan nan nan nan nan nan
 nan nan]"	1.0	0.02	5.0
2989.1437444425596	2.0	trials	4.0	1.0	1.0	1.0	0.0	3.0	False	0.0	0.0	0.0	"[nan nan nan nan nan nan nan nan nan nan nan nan nan nan nan nan nan nan
 nan nan]"	1.0	0.02	5.0
2998.65894315967	2.0	trials	4.0	1.0	1.0	1.0	0.0	3.0	False	0.0	0.0	0.0	"[nan nan nan nan nan nan nan nan nan nan nan nan nan nan nan nan nan nan
 nan nan]"	1.0	0.02	5.0
3007.458493180024	2.0	trials	4.0	1.0	1.0	1.0	0.0	3.0	False	0.0	0.0	0.0	"[nan nan nan nan nan nan nan nan nan nan nan nan nan nan nan nan nan nan
 nan nan]"	1.0	0.02	5.0
3091.6526658800913	2.0	trials	5.0	0.0	0.0	0.0	0.0	0.0	True	40.0	0.0	0.005	"[35791109.93766756 35791388.93669165 35791678.93567728 35791968.93466289
 35792257.93365201 35792547.93263763 35792836.93162675 35793126.93061238
 35793416.929598   35793705.92858712 35793995.92757273 35794285.92655835
 35794574.92554747 35794864.9245331  35795154.92351871 35795443.92250783
 35795733.92149346 35796023.92047907 35796312.91946819 35796602.91845381]"	0.0	0.0	0.0
3103.665161461991	2.0	trials	5.0	0.0	0.0	0.0	0.0	0.0	True	40.0	0.0	0.005	"[35930141.45135307 35930422.45037017 35930712.44935579 35931001.44834491
 35931291.44733053 35931581.44631615 35931870.44530527 35932160.44429088
 35932450.44327651 35932739.44226563 35933029.44125125 35933318.44024037
 35933608.43922599 35933898.43821161 35934187.43720073 35934477.43618634
 35934767.43517197 35935056.43416108 35935346.43314671 35935636.43213233]"	0.0	0.0	0.0
3112.3350255359687	2.0	trials	5.0	0.0	0.0	0.0	0.0	0.0	True	40.0	0.0	0.005	"[36030506.10029034 36030768.09937389 36031058.09835952 36031347.09734863
 36031637.09633426 36031927.09531987 36032216.09430899 36032506.09329461
 36032796.09228024 36033085.09126935 36033375.09025498 36033665.08924059
 36033954.08822971 36034244.08721533 36034533.08620445 36034823.08519007
 36035113.08417569 36035402.08316481 36035692.08215043 36035982.08113606]"	0.0	0.0	0.0
3123.2312370224813	2.0	trials	5.0	0.0	0.0	0.0	0.0	0.0	True	40.0	0.0	0.005	"[36156618.6591647  36156881.65824476 36157171.65723038 36157460.6562195
 36157750.65520512 36158040.65419073 36158329.65317986 36158619.65216548
 36158908.6511546  36159198.65014022 36159488.64912584 36159777.64811496
 36160067.64710058 36160357.64608619 36160646.64507531 36160936.64406094
 36161226.64304656 36161515.64203568 36161805.6410213  36162095.64000691]"	0.0	0.0	0.0
3136.0650481315292	2.0	trials	5.0	0.0	0.0	0.0	0.0	0.0	True	40.0	0.0	0.005	"[36305160.13958555 36305421.13867261 36305711.13765823 36306000.13664735
 36306290.13563297 36306580.1346186  36306869.13360772 36307159.13259333
 36307449.13157895 36307738.13056807 36308028.12955369 36308318.12853932
 36308607.12752843 36308897.12651405 36309186.12550317 36309476.12448879
 36309766.12347441 36310055.12246353 36310345.12144915 36310635.12043478]"	0.0	0.0	0.0
3144.9335451107154	2.0	trials	5.0	0.0	0.0	0.0	0.0	0.0	True	40.0	0.0	0.005	"[36407776.78064564 36408065.77963476 36408354.77862388 36408644.7776095
 36408934.77659512 36409223.77558424 36409513.77456986 36409803.77355548
 36410092.77254459 36410382.77153022 36410672.77051584 36410961.76950496
 36411251.76849058 36411540.7674797  36411830.76646531 36412120.76545094
 36412409.76444005 36412699.76342568 36412989.76241129 36413278.76140041]"	0.0	0.0	0.0
3154.508878017484	2.0	trials	5.0	0.0	0.0	0.0	0.0	0.0	True	40.0	0.0	0.005	"[36518604.3929848  36518891.39198091 36519180.39097003 36519470.38995565
 36519760.38894127 36520049.38793039 36520339.38691601 36520629.38590163
 36520918.38489074 36521208.38387637 36521498.38286199 36521787.38185111
 36522077.38083673 36522366.37982585 36522656.37881146 36522946.37779709
 36523235.3767862  36523525.37577183 36523815.37475745 36524104.37374656]"	0.0	0.0	0.0
3164.6973031797384	2.0	trials	5.0	0.0	0.0	0.0	0.0	0.0	True	40.0	0.0	0.005	"[36636545.98044018 36636812.97950624 36637102.97849187 36637391.97748099
 36637681.9764666  36637971.97545222 36638260.97444134 36638550.97342696
 36638839.97241609 36639129.9714017  36639419.97038732 36639708.96937644
 36639998.96836206 36640288.96734768 36640577.9663368  36640867.96532242
 36641157.96430805 36641446.96329717 36641736.96228278 36642026.9612684 ]"	0.0	0.0	0.0
3172.7374862562556	2.0	trials	5.0	0.0	0.0	0.0	0.0	0.0	True	40.0	0.0	0.005	"[36729581.65501326 36729870.65400238 36730160.65298799 36730449.65197711
 36730739.65096273 36731028.64995185 36731318.64893747 36731608.6479231
 36731897.64691221 36732187.64589784 36732477.64488345 36732766.64387257
 36733056.64285819 36733346.64184381 36733635.64083293 36733925.63981855
 36734215.63880417 36734504.6377933  36734794.63677891 36735083.63576803]"	0.0	0.0	0.0
3184.8572038631078	2.0	trials	5.0	0.0	0.0	0.0	0.0	0.0	True	40.0	0.0	0.005	"[36869856.16435093 36870145.16334004 36870435.16232567 36870725.16131128
 36871014.1603004  36871304.15928602 36871594.15827164 36871883.15726076
 36872173.15624638 36872463.155232   36872752.15422112 36873042.15320674
 36873331.15219586 36873621.15118148 36873911.1501671  36874200.14915623
 36874490.14814184 36874780.14712746 36875069.14611658 36875359.1451022 ]"	0.0	0.0	0.0
3195.9154147829686	2.0	trials	5.0	0.0	0.0	0.0	0.0	0.0	True	40.0	0.0	0.005	"[36997845.71665981 36998133.71565242 36998423.71463804 36998712.71362716
 36999002.71261279 36999292.7115984  36999581.71058752 36999871.70957313
 37000161.70855876 37000450.70754788 37000740.7065335  37001029.70552262
 37001319.70450824 37001609.70349386 37001898.70248298 37002188.7014686
 37002478.70045421 37002767.69944333 37003057.69842896 37003347.69741458]"	0.0	0.0	0.0
3208.8640510903733	2.0	trials	5.0	0.0	0.0	0.0	0.0	0.0	True	40.0	0.0	0.005	"[37147741.19234456 37148002.19143162 37148292.19041725 37148582.18940286
 37148871.18839198 37149161.18737759 37149450.18636671 37149740.18535234
 37150030.18433796 37150319.18332708 37150609.1823127  37150899.18129832
 37151188.18028744 37151478.17927306 37151768.17825867 37152057.17724779
 37152347.17623342 37152636.17522253 37152926.17420816 37153216.17319378]"	0.0	0.0	0.0
3219.6037927241964	2.0	trials	5.0	0.0	0.0	0.0	0.0	0.0	True	40.0	0.0	0.005	"[37272029.75759902 37272304.7566371  37272594.75562273 37272884.75460835
 37273173.75359747 37273463.75258309 37273753.75156871 37274042.75055782
 37274332.74954345 37274622.74852906 37274911.74751818 37275201.74650381
 37275490.74549293 37275780.74447855 37276070.74346416 37276359.74245328
 37276649.74143891 37276939.74042453 37277228.73941364 37277518.73839927]"	0.0	0.0	0.0
3227.379506325792	2.0	trials	5.0	0.0	0.0	0.0	0.0	0.0	True	40.0	0.0	0.005	"[37362024.4428091  37362301.44184019 37362591.44082581 37362881.43981143
 37363170.43880055 37363460.43778617 37363750.43677179 37364039.43576091
 37364329.43474653 37364618.43373565 37364908.43272126 37365198.43170689
 37365487.430696   37365777.42968162 37366067.42866725 37366356.42765637
 37366646.42664199 37366936.4256276  37367225.42461672 37367515.42360235]"	0.0	0.0	0.0
3239.7569542311385	2.0	trials	5.0	0.0	0.0	0.0	0.0	0.0	True	40.0	0.0	0.005	"[37505278.94172315 37505558.94074374 37505848.93972936 37506137.93871848
 37506427.93770409 37506717.93668972 37507006.93567884 37507296.93466446
 37507586.93365008 37507875.9326392  37508165.93162482 37508455.93061044
 37508744.92959955 37509034.92858518 37509324.9275708  37509613.92655992
 37509903.92554554 37510192.92453466 37510482.92352027 37510772.9225059 ]"	0.0	0.0	0.0
3250.552855668522	2.0	trials	5.0	0.0	0.0	0.0	0.0	0.0	True	40.0	0.0	0.005	"[37630231.50465502 37630511.50367562 37630800.50266474 37631090.50165036
 37631380.50063598 37631669.4996251  37631959.49861072 37632248.49759984
 37632538.49658545 37632828.49557108 37633117.4945602  37633407.49354582
 37633697.49253143 37633986.49152055 37634276.49050618 37634566.4894918
 37634855.48848092 37635145.48746653 37635435.48645215 37635724.48544127]"	0.0	0.0	0.0
3261.9931260519893	2.0	trials	5.0	0.0	0.0	0.0	0.0	0.0	True	40.0	0.0	0.005	"[37762634.04152784 37762923.04051696 37763212.03950609 37763502.0384917
 37763791.03748082 37764081.03646644 37764371.03545206 37764660.03444118
 37764950.0334268  37765240.03241242 37765529.03140154 37765819.03038716
 37766109.02937277 37766398.0283619  37766688.02734752 37766977.02633663
 37767267.02532226 37767557.02430788 37767846.023297   37768136.02228262]"	0.0	0.0	0.0
3270.3891894836847	2.0	trials	5.0	0.0	0.0	0.0	0.0	0.0	True	40.0	0.0	0.005	"[37859835.70152884 37860098.7006089  37860388.69959453 37860678.69858015
 37860967.69756927 37861257.69655488 37861547.69554051 37861836.69452962
 37862126.69351525 37862415.69250436 37862705.69148998 37862995.69047561
 37863284.68946472 37863574.68845034 37863864.68743596 37864153.68642508
 37864443.6854107  37864733.68439633 37865022.68338544 37865312.68237107]"	0.0	0.0	0.0
3280.2391870297133	2.0	trials	5.0	0.0	0.0	0.0	0.0	0.0	True	40.0	0.0	0.005	"[37973842.3027483  37974103.30183536 37974392.30082447 37974682.2998101
 37974971.29879922 37975261.29778484 37975551.29677045 37975840.29575957
 37976130.29474519 37976420.29373082 37976709.29271994 37976999.29170556
 37977289.29069117 37977578.28968029 37977868.28866592 37978158.28765153
 37978447.28664065 37978737.28562628 37979026.28461539 37979316.28360101]"	0.0	0.0	0.0
3287.884437087653	2.0	trials	5.0	0.0	0.0	0.0	0.0	0.0	True	40.0	0.0	0.005	"[38062328.99323315 38062589.99232021 38062878.99130933 38063168.99029494
 38063458.98928057 38063747.98826969 38064037.98725531 38064327.98624092
 38064616.98523004 38064906.98421567 38065196.98320129 38065485.98219041
 38065775.98117603 38066065.98016164 38066354.97915076 38066644.97813639
 38066933.9771255  38067223.97611113 38067513.97509674 38067802.97408586]"	0.0	0.0	0.0
3298.581151671979	2.0	trials	5.0	0.0	0.0	0.0	0.0	0.0	True	40.0	0.0	0.005	"[38186108.56026801 38186395.55926413 38186684.55825325 38186974.55723887
 38187263.55622799 38187553.55521362 38187843.55419923 38188132.55318835
 38188422.55217396 38188712.55115959 38189001.55014871 38189291.54913434
 38189581.54811995 38189870.54710907 38190160.54609469 38190449.54508381
 38190739.54406943 38191029.54305505 38191318.54204417 38191608.54102979]"	0.0	0.0	0.0
3309.921284805713	2.0	trials	5.0	0.0	0.0	0.0	0.0	0.0	True	40.0	0.0	0.005	"[38317385.10107943 38317646.10016649 38317936.09915211 38318226.09813774
 38318515.09712685 38318805.09611247 38319095.09509809 38319384.09408721
 38319674.09307282 38319964.09205846 38320253.09104757 38320543.09003319
 38320832.08902231 38321122.08800793 38321412.08699355 38321701.08598267
 38321991.08496829 38322281.08395391 38322570.08294303 38322860.08192865]"	0.0	0.0	0.0
3316.3950413613807	2.0	trials	5.0	0.0	0.0	0.0	0.0	0.0	True	40.0	0.0	0.005	"[38392283.83909321 38392573.83807883 38392863.83706445 38393152.83605357
 38393442.83503919 38393732.8340248  38394021.83301392 38394311.83199955
 38394601.83098517 38394890.82997429 38395180.8289599  38395469.82794902
 38395759.82693464 38396049.82592027 38396338.82490938 38396628.82389501
 38396918.82288062 38397207.82186974 38397497.82085536 38397787.81984098]"	0.0	0.0	0.0
3322.9889798966674	2.0	trials	5.0	0.0	0.0	0.0	0.0	0.0	True	40.0	0.0	0.005	"[38468616.57209105 38468892.57112563 38469181.57011475 38469471.56910038
 38469761.568086   38470050.56707511 38470340.56606074 38470629.56504985
 38470919.56403548 38471209.56302109 38471498.56201021 38471788.56099583
 38472078.55998146 38472367.55897057 38472657.5579562  38472947.55694181
 38473236.55593093 38473526.55491655 38473816.55390217 38474105.55289129]"	0.0	0.0	0.0
3328.7610845066188	2.0	trials	5.0	0.0	0.0	0.0	0.0	0.0	True	40.0	0.0	0.005	"[38535436.33836403 38535699.3374441  38535989.33642972 38536278.33541884
 38536568.33440445 38536858.33339007 38537147.33237919 38537437.33136482
 38537726.33035393 38538016.32933956 38538306.32832517 38538595.32731429
 38538885.32629991 38539175.32528553 38539464.32427465 38539754.32326027
 38540044.3222459  38540333.32123502 38540623.32022063 38540912.31920975]"	0.0	0.0	0.0
3335.5348208129967	2.0	trials	5.0	0.0	0.0	0.0	0.0	0.0	True	40.0	0.0	0.005	"[38613809.06422624 38614099.06321186 38614388.06220098 38614678.0611866
 38614968.06017222 38615257.05916134 38615547.05814696 38615837.05713258
 38616126.0561217  38616416.05510732 38616705.05409643 38616995.05308206
 38617285.05206767 38617574.05105679 38617864.05004241 38618154.04902804
 38618443.04801715 38618733.04700278 38619023.0459884  38619312.04497751]"	0.0	0.0	0.0
3342.3352546259907	2.0	trials	5.0	0.0	0.0	0.0	0.0	0.0	True	40.0	0.0	0.005	"[38692518.78890967 38692807.78789878 38693097.78688441 38693387.78587002
 38693676.78485914 38693966.78384476 38694256.78283039 38694545.7818195
 38694835.78080513 38695125.77979074 38695414.77877986 38695704.77776548
 38695994.7767511  38696283.77574023 38696573.77472584 38696862.77371496
 38697152.77270059 38697442.7716862  38697731.77067532 38698021.76966094]"	0.0	0.0	0.0
3348.400686209924	2.0	trials	5.0	0.0	0.0	0.0	0.0	0.0	True	40.0	0.0	0.005	"[38762719.54335638 38763009.54234201 38763299.54132763 38763588.54031675
 38763878.53930236 38764167.53829148 38764457.5372771  38764747.53626273
 38765036.53525185 38765326.53423746 38765616.53322309 38765905.53221221
 38766195.53119782 38766485.53018344 38766774.52917256 38767064.52815819
 38767354.52714381 38767643.52613292 38767933.52511854 38768222.52410766]"	0.0	0.0	0.0
3356.5964751421525	2.0	trials	5.0	0.0	0.0	0.0	0.0	0.0	True	40.0	0.0	0.005	"[38857586.21152489 38857868.21053848 38858158.20952411 38858448.20850973
 38858737.20749885 38859027.20648447 38859317.20547009 38859606.20445921
 38859896.20344483 38860186.20243045 38860475.20141957 38860765.20040519
 38861054.19939431 38861344.19837993 38861634.19736554 38861923.19635466
 38862213.19534029 38862503.19432591 38862792.19331502 38863082.19230065]"	0.0	0.0	0.0
3363.915479941255	2.0	trials	5.0	0.0	0.0	0.0	0.0	0.0	True	40.0	0.0	0.005	"[38942293.91522814 38942578.91423126 38942867.91322038 38943157.912206
 38943446.91119511 38943736.91018074 38944026.90916636 38944315.90815547
 38944605.9071411  38944895.90612672 38945184.90511584 38945474.90410146
 38945764.90308708 38946053.90207619 38946343.90106182 38946633.90004744
 38946922.89903656 38947212.89802217 38947501.89701129 38947791.89599691]"	0.0	0.0	0.0
3370.821407785245	2.0	trials	5.0	0.0	0.0	0.0	0.0	0.0	True	40.0	0.0	0.005	"[39022219.63565818 39022508.63464729 39022797.63363642 39023087.63262204
 39023376.63161115 39023666.63059678 39023956.62958239 39024245.62857151
 39024535.62755714 39024825.62654275 39025114.62553187 39025404.62451749
 39025694.62350312 39025983.62249223 39026273.62147786 39026563.62046347
 39026852.6194526  39027142.61843821 39027431.61742733 39027721.61641295]"	0.0	0.0	0.0
3376.4606296600023	2.0	trials	5.0	0.0	0.0	0.0	0.0	0.0	True	40.0	0.0	0.005	"[39087513.4072689  39087777.40634546 39088067.40533108 39088356.40432021
 39088646.40330582 39088936.40229145 39089225.40128056 39089515.40026619
 39089804.3992553  39090094.39824092 39090384.39722654 39090673.39621565
 39090963.39520128 39091253.3941869  39091542.39317602 39091832.39216164
 39092122.39114726 39092411.39013638 39092701.389122   39092990.38811111]"	0.0	0.0	0.0
3386.265872162578	2.0	trials	5.0	0.0	0.0	0.0	0.0	0.0	True	40.0	0.0	0.005	"[39201002.01030025 39201264.00938381 39201553.00837293 39201843.00735854
 39202133.00634417 39202422.00533329 39202712.00431891 39203001.00330803
 39203291.00229365 39203581.00127926 39203870.00026839 39204159.99925401
 39204449.99823962 39204738.99722875 39205028.99621437 39205318.99519999
 39205607.99418911 39205897.99317472 39206187.99216035 39206476.99114946]"	0.0	0.0	0.0
3391.4131341581456	2.0	trials	5.0	0.0	0.0	0.0	0.0	0.0	True	40.0	0.0	0.005	"[39260575.80191873 39260838.80099879 39261128.79998441 39261417.79897353
 39261707.79795915 39261997.79694477 39262286.79593389 39262576.79491951
 39262866.79390513 39263155.79289424 39263445.79187987 39263735.79086549
 39264024.78985462 39264314.78884023 39264603.78782935 39264893.78681497
 39265183.78580059 39265472.7847897  39265762.78377533 39266052.78276095]"	0.0	0.0	0.0
3400.47326566702	2.0	trials	5.0	0.0	0.0	0.0	0.0	0.0	True	40.0	0.0	0.005	"[39365428.4351576  39365701.43420269 39365991.4331883  39366281.43217392
 39366570.43116304 39366860.43014866 39367150.42913429 39367439.42812341
 39367729.42710902 39368019.42609464 39368308.42508376 39368598.42406938
 39368888.423055   39369177.42204412 39369467.42102974 39369756.42001886
 39370046.41900449 39370336.4179901  39370625.41697922 39370915.41596483]"	0.0	0.0	0.0
3408.591122071846	2.0	trials	5.0	0.0	0.0	0.0	0.0	0.0	True	40.0	0.0	0.005	"[39459385.10650915 39459658.10555424 39459947.10454336 39460237.10352898
 39460527.10251459 39460816.10150371 39461106.10048934 39461396.09947496
 39461685.09846407 39461975.0974497  39462265.09643532 39462554.09542443
 39462844.09441005 39463133.09339917 39463423.09238479 39463713.09137041
 39464002.09035953 39464292.08934516 39464582.08833078 39464871.08731989]"	0.0	0.0	0.0
3418.0859304602786	2.0	trials	5.0	0.0	0.0	0.0	0.0	0.0	True	40.0	0.0	0.005	"[39569277.72211881 39569551.72116039 39569841.72014602 39570131.71913163
 39570420.71812075 39570710.71710637 39571000.716092   39571289.71508111
 39571579.71406674 39571868.71305586 39572158.71204147 39572448.71102709
 39572737.71001621 39573027.70900183 39573317.70798745 39573606.70697657
 39573896.70596219 39574186.70494781 39574475.70393693 39574765.70292255]"	0.0	0.0	0.0
3425.8910199591223	2.0	trials	5.0	0.0	0.0	0.0	0.0	0.0	True	40.0	0.0	0.005	"[39659611.40614311 39659888.4051742  39660178.40415982 39660467.40314893
 39660757.40213457 39661047.40112018 39661336.4001093  39661626.39909492
 39661915.39808404 39662205.39706966 39662495.39605528 39662784.3950444
 39663074.39403002 39663364.39301564 39663653.39200476 39663943.39099038
 39664233.38997599 39664522.38896511 39664812.38795074 39665101.38693986]"	0.0	0.0	0.0
3434.776105680283	2.0	trials	5.0	0.0	0.0	0.0	0.0	0.0	True	40.0	0.0	0.005	"[39762464.0463777  39762725.04546475 39763015.04445038 39763304.04343949
 39763594.04242512 39763884.04141074 39764173.04039986 39764463.03938548
 39764753.0383711  39765042.03736021 39765332.03634584 39765621.03533495
 39765911.03432057 39766201.0333062  39766490.03229532 39766780.03128093
 39767070.03026655 39767359.02925567 39767649.0282413  39767939.02722692]"	0.0	0.0	0.0
3441.3213147860183	2.0	trials	5.0	0.0	0.0	0.0	0.0	0.0	True	40.0	0.0	0.005	"[39838190.78149524 39838479.78048436 39838769.77946998 39839059.77845561
 39839348.77744472 39839638.77643034 39839928.77541596 39840217.77440508
 39840507.7733907  39840796.77237982 39841086.77136544 39841376.77035106
 39841665.76934018 39841955.7683258  39842245.76731142 39842534.76630054
 39842824.76528616 39843114.76427178 39843403.7632609  39843693.76224652]"	0.0	0.0	0.0
3450.850942252659	2.0	trials	5.0	0.0	0.0	0.0	0.0	0.0	True	40.0	0.0	0.005	"[39948487.39569176 39948776.39468088 39949066.3936665  39949356.39265212
 39949645.39164124 39949935.39062686 39950225.38961248 39950514.38860159
 39950804.38758723 39951094.38657284 39951383.38556196 39951673.38454758
 39951962.3835367  39952252.38252232 39952542.38150794 39952831.38049706
 39953121.37948268 39953411.3784683  39953700.37745742 39953990.37644304]"	0.0	0.0	0.0
3458.151198317341	2.0	trials	5.0	0.0	0.0	0.0	0.0	0.0	True	40.0	0.0	0.005	"[40033006.10005612 40033270.09913268 40033560.09811831 40033849.09710743
 40034139.09609304 40034429.09507867 40034718.09406778 40035008.0930534
 40035298.09203903 40035587.09102815 40035877.09001376 40036167.08899938
 40036456.0879885  40036746.08697412 40037035.08596324 40037325.08494886
 40037615.08393449 40037904.08292361 40038194.08190922 40038484.08089484]"	0.0	0.0	0.0
3464.5181648465455	2.0	trials	5.0	0.0	0.0	0.0	0.0	0.0	True	40.0	0.0	0.005	"[40106672.84237926 40106961.84136838 40107251.840354   40107540.83934312
 40107830.83832873 40108120.83731435 40108409.83630347 40108699.8352891
 40108988.83427821 40109278.83326384 40109568.83224945 40109857.83123857
 40110147.83022419 40110437.82920981 40110726.82819893 40111016.82718455
 40111306.82617018 40111595.8251593  40111885.82414491 40112174.82313403]"	0.0	0.0	0.0
3469.815071118677	2.0	trials	5.0	0.0	0.0	0.0	0.0	0.0	True	40.0	0.0	0.005	"[40167981.62792895 40168268.62692507 40168558.62591068 40168847.6248998
 40169137.62388542 40169427.62287104 40169716.62186016 40170006.62084579
 40170296.6198314  40170585.61882052 40170875.61780614 40171165.61679176
 40171454.61578088 40171744.6147665  40172034.61375212 40172323.61274125
 40172613.61172686 40172902.61071598 40173192.6097016  40173482.60868722]"	0.0	0.0	0.0
3479.1267121478045	2.0	trials	5.0	0.0	0.0	0.0	0.0	0.0	True	40.0	0.0	0.005	"[40275779.25086662 40276042.24994668 40276332.24893231 40276621.24792142
 40276911.24690704 40277201.24589267 40277490.24488179 40277780.2438674
 40278069.24285652 40278359.24184214 40278649.24082776 40278938.23981688
 40279228.2388025  40279518.23778812 40279807.23677724 40280097.23576286
 40280387.23474848 40280676.2337376  40280966.23272321 40281256.23170885]"	0.0	0.0	0.0
3485.90096685237	2.0	trials	5.0	0.0	0.0	0.0	0.0	0.0	True	40.0	0.0	0.005	"[40354160.97669734 40354447.97569346 40354737.97467908 40355027.9736647
 40355316.97265382 40355606.97163945 40355896.97062506 40356185.96961418
 40356475.9685998  40356764.96758892 40357054.96657454 40357344.96556016
 40357633.96454928 40357923.9635349  40358213.96252052 40358502.96150964
 40358792.96049526 40359082.95948087 40359371.95846999 40359661.95745562]"	0.0	0.0	0.0
3494.149718799341	2.0	trials	5.0	0.0	0.0	0.0	0.0	0.0	True	40.0	0.0	0.005	"[40449657.64266219 40449919.64174575 40450209.64073137 40450498.63972049
 40450788.63870612 40451077.63769524 40451367.63668086 40451657.63566647
 40451946.63465559 40452236.63364122 40452526.63262683 40452815.63161596
 40453105.63060157 40453395.6295872  40453684.62857632 40453974.62756193
 40454264.62654755 40454553.62553667 40454843.62452229 40455132.62351141]"	0.0	0.0	0.0
3504.2131235989	2.0	trials	5.0	0.0	0.0	0.0	0.0	0.0	True	40.0	0.0	0.005	"[40566123.23528042 40566394.23433249 40566684.23331811 40566973.23230724
 40567263.23129286 40567552.23028197 40567842.2292676  40568132.22825322
 40568421.22724234 40568711.22622795 40569001.22521357 40569290.22420269
 40569580.22318832 40569870.22217393 40570159.22116305 40570449.22014868
 40570739.21913429 40571028.21812341 40571318.21710903 40571607.21609815]"	0.0	0.0	0.0
3512.0549329693013	2.0	trials	5.0	0.0	0.0	0.0	0.0	0.0	True	40.0	0.0	0.005	"[40656866.9178706  40657155.91685972 40657445.91584533 40657735.91483095
 40658024.91382007 40658314.91280569 40658604.91179132 40658893.91078043
 40659183.90976605 40659473.90875167 40659762.90774079 40660052.90672641
 40660341.90571553 40660631.90470115 40660921.90368678 40661210.90267589
 40661500.90166151 40661790.90064713 40662079.89963625 40662369.89862186]"	0.0	0.0	0.0
3518.54579666513	2.0	trials	5.0	0.0	0.0	0.0	0.0	0.0	True	40.0	0.0	0.005	"[40732021.65498891 40732281.65407947 40732571.65306509 40732860.65205421
 40733150.65103983 40733440.65002545 40733729.64901457 40734019.64800019
 40734309.64698581 40734598.64597493 40734888.64496055 40735178.64394617
 40735467.64293529 40735757.64192091 40736047.64090653 40736336.63989565
 40736626.63888127 40736915.63787039 40737205.636856   40737495.63584163]"	0.0	0.0	0.0
3551.9196671278037	2.0	trials	6.0	0.0	0.0	0.0	0.0	0.0	True	40.0	0.0	0.005	"[41118266.30395443 41118553.30295054 41118843.30193616 41119133.30092178
 41119422.2999109  41119712.29889652 41120002.29788214 41120291.29687126
 41120581.29585688 41120870.294846   41121160.29383162 41121450.29281724
 41121739.29180636 41122029.29079197 41122319.2897776  41122608.28876672
 41122898.28775234 41123188.28673796 41123477.28572708 41123767.28471269]"	0.0	0.0	0.0
3557.3972351680054	2.0	trials	6.0	0.0	0.0	0.0	0.0	0.0	True	40.0	0.0	0.005	"[41181669.0821796  41181951.0811932  41182241.08017882 41182531.07916445
 41182820.07815357 41183110.07713918 41183400.0761248  41183689.07511391
 41183979.07409954 41184268.07308866 41184558.07207428 41184848.0710599
 41185137.07004902 41185427.06903464 41185717.06802026 41186006.06700938
 41186296.06599499 41186586.06498062 41186875.06396974 41187165.06295536]"	0.0	0.0	0.0
3565.1674191889424	2.0	trials	6.0	0.0	0.0	0.0	0.0	0.0	True	40.0	0.0	0.005	"[41271621.76753658 41271883.76662015 41272172.76560926 41272462.76459488
 41272752.7635805  41273041.76256962 41273331.76155525 41273620.76054436
 41273910.75952999 41274200.7585156  41274489.75750472 41274779.75649033
 41275069.75547596 41275358.75446508 41275648.7534507  41275938.75243632
 41276227.75142544 41276517.75041106 41276807.74939668 41277096.7483858 ]"	0.0	0.0	0.0
3573.5738505843724	2.0	trials	6.0	0.0	0.0	0.0	0.0	0.0	True	40.0	0.0	0.005	"[41368893.42729273 41369180.42628884 41369470.42527446 41369759.42426358
 41370049.42324921 41370339.42223483 41370628.42122395 41370918.42020956
 41371208.41919519 41371497.4181843  41371787.41716993 41372077.41615554
 41372366.41514466 41372656.41413029 41372946.4131159  41373235.41210502
 41373525.41109064 41373814.41007976 41374104.40906539 41374394.408051  ]"	0.0	0.0	0.0
3578.9854092554656	2.0	trials	6.0	0.0	0.0	0.0	0.0	0.0	True	40.0	0.0	0.005	"[41431540.20816229 41431814.20720387 41432103.20619299 41432393.20517861
 41432683.20416424 41432972.20315335 41433262.20213898 41433552.20112459
 41433841.20011371 41434131.19909933 41434421.19808495 41434710.19707407
 41435000.19605969 41435290.19504531 41435579.19403443 41435869.19302005
 41436158.19200917 41436448.19099479 41436738.18998041 41437027.18896953]"	0.0	0.0	0.0
3588.291434304236	2.0	trials	6.0	0.0	0.0	0.0	0.0	0.0	True	40.0	0.0	0.005	"[41539237.83144975 41539522.83045285 41539812.82943848 41540102.8284241
 41540391.82741322 41540681.82639883 41540971.82538445 41541260.82437357
 41541550.8233592  41541840.82234481 41542129.82133394 41542419.82031956
 41542709.81930517 41542998.81829429 41543288.81727991 41543577.81626903
 41543867.81525465 41544157.81424028 41544446.81322939 41544736.81221502]"	0.0	0.0	0.0
3595.870156594882	2.0	trials	6.0	0.0	0.0	0.0	0.0	0.0	True	40.0	0.0	0.005	"[41626975.52455449 41627239.52363106 41627529.52261668 41627819.5216023
 41628108.52059142 41628398.51957703 41628687.51856615 41628977.51755178
 41629267.51653739 41629556.51552652 41629846.51451213 41630136.51349775
 41630425.51248688 41630715.51147249 41631005.51045811 41631294.50944723
 41631584.50843286 41631873.50742197 41632163.5064076  41632453.50539321]"	0.0	0.0	0.0
3601.737905670282	2.0	trials	6.0	0.0	0.0	0.0	0.0	0.0	True	40.0	0.0	0.005	"[41694863.28709176 41695153.28607738 41695443.28506301 41695732.28405213
 41696022.28303774 41696312.28202336 41696601.28101248 41696891.27999811
 41697180.27898722 41697470.27797284 41697760.27695846 41698049.27594758
 41698339.2749332  41698629.27391882 41698918.27290794 41699208.27189355
 41699498.27087918 41699787.26986829 41700077.26885392 41700366.26784304]"	0.0	0.0	0.0
3611.1152968694246	2.0	trials	6.0	0.0	0.0	0.0	0.0	0.0	True	40.0	0.0	0.005	"[41803400.90744101 41803687.90643713 41803977.90542275 41804266.90441187
 41804556.90339749 41804846.9023831  41805135.90137222 41805425.90035785
 41805715.89934347 41806004.89833259 41806294.89731821 41806584.89630383
 41806873.89529295 41807163.89427857 41807452.89326768 41807742.89225331
 41808032.89123893 41808321.89022805 41808611.88921367 41808901.88819928]"	0.0	0.0	0.0
3619.557152140946	2.0	trials	6.0	0.0	0.0	0.0	0.0	0.0	True	40.0	0.0	0.005	"[41901109.5656686  41901394.56467171 41901684.56365733 41901974.56264295
 41902263.56163207 41902553.56061769 41902843.55960331 41903132.55859243
 41903422.55757805 41903711.55656717 41904001.55555279 41904291.55453841
 41904580.55352753 41904870.55251315 41905160.55149876 41905449.55048789
 41905739.5494735  41906029.54845913 41906318.54744825 41906608.54643387]"	0.0	0.0	0.0
3627.064767480313	2.0	trials	6.0	0.0	0.0	0.0	0.0	0.0	True	40.0	0.0	0.005	"[41988023.26165558 41988288.26072865 41988578.25971427 41988867.25870338
 41989157.25768901 41989447.25667462 41989736.25566375 41990026.25464936
 41990316.25363499 41990605.25262411 41990895.25160973 41991185.25059535
 41991474.24958447 41991764.24857008 41992053.2475592  41992343.24654482
 41992633.24553044 41992922.24451956 41993212.24350519 41993502.24249081]"	0.0	0.0	0.0
3634.300914969239	2.0	trials	6.0	0.0	0.0	0.0	0.0	0.0	True	40.0	0.0	0.005	"[42071778.9686888  42072039.96777587 42072329.96676148 42072618.9657506
 42072908.96473622 42073198.96372185 42073487.96271097 42073777.96169659
 42074066.96068571 42074356.95967132 42074646.95865695 42074935.95764606
 42075225.95663168 42075515.9556173  42075804.95460642 42076094.95359205
 42076384.95257767 42076673.95156679 42076963.9505524  42077253.94953802]"	0.0	0.0	0.0
3643.323635408972	2.0	trials	6.0	0.0	0.0	0.0	0.0	0.0	True	40.0	0.0	0.005	"[42176202.60342826 42176469.60249434 42176758.60148345 42177048.60046907
 42177338.59945469 42177627.59844381 42177917.59742942 42178207.59641505
 42178496.59540417 42178786.59438979 42179076.59337541 42179365.59236453
 42179655.59135015 42179944.59033927 42180234.58932488 42180524.58831051
 42180813.58729963 42181103.58628524 42181393.58527087 42181682.58425999]"	0.0	0.0	0.0
3651.825365671059	2.0	trials	6.0	0.0	0.0	0.0	0.0	0.0	True	40.0	0.0	0.005	"[42274608.25921784 42274869.25830489 42275159.25729051 42275449.25627613
 42275738.25526525 42276028.25425088 42276318.25323649 42276607.25222561
 42276897.25121123 42277187.25019685 42277476.24918597 42277766.24817159
 42278056.24715721 42278345.24614633 42278635.24513195 42278924.24412107
 42279214.24310669 42279504.24209231 42279793.24108142 42280083.24006705]"	0.0	0.0	0.0
3658.9135104776788	2.0	trials	6.0	0.0	0.0	0.0	0.0	0.0	True	40.0	0.0	0.005	"[42356640.97227787 42356907.97134394 42357196.97033306 42357486.96931868
 42357776.96830431 42358065.96729342 42358355.96627904 42358645.96526466
 42358934.96425378 42359224.9632394  42359514.96222502 42359803.96121414
 42360093.96019977 42360382.95918889 42360672.9581745  42360962.95716012
 42361251.95614924 42361541.95513486 42361831.95412048 42362120.9531096 ]"	0.0	0.0	0.0
3668.2650681671826	2.0	trials	6.0	0.0	0.0	0.0	0.0	0.0	True	40.0	0.0	0.005	"[42464858.59374644 42465144.59274606 42465433.59173518 42465723.5907208
 42466012.58970991 42466302.58869553 42466592.58768115 42466881.58667027
 42467171.58565589 42467461.58464151 42467750.58363063 42468040.58261625
 42468330.58160187 42468619.58059099 42468909.57957661 42469198.57856572
 42469488.57755136 42469778.57653697 42470067.57552609 42470357.57451171]"	0.0	0.0	0.0
3673.546163294621	2.0	trials	6.0	0.0	0.0	0.0	0.0	0.0	True	40.0	0.0	0.005	"[42525978.37995723 42526267.37894634 42526556.37793547 42526846.37692109
 42527136.37590671 42527425.37489583 42527715.37388144 42528005.37286707
 42528294.37185619 42528584.37084181 42528873.36983092 42529163.36881655
 42529453.36780217 42529742.36679129 42530032.3657769  42530322.36476252
 42530611.36375164 42530901.36273727 42531191.36172289 42531480.36071201]"	0.0	0.0	0.0
3679.269797674114	2.0	trials	6.0	0.0	0.0	0.0	0.0	0.0	True	40.0	0.0	0.005	"[42592235.14819951 42592513.14722711 42592803.14621273 42593093.14519835
 42593382.14418747 42593672.14317309 42593962.1421587  42594251.14114783
 42594541.14013344 42594830.13912256 42595120.13810819 42595410.1370938
 42595699.13608292 42595989.13506854 42596279.13405416 42596568.13304329
 42596858.1320289  42597148.13101452 42597437.13000365 42597727.12898926]"	0.0	0.0	0.0
3687.597086946372	2.0	trials	6.0	0.0	0.0	0.0	0.0	0.0	True	40.0	0.0	0.005	"[42688604.81111073 42688894.81009635 42689183.80908547 42689473.80807108
 42689762.8070602  42690052.80604583 42690342.80503145 42690631.80402057
 42690921.80300618 42691211.80199181 42691500.80098093 42691790.79996654
 42692080.79895216 42692369.79794128 42692659.79692691 42692948.79591603
 42693238.79490165 42693528.79388727 42693817.79287639 42694107.791862  ]"	0.0	0.0	0.0
3695.7419864566054	2.0	trials	6.0	0.0	0.0	0.0	0.0	0.0	True	40.0	0.0	0.005	"[42782903.48126601 42783163.48035657 42783453.47934218 42783743.47832781
 42784032.47731693 42784322.47630255 42784611.47529167 42784901.47427729
 42785191.47326291 42785480.47225203 42785770.47123764 42786060.47022327
 42786349.46921239 42786639.46819801 42786929.46718363 42787218.46617275
 42787508.46515837 42787798.46414399 42788087.46313311 42788377.46211873]"	0.0	0.0	0.0
3701.829449963473	2.0	trials	6.0	0.0	0.0	0.0	0.0	0.0	True	40.0	0.0	0.005	"[42853337.23489773 42853620.23390784 42853910.23289345 42854199.23188258
 42854489.2308682  42854779.22985382 42855068.22884294 42855358.22782855
 42855647.22681767 42855937.2258033  42856227.22478892 42856516.22377803
 42856806.22276366 42857096.22174928 42857385.2207384  42857675.21972401
 42857965.21870963 42858254.21769875 42858544.21668437 42858834.21567   ]"	0.0	0.0	0.0
3708.771838479929	2.0	trials	6.0	0.0	0.0	0.0	0.0	0.0	True	40.0	0.0	0.005	"[42933690.95383068 42933971.95284779 42934261.9518334  42934550.95082252
 42934840.94980814 42935130.94879376 42935419.94778287 42935709.9467685
 42935998.94575762 42936288.94474323 42936578.94372886 42936867.94271798
 42937157.9417036  42937447.94068921 42937736.93967833 42938026.93866396
 42938316.93764958 42938605.93663869 42938895.93562432 42939185.93460993]"	0.0	0.0	0.0
3714.9098458100025	2.0	trials	6.0	0.0	0.0	0.0	0.0	0.0	True	40.0	0.0	0.005	"[43004750.70527274 43005013.7043528  43005302.70334192 43005592.70232753
 43005882.70131316 43006171.70030227 43006461.6992879  43006751.69827352
 43007040.69726264 43007330.69624826 43007620.69523388 43007909.69422299
 43008199.69320862 43008489.69219423 43008778.69118335 43009068.69016898
 43009357.68915809 43009647.68814372 43009937.68712933 43010226.68611845]"	0.0	0.0	0.0
3720.6333937897984	2.0	trials	6.0	0.0	0.0	0.0	0.0	0.0	True	40.0	0.0	0.005	"[43070995.47355699 43071258.47263705 43071548.47162268 43071838.47060829
 43072127.46959741 43072417.46858303 43072707.46756866 43072996.46655778
 43073286.46554339 43073576.46452902 43073865.46351813 43074155.46250375
 43074444.46149287 43074734.46047849 43075024.45946411 43075313.45845323
 43075603.45743885 43075893.45642447 43076182.45541359 43076472.45439921]"	0.0	0.0	0.0
3725.925548078552	2.0	trials	6.0	0.0	0.0	0.0	0.0	0.0	True	40.0	0.0	0.005	"[43132249.25929906 43132510.25838612 43132800.25737175 43133089.25636087
 43133379.25534648 43133669.2543321  43133958.25332122 43134248.25230684
 43134537.25129596 43134827.25028158 43135117.2492672  43135406.24825632
 43135696.24724194 43135986.24622756 43136275.24521668 43136565.2442023
 43136855.24318792 43137144.24217705 43137434.24116266 43137724.24014828]"	0.0	0.0	0.0
3732.4857043320044	2.0	trials	6.0	0.0	0.0	0.0	0.0	0.0	True	40.0	0.0	0.005	"[43208176.99371354 43208438.9927971  43208727.99178622 43209017.99077184
 43209306.98976096 43209596.98874658 43209886.9877322  43210175.98672131
 43210465.98570693 43210755.98469256 43211044.98368168 43211334.9826673
 43211624.98165292 43211913.98064204 43212203.97962766 43212492.97861678
 43212782.97760239 43213072.97658802 43213361.97557713 43213651.97456276]"	0.0	0.0	0.0
3737.884043849336	2.0	trials	6.0	0.0	0.0	0.0	0.0	0.0	True	40.0	0.0	0.005	"[43270639.7752267  43270918.7742508  43271207.77323991 43271497.77222554
 43271787.77121115 43272076.77020027 43272366.76918589 43272655.76817501
 43272945.76716064 43273235.76614626 43273524.76513538 43273814.764121
 43274104.76310661 43274393.76209573 43274683.76108135 43274973.76006697
 43275262.75905609 43275552.75804171 43275842.75702734 43276131.75601646]"	0.0	0.0	0.0
3744.903673695612	2.0	trials	6.0	0.0	0.0	0.0	0.0	0.0	True	40.0	0.0	0.005	"[43351897.49099758 43352164.49006365 43352454.48904927 43352743.4880384
 43353033.48702401 43353323.48600963 43353612.48499875 43353902.48398437
 43354191.48297349 43354481.48195911 43354771.48094473 43355060.47993384
 43355350.47891947 43355640.47790509 43355929.47689421 43356219.47587983
 43356509.47486545 43356798.47385457 43357088.47284019 43357377.47182931]"	0.0	0.0	0.0
3750.501682914526	2.0	trials	6.0	0.0	0.0	0.0	0.0	0.0	True	40.0	0.0	0.005	"[43416671.26442719 43416956.2634303  43417246.26241592 43417536.26140153
 43417825.26039066 43418115.25937628 43418405.2583619  43418694.25735102
 43418984.25633664 43419274.25532226 43419563.25431138 43419853.25329699
 43420143.25228262 43420432.25127174 43420722.25025735 43421011.24924648
 43421301.2482321  43421591.24721772 43421880.24620683 43422170.24519245]"	0.0	0.0	0.0
3756.8442847289543	2.0	trials	6.0	0.0	0.0	0.0	0.0	0.0	True	40.0	0.0	0.005	"[43490090.0076178  43490366.00665238 43490656.005638   43490946.00462363
 43491235.00361274 43491525.00259837 43491815.00158399 43492104.0005731
 43492393.99955872 43492682.99854784 43492972.99753346 43493262.99651908
 43493551.9955082  43493841.99449382 43494131.99347945 43494420.99246856
 43494710.99145418 43495000.9904398  43495289.98942892 43495579.98841454]"	0.0	0.0	0.0
3764.6175791390124	2.0	trials	6.0	0.0	0.0	0.0	0.0	0.0	True	40.0	0.0	0.005	"[43580048.6929538  43580334.69195341 43580623.69094253 43580913.68992814
 43581203.68891376 43581492.68790288 43581782.68688851 43582072.68587412
 43582361.68486325 43582651.68384886 43582941.68283448 43583230.6818236
 43583520.68080922 43583809.67979834 43584099.67878396 43584389.67776958
 43584678.6767587  43584968.67574432 43585258.67472994 43585547.67371906]"	0.0	0.0	0.0
3774.3349531489407	2.0	trials	6.0	0.0	0.0	0.0	0.0	0.0	True	40.0	0.0	0.005	"[43692530.29950748 43692804.29854907 43693094.29753469 43693384.29652032
 43693673.29550944 43693963.29449505 43694252.29348417 43694542.29246979
 43694832.29145542 43695121.29044454 43695411.28943015 43695701.28841577
 43695990.28740489 43696280.28639051 43696570.28537613 43696859.28436525
 43697149.28335087 43697438.28233999 43697728.28132561 43698018.28031123]"	0.0	0.0	0.0
3782.343945934557	2.0	trials	6.0	0.0	0.0	0.0	0.0	0.0	True	40.0	0.0	0.005	"[43785212.97531531 43785500.97430793 43785789.97329705 43786079.97228267
 43786369.97126829 43786658.97025741 43786948.96924303 43787237.96823215
 43787527.96721777 43787817.96620338 43788106.9651925  43788396.96417813
 43788686.96316375 43788975.96215287 43789265.96113849 43789555.96012411
 43789844.95911323 43790134.95809885 43790424.95708447 43790713.95607359]"	0.0	0.0	0.0
3791.3616551918185	2.0	trials	6.0	0.0	0.0	0.0	0.0	0.0	True	40.0	0.0	0.005	"[43889612.61013871 43889872.60922927 43890162.60821489 43890452.60720051
 43890741.60618963 43891031.60517525 43891320.60416437 43891610.60315
 43891900.60213561 43892189.60112473 43892479.60011035 43892769.59909597
 43893058.59808509 43893348.59707071 43893638.59605633 43893927.59504545
 43894217.59403107 43894506.59302019 43894796.59200581 43895086.59099143]"	0.0	0.0	0.0
3799.0955513396866	2.0	trials	6.0	0.0	0.0	0.0	0.0	0.0	True	40.0	0.0	0.005	"[43979112.29708023 43979385.29612532 43979675.29511094 43979964.29410005
 43980254.29308567 43980544.2920713  43980833.29106042 43981123.29004604
 43981412.28903516 43981702.28802077 43981992.2870064  43982281.28599551
 43982571.28498113 43982861.28396676 43983150.28295587 43983440.28194149
 43983730.28092711 43984019.27991623 43984309.27890185 43984598.27789097]"	0.0	0.0	0.0
3808.2998839441643	2.0	trials	6.0	0.0	0.0	0.0	0.0	0.0	True	40.0	0.0	0.005	"[44085629.92449517 44085916.92349128 44086206.9224769  44086495.92146602
 44086785.92045163 44087075.91943726 44087364.91842638 44087654.917412
 44087944.91639762 44088233.91538674 44088523.91437235 44088812.91336148
 44089102.9123471  44089392.91133272 44089681.91032184 44089971.90930746
 44090261.90829308 44090550.9072822  44090840.90626781 44091130.90525344]"	0.0	0.0	0.0
3817.5571795633855	2.0	trials	6.0	0.0	0.0	0.0	0.0	0.0	True	40.0	0.0	0.005	"[44192771.54972743 44193061.54871305 44193350.54770217 44193640.5466878
 44193930.54567342 44194219.54466253 44194509.54364815 44194799.54263377
 44195088.54162289 44195378.54060851 44195668.53959413 44195957.53858325
 44196247.53756887 44196536.53655799 44196826.53554361 44197116.53452923
 44197405.53351834 44197695.53250397 44197985.53148959 44198274.53047871]"	0.0	0.0	0.0
3825.825457842056	2.0	trials	6.0	0.0	0.0	0.0	0.0	0.0	True	40.0	0.0	0.005	"[44288499.21488427 44288759.21397483 44289049.21296046 44289339.21194607
 44289628.2109352  44289918.20992081 44290207.20890993 44290497.20789555
 44290787.20688117 44291076.20587029 44291366.20485591 44291656.20384153
 44291945.20283065 44292235.20181628 44292525.20080189 44292814.19979101
 44293104.19877663 44293393.19776575 44293683.19675137 44293973.19573699]"	0.0	0.0	0.0
3832.293425617971	2.0	trials	6.0	0.0	0.0	0.0	0.0	0.0	True	40.0	0.0	0.005	"[44363353.95305195 44363619.95212153 44363909.95110714 44364198.95009626
 44364488.94908188 44364778.9480675  44365067.94705662 44365357.94604225
 44365646.94503137 44365936.94401698 44366226.9430026  44366515.94199172
 44366805.94097735 44367095.93996296 44367384.93895208 44367674.9379377
 44367964.93692333 44368253.93591244 44368543.93489806 44368833.93388368]"	0.0	0.0	0.0
3837.477666684191	2.0	trials	6.0	0.0	0.0	0.0	0.0	0.0	True	40.0	0.0	0.005	"[44423338.74323281 44423622.74223942 44423912.74122504 44424201.74021416
 44424491.73919978 44424780.7381889  44425070.73717452 44425360.73616014
 44425649.73514926 44425939.73413488 44426229.7331205  44426518.73210961
 44426808.73109524 44427098.73008086 44427387.72906998 44427677.7280556
 44427967.72704122 44428256.72603034 44428546.72501596 44428835.72400507]"	0.0	0.0	0.0
3846.2862022731133	2.0	trials	6.0	0.0	0.0	0.0	0.0	0.0	True	40.0	0.0	0.005	"[44525296.38659799 44525573.38562908 44525863.3846147  44526152.38360383
 44526442.38258944 44526732.38157506 44527021.38056418 44527311.3795498
 44527601.37853542 44527890.37752454 44528180.37651016 44528469.37549928
 44528759.3744849  44529049.37347052 44529338.37245964 44529628.37144526
 44529918.37043088 44530207.36942    44530497.36840562 44530787.36739124]"	0.0	0.0	0.0
3855.7897370310225	2.0	trials	6.0	0.0	0.0	0.0	0.0	0.0	True	40.0	0.0	0.005	"[44635294.00184037 44635568.00088196 44635856.99987108 44636146.99885669
 44636436.99784231 44636725.99683143 44637015.99581706 44637305.99480268
 44637594.9937918  44637884.99277741 44638173.99176653 44638463.99075215
 44638753.98973777 44639042.98872689 44639332.98771251 44639622.98669814
 44639911.98568726 44640201.98467287 44640491.98365849 44640780.98264761]"	0.0	0.0	0.0
3864.7291681620904	2.0	trials	6.0	0.0	0.0	0.0	0.0	0.0	True	40.0	0.0	0.005	"[44738770.6398923  44739033.63897236 44739323.63795798 44739613.6369436
 44739902.63593272 44740192.63491834 44740482.63390396 44740771.63289307
 44741061.6318787  44741351.63086431 44741640.62985343 44741930.62883905
 44742219.62782817 44742509.62681379 44742799.62579942 44743088.62478854
 44743378.62377416 44743668.62275977 44743957.62174889 44744247.62073451]"	0.0	0.0	0.0
3873.075206168768	2.0	trials	6.0	0.0	0.0	0.0	0.0	0.0	True	40.0	0.0	0.005	"[44835341.30210044 44835631.30108606 44835921.30007169 44836210.2990608
 44836500.29804642 44836790.29703204 44837079.29602116 44837369.29500678
 44837659.2939924  44837948.29298152 44838238.29196715 44838527.29095627
 44838817.28994188 44839107.2889275  44839396.28791662 44839686.28690224
 44839976.28588786 44840265.28487698 44840555.2838626  44840845.28284822]"	0.0	0.0	0.0
3882.9274501069394	2.0	trials	6.0	0.0	0.0	0.0	0.0	0.0	True	40.0	0.0	0.005	"[44949394.9031555  44949661.90222157 44949951.90120719 44950240.90019631
 44950530.89918193 44950819.89817105 44951109.89715667 44951399.89614229
 44951688.89513141 44951978.89411703 44952268.89310265 44952557.89209177
 44952847.89107738 44953137.89006301 44953426.88905212 44953716.88803776
 44954005.88702687 44954295.88601249 44954585.88499811 44954874.88398723]"	0.0	0.0	0.0
3891.5253432326617	2.0	trials	6.0	0.0	0.0	0.0	0.0	0.0	True	40.0	0.0	0.005	"[45048911.55505895 45049174.55413902 45049463.55312813 45049753.55211376
 45050043.55109937 45050332.5500885  45050622.54907411 45050911.54806323
 45051201.54704885 45051491.54603447 45051780.5450236  45052070.54400921
 45052360.54299483 45052649.54198395 45052939.54096957 45053229.53995519
 45053518.53894431 45053808.53792993 45054098.53691556 45054387.53590467]"	0.0	0.0	0.0
3901.0950601590744	2.0	trials	6.0	0.0	0.0	0.0	0.0	0.0	True	40.0	0.0	0.005	"[45159661.16767094 45159935.16671253 45160225.16569815 45160514.16468727
 45160804.16367288 45161093.16266201 45161383.16164763 45161673.16063325
 45161962.15962236 45162252.15860798 45162542.15759361 45162831.15658273
 45163121.15556835 45163411.15455396 45163700.15354308 45163990.1525287
 45164279.15151783 45164569.15050344 45164859.14948907 45165148.14847818]"	0.0	0.0	0.0
3910.1648684341003	2.0	trials	6.0	0.0	0.0	0.0	0.0	0.0	True	40.0	0.0	0.005	"[45264647.80044109 45264909.79952466 45265199.79851028 45265489.7974959
 45265778.79648501 45266068.79547064 45266357.79445975 45266647.79344538
 45266937.792431   45267226.79142012 45267516.79040574 45267806.78939135
 45268095.78838047 45268385.78736609 45268675.78635172 45268964.78534084
 45269254.78432646 45269544.78331207 45269833.78230119 45270123.78128681]"	0.0	0.0	0.0
3916.016892764503	2.0	trials	6.0	0.0	0.0	0.0	0.0	0.0	True	40.0	0.0	0.005	"[45332352.56361847 45332641.56260759 45332931.56159321 45333220.56058233
 45333510.55956796 45333800.55855358 45334089.5575427  45334379.55652831
 45334669.55551393 45334958.55450305 45335248.55348868 45335538.55247429
 45335827.55146341 45336117.55044904 45336407.54943465 45336696.54842377
 45336986.54740939 45337275.54639851 45337565.54538413 45337855.54436975]"	0.0	0.0	0.0
3924.7708237444263	2.0	trials	6.0	0.0	0.0	0.0	0.0	0.0	True	40.0	0.0	0.005	"[45433692.20914532 45433960.20820791 45434250.20719352 45434540.20617914
 45434829.20516826 45435119.20415388 45435408.20314299 45435698.20212863
 45435988.20111424 45436277.20010336 45436567.19908898 45436857.1980746
 45437146.19706372 45437436.19604934 45437726.19503496 45438015.19402408
 45438305.1930097  45438594.19199882 45438884.19098444 45439174.18997005]"	0.0	0.0	0.0
3993.9578009376514	2.0	trials	7.0	0.0	0.0	0.0	0.0	0.0	True	40.0	0.0	0.005	"[46234451.40819184 46234735.40719845 46235025.40618407 46235315.40516969
 46235604.40415881 46235894.40314443 46236184.40213004 46236473.40111917
 46236763.40010478 46237053.39909041 46237342.39807953 46237632.39706515
 46237921.39605427 46238211.39503989 46238501.39402551 46238790.39301462
 46239080.39200025 46239370.39098586 46239659.38997498 46239949.38896061]"	0.0	0.0	0.0
4001.38661975264	2.0	trials	7.0	0.0	0.0	0.0	0.0	0.0	True	40.0	0.0	0.005	"[46320428.10745632 46320717.10644543 46321007.10543106 46321296.10442018
 46321586.1034058  46321876.10239141 46322165.10138053 46322455.10036615
 46322745.09935178 46323034.0983409  46323324.09732652 46323614.09631214
 46323903.09530125 46324193.09428688 46324482.09327599 46324772.09226161
 46325062.09124723 46325351.09023635 46325641.08922198 46325931.0882076 ]"	0.0	0.0	0.0
4006.8817269314914	2.0	trials	7.0	0.0	0.0	0.0	0.0	0.0	True	40.0	0.0	0.005	"[46384051.88490847 46384317.88397803 46384607.88296366 46384897.88194928
 46385186.88093839 46385476.87992401 46385765.87891313 46386055.87789876
 46386345.87688437 46386634.87587349 46386924.87485911 46387214.87384474
 46387503.87283386 46387793.87181947 46388083.87080509 46388372.8697942
 46388662.86877984 46388951.86776895 46389241.86675458 46389531.86574019]"	0.0	0.0	0.0
4016.2979979946367	2.0	trials	7.0	0.0	0.0	0.0	0.0	0.0	True	40.0	0.0	0.005	"[46493038.50368718 46493302.50276374 46493592.50174937 46493881.50073849
 46494171.49972411 46494461.49870972 46494750.49769884 46495040.49668446
 46495330.49567009 46495619.4946592  46495909.49364483 46496198.49263395
 46496488.49161956 46496778.49060518 46497067.4895943  46497357.48857992
 46497647.48756555 46497936.48655466 46498226.48554028 46498516.4845259 ]"	0.0	0.0	0.0
4022.4007542480135	2.0	trials	7.0	0.0	0.0	0.0	0.0	0.0	True	40.0	0.0	0.005	"[46563676.25660533 46563936.25569589 46564226.25468151 46564516.25366714
 46564805.25265625 46565095.25164187 46565384.25063099 46565674.24961661
 46565964.24860223 46566253.24759135 46566543.24657697 46566833.24556259
 46567122.24455171 46567412.24353733 46567702.24252295 46567991.24151207
 46568281.24049769 46568570.23948681 46568860.23847242 46569150.23745805]"	0.0	0.0	0.0
4030.366201585946	2.0	trials	7.0	0.0	0.0	0.0	0.0	0.0	True	40.0	0.0	0.005	"[46655868.93412711 46656128.93321767 46656418.93220329 46656708.93118892
 46656997.93017803 46657287.92916365 46657577.92814928 46657866.92713839
 46658156.92612401 46658446.92510963 46658735.92409875 46659025.92308437
 46659314.92207349 46659604.92105911 46659894.92004474 46660183.91903385
 46660473.91801947 46660763.91700509 46661052.9159942  46661342.91497983]"	0.0	0.0	0.0
4035.6715750284607	2.0	trials	7.0	0.0	0.0	0.0	0.0	0.0	True	40.0	0.0	0.005	"[46717244.71944246 46717533.71843157 46717823.71741719 46718113.71640281
 46718402.71539193 46718692.71437755 46718981.71336666 46719271.71235229
 46719561.71133791 46719850.71032703 46720140.70931264 46720430.70829827
 46720719.70728739 46721009.706273   46721299.70525862 46721588.70424774
 46721878.70323337 46722167.70222249 46722457.70120811 46722747.70019373]"	0.0	0.0	0.0
4045.1518682676656	2.0	trials	7.0	0.0	0.0	0.0	0.0	0.0	True	40.0	0.0	0.005	"[46826970.33563625 46827260.33462187 46827549.33361099 46827839.33259661
 46828128.33158573 46828418.33057135 46828708.32955697 46828997.32854608
 46829287.32753171 46829577.32651733 46829866.32550644 46830156.32449207
 46830446.32347769 46830735.32246681 46831025.32145242 46831314.32044154
 46831604.31942716 46831894.31841279 46832183.3174019  46832473.31638753]"	0.0	0.0	0.0
4053.00957518246	2.0	trials	7.0	0.0	0.0	0.0	0.0	0.0	True	40.0	0.0	0.005	"[46917919.01750936 46918205.01650897 46918494.01549809 46918784.01448371
 46919074.01346934 46919363.01245846 46919653.01144408 46919943.0104297
 46920232.00941882 46920522.00840443 46920812.00739006 46921101.00637917
 46921391.00536479 46921680.00435391 46921970.00333954 46922260.00232515
 46922549.00131427 46922839.00029989 46923128.99928552 46923417.99827464]"	0.0	0.0	0.0
4062.832356823686	2.0	trials	7.0	0.0	0.0	0.0	0.0	0.0	True	40.0	0.0	0.005	"[47031614.61981665 47031895.61883376 47032184.61782288 47032474.6168085
 47032763.61579762 47033053.61478323 47033343.61376886 47033632.61275798
 47033922.6117436  47034212.61072922 47034501.60971833 47034791.60870396
 47035081.60768957 47035370.60667869 47035660.60566431 47035949.60465343
 47036239.60363906 47036529.60262468 47036818.6016138  47037108.60059942]"	0.0	0.0	0.0
4069.8093052192557	2.0	trials	7.0	0.0	0.0	0.0	0.0	0.0	True	40.0	0.0	0.005	"[47112363.33736795 47112646.33637805 47112936.33536367 47113225.33435279
 47113515.33333842 47113805.33232404 47114094.33131316 47114384.33029877
 47114674.3292844  47114963.32827351 47115253.32725913 47115543.32624476
 47115832.32523387 47116122.3242195  47116411.32320861 47116701.32219423
 47116991.32117985 47117280.32016897 47117570.31915459 47117860.31814022]"	0.0	0.0	0.0
4076.2898873510476	2.0	trials	7.0	0.0	0.0	0.0	0.0	0.0	True	40.0	0.0	0.005	"[47187363.07502844 47187653.07401406 47187943.07299968 47188232.0719888
 47188522.07097442 47188812.06996004 47189101.06894916 47189391.06793477
 47189681.0669204  47189970.06590951 47190260.06489514 47190549.06388426
 47190839.06286988 47191129.06185549 47191418.06084462 47191708.05983023
 47191998.05881586 47192287.05780498 47192577.05679059 47192867.05577622]"	0.0	0.0	0.0
4082.2122410354477	2.0	trials	7.0	0.0	0.0	0.0	0.0	0.0	True	40.0	0.0	0.005	"[47255908.83526412 47256198.83424973 47256487.83323886 47256777.83222448
 47257067.83121009 47257356.83019922 47257646.82918484 47257936.82817046
 47258225.82715958 47258515.82614519 47258804.82513431 47259094.82411993
 47259384.82310555 47259673.82209467 47259963.8210803  47260253.82006591
 47260542.81905503 47260832.81804065 47261122.81702627 47261411.81601539]"	0.0	0.0	0.0
4087.8158662347187	2.0	trials	7.0	0.0	0.0	0.0	0.0	0.0	True	40.0	0.0	0.005	"[47320793.60830546 47321055.60738902 47321344.60637814 47321634.60536376
 47321924.60434938 47322213.60333849 47322503.60232412 47322793.60130974
 47323082.60029887 47323372.59928448 47323662.5982701  47323951.59725922
 47324241.59624484 47324530.59523395 47324820.59421958 47325110.5932052
 47325399.59219431 47325689.59117994 47325979.59016556 47326268.58915468]"	0.0	0.0	0.0
4097.691265291896	2.0	trials	7.0	0.0	0.0	0.0	0.0	0.0	True	40.0	0.0	0.005	"[47435066.20859449 47435354.20758711 47435643.20657622 47435933.20556184
 47436223.20454747 47436512.20353658 47436802.20252221 47437091.20151133
 47437381.20049695 47437671.19948256 47437960.19847169 47438250.19745731
 47438540.19644293 47438829.19543204 47439119.19441767 47439409.19340328
 47439698.19239239 47439988.19137802 47440278.19036365 47440567.18935277]"	0.0	0.0	0.0
4104.225588035711	2.0	trials	7.0	0.0	0.0	0.0	0.0	0.0	True	40.0	0.0	0.005	"[47510708.94400586 47510982.94304743 47511271.94203656 47511561.94102218
 47511851.94000781 47512140.93899693 47512430.93798255 47512720.93696816
 47513009.93595727 47513299.9349429  47513588.93393201 47513878.93291764
 47514168.93190326 47514457.93089239 47514747.929878   47515037.92886361
 47515326.92785273 47515616.92683836 47515906.92582398 47516195.92481311]"	0.0	0.0	0.0
4113.4604197335075	2.0	trials	7.0	0.0	0.0	0.0	0.0	0.0	True	40.0	0.0	0.005	"[47617588.57015456 47617867.56917866 47618157.56816428 47618446.56715339
 47618736.56613903 47619026.56512465 47619315.56411376 47619605.56309937
 47619895.562085   47620184.56107412 47620474.56005974 47620764.55904536
 47621053.55803448 47621343.55702009 47621633.55600572 47621922.55499484
 47622212.55398046 47622501.55296957 47622791.5519552  47623081.55094083]"	0.0	0.0	0.0
4120.972095858671	2.0	trials	7.0	0.0	0.0	0.0	0.0	0.0	True	40.0	0.0	0.005	"[47704520.26607859 47704808.26507121 47705098.26405682 47705388.26304244
 47705677.26203157 47705967.26101718 47706256.26000629 47706546.25899192
 47706836.25797755 47707125.25696666 47707415.25595228 47707705.25493789
 47707994.25392701 47708284.25291264 47708574.25189826 47708863.25088738
 47709153.249873   47709443.24885862 47709732.24784775 47710022.24683336]"	0.0	0.0	0.0
4126.227184677075	2.0	trials	7.0	0.0	0.0	0.0	0.0	0.0	True	40.0	0.0	0.005	"[47765341.05333524 47765631.05232085 47765920.05130997 47766210.05029558
 47766500.04928122 47766789.04827033 47767079.04725596 47767369.04624157
 47767658.04523069 47767948.04421631 47768238.04320193 47768527.04219105
 47768817.04117668 47769106.04016579 47769396.03915142 47769686.03813703
 47769975.03712615 47770265.03611176 47770555.0350974  47770844.03408651]"	0.0	0.0	0.0
4133.3562829404445	2.0	trials	7.0	0.0	0.0	0.0	0.0	0.0	True	40.0	0.0	0.005	"[47847878.76462884 47848143.76370192 47848433.76268754 47848722.76167665
 47849012.76066229 47849302.7596479  47849591.75863702 47849881.75762263
 47850170.75661176 47850460.75559738 47850750.754583   47851039.75357212
 47851329.75255775 47851619.75154336 47851908.75053247 47852198.7495181
 47852488.74850372 47852777.74749283 47853067.74647845 47853357.74546408]"	0.0	0.0	0.0
4139.447980032504	2.0	trials	7.0	0.0	0.0	0.0	0.0	0.0	True	40.0	0.0	0.005	"[47918376.51803671 47918649.51708179 47918939.51606742 47919228.51505654
 47919518.51404216 47919808.51302777 47920097.51201688 47920387.51100251
 47920677.50998814 47920966.50897725 47921256.50796287 47921546.50694849
 47921835.50593761 47922125.50492322 47922414.50391234 47922704.50289797
 47922994.50188359 47923283.50087272 47923573.49985833 47923863.49884395]"	0.0	0.0	0.0
4148.109808934588	2.0	trials	7.0	0.0	0.0	0.0	0.0	0.0	True	40.0	0.0	0.005	"[48018637.16733775 48018902.16641082 48019192.16539644 48019481.16438556
 48019771.16337118 48020061.1623568  48020350.16134592 48020640.16033154
 48020930.15931715 48021219.15830628 48021509.1572919  48021798.15628101
 48022088.15526664 48022378.15425226 48022667.15324137 48022957.152227
 48023247.15121262 48023536.15020173 48023826.14918736 48024116.14817297]"	0.0	0.0	0.0
4157.314055139368	2.0	trials	7.0	0.0	0.0	0.0	0.0	0.0	True	40.0	0.0	0.005	"[48125142.79479466 48125432.79378028 48125722.79276589 48126011.79175503
 48126301.79074064 48126591.78972626 48126880.78871538 48127170.787701
 48127459.78669012 48127749.78567573 48128039.78466136 48128328.78365048
 48128618.78263609 48128908.78162172 48129197.78061084 48129487.77959646
 48129777.77858208 48130066.7775712  48130356.77655681 48130646.77554244]"	0.0	0.0	0.0
4163.079679771986	2.0	trials	7.0	0.0	0.0	0.0	0.0	0.0	True	40.0	0.0	0.005	"[48191899.56128801 48192165.56035758 48192454.55934669 48192744.55833232
 48193033.55732144 48193323.55630706 48193613.55529267 48193902.5542818
 48194192.55326741 48194482.55225303 48194771.55124216 48195061.55022778
 48195351.5492134  48195640.54820252 48195930.54718814 48196219.54617725
 48196509.54516286 48196799.5441485  48197088.54313761 48197378.54212324]"	0.0	0.0	0.0
4169.705845394546	2.0	trials	7.0	0.0	0.0	0.0	0.0	0.0	True	40.0	0.0	0.005	"[48268567.29311407 48268856.29210319 48269146.29108881 48269436.29007443
 48269725.28906354 48270015.28804918 48270305.28703479 48270594.2860239
 48270884.28500952 48271174.28399515 48271463.28298426 48271753.28196988
 48272043.28095549 48272332.27994463 48272622.27893024 48272911.27791937
 48273201.27690499 48273491.2758906  48273780.27487972 48274070.27386535]"	0.0	0.0	0.0
4179.5225790569275	2.0	trials	7.0	0.0	0.0	0.0	0.0	0.0	True	40.0	0.0	0.005	"[48382213.89559276 48382475.89467631 48382764.89366544 48383054.89265106
 48383344.89163667 48383633.89062579 48383923.88961142 48384213.88859703
 48384502.88758616 48384792.88657178 48385081.88556089 48385371.8845465
 48385661.88353214 48385950.88252125 48386240.88150687 48386530.88049249
 48386819.87948161 48387109.87846724 48387399.87745285 48387688.87644197]"	0.0	0.0	0.0
4185.094236368017	2.0	trials	7.0	0.0	0.0	0.0	0.0	0.0	True	40.0	0.0	0.005	"[48446672.67012419 48446962.66910981 48447251.66809893 48447541.66708455
 48447831.66607016 48448120.66505928 48448410.66404491 48448699.66303402
 48448989.66201966 48449279.66100527 48449568.65999439 48449858.65898
 48450148.65796563 48450437.65695474 48450727.65594036 48451017.65492599
 48451306.65391511 48451596.65290073 48451885.65188985 48452175.65087546]"	0.0	0.0	0.0
4194.189618953587	2.0	trials	7.0	0.0	0.0	0.0	0.0	0.0	True	40.0	0.0	0.005	"[48551964.3018275  48552233.30088657 48552522.29987569 48552812.29886131
 48553102.29784694 48553391.29683606 48553681.29582167 48553970.29481078
 48554260.29379641 48554550.29278204 48554839.29177114 48555129.29075677
 48555419.28974239 48555708.28873152 48555998.28771713 48556288.28670274
 48556577.28569187 48556867.28467749 48557156.28366661 48557446.28265224]"	0.0	0.0	0.0
4203.210524999667	2.0	trials	7.0	0.0	0.0	0.0	0.0	0.0	True	40.0	0.0	0.005	"[48656358.93666838 48656641.9356785  48656931.93466412 48657220.93365323
 48657510.93263885 48657799.93162797 48658089.93061359 48658379.9295992
 48658668.92858833 48658958.92757395 48659248.92655957 48659537.9255487
 48659827.92453431 48660117.92351992 48660406.92250904 48660696.92149467
 48660986.9204803  48661275.91946941 48661565.91845503 48661854.91744415]"	0.0	0.0	0.0
4212.881588771583	2.0	trials	7.0	0.0	0.0	0.0	0.0	0.0	True	40.0	0.0	0.005	"[48768286.5451599  48768575.54414902 48768865.54313464 48769155.54212026
 48769444.54110938 48769734.54009499 48770024.53908062 48770313.53806973
 48770603.53705537 48770893.53604098 48771182.53503009 48771472.53401571
 48771761.53300483 48772051.53199045 48772341.53097607 48772630.5299652
 48772920.52895082 48773210.52793643 48773499.52692555 48773789.52591117]"	0.0	0.0	0.0
4218.327534522394	2.0	trials	7.0	0.0	0.0	0.0	0.0	0.0	True	40.0	0.0	0.005	"[48831331.3246373  48831608.3236684  48831897.32265751 48832187.32164314
 48832476.32063225 48832766.31961787 48833056.31860349 48833345.31759261
 48833635.31657823 48833925.31556384 48834214.31455298 48834504.31353859
 48834794.31252421 48835083.31151333 48835373.31049895 48835662.30948807
 48835952.30847369 48836242.30745931 48836531.30644844 48836821.30543405]"	0.0	0.0	0.0
4224.274339321268	2.0	trials	7.0	0.0	0.0	0.0	0.0	0.0	True	40.0	0.0	0.005	"[48900147.08392856 48900436.08291768 48900725.0819068  48901015.08089242
 48901305.07987803 48901594.07886716 48901884.07785278 48902174.0768384
 48902463.07582751 48902753.07481314 48903043.07379875 48903332.07278788
 48903622.07177349 48903912.07075912 48904201.06974823 48904491.06873386
 48904780.06772298 48905070.0667086  48905360.06569421 48905649.06468333]"	0.0	0.0	0.0
4233.753682163797	2.0	trials	7.0	0.0	0.0	0.0	0.0	0.0	True	40.0	0.0	0.005	"[49009890.7000594  49010150.69914995 49010440.69813557 49010730.6971212
 49011019.69611032 49011309.69509593 49011599.69408155 49011888.69307067
 49012178.6920563  49012467.6910454  49012757.69003103 49013047.68901665
 49013336.68800578 49013626.68699139 49013916.685977   49014205.68496613
 49014495.68395175 49014785.68293737 49015074.6819265  49015364.68091211]"	0.0	0.0	0.0
4241.537171738193	2.0	trials	7.0	0.0	0.0	0.0	0.0	0.0	True	40.0	0.0	0.005	"[49099968.38497915 49100238.38403472 49100527.38302385 49100817.38200946
 49101107.38099509 49101396.37998421 49101686.37896983 49101975.37795895
 49102265.37694456 49102555.37593018 49102844.3749193  49103134.37390492
 49103424.37289054 49103713.37187967 49104003.37086529 49104293.3698509
 49104582.36884003 49104872.36782564 49105161.36681475 49105451.36580039]"	0.0	0.0	0.0
4249.054204644619	2.0	trials	7.0	0.0	0.0	0.0	0.0	0.0	True	40.0	0.0	0.005	"[49186972.08065133 49187240.0797139  49187529.07870301 49187819.07768863
 49188109.07667425 49188398.07566338 49188688.074649   49188978.07363461
 49189267.07262374 49189557.07160936 49189847.07059497 49190136.0695841
 49190426.06856972 49190715.06755883 49191005.06654446 49191295.06553008
 49191584.06451919 49191874.06350481 49192164.06249043 49192453.06147955]"	0.0	0.0	0.0
4255.623864864829	2.0	trials	7.0	0.0	0.0	0.0	0.0	0.0	True	40.0	0.0	0.005	"[49262988.81475449 49263277.81374361 49263567.81272923 49263856.81171835
 49264146.81070397 49264436.80968958 49264725.80867871 49265015.80766433
 49265305.80664995 49265594.80563907 49265884.80462468 49266173.8036138
 49266463.80259943 49266753.80158504 49267042.80057416 49267332.79955979
 49267622.79854541 49267911.79753453 49268201.79652015 49268491.79550576]"	0.0	0.0	0.0
4261.9602459010175	2.0	trials	7.0	0.0	0.0	0.0	0.0	0.0	True	40.0	0.0	0.005	"[49336347.55815496 49336615.55721755 49336905.55620316 49337194.55519228
 49337484.5541779  49337774.55316352 49338063.55215263 49338353.55113826
 49338643.55012389 49338932.549113   49339222.54809861 49339511.54708774
 49339801.54607335 49340091.54505898 49340380.5440481  49340670.54303373
 49340960.54201934 49341249.54100846 49341539.53999408 49341829.5389797 ]"	0.0	0.0	0.0
4269.773716170545	2.0	trials	7.0	0.0	0.0	0.0	0.0	0.0	True	40.0	0.0	0.005	"[49426766.24188194 49427049.24089206 49427339.23987767 49427628.23886679
 49427918.23785242 49428208.23683804 49428497.23582716 49428787.23481278
 49429077.23379839 49429366.23278751 49429656.23177314 49429946.23075876
 49430235.22974787 49430525.22873349 49430815.22771912 49431104.22670823
 49431394.22569384 49431683.22468297 49431973.22366859 49432263.22265422]"	0.0	0.0	0.0
4276.479369515068	2.0	trials	7.0	0.0	0.0	0.0	0.0	0.0	True	40.0	0.0	0.005	"[49504395.97034307 49504660.96941614 49504949.96840525 49505239.96739087
 49505529.96637649 49505818.96536561 49506108.96435123 49506398.96333686
 49506687.96232598 49506977.9613116  49507266.96030071 49507556.95928633
 49507846.95827196 49508135.95726107 49508425.95624669 49508715.95523232
 49509004.95422143 49509294.95320705 49509584.95219266 49509873.95118179]"	0.0	0.0	0.0
4281.681408919032	2.0	trials	7.0	0.0	0.0	0.0	0.0	0.0	True	40.0	0.0	0.005	"[49564600.7597544  49564869.75881348 49565159.75779909 49565449.75678471
 49565738.75577383 49566028.75475945 49566318.75374507 49566607.7527342
 49566897.75171982 49567187.75070543 49567476.74969456 49567766.74868017
 49568055.74766929 49568345.74665491 49568635.74564054 49568924.74462965
 49569214.74361526 49569504.74260089 49569793.74159001 49570083.74057563]"	0.0	0.0	0.0
4291.173884515624	2.0	trials	7.0	0.0	0.0	0.0	0.0	0.0	True	40.0	0.0	0.005	"[49674450.37551446 49674736.37451407 49675026.37349969 49675316.37248531
 49675605.37147442 49675895.37046006 49676184.36944917 49676474.36843479
 49676764.36742041 49677053.36640953 49677343.36539515 49677633.36438077
 49677922.36336989 49678212.36235552 49678502.36134113 49678791.36033026
 49679081.35931587 49679370.35830498 49679660.3572906  49679950.35627624]"	0.0	0.0	0.0
4301.032435631733	2.0	trials	7.0	0.0	0.0	0.0	0.0	0.0	True	40.0	0.0	0.005	"[49788553.97639462 49788839.97539424 49789128.97438335 49789418.97336898
 49789708.97235459 49789997.97134372 49790287.97032933 49790576.96931846
 49790866.96830408 49791156.9672897  49791445.96627881 49791735.96526444
 49792025.96425005 49792314.96323916 49792604.96222479 49792894.96121042
 49793183.96019953 49793473.95918515 49793762.95817427 49794052.9571599 ]"	0.0	0.0	0.0
4307.002136350521	2.0	trials	7.0	0.0	0.0	0.0	0.0	0.0	True	40.0	0.0	0.005	"[49857667.73464352 49857933.73371308 49858222.7327022  49858512.73168783
 49858802.73067345 49859091.72966256 49859381.72864819 49859671.72763382
 49859960.72662293 49860250.72560854 49860540.72459416 49860829.72358328
 49861119.72256891 49861408.72155803 49861698.72054365 49861988.71952927
 49862277.71851838 49862567.717504   49862857.71648963 49863146.71547874]"	0.0	0.0	0.0
4314.114645871915	2.0	trials	7.0	0.0	0.0	0.0	0.0	0.0	True	40.0	0.0	0.005	"[49939988.44669617 49940254.44576573 49940543.44475486 49940833.44374048
 49941123.44272611 49941412.44171523 49941702.44070084 49941992.43968645
 49942281.43867558 49942571.4376612  49942861.43664683 49943150.43563594
 49943440.43462156 49943729.43361068 49944019.4325963  49944309.43158191
 49944598.43057103 49944888.42955666 49945178.42854228 49945467.4275314 ]"	0.0	0.0	0.0
4322.345513081445	2.0	trials	7.0	0.0	0.0	0.0	0.0	0.0	True	40.0	0.0	0.005	"[50035232.11354598 50035519.11254209 50035809.11152772 50036099.11051334
 50036388.10950246 50036678.10848807 50036968.1074737  50037257.10646281
 50037547.10544843 50037837.10443405 50038126.10342318 50038416.1024088
 50038705.10139792 50038995.10038354 50039285.09936915 50039574.09835827
 50039864.0973439  50040154.09632952 50040443.09531863 50040733.09430426]"	0.0	0.0	0.0
4330.116129100871	2.0	trials	7.0	0.0	0.0	0.0	0.0	0.0	True	40.0	0.0	0.005	"[50125171.79894844 50125456.79795154 50125746.79693717 50126035.79592629
 50126325.79491191 50126615.79389753 50126904.79288665 50127194.79187226
 50127484.79085789 50127773.789847   50128063.78883263 50128353.78781825
 50128642.78680737 50128932.78579298 50129222.78477861 50129511.78376772
 50129801.78275334 50130090.78174247 50130380.78072809 50130670.77971371]"	0.0	0.0	0.0
4337.30769434574	2.0	trials	7.0	0.0	0.0	0.0	0.0	0.0	True	40.0	0.0	0.005	"[50208402.50781805 50208692.50680366 50208981.50579278 50209271.50477841
 50209561.50376403 50209850.50275314 50210140.50173877 50210430.50072438
 50210719.4997135  50211009.49869911 50211299.49768475 50211588.49667386
 50211878.49565948 50212167.49464861 50212457.49363422 50212747.49261983
 50213036.49160895 50213326.49059458 50213616.4895802  50213905.48856931]"	0.0	0.0	0.0
4342.576088717602	2.0	trials	7.0	0.0	0.0	0.0	0.0	0.0	True	40.0	0.0	0.005	"[50269408.29442759 50269669.29351465 50269959.29250026 50270248.29148938
 50270538.290475   50270828.28946064 50271117.28844975 50271407.28743536
 50271696.28642448 50271986.2854101  50272276.28439572 50272565.28338484
 50272855.28237047 50273145.28135608 50273434.2803452  50273724.27933083
 50274014.27831645 50274303.27730556 50274593.27629118 50274882.2752803 ]"	0.0	0.0	0.0
4349.043797294425	2.0	trials	7.0	0.0	0.0	0.0	0.0	0.0	True	40.0	0.0	0.005	"[50344266.03258476 50344527.03167182 50344817.03065745 50345107.02964307
 50345396.02863219 50345686.02761781 50345975.02660692 50346265.02559255
 50346555.02457817 50346844.02356728 50347134.0225529  50347424.02153853
 50347713.02052765 50348003.01951327 50348293.01849888 50348582.017488
 50348872.01647362 50349162.01545925 50349451.01444837 50349741.01343399]"	0.0	0.0	0.0
4355.955600317865	2.0	trials	7.0	0.0	0.0	0.0	0.0	0.0	True	40.0	0.0	0.005	"[50424257.75278394 50424524.75185001 50424814.75083563 50425103.74982475
 50425393.74881038 50425683.747796   50425972.74678511 50426262.74577073
 50426551.74475986 50426841.74374547 50427131.74273109 50427420.74172021
 50427710.74070583 50428000.73969145 50428289.73868058 50428579.73766619
 50428869.73665181 50429158.73564092 50429448.73462655 50429738.73361217]"	0.0	0.0	0.0
4399.666762622077	2.0	trials	8.0	0.0	0.0	0.0	0.0	0.0	True	40.0	0.0	0.005	"[50930150.98323399 50930440.98221961 50930729.98120872 50931019.98019434
 50931309.97917996 50931598.97816908 50931888.97715469 50932177.97614382
 50932467.97512944 50932757.97411507 50933046.97310419 50933336.9720898
 50933626.97107542 50933915.97006453 50934205.96905016 50934495.96803579
 50934784.9670249  50935074.96601052 50935364.96499614 50935653.96398526]"	0.0	0.0	0.0
4407.424677885929	2.0	trials	8.0	0.0	0.0	0.0	0.0	0.0	True	40.0	0.0	0.005	"[51019954.66911215 51020231.66814324 51020521.66712887 51020811.66611448
 51021100.6651036  51021390.66408922 51021680.66307484 51021969.66206396
 51022259.66104959 51022549.6600352  51022838.65902432 51023128.65800994
 51023417.65699905 51023707.65598468 51023997.65497031 51024286.65395942
 51024576.65294504 51024866.65193065 51025155.65091977 51025445.6499054 ]"	0.0	0.0	0.0
4413.635260962141	2.0	trials	8.0	0.0	0.0	0.0	0.0	0.0	True	40.0	0.0	0.005	"[51091851.41762649 51092113.41671006 51092402.41569918 51092692.41468479
 51092982.41367042 51093271.41265954 51093561.41164515 51093851.41063078
 51094140.4096199  51094430.40860552 51094719.40759463 51095009.40658026
 51095299.40556589 51095588.404555   51095878.40354061 51096168.40252624
 51096457.40151535 51096747.40050098 51097037.39948659 51097326.39847572]"	0.0	0.0	0.0
4422.071154654516	2.0	trials	8.0	0.0	0.0	0.0	0.0	0.0	True	40.0	0.0	0.005	"[51189462.07619687 51189751.07518599 51190041.0741716  51190330.07316073
 51190620.07214635 51190910.07113197 51191199.07012109 51191489.06910671
 51191779.06809234 51192068.06708145 51192358.06606706 51192648.06505268
 51192937.06404181 51193227.06302743 51193517.06201305 51193806.06100217
 51194096.05998778 51194385.0589769  51194675.05796253 51194965.05694815]"	0.0	0.0	0.0
4429.594926737369	2.0	trials	8.0	0.0	0.0	0.0	0.0	0.0	True	40.0	0.0	0.005	"[51276570.77150177 51276831.77058882 51277121.76957446 51277411.76856008
 51277700.76754919 51277990.76653481 51278280.76552044 51278569.76450954
 51278859.76349517 51279149.76248079 51279438.76146992 51279728.76045553
 51280017.75944465 51280307.75843027 51280597.75741589 51280886.756405
 51281176.75539062 51281466.75437625 51281755.75336537 51282045.75235098]"	0.0	0.0	0.0
4435.117163421325	2.0	trials	8.0	0.0	0.0	0.0	0.0	0.0	True	40.0	0.0	0.005	"[51340460.54802348 51340746.5470231  51341035.54601222 51341325.54499784
 51341615.54398345 51341904.54297257 51342194.5419582  51342483.54094732
 51342773.53993294 51343063.53891856 51343352.53790767 51343642.53689331
 51343932.53587892 51344221.53486803 51344511.53385365 51344801.53283928
 51345090.5318284  51345380.53081401 51345670.52979963 51345959.52878875]"	0.0	0.0	0.0
4443.051766067149	2.0	trials	8.0	0.0	0.0	0.0	0.0	0.0	True	40.0	0.0	0.005	"[51432312.22673804 51432583.22579012 51432872.22477923 51433162.22376485
 51433451.22275398 51433741.2217396  51434031.22072522 51434320.21971433
 51434610.21869995 51434900.21768557 51435189.21667469 51435479.21566032
 51435769.21464594 51436058.21363506 51436348.21262067 51436638.21160629
 51436927.21059541 51437217.20958103 51437506.20857015 51437796.20755578]"	0.0	0.0	0.0
4448.416841700833	2.0	trials	8.0	0.0	0.0	0.0	0.0	0.0	True	40.0	0.0	0.005	"[51494415.00951043 51494678.00859049 51494967.0075796  51495257.00656524
 51495547.00555085 51495836.00453997 51496126.00352559 51496416.00251121
 51496705.00150032 51496995.00048594 51497284.99947157 51497573.99846069
 51497863.99744631 51498152.99643543 51498442.99542104 51498732.99440667
 51499021.99339578 51499311.99238141 51499601.99136703 51499890.99035615]"	0.0	0.0	0.0
4457.464877252018	2.0	trials	8.0	0.0	0.0	0.0	0.0	0.0	True	40.0	0.0	0.005	"[51599135.64321102 51599400.64228407 51599690.6412697  51599979.64025882
 51600269.63924444 51600559.63823006 51600848.63721918 51601138.63620481
 51601428.63519042 51601717.63417954 51602007.63316516 51602297.63215078
 51602586.6311399  51602876.63012553 51603166.62911114 51603455.62810026
 51603745.62708587 51604034.62607499 51604324.62506062 51604614.62404624]"	0.0	0.0	0.0
4466.969276006905	2.0	trials	8.0	0.0	0.0	0.0	0.0	0.0	True	40.0	0.0	0.005	"[51709139.2584324  51709405.25750198 51709695.25648759 51709985.25547321
 51710274.25446234 51710564.25344796 51710853.25243707 51711143.2514227
 51711433.25040832 51711722.24939743 51712012.24838305 51712302.24736868
 51712591.24635779 51712881.24534341 51713171.24432904 51713460.24331816
 51713750.24230377 51714040.24128939 51714329.24027851 51714619.23926414]"	0.0	0.0	0.0
4475.009199884328	2.0	trials	8.0	0.0	0.0	0.0	0.0	0.0	True	40.0	0.0	0.005	"[51802171.93301599 51802460.93200511 51802749.93099422 51803039.92997985
 51803328.92896897 51803618.92795458 51803908.9269402  51804197.92592932
 51804487.92491494 51804777.92390057 51805066.92288968 51805356.92187531
 51805646.92086092 51805935.91985004 51806225.91883565 51806515.91782129
 51806804.9168104  51807094.91579602 51807383.91478515 51807673.91377076]"	0.0	0.0	0.0
4483.747233319858	2.0	trials	8.0	0.0	0.0	0.0	0.0	0.0	True	40.0	0.0	0.005	"[51903309.57924941 51903594.57825252 51903883.57724164 51904173.57622725
 51904463.57521287 51904752.57420199 51905042.57318762 51905332.57217324
 51905621.57116235 51905911.57014797 51906201.56913359 51906490.56812271
 51906780.56710833 51907070.56609396 51907359.56508307 51907649.5640687
 51907938.56305782 51908228.56204343 51908518.56102905 51908807.56001817]"	0.0	0.0	0.0
4493.40516433771	2.0	trials	8.0	0.0	0.0	0.0	0.0	0.0	True	40.0	0.0	0.005	"[52015112.18817815 52015377.18725121 52015666.18624035 52015956.18522596
 52016245.18421507 52016535.18320069 52016825.18218632 52017114.18117543
 52017404.18016105 52017694.17914666 52017983.17813579 52018273.17712141
 52018563.17610703 52018852.17509615 52019142.17408177 52019431.17307089
 52019721.17205652 52020011.17104213 52020300.17003124 52020590.16901686]"	0.0	0.0	0.0
4501.235223349213	2.0	trials	8.0	0.0	0.0	0.0	0.0	0.0	True	40.0	0.0	0.005	"[52105740.87117058 52106001.87025764 52106290.86924676 52106580.86823237
 52106870.867218   52107159.86620712 52107449.86519274 52107739.86417836
 52108028.86316747 52108318.86215311 52108607.86114222 52108897.86012783
 52109187.85911345 52109476.85810257 52109766.85708819 52110056.85607382
 52110345.85506294 52110635.85404855 52110925.85303417 52111214.8520233 ]"	0.0	0.0	0.0
4510.985602043695	2.0	trials	8.0	0.0	0.0	0.0	0.0	0.0	True	40.0	0.0	0.005	"[52218576.47648603 52218853.47551712 52219143.47450274 52219432.47349186
 52219722.47247749 52220012.4714631  52220301.47045223 52220591.46943785
 52220881.46842346 52221170.46741258 52221460.46639821 52221750.46538383
 52222039.46437294 52222329.46335855 52222618.46234768 52222908.4613333
 52223198.46031892 52223487.45930804 52223777.45829366 52224067.45727927]"	0.0	0.0	0.0
4519.1629878402955	2.0	trials	8.0	0.0	0.0	0.0	0.0	0.0	True	40.0	0.0	0.005	"[52313209.14547303 52313499.14445866 52313788.14344778 52314078.14243339
 52314368.14141901 52314657.14040812 52314947.13939375 52315237.13837938
 52315526.13736849 52315816.13635411 52316106.13533973 52316395.13432884
 52316685.13331447 52316974.13230359 52317264.13128921 52317554.13027483
 52317843.12926395 52318133.12824956 52318423.12723519 52318712.1262243 ]"	0.0	0.0	0.0
4528.896000195523	2.0	trials	8.0	0.0	0.0	0.0	0.0	0.0	True	40.0	0.0	0.005	"[52425859.75143559 52426149.7504212  52426438.74941033 52426728.74839595
 52427018.74738157 52427307.74637068 52427597.74535631 52427887.74434194
 52428176.74333105 52428466.74231666 52428756.74130229 52429045.7402914
 52429335.73927703 52429624.73826615 52429914.73725177 52430204.73623738
 52430493.7352265  52430783.73421212 52431073.73319775 52431362.73218686]"	0.0	0.0	0.0
4538.2667386179355	2.0	trials	8.0	0.0	0.0	0.0	0.0	0.0	True	40.0	0.0	0.005	"[52534335.37200171 52534607.3710503  52534897.37003592 52535186.36902504
 52535476.36801066 52535766.36699627 52536055.36598539 52536345.36497102
 52536634.36396013 52536924.36294575 52537214.36193136 52537503.3609205
 52537793.35990611 52538083.35889173 52538372.35788085 52538662.35686647
 52538952.3558521  52539241.35484121 52539531.35382683 52539821.35281245]"	0.0	0.0	0.0
4544.279466386219	2.0	trials	8.0	0.0	0.0	0.0	0.0	0.0	True	40.0	0.0	0.005	"[52603939.12853665 52604200.12762371 52604489.12661283 52604779.12559845
 52605068.12458757 52605358.12357319 52605648.12255881 52605937.12154792
 52606227.12053355 52606517.11951917 52606806.11850829 52607096.11749391
 52607386.11647952 52607675.11546866 52607965.11445427 52608255.11343989
 52608544.112429   52608834.11141463 52609123.11040375 52609413.10938936]"	0.0	0.0	0.0
4552.421082707937	2.0	trials	8.0	0.0	0.0	0.0	0.0	0.0	True	40.0	0.0	0.005	"[52698144.79901724 52698430.79801685 52698719.79700597 52699009.79599159
 52699299.79497721 52699588.79396632 52699878.79295195 52700168.79193757
 52700457.79092669 52700747.78991231 52701037.78889792 52701326.78788704
 52701616.78687267 52701905.78586179 52702195.78484741 52702485.78383303
 52702774.78282215 52703064.78180777 52703354.78079339 52703643.7797825 ]"	0.0	0.0	0.0
4560.263064877734	2.0	trials	8.0	0.0	0.0	0.0	0.0	0.0	True	40.0	0.0	0.005	"[52788924.4814815  52789195.48053358 52789484.4795227  52789774.47850831
 52790063.47749743 52790353.47648305 52790643.47546867 52790932.4744578
 52791222.47344342 52791512.47242903 52791801.47141815 52792091.47040378
 52792381.46938939 52792670.46837851 52792960.46736414 52793250.46634976
 52793539.46533887 52793829.46432448 52794118.46331361 52794408.46229923]"	0.0	0.0	0.0
4566.44306246093	2.0	trials	8.0	0.0	0.0	0.0	0.0	0.0	True	40.0	0.0	0.005	"[52860460.23125857 52860722.23034213 52861011.22933125 52861301.22831687
 52861591.2273025  52861880.22629161 52862170.22527723 52862460.22426286
 52862749.22325197 52863039.22223759 52863329.22122321 52863618.22021233
 52863908.21919795 52864197.21818708 52864487.2171727  52864777.21615831
 52865066.21514742 52865356.21413305 52865646.21311867 52865935.21210779]"	0.0	0.0	0.0
4575.516153924472	2.0	trials	8.0	0.0	0.0	0.0	0.0	0.0	True	40.0	0.0	0.005	"[52965473.86393429 52965734.86302134 52966024.86200697 52966313.86099608
 52966603.8599817  52966893.85896733 52967182.85795645 52967472.85694206
 52967762.85592768 52968051.8549168  52968341.85390242 52968630.85289153
 52968920.85187717 52969210.85086279 52969499.84985191 52969789.84883752
 52970079.84782314 52970368.84681226 52970658.84579788 52970948.8447835 ]"	0.0	0.0	0.0
4582.291359025713	2.0	trials	8.0	0.0	0.0	0.0	0.0	0.0	True	40.0	0.0	0.005	"[53043887.58965309 53044151.58872964 53044441.58771527 53044730.58670439
 53045020.58569    53045310.58467562 53045599.58366475 53045889.58265037
 53046179.58163599 53046468.58062511 53046758.57961072 53047048.57859635
 53047337.57758546 53047627.57657109 53047916.5755602  53048206.57454582
 53048496.57353144 53048785.57252057 53049075.57150618 53049365.5704918 ]"	0.0	0.0	0.0
4591.637300734862	2.0	trials	8.0	0.0	0.0	0.0	0.0	0.0	True	40.0	0.0	0.005	"[53152040.21134902 53152322.21036261 53152612.20934823 53152901.20833736
 53153191.20732298 53153481.2063086  53153770.20529772 53154060.20428333
 53154350.20326895 53154639.20225807 53154929.2012437  53155219.20022932
 53155508.19921843 53155798.19820406 53156088.19718967 53156377.19617879
 53156667.19516441 53156956.19415353 53157246.19313916 53157536.19212478]"	0.0	0.0	0.0
4599.419062315302	2.0	trials	8.0	0.0	0.0	0.0	0.0	0.0	True	40.0	0.0	0.005	"[53242103.89631774 53242388.89532085 53242677.89430996 53242967.89329559
 53243257.8922812  53243546.89127032 53243836.89025595 53244126.88924156
 53244415.88823068 53244705.88721631 53244994.88620542 53245284.88519104
 53245574.88417667 53245863.88316578 53246153.8821514  53246443.88113701
 53246732.88012614 53247022.87911176 53247312.87809739 53247601.87708651]"	0.0	0.0	0.0
4605.960901832825	2.0	trials	8.0	0.0	0.0	0.0	0.0	0.0	True	40.0	0.0	0.005	"[53317824.63145628 53318104.63047687 53318394.62946249 53318684.6284481
 53318973.62743723 53319263.62642284 53319553.62540847 53319842.62439759
 53320132.62338321 53320421.62237232 53320711.62135795 53321001.62034357
 53321290.61933268 53321580.6183183  53321870.61730392 53322159.61629305
 53322449.61527867 53322739.61426428 53323028.6132534  53323318.61223903]"	0.0	0.0	0.0
4614.139151626403	2.0	trials	8.0	0.0	0.0	0.0	0.0	0.0	True	40.0	0.0	0.005	"[53412498.30029986 53412760.29938342 53413050.29836903 53413340.29735465
 53413629.29634377 53413919.2953294  53414209.29431502 53414498.29330414
 53414788.29228976 53415078.29127537 53415367.29026449 53415657.28925012
 53415947.28823574 53416236.28722485 53416526.28621048 53416815.2851996
 53417105.28418521 53417395.28317083 53417684.28215995 53417974.28114557]"	0.0	0.0	0.0
4623.455371839513	2.0	trials	8.0	0.0	0.0	0.0	0.0	0.0	True	40.0	0.0	0.005	"[53520317.92316058 53520586.92221965 53520876.92120527 53521166.92019089
 53521455.91918001 53521745.91816562 53522035.91715125 53522324.91614037
 53522614.91512599 53522904.91411161 53523193.91310073 53523483.91208635
 53523772.91107546 53524062.91006109 53524352.90904671 53524641.90803582
 53524931.90702145 53525221.90600707 53525510.90499619 53525800.9039818 ]"	0.0	0.0	0.0
4631.008779018706	2.0	trials	8.0	0.0	0.0	0.0	0.0	0.0	True	40.0	0.0	0.005	"[53607729.61740562 53608011.61641923 53608300.61540835 53608590.61439397
 53608880.61337958 53609169.6123687  53609459.61135433 53609748.61034344
 53610038.60932906 53610328.60831469 53610617.60730381 53610907.60628942
 53611197.60527505 53611486.60426416 53611776.60324978 53612066.60223541
 53612355.60122453 53612645.60021015 53612934.59919926 53613224.59818488]"	0.0	0.0	0.0
4640.194708487557	2.0	trials	8.0	0.0	0.0	0.0	0.0	0.0	True	40.0	0.0	0.005	"[53714042.24553762 53714329.24453374 53714619.24351935 53714909.24250497
 53715198.2414941  53715488.24047972 53715777.23946883 53716067.23845445
 53716357.23744007 53716646.23642918 53716936.2354148  53717226.23440043
 53717515.23338955 53717805.23237517 53718095.23136079 53718384.23034991
 53718674.22933553 53718964.22832115 53719253.22731027 53719543.2262959 ]"	0.0	0.0	0.0
4648.282756996647	2.0	trials	8.0	0.0	0.0	0.0	0.0	0.0	True	40.0	0.0	0.005	"[53807680.9180015  53807940.91709206 53808230.91607767 53808520.91506328
 53808809.9140524  53809099.91303803 53809389.91202366 53809678.91101277
 53809968.90999839 53810258.90898401 53810547.90797312 53810837.90695874
 53811126.90594786 53811416.90493349 53811706.90391911 53811995.90290823
 53812285.90189385 53812575.90087947 53812864.89986858 53813154.89885421]"	0.0	0.0	0.0
4653.84568793826	2.0	trials	8.0	0.0	0.0	0.0	0.0	0.0	True	40.0	0.0	0.005	"[53872044.69286522 53872326.69187883 53872615.69086794 53872905.68985356
 53873195.68883919 53873484.6878283  53873774.68681391 53874063.68580304
 53874353.68478866 53874643.68377429 53874932.68276341 53875222.68174902
 53875512.68073465 53875801.67972376 53876091.67870938 53876381.67769501
 53876670.67668412 53876960.67566974 53877249.67465886 53877539.67364448]"	0.0	0.0	0.0
4659.666867576554	2.0	trials	8.0	0.0	0.0	0.0	0.0	0.0	True	40.0	0.0	0.005	"[53939427.45716891 53939701.4562105  53939991.45519611 53940281.45418173
 53940570.45317086 53940860.45215648 53941150.4511421  53941439.45013122
 53941729.44911683 53942018.44810595 53942308.44709158 53942598.4460772
 53942887.44506631 53943177.44405194 53943467.44303756 53943756.44202667
 53944046.44101229 53944336.43999791 53944625.43898703 53944915.43797266]"	0.0	0.0	0.0
4665.0490503504	2.0	trials	8.0	0.0	0.0	0.0	0.0	0.0	True	40.0	0.0	0.005	"[54001709.23931519 54001995.2383148  54002285.23730042 54002574.23628954
 54002864.23527516 54003153.23426428 54003443.23324989 54003733.23223552
 54004022.23122463 54004312.23021025 54004602.22919587 54004891.228185
 54005181.22717062 54005471.22615623 54005760.22514535 54006050.22413097
 54006339.22312009 54006629.22210572 54006919.22109134 54007208.22008045]"	0.0	0.0	0.0
4674.167328855883	2.0	trials	8.0	0.0	0.0	0.0	0.0	0.0	True	40.0	0.0	0.005	"[54107243.87016851 54107530.86916462 54107820.86815025 54108110.86713587
 54108399.86612499 54108689.8651106  54108978.86409973 54109268.86308534
 54109558.86207097 54109847.86106009 54110137.86004571 54110427.85903132
 54110716.85802045 54111006.85700607 54111296.85599169 54111585.8549808
 54111875.85396642 54112164.85295554 54112454.85194117 54112744.85092678]"	0.0	0.0	0.0
4680.1556055096935	2.0	trials	8.0	0.0	0.0	0.0	0.0	0.0	True	40.0	0.0	0.005	"[54176578.62764437 54176839.62673144 54177129.62571706 54177419.62470268
 54177708.6236918  54177998.62267743 54178288.62166304 54178577.62065215
 54178867.61963777 54179156.61862689 54179446.61761252 54179736.61659814
 54180025.61558726 54180315.61457288 54180605.61355849 54180894.61254761
 54181184.61153324 54181474.61051886 54181763.60950797 54182053.6084936 ]"	0.0	0.0	0.0
4687.655012877772	2.0	trials	8.0	0.0	0.0	0.0	0.0	0.0	True	40.0	0.0	0.005	"[54263375.32404062 54263639.32311717 54263928.3221063  54264218.32109192
 54264507.32008103 54264797.31906666 54265087.31805228 54265376.31704139
 54265666.31602701 54265956.31501264 54266245.31400175 54266535.31298738
 54266825.31197299 54267114.31096211 54267404.30994773 54267693.30893686
 54267983.30792248 54268273.3069081  54268562.30589721 54268852.30488283]"	0.0	0.0	0.0
4694.435574760275	2.0	trials	8.0	0.0	0.0	0.0	0.0	0.0	True	40.0	0.0	0.005	"[54341849.04954954 54342117.0486121  54342406.04760122 54342696.04658685
 54342986.04557247 54343275.04456159 54343565.04354721 54343855.04253282
 54344144.04152196 54344434.04050757 54344724.03949319 54345013.0384823
 54345303.03746793 54345593.03645355 54345882.03544267 54346172.03442828
 54346461.03341741 54346751.03240302 54347041.03138864 54347330.03037777]"	0.0	0.0	0.0
4704.064734678765	2.0	trials	8.0	0.0	0.0	0.0	0.0	0.0	True	40.0	0.0	0.005	"[54453280.65977599 54453565.65877909 54453854.6577682  54454144.65675382
 54454434.65573946 54454723.65472857 54455013.65371419 54455303.65269981
 54455592.65168893 54455882.65067454 54456172.64966017 54456461.64864929
 54456751.64763492 54457040.64662403 54457330.64560966 54457620.64459527
 54457909.64358439 54458199.64257    54458489.64155564 54458778.64054475]"	0.0	0.0	0.0
4712.237109292893	2.0	trials	8.0	0.0	0.0	0.0	0.0	0.0	True	40.0	0.0	0.005	"[54547875.32889591 54548153.32792351 54548442.32691262 54548732.32589823
 54549022.32488385 54549311.32387298 54549601.32285859 54549891.32184422
 54550180.32083334 54550470.31981896 54550759.31880807 54551049.31779368
 54551339.31677932 54551628.31576843 54551918.31475405 54552208.31373969
 54552497.31272879 54552787.31171442 54553077.31070003 54553366.30968915]"	0.0	0.0	0.0
4718.044983377728	2.0	trials	8.0	0.0	0.0	0.0	0.0	0.0	True	40.0	0.0	0.005	"[54615089.09379073 54615374.09279384 54615664.09177946 54615954.09076508
 54616243.08975419 54616533.08873982 54616823.08772545 54617112.08671457
 54617402.08570018 54617692.0846858  54617981.08367492 54618271.08266054
 54618561.08164616 54618850.08063529 54619140.07962091 54619429.07861002
 54619719.07759563 54620009.07658126 54620298.07557037 54620588.07455599]"	0.0	0.0	0.0
4724.170808350414	2.0	trials	8.0	0.0	0.0	0.0	0.0	0.0	True	40.0	0.0	0.005	"[54685984.84580643 54686274.84479206 54686564.84377768 54686853.84276679
 54687143.84175242 54687433.84073804 54687722.83972716 54688012.83871278
 54688302.83769839 54688591.83668751 54688881.83567314 54689170.83466225
 54689460.83364788 54689750.8326335  54690039.83162262 54690329.83060823
 54690619.82959386 54690908.82858297 54691198.82756859 54691488.82655422]"	0.0	0.0	0.0
4732.812765322006	2.0	trials	8.0	0.0	0.0	0.0	0.0	0.0	True	40.0	0.0	0.005	"[54786009.49593298 54786297.4949256  54786587.49391121 54786877.49289684
 54787166.49188595 54787456.49087157 54787745.48986069 54788035.48884632
 54788325.48783194 54788614.48682106 54788904.48580667 54789194.48479229
 54789483.4837814  54789773.48276704 54790063.48175266 54790352.48074177
 54790642.47972738 54790932.47871301 54791221.47770213 54791511.47668774]"	0.0	0.0	0.0
4741.253151798665	2.0	trials	8.0	0.0	0.0	0.0	0.0	0.0	True	40.0	0.0	0.005	"[54883697.15423401 54883987.15321963 54884276.15220876 54884566.15119437
 54884856.15017999 54885145.14916911 54885435.14815474 54885725.14714035
 54886014.14612948 54886304.1451151  54886594.14410071 54886883.14308982
 54887173.14207546 54887463.14106108 54887752.14005019 54888042.13903581
 54888331.13802493 54888621.13701055 54888911.13599616 54889200.13498529]"	0.0	0.0	0.0
4747.144574391259	2.0	trials	8.0	0.0	0.0	0.0	0.0	0.0	True	40.0	0.0	0.005	"[54951892.91569394 54952174.91470755 54952464.91369317 54952754.91267879
 54953043.91166791 54953333.91065352 54953623.90963915 54953912.90862826
 54954202.9076139  54954492.90659951 54954781.90558863 54955071.90457424
 54955360.90356336 54955650.90254898 54955940.9015346  54956229.90052373
 54956519.89950935 54956809.89849496 54957098.89748409 54957388.8964697 ]"	0.0	0.0	0.0
4754.47688474382	2.0	trials	8.0	0.0	0.0	0.0	0.0	0.0	True	40.0	0.0	0.005	"[55036779.61877109 55037039.61786164 55037329.61684727 55037619.61583289
 55037908.61482202 55038198.61380763 55038487.61279675 55038777.61178236
 55039067.61076799 55039356.6097571  55039646.60874272 55039936.60772835
 55040225.60671747 55040515.60570308 55040805.6046887  55041094.60367782
 55041384.60266344 55041674.60164907 55041963.60063819 55042253.5996238 ]"	0.0	0.0	0.0
4762.9554598869	2.0	trials	8.0	0.0	0.0	0.0	0.0	0.0	True	40.0	0.0	0.005	"[55134893.27558205 55135171.27460963 55135461.27359525 55135750.27258437
 55136040.27157    55136330.27055561 55136619.26954474 55136909.26853035
 55137198.26751947 55137488.26650509 55137778.26549072 55138067.26447983
 55138357.26346545 55138647.26245108 55138936.2614402  55139226.26042581
 55139516.25941143 55139805.25840055 55140095.25738617 55140384.25637528]"	0.0	0.0	0.0
4769.113425547162	2.0	trials	8.0	0.0	0.0	0.0	0.0	0.0	True	40.0	0.0	0.005	"[55206159.02630354 55206444.02530665 55206734.02429227 55207023.02328138
 55207313.02226701 55207603.02125263 55207892.02024174 55208182.01922736
 55208472.01821299 55208761.0172021  55209051.01618772 55209341.01517335
 55209630.01416247 55209920.01314809 55210209.01213721 55210499.01112282
 55210789.01010845 55211078.00909756 55211368.00808319 55211658.00706881]"	0.0	0.0	0.0
4776.295141226482	2.0	trials	8.0	0.0	0.0	0.0	0.0	0.0	True	40.0	0.0	0.005	"[55289284.73554041 55289565.73455752 55289855.73354314 55290145.73252876
 55290434.73151787 55290724.73050349 55291014.72948912 55291303.72847823
 55291593.72746385 55291882.72645298 55292172.72543859 55292462.72442422
 55292751.72341334 55293041.72239895 55293331.72138457 55293620.7203737
 55293910.71935932 55294200.71834494 55294489.71733405 55294779.71631967]"	0.0	0.0	0.0
4782.262854752221	2.0	trials	8.0	0.0	0.0	0.0	0.0	0.0	True	40.0	0.0	0.005	"[55358370.49388726 55358636.49295682 55358926.49194244 55359215.49093156
 55359505.48991719 55359795.4889028  55360084.48789191 55360374.48687753
 55360664.48586316 55360953.48485228 55361243.4838379  55361533.48282351
 55361822.48181263 55362112.48079825 55362402.47978388 55362691.478773
 55362981.47775862 55363270.47674773 55363560.47573335 55363850.47471897]"	0.0	0.0	0.0
4792.375766578611	2.0	trials	8.0	0.0	0.0	0.0	0.0	0.0	True	40.0	0.0	0.005	"[55475407.08450819 55475684.08353928 55475973.0825284  55476263.08151402
 55476552.08050314 55476842.07948877 55477132.07847438 55477421.0774635
 55477711.07644912 55478001.07543474 55478290.07442386 55478580.07340949
 55478870.0723951  55479159.07138421 55479449.07036984 55479739.06935547
 55480028.06834458 55480318.0673302  55480607.06631932               nan]"	0.0	0.0	0.0
