onset	duration	nwb_table	Block	sound	sound_puretone	sound_bluenoise	sound_freq	sound_amp	optogenetics	opto_freq	opto_power	opto_pulse_duration	opto_pulse_ts	airpuff	airpuff_duration	airpuff_amp
304.7254078699138	2.0	trials	1.0	1.0	1.0	0.0	10000.0	1.0	False	0.0	0.0	0.0	"[nan nan nan nan nan nan nan nan nan nan nan nan nan nan nan nan nan nan
 nan nan]"	0.0	0.0	0.0
310.3479557399305	2.0	trials	1.0	1.0	1.0	0.0	10000.0	1.0	False	0.0	0.0	0.0	"[nan nan nan nan nan nan nan nan nan nan nan nan nan nan nan nan nan nan
 nan nan]"	0.0	0.0	0.0
315.90328463147785	2.0	trials	1.0	1.0	1.0	0.0	10000.0	1.0	False	0.0	0.0	0.0	"[nan nan nan nan nan nan nan nan nan nan nan nan nan nan nan nan nan nan
 nan nan]"	0.0	0.0	0.0
321.6067890346897	2.0	trials	1.0	1.0	1.0	0.0	10000.0	1.0	False	0.0	0.0	0.0	"[nan nan nan nan nan nan nan nan nan nan nan nan nan nan nan nan nan nan
 nan nan]"	0.0	0.0	0.0
327.0832349862081	2.0	trials	1.0	1.0	1.0	0.0	10000.0	1.0	False	0.0	0.0	0.0	"[nan nan nan nan nan nan nan nan nan nan nan nan nan nan nan nan nan nan
 nan nan]"	0.0	0.0	0.0
332.835987227116	2.0	trials	1.0	1.0	1.0	0.0	10000.0	1.0	False	0.0	0.0	0.0	"[nan nan nan nan nan nan nan nan nan nan nan nan nan nan nan nan nan nan
 nan nan]"	0.0	0.0	0.0
338.8448282240435	2.0	trials	1.0	1.0	1.0	0.0	10000.0	1.0	False	0.0	0.0	0.0	"[nan nan nan nan nan nan nan nan nan nan nan nan nan nan nan nan nan nan
 nan nan]"	0.0	0.0	0.0
344.563711776571	2.0	trials	1.0	1.0	1.0	0.0	10000.0	1.0	False	0.0	0.0	0.0	"[nan nan nan nan nan nan nan nan nan nan nan nan nan nan nan nan nan nan
 nan nan]"	0.0	0.0	0.0
350.02961696282813	2.0	trials	1.0	1.0	1.0	0.0	10000.0	1.0	False	0.0	0.0	0.0	"[nan nan nan nan nan nan nan nan nan nan nan nan nan nan nan nan nan nan
 nan nan]"	0.0	0.0	0.0
355.2332126135672	2.0	trials	1.0	1.0	1.0	0.0	10000.0	1.0	False	0.0	0.0	0.0	"[nan nan nan nan nan nan nan nan nan nan nan nan nan nan nan nan nan nan
 nan nan]"	0.0	0.0	0.0
361.2090489192668	2.0	trials	1.0	1.0	1.0	0.0	10000.0	1.0	False	0.0	0.0	0.0	"[nan nan nan nan nan nan nan nan nan nan nan nan nan nan nan nan nan nan
 nan nan]"	0.0	0.0	0.0
366.9476316068726	2.0	trials	1.0	1.0	1.0	0.0	10000.0	1.0	False	0.0	0.0	0.0	"[nan nan nan nan nan nan nan nan nan nan nan nan nan nan nan nan nan nan
 nan nan]"	0.0	0.0	0.0
372.3796681047493	2.0	trials	1.0	1.0	1.0	0.0	10000.0	1.0	False	0.0	0.0	0.0	"[nan nan nan nan nan nan nan nan nan nan nan nan nan nan nan nan nan nan
 nan nan]"	0.0	0.0	0.0
377.56995819933906	2.0	trials	1.0	1.0	1.0	0.0	10000.0	1.0	False	0.0	0.0	0.0	"[nan nan nan nan nan nan nan nan nan nan nan nan nan nan nan nan nan nan
 nan nan]"	0.0	0.0	0.0
383.33091841319623	2.0	trials	1.0	1.0	1.0	0.0	10000.0	1.0	False	0.0	0.0	0.0	"[nan nan nan nan nan nan nan nan nan nan nan nan nan nan nan nan nan nan
 nan nan]"	0.0	0.0	0.0
388.95312068435203	2.0	trials	1.0	1.0	1.0	0.0	10000.0	1.0	False	0.0	0.0	0.0	"[nan nan nan nan nan nan nan nan nan nan nan nan nan nan nan nan nan nan
 nan nan]"	0.0	0.0	0.0
394.9834752103783	2.0	trials	1.0	1.0	1.0	0.0	10000.0	1.0	False	0.0	0.0	0.0	"[nan nan nan nan nan nan nan nan nan nan nan nan nan nan nan nan nan nan
 nan nan]"	0.0	0.0	0.0
400.8271199517358	2.0	trials	1.0	1.0	1.0	0.0	10000.0	1.0	False	0.0	0.0	0.0	"[nan nan nan nan nan nan nan nan nan nan nan nan nan nan nan nan nan nan
 nan nan]"	0.0	0.0	0.0
406.01110286711173	2.0	trials	1.0	1.0	1.0	0.0	10000.0	1.0	False	0.0	0.0	0.0	"[nan nan nan nan nan nan nan nan nan nan nan nan nan nan nan nan nan nan
 nan nan]"	0.0	0.0	0.0
411.92118898950133	2.0	trials	1.0	1.0	1.0	0.0	10000.0	1.0	False	0.0	0.0	0.0	"[nan nan nan nan nan nan nan nan nan nan nan nan nan nan nan nan nan nan
 nan nan]"	0.0	0.0	0.0
417.3988445370333	2.0	trials	1.0	1.0	1.0	0.0	10000.0	1.0	False	0.0	0.0	0.0	"[nan nan nan nan nan nan nan nan nan nan nan nan nan nan nan nan nan nan
 nan nan]"	0.0	0.0	0.0
422.9191815439019	2.0	trials	1.0	1.0	1.0	0.0	10000.0	1.0	False	0.0	0.0	0.0	"[nan nan nan nan nan nan nan nan nan nan nan nan nan nan nan nan nan nan
 nan nan]"	0.0	0.0	0.0
428.57101891739046	2.0	trials	1.0	1.0	1.0	0.0	10000.0	1.0	False	0.0	0.0	0.0	"[nan nan nan nan nan nan nan nan nan nan nan nan nan nan nan nan nan nan
 nan nan]"	0.0	0.0	0.0
433.8632606759825	2.0	trials	1.0	1.0	1.0	0.0	10000.0	1.0	False	0.0	0.0	0.0	"[nan nan nan nan nan nan nan nan nan nan nan nan nan nan nan nan nan nan
 nan nan]"	0.0	0.0	0.0
439.6529919950201	2.0	trials	1.0	1.0	1.0	0.0	10000.0	1.0	False	0.0	0.0	0.0	"[nan nan nan nan nan nan nan nan nan nan nan nan nan nan nan nan nan nan
 nan nan]"	0.0	0.0	0.0
445.28694462745074	2.0	trials	1.0	1.0	1.0	0.0	10000.0	1.0	False	0.0	0.0	0.0	"[nan nan nan nan nan nan nan nan nan nan nan nan nan nan nan nan nan nan
 nan nan]"	0.0	0.0	0.0
450.4833691018235	2.0	trials	1.0	1.0	1.0	0.0	10000.0	1.0	False	0.0	0.0	0.0	"[nan nan nan nan nan nan nan nan nan nan nan nan nan nan nan nan nan nan
 nan nan]"	0.0	0.0	0.0
456.1833311167098	2.0	trials	1.0	1.0	1.0	0.0	10000.0	1.0	False	0.0	0.0	0.0	"[nan nan nan nan nan nan nan nan nan nan nan nan nan nan nan nan nan nan
 nan nan]"	0.0	0.0	0.0
462.27304224711725	2.0	trials	1.0	1.0	1.0	0.0	10000.0	1.0	False	0.0	0.0	0.0	"[nan nan nan nan nan nan nan nan nan nan nan nan nan nan nan nan nan nan
 nan nan]"	0.0	0.0	0.0
468.07495592600594	2.0	trials	1.0	1.0	1.0	0.0	10000.0	1.0	False	0.0	0.0	0.0	"[nan nan nan nan nan nan nan nan nan nan nan nan nan nan nan nan nan nan
 nan nan]"	0.0	0.0	0.0
473.318986643485	2.0	trials	1.0	1.0	1.0	0.0	10000.0	1.0	False	0.0	0.0	0.0	"[nan nan nan nan nan nan nan nan nan nan nan nan nan nan nan nan nan nan
 nan nan]"	0.0	0.0	0.0
478.66531462382744	2.0	trials	1.0	1.0	1.0	0.0	10000.0	1.0	False	0.0	0.0	0.0	"[nan nan nan nan nan nan nan nan nan nan nan nan nan nan nan nan nan nan
 nan nan]"	0.0	0.0	0.0
484.5569976068674	2.0	trials	1.0	1.0	1.0	0.0	10000.0	1.0	False	0.0	0.0	0.0	"[nan nan nan nan nan nan nan nan nan nan nan nan nan nan nan nan nan nan
 nan nan]"	0.0	0.0	0.0
494.68546342692895	2.0	trials	1.0	1.0	1.0	0.0	10000.0	1.0	False	0.0	0.0	0.0	"[nan nan nan nan nan nan nan nan nan nan nan nan nan nan nan nan nan nan
 nan nan]"	0.0	0.0	0.0
503.3371853138304	2.0	trials	1.0	1.0	1.0	0.0	10000.0	1.0	False	0.0	0.0	0.0	"[nan nan nan nan nan nan nan nan nan nan nan nan nan nan nan nan nan nan
 nan nan]"	0.0	0.0	0.0
513.4353248338368	2.0	trials	1.0	1.0	1.0	0.0	10000.0	1.0	False	0.0	0.0	0.0	"[nan nan nan nan nan nan nan nan nan nan nan nan nan nan nan nan nan nan
 nan nan]"	0.0	0.0	0.0
519.2760319848757	2.0	trials	1.0	1.0	1.0	0.0	10000.0	1.0	False	0.0	0.0	0.0	"[nan nan nan nan nan nan nan nan nan nan nan nan nan nan nan nan nan nan
 nan nan]"	0.0	0.0	0.0
527.0877758400555	2.0	trials	1.0	1.0	1.0	0.0	10000.0	1.0	False	0.0	0.0	0.0	"[nan nan nan nan nan nan nan nan nan nan nan nan nan nan nan nan nan nan
 nan nan]"	0.0	0.0	0.0
532.7011653402552	2.0	trials	1.0	1.0	1.0	0.0	10000.0	1.0	False	0.0	0.0	0.0	"[nan nan nan nan nan nan nan nan nan nan nan nan nan nan nan nan nan nan
 nan nan]"	0.0	0.0	0.0
541.7191356201279	2.0	trials	1.0	1.0	1.0	0.0	10000.0	1.0	False	0.0	0.0	0.0	"[nan nan nan nan nan nan nan nan nan nan nan nan nan nan nan nan nan nan
 nan nan]"	0.0	0.0	0.0
552.269923248362	2.0	trials	1.0	1.0	1.0	0.0	10000.0	1.0	False	0.0	0.0	0.0	"[nan nan nan nan nan nan nan nan nan nan nan nan nan nan nan nan nan nan
 nan nan]"	0.0	0.0	0.0
562.1867961657609	2.0	trials	1.0	1.0	1.0	0.0	10000.0	1.0	False	0.0	0.0	0.0	"[nan nan nan nan nan nan nan nan nan nan nan nan nan nan nan nan nan nan
 nan nan]"	0.0	0.0	0.0
570.9332985402984	2.0	trials	1.0	1.0	1.0	0.0	10000.0	1.0	False	0.0	0.0	0.0	"[nan nan nan nan nan nan nan nan nan nan nan nan nan nan nan nan nan nan
 nan nan]"	0.0	0.0	0.0
579.9165361346381	2.0	trials	1.0	1.0	1.0	0.0	10000.0	1.0	False	0.0	0.0	0.0	"[nan nan nan nan nan nan nan nan nan nan nan nan nan nan nan nan nan nan
 nan nan]"	0.0	0.0	0.0
587.399874672129	2.0	trials	1.0	1.0	1.0	0.0	10000.0	1.0	False	0.0	0.0	0.0	"[nan nan nan nan nan nan nan nan nan nan nan nan nan nan nan nan nan nan
 nan nan]"	0.0	0.0	0.0
593.2858552739622	2.0	trials	1.0	1.0	1.0	0.0	10000.0	1.0	False	0.0	0.0	0.0	"[nan nan nan nan nan nan nan nan nan nan nan nan nan nan nan nan nan nan
 nan nan]"	0.0	0.0	0.0
600.5257194138609	2.0	trials	1.0	1.0	1.0	0.0	10000.0	1.0	False	0.0	0.0	0.0	"[nan nan nan nan nan nan nan nan nan nan nan nan nan nan nan nan nan nan
 nan nan]"	0.0	0.0	0.0
610.3892837069467	2.0	trials	1.0	1.0	1.0	0.0	10000.0	1.0	False	0.0	0.0	0.0	"[nan nan nan nan nan nan nan nan nan nan nan nan nan nan nan nan nan nan
 nan nan]"	0.0	0.0	0.0
620.3378653198446	2.0	trials	1.0	1.0	1.0	0.0	10000.0	1.0	False	0.0	0.0	0.0	"[nan nan nan nan nan nan nan nan nan nan nan nan nan nan nan nan nan nan
 nan nan]"	0.0	0.0	0.0
631.2456565715177	2.0	trials	1.0	1.0	1.0	0.0	10000.0	1.0	False	0.0	0.0	0.0	"[nan nan nan nan nan nan nan nan nan nan nan nan nan nan nan nan nan nan
 nan nan]"	0.0	0.0	0.0
708.9218517775038	2.0	trials	2.0	1.0	1.0	0.0	10000.0	1.0	True	40.0	0.0	0.005	"[8213225.99841575 8213514.99746331 8213804.99650757 8214094.99555183
 8214383.99459939 8214673.99364365 8214962.9926912  8215253.99173217
 8215543.99077643 8215831.98982728 8216121.98887155 8216411.98791581
 8216701.98696007 8216990.98600762 8217280.98505189 8217570.98409615
 8217859.9831437  8218149.98218796 8218438.98123552 8218728.98027978]"	0.0	0.0	0.0
718.012138619046	2.0	trials	2.0	1.0	1.0	0.0	10000.0	1.0	True	40.0	0.0	0.005	"[8318437.65167367 8318726.65072122 8319015.64976878 8319305.64881304
 8319595.6478573  8319884.64690486 8320174.64594912 8320463.64499668
 8320753.64404094 8321044.64308191 8321332.64213276 8321622.64117702
 8321912.64022128 8322201.63926884 8322490.63831639 8322781.63735736
 8323070.63640492 8323360.63544918 8323650.63449344 8323939.63354099]"	0.0	0.0	0.0
726.2619290305752	2.0	trials	2.0	1.0	1.0	0.0	10000.0	1.0	True	40.0	0.0	0.005	"[8413920.33699498 8414210.33603924 8414500.3350835  8414789.33413106
 8415079.33317532 8415369.33221958 8415658.33126714 8415948.3303114
 8416237.32935895 8416526.32840651 8416816.32745077 8417105.32649833
 8417395.32554259 8417685.32458685 8417975.32363111 8418264.32267867
 8418554.32172293 8418844.32076719 8419134.31981145 8419423.31885901]"	0.0	0.0	0.0
732.6530887675116	2.0	trials	2.0	1.0	1.0	0.0	10000.0	1.0	True	40.0	0.0	0.005	"[8487892.09320905 8488182.09225331 8488472.09129757 8488762.09034183
 8489051.08938939 8489341.08843365 8489630.08748121 8489920.08652547
 8490209.08557302 8490499.08461729 8490789.08366155 8491078.0827091
 8491368.08175336 8491657.08080092 8491947.07984518 8492237.07888944
 8492526.077937   8492816.07698126 8493106.07602552 8493395.07507308]"	0.0	0.0	0.0
739.8882009230714	2.0	trials	2.0	1.0	1.0	0.0	10000.0	1.0	True	40.0	0.0	0.005	"[8571631.81723119 8571922.81627216 8572211.81531972 8572501.81436398
 8572791.81340824 8573080.8124558  8573369.81150335 8573660.81054432
 8573949.80959187 8574238.80863943 8574528.80768369 8574818.80672795
 8575108.80577221 8575398.80481648 8575687.80386403 8575977.80290829
 8576266.80195585 8576556.80100011 8576846.80004437 8577135.79909193]"	0.0	0.0	0.0
746.4703904304395	2.0	trials	2.0	1.0	1.0	0.0	10000.0	1.0	True	40.0	0.0	0.005	"[8647815.56615528 8648105.56519954 8648393.56425039 8648683.56329466
 8648973.56233892 8649263.56138318 8649552.56043074 8649842.559475
 8650131.55852255 8650422.55756352 8650711.55661107 8651001.55565534
 8651290.55470289 8651579.55375045 8651869.55279471 8652160.55183568
 8652448.55088653 8652738.54993079 8653028.54897505 8653318.54801931]"	0.0	0.0	0.0
752.6799379659071	2.0	trials	2.0	1.0	1.0	0.0	10000.0	1.0	True	40.0	0.0	0.005	"[8719684.32930011 8719974.32834437 8720264.32738863 8720554.32643289
 8720843.32548044 8721133.32452471 8721422.32357226 8721713.32261323
 8722002.32166079 8722292.32070505 8722581.3197526  8722871.31879686
 8723161.31784113 8723450.31688868 8723740.31593294 8724030.3149772
 8724319.31402476 8724609.31306902 8724898.31211658 8725187.31116414]"	0.0	0.0	0.0
762.2676279681798	2.0	trials	2.0	1.0	1.0	0.0	10000.0	1.0	True	40.0	0.0	0.005	"[8830652.96358496 8830942.96262922 8831231.96167677 8831521.96072104
 8831811.9597653  8832101.95880956 8832391.95785382 8832680.95690138
 8832969.95594893 8833259.95499319 8833549.95403746 8833838.95308501
 8834128.95212927 8834418.95117353 8834708.95021779 8834997.94926535
 8835287.94830961 8835576.94735717 8835866.94640143 8836156.94544569]"	0.0	0.0	0.0
771.2619247260722	2.0	trials	2.0	1.0	1.0	0.0	10000.0	1.0	True	40.0	0.0	0.005	"[8934754.62050105 8935043.6195486  8935333.61859287 8935622.61764042
 8935913.61668139 8936201.61573224 8936492.61477321 8936782.61381747
 8937070.61286832 8937360.61191258 8937650.61095684 8937940.6100011
 8938230.60904536 8938519.60809292 8938808.60714048 8939098.60618474
 8939388.605229   8939677.60427655 8939968.60331752 8940256.60236837]"	0.0	0.0	0.0
777.2201354898596	2.0	trials	2.0	1.0	1.0	0.0	10000.0	1.0	True	40.0	0.0	0.005	"[9003714.39323292 9004004.39227718 9004294.39132144 9004583.390369
 9004873.38941326 9005162.38846082 9005452.38750508 9005742.38654934
 9006031.3855969  9006321.38464116 9006611.38368542 9006900.38273298
 9007190.38177724 9007480.3808215  9007770.37986576 9008059.37891332
 9008348.37796087 9008638.37700513 9008927.37605269 9009217.37509695]"	0.0	0.0	0.0
786.2923647909132	2.0	trials	2.0	1.0	1.0	0.0	10000.0	1.0	True	40.0	0.0	0.005	"[9108718.04717633 9109008.0462206  9109298.04526486 9109587.04431241
 9109876.04335997 9110166.04240423 9110456.04144849 9110745.04049605
 9111035.03954031 9111325.03858457 9111614.03763213 9111904.03667639
 9112193.03572395 9112483.03476821 9112773.03381247 9113062.03286002
 9113353.03190099 9113642.03094855 9113931.0299961  9114221.02904036]"	0.0	0.0	0.0
792.6526798295032	2.0	trials	2.0	1.0	1.0	0.0	10000.0	1.0	True	40.0	0.0	0.005	"[9182332.80456695 9182621.80361451 9182911.80265877 9183201.80170303
 9183491.80074729 9183780.79979485 9184069.7988424  9184360.79788337
 9184648.79693422 9184939.79597519 9185228.79502274 9185518.79406701
 9185808.79311127 9186097.79215882 9186386.79120638 9186676.79025064
 9186966.7892949  9187257.78833587 9187545.78738672 9187834.78643428]"	0.0	0.0	0.0
797.9083745085419	2.0	trials	2.0	1.0	1.0	0.0	10000.0	1.0	True	40.0	0.0	0.005	"[9243162.60409247 9243450.60314332 9243740.60218759 9244030.60123185
 9244320.60027611 9244610.59932037 9244899.59836793 9245188.59741548
 9245478.59645974 9245768.595504   9246058.59454827 9246348.59359252
 9246636.59264338 9246926.59168764 9247217.59072861 9247505.58977946
 9247795.58882372 9248085.58786798 9248376.58690894 9248664.5859598 ]"	0.0	0.0	0.0
807.1361232970568	2.0	trials	2.0	1.0	1.0	0.0	10000.0	1.0	True	40.0	0.0	0.005	"[9349964.2521103  9350254.25115456 9350544.25019882 9350832.24924968
 9351123.24829064 9351412.2473382  9351702.24638246 9351992.24542672
 9352282.24447098 9352571.24351854 9352861.2425628  9353150.24161036
 9353440.24065462 9353729.23970217 9354019.23874644 9354309.2377907
 9354598.23683825 9354888.23588252 9355177.23493007 9355468.23397104]"	0.0	0.0	0.0
816.4089727369355	2.0	trials	2.0	1.0	1.0	0.0	10000.0	1.0	True	40.0	0.0	0.005	"[9457288.89840451 9457578.89744877 9457868.89649303 9458157.89554059
 9458447.89458485 9458737.89362911 9459026.89267667 9459316.89172093
 9459605.89076849 9459895.88981275 9460185.88885701 9460474.88790456
 9460764.88694882 9461053.88599638 9461343.88504064 9461633.8840849
 9461922.88313246 9462211.88218002 9462502.88122098 9462791.88026854]"	0.0	0.0	0.0
822.7407758694909	2.0	trials	2.0	1.0	1.0	0.0	10000.0	1.0	True	40.0	0.0	0.005	"[9530573.65688269 9530864.65592366 9531153.65497121 9531443.65401547
 9531733.65305973 9532021.65211059 9532312.65115155 9532601.65019911
 9532891.64924337 9533180.64829093 9533470.64733519 9533760.64637945
 9534050.64542371 9534339.64447127 9534628.64351882 9534919.64255979
 9535207.64161064 9535498.64065161 9535788.63969587 9536076.63874672]"	0.0	0.0	0.0
831.8142147665582	2.0	trials	2.0	1.0	1.0	0.0	10000.0	1.0	True	40.0	0.0	0.005	"[9635590.31078326 9635881.30982422 9636170.30887178 9636460.30791604
 9636749.3069636  9637038.30601116 9637329.30505212 9637618.30409968
 9637908.30314394 9638198.3021882  9638487.30123576 9638776.30028331
 9639067.29932428 9639355.29837513 9639646.2974161  9639935.29646365
 9640225.29550791 9640515.29455218 9640804.29359973 9641094.29264399]"	0.0	0.0	0.0
838.3724715528001	2.0	trials	2.0	1.0	1.0	0.0	10000.0	1.0	True	40.0	0.0	0.005	"[9711496.06062354 9711787.0596645  9712076.05871206 9712366.05775632
 9712656.05680058 9712945.05584814 9713235.0548924  9713524.05393996
 9713814.05298422 9714104.05202848 9714393.05107604 9714683.0501203
 9714972.04916785 9715262.04821211 9715552.04725638 9715841.04630393
 9716131.04534819 9716420.04439575 9716710.04344001 9717000.04248427]"	0.0	0.0	0.0
844.2524905742806	2.0	trials	2.0	1.0	1.0	0.0	10000.0	1.0	True	40.0	0.0	0.005	"[9779551.83633468 9779842.83537565 9780132.83441991 9780421.83346746
 9780711.83251172 9781000.83155928 9781289.83060684 9781579.8296511
 9781868.82869866 9782159.82773962 9782448.82678718 9782737.82583473
 9783027.824879   9783317.82392326 9783607.82296752 9783896.82201508
 9784186.82105934 9784475.82010689 9784765.81915115 9785055.81819542]"	0.0	0.0	0.0
852.0822919699492	2.0	trials	2.0	1.0	1.0	0.0	10000.0	1.0	True	40.0	0.0	0.005	"[9870175.53766956 9870464.53671712 9870754.53576138 9871044.53480564
 9871333.5338532  9871623.53289746 9871913.53194172 9872202.53098928
 9872493.53003024 9872781.5290811  9873071.52812536 9873361.52716962
 9873651.52621388 9873940.52526143 9874230.5243057  9874520.52334996
 9874810.52239422 9875098.52144507 9875389.52048603 9875679.5195303 ]"	0.0	0.0	0.0
860.7465418155628	2.0	trials	2.0	1.0	1.0	0.0	10000.0	1.0	True	40.0	0.0	0.005	"[9970455.20718163 9970745.20622589 9971035.20527015 9971325.20431441
 9971613.20336527 9971904.20240623 9972193.20145379 9972483.20049805
 9972773.19954231 9973062.19858987 9973352.19763413 9973641.19668169
 9973930.19572924 9974220.1947735  9974511.19381447 9974800.19286203
 9975090.19190629 9975379.19095384 9975669.18999811 9975959.18904237]"	0.0	0.0	0.0
868.7861217198734	2.0	trials	2.0	1.0	1.0	0.0	10000.0	1.0	True	40.0	0.0	0.005	"[10063506.90051467 10063796.89955893 10064085.89860649 10064374.89765404
 10064665.89669501 10064954.89574257 10065244.89478683 10065533.89383439
 10065823.89287865 10066112.8919262  10066402.89097046 10066693.89001143
 10066982.88905899 10067271.88810654 10067561.8871508  10067851.88619507
 10068140.88524262 10068430.88428688 10068719.88333444 10069009.8823787 ]"	0.0	0.0	0.0
877.2405066571295	2.0	trials	2.0	1.0	1.0	0.0	10000.0	1.0	True	40.0	0.0	0.005	"[10161359.57802529 10161648.57707284 10161938.57611711 10162227.57516466
 10162516.57421222 10162806.57325648 10163096.57230074 10163386.571345
 10163674.57039585 10163965.56943682 10164255.56848108 10164544.56752864
 10164833.56657619 10165123.56562046 10165413.56466472 10165702.56371227
 10165992.56275653 10166282.56180079 10166572.56084506 10166862.55988932]"	0.0	0.0	0.0
887.2601952356833	2.0	trials	2.0	1.0	1.0	0.0	10000.0	1.0	True	40.0	0.0	0.005	"[10277327.19583518 10277615.19488603 10277905.19393029 10278195.19297455
 10278484.19202211 10278775.19106307 10279064.19011063 10279354.18915489
 10279644.18819915 10279933.18724671 10280223.18629097 10280512.18533853
 10280802.18438279 10281092.18342705 10281381.18247461 10281671.18151887
 10281961.18056313 10282250.17961068 10282540.17865494 10282829.1777025 ]"	0.0	0.0	0.0
897.0344222231944	2.0	trials	2.0	1.0	1.0	0.0	10000.0	1.0	True	40.0	0.0	0.005	"[10390454.82300472 10390743.82205227 10391033.82109653 10391322.82014409
 10391612.81918835 10391902.81823261 10392192.81727687 10392482.81632113
 10392772.8153654  10393061.81441295 10393350.81346051 10393640.81250477
 10393929.81155233 10394219.81059659 10394508.80964415 10394798.80868841
 10395088.80773267 10395379.80677363 10395667.80582448 10395957.80486875]"	0.0	0.0	0.0
905.3441740371113	2.0	trials	2.0	1.0	1.0	0.0	10000.0	1.0	True	40.0	0.0	0.005	"[10486631.50603884 10486922.50507981 10487211.50412737 10487500.50317492
 10487790.50221919 10488079.50126674 10488370.50030771 10488659.49935526
 10488948.49840282 10489238.49744708 10489528.49649134 10489817.4955389
 10490108.49457986 10490397.49362742 10490687.49267168 10490976.49171924
 10491265.4907668  10491555.48981106 10491845.48885532 10492134.48790288]"	0.0	0.0	0.0
914.8125460326148	2.0	trials	2.0	1.0	1.0	0.0	10000.0	1.0	True	40.0	0.0	0.005	"[10596220.14487169 10596510.14391595 10596799.14296351 10597089.14200777
 10597379.14105204 10597668.14009959 10597957.13914715 10598248.13818811
 10598537.13723567 10598827.13627993 10599116.13532749 10599407.13436845
 10599695.13341931 10599986.13246027 10600275.13150783 10600564.13055538
 10600854.12959965 10601144.12864391 10601434.12768817 10601723.12673572]"	0.0	0.0	0.0
925.204185385347	2.0	trials	2.0	1.0	1.0	0.0	10000.0	1.0	True	40.0	0.0	0.005	"[10716492.7484938  10716783.74753477 10717071.74658562 10717362.74562659
 10717652.74467085 10717941.74371841 10718230.74276596 10718520.74181022
 10718810.74085448 10719100.73989875 10719390.73894301 10719679.73799056
 10719968.73703812 10720258.73608238 10720547.73512994 10720837.7341742
 10721127.73321846 10721417.73226272 10721707.73130698 10721995.73035784]"	0.0	0.0	0.0
931.7443846311005	2.0	trials	2.0	1.0	1.0	0.0	10000.0	1.0	True	40.0	0.0	0.005	"[10792190.49901958 10792479.49806714 10792768.49711469 10793058.49615895
 10793347.49520651 10793637.49425077 10793928.49329174 10794216.49234259
 10794505.49139015 10794796.49043111 10795086.48947537 10795376.48851963
 10795664.48757049 10795955.48661145 10796244.48565901 10796533.48470657
 10796822.48375412 10797112.48279838 10797403.48183935 10797692.48088691]"	0.0	0.0	0.0
941.9444758151094	2.0	trials	2.0	1.0	1.0	0.0	10000.0	1.0	True	40.0	0.0	0.005	"[10910246.10994815 10910536.10899241 10910826.10803667 10911116.10708093
 10911405.10612849 10911695.10517275 10911984.10422031 10912274.10326457
 10912563.10231213 10912854.10135309 10913143.10040065 10913433.09944491
 10913722.09849246 10914012.09753673 10914301.09658428 10914591.09562854
 10914881.0946728  10915170.09372036 10915460.09276462 10915749.09181218]"	0.0	0.0	0.0
948.8807313555977	2.0	trials	2.0	1.0	1.0	0.0	10000.0	1.0	True	40.0	0.0	0.005	"[10990526.84536995 10990815.84441751 10991105.84346177 10991395.84250603
 10991685.84155029 10991974.84059785 10992264.83964211 10992553.83868967
 10992844.83773063 10993134.83677489 10993422.83582575 10993713.83486671
 10994002.83391427 10994291.83296183 10994580.83200938 10994871.83105035
 10995160.8300979  10995450.82914216 10995739.82818972 10996029.82723398]"	0.0	0.0	0.0
958.6064881028498	2.0	trials	2.0	1.0	1.0	0.0	10000.0	1.0	True	40.0	0.0	0.005	"[11103094.47438506 11103382.47343591 11103673.47247688 11103962.47152443
 11104251.47057199 11104542.46961295 11104831.46866051 11105121.46770477
 11105410.46675233 11105700.46579659 11105990.46484085 11106279.46388841
 11106569.46293267 11106858.46198023 11107148.46102449 11107438.46006875
 11107728.45911301 11108017.45816057 11108307.45720483 11108597.45624909]"	0.0	0.0	0.0
965.0326397244651	2.0	trials	2.0	1.0	1.0	0.0	10000.0	1.0	True	40.0	0.0	0.005	"[11177471.22926439 11177760.22831194 11178050.2273562  11178339.22640376
 11178629.22544802 11178919.22449229 11179208.22353984 11179498.2225841
 11179787.22163166 11180078.22067262 11180367.21972018 11180657.21876444
 11180946.217812   11181235.21685956 11181526.21590052 11181815.21494808
 11182105.21399234 11182395.2130366  11182683.21208745 11182973.21113171]"	0.0	0.0	0.0
972.7184127948015	2.0	trials	2.0	1.0	1.0	0.0	10000.0	1.0	True	40.0	0.0	0.005	"[11266426.93609642 11266715.93514397 11267005.93418823 11267295.93323249
 11267585.93227676 11267874.93132431 11268164.93036857 11268454.92941283
 11268743.92846039 11269032.92750795 11269323.92654891 11269612.92559647
 11269901.92464403 11270189.92369488 11270480.92273585 11270771.92177681
 11271060.92082437 11271350.91986863 11271639.91891618 11271929.91796044]"	0.0	0.0	0.0
982.9066672178202	2.0	trials	2.0	1.0	1.0	0.0	10000.0	1.0	True	40.0	0.0	0.005	"[11384345.54747649 11384636.54651746 11384925.54556501 11385214.54461257
 11385504.54365683 11385794.54270109 11386083.54174865 11386373.54079291
 11386662.53984047 11386952.53888473 11387242.53792899 11387532.53697325
 11387821.5360208  11388110.53506836 11388400.53411262 11388691.53315359
 11388980.53220114 11389269.5312487  11389560.53028967 11389848.52934052]"	0.0	0.0	0.0
992.1887614272313	2.0	trials	2.0	1.0	1.0	0.0	10000.0	1.0	True	40.0	0.0	0.005	"[11491777.19341806 11492067.19246232 11492357.19150658 11492646.19055414
 11492937.1895951  11493225.18864596 11493515.18769022 11493806.18673118
 11494095.18577874 11494385.184823   11494673.18387385 11494963.18291811
 11495254.18195908 11495543.18100664 11495833.1800509  11496122.17909845
 11496412.17814272 11496701.17719027 11496991.17623453 11497280.17528209]"	0.0	0.0	0.0
1002.0410937573337	2.0	trials	2.0	1.0	1.0	0.0	10000.0	1.0	True	40.0	0.0	0.005	"[11605809.81760504 11606097.81665589 11606388.81569685 11606677.81474441
 11606966.81379197 11607257.81283293 11607546.81188049 11607835.81092804
 11608125.80997231 11608415.80901657 11608704.80806412 11608994.80710838
 11609284.80615265 11609573.8052002  11609863.80424446 11610153.80328873
 11610443.80233299 11610732.80138054 11611022.8004248  11611311.79947236]"	0.0	0.0	0.0
1009.4267142168699	2.0	trials	2.0	1.0	1.0	0.0	10000.0	1.0	True	40.0	0.0	0.005	"[11691292.53588286 11691581.53493042 11691870.53397797 11692160.53302223
 11692450.5320665  11692739.53111405 11693029.53015831 11693319.52920257
 11693608.52825013 11693897.52729769 11694188.52633865 11694477.52538621
 11694766.52443377 11695057.52347473 11695346.52252229 11695635.52156985
 11695926.52061081 11696215.51965837 11696504.51870592 11696794.51775018]"	0.0	0.0	0.0
1019.9927945947044	2.0	trials	2.0	1.0	1.0	0.0	10000.0	1.0	True	40.0	0.0	0.005	"[11813584.13285105 11813873.13189861 11814164.13093957 11814453.12998713
 11814742.12903468 11815032.12807895 11815321.1271265  11815611.12617076
 11815901.12521503 11816190.12426258 11816480.12330684 11816770.1223511
 11817061.12139207 11817349.12044292 11817639.11948718 11817928.11853474
 11818218.117579   11818508.11662326 11818797.11567082 11819087.11471508]"	0.0	0.0	0.0
1028.8784869105198	2.0	trials	2.0	1.0	1.0	0.0	10000.0	1.0	True	40.0	0.0	0.005	"[11916427.79391307 11916716.79296063 11917006.79200489 11917296.79104915
 11917584.7901     11917874.78914426 11918165.78818523 11918455.78722949
 11918744.78627704 11919033.7853246  11919322.78437216 11919613.78341312
 11919901.78246398 11920191.78150824 11920481.7805525  11920771.77959676
 11921060.77864432 11921350.77768858 11921640.77673284 11921929.7757804 ]"	0.0	0.0	0.0
1036.7266914455379	2.0	trials	2.0	1.0	1.0	0.0	10000.0	1.0	True	40.0	0.0	0.005	"[12007263.49454927 12007551.49360013 12007842.49264109 12008132.49168535
 12008421.49073291 12008710.48978047 12009001.48882143 12009290.48786899
 12009580.48691325 12009870.48595751 12010159.48500507 12010449.48404933
 12010738.48309688 12011027.48214444 12011318.48118541 12011607.48023296
 12011897.47927723 12012186.47832478 12012476.47736904 12012766.4764133 ]"	0.0	0.0	0.0
1042.9136886553238	2.0	trials	2.0	1.0	1.0	0.0	10000.0	1.0	True	40.0	0.0	0.005	"[12078873.25854767 12079162.25759523 12079451.25664278 12079740.25569034
 12080030.2547346  12080321.25377557 12080610.25282312 12080900.25186739
 12081189.25091494 12081479.24995921 12081768.24900676 12082058.24805102
 12082348.24709528 12082638.24613954 12082927.2451871  12083216.24423466
 12083506.24327892 12083796.24232318 12084086.24136744 12084376.2404117 ]"	0.0	0.0	0.0
1049.4830046051188	2.0	trials	2.0	1.0	1.0	0.0	10000.0	1.0	True	40.0	0.0	0.005	"[12154907.00796611 12155195.00701696 12155485.00606122 12155774.00510878
 12156064.00415304 12156354.0031973  12156644.00224156 12156933.00128912
 12157223.00033338 12157511.99938093 12157802.9984219  12158091.99746946
 12158381.99651372 12158670.99556128 12158960.99460553 12159249.99365309
 12159540.99269406 12159828.99174491 12160119.99078587 12160408.98983343]"	0.0	0.0	0.0
1057.433074404424	2.0	trials	2.0	1.0	1.0	0.0	10000.0	1.0	True	40.0	0.0	0.005	"[12246919.70472333 12247209.70376759 12247499.70281185 12247789.70185611
 12248077.70090696 12248368.69994793 12248657.69899549 12248947.69803975
 12249237.69708401 12249526.69613156 12249815.69517912 12250105.69422338
 12250395.69326764 12250685.69231191 12250974.69135946 12251264.69040372
 12251554.68944798 12251843.68849554 12252132.6875431  12252422.68658736]"	0.0	0.0	0.0
1068.3072561668623	2.0	trials	2.0	1.0	1.0	0.0	10000.0	1.0	True	40.0	0.0	0.005	"[12372779.28993263 12373068.28898019 12373358.28802445 12373647.28707201
 12373936.28611957 12374226.28516383 12374516.28420809 12374806.28325235
 12375095.2822999  12375385.28134417 12375674.28039172 12375965.27943269
 12376253.27848354 12376544.27752451 12376833.27657206 12377123.27561632
 12377412.27466388 12377702.27370814 12377991.2727557  12378281.27179996]"	0.0	0.0	0.0
1078.489376210098	2.0	trials	2.0	1.0	1.0	0.0	10000.0	1.0	True	40.0	0.0	0.005	"[12490626.9015467  12490917.90058766 12491206.89963522 12491496.89867948
 12491785.89772704 12492074.89677459 12492363.89582215 12492654.89486312
 12492944.89390738 12493233.89295493 12493523.89199919 12493812.89104675
 12494102.89009102 12494392.88913528 12494681.88818283 12494971.88722709
 12495260.88627465 12495549.8853222  12495840.88436317 12496130.88340743]"	0.0	0.0	0.0
1084.2287364951412	2.0	trials	2.0	1.0	1.0	0.0	10000.0	1.0	True	40.0	0.0	0.005	"[12557055.68261987 12557344.68166742 12557634.68071168 12557923.67975924
 12558213.6788035  12558503.67784776 12558792.67689532 12559081.67594288
 12559371.67498714 12559661.6740314  12559951.67307566 12560241.67211992
 12560530.67116748 12560819.67021503 12561109.66925929 12561399.66830356
 12561689.66734782 12561979.66639208 12562268.66543963 12562558.66448389]"	0.0	0.0	0.0
1092.2625276185297	2.0	trials	2.0	1.0	1.0	0.0	10000.0	1.0	True	40.0	0.0	0.005	"[12650038.37618031 12650329.37522127 12650618.37426883 12650908.37331309
 12651198.37235735 12651487.3714049  12651777.37044917 12652067.36949343
 12652356.36854098 12652646.36758525 12652935.3666328  12653225.36567706
 12653515.36472133 12653804.36376888 12654093.36281644 12654383.3618607
 12654674.36090166 12654962.35995252 12655252.35899678 12655542.35804104]"	0.0	0.0	0.0
1102.258715474534	2.0	trials	2.0	1.0	1.0	0.0	10000.0	1.0	True	40.0	0.0	0.005	"[12765735.99488002 12766025.99392428 12766316.99296525 12766603.99201939
 12766894.99106036 12767183.99010792 12767472.98915547 12767761.98820303
 12768052.987244   12768341.98629155 12768631.98533581 12768921.98438008
 12769210.98342763 12769501.9824686  12769789.98151945 12770079.98056371
 12770369.97960797 12770659.97865223 12770949.9776965  12771239.97674076]"	0.0	0.0	0.0
1110.466947623025	2.0	trials	2.0	1.0	1.0	0.0	10000.0	1.0	True	40.0	0.0	0.005	"[12860738.68178324 12861027.6808308  12861317.67987506 12861607.67891932
 12861896.67796688 12862186.67701114 12862475.6760587  12862765.67510296
 12863055.67414722 12863344.67319478 12863634.67223904 12863924.6712833
 12864214.67032756 12864503.66937511 12864792.66842267 12865082.66746693
 12865371.66651449 12865662.66555545 12865951.66460301 12866242.66364398]"	0.0	0.0	0.0
1119.9950218217707	2.0	trials	2.0	1.0	1.0	0.0	10000.0	1.0	True	40.0	0.0	0.005	"[12971017.31834209 12971306.31738965 12971596.31643391 12971885.31548147
 12972176.31452243 12972464.31357329 12972755.31261425 12973045.31165851
 12973333.31070936 12973624.30975033 12973913.30879789 12974202.30784545
 12974493.30688641 12974782.30593397 12975071.30498152 12975361.30402579
 12975652.30306675 12975940.3021176  12976231.30115857 12976519.30020942]"	0.0	0.0	0.0
1126.162665495339	2.0	trials	2.0	1.0	1.0	0.0	10000.0	1.0	True	40.0	0.0	0.005	"[13042402.08308201 13042691.08212957 13042981.08117383 13043270.08022139
 13043561.07926236 13043850.07830991 13044139.07735747 13044430.07639843
 13044719.07544599 13045009.07449025 13045299.07353451 13045588.07258207
 13045877.07162962 13046167.07067389 13046457.06971815 13046746.0687657
 13047036.06780997 13047325.06685752 13047615.06590178 13047906.06494275]"	0.0	0.0	0.0
1135.600797590503	2.0	trials	2.0	1.0	1.0	0.0	10000.0	1.0	True	40.0	0.0	0.005	"[13151639.72307164 13151928.7221192  13152218.72116346 13152508.72020772
 13152798.71925198 13153087.71829953 13153377.7173438  13153667.71638806
 13153956.71543561 13154245.71448317 13154535.71352743 13154825.71257169
 13155114.71161925 13155405.71066021 13155694.70970777 13155984.70875203
 13156273.70779959 13156562.70684714 13156852.70589141 13157142.70493567]"	0.0	0.0	0.0
1140.9168856705057	2.0	trials	2.0	1.0	1.0	0.0	10000.0	1.0	True	40.0	0.0	0.005	"[13213168.5202935  13213458.51933776 13213747.51838532 13214038.51742628
 13214327.51647384 13214616.51552139 13214905.51456895 13215195.51361321
 13215484.51266077 13215775.51170173 13216064.51074929 13216353.50979685
 13216644.50883781 13216933.50788537 13217223.50692963 13217512.50597719
 13217802.50502145 13218092.50406571 13218381.50311327 13218670.50216082]"	0.0	0.0	0.0
1150.066788315575	2.0	trials	2.0	1.0	1.0	0.0	10000.0	1.0	True	40.0	0.0	0.005	"[13319069.17128071 13319359.17032497 13319649.16936923 13319939.16841349
 13320229.16745776 13320518.16650531 13320808.16554957 13321098.16459384
 13321387.16364139 13321677.16268565 13321966.16173321 13322256.16077747
 13322545.15982503 13322836.15886599 13323125.15791355 13323414.15696111
 13323704.15600537 13323994.15504963 13324283.15409718 13324573.15314145]"	0.0	0.0	0.0
1155.9169994352917	2.0	trials	2.0	1.0	1.0	0.0	10000.0	1.0	True	40.0	0.0	0.005	"[13386780.94812556 13387069.94717312 13387359.94621738 13387648.94526493
 13387938.9443092  13388227.94335675 13388517.94240101 13388807.94144527
 13389096.94049283 13389386.93953709 13389677.93857806 13389965.93762891
 13390255.93667317 13390545.93571743 13390834.93476499 13391124.93380925
 13391413.93285681 13391703.93190107 13391992.93094862 13392283.92998959]"	0.0	0.0	0.0
1163.531924739118	2.0	trials	2.0	1.0	1.0	0.0	10000.0	1.0	True	40.0	0.0	0.005	"[13474916.65766002 13475206.65670428 13475495.65575184 13475785.6547961
 13476074.65384365 13476364.65288792 13476653.65193548 13476944.65097644
 13477233.65002399 13477523.64906825 13477812.64811581 13478101.64716337
 13478391.64620763 13478681.64525189 13478970.64429945 13479261.64334042
 13479550.64238797 13479840.64143223 13480130.6404765  13480419.63952405]"	0.0	0.0	0.0
1171.9370618386781	2.0	trials	2.0	1.0	1.0	0.0	10000.0	1.0	True	40.0	0.0	0.005	"[13572198.33705245 13572487.33610001 13572778.33514098 13573066.33419183
 13573357.3332328  13573646.33228035 13573936.33132461 13574224.33037546
 13574514.32941972 13574804.32846399 13575093.32751154 13575383.3265558
 13575673.32560007 13575963.32464433 13576253.32368859 13576542.32273614
 13576831.3217837  13577121.32082796 13577411.31987222 13577700.31891978]"	0.0	0.0	0.0
1180.896107512746	2.0	trials	2.0	1.0	1.0	0.0	10000.0	1.0	True	40.0	0.0	0.005	"[13675890.99531646 13676179.99436402 13676468.99341158 13676758.99245584
 13677048.9915001  13677338.99054436 13677628.98958862 13677917.98863618
 13678206.98768373 13678496.986728   13678786.98577226 13679076.98481652
 13679365.98386407 13679654.98291163 13679944.9819559  13680234.98100016
 13680524.98004442 13680813.97909197 13681102.97813953 13681393.9771805 ]"	0.0	0.0	0.0
1190.2038624375882	2.0	trials	2.0	1.0	1.0	0.0	10000.0	1.0	True	40.0	0.0	0.005	"[13783618.64028252 13783908.63932678 13784197.63837434 13784488.63741531
 13784777.63646287 13785067.63550712 13785357.63455138 13785647.63359564
 13785936.6326432  13786225.63169076 13786515.63073502 13786805.62977928
 13787094.62882684 13787384.6278711  13787673.62691866 13787963.62596292
 13788253.62500718 13788543.62405144 13788832.623099   13789121.62214655]"	0.0	0.0	0.0
1200.1668728029338	2.0	trials	2.0	1.0	1.0	0.0	10000.0	1.0	True	40.0	0.0	0.005	"[13898932.26024777 13899222.25929203 13899510.25834288 13899801.25738385
 13900091.25642811 13900381.25547237 13900670.25451993 13900959.25356749
 13901250.25260845 13901539.25165601 13901829.25070027 13902117.24975112
 13902408.24879208 13902698.24783635 13902987.2468839  13903278.24592487
 13903567.24497242 13903855.24402328 13904146.24306424 13904435.2421118 ]"	0.0	0.0	0.0
1209.1914958608813	2.0	trials	2.0	1.0	1.0	0.0	10000.0	1.0	True	40.0	0.0	0.005	"[14003383.91601038 14003673.91505464 14003962.9141022  14004251.91314976
 14004541.91219402 14004830.91124157 14005120.91028584 14005410.9093301
 14005700.90837436 14005989.90742191 14006279.90646617 14006569.90551043
 14006858.90455799 14007148.90360225 14007437.90264981 14007727.90169407
 14008017.90073833 14008306.89978589 14008596.89883015 14008886.89787441]"	0.0	0.0	0.0
1219.0430505935467	2.0	trials	2.0	1.0	1.0	0.0	10000.0	1.0	True	40.0	0.0	0.005	"[14117406.54023031 14117695.53927787 14117985.53832213 14118275.53736639
 14118565.53641065 14118854.53545821 14119144.53450247 14119434.53354673
 14119723.53259429 14120013.53163855 14120302.5306861  14120592.52973037
 14120881.52877792 14121171.52782218 14121461.52686645 14121751.52591071
 14122040.52495826 14122330.52400252 14122620.52304679 14122909.52209434]"	0.0	0.0	0.0
1225.5829906401543	2.0	trials	2.0	1.0	1.0	0.0	10000.0	1.0	True	40.0	0.0	0.005	"[14193100.29076927 14193390.28981353 14193678.28886438 14193969.28790535
 14194258.28695291 14194548.28599717 14194838.28504143 14195128.28408569
 14195416.28313654 14195706.2821808  14195996.28122506 14196285.28027262
 14196574.27932018 14196865.27836114 14197154.2774087  14197445.27644966
 14197733.27550052 14198023.27454478 14198312.27359233 14198603.2726333 ]"	0.0	0.0	0.0
1232.008969462339	2.0	trials	2.0	1.0	1.0	0.0	10000.0	1.0	True	40.0	0.0	0.005	"[14267474.04565849 14267765.04469945 14268054.04374701 14268343.04279457
 14268634.04183553 14268923.04088309 14269213.03992735 14269503.03897161
 14269793.03801587 14270081.03706672 14270372.03610769 14270662.03515195
 14270951.03419951 14271240.03324706 14271530.03229132 14271820.03133558
 14272110.03037984 14272398.0294307  14272688.02847496 14272978.02751922]"	0.0	0.0	0.0
1237.415172445354	2.0	trials	2.0	1.0	1.0	0.0	10000.0	1.0	True	40.0	0.0	0.005	"[14330045.83944298 14330335.83848724 14330624.8375348  14330915.83657577
 14331205.83562003 14331493.83467088 14331783.83371514 14332074.83275611
 14332363.83180366 14332652.83085122 14332942.82989548 14333231.82894304
 14333521.8279873  14333810.82703486 14334101.82607582 14334391.82512008
 14334681.82416434 14334970.8232119  14335259.82225945 14335549.82130372]"	0.0	0.0	0.0
1245.427190840498	2.0	trials	2.0	1.0	1.0	0.0	10000.0	1.0	True	40.0	0.0	0.005	"[14422778.53382733 14423067.53287489 14423356.53192245 14423647.53096341
 14423936.53001097 14424226.52905523 14424515.52810279 14424805.52714705
 14425094.52619461 14425384.52523887 14425674.52428313 14425964.52332739
 14426253.52237494 14426543.52141921 14426833.52046347 14427122.51951102
 14427412.51855529 14427701.51760284 14427991.5166471  14428280.51569466]"	0.0	0.0	0.0
1251.0891369806716	2.0	trials	2.0	1.0	1.0	0.0	10000.0	1.0	True	40.0	0.0	0.005	"[14488309.31786    14488598.31690756 14488888.31595182 14489178.31499608
 14489468.31404034 14489758.3130846  14490047.31213216 14490337.31117642
 14490626.31022397 14490916.30926823 14491205.30831579 14491495.30736005
 14491784.30640761 14492075.30544857 14492364.30449613 14492654.30354039
 14492943.30258795 14493234.30162891 14493523.30067647 14493813.29972073]"	0.0	0.0	0.0
1259.1410720442639	2.0	trials	2.0	1.0	1.0	0.0	10000.0	1.0	True	40.0	0.0	0.005	"[14581504.01072176 14581793.00976931 14582083.00881357 14582372.00786113
 14582662.0069054  14582951.00595295 14583242.00499392 14583531.00404147
 14583820.00308903 14584110.00213329 14584399.00118084 14584690.00022181
 14584978.99926937 14585268.99831363 14585558.99735789 14585848.99640215
 14586137.99544971 14586426.99449727 14586716.99354153 14587005.99258908]"	0.0	0.0	0.0
1269.4256621497937	2.0	trials	2.0	1.0	1.0	0.0	10000.0	1.0	True	40.0	0.0	0.005	"[14700536.61843048 14700827.61747144 14701117.6165157  14701406.61556326
 14701696.61460752 14701986.61365178 14702275.61269934 14702565.6117436
 14702855.61078786 14703144.60983542 14703434.60887968 14703723.60792723
 14704013.6069715  14704303.60601576 14704593.60506002 14704882.60410757
 14705172.60315183 14705461.60219939 14705751.60124365 14706041.60028792]"	0.0	0.0	0.0
1278.0457617409113	2.0	trials	2.0	1.0	1.0	0.0	10000.0	1.0	True	40.0	0.0	0.005	"[14800307.28962003 14800598.288661   14800887.28770856 14801177.28675282
 14801467.28579708 14801756.28484464 14802046.2838889  14802336.28293316
 14802625.28198071 14802914.28102827 14803205.28006923 14803494.27911679
 14803784.27816105 14804074.27720531 14804363.27625287 14804653.27529713
 14804942.27434469 14805231.27339225 14805522.27243321 14805811.27148077]"	0.0	0.0	0.0
1284.6651031258393	2.0	trials	2.0	1.0	1.0	0.0	10000.0	1.0	True	40.0	0.0	0.005	"[14876921.03712699 14877210.03617455 14877500.03521881 14877790.03426307
 14878079.03331063 14878368.03235818 14878659.03139915 14878948.03044671
 14879238.02949097 14879527.02853852 14879817.02758279 14880106.02663034
 14880397.02567131 14880687.02471557 14880975.02376642 14881266.02280738
 14881555.02185494 14881845.0208992  14882134.01994676 14882423.01899432]"	0.0	0.0	0.0
1295.401822941305	2.0	trials	2.0	1.0	1.0	0.0	10000.0	1.0	True	40.0	0.0	0.005	"[15001188.62758297 15001477.62663053 15001767.62567479 15002056.62472235
 15002346.62376661 15002636.62281087 15002925.62185843 15003215.62090269
 15003505.61994695 15003794.61899451 15004084.61803877 15004373.61708632
 15004663.61613058 15004952.61517814 15005243.6142191  15005532.61326666
 15005822.61231092 15006111.61135848 15006401.61040274 15006691.609447  ]"	0.0	0.0	0.0
1301.5069996207435	2.0	trials	2.0	1.0	1.0	0.0	10000.0	1.0	True	40.0	0.0	0.005	"[15071849.39470894 15072140.39374991 15072428.39280076 15072718.39184503
 15073008.39088929 15073297.38993684 15073588.38897781 15073877.38802536
 15074166.38707292 15074457.38611389 15074746.38516144 15075036.3842057
 15075325.38325326 15075615.38229752 15075905.38134178 15076194.38038934
 15076484.3794336  15076773.37848116 15077062.37752871 15077352.37657297]"	0.0	0.0	0.0
1306.9190777843958	2.0	trials	2.0	1.0	1.0	0.0	10000.0	1.0	True	40.0	0.0	0.005	"[15134489.18826934 15134779.1873136  15135069.18635786 15135358.18540541
 15135648.18444968 15135937.18349723 15136227.18254149 15136517.18158576
 15136807.18063002 15137097.17967428 15137386.17872183 15137676.1777661
 15137965.17681365 15138254.17586121 15138544.17490547 15138834.17394973
 15139124.17299399 15139413.17204155 15139704.17108251 15139993.17013007]"	0.0	0.0	0.0
1313.396118838297	2.0	trials	2.0	1.0	1.0	0.0	10000.0	1.0	True	40.0	0.0	0.005	"[15209454.94120753 15209744.94025179 15210033.93929935 15210324.93834031
 15210614.93738457 15210902.93643542 15211192.93547969 15211482.93452395
 15211772.93356821 15212061.93261577 15212351.93166003 15212641.93070428
 15212930.92975184 15213219.9287994  15213509.92784366 15213799.92688792
 15214088.92593548 15214379.92497644 15214668.924024   15214957.92307156]"	0.0	0.0	0.0
1319.6664053735901	2.0	trials	2.0	1.0	1.0	0.0	10000.0	1.0	True	40.0	0.0	0.005	"[15282027.70203221 15282317.70107648 15282607.70012074 15282896.69916829
 15283186.69821255 15283476.69725681 15283765.69630437 15284055.69534863
 15284344.69439619 15284634.69344045 15284924.69248471 15285214.69152897
 15285503.69057653 15285792.68962409 15286082.68866835 15286371.6877159
 15286661.68676016 15286951.68580442 15287242.68484539 15287530.68389624]"	0.0	0.0	0.0
1327.7470251426473	2.0	trials	2.0	1.0	1.0	0.0	10000.0	1.0	True	40.0	0.0	0.005	"[15375553.39380311 15375843.39284737 15376132.39189493 15376422.39093919
 15376712.38998345 15377001.38903101 15377291.38807527 15377581.38711953
 15377871.38616379 15378159.38521465 15378449.38425891 15378740.38329987
 15379029.38234743 15379319.38139169 15379608.38043925 15379898.37948351
 15380188.37852777 15380477.37757533 15380767.37661959 15381056.37566714]"	0.0	0.0	0.0
1338.1916275208316	2.0	trials	2.0	1.0	1.0	0.0	10000.0	1.0	True	40.0	0.0	0.005	"[15496440.9953984  15496730.99444266 15497019.99349022 15497309.99253448
 15497599.99157874 15497889.990623   15498179.98966726 15498468.98871482
 15498757.98776237 15499047.98680663 15499336.98585419 15499626.98489845
 15499916.98394271 15500206.98298698 15500495.98203453 15500785.98107879
 15501074.98012635 15501363.9791739  15501654.97821487 15501943.97726243]"	0.0	0.0	0.0
1348.2051817196023	2.0	trials	2.0	1.0	1.0	0.0	10000.0	1.0	True	40.0	0.0	0.005	"[15612337.61344228 15612628.61248325 15612917.6115308  15613206.61057836
 15613496.60962262 15613786.60866688 15614076.60771114 15614365.6067587
 15614655.60580296 15614945.60484722 15615234.60389478 15615524.60293904
 15615813.60198659 15616103.60103086 15616392.60007841 15616683.59911938
 15616972.59816693 15617262.59721119 15617551.59625875 15617841.59530301]"	0.0	0.0	0.0
1353.7251731276097	2.0	trials	2.0	1.0	1.0	0.0	10000.0	1.0	True	40.0	0.0	0.005	"[15676227.40288311 15676516.40193066 15676805.40097822 15677095.40002248
 15677385.39906674 15677674.3981143  15677965.39715526 15678253.39620611
 15678543.39525038 15678833.39429464 15679123.3933389  15679413.39238316
 15679702.39143072 15679991.39047827 15680281.38952253 15680571.3885668
 15680862.38760776 15681150.38665861 15681440.38570288 15681730.38474713]"	0.0	0.0	0.0
1358.867165781371	2.0	trials	2.0	1.0	1.0	0.0	10000.0	1.0	True	40.0	0.0	0.005	"[15735741.2067457  15736031.20578996 15736320.20483752 15736609.20388508
 15736899.20292934 15737189.2019736  15737478.20102116 15737768.20006542
 15738058.19910968 15738348.19815394 15738637.1972015  15738927.19624576
 15739216.19529331 15739506.19433758 15739796.19338184 15740086.1924261
 15740375.19147365 15740664.19052121 15740955.18956218 15741245.18860644]"	0.0	0.0	0.0
1368.6891718114186	2.0	trials	2.0	1.0	1.0	0.0	10000.0	1.0	True	40.0	0.0	0.005	"[15849420.83209604 15849710.8311403  15850000.83018457 15850289.82923212
 15850579.82827638 15850868.82732394 15851158.8263682  15851448.82541247
 15851737.82446002 15852028.82350099 15852317.82254854 15852607.8215928
 15852896.82064036 15853186.81968462 15853475.81873218 15853766.81777314
 15854055.8168207  15854344.81586826 15854634.81491252 15854923.81396007]"	0.0	0.0	0.0
1378.7391866900275	2.0	trials	2.0	1.0	1.0	0.0	10000.0	1.0	True	40.0	0.0	0.005	"[15965740.44874587 15966030.44779013 15966320.44683439 15966610.44587865
 15966899.44492621 15967189.44397047 15967478.44301802 15967767.44206558
 15968058.44110654 15968347.4401541  15968637.43919836 15968926.43824592
 15969216.43729018 15969506.43633444 15969796.4353787  15970085.43442626
 15970375.43347052 15970664.43251808 15970954.43156234 15971244.4306066 ]"	0.0	0.0	0.0
1387.0612936632263	2.0	trials	2.0	1.0	1.0	0.0	10000.0	1.0	True	40.0	0.0	0.005	"[16062061.13130542 16062350.13035298 16062641.12939394 16062930.1284415
 16063220.12748576 16063510.12653002 16063800.12557428 16064089.12462184
 16064378.12366939 16064668.12271365 16064958.12175792 16065248.12080218
 16065537.11984974 16065827.11889399 16066117.11793826 16066406.11698581
 16066696.11603007 16066985.11507763 16067275.11412189 16067565.11316615]"	0.0	0.0	0.0
1393.6660334962762	2.0	trials	2.0	1.0	1.0	0.0	10000.0	1.0	True	40.0	0.0	0.005	"[16138505.87936934 16138794.8784169  16139084.87746116 16139374.87650542
 16139663.87555298 16139953.87459724 16140243.8736415  16140533.87268576
 16140822.87173332 16141112.87077758 16141402.86982184 16141691.8688694
 16141980.86791695 16142270.86696121 16142561.86600218 16142849.86505303
 16143139.86409729 16143429.86314155 16143718.86218911 16144008.86123337]"	0.0	0.0	0.0
1401.7977154970501	2.0	trials	2.0	1.0	1.0	0.0	10000.0	1.0	True	40.0	0.0	0.005	"[16232622.56919251 16232912.56823677 16233201.56728433 16233492.56632529
 16233780.56537615 16234071.56441711 16234359.56346796 16234650.56250893
 16234940.56155319 16235228.56060404 16235519.55964501 16235808.55869256
 16236098.55773683 16236388.55678109 16236677.55582865 16236967.5548729
 16237256.55392046 16237545.55296802 16237835.55201228 16238126.55105325]"	0.0	0.0	0.0
1411.7993465351155	2.0	trials	2.0	1.0	1.0	0.0	10000.0	1.0	True	40.0	0.0	0.005	"[16348381.18769119 16348671.18673545 16348960.18578301 16349251.18482398
 16349540.18387153 16349830.1829158  16350119.18196335 16350409.18100761
 16350699.18005187 16350989.17909613 16351277.17814699 16351567.17719125
 16351857.17623551 16352146.17528307 16352437.17432403 16352725.17337488
 16353015.17241914 16353306.17146011 16353595.17050767 16353885.16955193]"	0.0	0.0	0.0
1419.563397747474	2.0	trials	2.0	1.0	1.0	0.0	10000.0	1.0	True	40.0	0.0	0.005	"[16438243.89153406 16438532.89058162 16438822.88962588 16439112.88867014
 16439401.8877177  16439691.88676196 16439980.88580952 16440271.88485048
 16440560.88389804 16440850.8829423  16441138.88199315 16441429.88103412
 16441719.88007838 16442007.87912923 16442297.87817349 16442588.87721446
 16442877.87626202 16443166.87530957 16443456.87435383 16443745.87340139]"	0.0	0.0	0.0
1427.891639100456	2.0	trials	2.0	1.0	1.0	0.0	10000.0	1.0	True	40.0	0.0	0.005	"[16534634.57386292 16534924.57290719 16535214.57195144 16535504.57099571
 16535793.57004326 16536083.56908752 16536373.56813179 16536661.56718264
 16536952.5662236  16537242.56526786 16537531.56431542 16537821.56335968
 16538110.56240724 16538400.5614515  16538689.56049906 16538980.55954002
 16539269.55858758 16539559.55763184 16539848.5566794  16540138.55572366]"	0.0	0.0	0.0
1437.4076173390658	2.0	trials	2.0	1.0	1.0	0.0	10000.0	1.0	True	40.0	0.0	0.005	"[16644772.21088646 16645063.20992743 16645352.20897498 16645642.20801925
 16645932.20706351 16646221.20611106 16646511.20515532 16646801.20419958
 16647090.20324714 16647380.2022914  16647670.20133566 16647960.20037992
 16648248.19943077 16648539.19847174 16648829.197516   16649117.19656686
 16649408.19560782 16649697.19465538 16649987.19369964 16650276.19274719]"	0.0	0.0	0.0
1444.1704686510345	2.0	trials	2.0	1.0	1.0	0.0	10000.0	1.0	True	40.0	0.0	0.005	"[16723046.95291934 16723336.9519636  16723625.95101116 16723915.95005542
 16724205.94909968 16724494.94814724 16724784.9471915  16725074.94623576
 16725363.94528332 16725653.94432758 16725943.94337184 16726233.9424161
 16726522.94146365 16726811.94051121 16727100.93955877 16727391.93859974
 16727680.93764729 16727971.93668826 16728259.93573911 16728549.93478337]"	0.0	0.0	0.0
1455.1736451883505	2.0	trials	2.0	1.0	1.0	0.0	10000.0	1.0	True	40.0	0.0	0.005	"[16850398.53321153 16850688.5322558  16850978.53130006 16851267.53034761
 16851557.52939187 16851846.52843943 16852136.52748369 16852425.52653125
 16852716.52557221 16853005.52461977 16853295.52366403 16853585.52270829
 16853874.52175585 16854164.52080011 16854454.51984438 16854742.51889522
 16855032.51793949 16855322.51698374 16855611.5160313  16855902.51507227]"	0.0	0.0	0.0
1464.576180600829	2.0	trials	2.0	1.0	1.0	0.0	10000.0	1.0	True	40.0	0.0	0.005	"[16959224.17455897 16959514.17360323 16959803.17265078 16960093.17169505
 16960383.17073931 16960672.16978687 16960963.16882783 16961252.16787539
 16961541.16692294 16961831.1659672  16962121.16501147 16962410.16405902
 16962700.16310328 16962990.16214754 16963279.1611951  16963568.16024266
 16963859.15928362 16964148.15833118 16964438.15737544 16964727.156423  ]"	0.0	0.0	0.0
1473.3619948458079	2.0	trials	2.0	1.0	1.0	0.0	10000.0	1.0	True	40.0	0.0	0.005	"[17060911.83943076 17061202.83847173 17061491.83751928 17061780.83656684
 17062070.8356111  17062359.83465866 17062648.83370622 17062939.83274718
 17063228.83179474 17063518.830839   17063807.82988655 17064098.82892752
 17064388.82797178 17064676.82702263 17064966.82606689 17065256.82511115
 17065546.82415541 17065836.82319967 17066125.82224723 17066414.82129479]"	0.0	0.0	0.0
1479.4926594412468	2.0	trials	2.0	1.0	1.0	0.0	10000.0	1.0	True	40.0	0.0	0.005	"[17131868.60558122 17132159.60462219 17132448.60366974 17132738.602714
 17133027.60176156 17133317.60080582 17133606.59985338 17133896.59889764
 17134186.5979419  17134475.59698946 17134766.59603042 17135055.59507798
 17135344.59412553 17135634.59316979 17135925.59221076 17136213.59126161
 17136504.59030258 17136793.58935013 17137082.58839769 17137373.58743866]"	0.0	0.0	0.0
1485.3179010432548	2.0	trials	2.0	1.0	1.0	0.0	10000.0	1.0	True	40.0	0.0	0.005	"[17199290.38338181 17199580.38242606 17199869.38147362 17200159.38051788
 17200449.37956214 17200738.3786097  17201027.37765726 17201317.37670152
 17201608.37574248 17201897.37479004 17202186.3738376  17202477.37287856
 17202766.37192612 17203055.37097368 17203345.37001794 17203635.3690622
 17203924.36810976 17204214.36715402 17204504.36619828 17204793.36524583]"	0.0	0.0	0.0
1490.8986314510876	2.0	trials	2.0	1.0	1.0	0.0	10000.0	1.0	True	40.0	0.0	0.005	"[17263882.17050908 17264172.16955335 17264461.1686009  17264751.16764516
 17265041.16668942 17265331.16573369 17265620.16478124 17265909.1638288
 17266199.16287306 17266489.16191732 17266779.16096158 17267068.16000914
 17267357.15905669 17267647.15810096 17267936.15714851 17268227.15618948
 17268517.15523374 17268806.1542813  17269096.15332556 17269385.15237312]"	0.0	0.0	0.0
1498.2259321028257	2.0	trials	2.0	1.0	1.0	0.0	10000.0	1.0	True	40.0	0.0	0.005	"[17348689.89101148 17348977.89006232 17349268.88910329 17349557.88815085
 17349847.88719511 17350136.88624267 17350426.88528693 17350716.88433119
 17351006.88337545 17351295.88242301 17351585.88146727 17351874.88051482
 17352164.87955908 17352454.87860335 17352744.87764761 17353033.87669516
 17353323.87573943 17353612.87478698 17353902.87383124 17354192.8728755 ]"	0.0	0.0	0.0
1508.7655741677918	2.0	trials	2.0	1.0	1.0	0.0	10000.0	1.0	True	40.0	0.0	0.005	"[17470676.48898483 17470966.4880291  17471254.48707995 17471545.48612092
 17471834.48516847 17472123.48421603 17472414.483257   17472703.48230455
 17472992.48135211 17473282.48039637 17473572.47944063 17473861.47848819
 17474152.47752915 17474440.47658001 17474731.47562097 17475020.47466853
 17475310.47371279 17475600.47275705 17475889.4718046  17476178.47085216]"	0.0	0.0	0.0
1538.5957670577395	2.0	trials	3.0	1.0	1.0	0.0	10000.0	1.0	False	0.0	0.0	0.0	"[nan nan nan nan nan nan nan nan nan nan nan nan nan nan nan nan nan nan
 nan nan]"	0.0	0.0	0.0
1544.0789521870477	2.0	trials	3.0	1.0	1.0	0.0	10000.0	1.0	False	0.0	0.0	0.0	"[nan nan nan nan nan nan nan nan nan nan nan nan nan nan nan nan nan nan
 nan nan]"	0.0	0.0	0.0
1553.6650005947304	2.0	trials	3.0	1.0	1.0	0.0	10000.0	1.0	False	0.0	0.0	0.0	"[nan nan nan nan nan nan nan nan nan nan nan nan nan nan nan nan nan nan
 nan nan]"	0.0	0.0	0.0
1563.2646137577085	2.0	trials	3.0	1.0	1.0	0.0	10000.0	1.0	False	0.0	0.0	0.0	"[nan nan nan nan nan nan nan nan nan nan nan nan nan nan nan nan nan nan
 nan nan]"	0.0	0.0	0.0
1571.9436379546305	2.0	trials	3.0	1.0	1.0	0.0	10000.0	1.0	False	0.0	0.0	0.0	"[nan nan nan nan nan nan nan nan nan nan nan nan nan nan nan nan nan nan
 nan nan]"	0.0	0.0	0.0
1579.401056577545	2.0	trials	3.0	1.0	1.0	0.0	10000.0	1.0	False	0.0	0.0	0.0	"[nan nan nan nan nan nan nan nan nan nan nan nan nan nan nan nan nan nan
 nan nan]"	0.0	0.0	0.0
1587.2953985605095	2.0	trials	3.0	1.0	1.0	0.0	10000.0	1.0	False	0.0	0.0	0.0	"[nan nan nan nan nan nan nan nan nan nan nan nan nan nan nan nan nan nan
 nan nan]"	0.0	0.0	0.0
1595.5152946705603	2.0	trials	3.0	1.0	1.0	0.0	10000.0	1.0	False	0.0	0.0	0.0	"[nan nan nan nan nan nan nan nan nan nan nan nan nan nan nan nan nan nan
 nan nan]"	0.0	0.0	0.0
1604.0473529518315	2.0	trials	3.0	1.0	1.0	0.0	10000.0	1.0	False	0.0	0.0	0.0	"[nan nan nan nan nan nan nan nan nan nan nan nan nan nan nan nan nan nan
 nan nan]"	0.0	0.0	0.0
1609.584710702606	2.0	trials	3.0	1.0	1.0	0.0	10000.0	1.0	False	0.0	0.0	0.0	"[nan nan nan nan nan nan nan nan nan nan nan nan nan nan nan nan nan nan
 nan nan]"	0.0	0.0	0.0
1615.2395720661284	2.0	trials	3.0	1.0	1.0	0.0	10000.0	1.0	False	0.0	0.0	0.0	"[nan nan nan nan nan nan nan nan nan nan nan nan nan nan nan nan nan nan
 nan nan]"	0.0	0.0	0.0
1625.821204392709	2.0	trials	3.0	1.0	1.0	0.0	10000.0	1.0	False	0.0	0.0	0.0	"[nan nan nan nan nan nan nan nan nan nan nan nan nan nan nan nan nan nan
 nan nan]"	0.0	0.0	0.0
1634.2869940923792	2.0	trials	3.0	1.0	1.0	0.0	10000.0	1.0	False	0.0	0.0	0.0	"[nan nan nan nan nan nan nan nan nan nan nan nan nan nan nan nan nan nan
 nan nan]"	0.0	0.0	0.0
1639.7832255786907	2.0	trials	3.0	1.0	1.0	0.0	10000.0	1.0	False	0.0	0.0	0.0	"[nan nan nan nan nan nan nan nan nan nan nan nan nan nan nan nan nan nan
 nan nan]"	0.0	0.0	0.0
1645.2080045004861	2.0	trials	3.0	1.0	1.0	0.0	10000.0	1.0	False	0.0	0.0	0.0	"[nan nan nan nan nan nan nan nan nan nan nan nan nan nan nan nan nan nan
 nan nan]"	0.0	0.0	0.0
1655.7096306907395	2.0	trials	3.0	1.0	1.0	0.0	10000.0	1.0	False	0.0	0.0	0.0	"[nan nan nan nan nan nan nan nan nan nan nan nan nan nan nan nan nan nan
 nan nan]"	0.0	0.0	0.0
1666.6673609778306	2.0	trials	3.0	1.0	1.0	0.0	10000.0	1.0	False	0.0	0.0	0.0	"[nan nan nan nan nan nan nan nan nan nan nan nan nan nan nan nan nan nan
 nan nan]"	0.0	0.0	0.0
1675.447559241318	2.0	trials	3.0	1.0	1.0	0.0	10000.0	1.0	False	0.0	0.0	0.0	"[nan nan nan nan nan nan nan nan nan nan nan nan nan nan nan nan nan nan
 nan nan]"	0.0	0.0	0.0
1685.41428479442	2.0	trials	3.0	1.0	1.0	0.0	10000.0	1.0	False	0.0	0.0	0.0	"[nan nan nan nan nan nan nan nan nan nan nan nan nan nan nan nan nan nan
 nan nan]"	0.0	0.0	0.0
1695.0677249800024	2.0	trials	3.0	1.0	1.0	0.0	10000.0	1.0	False	0.0	0.0	0.0	"[nan nan nan nan nan nan nan nan nan nan nan nan nan nan nan nan nan nan
 nan nan]"	0.0	0.0	0.0
1704.2474355268348	2.0	trials	3.0	1.0	1.0	0.0	10000.0	1.0	False	0.0	0.0	0.0	"[nan nan nan nan nan nan nan nan nan nan nan nan nan nan nan nan nan nan
 nan nan]"	0.0	0.0	0.0
1713.4818370934245	2.0	trials	3.0	1.0	1.0	0.0	10000.0	1.0	False	0.0	0.0	0.0	"[nan nan nan nan nan nan nan nan nan nan nan nan nan nan nan nan nan nan
 nan nan]"	0.0	0.0	0.0
1719.163741567822	2.0	trials	3.0	1.0	1.0	0.0	10000.0	1.0	False	0.0	0.0	0.0	"[nan nan nan nan nan nan nan nan nan nan nan nan nan nan nan nan nan nan
 nan nan]"	0.0	0.0	0.0
1728.080278581984	2.0	trials	3.0	1.0	1.0	0.0	10000.0	1.0	False	0.0	0.0	0.0	"[nan nan nan nan nan nan nan nan nan nan nan nan nan nan nan nan nan nan
 nan nan]"	0.0	0.0	0.0
1734.0254429887677	2.0	trials	3.0	1.0	1.0	0.0	10000.0	1.0	False	0.0	0.0	0.0	"[nan nan nan nan nan nan nan nan nan nan nan nan nan nan nan nan nan nan
 nan nan]"	0.0	0.0	0.0
1744.8734456374834	2.0	trials	3.0	1.0	1.0	0.0	10000.0	1.0	False	0.0	0.0	0.0	"[nan nan nan nan nan nan nan nan nan nan nan nan nan nan nan nan nan nan
 nan nan]"	0.0	0.0	0.0
1754.3797471079845	2.0	trials	3.0	1.0	1.0	0.0	10000.0	1.0	False	0.0	0.0	0.0	"[nan nan nan nan nan nan nan nan nan nan nan nan nan nan nan nan nan nan
 nan nan]"	0.0	0.0	0.0
1760.4499319027436	2.0	trials	3.0	1.0	1.0	0.0	10000.0	1.0	False	0.0	0.0	0.0	"[nan nan nan nan nan nan nan nan nan nan nan nan nan nan nan nan nan nan
 nan nan]"	0.0	0.0	0.0
1771.2676082514047	2.0	trials	3.0	1.0	1.0	0.0	10000.0	1.0	False	0.0	0.0	0.0	"[nan nan nan nan nan nan nan nan nan nan nan nan nan nan nan nan nan nan
 nan nan]"	0.0	0.0	0.0
1779.6147711420276	2.0	trials	3.0	1.0	1.0	0.0	10000.0	1.0	False	0.0	0.0	0.0	"[nan nan nan nan nan nan nan nan nan nan nan nan nan nan nan nan nan nan
 nan nan]"	0.0	0.0	0.0
1787.018276342622	2.0	trials	3.0	1.0	1.0	0.0	10000.0	1.0	False	0.0	0.0	0.0	"[nan nan nan nan nan nan nan nan nan nan nan nan nan nan nan nan nan nan
 nan nan]"	0.0	0.0	0.0
1795.9161510182885	2.0	trials	3.0	1.0	1.0	0.0	10000.0	1.0	False	0.0	0.0	0.0	"[nan nan nan nan nan nan nan nan nan nan nan nan nan nan nan nan nan nan
 nan nan]"	0.0	0.0	0.0
1803.8143809884398	2.0	trials	3.0	1.0	1.0	0.0	10000.0	1.0	False	0.0	0.0	0.0	"[nan nan nan nan nan nan nan nan nan nan nan nan nan nan nan nan nan nan
 nan nan]"	0.0	0.0	0.0
1814.5818591025368	2.0	trials	3.0	1.0	1.0	0.0	10000.0	1.0	False	0.0	0.0	0.0	"[nan nan nan nan nan nan nan nan nan nan nan nan nan nan nan nan nan nan
 nan nan]"	0.0	0.0	0.0
1820.881262341871	2.0	trials	3.0	1.0	1.0	0.0	10000.0	1.0	False	0.0	0.0	0.0	"[nan nan nan nan nan nan nan nan nan nan nan nan nan nan nan nan nan nan
 nan nan]"	0.0	0.0	0.0
1831.7890535935437	2.0	trials	3.0	1.0	1.0	0.0	10000.0	1.0	False	0.0	0.0	0.0	"[nan nan nan nan nan nan nan nan nan nan nan nan nan nan nan nan nan nan
 nan nan]"	0.0	0.0	0.0
1842.1515762422348	2.0	trials	3.0	1.0	1.0	0.0	10000.0	1.0	False	0.0	0.0	0.0	"[nan nan nan nan nan nan nan nan nan nan nan nan nan nan nan nan nan nan
 nan nan]"	0.0	0.0	0.0
1847.4734531031597	2.0	trials	3.0	1.0	1.0	0.0	10000.0	1.0	False	0.0	0.0	0.0	"[nan nan nan nan nan nan nan nan nan nan nan nan nan nan nan nan nan nan
 nan nan]"	0.0	0.0	0.0
1853.3890688073257	2.0	trials	3.0	1.0	1.0	0.0	10000.0	1.0	False	0.0	0.0	0.0	"[nan nan nan nan nan nan nan nan nan nan nan nan nan nan nan nan nan nan
 nan nan]"	0.0	0.0	0.0
1860.8535722068907	2.0	trials	3.0	1.0	1.0	0.0	10000.0	1.0	False	0.0	0.0	0.0	"[nan nan nan nan nan nan nan nan nan nan nan nan nan nan nan nan nan nan
 nan nan]"	0.0	0.0	0.0
1869.1935639211476	2.0	trials	3.0	1.0	1.0	0.0	10000.0	1.0	False	0.0	0.0	0.0	"[nan nan nan nan nan nan nan nan nan nan nan nan nan nan nan nan nan nan
 nan nan]"	0.0	0.0	0.0
1879.6812797572447	2.0	trials	3.0	1.0	1.0	0.0	10000.0	1.0	False	0.0	0.0	0.0	"[nan nan nan nan nan nan nan nan nan nan nan nan nan nan nan nan nan nan
 nan nan]"	0.0	0.0	0.0
1884.8953297735295	2.0	trials	3.0	1.0	1.0	0.0	10000.0	1.0	False	0.0	0.0	0.0	"[nan nan nan nan nan nan nan nan nan nan nan nan nan nan nan nan nan nan
 nan nan]"	0.0	0.0	0.0
1892.8631115144626	2.0	trials	3.0	1.0	1.0	0.0	10000.0	1.0	False	0.0	0.0	0.0	"[nan nan nan nan nan nan nan nan nan nan nan nan nan nan nan nan nan nan
 nan nan]"	0.0	0.0	0.0
1899.884038775902	2.0	trials	3.0	1.0	1.0	0.0	10000.0	1.0	False	0.0	0.0	0.0	"[nan nan nan nan nan nan nan nan nan nan nan nan nan nan nan nan nan nan
 nan nan]"	0.0	0.0	0.0
1907.8525117145566	2.0	trials	3.0	1.0	1.0	0.0	10000.0	1.0	False	0.0	0.0	0.0	"[nan nan nan nan nan nan nan nan nan nan nan nan nan nan nan nan nan nan
 nan nan]"	0.0	0.0	0.0
1917.7392311313313	2.0	trials	3.0	1.0	1.0	0.0	10000.0	1.0	False	0.0	0.0	0.0	"[nan nan nan nan nan nan nan nan nan nan nan nan nan nan nan nan nan nan
 nan nan]"	0.0	0.0	0.0
1924.0635174886593	2.0	trials	3.0	1.0	1.0	0.0	10000.0	1.0	False	0.0	0.0	0.0	"[nan nan nan nan nan nan nan nan nan nan nan nan nan nan nan nan nan nan
 nan nan]"	0.0	0.0	0.0
1931.27547452053	2.0	trials	3.0	1.0	1.0	0.0	10000.0	1.0	False	0.0	0.0	0.0	"[nan nan nan nan nan nan nan nan nan nan nan nan nan nan nan nan nan nan
 nan nan]"	0.0	0.0	0.0
1942.0151319263148	2.0	trials	3.0	1.0	1.0	0.0	10000.0	1.0	False	0.0	0.0	0.0	"[nan nan nan nan nan nan nan nan nan nan nan nan nan nan nan nan nan nan
 nan nan]"	0.0	0.0	0.0
2033.233704901283	2.0	trials	4.0	1.0	1.0	1.0	0.0	1.0	False	0.0	0.0	0.0	"[nan nan nan nan nan nan nan nan nan nan nan nan nan nan nan nan nan nan
 nan nan]"	1.0	0.02	5.0
2039.2274259480407	2.0	trials	4.0	1.0	1.0	1.0	0.0	1.0	False	0.0	0.0	0.0	"[nan nan nan nan nan nan nan nan nan nan nan nan nan nan nan nan nan nan
 nan nan]"	1.0	0.02	5.0
2047.8496855320398	2.0000000000002274	trials	4.0	1.0	1.0	1.0	0.0	1.0	False	0.0	0.0	0.0	"[nan nan nan nan nan nan nan nan nan nan nan nan nan nan nan nan nan nan
 nan nan]"	1.0	0.02	5.0
2055.3312960752255	2.0	trials	4.0	1.0	1.0	1.0	0.0	1.0	False	0.0	0.0	0.0	"[nan nan nan nan nan nan nan nan nan nan nan nan nan nan nan nan nan nan
 nan nan]"	1.0	0.02	5.0
2063.623335947515	2.0	trials	4.0	1.0	1.0	1.0	0.0	1.0	False	0.0	0.0	0.0	"[nan nan nan nan nan nan nan nan nan nan nan nan nan nan nan nan nan nan
 nan nan]"	1.0	0.02	5.0
2071.579453726888	2.0	trials	4.0	1.0	1.0	1.0	0.0	1.0	False	0.0	0.0	0.0	"[nan nan nan nan nan nan nan nan nan nan nan nan nan nan nan nan nan nan
 nan nan]"	1.0	0.02	5.0
2081.5577568418344	2.0	trials	4.0	1.0	1.0	1.0	0.0	1.0	False	0.0	0.0	0.0	"[nan nan nan nan nan nan nan nan nan nan nan nan nan nan nan nan nan nan
 nan nan]"	1.0	0.02	5.0
2086.9141071891468	2.0	trials	4.0	1.0	1.0	1.0	0.0	1.0	False	0.0	0.0	0.0	"[nan nan nan nan nan nan nan nan nan nan nan nan nan nan nan nan nan nan
 nan nan]"	1.0	0.02	5.0
2095.3292666556763	2.0	trials	4.0	1.0	1.0	1.0	0.0	1.0	False	0.0	0.0	0.0	"[nan nan nan nan nan nan nan nan nan nan nan nan nan nan nan nan nan nan
 nan nan]"	1.0	0.02	5.0
2102.6596776971637	2.0	trials	4.0	1.0	1.0	1.0	0.0	1.0	False	0.0	0.0	0.0	"[nan nan nan nan nan nan nan nan nan nan nan nan nan nan nan nan nan nan
 nan nan]"	1.0	0.02	5.0
2112.903832735953	2.0	trials	4.0	1.0	1.0	1.0	0.0	1.0	False	0.0	0.0	0.0	"[nan nan nan nan nan nan nan nan nan nan nan nan nan nan nan nan nan nan
 nan nan]"	1.0	0.02	5.0
2119.267344564008	2.0	trials	4.0	1.0	1.0	1.0	0.0	1.0	False	0.0	0.0	0.0	"[nan nan nan nan nan nan nan nan nan nan nan nan nan nan nan nan nan nan
 nan nan]"	1.0	0.02	5.0
2124.7401617274854	2.0	trials	4.0	1.0	1.0	1.0	0.0	1.0	False	0.0	0.0	0.0	"[nan nan nan nan nan nan nan nan nan nan nan nan nan nan nan nan nan nan
 nan nan]"	1.0	0.02	5.0
2133.042396766175	2.0	trials	4.0	1.0	1.0	1.0	0.0	1.0	False	0.0	0.0	0.0	"[nan nan nan nan nan nan nan nan nan nan nan nan nan nan nan nan nan nan
 nan nan]"	1.0	0.02	5.0
2141.899490776241	2.0	trials	4.0	1.0	1.0	1.0	0.0	1.0	False	0.0	0.0	0.0	"[nan nan nan nan nan nan nan nan nan nan nan nan nan nan nan nan nan nan
 nan nan]"	1.0	0.02	5.0
2149.9941072991696	2.0	trials	4.0	1.0	1.0	1.0	0.0	1.0	False	0.0	0.0	0.0	"[nan nan nan nan nan nan nan nan nan nan nan nan nan nan nan nan nan nan
 nan nan]"	1.0	0.02	5.0
2158.8074830533155	2.0	trials	4.0	1.0	1.0	1.0	0.0	1.0	False	0.0	0.0	0.0	"[nan nan nan nan nan nan nan nan nan nan nan nan nan nan nan nan nan nan
 nan nan]"	1.0	0.02	5.0
2169.2964948851413	2.0	trials	4.0	1.0	1.0	1.0	0.0	1.0	False	0.0	0.0	0.0	"[nan nan nan nan nan nan nan nan nan nan nan nan nan nan nan nan nan nan
 nan nan]"	1.0	0.02	5.0
2178.3820297423445	2.0	trials	4.0	1.0	1.0	1.0	0.0	1.0	False	0.0	0.0	0.0	"[nan nan nan nan nan nan nan nan nan nan nan nan nan nan nan nan nan nan
 nan nan]"	1.0	0.02	5.0
2185.177453746965	2.0	trials	4.0	1.0	1.0	1.0	0.0	1.0	False	0.0	0.0	0.0	"[nan nan nan nan nan nan nan nan nan nan nan nan nan nan nan nan nan nan
 nan nan]"	1.0	0.02	5.0
2196.0255427953957	2.0	trials	4.0	1.0	1.0	1.0	0.0	1.0	False	0.0	0.0	0.0	"[nan nan nan nan nan nan nan nan nan nan nan nan nan nan nan nan nan nan
 nan nan]"	1.0	0.02	5.0
2202.88956817393	2.0	trials	4.0	1.0	1.0	1.0	0.0	1.0	False	0.0	0.0	0.0	"[nan nan nan nan nan nan nan nan nan nan nan nan nan nan nan nan nan nan
 nan nan]"	1.0	0.02	5.0
2212.8378905876825	2.0	trials	4.0	1.0	1.0	1.0	0.0	1.0	False	0.0	0.0	0.0	"[nan nan nan nan nan nan nan nan nan nan nan nan nan nan nan nan nan nan
 nan nan]"	1.0	0.02	5.0
2219.1512905808877	2.0	trials	4.0	1.0	1.0	1.0	0.0	1.0	False	0.0	0.0	0.0	"[nan nan nan nan nan nan nan nan nan nan nan nan nan nan nan nan nan nan
 nan nan]"	1.0	0.02	5.0
2230.0700545963987	2.0	trials	4.0	1.0	1.0	1.0	0.0	1.0	False	0.0	0.0	0.0	"[nan nan nan nan nan nan nan nan nan nan nan nan nan nan nan nan nan nan
 nan nan]"	1.0	0.02	5.0
2240.6057222744626	2.0	trials	4.0	1.0	1.0	1.0	0.0	1.0	False	0.0	0.0	0.0	"[nan nan nan nan nan nan nan nan nan nan nan nan nan nan nan nan nan nan
 nan nan]"	1.0	0.02	5.0
2246.553651472135	2.0	trials	4.0	1.0	1.0	1.0	0.0	1.0	False	0.0	0.0	0.0	"[nan nan nan nan nan nan nan nan nan nan nan nan nan nan nan nan nan nan
 nan nan]"	1.0	0.02	5.0
2251.756123926575	2.0	trials	4.0	1.0	1.0	1.0	0.0	1.0	False	0.0	0.0	0.0	"[nan nan nan nan nan nan nan nan nan nan nan nan nan nan nan nan nan nan
 nan nan]"	1.0	0.02	5.0
2257.1955907999645	2.0	trials	4.0	1.0	1.0	1.0	0.0	1.0	False	0.0	0.0	0.0	"[nan nan nan nan nan nan nan nan nan nan nan nan nan nan nan nan nan nan
 nan nan]"	1.0	0.02	5.0
2263.7424428237923	2.0	trials	4.0	1.0	1.0	1.0	0.0	1.0	False	0.0	0.0	0.0	"[nan nan nan nan nan nan nan nan nan nan nan nan nan nan nan nan nan nan
 nan nan]"	1.0	0.02	5.0
2270.2879124521764	2.0	trials	4.0	1.0	1.0	1.0	0.0	1.0	False	0.0	0.0	0.0	"[nan nan nan nan nan nan nan nan nan nan nan nan nan nan nan nan nan nan
 nan nan]"	1.0	0.02	5.0
2277.2722062343473	2.0	trials	4.0	1.0	1.0	1.0	0.0	1.0	False	0.0	0.0	0.0	"[nan nan nan nan nan nan nan nan nan nan nan nan nan nan nan nan nan nan
 nan nan]"	1.0	0.02	5.0
2288.059815482099	2.0	trials	4.0	1.0	1.0	1.0	0.0	1.0	False	0.0	0.0	0.0	"[nan nan nan nan nan nan nan nan nan nan nan nan nan nan nan nan nan nan
 nan nan]"	1.0	0.02	5.0
2298.0199746568414	2.0	trials	4.0	1.0	1.0	1.0	0.0	1.0	False	0.0	0.0	0.0	"[nan nan nan nan nan nan nan nan nan nan nan nan nan nan nan nan nan nan
 nan nan]"	1.0	0.02	5.0
2308.1658932193845	2.0	trials	4.0	1.0	1.0	1.0	0.0	1.0	False	0.0	0.0	0.0	"[nan nan nan nan nan nan nan nan nan nan nan nan nan nan nan nan nan nan
 nan nan]"	1.0	0.02	5.0
2316.0441648553115	2.0	trials	4.0	1.0	1.0	1.0	0.0	1.0	False	0.0	0.0	0.0	"[nan nan nan nan nan nan nan nan nan nan nan nan nan nan nan nan nan nan
 nan nan]"	1.0	0.02	5.0
2324.309680015018	2.0	trials	4.0	1.0	1.0	1.0	0.0	1.0	False	0.0	0.0	0.0	"[nan nan nan nan nan nan nan nan nan nan nan nan nan nan nan nan nan nan
 nan nan]"	1.0	0.02	5.0
2330.7680587304235	2.0	trials	4.0	1.0	1.0	1.0	0.0	1.0	False	0.0	0.0	0.0	"[nan nan nan nan nan nan nan nan nan nan nan nan nan nan nan nan nan nan
 nan nan]"	1.0	0.02	5.0
2337.2481237743586	2.0	trials	4.0	1.0	1.0	1.0	0.0	1.0	False	0.0	0.0	0.0	"[nan nan nan nan nan nan nan nan nan nan nan nan nan nan nan nan nan nan
 nan nan]"	1.0	0.02	5.0
2347.525888302383	2.0	trials	4.0	1.0	1.0	1.0	0.0	1.0	False	0.0	0.0	0.0	"[nan nan nan nan nan nan nan nan nan nan nan nan nan nan nan nan nan nan
 nan nan]"	1.0	0.02	5.0
2353.022119788695	2.0	trials	4.0	1.0	1.0	1.0	0.0	1.0	False	0.0	0.0	0.0	"[nan nan nan nan nan nan nan nan nan nan nan nan nan nan nan nan nan nan
 nan nan]"	1.0	0.02	5.0
2362.274492496058	2.0	trials	4.0	1.0	1.0	1.0	0.0	1.0	False	0.0	0.0	0.0	"[nan nan nan nan nan nan nan nan nan nan nan nan nan nan nan nan nan nan
 nan nan]"	1.0	0.02	5.0
2371.677287107682	2.0	trials	4.0	1.0	1.0	1.0	0.0	1.0	False	0.0	0.0	0.0	"[nan nan nan nan nan nan nan nan nan nan nan nan nan nan nan nan nan nan
 nan nan]"	1.0	0.02	5.0
2379.6550048158692	2.0	trials	4.0	1.0	1.0	1.0	0.0	1.0	False	0.0	0.0	0.0	"[nan nan nan nan nan nan nan nan nan nan nan nan nan nan nan nan nan nan
 nan nan]"	1.0	0.02	5.0
2389.0220299453777	2.0	trials	4.0	1.0	1.0	1.0	0.0	1.0	False	0.0	0.0	0.0	"[nan nan nan nan nan nan nan nan nan nan nan nan nan nan nan nan nan nan
 nan nan]"	1.0	0.02	5.0
2395.2560286002627	2.0	trials	4.0	1.0	1.0	1.0	0.0	1.0	False	0.0	0.0	0.0	"[nan nan nan nan nan nan nan nan nan nan nan nan nan nan nan nan nan nan
 nan nan]"	1.0	0.02	5.0
2402.504014313395	2.0	trials	4.0	1.0	1.0	1.0	0.0	1.0	False	0.0	0.0	0.0	"[nan nan nan nan nan nan nan nan nan nan nan nan nan nan nan nan nan nan
 nan nan]"	1.0	0.02	5.0
2409.8251805853506	2.0	trials	4.0	1.0	1.0	1.0	0.0	1.0	False	0.0	0.0	0.0	"[nan nan nan nan nan nan nan nan nan nan nan nan nan nan nan nan nan nan
 nan nan]"	1.0	0.02	5.0
2419.3282852663874	2.0	trials	4.0	1.0	1.0	1.0	0.0	1.0	False	0.0	0.0	0.0	"[nan nan nan nan nan nan nan nan nan nan nan nan nan nan nan nan nan nan
 nan nan]"	1.0	0.02	5.0
2430.1061313463147	2.0	trials	4.0	1.0	1.0	1.0	0.0	1.0	False	0.0	0.0	0.0	"[nan nan nan nan nan nan nan nan nan nan nan nan nan nan nan nan nan nan
 nan nan]"	1.0	0.02	5.0
2523.42750059119	2.0	trials	5.0	0.0	0.0	0.0	0.0	0.0	True	40.0	0.0	0.005	"[29214447.78548009 29214738.78452105 29215028.78356531 29215316.78261616
 29215606.78166042 29215895.78070798 29216185.77975224 29216475.7787965
 29216765.77784077 29217054.77688832 29217344.77593258 29217633.77498014
 29217924.7740211  29218213.77306866 29218503.77211292 29218792.77116048
 29219082.77020474 29219370.7692556  29219660.76829985 29219951.76734082]"	0.0	0.0	0.0
2530.6935438448113	2.0	trials	5.0	0.0	0.0	0.0	0.0	0.0	True	40.0	0.0	0.005	"[29298547.50831579 29298835.50736665 29299126.50640761 29299415.50545517
 29299704.50450273 29299994.50354699 29300285.50258795 29300574.50163551
 29300863.50068307 29301153.49972733 29301443.49877159 29301732.49781914
 29302022.4968634  29302312.49590767 29302601.49495522 29302890.49400278
 29303181.49304375 29303469.4920946  29303759.49113886 29304048.49018641]"	0.0	0.0	0.0
2537.3473587161275	2.0	trials	5.0	0.0	0.0	0.0	0.0	0.0	True	40.0	0.0	0.005	"[29375558.25451438 29375848.25355864 29376137.2526062  29376428.25164717
 29376716.25069802 29377005.24974557 29377295.24878983 29377586.2478308
 29377875.24687836 29378166.24591932 29378453.24497347 29378745.24401114
 29379033.24306199 29379323.24210625 29379613.24115051 29379902.24019807
 29380191.23924563 29380481.23828989 29380771.23733415 29381061.23637841]"	0.0	0.0	0.0
2543.6357891916236	2.0	trials	5.0	0.0	0.0	0.0	0.0	0.0	True	40.0	0.0	0.005	"[29448341.01464698 29448630.01369454 29448920.01273879 29449209.01178635
 29449498.01083391 29449789.00987487 29450078.00892243 29450368.00796669
 29450658.00701096 29450947.00605851 29451237.00510277 29451527.00414704
 29451815.00319789 29452106.00223885 29452394.0012897  29452685.00033067
 29452973.99937822 29453262.99842578 29453552.99747004 29453843.996511  ]"	0.0	0.0	0.0
2550.3794597668057	2.0	trials	5.0	0.0	0.0	0.0	0.0	0.0	True	40.0	0.0	0.005	"[29526391.75741808 29526680.75646564 29526970.7555099  29527260.75455416
 29527549.75360172 29527839.75264598 29528129.75169024 29528418.7507378
 29528708.74978206 29528999.74882302 29529287.74787387 29529577.74691814
 29529867.7459624  29530157.74500666 29530446.74405422 29530736.74309848
 29531026.74214274 29531316.741187   29531605.74023456 29531895.73927882]"	0.0	0.0	0.0
2557.160627818409	2.0	trials	5.0	0.0	0.0	0.0	0.0	0.0	True	40.0	0.0	0.005	"[29604877.49875558 29605167.49779985 29605456.4968474  29605746.49589166
 29606035.49493922 29606326.49398018 29606615.49302774 29606905.492072
 29607195.49111626 29607484.49016382 29607773.48921138 29608064.48825235
 29608352.48730319 29608643.48634416 29608933.48538842 29609223.48443268
 29609512.48348024 29609800.48253109 29610091.48157206 29610380.48061961]"	0.0	0.0	0.0
2564.2331357098565	2.0	trials	5.0	0.0	0.0	0.0	0.0	0.0	True	40.0	0.0	0.005	"[29686735.22898014 29687024.2280277  29687314.22707196 29687604.22611623
 29687893.22516378 29688184.22420475 29688472.2232556  29688764.22229327
 29689053.22134082 29689341.22039168 29689632.21943264 29689922.2184769
 29690210.21752775 29690501.21656872 29690791.21561298 29691080.21466054
 29691369.2137081  29691658.21275565 29691948.21179991 29692238.21084418]"	0.0	0.0	0.0
2569.4173778243785	2.0	trials	5.0	0.0	0.0	0.0	0.0	0.0	True	40.0	0.0	0.005	"[29746739.03122788 29747029.03027213 29747319.0293164  29747607.02836725
 29747898.02740822 29748188.02645247 29748477.02550003 29748767.02454429
 29749054.02359844 29749347.02263281 29749635.02168367 29749926.02072463
 29750214.01977549 29750505.01881645 29750793.0178673  29751084.01690827
 29751374.01595253 29751661.01500668 29751953.01404435 29752242.0130919 ]"	0.0	0.0	0.0
2575.220933097857	2.0	trials	5.0	0.0	0.0	0.0	0.0	0.0	True	40.0	0.0	0.005	"[29813908.80985896 29814199.80889993 29814487.80795078 29814777.80699504
 29815067.80603931 29815357.80508357 29815646.80413112 29815937.80317209
 29816226.80221964 29816516.80126391 29816805.80031146 29817094.79935902
 29817384.79840329 29817673.79745084 29817963.79649509 29818252.79554265
 29818542.79458692 29818833.79362788 29819121.79267874 29819410.79172629]"	0.0	0.0	0.0
2582.4375557143517	2.0	trials	5.0	0.0	0.0	0.0	0.0	0.0	True	40.0	0.0	0.005	"[29897435.53458309 29897725.53362734 29898013.5326782  29898303.53172245
 29898594.53076342 29898882.52981427 29899171.52886183 29899462.5279028
 29899751.52695036 29900041.52599461 29900330.52504217 29900620.52408643
 29900911.5231274  29901199.52217825 29901489.52122251 29901779.52026678
 29902068.51931433 29902358.51835859 29902648.51740285 29902938.51644711]"	0.0	0.0	0.0
2588.421772792431	2.0	trials	5.0	0.0	0.0	0.0	0.0	0.0	True	40.0	0.0	0.005	"[29966696.30632297 29966987.30536393 29967277.30440819 29967565.30345904
 29967855.30250331 29968146.30154428 29968434.30059513 29968724.29963939
 29969013.29868695 29969303.2977312  29969593.29677546 29969882.29582302
 29970172.29486728 29970462.29391155 29970751.2929591  29971042.29200006
 29971331.29104762 29971621.29009188 29971911.28913615 29972199.288187  ]"	0.0	0.0	0.0
2596.0809347504683	2.0	trials	5.0	0.0	0.0	0.0	0.0	0.0	True	40.0	0.0	0.005	"[30055344.01417005 30055633.01321761 30055924.01225858 30056212.01130943
 30056502.01035369 30056793.00939466 30057082.00844221 30057372.00748647
 30057662.00653074 30057951.00557829 30058241.00462255 30058530.00367011
 30058820.00271437 30059109.00176192 30059399.00080619 30059688.99985045
 30059977.998898   30060267.99794227 30060557.99698653 30060846.99603409]"	0.0	0.0	0.0
2602.7538439588557	2.0	trials	5.0	0.0	0.0	0.0	0.0	0.0	True	40.0	0.0	0.005	"[30132576.759637   30132865.75868456 30133155.75772882 30133445.75677308
 30133735.75581735 30134024.7548649  30134314.75390916 30134604.75295343
 30134893.75200098 30135182.75104854 30135472.7500928  30135762.74913706
 30136053.74817802 30136342.74722558 30136631.74627313 30136921.7453174
 30137210.74436495 30137499.74341251 30137789.74245677 30138080.74149774]"	0.0	0.0	0.0
2609.0599863759803	2.0	trials	5.0	0.0	0.0	0.0	0.0	0.0	True	40.0	0.0	0.005	"[30205564.51909399 30205854.51813826 30206144.51718252 30206434.51622678
 30206723.51527434 30207012.51432189 30207302.51336615 30207592.51241041
 30207882.51145467 30208172.51049894 30208461.50954649 30208751.50859075
 30209039.50764161 30209329.50668587 30209620.50572683 30209909.50477439
 30210198.50382195 30210489.50286292 30210778.50191047 30211067.50095803]"	0.0	0.0	0.0
2614.5439491027255	2.0	trials	5.0	0.0	0.0	0.0	0.0	0.0	True	40.0	0.0	0.005	"[30269037.30990911 30269325.30895996 30269617.30799763 30269906.30704518
 30270196.30608945 30270485.305137   30270775.30418127 30271064.30322883
 30271355.30226978 30271643.30132064 30271934.30036161 30272224.29940587
 30272512.29845672 30272803.29749769 30273092.29654524 30273381.2955928
 30273671.29463706 30273961.29368132 30274251.29272558 30274540.29177314]"	0.0	0.0	0.0
2620.711679176009	2.0	trials	5.0	0.0	0.0	0.0	0.0	0.0	True	40.0	0.0	0.005	"[30340422.07464903 30340713.07369    30341001.07274085 30341291.07178511
 30341582.07082607 30341871.06987363 30342161.06891789 30342451.06796215
 30342739.067013   30343030.06605397 30343318.06510482 30343609.06414578
 30343897.06319664 30344187.06224089 30344477.06128516 30344767.06032942
 30345058.05937039 30345347.05841794 30345636.0574655  30345926.05650976]"	0.0	0.0	0.0
2626.4351419134455	2.0	trials	5.0	0.0	0.0	0.0	0.0	0.0	True	40.0	0.0	0.005	"[30406665.85633189 30406955.85537615 30407245.85442041 30407534.85346796
 30407824.85251223 30408113.85155978 30408403.85060405 30408693.84964831
 30408982.84869587 30409273.84773683 30409562.84678439 30409851.84583194
 30410141.84487621 30410431.84392047 30410720.84296802 30411010.84201229
 30411301.84105325 30411589.8401041  30411880.83914507 30412169.83819262]"	0.0	0.0	0.0
2632.03332506376	2.0	trials	5.0	0.0	0.0	0.0	0.0	0.0	True	40.0	0.0	0.005	"[30471459.64279345 30471749.64183771 30472039.64088197 30472328.63992953
 30472617.63897708 30472907.63802135 30473197.63706561 30473487.63610987
 30473777.63515413 30474066.63420169 30474356.63324594 30474644.6322968
 30474934.63134106 30475224.63038532 30475515.62942629 30475803.62847714
 30476092.62752469 30476383.62656566 30476672.62561322 30476962.62465748]"	0.0	0.0	0.0
2639.10159936916	2.0	trials	5.0	0.0	0.0	0.0	0.0	0.0	True	40.0	0.0	0.005	"[30553268.3731795  30553559.37222046 30553848.37126802 30554138.37031228
 30554427.36935984 30554716.36840739 30555007.36744836 30555295.36649922
 30555585.36554347 30555876.36458444 30556165.36363199 30556455.36267626
 30556744.36172381 30557034.36076808 30557323.35981563 30557614.35885659
 30557903.35790415 30558192.35695171 30558482.35599597 30558772.35504024]"	0.0	0.0	0.0
2645.3292908448316	2.0	trials	5.0	0.0	0.0	0.0	0.0	0.0	True	40.0	0.0	0.005	"[30625350.13562235 30625638.1346732  30625928.13371746 30626218.13276172
 30626508.13180599 30626798.13085024 30627087.1298978  30627376.12894535
 30627667.12798632 30627956.12703388 30628245.12608144 30628536.12512241
 30628825.12416996 30629114.12321752 30629404.12226178 30629693.12130933
 30629983.12035359 30630273.11939786 30630563.11844212 30630851.11749297]"	0.0	0.0	0.0
2651.0058385368834	2.0	trials	5.0	0.0	0.0	0.0	0.0	0.0	True	40.0	0.0	0.005	"[30691049.91909805 30691338.9181456  30691629.91718657 30691917.91623742
 30692208.91527839 30692497.91432594 30692786.9133735  30693076.91241776
 30693366.91146202 30693656.91050628 30693946.90955054 30694236.90859481
 30694525.90764236 30694814.90668992 30695103.90573747 30695394.90477844
 30695683.90382599 30695973.90287026 30696262.90191782 30696551.90096537]"	0.0	0.0	0.0
2658.3793630362834	2.0	trials	5.0	0.0	0.0	0.0	0.0	0.0	True	40.0	0.0	0.005	"[30776392.63783726 30776680.63688812 30776971.63592908 30777260.63497664
 30777549.63402419 30777839.63306846 30778130.63210942 30778419.63115698
 30778709.63020124 30778997.62925209 30779287.62829635 30779577.62734061
 30779866.62638817 30780155.62543572 30780447.62447339 30780736.62352095
 30781026.62256521 30781316.62160947 30781605.62065703 30781894.61970459]"	0.0	0.0	0.0
2666.2152988117355	2.0	trials	5.0	0.0	0.0	0.0	0.0	0.0	True	40.0	0.0	0.005	"[30867086.33894145 30867375.337989   30867664.33703656 30867954.33608082
 30868244.33512508 30868532.33417594 30868823.3332169  30869113.33226116
 30869402.33130872 30869691.33035628 30869981.32940054 30870271.3284448
 30870561.32748906 30870850.32653661 30871140.32558088 30871430.32462514
 30871719.32367269 30872008.32272025 30872299.32176122 30872588.32080878]"	0.0	0.0	0.0
2673.5173707466183	2.0	trials	5.0	0.0	0.0	0.0	0.0	0.0	True	40.0	0.0	0.005	"[30951600.06041276 30951888.05946361 30952179.05850457 30952468.05755214
 30952758.05659639 30953046.05564725 30953337.05468821 30953627.05373247
 30953916.05278003 30954207.051821   30954496.05086855 30954784.0499194
 30955074.04896367 30955364.04800792 30955655.04704889 30955943.04609974
 30956234.04514071 30956523.04418827 30956813.04323253 30957103.04227679]"	0.0	0.0	0.0
2680.5796834716652	2.0	trials	5.0	0.0	0.0	0.0	0.0	0.0	True	40.0	0.0	0.005	"[31033338.7910295  31033628.79007376 31033918.78911803 31034208.78816229
 31034498.78720655 31034788.78625081 31035077.78529836 31035367.78434263
 31035656.78339018 31035945.78243774 31036236.78147871 31036524.78052956
 31036815.77957052 31037104.77861808 31037394.77766234 31037684.7767066
 31037972.77575745 31038263.77479842 31038551.77384927 31038843.77288694]"	0.0	0.0	0.0
2686.988036751938	2.0	trials	5.0	0.0	0.0	0.0	0.0	0.0	True	40.0	0.0	0.005	"[31107510.54658444 31107798.54563529 31108089.54467626 31108379.54372052
 31108668.54276808 31108958.54181233 31109248.5408566  31109537.53990416
 31109827.53894842 31110116.53799597 31110405.53704353 31110695.53608779
 31110985.53513205 31111275.53417631 31111563.53322716 31111853.53227143
 31112144.53131239 31112434.53035665 31112722.52940751 31113013.52844847]"	0.0	0.0	0.0
2694.5295222977966	2.0	trials	5.0	0.0	0.0	0.0	0.0	0.0	True	40.0	0.0	0.005	"[31194796.2589202  31195086.25796447 31195376.25700873 31195664.25605958
 31195955.25510054 31196243.2541514  31196534.25319236 31196822.25224322
 31197114.25128089 31197402.25033174 31197692.249376   31197981.24842356
 31198272.24746452 31198561.24651208 31198850.24555964 31199140.24460389
 31199430.24364816 31199720.24269242 31200009.24173997 31200299.24078424]"	0.0	0.0	0.0
2701.5137296802523	2.0	trials	5.0	0.0	0.0	0.0	0.0	0.0	True	40.0	0.0	0.005	"[31275631.99251292 31275920.99156048 31276209.99060804 31276498.98965559
 31276789.98869656 31277078.98774412 31277367.98679167 31277658.98583264
 31277948.9848769  31278238.98392116 31278526.98297201 31278817.98201298
 31279107.98105724 31279396.9801048  31279685.97915236 31279974.97819991
 31280265.97724088 31280554.97628843 31280843.97533599 31281134.97437695]"	0.0	0.0	0.0
2708.7554946138866	2.0	trials	5.0	0.0	0.0	0.0	0.0	0.0	True	40.0	0.0	0.005	"[31359447.7162846  31359737.71532886 31360027.71437312 31360317.71341738
 31360607.71246165 31360896.7115092  31361186.71055347 31361476.70959772
 31361764.70864858 31362054.70769283 31362345.7067338  31362634.70578136
 31362922.70483221 31363212.70387647 31363503.70291743 31363793.7019617
 31364083.70100596 31364372.70005352 31364662.69909778 31364952.69814204]"	0.0	0.0	0.0
2716.4715939842777	2.0	trials	5.0	0.0	0.0	0.0	0.0	0.0	True	40.0	0.0	0.005	"[31448755.42195655 31449044.42100412 31449334.42004838 31449624.41909264
 31449914.41813689 31450204.41718116 31450492.41623201 31450782.41527627
 31451072.41432053 31451362.4133648  31451651.41241235 31451941.41145661
 31452231.41050087 31452520.40954843 31452810.40859269 31453100.40763696
 31453390.40668121 31453679.40572878 31453968.40477633 31454258.40382059]"	0.0	0.0	0.0
2723.335446563381	2.0	trials	5.0	0.0	0.0	0.0	0.0	0.0	True	40.0	0.0	0.005	"[31528197.16014341 31528486.15919097 31528777.15823194 31529066.1572795
 31529355.15632705 31529645.15537131 31529935.15441557 31530225.15345983
 31530514.15250739 31530803.15155494 31531093.15059921 31531384.14964017
 31531673.14868773 31531963.14773199 31532252.14677954 31532542.14582381
 31532831.14487137 31533121.14391563 31533411.14295989 31533702.14200085]"	0.0	0.0	0.0
2730.9463974803057	2.0	trials	5.0	0.0	0.0	0.0	0.0	0.0	True	40.0	0.0	0.005	"[31616287.86982618 31616576.86887373 31616867.8679147  31617155.86696555
 31617446.86600652 31617735.86505408 31618024.86410164 31618314.86314589
 31618604.86219015 31618894.86123442 31619183.86028197 31619473.85932624
 31619762.85837379 31620051.85742135 31620342.85646231 31620631.85550987
 31620921.85455413 31621210.85360169 31621501.85264266 31621790.85169021]"	0.0	0.0	0.0
2737.7177159643697	2.0	trials	5.0	0.0	0.0	0.0	0.0	0.0	True	40.0	0.0	0.005	"[31694659.61153938 31694948.61058694 31695239.6096279  31695527.60867876
 31695817.60772302 31696108.60676398 31696397.60581154 31696688.60485251
 31696975.60390665 31697265.60295092 31697555.60199517 31697846.60103614
 31698135.6000837  31698423.59913455 31698713.59817881 31699004.59721978
 31699294.59626403 31699582.59531489 31699872.59435915 31700162.59340341]"	0.0	0.0	0.0
2745.7816605883827	2.0	trials	5.0	0.0	0.0	0.0	0.0	0.0	True	40.0	0.0	0.005	"[31787991.30394964 31788282.3029906  31788572.30203487 31788859.30108901
 31789149.30013327 31789440.29917424 31789728.29822509 31790020.29726276
 31790309.29631032 31790598.29535788 31790887.29440543 31791178.29344639
 31791468.29249066 31791757.29153821 31792047.29058247 31792336.28963004
 31792625.28867759 31792915.28772185 31793206.28676281 31793495.28581037]"	0.0	0.0	0.0
2751.8000919537035	2.0	trials	5.0	0.0	0.0	0.0	0.0	0.0	True	40.0	0.0	0.005	"[31857650.07437785 31857939.07342541 31858230.07246637 31858519.07151393
 31858808.07056149 31859097.06960904 31859388.06865001 31859678.06769428
 31859966.06674512 31860256.06578939 31860547.06483035 31860836.06387791
 31861125.06292546 31861416.06196643 31861705.06101399 31861994.06006154
 31862284.05910581 31862574.05815006 31862862.05720092 31863154.05623859]"	0.0	0.0	0.0
2759.2563873803197	2.0	trials	5.0	0.0	0.0	0.0	0.0	0.0	True	40.0	0.0	0.005	"[31943949.78996313 31944239.78900739 31944529.78805165 31944817.7871025
 31945108.78614347 31945398.78518772 31945686.78423858 31945976.78328284
 31946266.7823271  31946555.78137466 31946845.78041892 31947134.77946648
 31947425.77850745 31947715.7775517  31948004.77659926 31948294.77564352
 31948584.77468779 31948874.77373205 31949163.77277961 31949452.77182716]"	0.0	0.0	0.0
2764.412203988522	2.0	trials	5.0	0.0	0.0	0.0	0.0	0.0	True	40.0	0.0	0.005	"[32003623.59329842 32003913.59234269 32004203.59138694 32004493.59043121
 32004782.58947876 32005070.58852962 32005360.58757388 32005650.58661814
 32005940.5856624  32006230.58470666 32006520.58375092 32006808.58280177
 32007098.58184603 32007388.5808903  32007678.57993456 32007967.57898212
 32008258.57802308 32008547.57707063 32008837.5761149  32009126.57516245]"	0.0	0.0	0.0
2769.859965234575	2.0	trials	5.0	0.0	0.0	0.0	0.0	0.0	True	40.0	0.0	0.005	"[32066675.38550101 32066965.38454527 32067254.38359283 32067544.38263708
 32067835.38167805 32068123.3807289  32068413.37977316 32068703.37881743
 32068992.37786498 32069282.37690924 32069572.3759535  32069861.37500106
 32070150.37404862 32070440.37309288 32070730.37213714 32071020.37118141
 32071311.37022236 32071599.36927322 32071888.36832078 32072179.36736174]"	0.0	0.0	0.0
2776.38210693984	2.0	trials	5.0	0.0	0.0	0.0	0.0	0.0	True	40.0	0.0	0.005	"[32142163.13671887 32142454.13575983 32142744.1348041  32143033.13385165
 32143323.13289591 32143613.13194017 32143902.13098773 32144191.13003529
 32144480.12908284 32144770.12812711 32145061.12716807 32145351.12621233
 32145639.12526318 32145930.12430415 32146220.12334841 32146509.12239596
 32146798.12144352 32147088.12048778 32147378.11953204 32147667.1185796 ]"	0.0	0.0	0.0
2784.0018706277206	2.0	trials	5.0	0.0	0.0	0.0	0.0	0.0	True	40.0	0.0	0.005	"[32230355.84606548 32230644.84511304 32230935.844154   32231224.84320156
 32231513.84224911 32231804.84129008 32232092.84034093 32232382.83938519
 32232672.83842945 32232962.83747371 32233252.83651797 32233542.83556224
 32233831.83460979 32234121.83365405 32234410.83270162 32234700.83174587
 32234989.83079343 32235278.82984098 32235569.82888195 32235859.82792621]"	0.0	0.0	0.0
2789.6363416584427	2.0	trials	5.0	0.0	0.0	0.0	0.0	0.0	True	40.0	0.0	0.005	"[32295569.63114287 32295858.63019042 32296148.62923468 32296438.62827894
 32296728.6273232  32297016.62637405 32297306.62541832 32297596.62446258
 32297886.62350684 32298176.6225511  32298465.62159865 32298754.62064621
 32299044.61969047 32299335.61873144 32299624.617779   32299913.61682656
 32300202.6158741  32300493.61491507 32300783.61395933 32301072.6130069 ]"	0.0	0.0	0.0
2797.400392870801	2.0	trials	5.0	0.0	0.0	0.0	0.0	0.0	True	40.0	0.0	0.005	"[32385430.33499233 32385721.33403329 32386009.33308414 32386299.33212841
 32386589.33117266 32386878.33022022 32387168.32926448 32387458.32830875
 32387748.32735301 32388037.32640056 32388328.32544153 32388616.32449238
 32388905.32353994 32389195.3225842  32389486.32162517 32389774.32067602
 32390064.31972028 32390355.31876124 32390643.31781209 32390934.31685306]"	0.0	0.0	0.0
2805.0737243821404	2.0	trials	5.0	0.0	0.0	0.0	0.0	0.0	True	40.0	0.0	0.005	"[32474243.04229563 32474532.04134319 32474822.04038745 32475111.03943501
 32475401.03847926 32475692.03752023 32475982.03656449 32476271.03561205
 32476561.03465631 32476850.03370387 32477140.03274813 32477430.03179239
 32477719.03083994 32478008.0298875  32478297.02893506 32478587.02797932
 32478878.02702029 32479166.02607114 32479456.0251154  32479746.02415966]"	0.0	0.0	0.0
2811.5448038556888	2.0	trials	5.0	0.0	0.0	0.0	0.0	0.0	True	40.0	0.0	0.005	"[32549139.79546122 32549428.79450878 32549718.79355304 32550007.7926006
 32550297.79164486 32550587.79068912 32550877.78973338 32551167.78877764
 32551457.7878219  32551746.78686946 32552035.78591702 32552325.78496128
 32552614.78400883 32552905.7830498  32553194.78209735 32553483.78114491
 32553773.78018918 32554064.77923014 32554352.77828099 32554642.77732525]"	0.0	0.0	0.0
2818.657833213592	2.0	trials	5.0	0.0	0.0	0.0	0.0	0.0	True	40.0	0.0	0.005	"[32631466.52414012 32631755.52318769 32632046.52222864 32632334.5212795
 32632624.52032376 32632913.51937132 32633203.51841557 32633494.51745654
 32633783.51650409 32634072.51555166 32634362.51459591 32634653.51363688
 32634942.51268444 32635230.51173529 32635520.51077955 32635811.50982052
 32636101.50886478 32636390.50791234 32636679.50695989 32636969.50600415]"	0.0	0.0	0.0
2824.6344471167286	2.0	trials	5.0	0.0	0.0	0.0	0.0	0.0	True	40.0	0.0	0.005	"[32700639.29617003 32700928.29521758 32701218.29426184 32701508.2933061
 32701799.29234707 32702087.29139792 32702377.29044218 32702667.28948644
 32702956.288534   32703246.28757826 32703535.28662581 32703826.28566678
 32704115.28471434 32704406.28375531 32704694.28280616 32704984.28185041
 32705273.28089797 32705563.27994224 32705852.27898979 32706142.27803406]"	0.0	0.0	0.0
2830.4337688041596	2.0	trials	5.0	0.0	0.0	0.0	0.0	0.0	True	40.0	0.0	0.005	"[32767762.07495601 32768052.07400027 32768340.07305112 32768631.07209209
 32768921.07113635 32769209.0701872  32769501.06922487 32769790.06827243
 32770079.06731999 32770369.06636425 32770658.06541181 32770948.06445606
 32771237.06350362 32771526.06255118 32771816.06159544 32772107.0606364
 32772396.05968396 32772685.05873152 32772975.05777578 32773264.05682334]"	0.0	0.0	0.0
2836.3401397387934	2.0	trials	5.0	0.0	0.0	0.0	0.0	0.0	True	40.0	0.0	0.005	"[32836121.84966528 32836411.84870954 32836701.84775379 32836991.84679806
 32837279.84584891 32837569.84489317 32837859.84393743 32838148.84298499
 32838438.84202925 32838728.84107351 32839018.84011777 32839307.83916533
 32839598.83820629 32839887.83725385 32840177.83629811 32840467.83534238
 32840755.83439323 32841046.83343419 32841335.83248175 32841624.8315293 ]"	0.0	0.0	0.0
2844.0981429710837	2.0	trials	5.0	0.0	0.0	0.0	0.0	0.0	True	40.0	0.0	0.005	"[32925914.55373884 32926203.5527864  32926492.55183396 32926782.55087822
 32927072.54992247 32927361.54897003 32927652.548011   32927941.54705856
 32928231.54610282 32928519.54515367 32928810.54419464 32929099.54324219
 32929388.54228975 32929679.54133071 32929969.54037498 32930257.53942583
 32930547.53847009 32930837.53751436 32931127.53655861 32931417.53560287]"	0.0	0.0	0.0
2850.043912175874	2.0	trials	5.0	0.0	0.0	0.0	0.0	0.0	True	40.0	0.0	0.005	"[32994729.32694858 32995020.32598955 32995310.32503381 32995599.32408137
 32995889.32312563 32996179.32216989 32996469.32121415 32996758.32026171
 32997048.31930597 32997338.31835023 32997626.31740108 32997917.31644205
 32998205.3154929  32998496.31453387 32998786.31357813 32999075.31262568
 32999364.31167325 32999655.3107142  32999943.30976506 33000234.30880602]"	0.0	0.0	0.0
2868.9102403989477	2.0	trials	6.0	0.0	0.0	0.0	0.0	0.0	True	40.0	0.0	0.005	"[33213090.60730354 33213380.6063478  33213669.60539536 33213959.60443961
 33214248.60348717 33214539.60252814 33214829.6015724  33215117.60062325
 33215408.59966421 33215697.59871177 33215987.59775604 33216276.59680359
 33216566.59584786 33216855.59489541 33217145.59393967 33217435.59298394
 33217725.59202819 33218014.59107574 33218305.59011671 33218594.58916427]"	0.0	0.0	0.0
2876.197537982522	2.0	trials	6.0	0.0	0.0	0.0	0.0	0.0	True	40.0	0.0	0.005	"[33297436.32932852 33297725.32837608 33298014.32742364 33298304.32646789
 33298593.32551545 33298883.32455971 33299173.32360397 33299462.32265153
 33299752.32169579 33300042.32074005 33300332.31978431 33300621.31883187
 33300910.31787943 33301200.31692369 33301490.31596795 33301779.31501551
 33302070.31405647 33302358.31310732 33302648.31215158 33302938.31119584]"	0.0	0.0	0.0
2881.723750170028	2.0	trials	6.0	0.0	0.0	0.0	0.0	0.0	True	40.0	0.0	0.005	"[33361395.11854194 33361686.11758291 33361975.11663047 33362265.11567473
 33362554.11472229 33362844.11376655 33363134.11281081 33363423.11185836
 33363713.11090263 33364003.10994689 33364292.10899444 33364583.10803541
 33364872.10708296 33365161.10613052 33365450.10517808 33365740.10422234
 33366029.1032699  33366319.10231416 33366609.10135842 33366899.10040268]"	0.0	0.0	0.0
2887.5077791078584	2.0	trials	6.0	0.0	0.0	0.0	0.0	0.0	True	40.0	0.0	0.005	"[33428340.89791126 33428630.89695553 33428919.89600308 33429208.89505064
 33429498.8940949  33429787.89314246 33430078.89218342 33430368.89122768
 33430657.89027524 33430946.88932279 33431237.88836376 33431526.88741132
 33431815.88645887 33432106.88549984 33432395.88454739 33432684.88359495
 33432974.88263921 33433264.88168348 33433555.88072444 33433844.87977199]"	0.0	0.0	0.0
2893.096803888356	2.0	trials	6.0	0.0	0.0	0.0	0.0	0.0	True	40.0	0.0	0.005	"[33493028.68472216 33493318.68376642 33493607.68281398 33493896.68186153
 33494185.68090909 33494476.67995005 33494765.67899762 33495055.67804188
 33495344.67708943 33495635.6761304  33495925.67517465 33496213.67422551
 33496504.67326647 33496794.67231074 33497082.67136159 33497372.67040585
 33497661.66945341 33497951.66849767 33498242.66753863 33498531.66658619]"	0.0	0.0	0.0
2898.6377040274556	2.0	trials	6.0	0.0	0.0	0.0	0.0	0.0	True	40.0	0.0	0.005	"[33557158.47337203 33557449.472413   33557737.47146385 33558027.47050811
 33558317.46955237 33558606.46859992 33558895.46764748 33559185.46669175
 33559476.46573271 33559765.46478027 33560055.46382453 33560344.46287209
 33560634.46191634 33560923.4609639  33561213.46000816 33561503.45905243
 33561792.45809998 33562082.45714425 33562372.4561885  33562661.45523605]"	0.0	0.0	0.0
2904.0255038711207	2.0	trials	6.0	0.0	0.0	0.0	0.0	0.0	True	40.0	0.0	0.005	"[33619518.26785521 33619807.26690276 33620096.26595031 33620387.26499128
 33620676.26403884 33620966.26308311 33621254.26213395 33621545.26117492
 33621835.26021918 33622123.25927003 33622414.258311   33622703.25735855
 33622993.25640282 33623283.25544707 33623572.25449464 33623862.25353889
 33624152.25258315 33624441.25163072 33624731.25067497 33625020.24972253]"	0.0	0.0	0.0
2910.003845768563	2.0	trials	6.0	0.0	0.0	0.0	0.0	0.0	True	40.0	0.0	0.005	"[33688711.03981919 33689001.03886345 33689290.03791101 33689581.03695197
 33689869.03600283 33690160.0350438  33690449.03409135 33690738.0331389
 33691029.03217987 33691317.03123073 33691608.03027169 33691897.02931925
 33692187.02836351 33692476.02741107 33692767.02645203 33693057.0254963
 33693345.02454714 33693635.02359141 33693924.02263896 33694215.02167993]"	0.0	0.0	0.0
2917.1775277265756	2.0	trials	6.0	0.0	0.0	0.0	0.0	0.0	True	40.0	0.0	0.005	"[33771739.76618455 33772030.76522551 33772319.76427307 33772608.76332062
 33772898.76236489 33773188.76140914 33773478.76045341 33773767.75950097
 33774056.75854852 33774347.75758949 33774636.75663704 33774925.7556846
 33775215.75472886 33775504.75377642 33775794.75282068 33776085.75186165
 33776374.7509092  33776664.74995346 33776954.74899772 33777242.74804857]"	0.0	0.0	0.0
2923.8616688979464	2.0	trials	6.0	0.0	0.0	0.0	0.0	0.0	True	40.0	0.0	0.005	"[33849103.51121976 33849392.51026732 33849682.50931158 33849972.50835585
 33850261.5074034  33850552.50644436 33850842.50548863 33851130.50453948
 33851421.50358045 33851710.50262801 33852000.50167226 33852289.50071982
 33852579.49976408 33852869.49880834 33853157.49785919 33853448.49690016
 33853738.49594443 33854027.49499198 33854317.49403624 33854605.49308709]"	0.0	0.0	0.0
2931.9943012955882	2.0	trials	6.0	0.0	0.0	0.0	0.0	0.0	True	40.0	0.0	0.005	"[33943231.20100669 33943520.20005424 33943810.19909851 33944100.19814276
 33944389.19719031 33944678.19623787 33944968.19528214 33945258.1943264
 33945548.19337066 33945836.19242152 33946127.19146247 33946416.19051003
 33946706.1895543  33946997.18859527 33947285.18764611 33947574.18669367
 33947864.18573793 33948154.18478219 33948444.18382645 33948733.18287401]"	0.0	0.0	0.0
2939.545809208416	2.0	trials	6.0	0.0	0.0	0.0	0.0	0.0	True	40.0	0.0	0.005	"[34030632.91296016 34030921.91200771 34031211.91105197 34031500.91009953
 34031789.90914708 34032080.90818805 34032370.90723231 34032660.90627658
 34032949.90532413 34033239.90436839 34033528.90341594 34033818.90246021
 34034107.90150777 34034397.90055203 34034687.89959629 34034976.89864384
 34035266.89768811 34035556.89673236 34035845.89577992 34036135.89482418]"	0.0	0.0	0.0
2945.5819525153643	2.0	trials	6.0	0.0	0.0	0.0	0.0	0.0	True	40.0	0.0	0.005	"[34100496.68271276 34100785.68176032 34101075.68080457 34101364.67985213
 34101653.67889968 34101943.67794395 34102233.67698821 34102522.67603577
 34102812.67508003 34103102.67412429 34103391.67317185 34103681.67221611
 34103971.67126036 34104260.67030793 34104550.66935219 34104839.66839974
 34105129.66744401 34105418.66649156 34105708.66553582 34105998.66458008]"	0.0	0.0	0.0
2952.7300601576612	2.0	trials	6.0	0.0	0.0	0.0	0.0	0.0	True	40.0	0.0	0.005	"[34183228.41005692 34183517.40910448 34183806.40815203 34184097.407193
 34184386.40624056 34184675.40528812 34184965.40433237 34185255.40337664
 34185543.40242749 34185834.40146845 34186123.40051601 34186413.39956027
 34186703.39860453 34186992.39765209 34187282.39669635 34187572.39574061
 34187862.39478487 34188152.39382914 34188441.39287669 34188731.39192095]"	0.0	0.0	0.0
2958.247977972503	2.0	trials	6.0	0.0	0.0	0.0	0.0	0.0	True	40.0	0.0	0.005	"[34247092.19958343 34247381.19863099 34247671.19767525 34247961.19671951
 34248250.19576707 34248541.19480804 34248830.19385559 34249119.19290315
 34249409.19194741 34249699.19099167 34249988.19003922 34250279.18908019
 34250567.18813105 34250857.18717531 34251148.18621627 34251437.18526383
 34251726.18431138 34252016.18335565 34252305.18240321 34252595.18144747]"	0.0	0.0	0.0
2964.4363575777325	2.0	trials	6.0	0.0	0.0	0.0	0.0	0.0	True	40.0	0.0	0.005	"[34318717.9635291  34319005.96257996 34319296.96162091 34319585.96066847
 34319874.95971603 34320164.95876029 34320454.95780456 34320744.95684882
 34321034.95589308 34321323.95494063 34321612.95398819 34321902.95303245
 34322191.95208001 34322482.95112097 34322771.95016854 34323060.94921609
 34323351.94825705 34323640.94730461 34323929.94635217 34324219.94539642]"	0.0	0.0	0.0
2970.3256213687455	2.0	trials	6.0	0.0	0.0	0.0	0.0	0.0	True	40.0	0.0	0.005	"[34386880.73888761 34387170.73793187 34387458.73698273 34387749.73602369
 34388039.73506795 34388327.7341188  34388617.73316307 34388908.73220403
 34389197.73125158 34389487.73029584 34389777.72934011 34390066.72838766
 34390355.72743522 34390646.72647619 34390936.72552045 34391224.7245713
 34391513.72361886 34391803.72266311 34392093.72170738 34392383.72075164]"	0.0	0.0	0.0
2977.48470177488	2.0	trials	6.0	0.0	0.0	0.0	0.0	0.0	True	40.0	0.0	0.005	"[34469739.46581322 34470029.46485749 34470319.46390175 34470608.46294931
 34470898.46199357 34471187.46104112 34471477.46008538 34471766.45913294
 34472057.4581739  34472345.45722476 34472635.45626902 34472925.45531328
 34473215.45435754 34473505.4534018  34473795.45244607 34474084.45149362
 34474373.45054118 34474664.44958214 34474952.448633   34475243.44767395]"	0.0	0.0	0.0
2985.374637372366	2.0	trials	6.0	0.0	0.0	0.0	0.0	0.0	True	40.0	0.0	0.005	"[34561059.16485433 34561348.16390189 34561638.16294615 34561928.16199041
 34562217.16103797 34562507.16008222 34562796.15912978 34563086.15817405
 34563376.15721831 34563665.15626586 34563956.15530683 34564245.15435439
 34564534.15340195 34564824.1524462  34565114.15149046 34565403.15053802
 34565693.14958228 34565983.14862654 34566272.1476741  34566563.14671507]"	0.0	0.0	0.0
2990.6422552121103	2.0	trials	6.0	0.0	0.0	0.0	0.0	0.0	True	40.0	0.0	0.005	"[34622025.96392835 34622316.96296932 34622605.96201687 34622895.96106113
 34623184.96010869 34623475.95914965 34623764.95819721 34624052.95724806
 34624343.95628903 34624631.95533988 34624922.95438085 34625212.95342511
 34625502.95246937 34625792.95151363 34626081.95056118 34626371.94960545
 34626660.94865301 34626950.94769727 34627238.94674812 34627529.94578908]"	0.0	0.0	0.0
2996.3421308272814	2.0	trials	6.0	0.0	0.0	0.0	0.0	0.0	True	40.0	0.0	0.005	"[34687997.74650763 34688287.74555188 34688576.74459945 34688866.74364371
 34689155.74269126 34689445.74173553 34689735.74077979 34690024.73982734
 34690315.73886831 34690603.73791916 34690893.73696342 34691183.73600768
 34691473.73505194 34691762.73409951 34692052.73314376 34692341.73219132
 34692631.73123558 34692920.73028313 34693210.7293274  34693500.72837166]"	0.0	0.0	0.0
3003.19440584454	2.0	trials	6.0	0.0	0.0	0.0	0.0	0.0	True	40.0	0.0	0.005	"[34767306.48513281 34767595.48418037 34767884.48322792 34768175.48226888
 34768464.48131644 34768754.4803607  34769044.47940496 34769333.47845252
 34769622.47750008 34769913.47654104 34770201.4755919  34770491.47463615
 34770781.47368042 34771071.47272468 34771361.47176895 34771650.4708165
 34771938.46986735 34772229.46890832 34772519.46795257 34772809.46699683]"	0.0	0.0	0.0
3009.3380303972676	2.0	trials	6.0	0.0	0.0	0.0	0.0	0.0	True	40.0	0.0	0.005	"[34838413.25078892 34838702.24983647 34838992.24888074 34839281.24792829
 34839571.24697255 34839860.24602011 34840151.24506108 34840440.24410863
 34840730.24315289 34841020.24219716 34841310.24124142 34841598.24029227
 34841889.23933323 34842178.23838079 34842468.23742505 34842757.23647261
 34843047.23551687 34843337.23456112 34843626.23360869 34843916.23265295]"	0.0	0.0	0.0
3016.846252052753	2.0	trials	6.0	0.0	0.0	0.0	0.0	0.0	True	40.0	0.0	0.005	"[34925313.9643935  34925603.96343777 34925892.96248532 34926181.96153288
 34926471.96057715 34926761.95962141 34927051.95866567 34927339.95771652
 34927630.95675748 34927920.95580175 34928209.9548493  34928499.95389356
 34928789.95293783 34929078.95198538 34929368.95102964 34929657.9500772
 34929946.94912475 34930237.94816572 34930526.94721328 34930815.94626083]"	0.0	0.0	0.0
3024.494873245529	2.0	trials	6.0	0.0	0.0	0.0	0.0	0.0	True	40.0	0.0	0.005	"[35013838.67264596 35014128.67169022 35014417.67073778 35014707.66978204
 35014997.6688263  35015287.66787057 35015577.66691482 35015866.66596238
 35016155.66500994 35016445.66405419 35016735.66309846 35017024.66214602
 35017314.66119028 35017604.66023454 35017893.6592821  35018183.65832635
 35018473.65737062 35018763.65641487 35019051.65546573 35019342.6545067 ]"	0.0	0.0	0.0
3029.8844010834996	2.0	trials	6.0	0.0	0.0	0.0	0.0	0.0	True	40.0	0.0	0.005	"[35076217.46706652 35076506.46611407 35076797.46515504 35077086.4642026
 35077376.46324685 35077666.46229112 35077954.46134197 35078244.46038623
 35078534.45943049 35078823.45847806 35079113.45752231 35079403.45656657
 35079693.45561083 35079982.45465839 35080272.45370265 35080562.45274691
 35080852.45179117 35081141.45083873 35081430.44988628 35081721.44892725]"	0.0	0.0	0.0
3035.8404518544057	2.0	trials	6.0	0.0	0.0	0.0	0.0	0.0	True	40.0	0.0	0.005	"[35145154.2398742  35145444.23891845 35145733.23796601 35146023.23701027
 35146312.23605783 35146601.23510538 35146891.23414965 35147181.23319391
 35147471.23223817 35147760.23128572 35148050.23032998 35148340.22937424
 35148630.22841851 35148918.22746936 35149208.22651362 35149499.22555459
 35149787.22460544 35150077.2236497  35150367.22269396 35150656.22174151]"	0.0	0.0	0.0
3042.296065778923	2.0	trials	6.0	0.0	0.0	0.0	0.0	0.0	True	40.0	0.0	0.005	"[35219870.99363299 35220160.99267726 35220450.99172152 35220740.99076579
 35221029.98981334 35221319.9888576  35221608.98790516 35221898.98694941
 35222188.98599368 35222477.98504124 35222767.9840855  35223056.98313306
 35223347.98217402 35223636.98122157 35223926.98026584 35224216.9793101
 35224504.97836095 35224795.97740192 35225083.97645277 35225374.97549374]"	0.0	0.0	0.0
3047.7738941258854	2.0	trials	6.0	0.0	0.0	0.0	0.0	0.0	True	40.0	0.0	0.005	"[35283272.78468211 35283561.78372966 35283850.78277722 35284140.78182148
 35284431.78086244 35284720.77991    35285009.77895755 35285299.77800182
 35285589.77704608 35285878.77609364 35286168.77513789 35286457.77418545
 35286747.77322972 35287037.77227398 35287326.77132154 35287617.7703625
 35287905.76941335 35288195.76845761 35288485.76750188 35288774.76654943]"	0.0	0.0	0.0
3055.4906846939984	2.0	trials	6.0	0.0	0.0	0.0	0.0	0.0	True	40.0	0.0	0.005	"[35372587.49033099 35372875.48938185 35373166.48842282 35373456.48746707
 35373744.48651793 35374035.48555889 35374324.48460644 35374614.48365071
 35374903.48269826 35375193.48174253 35375482.48079009 35375773.47983105
 35376062.4788786  35376351.47792616 35376640.47697371 35376931.47601468
 35377221.47505895 35377511.4741032  35377799.47315406 35378090.47219502]"	0.0	0.0	0.0
3062.336220533468	2.0	trials	6.0	0.0	0.0	0.0	0.0	0.0	True	40.0	0.0	0.005	"[35451818.22921324 35452108.22825749 35452398.22730175 35452687.22634931
 35452977.22539357 35453265.22444443 35453556.2234854  35453844.22253624
 35454136.22157392 35454424.22062477 35454714.21966902 35455004.21871329
 35455293.21776085 35455583.2168051  35455872.21585266 35456162.21489692
 35456452.21394119 35456742.21298544 35457031.212033   35457320.21108056]"	0.0	0.0	0.0
3067.5260786294816	2.0	trials	6.0	0.0	0.0	0.0	0.0	0.0	True	40.0	0.0	0.005	"[35511886.03125004 35512175.03029759 35512464.02934515 35512755.02838612
 35513044.02743368 35513334.02647794 35513623.0255255  35513913.02456976
 35514203.02361401 35514492.02266157 35514782.02170584 35515072.0207501
 35515361.01979765 35515651.01884191 35515941.01788617 35516231.01693043
 35516520.01597799 35516809.01502555 35517100.01406652 35517388.01311737]"	0.0	0.0	0.0
3075.0501114328576	2.0	trials	6.0	0.0	0.0	0.0	0.0	0.0	True	40.0	0.0	0.005	"[35598969.74425153 35599257.74330238 35599547.74234664 35599837.74139091
 35600127.74043516 35600417.73947942 35600706.73852698 35600996.73757124
 35601285.73661879 35601575.73566306 35601864.73471062 35602155.73375158
 35602444.73279914 35602734.7318434  35603023.73089096 35603313.72993521
 35603602.72898277 35603892.72802704 35604182.7270713  35604472.72611555]"	0.0	0.0	0.0
3082.910411928012	2.0	trials	6.0	0.0	0.0	0.0	0.0	0.0	True	40.0	0.0	0.005	"[35689945.44442634 35690235.4434706  35690524.44251815 35690813.44156571
 35691104.44060668 35691393.43965424 35691683.4386985  35691972.43774606
 35692262.43679031 35692551.43583787 35692842.43487883 35693132.4339231
 35693421.43297065 35693710.43201821 35694000.43106247 35694289.43011003
 35694579.42915429 35694869.42819855 35695160.42723951 35695449.42628708]"	0.0	0.0	0.0
3089.5332093015504	2.0	trials	6.0	0.0	0.0	0.0	0.0	0.0	True	40.0	0.0	0.005	"[35766598.19180477 35766887.19085232 35767177.18989658 35767466.18894414
 35767755.18799169 35768045.18703596 35768335.18608022 35768624.18512777
 35768915.18416874 35769205.183213   35769494.18226056 35769784.18130481
 35770073.18035237 35770363.17939664 35770653.1784409  35770942.17748846
 35771232.17653272 35771521.17558027 35771811.17462454 35772099.17367539]"	0.0	0.0	0.0
3096.0559558048217	2.0	trials	6.0	0.0	0.0	0.0	0.0	0.0	True	40.0	0.0	0.005	"[35842092.94299956 35842382.94204382 35842670.94109467 35842961.94013564
 35843251.9391799  35843540.93822745 35843829.93727501 35844120.93631598
 35844408.93536683 35844699.9344078  35844988.93345536 35845277.9325029
 35845568.93154387 35845856.93059473 35846147.9296357  35846436.92868325
 35846726.92772751 35847015.92677507 35847305.92581932 35847595.92486358]"	0.0	0.0	0.0
3102.4157524451202	2.0	trials	6.0	0.0	0.0	0.0	0.0	0.0	True	40.0	0.0	0.005	"[35915700.70041324 35915991.6994542  35916280.69850177 35916569.69754932
 35916859.69659358 35917148.69564114 35917438.69468541 35917727.69373295
 35918018.69277392 35918308.69181819 35918596.69086903 35918886.6899133
 35919176.68895756 35919465.68800512 35919756.68704608 35920044.68609693
 35920335.6851379  35920624.68418546 35920914.68322971 35921203.68227728]"	0.0	0.0	0.0
3108.092213737457	2.0	trials	6.0	0.0	0.0	0.0	0.0	0.0	True	40.0	0.0	0.005	"[35981401.48388565 35981691.48292991 35981980.48197746 35982270.48102172
 35982559.48006928 35982848.47911683 35983138.4781611  35983427.47720866
 35983717.47625292 35984007.47529718 35984296.47434473 35984587.4733857
 35984877.47242996 35985166.47147752 35985456.47052179 35985745.46956934
 35986035.46861359 35986325.46765786 35986614.46670541 35986903.46575297]"	0.0	0.0	0.0
3114.277828551799	2.0	trials	6.0	0.0	0.0	0.0	0.0	0.0	True	40.0	0.0	0.005	"[36052994.24794007 36053283.24698763 36053574.24602859 36053864.24507285
 36054153.2441204  36054443.24316467 36054732.24221223 36055022.24125648
 36055311.24030405 36055601.23934831 36055890.23839586 36056180.23744013
 36056471.23648109 36056760.23552865 36057048.2345795  36057339.23362046
 36057628.23266802 36057917.23171558 36058207.23075984 36058498.22980081]"	0.0	0.0	0.0
3119.9240499437965	2.0	trials	6.0	0.0	0.0	0.0	0.0	0.0	True	40.0	0.0	0.005	"[36118344.03256924 36118633.0316168  36118923.03066107 36119213.02970532
 36119503.02874959 36119791.02780044 36120082.0268414  36120371.02588896
 36120661.02493322 36120950.02398077 36121241.02302174 36121530.02206931
 36121820.02111356 36122109.02016111 36122398.01920868 36122689.01824964
 36122978.0172972  36123267.01634476 36123558.01538572 36123846.01443657]"	0.0	0.0	0.0
3126.8908045837698	2.0	trials	6.0	0.0	0.0	0.0	0.0	0.0	True	40.0	0.0	0.005	"[36198976.76683099 36199265.76587854 36199557.76491621 36199845.76396706
 36200134.76301461 36200424.76205888 36200715.76109984 36201003.76015069
 36201293.75919496 36201583.75823922 36201872.75728677 36202163.75632774
 36202452.7553753  36202741.75442285 36203031.75346712 36203321.75251137
 36203611.75155564 36203900.75060319 36204190.74964745 36204480.74869172]"	0.0	0.0	0.0
3133.796301825627	2.0	trials	6.0	0.0	0.0	0.0	0.0	0.0	True	40.0	0.0	0.005	"[36278901.50342604 36279192.502467   36279480.50151785 36279770.50056211
 36280060.49960638 36280349.49865393 36280640.4976949  36280929.49674246
 36281219.49578671 36281509.49483097 36281799.49387524 36282087.49292609
 36282378.49196706 36282667.49101461 36282957.49005888 36283245.48910973
 36283536.48815069 36283826.48719496 36284114.4862458  36284404.48529007]"	0.0	0.0	0.0
3140.2938196120435	2.0	trials	6.0	0.0	0.0	0.0	0.0	0.0	True	40.0	0.0	0.005	"[36354105.25557987 36354393.25463071 36354684.25367168 36354974.25271594
 36355264.2517602  36355553.25080776 36355842.24985532 36356131.24890287
 36356421.24794713 36356712.2469881  36357000.24603895 36357290.24508321
 36357580.24412747 36357870.24317173 36358160.242216   36358449.24126355
 36358739.24030782 36359028.23935538 36359318.23839963 36359607.23744719]"	0.0	0.0	0.0
3146.3360108990605	2.0	trials	6.0	0.0	0.0	0.0	0.0	0.0	True	40.0	0.0	0.005	"[36424038.02510507 36424327.02415263 36424616.02320018 36424906.02224445
 36425196.0212887  36425487.02032967 36425775.01938052 36426065.01842479
 36426354.01747234 36426645.01651331 36426934.01556087 36427223.01460841
 36427514.01364938 36427803.01269694 36428092.01174449 36428382.01078876
 36428672.00983302 36428962.00887728 36429252.00792154 36429540.00697239]"	0.0	0.0	0.0
3152.738057000119	2.0	trials	6.0	0.0	0.0	0.0	0.0	0.0	True	40.0	0.0	0.005	"[36498134.78090718 36498424.77995145 36498714.7789957  36499003.77804326
 36499293.77708752 36499582.77613508 36499872.77517934 36500161.7742269
 36500451.77327116 36500740.77231871 36501030.77136298 36501320.77040724
 36501610.76945149 36501899.76849905 36502190.76754002 36502478.76659086
 36502769.76563183 36503059.7646761  36503348.76372366 36503638.76276792]"	0.0	0.0	0.0
3158.1742406843277	2.0	trials	6.0	0.0	0.0	0.0	0.0	0.0	True	40.0	0.0	0.005	"[36561053.57354809 36561343.57259235 36561633.5716366  36561922.57068416
 36562213.56972513 36562502.56877269 36562791.56782024 36563081.56686451
 36563371.56590877 36563660.56495632 36563949.56400388 36564240.56304485
 36564529.5620924  36564818.56113996 36565108.56018422 36565397.55923178
 36565687.55827603 36565978.557317   36566267.55636456 36566557.55540882]"	0.0	0.0	0.0
3164.5038838240016	2.0	trials	6.0	0.0	0.0	0.0	0.0	0.0	True	40.0	0.0	0.005	"[36634313.33210866 36634602.33115622 36634892.33020048 36635182.32924473
 36635472.328289   36635761.32733656 36636052.32637752 36636341.32542508
 36636630.32447264 36636920.32351689 36637210.32256116 36637500.32160541
 36637790.32064968 36638078.31970053 36638369.31874149 36638658.31778906
 36638947.31683661 36639236.31588417 36639526.31492843 36639817.3139694 ]"	0.0	0.0	0.0
3169.7962119823096	2.0	trials	6.0	0.0	0.0	0.0	0.0	0.0	True	40.0	0.0	0.005	"[36695568.13023353 36695857.12928108 36696147.12832535 36696436.12737291
 36696726.12641716 36697016.12546143 36697305.12450898 36697595.12355324
 36697884.1226008  36698174.12164506 36698464.12068933 36698753.11973688
 36699042.11878444 36699333.1178254  36699623.11686966 36699912.11591721
 36700201.11496477 36700491.11400904 36700781.11305329 36701071.11209756]"	0.0	0.0	0.0
3176.672333320979	2.0	trials	6.0	0.0	0.0	0.0	0.0	0.0	True	40.0	0.0	0.005	"[36775151.8679524  36775441.86699666 36775731.86604092 36776020.86508848
 36776310.86413274 36776600.863177   36776890.86222126 36777179.86126883
 36777468.86031638 36777759.85935733 36778047.85840819 36778338.85744916
 36778627.85649671 36778917.85554098 36779206.85458854 36779497.8536295
 36779785.85268036 36780075.85172461 36780366.85076558 36780654.84981643]"	0.0	0.0	0.0
3184.2806922464456	2.0	trials	6.0	0.0	0.0	0.0	0.0	0.0	True	40.0	0.0	0.005	"[36863212.57773404 36863501.57678159 36863791.57582586 36864080.57487341
 36864371.57391438 36864661.57295864 36864949.57200949 36865239.57105375
 36865529.57009801 36865819.56914227 36866108.56818982 36866398.56723409
 36866688.56627835 36866977.56532591 36867266.56437346 36867556.56341773
 36867846.56246199 36868135.56150954 36868425.5605538  36868715.55959807]"	0.0	0.0	0.0
3202.291490489051	2.0	trials	7.0	0.0	0.0	0.0	0.0	0.0	True	40.0	0.0	0.005	"[37071669.89072912 37071959.88977338 37072249.88881765 37072538.8878652
 37072828.88690946 37073118.88595372 37073407.88500128 37073697.88404553
 37073986.8830931  37074276.88213736 37074566.88118162 37074856.88022588
 37075145.87927344 37075435.8783177  37075724.87736525 37076015.87640622
 37076303.87545707 37076594.87449804 37076884.8735423  37077172.87259315]"	0.0	0.0	0.0
3209.149899886094	2.0	trials	7.0	0.0	0.0	0.0	0.0	0.0	True	40.0	0.0	0.005	"[37151050.629117   37151339.62816457 37151629.62720883 37151919.62625309
 37152208.62530065 37152498.62434491 37152787.62339246 37153077.62243672
 37153367.62148099 37153657.62052525 37153946.6195728  37154236.61861707
 37154526.61766133 37154815.61670888 37155105.61575314 37155395.61479741
 37155684.61384496 37155974.61288923 37156264.61193348 37156553.61098104]"	0.0	0.0	0.0
3215.172478437747	2.0	trials	7.0	0.0	0.0	0.0	0.0	0.0	True	40.0	0.0	0.005	"[37220755.39939362 37221045.39843789 37221334.39748544 37221624.3965297
 37221914.39557397 37222204.39461823 37222494.39366249 37222783.39271004
 37223072.3917576  37223362.39080186 37223652.38984612 37223941.38889368
 37224232.38793464 37224521.3869822  37224810.38602976 37225100.38507402
 37225389.38412157 37225680.38316254 37225969.3822101  37226258.38125765]"	0.0	0.0	0.0
3220.3697669092726	2.0	trials	7.0	0.0	0.0	0.0	0.0	0.0	True	40.0	0.0	0.005	"[37280911.20114042 37281200.20018797 37281489.19923553 37281778.19828308
 37282069.19732405 37282359.19636831 37282647.19541916 37282938.19446013
 37283227.19350769 37283516.19255524 37283807.19159621 37284096.19064377
 37284386.18968803 37284676.18873229 37284965.18777984 37285254.1868274
 37285544.18587166 37285833.18491922 37286123.18396349 37286413.18300774]"	0.0	0.0	0.0
3227.8460206701125	2.0	trials	7.0	0.0	0.0	0.0	0.0	0.0	True	40.0	0.0	0.005	"[37367440.9159677  37367730.91501196 37368019.91405951 37368308.91310707
 37368598.91215133 37368887.91119888 37369177.91024315 37369466.9092907
 37369757.90833167 37370046.90737922 37370335.90642679 37370626.90546775
 37370914.9045186  37371205.90355957 37371494.90260712 37371784.90165138
 37372075.90069235 37372363.8997432  37372653.89878746 37372942.89783502]"	0.0	0.0	0.0
3235.070764859841	2.0	trials	7.0	0.0	0.0	0.0	0.0	0.0	True	40.0	0.0	0.005	"[37451060.64038531 37451349.63943287 37451639.63847713 37451929.63752139
 37452218.63656895 37452508.63561322 37452797.63466077 37453087.63370503
 37453377.63274929 37453667.63179356 37453956.63084111 37454245.62988867
 37454536.62892964 37454825.62797719 37455114.62702474 37455404.626069
 37455694.62511326 37455983.62416083 37456273.62320509 37456564.62224605]"	0.0	0.0	0.0
3241.2980243369366	2.0	trials	7.0	0.0	0.0	0.0	0.0	0.0	True	40.0	0.0	0.005	"[37523134.40285453 37523424.40189879 37523714.40094306 37524004.39998732
 37524292.39903817 37524582.39808243 37524873.3971234  37525162.39617095
 37525452.39521521 37525741.39426277 37526031.39330703 37526320.39235459
 37526610.39139885 37526900.39044311 37527189.38949066 37527479.38853493
 37527768.38758248 37528059.38662345 37528347.38567431 37528638.38471527]"	0.0	0.0	0.0
3248.5337412905033	2.0	trials	7.0	0.0	0.0	0.0	0.0	0.0	True	40.0	0.0	0.005	"[37606882.12685031 37607172.12589457 37607462.12493884 37607751.12398639
 37608041.12303066 37608330.12207821 37608619.12112577 37608908.12017333
 37609199.11921429 37609489.11825855 37609778.11730611 37610069.11634707
 37610358.11539463 37610647.11444219 37610937.11348645 37611226.112534
 37611517.11157497 37611806.11062253 37612096.10966679 37612385.10871434]"	0.0	0.0	0.0
3255.2897670249667	2.0	trials	7.0	0.0	0.0	0.0	0.0	0.0	True	40.0	0.0	0.005	"[37685075.86915014 37685365.8681944  37685654.86724196 37685945.86628293
 37686234.86533048 37686524.86437473 37686814.863419   37687104.86246327
 37687392.86151411 37687682.86055838 37687972.85960264 37688262.85864691
 37688551.85769445 37688841.85673872 37689130.85578627 37689420.85483053
 37689710.8538748  37689999.85292236 37690289.85196662 37690578.85101417]"	0.0	0.0	0.0
3262.195696265401	2.0	trials	7.0	0.0	0.0	0.0	0.0	0.0	True	40.0	0.0	0.005	"[37765006.60572542 37765296.60476968 37765586.60381395 37765875.6028615
 37766164.60190906 37766454.60095332 37766744.59999758 37767034.59904183
 37767324.5980861  37767613.59713366 37767903.59617792 37768192.59522548
 37768482.59426974 37768772.593314   37769061.59236155 37769351.59140582
 37769641.59045008 37769929.58950093 37770220.5885419  37770510.58758616]"	0.0	0.0	0.0
3267.459771716818	2.0	trials	7.0	0.0	0.0	0.0	0.0	0.0	True	40.0	0.0	0.005	"[37825932.40493456 37826221.40398211 37826512.40302308 37826801.40207064
 37827090.4011182  37827380.40016246 37827671.39920342 37827961.39824768
 37828249.39729854 37828539.3963428  37828829.39538706 37829118.39443462
 37829408.39347888 37829698.39252313 37829987.39157069 37830277.39061496
 37830566.38966251 37830856.38870677 37831145.38775433 37831436.38679529]"	0.0	0.0	0.0
3274.832259419636	2.0	trials	7.0	0.0	0.0	0.0	0.0	0.0	True	40.0	0.0	0.005	"[37911262.12371662 37911551.12276417 37911841.12180844 37912131.12085269
 37912421.11989696 37912711.11894123 37913000.11798877 37913289.11703634
 37913579.1160806  37913868.11512815 37914159.11416912 37914448.11321668
 37914738.11226094 37915027.11130849 37915317.11035275 37915606.1094003
 37915896.10844457 37916187.10748554 37916476.1065331  37916765.10558065]"	0.0	0.0	0.0
3281.2879597438687	2.0	trials	7.0	0.0	0.0	0.0	0.0	0.0	True	40.0	0.0	0.005	"[37985980.87746884 37986269.87651639 37986559.87556066 37986849.87460492
 37987139.87364917 37987428.87269673 37987718.871741   37988007.87078855
 37988298.86982952 37988587.86887708 37988877.86792133 37989166.86696889
 37989456.86601315 37989745.86506071 37990035.86410497 37990325.86314923
 37990615.86219349 37990904.86124105 37991193.86028861 37991483.85933287]"	0.0	0.0	0.0
3286.7478169500578	2.0	trials	7.0	0.0	0.0	0.0	0.0	0.0	True	40.0	0.0	0.005	"[38049175.66920014 38049464.6682477  38049753.66729525 38050043.66633952
 38050332.66538707 38050622.66443133 38050911.6634789  38051202.66251986
 38051492.66156411 38051780.66061497 38052070.65965923 38052360.65870349
 38052650.65774776 38052940.65679201 38053229.65583957 38053518.65488712
 38053809.65392809 38054097.65297894 38054387.65202321 38054678.65106417]"	0.0	0.0	0.0
3292.167498288653	2.0	trials	7.0	0.0	0.0	0.0	0.0	0.0	True	40.0	0.0	0.005	"[38111902.46247381 38112192.46151808 38112481.46056563 38112771.45960989
 38113061.45865416 38113350.45770171 38113640.45674597 38113930.45579023
 38114219.45483778 38114508.45388535 38114798.45292961 38115087.45197716
 38115378.45101812 38115668.45006239 38115956.44911324 38116247.44815421
 38116536.44720177 38116826.44624603 38117115.44529358 38117405.44433784]"	0.0	0.0	0.0
3297.4879927541333	2.0	trials	7.0	0.0	0.0	0.0	0.0	0.0	True	40.0	0.0	0.005	"[38173481.25953089 38173770.25857844 38174061.25761941 38174351.25666367
 38174639.25571453 38174929.25475878 38175219.25380304 38175508.25285061
 38175799.25189157 38176088.25093912 38176377.24998669 38176667.24903095
 38176957.24807521 38177247.24711946 38177536.24616702 38177826.24521129
 38178116.24425555 38178406.2432998  38178695.24234736 38178985.24139162]"	0.0	0.0	0.0
3304.500539243193	2.0	trials	7.0	0.0	0.0	0.0	0.0	0.0	True	40.0	0.0	0.005	"[38254645.99203934 38254934.99108689 38255224.99013115 38255513.98917871
 38255803.98822297 38256093.98726723 38256382.98631479 38256673.98535576
 38256962.98440332 38257251.98345087 38257541.98249513 38257831.98153939
 38258120.98058695 38258410.97963122 38258700.97867547 38258990.97771973
 38259279.97676729 38259569.97581155 38259859.97485581 38260148.97390337]"	0.0	0.0	0.0
3312.12220372481	2.0	trials	7.0	0.0	0.0	0.0	0.0	0.0	True	40.0	0.0	0.005	"[38342858.70132003 38343148.70036429 38343438.69940856 38343726.69845941
 38344017.69750037 38344306.69654793 38344597.69558889 38344886.69463646
 38345175.69368401 38345465.69272827 38345754.69177583 38346044.69082009
 38346334.68986435 38346623.68891191 38346914.68795287 38347202.68700372
 38347492.68604799 38347782.68509225 38348072.68413651 38348361.68318406]"	0.0	0.0	0.0
3318.2941673841406	2.0	trials	7.0	0.0	0.0	0.0	0.0	0.0	True	40.0	0.0	0.005	"[38414294.46589188 38414583.46493943 38414874.4639804  38415164.46302465
 38415452.46207552 38415742.46111977 38416032.46016403 38416322.45920829
 38416611.45825585 38416901.45730011 38417190.45634767 38417480.45539193
 38417769.45443948 38418059.45348375 38418348.45253131 38418639.45157227
 38418928.45061983 38419218.44966409 38419508.44870835 38419798.44775261]"	0.0	0.0	0.0
3324.596076215217	2.0	trials	7.0	0.0	0.0	0.0	0.0	0.0	True	40.0	0.0	0.005	"[38487233.22551035 38487523.22455461 38487813.22359888 38488102.22264643
 38488391.22169399 38488681.22073825 38488970.2197858  38489261.21882677
 38489550.21787433 38489839.21692189 38490129.21596615 38490419.21501041
 38490708.21405796 38490997.21310551 38491287.21214978 38491577.21119404
 38491867.21023831 38492156.20928586 38492446.20833012 38492736.20737438]"	0.0	0.0	0.0
3331.369986690739	2.0	trials	7.0	0.0	0.0	0.0	0.0	0.0	True	40.0	0.0	0.005	"[38565633.96712799 38565922.96617554 38566213.96521651 38566502.96426407
 38566793.96330502 38567082.96235258 38567371.96140014 38567661.9604444
 38567951.95948867 38568240.95853622 38568530.95758048 38568819.95662803
 38569109.95567229 38569400.95471326 38569689.95376082 38569978.95280837
 38570268.95185264 38570557.9509002  38570847.94994445 38571137.94898871]"	0.0	0.0	0.0
3337.6405324251778	2.0	trials	7.0	0.0	0.0	0.0	0.0	0.0	True	40.0	0.0	0.005	"[38638210.72793949 38638499.72698704 38638788.7260346  38639078.72507886
 38639368.72412311 38639658.72316738 38639947.72221494 38640238.72125591
 38640527.72030346 38640817.71934772 38641106.71839528 38641395.71744283
 38641685.71648709 38641975.71553136 38642265.71457562 38642554.71362317
 38642844.71266744 38643133.71171499 38643423.71075925 38643712.70980681]"	0.0	0.0	0.0
3342.8359201029675	2.0	trials	7.0	0.0	0.0	0.0	0.0	0.0	True	40.0	0.0	0.005	"[38698341.52976866 38698632.52880963 38698922.5278539  38699211.52690145
 38699501.52594571 38699791.52498997 38700079.52404083 38700370.52308179
 38700659.52212935 38700948.5211769  38701238.52022117 38701528.51926543
 38701817.51831298 38702107.51735724 38702396.5164048  38702686.51544906
 38702976.51449332 38703266.51353759 38703556.51258184 38703845.5116294 ]"	0.0	0.0	0.0
3348.59005473932	2.0	trials	7.0	0.0	0.0	0.0	0.0	0.0	True	40.0	0.0	0.005	"[38764941.31027827 38765230.30932583 38765520.3083701  38765810.30741436
 38766099.30646192 38766388.30550947 38766678.30455373 38766968.30359799
 38767258.30264226 38767547.30168981 38767836.30073737 38768126.29978163
 38768416.29882589 38768705.29787344 38768995.29691771 38769285.29596196
 38769574.29500952 38769863.29405708 38770154.29309805 38770444.29214231]"	0.0	0.0	0.0
3355.610204403322	2.0	trials	7.0	0.0	0.0	0.0	0.0	0.0	True	40.0	0.0	0.005	"[38846193.0425     38846482.04154756 38846772.04059182 38847062.03963609
 38847351.03868365 38847640.03773119 38847931.03677216 38848220.03581972
 38848510.03486398 38848800.03390824 38849088.0329591  38849378.03200336
 38849668.03104761 38849958.03009187 38850247.02913943 38850537.0281837
 38850827.02722795 38851116.02627551 38851406.02531978 38851696.02436403]"	0.0	0.0	0.0
3363.2662559716105	2.0	trials	7.0	0.0	0.0	0.0	0.0	0.0	True	40.0	0.0	0.005	"[38934804.75046574 38935094.74951    38935383.74855755 38935672.74760511
 38935962.74664938 38936251.74569693 38936541.74474119 38936831.74378545
 38937121.74282971 38937411.74187397 38937700.74092153 38937989.73996909
 38938280.73901005 38938569.73805761 38938859.73710187 38939149.73614613
 38939437.73519699 38939727.73424124 38940018.73328221 38940306.73233306]"	0.0	0.0	0.0
3369.284428137785	2.0	trials	7.0	0.0	0.0	0.0	0.0	0.0	True	40.0	0.0	0.005	"[39004458.52091043 39004748.51995469 39005038.51899895 39005327.51804651
 39005617.51709077 39005906.51613832 39006196.51518258 39006486.51422685
 39006775.51327441 39007065.51231866 39007355.51136293 39007644.51041048
 39007934.50945474 39008224.508499   39008513.50754657 39008802.50659412
 39009093.50563508 39009383.50467934 39009671.50373019 39009962.50277116]"	0.0	0.0	0.0
3374.9360927118432	2.0	trials	7.0	0.0	0.0	0.0	0.0	0.0	True	40.0	0.0	0.005	"[39069871.30533198 39070161.30437624 39070450.30342379 39070741.30246476
 39071030.30151232 39071321.30055328 39071610.29960084 39071899.29864839
 39072188.29769596 39072478.29674021 39072768.29578447 39073058.29482874
 39073348.293873   39073637.29292056 39073927.29196481 39074217.29100908
 39074506.29005663 39074795.28910419 39075085.28814845 39075374.28719601]"	0.0	0.0	0.0
3381.22797917595	2.0	trials	7.0	0.0	0.0	0.0	0.0	0.0	True	40.0	0.0	0.005	"[39142694.06533275 39142983.06438031 39143274.06342127 39143563.06246883
 39143853.06151309 39144142.06056065 39144432.05960491 39144721.05865246
 39145011.05769672 39145301.05674099 39145591.05578525 39145880.0548328
 39146170.05387706 39146460.05292132 39146748.05197217 39147039.05101314
 39147329.0500574  39147618.04910497 39147907.04815252 39148197.04719678]"	0.0	0.0	0.0
3388.388355577813	2.0	trials	7.0	0.0	0.0	0.0	0.0	0.0	True	40.0	0.0	0.005	"[39225567.79220893 39225858.79124989 39226148.79029416 39226438.78933842
 39226726.78838927 39227017.78743024 39227306.7864778  39227596.78552205
 39227885.78456961 39228174.78361717 39228465.78265814 39228754.78170569
 39229044.78074995 39229333.77979751 39229624.77883847 39229913.77788603
 39230202.77693358 39230492.77597785 39230782.7750221  39231071.77406967]"	0.0	0.0	0.0
3394.345183946157	2.0	trials	7.0	0.0	0.0	0.0	0.0	0.0	True	40.0	0.0	0.005	"[39294514.56498365 39294803.56403121 39295093.56307546 39295382.56212302
 39295672.56116728 39295961.56021484 39296252.5592558  39296541.55830336
 39296830.55735092 39297120.55639517 39297409.55544273 39297700.5544837
 39297990.55352797 39298279.55257552 39298569.55161978 39298857.55067063
 39299147.5497149  39299438.54875585 39299727.54780342 39300016.54685097]"	0.0	0.0	0.0
3401.8042441636603	2.0	trials	7.0	0.0	0.0	0.0	0.0	0.0	True	40.0	0.0	0.005	"[39380846.28046346 39381135.27951102 39381425.27855528 39381714.27760284
 39382004.2766471  39382294.27569135 39382583.27473892 39382873.27378318
 39383163.27282744 39383453.2718717  39383742.27091926 39384032.26996353
 39384321.26901107 39384610.26805863 39384901.2670996  39385190.26614715
 39385480.26519141 39385769.26423898 39386059.26328324 39386349.26232749]"	0.0	0.0	0.0
3408.2665108662527	2.0	trials	7.0	0.0	0.0	0.0	0.0	0.0	True	40.0	0.0	0.005	"[39455641.03396521 39455930.03301276 39456220.03205703 39456510.03110129
 39456800.03014556 39457088.0291964  39457378.02824067 39457668.02728493
 39457958.02632918 39458248.02537345 39458537.02442101 39458827.02346527
 39459117.02250953 39459406.02155709 39459696.02060134 39459986.01964561
 39460275.01869316 39460564.01774072 39460854.01678498 39461144.01582924]"	0.0	0.0	0.0
3415.86830341336	2.0	trials	7.0	0.0	0.0	0.0	0.0	0.0	True	40.0	0.0	0.005	"[39543624.74400061 39543914.74304488 39544202.74209572 39544492.74113999
 39544782.74018425 39545071.7392318  39545361.73827606 39545651.73732033
 39545940.73636788 39546231.73540885 39546520.73445641 39546809.73350396
 39547099.73254822 39547389.73159248 39547678.73064005 39547968.7296843
 39548258.72872856 39548547.72777612 39548837.72682038 39549126.72586793]"	0.0	0.0	0.0
3423.1943944690847	2.0	trials	7.0	0.0	0.0	0.0	0.0	0.0	True	40.0	0.0	0.005	"[39628415.46455903 39628705.4636033  39628995.46264755 39629286.46168852
 39629574.46073937 39629864.45978363 39630154.45882789 39630444.45787214
 39630733.45691971 39631023.45596397 39631312.45501152 39631603.45405249
 39631892.45310005 39632181.4521476  39632472.45118857 39632761.45023613
 39633050.44928368 39633340.44832794 39633630.44737221 39633920.44641647]"	0.0	0.0	0.0
3428.5525592104173	2.0	trials	7.0	0.0	0.0	0.0	0.0	0.0	True	40.0	0.0	0.005	"[39690432.26017261 39690722.25921687 39691011.25826443 39691302.25730539
 39691591.25635295 39691881.25539721 39692170.25444477 39692460.25348903
 39692749.25253659 39693040.25157755 39693329.2506251  39693619.24966937
 39693908.24871693 39694198.24776119 39694487.24680874 39694777.24585301
 39695068.24489397 39695356.24394482 39695645.24299238 39695936.24203334]"	0.0	0.0	0.0
3434.192214224054	2.0	trials	7.0	0.0	0.0	0.0	0.0	0.0	True	40.0	0.0	0.005	"[39755706.04505225 39755995.04409982 39756286.04314078 39756576.04218504
 39756865.04123259 39757155.04027686 39757444.03932442 39757734.03836867
 39758023.03741623 39758313.0364605  39758602.03550805 39758893.03454901
 39759182.03359658 39759471.03264413 39759761.03168838 39760051.03073265
 39760341.02977691 39760631.02882117 39760920.02786873 39761210.02691299]"	0.0	0.0	0.0
3439.960259214563	2.0	trials	7.0	0.0	0.0	0.0	0.0	0.0	True	40.0	0.0	0.005	"[39822466.82503127 39822756.82407553 39823044.82312638 39823334.82217064
 39823623.8212182  39823914.82025917 39824203.81930672 39824493.81835099
 39824782.81739854 39825073.8164395  39825362.81548706 39825652.81453133
 39825941.81357888 39826231.81262314 39826520.8116707  39826810.81071495
 39827100.80975922 39827389.80880678 39827679.80785104 39827969.8068953 ]"	0.0	0.0	0.0
3446.4627017847497	2.0	trials	7.0	0.0	0.0	0.0	0.0	0.0	True	40.0	0.0	0.005	"[39897725.57700384 39898015.5760481  39898305.57509235 39898594.57413991
 39898884.57318418 39899174.57222843 39899464.5712727  39899752.57032355
 39900043.56936451 39900333.56840877 39900621.56745963 39900911.56650389
 39901201.56554815 39901491.56459241 39901780.56363997 39902070.56268423
 39902359.56173179 39902649.56077604 39902939.55982031 39903228.55886786]"	0.0	0.0	0.0
3452.2764522246284	2.0	trials	7.0	0.0	0.0	0.0	0.0	0.0	True	40.0	0.0	0.005	"[39965014.35524274 39965304.35428701 39965594.35333127 39965884.35237552
 39966173.35142308 39966463.35046734 39966752.34951489 39967042.34855916
 39967331.34760672 39967622.34664768 39967910.34569854 39968200.34474279
 39968490.34378706 39968780.34283132 39969069.34187888 39969359.34092314
 39969649.3399674  39969939.33901166 39970229.33805592 39970517.33710677]"	0.0	0.0	0.0
3457.994385380288	2.0	trials	7.0	0.0	0.0	0.0	0.0	0.0	True	40.0	0.0	0.005	"[40031195.13713323 40031484.13618079 40031774.13522505 40032064.13426931
 40032353.13331687 40032643.13236113 40032932.13140868 40033222.13045295
 40033511.12950051 40033801.12854476 40034090.12759232 40034381.12663329
 40034670.12568084 40034960.1247251  40035250.12376937 40035539.12281692
 40035828.12186448 40036118.12090874 40036408.119953   40036697.11900056]"	0.0	0.0	0.0
3466.0404452632424	2.0	trials	7.0	0.0	0.0	0.0	0.0	0.0	True	40.0	0.0	0.005	"[40124320.83022239 40124609.82926995 40124900.82831091 40125189.82735847
 40125479.82640273 40125768.82545029 40126057.82449785 40126347.8235421
 40126637.82258637 40126927.82163063 40127216.82067818 40127506.81972244
 40127794.8187733  40128085.81781427 40128375.81685853 40128664.81590609
 40128954.81495034 40129244.8139946  40129533.81304216 40129823.81208643]"	0.0	0.0	0.0
3474.0244701506435	2.0	trials	7.0	0.0	0.0	0.0	0.0	0.0	True	40.0	0.0	0.005	"[40216727.52568112 40217017.52472539 40217306.52377294 40217596.52281721
 40217886.52186146 40218175.52090903 40218465.51995328 40218754.51900084
 40219044.51804511 40219334.51708936 40219624.51613363 40219913.51518118
 40220203.51422545 40220493.5132697  40220782.51231726 40221071.51136482
 40221362.51040579 40221652.50945004 40221941.5084976  40222231.50754187]"	0.0	0.0	0.0
3481.418730581706	2.0	trials	7.0	0.0	0.0	0.0	0.0	0.0	True	40.0	0.0	0.005	"[40302309.24363268 40302599.24267694 40302889.24172121 40303178.24076876
 40303468.23981302 40303758.23885728 40304047.23790484 40304336.23695239
 40304626.23599666 40304916.23504092 40305205.23408847 40305496.23312944
 40305786.2321737  40306075.23122125 40306364.23026881 40306654.22931308
 40306943.22836063 40307234.2274016  40307522.22645245 40307813.22549342]"	0.0	0.0	0.0
3488.4441506283383	2.0	trials	7.0	0.0	0.0	0.0	0.0	0.0	True	40.0	0.0	0.005	"[40383622.97565007 40383911.97469763 40384201.9737419  40384491.97278616
 40384780.97183371 40385070.97087797 40385359.96992553 40385650.9689665
 40385939.96801405 40386228.96706161 40386517.96610917 40386808.96515013
 40387097.9641977  40387387.96324195 40387676.9622895  40387966.96133377
 40388256.96037803 40388546.95942229 40388835.95846985 40389125.95751411]"	0.0	0.0	0.0
3494.9543691728973	2.0	trials	7.0	0.0	0.0	0.0	0.0	0.0	True	40.0	0.0	0.005	"[40458972.72732274 40459263.72636371 40459551.72541455 40459841.72445882
 40460131.72350308 40460421.72254734 40460711.7215916  40460999.72064245
 40461289.71968672 40461578.71873427 40461869.71777524 40462158.7168228
 40462447.71587035 40462737.71491461 40463027.71395887 40463316.71300643
 40463606.71205069 40463896.71109495 40464186.71013921 40464475.70918677]"	0.0	0.0	0.0
3502.9523044144553	2.0	trials	7.0	0.0	0.0	0.0	0.0	0.0	True	40.0	0.0	0.005	"[40551541.42224757 40551831.42129184 40552120.4203394  40552410.41938366
 40552699.41843121 40552989.41747547 40553278.41652303 40553569.415564
 40553858.41461156 40554147.41365911 40554437.41270337 40554727.41174763
 40555016.41079518 40555306.40983945 40555596.40888371 40555886.40792798
 40556175.40697553 40556465.40601979 40556754.40506735 40557043.4041149 ]"	0.0	0.0	0.0
3508.6466504478503	2.0	trials	7.0	0.0	0.0	0.0	0.0	0.0	True	40.0	0.0	0.005	"[40617448.20504107 40617738.20408534 40618026.20313619 40618316.20218045
 40618606.20122471 40618896.20026898 40619185.19931653 40619475.19836079
 40619764.19740835 40620054.1964526  40620343.19550017 40620634.19454113
 40620923.19358869 40621213.19263295 40621502.19168051 40621792.19072476
 40622082.18976903 40622372.18881328 40622661.18786085 40622950.1869084 ]"	0.0	0.0	0.0
3516.224855872692	2.0	trials	7.0	0.0	0.0	0.0	0.0	0.0	True	40.0	0.0	0.005	"[40705157.91597948 40705446.91502704 40705736.9140713  40706026.91311557
 40706316.91215982 40706605.91120738 40706896.91024835 40707185.9092959
 40707474.90834346 40707765.90738443 40708054.90643198 40708344.90547625
 40708633.9045238  40708922.90357135 40709212.90261562 40709501.90166318
 40709792.90070415 40710081.8997517  40710370.89879926 40710661.89784022]"	0.0	0.0	0.0
3522.3566436644287	2.0	trials	7.0	0.0	0.0	0.0	0.0	0.0	True	40.0	0.0	0.005	"[40776128.68208381 40776416.68113466 40776706.68017892 40776996.67922318
 40777285.67827073 40777575.67731499 40777865.67635926 40778154.67540681
 40778444.67445108 40778734.67349534 40779024.6725396  40779313.67158715
 40779602.67063471 40779892.66967897 40780182.66872323 40780472.66776749
 40780762.66681176 40781051.66585931 40781341.66490357 40781631.66394784]"	0.0	0.0	0.0
3542.105544978845	2.0	trials	8.0	0.0	0.0	0.0	0.0	0.0	True	40.0	0.0	0.005	"[41004703.92877697 41004992.92782453 41005282.92686879 41005571.92591634
 41005862.92495731 41006151.92400488 41006441.92304913 41006731.92209339
 41007020.92114095 41007309.9201885  41007599.91923277 41007889.91827703
 41008179.91732129 41008468.91636885 41008757.9154164  41009047.91446066
 41009337.91350492 41009626.91255248 41009916.91159674 41010206.91064101]"	0.0	0.0	0.0
3550.079633898992	2.0	trials	8.0	0.0	0.0	0.0	0.0	0.0	True	40.0	0.0	0.005	"[41096996.62461141 41097285.62365896 41097575.62270323 41097864.62175079
 41098154.62079505 41098444.61983931 41098734.61888357 41099024.61792783
 41099312.61697868 41099602.61602294 41099891.6150705  41100182.61411147
 41100472.61315572 41100761.61220329 41101051.61124754 41101340.6102951
 41101630.60933936 41101920.60838363 41102209.60743118 41102498.60647874]"	0.0	0.0	0.0
3556.3563140132137	2.0	trials	8.0	0.0	0.0	0.0	0.0	0.0	True	40.0	0.0	0.005	"[41169642.38519552 41169931.38424307 41170221.38328733 41170511.38233159
 41170801.38137585 41171091.38042011 41171381.37946437 41171670.37851194
 41171959.37755949 41172249.37660375 41172539.37564801 41172828.37469557
 41173118.37373982 41173408.37278409 41173698.37182835 41173986.3708792
 41174276.36992346 41174567.36896443 41174855.36801528 41175146.36705625]"	0.0	0.0	0.0
3562.763803296334	2.0	trials	8.0	0.0	0.0	0.0	0.0	0.0	True	40.0	0.0	0.005	"[41243803.1407867  41244093.13983097 41244383.13887522 41244672.13792278
 41244962.13696705 41245251.1360146  41245541.13505886 41245831.13410312
 41246121.13314738 41246410.13219494 41246700.13123921 41246990.13028347
 41247279.12933102 41247568.12837858 41247858.12742283 41248148.1264671
 41248438.12551136 41248728.12455563 41249017.12360318 41249307.12264744]"	0.0	0.0	0.0
3570.383480584499	2.0	trials	8.0	0.0	0.0	0.0	0.0	0.0	True	40.0	0.0	0.005	"[41331993.85013991 41332283.84918416 41332572.84823173 41332862.84727598
 41333151.84632354 41333440.8453711  41333731.84441207 41334021.84345633
 41334311.84250058 41334599.84155144 41334889.84059569 41335179.83963996
 41335469.83868422 41335758.83773178 41336048.83677604 41336338.83582029
 41336627.83486786 41336917.83391212 41337206.83295967 41337496.83200394]"	0.0	0.0	0.0
3576.9293822114596	2.0	trials	8.0	0.0	0.0	0.0	0.0	0.0	True	40.0	0.0	0.005	"[41407757.60044817 41408046.59949572 41408337.59853669 41408627.59758095
 41408916.5966285  41409205.59567606 41409496.59471703 41409785.59376459
 41410073.59281544 41410363.59185971 41410654.59090067 41410943.58994822
 41411233.58899248 41411523.58803675 41411812.5870843  41412102.58612856
 41412392.58517282 41412681.58422038 41412970.58326793 41413261.5823089 ]"	0.0	0.0	0.0
3583.463533477145	2.0	trials	8.0	0.0	0.0	0.0	0.0	0.0	True	40.0	0.0	0.005	"[41483384.35120793 41483673.35025549 41483963.34929975 41484252.34834731
 41484542.34739157 41484832.34643583 41485121.34548339 41485411.34452765
 41485701.34357191 41485989.34262276 41486280.34166373 41486569.34071128
 41486859.33975554 41487148.3388031  41487438.33784737 41487728.33689162
 41488018.33593588 41488308.33498015 41488597.3340277  41488886.33307526]"	0.0	0.0	0.0
3589.8776755383396	2.0	trials	8.0	0.0	0.0	0.0	0.0	0.0	True	40.0	0.0	0.005	"[41557621.10654866 41557911.10559291 41558201.10463718 41558490.10368473
 41558780.10272899 41559069.10177656 41559359.10082081 41559649.09986508
 41559938.09891263 41560228.0979569  41560517.09700444 41560807.09604871
 41561097.09509297 41561387.09413724 41561676.09318479 41561966.09222905
 41562256.09127331 41562545.09032086 41562835.08936512 41563124.08841269]"	0.0	0.0	0.0
3597.725448074782	2.0	trials	8.0	0.0	0.0	0.0	0.0	0.0	True	40.0	0.0	0.005	"[41648451.80720134 41648740.8062489  41649031.80528986 41649321.80433412
 41649610.80338167 41649900.80242594 41650190.80147021 41650478.80052105
 41650769.79956201 41651058.79860957 41651347.79765713 41651637.79670139
 41651927.79574565 41652217.79478991 41652507.79383416 41652796.79288173
 41653085.79192928 41653375.79097354 41653664.7900211  41653955.78906207]"	0.0	0.0	0.0
3604.8416742221484	2.0	trials	8.0	0.0	0.0	0.0	0.0	0.0	True	40.0	0.0	0.005	"[41730816.535755   41731105.53480256 41731395.53384683 41731685.53289108
 41731974.53193863 41732265.5309796  41732554.53002716 41732843.52907472
 41733133.52811898 41733422.52716653 41733712.5262108  41734002.52525505
 41734292.52429932 41734581.52334687 41734871.52239113 41735161.52143539
 41735450.52048296 41735740.51952721 41736030.51857147 41736319.51761903]"	0.0	0.0	0.0
3611.712438778473	2.0	trials	8.0	0.0	0.0	0.0	0.0	0.0	True	40.0	0.0	0.005	"[41810338.27367821 41810627.27272576 41810917.27177002 41811207.27081428
 41811498.26985525 41811786.2689061  41812076.26795036 41812366.26699462
 41812655.26604218 41812945.26508644 41813234.264134   41813524.26317826
 41813814.26222252 41814103.26127008 41814393.26031434 41814682.25936189
 41814973.25840286 41815262.25745042 41815552.25649468 41815842.25553894]"	0.0	0.0	0.0
3617.6159585225028	2.0	trials	8.0	0.0	0.0	0.0	0.0	0.0	True	40.0	0.0	0.005	"[41878667.04848964 41878956.04753719 41879246.04658145 41879535.04562902
 41879826.04466997 41880114.04372083 41880405.0427618  41880695.04180605
 41880984.04085361 41881274.03989787 41881563.03894542 41881852.03799298
 41882142.03703725 41882432.03608151 41882721.03512906 41883011.03417332
 41883301.03321759 41883591.03226185 41883880.0313094  41884170.03035367]"	0.0	0.0	0.0
3623.441718522802	2.0	trials	8.0	0.0	0.0	0.0	0.0	0.0	True	40.0	0.0	0.005	"[41946094.82627045 41946384.82531471 41946673.82436227 41946963.82340652
 41947251.82245738 41947542.82149834 41947831.8205459  41948121.81959016
 41948411.81863443 41948700.81768198 41948991.81672294 41949279.8157738
 41949569.81481805 41949858.81386561 41950148.81290988 41950438.81195414
 41950728.8109984  41951017.81004596 41951307.80909021 41951597.80813448]"	0.0	0.0	0.0
3631.025539929137	2.0	trials	8.0	0.0	0.0	0.0	0.0	0.0	True	40.0	0.0	0.005	"[42033869.53699464 42034159.5360389  42034449.53508316 42034738.53413072
 42035028.53317498 42035317.53222253 42035607.5312668  42035897.53031106
 42036186.52935861 42036476.52840287 42036766.52744713 42037055.5264947
 42037345.52553896 42037635.52458321 42037924.52363077 42038214.52267503
 42038504.5217193  42038793.52076685 42039083.51981111 42039372.51885867]"	0.0	0.0	0.0
3636.534299374161	2.0	trials	8.0	0.0	0.0	0.0	0.0	0.0	True	40.0	0.0	0.005	"[42097629.3268639  42097918.32591146 42098208.32495572 42098497.32400328
 42098787.32304753 42099076.3220951  42099367.32113606 42099657.32018032
 42099946.31922787 42100236.31827214 42100526.3173164  42100814.31636725
 42101104.31541152 42101394.31445577 42101683.31350333 42101973.31254759
 42102263.31159186 42102553.31063611 42102842.30968367 42103132.30872793]"	0.0	0.0	0.0
3643.3379313517303	2.0	trials	8.0	0.0	0.0	0.0	0.0	0.0	True	40.0	0.0	0.005	"[42176375.06734453 42176665.06638879 42176954.06543635 42177243.06448391
 42177533.06352817 42177823.06257243 42178113.06161669 42178402.06066424
 42178691.0597118  42178981.05875607 42179271.05780032 42179560.05684788
 42179850.05589214 42180140.0549364  42180429.05398396 42180719.05302822
 42181009.05207249 42181299.05111674 42181589.050161   42181877.04921185]"	0.0	0.0	0.0
3650.525523663899	2.0	trials	8.0	0.0	0.0	0.0	0.0	0.0	True	40.0	0.0	0.005	"[42259563.79318257 42259853.79222684 42260144.7912678  42260433.79031536
 42260722.78936291 42261012.78840718 42261301.78745474 42261591.786499
 42261880.78554656 42262171.78458752 42262460.78363507 42262750.78267934
 42263039.7817269  42263329.78077115 42263619.77981542 42263908.77886298
 42264198.77790724 42264487.7769548  42264777.77599905 42265067.77504331]"	0.0	0.0	0.0
3657.7256439347793	2.0	trials	8.0	0.0	0.0	0.0	0.0	0.0	True	40.0	0.0	0.005	"[42342898.51853947 42343188.51758373 42343477.51663128 42343767.51567554
 42344057.5147198  42344347.51376407 42344635.51281492 42344926.51185589
 42345216.51090015 42345505.5099477  42345794.50899526 42346084.50803952
 42346375.50708049 42346664.50612804 42346953.5051756  42347242.50422315
 42347533.50326411 42347821.50231498 42348112.50135594 42348402.5004002 ]"	0.0	0.0	0.0
3664.2835551221615	2.0	trials	8.0	0.0	0.0	0.0	0.0	0.0	True	40.0	0.0	0.005	"[42418800.26839292 42419090.26743719 42419380.26648145 42419670.26552571
 42419959.26457326 42420249.26361752 42420538.26266509 42420829.26170605
 42421118.26075361 42421408.25979786 42421697.25884542 42421986.25789297
 42422276.25693724 42422566.2559815  42422855.25502906 42423145.25407332
 42423435.25311758 42423724.25216514 42424015.2512061  42424303.25025696]"	0.0	0.0	0.0
3670.9441091712665	2.0	trials	8.0	0.0	0.0	0.0	0.0	0.0	True	40.0	0.0	0.005	"[42495890.01433115 42496180.01337542 42496470.01241968 42496759.01146723
 42497049.0105115  42497338.00955905 42497629.00860002 42497918.00764757
 42498207.00669514 42498498.00573609 42498788.00478036 42499076.00383121
 42499366.00287547 42499656.00191973 42499945.00096729 42500234.00001484
 42500524.99905581 42500813.99810337 42501102.99715092 42501393.99619189]"	0.0	0.0	0.0
3677.196424565786	2.0	trials	8.0	0.0	0.0	0.0	0.0	0.0	True	40.0	0.0	0.005	"[42568254.77584133 42568545.7748823  42568834.77392986 42569123.77297742
 42569413.77202167 42569703.77106594 42569993.7701102  42570282.76915775
 42570571.76820531 42570862.76724628 42571152.76629054 42571441.76533809
 42571730.76438565 42572020.76342991 42572310.76247417 42572598.76152502
 42572889.76056599 42573178.75961355 42573468.75865781 42573758.75770207]"	0.0	0.0	0.0
3682.625869072205	2.0	trials	8.0	0.0	0.0	0.0	0.0	0.0	True	40.0	0.0	0.005	"[42631096.568736   42631385.56778356 42631674.56683112 42631965.56587208
 42632255.56491634 42632543.5639672  42632833.56301145 42633123.56205572
 42633413.56109998 42633702.56014754 42633992.5591918  42634282.55823606
 42634571.55728362 42634860.55633117 42635151.55537214 42635440.5544197
 42635730.55346396 42636020.55250821 42636309.55155578 42636598.55060333]"	0.0	0.0	0.0
3690.185757757413	2.0	trials	8.0	0.0	0.0	0.0	0.0	0.0	True	40.0	0.0	0.005	"[42718595.2803698  42718884.27941735 42719173.27846491 42719462.27751246
 42719753.27655343 42720042.27560098 42720332.27464525 42720622.27368951
 42720911.27273706 42721202.27177803 42721490.27082888 42721780.26987314
 42722070.26891741 42722359.26796497 42722649.26700923 42722939.26605348
 42723229.26509774 42723518.26414531 42723808.26318956 42724098.26223383]"	0.0	0.0	0.0
3696.018084136072	2.0	trials	8.0	0.0	0.0	0.0	0.0	0.0	True	40.0	0.0	0.005	"[42786098.05790343 42786388.05694769 42786677.05599526 42786967.05503951
 42787257.05408377 42787547.05312803 42787837.05217229 42788125.05122315
 42788415.05026741 42788705.04931167 42788994.04835922 42789284.04740349
 42789574.04644775 42789863.04549531 42790153.04453956 42790443.04358383
 42790733.04262809 42791022.04167564 42791312.04071991 42791601.03976747]"	0.0	0.0	0.0
3702.449851739179	2.0	trials	8.0	0.0	0.0	0.0	0.0	0.0	True	40.0	0.0	0.005	"[42860540.81256525 42860829.81161281 42861118.81066036 42861408.80970462
 42861698.80874889 42861987.80779644 42862278.80683741 42862567.80588496
 42862857.80492923 42863146.80397679 42863436.80302104 42863725.8020686
 42864015.80111286 42864304.80016042 42864594.79920468 42864883.79825224
 42865173.7972965  42865464.79633747 42865753.79538502 42866042.79443257]"	0.0	0.0	0.0
3709.8598369184174	2.0	trials	8.0	0.0	0.0	0.0	0.0	0.0	True	40.0	0.0	0.005	"[42946304.52991699 42946594.52896126 42946883.52800882 42947173.52705308
 42947462.52610064 42947752.52514489 42948042.52418916 42948331.52323671
 42948622.52227768 42948911.52132524 42949200.52037279 42949490.51941705
 42949780.51846132 42950069.51750887 42950359.51655313 42950649.5155974
 42950938.51464495 42951228.51368921 42951517.51273677 42951808.51177774]"	0.0	0.0	0.0
3715.35624120416	2.0	trials	8.0	0.0	0.0	0.0	0.0	0.0	True	40.0	0.0	0.005	"[43009919.32026412 43010210.31930509 43010499.31835265 43010789.31739692
 43011078.31644447 43011368.31548873 43011657.31453629 43011948.31357725
 43012237.31262481 43012526.31167237 43012817.31071334 43013106.30976089
 43013395.30880845 43013686.30784941 43013975.30689697 43014264.30594452
 43014553.30499208 43014843.30403634 43015133.3030806  43015423.30212487]"	0.0	0.0	0.0
3723.018427152231	2.0	trials	8.0	0.0	0.0	0.0	0.0	0.0	True	40.0	0.0	0.005	"[43098603.02799258 43098892.02704013 43099182.02608439 43099471.02513195
 43099761.02417621 43100051.02322046 43100340.02226803 43100630.02131229
 43100920.02035655 43101210.01940081 43101499.01844837 43101788.01749592
 43102079.01653688 43102368.01558445 43102658.01462871 43102947.01367626
 43103237.01272053 43103526.01176809 43103816.01081234 43104106.0098566 ]"	0.0	0.0	0.0
3730.2987263588707	2.0	trials	8.0	0.0	0.0	0.0	0.0	0.0	True	40.0	0.0	0.005	"[43182864.75029439 43183154.74933865 43183444.74838291 43183733.74743047
 43184023.74647473 43184312.74552228 43184603.74456325 43184892.74361081
 43185181.74265836 43185471.74170262 43185761.74074689 43186050.73979444
 43186340.73883871 43186630.73788296 43186919.73693052 43187209.73597478
 43187498.73502234 43187789.7340633  43188078.73311086 43188367.73215842]"	0.0	0.0	0.0
3736.817844074101	2.0	trials	8.0	0.0	0.0	0.0	0.0	0.0	True	40.0	0.0	0.005	"[43258317.5016276  43258607.50067186 43258896.49971942 43259186.49876368
 43259476.49780794 43259766.4968522  43260055.49589975 43260345.49494402
 43260635.49398828 43260924.49303584 43261213.49208339 43261503.49112765
 43261793.49017191 43262082.48921947 43262373.48826043 43262662.487308
 43262952.48635226 43263242.48539651 43263530.48444736 43263820.48349163]"	0.0	0.0	0.0
3744.0962424870045	2.0	trials	8.0	0.0	0.0	0.0	0.0	0.0	True	40.0	0.0	0.005	"[43342558.22399863 43342849.22303959 43343138.22208714 43343427.2211347
 43343718.22017567 43344006.21922652 43344296.21827078 43344586.21731504
 43344875.2163626  43345166.21540356 43345455.21445112 43345745.21349538
 43346034.21254294 43346324.21158721 43346614.21063146 43346903.20967901
 43347193.20872328 43347483.20776754 43347772.2068151  43348061.20586266]"	0.0	0.0	0.0
3751.788927534561	2.0	trials	8.0	0.0	0.0	0.0	0.0	0.0	True	40.0	0.0	0.005	"[43431593.930567   43431883.92961126 43432173.92865552 43432463.92769978
 43432752.92674734 43433041.92579489 43433332.92483585 43433621.92388342
 43433911.92292768 43434201.92197194 43434490.9210195  43434779.92006706
 43435070.91910802 43435359.91815557 43435649.91719984 43435938.9162474
 43436228.91529165 43436518.91433591 43436808.91338018 43437097.91242773]"	0.0	0.0	0.0
3757.1425130909843	2.0	trials	8.0	0.0	0.0	0.0	0.0	0.0	True	40.0	0.0	0.005	"[43493557.72635525 43493846.72540281 43494136.72444706 43494426.72349133
 43494714.72254218 43495005.72158315 43495294.72063071 43495584.71967497
 43495873.71872252 43496163.71776678 43496453.71681105 43496742.7158586
 43497032.71490286 43497322.71394712 43497611.71299468 43497902.71203564
 43498191.7110832  43498480.71013076 43498770.70917502 43499060.70821928]"	0.0	0.0	0.0
3765.102173258683	2.0	trials	8.0	0.0	0.0	0.0	0.0	0.0	True	40.0	0.0	0.005	"[43585682.42274336 43585971.42179091 43586261.42083517 43586551.41987944
 43586841.4189237  43587131.41796796 43587420.41701552 43587709.41606307
 43587999.41510733 43588289.41415159 43588579.41319586 43588868.41224341
 43589158.41128767 43589448.41033193 43589737.40937949 43590026.40842704
 43590316.40747131 43590605.40651887 43590896.40555984 43591185.40460739]"	0.0	0.0	0.0
3770.376271077072	2.0	trials	8.0	0.0	0.0	0.0	0.0	0.0	True	40.0	0.0	0.005	"[43646725.2215669  43647015.22061116 43647305.21965542 43647595.21869969
 43647884.21774725 43648174.2167915  43648464.21583577 43648753.21488332
 43649043.21392759 43649333.21297184 43649622.2120194  43649912.21106367
 43650201.21011122 43650491.20915549 43650781.20819974 43651070.20724729
 43651359.20629486 43651649.20533912 43651938.20438667 43652228.20343094]"	0.0	0.0	0.0
3777.7920450372326	2.0	trials	8.0	0.0	0.0	0.0	0.0	0.0	True	40.0	0.0	0.005	"[43732555.93869784 43732845.93774211 43733135.93678636 43733424.93583392
 43733713.93488148 43734004.93392245 43734293.93297    43734582.93201756
 43734872.93106182 43735162.93010607 43735451.92915364 43735741.9281979
 43736031.92724216 43736321.92628642 43736611.92533068 43736899.92438153
 43737189.9234258  43737479.92247006 43737769.92151432 43738059.92055858]"	0.0	0.0	0.0
3783.618150636393	2.0	trials	8.0	0.0	0.0	0.0	0.0	0.0	True	40.0	0.0	0.005	"[43799988.71646218 43800278.71550644 43800567.714554   43800856.71360155
 43801147.71264251 43801436.71169007 43801725.71073763 43802016.70977859
 43802305.70882615 43802595.70787042 43802884.70691797 43803174.70596223
 43803464.70500649 43803753.70405405 43804042.70310161 43804332.70214587
 43804623.70118684 43804912.70023439 43805202.69927865 43805491.6983262 ]"	0.0	0.0	0.0
3789.427840289655	2.0	trials	8.0	0.0	0.0	0.0	0.0	0.0	True	40.0	0.0	0.005	"[43867230.49485598 43867519.49390354 43867808.4929511  43868098.49199535
 43868388.49103962 43868678.49008387 43868968.48912814 43869256.48817899
 43869547.48721996 43869837.48626421 43870126.48531177 43870415.48435933
 43870705.48340359 43870995.48244786 43871285.48149212 43871575.48053637
 43871864.47958393 43872154.4786282  43872443.47767575 43872733.47672001]"	0.0	0.0	0.0
3795.2428867252625	2.0	trials	8.0	0.0	0.0	0.0	0.0	0.0	True	40.0	0.0	0.005	"[43934533.27304875 43934822.27209631 43935113.27113727 43935403.27018154
 43935692.26922909 43935982.26827335 43936271.26732091 43936561.26636517
 43936851.26540943 43937140.26445699 43937429.26350454 43937719.2625488
 43938010.26158977 43938299.26063733 43938589.25968158 43938878.25872914
 43939167.2577767  43939458.25681767 43939747.25586522 43940036.25491278]"	0.0	0.0	0.0
3802.948704529538	2.0	trials	8.0	0.0	0.0	0.0	0.0	0.0	True	40.0	0.0	0.005	"[44023719.97911948 44024010.97816045 44024299.977208   44024589.97625227
 44024880.97529323 44025168.97434408 44025459.97338505 44025748.97243261
 44026037.97148016 44026328.97052113 44026617.96956868 44026907.96861294
 44027196.9676605  44027485.96670806 44027775.96575232 44028065.96479658
 44028354.96384414 44028644.9628884  44028934.96193266 44029223.96098021]"	0.0	0.0	0.0
3809.535214022669	2.0	trials	8.0	0.0	0.0	0.0	0.0	0.0	True	40.0	0.0	0.005	"[44099953.72787879 44100243.72692305 44100533.72596731 44100822.72501487
 44101113.72405583 44101402.72310339 44101692.72214764 44101981.7211952
 44102271.72023947 44102560.71928702 44102850.71833128 44103140.71737555
 44103429.7164231  44103720.71546406 44104008.71451492 44104298.71355918
 44104588.71260344 44104878.7116477  44105167.71069526 44105457.70973952]"	0.0	0.0	0.0
3817.59665305494	2.0	trials	8.0	0.0	0.0	0.0	0.0	0.0	True	40.0	0.0	0.005	"[44193258.42037803 44193547.41942558 44193837.41846985 44194126.4175174
 44194416.41656166 44194706.41560593 44194996.41465018 44195285.41369774
 44195574.4127453  44195865.41178627 44196154.41083382 44196444.40987808
 44196734.40892234 44197024.40796661 44197313.40701416 44197602.40606172
 44197892.40510598 44198181.40415353 44198471.40319779 44198760.40224535]"	0.0	0.0	0.0
3822.768108011603	2.0	trials	8.0	0.0	0.0	0.0	0.0	0.0	True	40.0	0.0	0.005	"[44253112.2231201  44253402.22216436 44253692.22120862 44253982.22025289
 44254272.21929715 44254561.2183447  44254851.21738897 44255140.21643652
 44255430.21548078 44255720.21452504 44256010.2135693  44256299.21261686
 44256589.21166112 44256878.21070868 44257169.20974964 44257457.20880049
 44257747.20784476 44258037.20688902 44258327.20593328 44258616.20498084]"	0.0	0.0	0.0
3830.3404382558087	2.0	trials	8.0	0.0	0.0	0.0	0.0	0.0	True	40.0	0.0	0.005	"[44340755.93427602 44341044.93332358 44341334.93236785 44341625.93140881
 44341914.93045636 44342203.92950392 44342493.92854818 44342782.92759574
 44343071.9266433  44343362.92568427 44343651.92473182 44343941.92377608
 44344230.92282364 44344520.92186789 44344810.92091215 44345100.91995642
 44345390.91900068 44345678.91805153 44345969.91709249 44346257.91614335]"	0.0	0.0	0.0
3836.1121120343573	2.0	trials	8.0	0.0	0.0	0.0	0.0	0.0	True	40.0	0.0	0.005	"[44407557.71411992 44407846.71316747 44408136.71221174 44408425.71125929
 44408715.71030354 44409005.70934781 44409295.70839208 44409584.70743963
 44409874.70648389 44410163.70553145 44410453.7045757  44410742.70362326
 44411033.70266423 44411322.70171179 44411611.70075934 44411901.69980361
 44412191.69884787 44412481.69789212 44412770.69693968 44413060.69598394]"	0.0	0.0	0.0
3842.8865409081704	2.0	trials	8.0	0.0	0.0	0.0	0.0	0.0	True	40.0	0.0	0.005	"[44485965.45571447 44486254.45476203 44486545.453803   44486834.45285055
 44487123.45189811 44487413.45094237 44487703.44998663 44487993.4490309
 44488282.44807845 44488571.447126   44488862.44616697 44489151.44521452
 44489440.44426208 44489730.44330635 44490019.4423539  44490309.44139817
 44490599.44044242 44490888.43948998 44491178.43853424 44491468.43757851]"	0.0	0.0	0.0
3848.2883375057077	2.0	trials	8.0	0.0	0.0	0.0	0.0	0.0	True	40.0	0.0	0.005	"[44548485.24967035 44548774.2487179  44549065.24775887 44549355.24680313
 44549644.24585068 44549933.24489824 44550224.24393921 44550514.24298347
 44550802.24203432 44551092.24107858 44551382.24012284 44551671.2391704
 44551960.23821796 44552251.23725892 44552541.23630318 44552830.23535074
 44553119.23439829 44553410.23343926 44553699.23248681 44553988.23153437]"	0.0	0.0	0.0
3854.5341729215834	2.0	trials	8.0	0.0	0.0	0.0	0.0	0.0	True	40.0	0.0	0.005	"[44620775.01142769 44621065.01047196 44621355.00951622 44621644.00856378
 44621934.00760803 44622224.0066523  44622514.00569656 44622803.00474412
 44623093.00378838 44623382.00283594 44623672.0018802  44623962.00092445
 44624250.99997202 44624540.99901627 44624830.99806054 44625119.99710809
 44625409.99615236 44625699.99519661 44625988.99424417 44626278.99328844]"	0.0	0.0	0.0
3861.858535983002	2.0	trials	8.0	0.0	0.0	0.0	0.0	0.0	True	40.0	0.0	0.005	"[44705547.73204543 44705838.7310864  44706127.73013396 44706417.72917821
 44706707.72822248 44706996.72727004 44707285.72631759 44707575.72536186
 44707864.72440942 44708154.72345367 44708445.72249464 44708733.72154549
 44709023.72058975 44709313.71963401 44709603.71867827 44709893.71772254
 44710182.71677009 44710471.71581765 44710762.71485861 44711051.71390617]"	0.0	0.0	0.0
3867.1385089820283	2.0	trials	8.0	0.0	0.0	0.0	0.0	0.0	True	40.0	0.0	0.005	"[44766659.53064159 44766948.52968914 44767238.5287334  44767527.52778096
 44767818.52682192 44768107.52586948 44768397.52491374 44768686.5239613
 44768976.52300556 44769266.52204982 44769555.52109738 44769845.52014164
 44770135.51918589 44770424.51823345 44770713.51728101 44771003.51632527
 44771293.51536953 44771582.51441709 44771872.51346135 44772162.51250561]"	0.0	0.0	0.0
3932.896727465565	2.0	trials	9.0	0.0	0.0	0.0	0.0	0.0	True	5.0	0.0	0.01	"[45527796.02219271 45530113.01455669 45532430.00692067               nan
               nan               nan               nan               nan
               nan               nan               nan               nan
               nan               nan               nan               nan
               nan               nan               nan               nan]"	0.0	0.0	0.0
3939.6051469569225	2.0	trials	9.0	0.0	0.0	0.0	0.0	0.0	True	5.0	0.0	0.01	"[45605439.76630515 45607756.75866912 45610073.7510331                nan
               nan               nan               nan               nan
               nan               nan               nan               nan
               nan               nan               nan               nan
               nan               nan               nan               nan]"	0.0	0.0	0.0
3946.4328844550487	2.0	trials	9.0	0.0	0.0	0.0	0.0	0.0	True	5.0	0.0	0.01	"[45684463.50586959 45686781.49823027 45689098.49059425               nan
               nan               nan               nan               nan
               nan               nan               nan               nan
               nan               nan               nan               nan
               nan               nan               nan               nan]"	0.0	0.0	0.0
3953.255178771114	2.0	trials	9.0	0.0	0.0	0.0	0.0	0.0	True	5.0	0.0	0.01	"[45763426.24563506 45765743.23799904 45768060.23036301               nan
               nan               nan               nan               nan
               nan               nan               nan               nan
               nan               nan               nan               nan
               nan               nan               nan               nan]"	0.0	0.0	0.0
3958.451948844348	2.0	trials	9.0	0.0	0.0	0.0	0.0	0.0	True	5.0	0.0	0.01	"[45823574.04740822 45825891.03977219 45828208.03213616               nan
               nan               nan               nan               nan
               nan               nan               nan               nan
               nan               nan               nan               nan
               nan               nan               nan               nan]"	0.0	0.0	0.0
3965.471061711767	2.0	trials	9.0	0.0	0.0	0.0	0.0	0.0	True	5.0	0.0	0.01	"[45904813.77966949 45907130.77203347 45909447.76439744               nan
               nan               nan               nan               nan
               nan               nan               nan               nan
               nan               nan               nan               nan
               nan               nan               nan               nan]"	0.0	0.0	0.0
3972.133689354039	2.0	trials	9.0	0.0	0.0	0.0	0.0	0.0	True	5.0	0.0	0.01	"[45981927.52552862 45984244.5178926  45986561.51025657               nan
               nan               nan               nan               nan
               nan               nan               nan               nan
               nan               nan               nan               nan
               nan               nan               nan               nan]"	0.0	0.0	0.0
3977.7290213137503	2.0	trials	9.0	0.0	0.0	0.0	0.0	0.0	True	5.0	0.0	0.01	"[46046688.31209894 46049006.30445962 46051323.29682359               nan
               nan               nan               nan               nan
               nan               nan               nan               nan
               nan               nan               nan               nan
               nan               nan               nan               nan]"	0.0	0.0	0.0
3984.4550663470195	2.0	trials	9.0	0.0	0.0	0.0	0.0	0.0	True	5.0	0.0	0.01	"[46124536.05553906 46126853.04790304 46129170.04026701               nan
               nan               nan               nan               nan
               nan               nan               nan               nan
               nan               nan               nan               nan
               nan               nan               nan               nan]"	0.0	0.0	0.0
3991.193639339002	2.0	trials	9.0	0.0	0.0	0.0	0.0	0.0	True	5.0	0.0	0.01	"[46202528.79850131 46204845.79086529 46207162.78322927               nan
               nan               nan               nan               nan
               nan               nan               nan               nan
               nan               nan               nan               nan
               nan               nan               nan               nan]"	0.0	0.0	0.0
3996.8487599016694	2.0	trials	9.0	0.0	0.0	0.0	0.0	0.0	True	5.0	0.0	0.01	"[46267981.58279105 46270298.57515502 46272615.56751899               nan
               nan               nan               nan               nan
               nan               nan               nan               nan
               nan               nan               nan               nan
               nan               nan               nan               nan]"	0.0	0.0	0.0
4002.7585004251982	2.0	trials	9.0	0.0	0.0	0.0	0.0	0.0	True	5.0	0.0	0.01	"[46336381.35736848 46338698.34973246 46341015.34209643               nan
               nan               nan               nan               nan
               nan               nan               nan               nan
               nan               nan               nan               nan
               nan               nan               nan               nan]"	0.0	0.0	0.0
4009.1102618919786	2.0	trials	9.0	0.0	0.0	0.0	0.0	0.0	True	5.0	0.0	0.01	"[46409897.11508536 46412214.10744934 46414531.09981332               nan
               nan               nan               nan               nan
               nan               nan               nan               nan
               nan               nan               nan               nan
               nan               nan               nan               nan]"	0.0	0.0	0.0
4016.0931732787044	2.0	trials	9.0	0.0	0.0	0.0	0.0	0.0	True	5.0	0.0	0.01	"[46490718.84872422 46493035.8410882  46495352.83345217               nan
               nan               nan               nan               nan
               nan               nan               nan               nan
               nan               nan               nan               nan
               nan               nan               nan               nan]"	0.0	0.0	0.0
4021.4218757171348	2.0	trials	9.0	0.0	0.0	0.0	0.0	0.0	True	5.0	0.0	0.01	"[46552392.64546821 46554709.63783219 46557026.63019616               nan
               nan               nan               nan               nan
               nan               nan               nan               nan
               nan               nan               nan               nan
               nan               nan               nan               nan]"	0.0	0.0	0.0
4028.1531047333197	2.0	trials	9.0	0.0	0.0	0.0	0.0	0.0	True	5.0	0.0	0.01	"[46630300.3887106  46632617.38107457 46634934.37343854               nan
               nan               nan               nan               nan
               nan               nan               nan               nan
               nan               nan               nan               nan
               nan               nan               nan               nan]"	0.0	0.0	0.0
4034.603189076061	2.0	trials	9.0	0.0	0.0	0.0	0.0	0.0	True	5.0	0.0	0.01	"[46704954.14267703 46707271.13504101 46709588.12740498               nan
               nan               nan               nan               nan
               nan               nan               nan               nan
               nan               nan               nan               nan
               nan               nan               nan               nan]"	0.0	0.0	0.0
4040.6798538494645	2.0	trials	9.0	0.0	0.0	0.0	0.0	0.0	True	5.0	0.0	0.01	"[46775285.91088727 46777603.90324795 46779920.89561193               nan
               nan               nan               nan               nan
               nan               nan               nan               nan
               nan               nan               nan               nan
               nan               nan               nan               nan]"	0.0	0.0	0.0
4046.281320188959	2.0	trials	9.0	0.0	0.0	0.0	0.0	0.0	True	5.0	0.0	0.01	"[46840117.6972236  46842434.68958757 46844752.68194825               nan
               nan               nan               nan               nan
               nan               nan               nan               nan
               nan               nan               nan               nan
               nan               nan               nan               nan]"	0.0	0.0	0.0
4052.5132452506778	2.0	trials	9.0	0.0	0.0	0.0	0.0	0.0	True	5.0	0.0	0.01	"[46912246.45951155 46914563.45187552 46916880.4442395                nan
               nan               nan               nan               nan
               nan               nan               nan               nan
               nan               nan               nan               nan
               nan               nan               nan               nan]"	0.0	0.0	0.0
4059.107444318466	2.0	trials	9.0	0.0	0.0	0.0	0.0	0.0	True	5.0	0.0	0.01	"[46988568.20798084 46990885.20034481 46993202.19270879               nan
               nan               nan               nan               nan
               nan               nan               nan               nan
               nan               nan               nan               nan
               nan               nan               nan               nan]"	0.0	0.0	0.0
4065.472943339972	2.0	trials	9.0	0.0	0.0	0.0	0.0	0.0	True	5.0	0.0	0.01	"[47062242.96517371 47064559.95753769 47066876.94990166               nan
               nan               nan               nan               nan
               nan               nan               nan               nan
               nan               nan               nan               nan
               nan               nan               nan               nan]"	0.0	0.0	0.0
4071.617086290991	2.0	trials	9.0	0.0	0.0	0.0	0.0	0.0	True	5.0	0.0	0.01	"[47133355.73081005 47135672.72317403 47137989.715538                 nan
               nan               nan               nan               nan
               nan               nan               nan               nan
               nan               nan               nan               nan
               nan               nan               nan               nan]"	0.0	0.0	0.0
4078.277121941805	2.0	trials	9.0	0.0	0.0	0.0	0.0	0.0	True	5.0	0.0	0.01	"[47210439.47676805 47212756.46913203 47215073.461496                 nan
               nan               nan               nan               nan
               nan               nan               nan               nan
               nan               nan               nan               nan
               nan               nan               nan               nan]"	0.0	0.0	0.0
4085.0511188170417	2.0	trials	9.0	0.0	0.0	0.0	0.0	0.0	True	5.0	0.0	0.01	"[47288842.2183791  47291159.21074307 47293477.20310374               nan
               nan               nan               nan               nan
               nan               nan               nan               nan
               nan               nan               nan               nan
               nan               nan               nan               nan]"	0.0	0.0	0.0
4091.517791905112	2.0	trials	9.0	0.0	0.0	0.0	0.0	0.0	True	5.0	0.0	0.01	"[47363687.97171276 47366004.96407674 47368321.95644072               nan
               nan               nan               nan               nan
               nan               nan               nan               nan
               nan               nan               nan               nan
               nan               nan               nan               nan]"	0.0	0.0	0.0
4098.2390849540425	2.0	trials	9.0	0.0	0.0	0.0	0.0	0.0	True	5.0	0.0	0.01	"[47441480.71533414 47443797.70769811 47446114.70006209               nan
               nan               nan               nan               nan
               nan               nan               nan               nan
               nan               nan               nan               nan
               nan               nan               nan               nan]"	0.0	0.0	0.0
4105.2711577787495	2.0	trials	9.0	0.0	0.0	0.0	0.0	0.0	True	5.0	0.0	0.01	"[47522870.44710106 47525187.43946505 47527504.43182902               nan
               nan               nan               nan               nan
               nan               nan               nan               nan
               nan               nan               nan               nan
               nan               nan               nan               nan]"	0.0	0.0	0.0
4110.455140694126	2.0	trials	9.0	0.0	0.0	0.0	0.0	0.0	True	5.0	0.0	0.01	"[47582870.24936198 47585187.24172594 47587504.23408993               nan
               nan               nan               nan               nan
               nan               nan               nan               nan
               nan               nan               nan               nan
               nan               nan               nan               nan]"	0.0	0.0	0.0
4115.681200270832	2.0	trials	9.0	0.0	0.0	0.0	0.0	0.0	True	5.0	0.0	0.01	"[47643357.05001792 47645674.04238188 47647991.03474586               nan
               nan               nan               nan               nan
               nan               nan               nan               nan
               nan               nan               nan               nan
               nan               nan               nan               nan]"	0.0	0.0	0.0
4134.19536325452	2.0	trials	10.0	0.0	0.0	0.0	0.0	0.0	True	10.0	0.0	0.005	"[47857595.34396084 47858753.34014446 47859912.33632481 47861070.33250844
 47862228.32869208               nan               nan               nan
               nan               nan               nan               nan
               nan               nan               nan               nan
               nan               nan               nan               nan]"	0.0	0.0	0.0
4140.975148910679	2.0	trials	10.0	0.0	0.0	0.0	0.0	0.0	True	10.0	0.0	0.005	"[47936064.08535436 47937223.0815347  47938381.07771834 47939540.07389867
 47940698.07008231               nan               nan               nan
               nan               nan               nan               nan
               nan               nan               nan               nan
               nan               nan               nan               nan]"	0.0	0.0	0.0
4148.07910629848	2.0	trials	10.0	0.0	0.0	0.0	0.0	0.0	True	10.0	0.0	0.005	"[48018285.8143793  48019444.81055965 48020602.80674327 48021760.80292691
 48022920.79910397               nan               nan               nan
               nan               nan               nan               nan
               nan               nan               nan               nan
               nan               nan               nan               nan]"	0.0	0.0	0.0
4155.039121760664	2.0	trials	10.0	0.0	0.0	0.0	0.0	0.0	True	10.0	0.0	0.005	"[48098841.54889481 48099999.54507843 48101158.54125877 48102318.53743581
 48103475.53362275               nan               nan               nan
               nan               nan               nan               nan
               nan               nan               nan               nan
               nan               nan               nan               nan]"	0.0	0.0	0.0
4160.925447961357	2.0	trials	10.0	0.0	0.0	0.0	0.0	0.0	True	10.0	0.0	0.005	"[48166971.32436207 48168129.3205457  48169289.31672274 48170446.31290967
 48171605.30909002               nan               nan               nan
               nan               nan               nan               nan
               nan               nan               nan               nan
               nan               nan               nan               nan]"	0.0	0.0	0.0
4166.19401619797	2.0	trials	10.0	0.0	0.0	0.0	0.0	0.0	True	10.0	0.0	0.005	"[48227950.12339654 48229109.11957688 48230267.11576051 48231425.11194415
 48232584.10812449               nan               nan               nan
               nan               nan               nan               nan
               nan               nan               nan               nan
               nan               nan               nan               nan]"	0.0	0.0	0.0
4171.959555596736	2.0	trials	10.0	0.0	0.0	0.0	0.0	0.0	True	10.0	0.0	0.005	"[48294679.90347771 48295838.89965805 48296997.89583839 48298155.89202204
 48299314.88820236               nan               nan               nan
               nan               nan               nan               nan
               nan               nan               nan               nan
               nan               nan               nan               nan]"	0.0	0.0	0.0
4177.40748964222	2.0	trials	10.0	0.0	0.0	0.0	0.0	0.0	True	10.0	0.0	0.005	"[48357735.69566711 48358893.69185076 48360052.68803108 48361210.68421473
 48362369.68039507               nan               nan               nan
               nan               nan               nan               nan
               nan               nan               nan               nan
               nan               nan               nan               nan]"	0.0	0.0	0.0
4184.223476779071	2.0	trials	10.0	0.0	0.0	0.0	0.0	0.0	True	10.0	0.0	0.005	"[48436623.43567976 48437782.4318601  48438940.42804373 48440099.42422407
 48441258.42040442               nan               nan               nan
               nan               nan               nan               nan
               nan               nan               nan               nan
               nan               nan               nan               nan]"	0.0	0.0	0.0
4189.959208276074	2.0	trials	10.0	0.0	0.0	0.0	0.0	0.0	True	10.0	0.0	0.005	"[48503009.21689463 48504168.21307499 48505327.20925532 48506485.20543896
 48507644.2016193                nan               nan               nan
               nan               nan               nan               nan
               nan               nan               nan               nan
               nan               nan               nan               nan]"	0.0	0.0	0.0
4195.611477648138	2.0	trials	10.0	0.0	0.0	0.0	0.0	0.0	True	10.0	0.0	0.005	"[48568429.00129312 48569587.99747346 48570746.99365379 48571904.98983743
 48573062.98602107               nan               nan               nan
               nan               nan               nan               nan
               nan               nan               nan               nan
               nan               nan               nan               nan]"	0.0	0.0	0.0
4201.737390259238	2.0	trials	10.0	0.0	0.0	0.0	0.0	0.0	True	10.0	0.0	0.005	"[48639331.76762154 48640489.76380518 48641648.75998552 48642807.75616585
 48643964.75235279               nan               nan               nan
               nan               nan               nan               nan
               nan               nan               nan               nan
               nan               nan               nan               nan]"	0.0	0.0	0.0
4206.981593776148	2.0	trials	10.0	0.0	0.0	0.0	0.0	0.0	True	10.0	0.0	0.005	"[48700027.56758869 48701186.56376901 48702344.55995266 48703503.556133
 48704662.55231334               nan               nan               nan
               nan               nan               nan               nan
               nan               nan               nan               nan
               nan               nan               nan               nan]"	0.0	0.0	0.0
4213.377332697993	2.0	trials	10.0	0.0	0.0	0.0	0.0	0.0	True	10.0	0.0	0.005	"[48774052.32362808 48775211.31980842 48776370.31598876 48777528.3121724
 48778687.30835274               nan               nan               nan
               nan               nan               nan               nan
               nan               nan               nan               nan
               nan               nan               nan               nan]"	0.0	0.0	0.0
4220.388064793032	2.0	trials	10.0	0.0	0.0	0.0	0.0	0.0	True	10.0	0.0	0.005	"[48855196.05620575 48856355.05238608 48857513.04856972 48858671.04475335
 48859831.04093039               nan               nan               nan
               nan               nan               nan               nan
               nan               nan               nan               nan
               nan               nan               nan               nan]"	0.0	0.0	0.0
4226.787691702064	2.0	trials	10.0	0.0	0.0	0.0	0.0	0.0	True	10.0	0.0	0.005	"[48929263.81210343 48930423.80828047 48931581.8044641  48932740.80064445
 48933897.79683138               nan               nan               nan
               nan               nan               nan               nan
               nan               nan               nan               nan
               nan               nan               nan               nan]"	0.0	0.0	0.0
4233.255487986433	2.0	trials	10.0	0.0	0.0	0.0	0.0	0.0	True	10.0	0.0	0.005	"[49004124.56538767 49005283.56156799 49006441.55775163 49007599.55393527
 49008759.55011231               nan               nan               nan
               nan               nan               nan               nan
               nan               nan               nan               nan
               nan               nan               nan               nan]"	0.0	0.0	0.0
4240.191397928059	2.0	trials	10.0	0.0	0.0	0.0	0.0	0.0	True	10.0	0.0	0.005	"[49084400.30082594 49085560.29700299 49086718.29318663 49087877.28936696
 49089036.2855473                nan               nan               nan
               nan               nan               nan               nan
               nan               nan               nan               nan
               nan               nan               nan               nan]"	0.0	0.0	0.0
4245.993484406378	2.0	trials	10.0	0.0	0.0	0.0	0.0	0.0	True	10.0	0.0	0.005	"[49151554.07950976 49152712.07569341 49153872.07187044 49155030.06805407
 49156188.06423771               nan               nan               nan
               nan               nan               nan               nan
               nan               nan               nan               nan
               nan               nan               nan               nan]"	0.0	0.0	0.0
4252.935615127504	2.0	trials	10.0	0.0	0.0	0.0	0.0	0.0	True	10.0	0.0	0.005	"[49231902.81470747 49233061.81088781 49234219.80707143 49235379.80324849
 49236537.79943211               nan               nan               nan
               nan               nan               nan               nan
               nan               nan               nan               nan
               nan               nan               nan               nan]"	0.0	0.0	0.0
4258.809586168916	2.0	trials	10.0	0.0	0.0	0.0	0.0	0.0	True	10.0	0.0	0.005	"[49299890.59064271 49301047.58682964 49302207.58300669 49303364.57919362
 49304523.57537395               nan               nan               nan
               nan               nan               nan               nan
               nan               nan               nan               nan
               nan               nan               nan               nan]"	0.0	0.0	0.0
4264.497538623383	2.0	trials	10.0	0.0	0.0	0.0	0.0	0.0	True	10.0	0.0	0.005	"[49365721.37368667 49366880.36986701 49368039.36604736 49369197.36223099
 49370356.35841133               nan               nan               nan
               nan               nan               nan               nan
               nan               nan               nan               nan
               nan               nan               nan               nan]"	0.0	0.0	0.0
4270.207091006662	2.0	trials	10.0	0.0	0.0	0.0	0.0	0.0	True	10.0	0.0	0.005	"[49431805.15589685 49432963.15208048 49434122.14826082 49435281.14444117
 49436439.1406248                nan               nan               nan
               nan               nan               nan               nan
               nan               nan               nan               nan
               nan               nan               nan               nan]"	0.0	0.0	0.0
4275.735376787335	2.0	trials	10.0	0.0	0.0	0.0	0.0	0.0	True	10.0	0.0	0.005	"[49495788.94502789 49496948.94120493 49498106.93738855 49499265.93356889
 49500423.92975254               nan               nan               nan
               nan               nan               nan               nan
               nan               nan               nan               nan
               nan               nan               nan               nan]"	0.0	0.0	0.0
4281.087752747744	2.0	trials	10.0	0.0	0.0	0.0	0.0	0.0	True	10.0	0.0	0.005	"[49557737.74086557 49558896.73704591 49560054.73322955 49561213.72940987
 49562371.72559351               nan               nan               nan
               nan               nan               nan               nan
               nan               nan               nan               nan
               nan               nan               nan               nan]"	0.0	0.0	0.0
4287.58838092391	2.0	trials	10.0	0.0	0.0	0.0	0.0	0.0	True	10.0	0.0	0.005	"[49632977.49290075 49634135.48908439 49635294.48526473 49636452.48144835
 49637611.47762871               nan               nan               nan
               nan               nan               nan               nan
               nan               nan               nan               nan
               nan               nan               nan               nan]"	0.0	0.0	0.0
4292.985857535685	2.0	trials	10.0	0.0	0.0	0.0	0.0	0.0	True	10.0	0.0	0.005	"[49695448.28701811 49696606.28320174 49697764.27938538 49698923.27556571
 49700081.27174935               nan               nan               nan
               nan               nan               nan               nan
               nan               nan               nan               nan
               nan               nan               nan               nan]"	0.0	0.0	0.0
4300.0863589348755	2.0	trials	10.0	0.0	0.0	0.0	0.0	0.0	True	10.0	0.0	0.005	"[49777629.01617818 49778787.01236182 49779947.00853885 49781105.00472249
 49782263.00090613               nan               nan               nan
               nan               nan               nan               nan
               nan               nan               nan               nan
               nan               nan               nan               nan]"	0.0	0.0	0.0
4306.642282928806	2.0	trials	10.0	0.0	0.0	0.0	0.0	0.0	True	10.0	0.0	0.005	"[49853507.76610744 49854666.76228777 49855825.75846811 49856983.75465175
 49858141.7508354                nan               nan               nan
               nan               nan               nan               nan
               nan               nan               nan               nan
               nan               nan               nan               nan]"	0.0	0.0	0.0
4312.922851030215	2.0	trials	10.0	0.0	0.0	0.0	0.0	0.0	True	10.0	0.0	0.005	"[49926200.52653664 49927359.52271698 49928518.51889732 49929675.51508426
 49930834.51126458               nan               nan               nan
               nan               nan               nan               nan
               nan               nan               nan               nan
               nan               nan               nan               nan]"	0.0	0.0	0.0
4333.561064613763	2.0	trials	11.0	0.0	0.0	0.0	0.0	0.0	True	20.0	0.0	0.005	"[50165068.73930766 50165648.7373962  50166227.735488   50166806.73357983
 50167386.73166836 50167964.72976347 50168544.72785198 50169123.7259438
 50169702.72403562 50170282.72212414               nan               nan
               nan               nan               nan               nan
               nan               nan               nan               nan]"	0.0	0.0	0.0
4340.049078431502	2.0	trials	11.0	0.0	0.0	0.0	0.0	0.0	True	20.0	0.0	0.005	"[50240160.49183061 50240740.48991914 50241319.48801094 50241898.48610276
 50242477.48419458 50243057.48228312 50243636.48037492 50244215.47846674
 50244794.47655857 50245373.47465038               nan               nan
               nan               nan               nan               nan
               nan               nan               nan               nan]"	0.0	0.0	0.0
4345.849264116085	2.0	trials	11.0	0.0	0.0	0.0	0.0	0.0	True	20.0	0.0	0.005	"[50307293.27058364 50307872.26867546 50308450.26677057 50309030.26485909
 50309610.26294762 50310189.26103944 50310768.25913125 50311348.25721977
 50311927.25531159 50312505.2534067                nan               nan
               nan               nan               nan               nan
               nan               nan               nan               nan]"	0.0	0.0	0.0
4352.539280468093	2.0	trials	11.0	0.0	0.0	0.0	0.0	0.0	True	20.0	0.0	0.005	"[50384724.01539806 50385302.01349316 50385882.01158167 50386461.0096735
 50387041.00776203 50387620.00585385 50388199.00394566 50388778.00203748
 50389358.000126   50389936.99821781               nan               nan
               nan               nan               nan               nan
               nan               nan               nan               nan]"	0.0	0.0	0.0
4358.721612093255	2.0	trials	11.0	0.0	0.0	0.0	0.0	0.0	True	20.0	0.0	0.005	"[50456277.779581   50456858.77766623 50457437.77575804 50458016.77384987
 50458594.77194498 50459175.77003021 50459753.76812532 50460333.76621385
 50460913.76430237 50461491.76239748               nan               nan
               nan               nan               nan               nan
               nan               nan               nan               nan]"	0.0	0.0	0.0
4365.551682383693	2.0	trials	11.0	0.0	0.0	0.0	0.0	0.0	True	20.0	0.0	0.005	"[50535329.51905316 50535909.51714169 50536487.5152368  50537067.51332533
 50537646.51141714 50538225.50950895 50538805.50759748 50539384.50568929
 50539963.50378112 50540543.50186963               nan               nan
               nan               nan               nan               nan
               nan               nan               nan               nan]"	0.0	0.0	0.0
4371.891779888914	2.0	trials	11.0	0.0	0.0	0.0	0.0	0.0	True	20.0	0.0	0.005	"[50608710.27721496 50609290.27530349 50609869.27339531 50610448.27148711
 50611027.26957893 50611607.26766746 50612186.26575927 50612766.26384781
 50613344.26194292 50613924.26003145               nan               nan
               nan               nan               nan               nan
               nan               nan               nan               nan]"	0.0	0.0	0.0
4378.741549314431	2.0	trials	11.0	0.0	0.0	0.0	0.0	0.0	True	20.0	0.0	0.005	"[50687991.01593242 50688570.01402424 50689150.01211275 50689729.01020457
 50690307.00829969 50690886.0063915  50691467.00447673 50692046.00256855
 50692625.00066037 50693203.99875218               nan               nan
               nan               nan               nan               nan
               nan               nan               nan               nan]"	0.0	0.0	0.0
4385.812502011004	2.0	trials	11.0	0.0	0.0	0.0	0.0	0.0	True	20.0	0.0	0.005	"[50769829.7462196  50770408.74431141 50770987.74240324 50771567.74049175
 50772147.73858028 50772726.7366721  50773305.73476391 50773885.73285244
 50774463.73094755 50775042.72903937               nan               nan
               nan               nan               nan               nan
               nan               nan               nan               nan]"	0.0	0.0	0.0
4391.563007859314	2.0	trials	11.0	0.0	0.0	0.0	0.0	0.0	True	20.0	0.0	0.005	"[50836387.52686763 50836966.52495944 50837545.52305126 50838125.52113979
 50838704.51923161 50839283.51732341 50839863.51541194 50840442.51350376
 50841021.51159558 50841601.5096841                nan               nan
               nan               nan               nan               nan
               nan               nan               nan               nan]"	0.0	0.0	0.0
4397.196614892883	2.0	trials	11.0	0.0	0.0	0.0	0.0	0.0	True	20.0	0.0	0.005	"[50901590.31198125 50902169.31007308 50902749.30816159 50903329.30625013
 50903908.30434195 50904487.30243377 50905067.30052228 50905646.2986141
 50906225.29670592 50906805.29479444               nan               nan
               nan               nan               nan               nan
               nan               nan               nan               nan]"	0.0	0.0	0.0
4403.9238695221675	2.0	trials	11.0	0.0	0.0	0.0	0.0	0.0	True	20.0	0.0	0.005	"[50979452.05537524 50980032.05346377 50980611.0515556  50981190.04964741
 50981769.04773922 50982348.04583105 50982927.04392286 50983507.04201137
 50984086.0401032  50984666.03819173               nan               nan
               nan               nan               nan               nan
               nan               nan               nan               nan]"	0.0	0.0	0.0
4410.72689670173	2.0	trials	11.0	0.0	0.0	0.0	0.0	0.0	True	20.0	0.0	0.005	"[51058191.79587565 51058770.79396746 51059350.79205599 51059929.79014781
 51060508.78823964 51061087.78633144 51061666.78442325 51062245.78251508
 51062825.7806036  51063405.77869213               nan               nan
               nan               nan               nan               nan
               nan               nan               nan               nan]"	0.0	0.0	0.0
4417.0869525411745	2.0	trials	11.0	0.0	0.0	0.0	0.0	0.0	True	20.0	0.0	0.005	"[51131803.55327616 51132381.55137127 51132960.54946309 51133540.5475516
 51134120.54564013 51134699.54373195 51135277.54182707 51135857.53991558
 51136437.53800412 51137015.53609923               nan               nan
               nan               nan               nan               nan
               nan               nan               nan               nan]"	0.0	0.0	0.0
4423.713637901899	2.0	trials	11.0	0.0	0.0	0.0	0.0	0.0	True	20.0	0.0	0.005	"[51208500.30050957 51209079.2986014  51209659.29668991 51210237.29478502
 51210818.29287025 51211397.29096207 51211976.28905389 51212555.2871457
 51213135.28523423 51213714.28332604               nan               nan
               nan               nan               nan               nan
               nan               nan               nan               nan]"	0.0	0.0	0.0
4430.523577058683	2.0	trials	11.0	0.0	0.0	0.0	0.0	0.0	True	20.0	0.0	0.005	"[51287319.04074962 51287899.03883814 51288478.03692997 51289058.03501848
 51289636.03311361 51290216.03120212 51290795.02929393 51291375.02738246
 51291955.02547099 51292532.02356938               nan               nan
               nan               nan               nan               nan
               nan               nan               nan               nan]"	0.0	0.0	0.0
4436.221033481826	2.0	trials	11.0	0.0	0.0	0.0	0.0	0.0	True	20.0	0.0	0.005	"[51353261.82342447 51353841.821513   51354421.81960152 51354999.81769663
 51355579.81578516 51356158.81387698 51356738.81196549 51357316.8100606
 51357896.80814913 51358476.80623765               nan               nan
               nan               nan               nan               nan
               nan               nan               nan               nan]"	0.0	0.0	0.0
4442.521300718314	2.0	trials	11.0	0.0	0.0	0.0	0.0	0.0	True	20.0	0.0	0.005	"[51426181.58310557 51426760.58119739 51427340.57928591 51427919.57737772
 51428498.57546954 51429077.57356136 51429656.57165318 51430236.5697417
 51430816.56783023 51431395.56592204               nan               nan
               nan               nan               nan               nan
               nan               nan               nan               nan]"	0.0	0.0	0.0
4447.838771193761	2.0	trials	11.0	0.0	0.0	0.0	0.0	0.0	True	20.0	0.0	0.005	"[51487726.38027471 51488305.37836652 51488885.37645503 51489464.37454686
 51490043.37263868 51490623.3707272  51491203.36881573 51491782.36690754
 51492360.36500265 51492940.36309117               nan               nan
               nan               nan               nan               nan
               nan               nan               nan               nan]"	0.0	0.0	0.0
4454.484896490419	2.0	trials	11.0	0.0	0.0	0.0	0.0	0.0	True	20.0	0.0	0.005	"[51564650.12676    51565228.12485512 51565807.12294693 51566387.12103546
 51566966.11912727 51567546.1172158  51568125.11530761 51568704.11339944
 51569283.11149125 51569863.10957978               nan               nan
               nan               nan               nan               nan
               nan               nan               nan               nan]"	0.0	0.0	0.0
4461.083501943685	2.0	trials	11.0	0.0	0.0	0.0	0.0	0.0	True	20.0	0.0	0.005	"[51641021.87506451 51641600.87315633 51642180.87124484 51642760.86933337
 51643338.86742848 51643918.86551701 51644497.86360882 51645076.86170065
 51645655.85979246 51646235.85788097               nan               nan
               nan               nan               nan               nan
               nan               nan               nan               nan]"	0.0	0.0	0.0
4467.295123072319	2.0	trials	11.0	0.0	0.0	0.0	0.0	0.0	True	20.0	0.0	0.005	"[51712916.63812365 51713496.63621217 51714075.63430399 51714654.63239581
 51715233.63048761 51715812.62857944 51716392.62666797 51716971.62475978
 51717550.6228516  51718129.62094342               nan               nan
               nan               nan               nan               nan
               nan               nan               nan               nan]"	0.0	0.0	0.0
4472.833604019392	2.0	trials	11.0	0.0	0.0	0.0	0.0	0.0	True	20.0	0.0	0.005	"[51777019.4268625  51777598.42495432 51778177.42304614 51778755.42114125
 51779335.41922977 51779914.41732159 51780494.41541011 51781073.41350193
 51781653.41159045 51782231.40968556               nan               nan
               nan               nan               nan               nan
               nan               nan               nan               nan]"	0.0	0.0	0.0
4479.782733117453	2.0	trials	11.0	0.0	0.0	0.0	0.0	0.0	True	20.0	0.0	0.005	"[51857449.16179325 51858028.15988507 51858608.15797359 51859187.15606541
 51859766.15415723 51860346.15224575 51860925.15033756 51861504.14842938
 51862083.1465212  51862662.14461302               nan               nan
               nan               nan               nan               nan
               nan               nan               nan               nan]"	0.0	0.0	0.0
4485.0250358406265	2.0	trials	11.0	0.0	0.0	0.0	0.0	0.0	True	20.0	0.0	0.005	"[51918122.96183289 51918701.95992471 51919281.95801323 51919861.95610176
 51920440.95419358 51921019.95228539 51921598.9503772  51922178.94846573
 51922756.94656084 51923336.94464936               nan               nan
               nan               nan               nan               nan
               nan               nan               nan               nan]"	0.0	0.0	0.0
4491.201665084583	2.0	trials	11.0	0.0	0.0	0.0	0.0	0.0	True	20.0	0.0	0.005	"[51989611.72623007 51990190.72432189 51990771.7224071  51991349.72050223
 51991928.71859404 51992507.71668585 51993087.71477439 51993666.71286621
 51994246.71095473 51994826.70904324               nan               nan
               nan               nan               nan               nan
               nan               nan               nan               nan]"	0.0	0.0	0.0
4497.7454931183765	2.0	trials	11.0	0.0	0.0	0.0	0.0	0.0	True	20.0	0.0	0.005	"[52065351.47661743 52065929.47471254 52066509.47280105 52067089.47088958
 52067667.46898469 52068246.46707652 52068826.46516503 52069406.46325357
 52069984.46134868 52070564.45943718               nan               nan
               nan               nan               nan               nan
               nan               nan               nan               nan]"	0.0	0.0	0.0
4503.61307058086	2.0	trials	11.0	0.0	0.0	0.0	0.0	0.0	True	20.0	0.0	0.005	"[52133263.25280314 52133841.25089825 52134421.24898678 52135000.2470786
 52135580.24516712 52136159.24325893 52136739.24134745 52137317.23944257
 52137896.23753438 52138476.23562291               nan               nan
               nan               nan               nan               nan
               nan               nan               nan               nan]"	0.0	0.0	0.0
4510.183423327238	2.0	trials	11.0	0.0	0.0	0.0	0.0	0.0	True	20.0	0.0	0.005	"[52209309.00218203 52209888.00027385 52210466.99836566 52211045.99645748
 52211624.9945493  52212204.99263782 52212784.99072634 52213362.98882146
 52213941.98691328 52214520.9850051                nan               nan
               nan               nan               nan               nan
               nan               nan               nan               nan]"	0.0	0.0	0.0
4515.368875037773	2.0	trials	11.0	0.0	0.0	0.0	0.0	0.0	True	20.0	0.0	0.005	"[52269325.80438691 52269904.80247873 52270483.80057056 52271062.79866237
 52271642.79675088 52272221.79484271 52272801.79293122 52273380.79102305
 52273959.78911486 52274538.78720669               nan               nan
               nan               nan               nan               nan
               nan               nan               nan               nan]"	0.0	0.0	0.0
4542.354530102339	2.0	trials	0.0	0.0	0.0	0.0	0.0	0.0	False	0.0	0.0	0.0	"[nan nan nan nan nan nan nan nan nan nan nan nan nan nan nan nan nan nan
 nan nan]"	0.0	0.0	0.0
4547.850675188935	2.0	trials	0.0	0.0	0.0	0.0	0.0	0.0	False	0.0	0.0	0.0	"[nan nan nan nan nan nan nan nan nan nan nan nan nan nan nan nan nan nan
 nan nan]"	0.0	0.0	0.0
4554.336356214363	2.0	trials	0.0	0.0	0.0	0.0	0.0	0.0	False	0.0	0.0	0.0	"[nan nan nan nan nan nan nan nan nan nan nan nan nan nan nan nan nan nan
 nan nan]"	0.0	0.0	0.0
4590.798332048235	2.0	trials	0.0	0.0	0.0	0.0	0.0	0.0	False	0.0	0.0	0.0	"[nan nan nan nan nan nan nan nan nan nan nan nan nan nan nan nan nan nan
 nan nan]"	0.0	0.0	0.0
4665.63163102343	2.0	trials	0.0	0.0	0.0	0.0	0.0	0.0	True	0.0	0.0	0.0	"[nan nan nan nan nan nan nan nan nan nan nan nan nan nan nan nan nan nan
 nan nan]"	0.0	0.0	0.0
4742.720912963679	2.0	trials	12.0	0.0	0.0	0.0	0.0	0.0	True	1.0	0.0	1.0	"[52787841.09553561               nan               nan               nan
               nan               nan               nan               nan
               nan               nan               nan               nan
               nan               nan               nan               nan
               nan               nan               nan               nan]"	0.0	0.0	0.0
4749.75894736874	2.0	trials	12.0	0.0	0.0	0.0	0.0	0.0	True	1.0	0.0	1.0	"[52797282.06442136               nan               nan               nan
               nan               nan               nan               nan
               nan               nan               nan               nan
               nan               nan               nan               nan
               nan               nan               nan               nan]"	0.0	0.0	0.0
4755.009630864294	2.0	trials	12.0	0.0	0.0	0.0	0.0	0.0	True	1.0	0.0	1.0	"[52797284.06441476               nan               nan               nan
               nan               nan               nan               nan
               nan               nan               nan               nan
               nan               nan               nan               nan
               nan               nan               nan               nan]"	0.0	0.0	0.0
4761.629663446944	2.0	trials	12.0	0.0	0.0	0.0	0.0	0.0	True	1.0	0.0	1.0	"[52797286.06440817               nan               nan               nan
               nan               nan               nan               nan
               nan               nan               nan               nan
               nan               nan               nan               nan
               nan               nan               nan               nan]"	0.0	0.0	0.0
4767.710993804972	2.0	trials	12.0	0.0	0.0	0.0	0.0	0.0	True	1.0	0.0	1.0	"[52854835.87474342               nan               nan               nan
               nan               nan               nan               nan
               nan               nan               nan               nan
               nan               nan               nan               nan
               nan               nan               nan               nan]"	0.0	0.0	0.0
4773.837252014932	2.0	trials	12.0	0.0	0.0	0.0	0.0	0.0	True	1.0	0.0	1.0	"[52854840.87472695               nan               nan               nan
               nan               nan               nan               nan
               nan               nan               nan               nan
               nan               nan               nan               nan
               nan               nan               nan               nan]"	0.0	0.0	0.0
4780.74292205622	2.0	trials	12.0	0.0	0.0	0.0	0.0	0.0	True	1.0	0.0	1.0	"[52854843.87471706               nan               nan               nan
               nan               nan               nan               nan
               nan               nan               nan               nan
               nan               nan               nan               nan
               nan               nan               nan               nan]"	0.0	0.0	0.0
4785.895628274673	2.0	trials	12.0	0.0	0.0	0.0	0.0	0.0	True	1.0	0.0	1.0	"[52854856.87467421               nan               nan               nan
               nan               nan               nan               nan
               nan               nan               nan               nan
               nan               nan               nan               nan
               nan               nan               nan               nan]"	0.0	0.0	0.0
4791.711365908002	2.0	trials	12.0	0.0	0.0	0.0	0.0	0.0	True	1.0	0.0	1.0	"[52864283.84360611               nan               nan               nan
               nan               nan               nan               nan
               nan               nan               nan               nan
               nan               nan               nan               nan
               nan               nan               nan               nan]"	0.0	0.0	0.0
4797.532028325102	2.0	trials	12.0	0.0	0.0	0.0	0.0	0.0	True	1.0	0.0	1.0	"[52864286.84359622               nan               nan               nan
               nan               nan               nan               nan
               nan               nan               nan               nan
               nan               nan               nan               nan
               nan               nan               nan               nan]"	0.0	0.0	0.0
4802.931405730612	2.0	trials	12.0	0.0	0.0	0.0	0.0	0.0	True	1.0	0.0	1.0	"[52931787.62113645               nan               nan               nan
               nan               nan               nan               nan
               nan               nan               nan               nan
               nan               nan               nan               nan
               nan               nan               nan               nan]"	0.0	0.0	0.0
4809.632913244749	2.0	trials	12.0	0.0	0.0	0.0	0.0	0.0	True	1.0	0.0	1.0	"[52931797.6211035              nan              nan              nan
              nan              nan              nan              nan
              nan              nan              nan              nan
              nan              nan              nan              nan
              nan              nan              nan              nan]"	0.0	0.0	0.0
4815.53695138707	2.0	trials	12.0	0.0	0.0	0.0	0.0	0.0	True	1.0	0.0	1.0	"[52941241.58997936               nan               nan               nan
               nan               nan               nan               nan
               nan               nan               nan               nan
               nan               nan               nan               nan
               nan               nan               nan               nan]"	0.0	0.0	0.0
4821.261018922513	2.0	trials	12.0	0.0	0.0	0.0	0.0	0.0	True	1.0	0.0	1.0	"[52941245.58996619               nan               nan               nan
               nan               nan               nan               nan
               nan               nan               nan               nan
               nan               nan               nan               nan
               nan               nan               nan               nan]"	0.0	0.0	0.0
4827.357037232135	2.0	trials	12.0	0.0	0.0	0.0	0.0	0.0	True	1.0	0.0	1.0	"[53003666.38424832               nan               nan               nan
               nan               nan               nan               nan
               nan               nan               nan               nan
               nan               nan               nan               nan
               nan               nan               nan               nan]"	0.0	0.0	0.0
4834.443196278592	2.0	trials	12.0	0.0	0.0	0.0	0.0	0.0	True	1.0	0.0	1.0	"[53003671.38423185               nan               nan               nan
               nan               nan               nan               nan
               nan               nan               nan               nan
               nan               nan               nan               nan
               nan               nan               nan               nan]"	0.0	0.0	0.0
4840.589844821353	2.0	trials	12.0	0.0	0.0	0.0	0.0	0.0	True	1.0	0.0	1.0	"[53013115.35310771               nan               nan               nan
               nan               nan               nan               nan
               nan               nan               nan               nan
               nan               nan               nan               nan
               nan               nan               nan               nan]"	0.0	0.0	0.0
4846.095493876628	2.0	trials	12.0	0.0	0.0	0.0	0.0	0.0	True	1.0	0.0	1.0	"[53013118.35309783               nan               nan               nan
               nan               nan               nan               nan
               nan               nan               nan               nan
               nan               nan               nan               nan
               nan               nan               nan               nan]"	0.0	0.0	0.0
4851.879177215598	2.0	trials	12.0	0.0	0.0	0.0	0.0	0.0	True	1.0	0.0	1.0	"[53081922.12634382               nan               nan               nan
               nan               nan               nan               nan
               nan               nan               nan               nan
               nan               nan               nan               nan
               nan               nan               nan               nan]"	0.0	0.0	0.0
4857.015121889292	2.0	trials	12.0	0.0	0.0	0.0	0.0	0.0	True	1.0	0.0	1.0	"[53081927.12632734               nan               nan               nan
               nan               nan               nan               nan
               nan               nan               nan               nan
               nan               nan               nan               nan
               nan               nan               nan               nan]"	0.0	0.0	0.0
4862.523881334316	2.0	trials	12.0	0.0	0.0	0.0	0.0	0.0	True	1.0	0.0	1.0	"[53081932.12631086               nan               nan               nan
               nan               nan               nan               nan
               nan               nan               nan               nan
               nan               nan               nan               nan
               nan               nan               nan               nan]"	0.0	0.0	0.0
4868.385324417017	2.0	trials	12.0	0.0	0.0	0.0	0.0	0.0	True	1.0	0.0	1.0	"[53081935.12630097               nan               nan               nan
               nan               nan               nan               nan
               nan               nan               nan               nan
               nan               nan               nan               nan
               nan               nan               nan               nan]"	0.0	0.0	0.0
4875.297042438371	2.0	trials	12.0	0.0	0.0	0.0	0.0	0.0	True	1.0	0.0	1.0	"[53091380.09517355               nan               nan               nan
               nan               nan               nan               nan
               nan               nan               nan               nan
               nan               nan               nan               nan
               nan               nan               nan               nan]"	0.0	0.0	0.0
4880.661082360341	2.0	trials	12.0	0.0	0.0	0.0	0.0	0.0	True	1.0	0.0	1.0	"[53091383.09516366               nan               nan               nan
               nan               nan               nan               nan
               nan               nan               nan               nan
               nan               nan               nan               nan
               nan               nan               nan               nan]"	0.0	0.0	0.0
4886.3131789329755	2.0	trials	12.0	0.0	0.0	0.0	0.0	0.0	True	1.0	0.0	1.0	"[53091386.09515378               nan               nan               nan
               nan               nan               nan               nan
               nan               nan               nan               nan
               nan               nan               nan               nan
               nan               nan               nan               nan]"	0.0	0.0	0.0
4893.3514725371815	2.0	trials	12.0	0.0	0.0	0.0	0.0	0.0	True	1.0	0.0	1.0	"[53152835.89263599               nan               nan               nan
               nan               nan               nan               nan
               nan               nan               nan               nan
               nan               nan               nan               nan
               nan               nan               nan               nan]"	0.0	0.0	0.0
4898.661599036832	2.0	trials	12.0	0.0	0.0	0.0	0.0	0.0	True	1.0	0.0	1.0	"[53152837.8926294              nan              nan              nan
              nan              nan              nan              nan
              nan              nan              nan              nan
              nan              nan              nan              nan
              nan              nan              nan              nan]"	0.0	0.0	0.0
4904.639249736552	2.0	trials	12.0	0.0	0.0	0.0	0.0	0.0	True	1.0	0.0	1.0	"[53152840.89261951               nan               nan               nan
               nan               nan               nan               nan
               nan               nan               nan               nan
               nan               nan               nan               nan
               nan               nan               nan               nan]"	0.0	0.0	0.0
4910.091676567229	2.0	trials	12.0	0.0	0.0	0.0	0.0	0.0	True	1.0	0.0	1.0	"[53215951.68462765               nan               nan               nan
               nan               nan               nan               nan
               nan               nan               nan               nan
               nan               nan               nan               nan
               nan               nan               nan               nan]"	0.0	0.0	0.0
4916.733222678979	2.0	trials	12.0	0.0	0.0	0.0	0.0	0.0	True	1.0	0.0	1.0	"[53225405.65347056               nan               nan               nan
               nan               nan               nan               nan
               nan               nan               nan               nan
               nan               nan               nan               nan
               nan               nan               nan               nan]"	0.0	0.0	0.0
